frame,kp_0_x,kp_0_y,kp_0_conf,kp_1_x,kp_1_y,kp_1_conf,kp_2_x,kp_2_y,kp_2_conf,kp_3_x,kp_3_y,kp_3_conf,kp_4_x,kp_4_y,kp_4_conf,kp_5_x,kp_5_y,kp_5_conf,kp_6_x,kp_6_y,kp_6_conf,kp_7_x,kp_7_y,kp_7_conf,kp_8_x,kp_8_y,kp_8_conf,kp_9_x,kp_9_y,kp_9_conf,kp_10_x,kp_10_y,kp_10_conf,kp_11_x,kp_11_y,kp_11_conf,kp_12_x,kp_12_y,kp_12_conf,kp_13_x,kp_13_y,kp_13_conf,kp_14_x,kp_14_y,kp_14_conf,kp_15_x,kp_15_y,kp_15_conf,kp_16_x,kp_16_y,kp_16_conf
0.0,676.30927,313.8371,0.94105756,675.6377,300.30237,0.7381791,659.6277,304.4967,0.9438051,657.85034,308.61633,0.20494294,616.6799,320.51636,0.91744184,689.5337,392.84302,0.9517492,572.34,413.12756,0.9652235,716.8101,503.45117,0.6496106,556.0653,537.7698,0.7684351,728.5512,579.80286,0.42538685,592.47546,582.9873,0.57635754,681.116,579.8558,0.3493899,607.7036,591.6295,0.3596304,681.55566,598.0282,0.026270121,620.5143,609.39136,0.027976424,598.6797,633.2113,0.00548023,631.6888,632.2864,0.005442649
1.0,676.3577959336939,313.6525958024081,0.9401843117787978,675.621187703118,300.1533312652091,0.7351873960398361,659.6910624100428,304.3337173454483,0.943026298838183,657.6992064895428,308.6208383215425,0.20350696217309058,616.7384079951294,320.51257118836025,0.9168865058631667,689.4807841451274,393.01590274650465,0.9512364353477921,572.2700891390703,413.27475897529274,0.9648002186996206,716.6561339885333,503.91567284240233,0.6468455871978014,556.098361024645,538.1930904080997,0.7661209466752126,728.1877108833106,580.074907604999,0.4220316842463075,592.9938167924646,582.9801049009726,0.5731413580579006,681.023966486491,580.060842106841,0.34747627689031285,607.5932144301108,591.8283215338845,0.35760302146391715,681.7189978556429,598.3132716450107,0.026199820328641887,620.819408629644,609.5786966986014,0.027897464618964193,598.5829760105427,633.7051570248902,0.005486690106000195,631.7906789591402,632.5687757598056,0.005448620567883954
2.0,676.4350023488994,313.4388600451992,0.9408871999505473,676.0123440501794,300.0063046216227,0.7393906341141452,659.8364649367733,303.92472948531594,0.9436994985588041,658.3941684806459,308.39177225321987,0.20538084799951442,616.7621401243268,319.6224631380195,0.9165803775858626,689.5246792983701,392.889726277602,0.9508372391232734,572.7940588192639,412.802494758045,0.9643051649410267,716.9495824824717,503.1154124056586,0.6445197364681646,556.8653935000768,537.6069627852224,0.7627586839247086,728.3791759636671,579.79293714721,0.4204761372039692,591.4643517506745,583.0052459110599,0.5698466538013511,681.4566143924291,579.8963034395264,0.3491687983799462,608.3784803501931,591.3992017395052,0.3588530115573632,682.0298537024605,599.7341680876846,0.026747791145504393,621.1651853401953,610.4442717349191,0.028429626750068875,599.7976070400285,635.1962610557008,0.005622670625854758,632.2453148284195,633.5103468144084,0.005580366697623025
3.0,676.696408512683,313.29444850466535,0.941718057913323,676.3925266605457,299.8299016164166,0.7422877707197872,660.1406951628666,303.63289328629133,0.9442822198866405,658.7846566170563,308.09558506405784,0.2069196788042148,616.9395031307129,319.0196279822089,0.9169688348507258,689.5138533423892,392.785875368091,0.9518221954220497,573.0646439427333,412.5043960547254,0.9645183869420021,717.0694378441248,502.70575322179076,0.65046654408578,557.1960017483527,537.1702076067397,0.7635879640987223,728.9738392793612,579.736299132177,0.4265080455163188,590.8926413187367,582.9894099590518,0.571943661131524,681.6903385013453,579.7760607722444,0.3552183083927345,608.8039377985858,591.1791967069618,0.363025916474317,682.1501431937461,600.6486483719591,0.02731531630262907,620.9941073266526,611.1998861031094,0.028797497115468276,600.4043278954351,636.0981356778957,0.0056855061392820806,632.2265575128255,634.3416545163033,0.005610428067458605
4.0,676.9180418607959,313.46948468981236,0.9422606141008132,676.6117867637511,299.8466779817997,0.7443903107533727,660.3601343744343,303.8574956438613,0.9447453675901134,659.1509913679175,307.7422843135765,0.20863665621475616,617.322021616229,319.0439033744581,0.9174340362798307,689.6476560402874,392.36262250700236,0.9523881759210373,573.5315246567296,412.4499396111572,0.9650408532604693,717.0108989890276,502.07492009232817,0.6527808976280778,556.85743946854,536.5770484443912,0.7653767409673689,729.5425358747783,579.648518141574,0.4280564790610698,588.1601861955083,582.4755738008857,0.573649309942319,681.6988321700594,579.3603961721444,0.36042563597749033,609.106994037965,590.9964483944354,0.3684857867527598,682.1916339149703,601.4086069644768,0.027724106725947637,621.0581695903976,612.7903097618331,0.029258874906112252,600.0157200273,636.2867137077043,0.005726764816118242,632.0266399587647,635.8204148242306,0.005654031917516937
5.0,676.9847742267675,313.73523342867946,0.9431110815627332,676.7097395798362,300.0054826188835,0.7482260018749035,660.3885619638797,304.18313759777993,0.9455448207821103,659.5197532237562,307.65164999142917,0.21152935857171395,617.5354942501189,319.27591302601314,0.9178164222745957,689.764172062072,392.1689875383665,0.9527232471662963,573.7770810861317,412.48382821290534,0.96546882180705,716.9288683876206,501.85724851809084,0.6527740394596833,556.6121453633539,536.226036156655,0.7662176395565171,729.9597167004646,579.5500052521274,0.4279523319694425,587.4042809585719,581.9869594726852,0.5742940428427271,681.4732989323683,578.9730913054475,0.3617562497194598,609.0437192186657,590.8087452019962,0.3704060741813908,681.9145610586083,601.1657703133037,0.02791454854705695,621.1535252480198,613.280702540194,0.029536259562267703,599.4095273124208,635.4987468228175,0.005771471061414525,631.9919464453781,636.165433285434,0.005707426431051866
6.0,676.8735087781812,313.86878290102777,0.9439139718872609,676.7813926556009,300.1002998790324,0.7524976399941935,660.3029756858753,304.2123045961346,0.9462216582131296,659.9427358533487,307.63936416072545,0.21491780221970055,617.5743745166453,319.07119754086034,0.9175857156666417,689.9059688973251,392.1654248480165,0.9528349168504497,573.7438175558344,412.3681741157555,0.9656366633012816,716.8264418204659,501.9934642993907,0.651620095033679,556.4404211028068,536.3391564086936,0.7657724018944236,729.6776695887914,579.5715569246238,0.4272464841274416,587.4027769153608,581.9220845106943,0.573765865264084,681.334522204558,578.9957622877787,0.36080170442143794,608.8426866819206,590.7901936752951,0.3698478129178494,681.7761533586579,601.2591969796486,0.027919736781355946,621.2519269437493,613.3659859232633,0.02960759228384683,599.0509577052383,635.409716629152,0.005790450624456172,632.2096067546669,636.19768248628,0.0057379685057442256
7.0,676.819711054702,314.0087754604641,0.9437182861057446,676.8809266202513,300.20895678845113,0.7530321933878262,660.3645521558104,304.19868342708446,0.9460234524346743,660.2527482179638,307.56207989172736,0.21656821489790373,617.7386629543346,318.6568778825205,0.9166805684906916,690.1532168696556,392.14762485659713,0.9522439185802901,573.6871909206629,412.12932862337544,0.9656148637116589,716.8605628799038,502.5559962070295,0.6467362694620157,556.3772263833849,536.7352618747955,0.7648359414869166,729.1766477539268,579.781936241589,0.42273007656529693,587.320122035185,581.7121999195133,0.5721521703301584,681.6235382082411,579.1992317214449,0.3565857213584341,609.0028978441093,590.87374065803,0.3672943607420005,682.1571929298162,601.4327646852635,0.027600353110400815,621.7474460626838,613.2684109407455,0.029498818671367704,598.9856212138969,635.56499714241,0.005759260703351021,633.2199750352618,636.2013026392927,0.005744425120153698
8.0,676.9811127956729,314.4385663171797,0.9429069161876963,676.9512352394352,300.52972432794473,0.750429831719446,660.5980304163083,304.62445756305107,0.9457887752431765,660.2978515685488,307.43877057627935,0.21572927370993566,618.0565727371886,318.71470575548216,0.9163674188979634,690.5512312415813,392.02617828127825,0.9503091208604054,573.8372829231265,411.8608009623308,0.9656912319722175,717.1341673192472,503.5783089380183,0.6320213728772525,556.5316619332051,536.8193537555678,0.7643538394475701,729.1621861904503,580.0390422642321,0.4085789594794027,587.875049123799,580.8763652912119,0.5691283076730163,682.1699362941606,579.0667642806886,0.345307912010892,609.5163450798702,590.7219985700268,0.36149021594442715,682.6975211833093,600.8717011528402,0.026650525974529913,622.7570247921273,612.7704192347106,0.029172603425161706,598.5830154160361,634.6233909298319,0.005658237568307712,634.9539974512726,635.7143981925188,0.005744566256219024
9.0,677.1061258138528,314.96690611418336,0.9432396548765373,676.9229955979027,300.8373726827606,0.7514116263381598,660.6538791913807,305.2243771365503,0.9471064228306149,660.3170413990858,307.1703925134056,0.21503656588554237,618.1751336566026,319.05319710799466,0.9176466715330328,691.0234639232802,391.68576776787154,0.9478938940507944,574.1574398491041,411.5410096670305,0.9660628486183104,717.3611177428049,504.1290571399904,0.6117438901775348,556.400835415927,536.3179593720698,0.7644950896367687,729.2057571179932,579.990908301968,0.3891882375657928,587.3016802628458,580.0345514635459,0.5655060157086428,682.4896101245918,578.7023447220266,0.3320028325826199,609.8776888371553,590.389341769421,0.3558951007026336,683.004618369994,601.1382512726622,0.025419839827781746,623.727632528872,613.2432613732013,0.028799953171740035,597.5662506578491,634.1761677272896,0.00550517682301826,636.0035786243236,635.8699452577314,0.005728668029774566
10.0,677.1289278092739,314.8844657034258,0.9447521412319303,676.9517551234123,300.72047942312105,0.7561882458552939,660.6131860166458,305.0739641446118,0.9483556309011149,660.3202150241096,307.09870354087826,0.21677123774762527,617.9942469778872,318.9356800328352,0.9187234068848535,690.9390938886179,391.70718189729445,0.9491765428439668,573.9055376786042,411.59265741960195,0.9663812227692353,717.4807323053587,504.25867652181984,0.6176538180901178,556.1549007052294,536.7119953657606,0.7652865520555437,729.8721543516434,579.6216027080955,0.39539490046357445,589.0585807518004,579.6220641247874,0.5683449710077402,682.6807162008446,578.952169164952,0.33267722257904225,609.9576951158014,590.7178656400928,0.354522908084187,683.3562336998347,600.8831455432895,0.025329289800165064,624.1105793001343,612.9151407660406,0.02846274339049115,598.2739905271555,634.3300264615852,0.005442905603922202,636.4221248889454,635.6267332011099,0.0056297928588545775
11.0,677.1205435266115,315.2451296805909,0.945864909040111,677.0042031673621,300.90637192638735,0.7602039883727933,660.5435620350004,305.3370615870401,0.9497716848687938,660.579332104495,306.83076574499273,0.21832814149399482,617.8079713680447,318.79384669953583,0.9197459208464358,691.1166584695238,391.65044371364064,0.9486914181521016,573.8560646892778,411.75770819934627,0.9668736682637844,717.6021227702589,504.78831519199593,0.6104997234326288,555.8309283908544,537.5641424535227,0.7657754630167425,729.8640636253638,580.0452608276536,0.38893253248480386,588.4953452522084,580.1631292412997,0.5675565920499189,682.914410214589,579.809111443391,0.32871834596868466,610.2086625777395,591.660675098084,0.35343613554517755,683.2369008984489,603.36907757978,0.024714722984602023,624.5459002855649,615.4763653925701,0.028142378939188334,597.7226943877843,635.6925552539776,0.005308169656246029,637.244484723556,637.0715255834281,0.005544310968288429
12.0,677.472265464697,315.13964771925964,0.9453590912397043,677.2059107700459,300.697403214429,0.7575550500702489,660.8699019775539,305.27244955821294,0.949128798826184,660.6014616332629,306.4766659530545,0.21774790871171265,618.1159991027665,318.7749423058787,0.9194937772325298,691.4868930475666,391.4954641278568,0.9492922590011077,574.0278441314008,411.8213727308528,0.9671534259582565,717.9453718957654,505.1218342488636,0.614396069289458,556.0080375054062,537.887220818761,0.7677822896735256,730.5045353719162,580.2843581322983,0.3921627512830138,589.6599470069992,580.2160615435396,0.5701314889031854,683.3555066595546,579.9315208087777,0.33039109782497933,610.542527835551,591.9280971062852,0.35454403322954825,683.7586530528346,603.2227165753935,0.02465955130888691,625.0709049067146,615.5309922573259,0.02802158123030193,597.7472746548141,635.4138999361959,0.005257341891324032,638.0331304741758,636.9461643994656,0.005483138628051738
13.0,677.4528121189552,314.9608397988363,0.9464791614063585,677.2084235530912,300.50265412351285,0.7608916585058805,660.7110371122519,305.11886015804066,0.9503042327732043,660.6993025528977,306.3665842934704,0.21775076947888206,617.8066143914821,318.79065176392174,0.9205296175445584,691.6738653520921,391.3735590028969,0.9495455538668648,573.9506044721787,411.68343609496577,0.967443685756914,718.2052801353632,504.84328644523237,0.6155798791616849,556.2163798993071,537.4682048681741,0.7699054963770535,730.4936465535602,579.7031551085122,0.39446875822714567,590.3551207458177,579.7620519611366,0.5736920253706441,683.5134724165298,579.7134518484157,0.3325371577568211,610.409527127259,591.6921492987951,0.35718839764547866,684.0285360167281,603.2717663252502,0.02482935750159793,624.7841675598232,615.5387283748296,0.02826285397226892,598.4332428019513,635.4350649469721,0.005278043958912016,637.4380319239721,636.8602670761678,0.005510249813532979
14.0,677.2789670157723,315.1091365971618,0.9481858682731886,677.203741719685,300.5511411826546,0.7676937110816643,660.312799120889,305.2450753799025,0.9518685156300001,661.1188695467847,306.37823755380526,0.22048532411929558,617.2802898857415,318.9858865199752,0.9212941702125244,691.8453793413515,391.43246696390395,0.9500279757018285,573.8052544021023,411.82090258611754,0.9676912220434607,718.2889178747289,504.9045168025174,0.6168702796222771,556.3243740199462,537.3865819002624,0.7702458433261529,730.4357288734917,579.5477011952554,0.3969452942360955,590.8342985405072,579.3505046102321,0.5754029793354959,683.4901838182896,579.7229291892903,0.33469686340939286,610.1058458738112,591.7704013356406,0.3591270316863546,683.8702207334842,603.2779812312862,0.02517140783573146,624.2615492700983,615.8668506456628,0.028607654895187858,598.7994958131187,635.178567737118,0.0053544367170597984,636.7245812433082,637.037251618684,0.005582299248893191
15.0,677.3580642975104,315.1895943168992,0.9480127631093135,677.2865688197035,300.5146565661269,0.7676030639528469,660.369242287075,305.2927586386789,0.9517348447906666,661.3280640253525,306.2254671769952,0.22130243583564027,617.4590948033145,319.01126900112683,0.9205756961075735,692.0672577410114,391.3912257905617,0.949330408802308,573.9709928766024,411.85879170744147,0.9677274815550349,718.4765673604165,505.3785940380875,0.6124169953213027,556.5035038631852,537.6601631477843,0.7706869695341743,730.5256412039012,579.5274585658254,0.39389779391570506,592.250891148888,579.1193857015135,0.5758158585954196,683.6482489930524,579.9720024787038,0.33175144746626833,610.2173522477201,592.112302420093,0.35798724891500205,683.9671404656059,603.3041474201364,0.024958995750482604,624.5781411648579,616.1577587284373,0.02860560617984829,598.6838163458801,635.2396020704668,0.005330694277053675,636.8230051954896,637.5376178958148,0.005593036252863522
16.0,677.5201314601363,314.7096041493312,0.9479046563107704,677.490441519936,300.12658088190386,0.7670996253194869,660.7084056677022,304.69098994591116,0.9514087978461553,661.4419446841545,306.0666950468319,0.22308587527179075,617.9942755707602,318.38282919240294,0.9202958283493543,692.015766707794,391.41171876836063,0.9498407324500251,574.1173317241364,411.6258982055546,0.9681089712722302,718.3875903603636,505.3493834183841,0.6145564880470912,556.97975326162,537.7131026804951,0.7728010186107804,730.6033144108021,579.4418869818213,0.39600721498398295,594.6508147270143,578.66629512613,0.5784896187328643,683.7806408642375,580.0047379493642,0.3324906816791914,610.4962527041168,592.0738112193947,0.35881433982573996,684.299769377372,603.279403598651,0.024892465798646155,625.5256296339256,615.8311789944696,0.028571228415432238,598.908295727984,635.6644435799242,0.005284257199586087,637.9679560038209,637.5047208910634,0.005553731162549616
17.0,677.8481580435727,314.3588183877554,0.9487579358036853,677.9308679790302,299.8705486709519,0.7694037279995779,661.2040040108536,304.17500106429225,0.9521581084353058,661.8002334297079,305.97051266138914,0.22477993100686244,618.508476664603,317.6829802315627,0.9212907601008967,691.9655007185289,391.4716604081982,0.9508378629697439,574.2122409280944,411.3101771630291,0.9687717411076278,718.2826405825946,504.806081828001,0.6193097609064919,557.1714712733308,537.261679476811,0.7764799457145106,730.6234762789288,578.9845193798656,0.40112988527720256,595.4492313735693,578.4735296223606,0.5836217385358067,683.6312620239993,579.8965222194707,0.3365886484737673,610.4503528484306,591.7983411155311,0.36287505647597995,684.4053236159592,603.8464160506591,0.025057688613667164,625.6781981672573,615.9855702215518,0.0287597221884903,599.2072085227676,636.2612044651536,0.005261819953682216,638.4182571200887,637.6617281681791,0.005530881493744648
18.0,678.0446156148046,314.47760009492583,0.9497877623509305,678.2177241530421,299.94523345492433,0.7728866742850197,661.3784953344513,304.2740035229392,0.9529592080622269,662.2045063802925,305.9059764936501,0.2266001424686223,618.6294216356696,317.62564205094696,0.922028452943247,692.0086160399425,391.3273337761042,0.9520770412617755,574.45832678792,411.11919335649634,0.9692642624094522,718.2163546444434,504.22078231922615,0.6280160942814376,557.1874226373659,536.5015144858342,0.7798896185860711,730.6435627170848,579.0402795992858,0.40991051319421495,594.0127160779108,578.8810934090287,0.5889297203776791,683.4521153171253,579.5183886170342,0.34471882020119926,610.3409637872561,591.4032575470476,0.3696454666067394,684.1980422266048,604.0673246484057,0.02567267411232667,624.8390896577138,616.4407481365084,0.029249511709076637,599.5565799799095,636.0344450152975,0.005327854925188622,637.5012045659213,637.9960936856025,0.0055693223187041115
19.0,678.0537155011738,314.6288358444592,0.9501684576783703,678.195136874999,300.03780089263995,0.7737893981702307,661.264592042264,304.54482528763134,0.9529227752137522,662.1928942872881,305.86430450588006,0.2265703751594207,618.4093673924325,317.9677967602028,0.9222236165309131,691.8780923226708,390.94790101238476,0.9537276607842371,574.6404836438173,411.0252962890157,0.9694015935009688,718.0300583738594,503.46139502753994,0.641871487817705,557.0987092023777,535.7469380962963,0.7820483950757353,730.7091131328161,579.6897692889816,0.4223784500699227,591.837987385356,579.4596654381551,0.593124702392548,683.318609462648,578.9771733724067,0.35607804604156124,610.3116650668952,590.9865237411808,0.37708405443020493,683.8521417789874,603.7971187847544,0.026586053295238218,623.8615613321859,616.6834483403377,0.02973676042344304,599.8029708958252,635.5376572907028,0.0054370349186168366,636.1586578299742,638.1354682669792,0.005604550275271178
20.0,678.4499151433242,314.4251364057899,0.9498042679650797,678.4351374883466,299.91562563627826,0.7702397980824933,661.6711803324137,304.38113530552556,0.9526784101687158,661.8831851308491,305.94060780232456,0.22147433935241626,618.4968361707031,317.9784835067196,0.923187749838008,691.6384308822466,390.7810074962228,0.9543735610527532,574.4746531980641,410.8782670630804,0.9692343709760768,718.0343292195047,502.57882663705095,0.6485581950391488,556.467340888377,535.1678231224103,0.7823558469866931,730.830747446028,579.6779225687466,0.4277218053046276,589.7308648797057,579.723204955958,0.5940563590861887,682.9833454137913,578.8990866779629,0.3616520023353556,610.0041852947564,590.8319303511438,0.38005566355545767,683.3516585151269,604.2925052165037,0.026919968054102402,623.0848983170764,616.9189229823407,0.029739696844453597,599.2734270268072,636.3178025067152,0.005451034840139948,635.0275503806032,638.3249038471341,0.005563039687018997
21.0,678.8604248294424,313.92428392469157,0.9487708610868839,678.8023974731185,299.63617471970645,0.7671557158547742,662.10198954875,303.95139424557203,0.9515531428804367,661.8977001516067,306.23184499572903,0.22018158370662258,618.8370355274371,317.988075990134,0.922520171534707,691.74727896845,391.0969771770251,0.9541359999381814,574.6087820770944,410.7669342588096,0.9684938184092752,718.4016044039,502.94358205996963,0.6477839826894671,556.4191851331572,534.8750297872493,0.7771853052043075,730.8864485748761,580.1535123940057,0.42420713041255237,588.3216680715664,579.6591743822435,0.5862988941537302,683.0310511194041,578.8735651691153,0.3596979685922374,610.0396318178796,590.5605467640346,0.37603287487555975,682.8968059210109,603.2151578360337,0.027000044216918387,622.7245402461206,615.5365081694249,0.02953123906610136,598.7952771466627,635.8102732401804,0.005515828282324699,634.1627176541056,637.5620165290237,0.005588082383890072
22.0,678.8007204745817,314.81729146910095,0.9461736777235857,678.5616192581023,300.11678842648917,0.7593861368758642,661.6380661660398,305.1554405360427,0.9493858593362328,661.970973026929,306.00034225536297,0.21462435510314323,618.23989096725,319.3387733972426,0.9194832990547896,692.296737209302,390.3359416509368,0.9512152648690292,574.8452957461353,411.16460732501616,0.9666407048773641,718.4080125554555,502.68242364604816,0.636247448147745,556.527360888976,534.7538182733332,0.7695912060294222,730.4260611397613,580.049413482863,0.4141560384003619,587.5290194594323,579.0447114399955,0.5777641321653684,683.175095595383,578.346866815959,0.3531861564090694,609.8772328086411,590.5967530322973,0.3703646220650623,683.3052959422417,602.5822985998453,0.026899302612183228,622.7528394006602,616.2319998671892,0.029525277387734805,598.3599280002263,634.393664279859,0.005612736510865201,633.431729750345,637.6535102293084,0.00569668230059644
23.0,679.1120735591709,314.6657410732634,0.9464628818363644,678.7921454649114,299.8301648649753,0.7598573838347621,661.8194342390367,304.97277762813553,0.95007440147761,662.1074778058512,305.5153718701273,0.21296075668154352,618.1341521952805,319.1158703030039,0.9200928745037509,692.4468286362264,390.30733674168636,0.9502940171860291,575.0591805887806,411.2169204791028,0.9661954731578961,718.279395327219,502.69845406697976,0.6295265254789135,556.8415863186126,534.8881801916644,0.7668604265593,730.3045746220871,579.5744917460156,0.409138917865239,589.3459281581208,579.046991078922,0.5750604803984721,683.0829525899715,578.689852170293,0.346362303483426,609.8766765767431,590.9304556969225,0.3643501321439036,683.3849921191141,603.4659778333358,0.02625907696192663,623.2261836273703,616.7209003499344,0.028949729653102472,598.2459460538985,635.2705045965697,0.005507377070813175,633.9429251017917,637.7197930107369,0.005605807686283755
24.0,679.0363687162936,315.3621092907981,0.9528934604227022,677.4976119839905,301.0927013240535,0.79020947671599,662.281136676346,306.0711545786344,0.9617249075729878,659.920805770022,306.0984198653578,0.23111472403827976,619.4628879100381,319.81067895175386,0.9337112506294252,688.781163843961,388.8862032490091,0.952316323119351,574.8599454354329,409.43903883347105,0.9691033508778661,718.8255865497218,502.2822560542183,0.6322048379941848,556.4801549181599,533.2280467950111,0.7833961941259379,730.5056454598542,569.0137691876666,0.41524761848973607,591.7408216217368,576.7245684447872,0.5943002027171939,680.6300938742736,578.6231007793879,0.3739220090845801,609.3162374658235,591.6287772671511,0.3999370123915439,690.2780489325735,598.9561583363259,0.028150975967827258,619.0762514510085,614.4201479833133,0.03167383339897856,627.6984348454085,611.0003435074595,0.006289325107089664,636.2309616041105,619.5407407018092,0.006432728169339166
25.0,679.1957888182048,315.2427262497057,0.9536839229275796,677.4430759413661,301.11183393234614,0.7938529122946046,662.5515442058322,305.98653951237804,0.9638657751576027,659.600528065604,306.15748242222344,0.23218497566183466,619.8597290119417,319.7285769955413,0.936673708489876,688.3126587059605,388.9966515374911,0.9507690828322516,574.7465892007586,409.3264356098608,0.9694074916555792,719.288329365588,502.90932955624913,0.6149865383072411,556.6946937471166,533.50158703644,0.7818912895497993,731.157474645891,566.55616291323,0.39918315094585416,592.5607469238882,575.3406130228094,0.5896374966593332,680.2131880662191,578.4764981425865,0.3634243908298132,609.2720936929936,591.569985171442,0.395114293546427,691.5303204153552,597.2503857327679,0.027382417818903947,619.5694031669295,612.9791056419474,0.031523655702681494,631.5768430962031,606.1050457429163,0.006317031436613348,638.2996904773688,615.6826727810998,0.006557739420996363
26.0,679.5300610122035,314.762960624247,0.9505980515038329,677.599861518802,300.75543578463333,0.780565251066701,663.1841732942196,305.46645881617144,0.9616922290109599,659.23987914515,305.9530393007772,0.22496714992412595,620.7126994764105,319.1647077556433,0.9355860826963402,688.0612768585344,388.99200176697536,0.9487347477172627,574.7814209552711,409.12362474789506,0.9692201780308819,718.5366008594614,502.96274804819217,0.6035982347870329,556.7688144037345,533.6471066222558,0.7823424302706271,730.4494227608991,565.8966670093256,0.38889096947978075,594.0733616233849,574.4879047976976,0.5886253553053364,679.9366530077483,578.2431044773269,0.35539778992490617,609.4211698212333,591.26507334485,0.3912517487610481,691.1326026509597,596.5290553904337,0.026715166074538384,620.8881800716887,611.8723564836197,0.031334504613904524,630.031656119453,605.57306399764,0.006223897294057982,640.8376115943333,614.6335782450142,0.0065472265139403536
27.0,679.7253932820498,313.8910408847478,0.9488189534448607,677.7695316548837,300.0835084967872,0.7723417974953269,663.4582934934921,304.57887024886395,0.9607134288345762,659.2542593099496,305.7742769236668,0.2191137941857036,621.1106564611576,318.5767618039195,0.9354589736380942,687.9250539290738,389.2733862820805,0.9464342127206745,574.9604249805827,408.80224814419125,0.9691316960605532,717.4821434923674,504.03914228726796,0.5886598557443703,557.4059473770948,534.0171779682279,0.7826171814992857,728.5614409863978,566.5319184047669,0.37534173153533634,596.627697980395,574.7229593231252,0.5865263238804702,679.7707415791807,578.3406231772627,0.34540966629565584,609.5554666554228,591.1153101876054,0.3864120772391851,690.9234281842945,596.407192262283,0.025892720482322336,622.4620474421364,611.1552916079534,0.031087154532082106,629.3521885256063,605.5439545296691,0.006119995506736773,642.787359246846,613.9247076745436,0.0065459455594417066
28.0,679.7267494606424,313.4939806316002,0.9490119695913052,677.9118792627015,299.806479653424,0.7725719538141501,663.458658009007,304.07149630070415,0.9614294775467355,659.502779372425,305.7580522896335,0.21730842711235798,621.0666272539063,318.0665612332372,0.9364205686389062,687.8235800058018,389.6860587445289,0.9443644993700251,575.0061833721379,408.4753336230885,0.9691859587751442,716.9932146895576,505.0290514342301,0.5720574086153598,557.6139787769206,534.0069854590021,0.7816188936205183,727.7345492193583,566.8639410991821,0.36108858822670653,597.1051256939269,574.2663114433486,0.5832934613927674,679.6397431156312,578.338436370713,0.33581713737142577,609.6145764495,590.7600723300004,0.3820568730667508,690.5817748428701,596.8393180109344,0.02533429580528511,623.1151042189992,610.9224208704653,0.03114493511822872,629.1543230028461,605.9091640209733,0.006101764085628215,643.6555498774634,613.6922249883586,0.006637334391119207
29.0,679.7468544320166,313.4218763078613,0.9487815377086739,677.9976840899437,299.80005716962916,0.7714709419600223,663.5762463091913,303.9099724276318,0.9612452227399294,659.5397740817491,305.81575824201235,0.2168903819348376,621.2137885141948,317.75007573676737,0.9363759068248105,687.5689165067638,389.8271926764745,0.9444704854242553,574.9940584437037,408.1923399020933,0.9692640508697051,716.8025233150133,505.40371421363574,0.5734239065638684,557.534138417189,533.8290479880212,0.7827594023626323,727.9955524564632,567.3948518090432,0.3621246782376358,596.7237149335633,574.2917814084495,0.58482815897657,679.6024833704452,578.3229346719353,0.33796901629396014,609.732372346286,590.5933486739689,0.38434209087884347,690.6294309680409,597.3631976337637,0.025523173686964492,623.1776251534887,611.2498279192033,0.031385817921194104,629.6641265624102,606.3591245147783,0.006125903183345561,643.8237325486208,614.1385435505558,0.00666554356645644
30.0,679.8980751950685,313.27420292454644,0.9476559161828517,678.072289039219,299.73794822907854,0.7666755772686803,663.8863660496102,303.77742434308476,0.9601182270556576,659.351841661098,305.8540719934325,0.21554600874134544,621.6593530197431,317.61970877998016,0.935659825831602,687.2588940161722,389.6623424929259,0.9452612656997157,575.2190371409831,407.9947927221377,0.969317698781619,716.5692281144459,505.0834064013652,0.5821275239670304,557.8070686756857,533.6262912504988,0.7853446781091312,727.9881645523933,568.0619162473015,0.36887674821145716,596.8690060870424,575.2635169081874,0.5882078573528877,679.6060710594008,578.2201632117063,0.34481441090817044,610.0250040067145,590.5194493244337,0.3895251400333583,690.8040011432331,597.6995763566731,0.02591640771781627,623.4189925083261,611.6759820202356,0.03161400001100151,630.1537661872474,606.8545976188963,0.006139346865497087,643.9442015258577,614.8173180197164,0.006641710070460013
31.0,680.0823864778166,313.5274643242995,0.9467010080753767,678.1906140409088,299.9763204808837,0.7631135318267301,664.24572515754,304.0244262150726,0.9595477322573356,659.2749537858264,305.8561146782233,0.21471290305940632,622.1347763538009,317.58645810693423,0.9353163218506839,687.0920448305183,389.389396098603,0.9442049933687999,575.6178595949731,407.92538232908527,0.9694064936288884,716.4306862056709,504.46478048097026,0.5757904166858413,558.1625818800065,533.4147007460937,0.7859235663472569,727.7320595949731,568.1372803233932,0.3632472781485615,596.8572480696863,575.6463131026458,0.5872103398446579,679.6032519441688,577.9924167627453,0.3425397151088162,610.5257415631121,590.35288359463,0.3899339213147922,690.2440582955328,597.8609712448981,0.025844586180711043,623.8687180885062,611.925304634287,0.03186783752866646,629.3199157990481,607.2692902523114,0.006159995049767224,644.8923947786441,615.3801667863814,0.006717114196408721
32.0,680.2814787515225,313.87335343033953,0.945403470874857,678.3688981370142,300.1565116116594,0.7591220132514095,664.544231709759,304.3307841677971,0.9582189115537916,659.5119475835318,305.60035342773966,0.21600829571894495,622.6528053116465,317.5259313893303,0.9337556316592154,687.1592473171345,389.30481380017204,0.9443238384168282,575.7401152974777,407.96419141695964,0.9695574361898115,716.186440965171,505.759320729944,0.576832603581276,558.275314732567,534.2763142628747,0.7864593093508241,727.8667787479815,569.8812512641596,0.36323933029821154,598.3975819012476,576.7381649909802,0.5869140086130412,679.866382533136,578.6437511222687,0.34133699417890945,610.9681168080547,591.2659324423998,0.38870942368068095,690.2376545605875,597.5596946777742,0.02566362527391278,624.8214901803856,612.4192253308743,0.03167818150273456,628.8328623900662,606.5975417842017,0.0061175650023838485,646.9538173479311,616.1383498584921,0.006677570683863865
33.0,680.5858209846854,312.2034957740072,0.9462512110104855,678.7009978678084,298.58821269848283,0.7605279583634731,664.7373835804572,302.5130021896327,0.9591495106359453,659.776093718475,304.7794547362591,0.21448554333063213,622.8487053348573,316.3113293109038,0.9353021277764348,687.4821187905906,389.98572913074156,0.9437722625771402,575.4072670272704,407.62157897425544,0.9700343646827354,715.8380099818669,506.8516095948622,0.5663911399634997,557.0696222146872,533.8450170330229,0.7861165137577497,727.59196500371,569.3790257248618,0.35388045809241986,597.2547304427826,576.0643673581664,0.5847965100865474,679.2865058566285,578.6435815097497,0.3352052927823614,610.1157510908989,590.824664468473,0.38590611654081036,689.770425184706,596.9545785672407,0.02536588215125862,624.561562665803,611.0533080756479,0.03176744150922052,627.9810616777409,605.7502851320999,0.006122883332694327,647.1745137402364,614.6571538714585,0.006750669694406923
34.0,680.7977674484542,311.52034511045616,0.9450238665700347,678.7595319838256,298.25502482155315,0.75423181516318,665.1324660343547,301.96122911221886,0.9580223864643382,659.408908569481,305.07128520110734,0.2116938221324196,623.3960586755859,316.2128988527838,0.935379016584058,687.3303044881278,390.2292986278596,0.9447576446974495,575.4627511597074,407.682715621172,0.9702929740689455,715.7806903802694,506.5882060727848,0.5743735131577686,557.4632253352315,533.8733617906076,0.7894691214573675,727.6062104360012,569.3563426134441,0.36011800325488413,599.1025821714525,575.987423760419,0.5894362291204277,679.3882602489499,578.4102668975439,0.3389846881544122,610.3663245922268,590.5066991143826,0.38835189289484273,689.4704857814766,596.1420684204604,0.0254396333111028,624.8905317031696,609.9407946038267,0.031658855701580585,627.8759011660319,605.6667849828235,0.006065787274803565,647.752366916768,613.9174506680487,0.0066549833996573235
35.0,680.6694533374674,311.28012665435534,0.9446132334033508,678.7036305349876,298.1132818938475,0.7534243060898237,665.1350861358025,301.7068889432464,0.9573983325432996,659.4056016707821,305.056166554735,0.21260906344266262,623.5942649547042,315.93031552596693,0.9347432375622325,687.3206463843634,390.23497760411465,0.9454371676789144,575.489555724276,407.4924917251306,0.9701224608156629,715.8333503571939,506.0648503778537,0.5805468524254463,556.8416897844529,533.329904362219,0.7892111216049789,727.9214997612711,569.5840913333002,0.3649231710807879,596.7507009550765,576.4502555143358,0.5893479964839676,678.9887514980006,578.0742326519005,0.3410841488828255,610.0443505761788,589.9964052165349,0.3882509464946671,688.6918998684258,595.634564434641,0.025518210815873407,623.8497997532381,609.1997557531932,0.03143776006011438,627.2697624050263,605.738902064187,0.0060414100418882686,646.8951679425121,613.790187020594,0.006580703470084796
36.0,680.4870759349193,311.98908635448396,0.9459329818270551,678.4866068883839,298.6307944892446,0.7586980104257623,664.8077947777509,302.495157156266,0.9581800977226328,659.3417877580672,305.14920374953465,0.21526420015041925,623.1380644604039,316.57671987495524,0.934857105218647,687.282879150675,389.84398843947633,0.9468677615884639,575.4301059330942,407.53782674483017,0.9701830349687509,716.1498808515522,505.56662102323935,0.5905771912664025,557.0499925828142,532.9341885467676,0.7901370699745196,728.2744272636298,569.6581220074181,0.3742848704316308,597.4529576012868,576.4950836322893,0.5925425556234406,678.9852749456668,577.9041475000181,0.34703264675856144,609.8925142702078,590.0973194911061,0.3911225058851643,689.2826816777448,595.3498158140478,0.025926571988492433,623.7486083076777,609.5484072572779,0.031525788878063864,628.088084289995,605.5045054735925,0.006079288266111973,646.2246971931237,614.3209782279247,0.006558739127356147
37.0,680.4474817988196,311.679845406054,0.9459298632211868,678.4274144764579,298.49793316656434,0.759334918094303,664.8156818911642,302.2443745421673,0.9582991101014636,659.2110173492422,305.380660174786,0.2158216769738052,623.2685428233447,316.61491686511374,0.9352129040997602,687.5498631875405,389.88507370137893,0.9464399114468944,575.3238032213408,407.6963719870458,0.9699987955688145,717.1074333647568,504.9422910104686,0.5863225593138279,556.9681606657571,533.2064163742197,0.7878940171842338,729.908266029417,568.8081179449828,0.3687164656194599,596.8100098282888,576.8632829703887,0.5871577984337485,679.1404767233294,578.1221501670047,0.3438577627765742,609.7568140582699,590.2984672891148,0.3882095858793831,689.5886330802639,596.029288003667,0.025412700973429205,623.5264401787222,609.9958660434247,0.030958835355065186,628.1575074819846,606.3848776538499,0.005964156677482838,645.541633582322,614.7140852490154,0.006445590214016237
38.0,680.3736174866256,311.4656730184753,0.945930599559593,678.3467204555911,298.3499814840004,0.7596952765336211,664.8320707811188,302.036646746266,0.957968157696696,659.080913026132,305.4045502408566,0.21765779809498703,623.5086737618583,316.5245876301035,0.9349366439641121,687.1781221889096,389.5961058909961,0.947617154649746,575.4524311712114,407.713590111469,0.9701036635895237,716.8171445296606,504.16419852539474,0.5953129403150454,557.099211757155,533.4438854116305,0.7891588638287348,730.3874187520631,568.3052516972233,0.37607115572864147,597.20782888547,577.1372581223677,0.5891523116767204,678.9728775128765,578.2818888296246,0.35063489543911586,609.8069598156337,590.6285578047856,0.3924095191113238,689.6091806381878,597.2591564179369,0.0256296732008135,623.553606465068,611.4470259756313,0.030878599073183122,628.4487281509663,607.6101070001812,0.005910874803618497,644.8281584068161,615.9726117941481,0.006340195708501714
39.0,680.324315038623,311.49268669411396,0.9464544575477026,678.3849219050562,298.375322752643,0.7614904081237236,664.7454507525135,302.017654961377,0.9586904856000521,659.2433217513084,305.5133781655087,0.21794864910964049,623.4246311818232,316.53669718793833,0.9356234418551985,687.2513959726931,389.7508340351693,0.9467859180849457,575.4061060758223,407.83382264027637,0.9703398874418553,716.9038352165721,504.4134001839994,0.5871048645598538,557.3343833405862,533.7381769523826,0.789337864150965,730.2668554705858,567.7784690566442,0.3694810455759752,597.7531763374882,576.5477390018359,0.5885104849474311,678.9968252376832,578.3919813250723,0.34578413856352797,609.7660669915313,590.7229684109325,0.3905508117238537,689.6524335427199,597.0160720873888,0.025362465390680128,623.878615844408,611.1775091392931,0.030968072842626856,628.1888146173693,607.3940997363118,0.005908885254843851,644.9854620750461,615.7788695964601,0.006400288359913006
40.0,680.3393600857023,311.84934568912746,0.9465629869104726,678.4312391130984,298.61706866120767,0.7613839799713068,664.6525164524973,302.3649854690203,0.9593043361220646,659.3963037492006,305.57969776133336,0.2164160266817405,623.1829677060539,316.817133933552,0.9363703023243172,687.5442489542518,390.2069713033996,0.9452151734240228,575.2288475716232,408.263564453669,0.9704687633639808,717.179019901973,505.19158024576734,0.574133631981682,557.2046606719978,533.9039341283875,0.7886852525263779,730.1766106420934,568.2214275622019,0.35866270822761526,596.8950293178219,576.2112399639074,0.5863084240858475,679.0078302748941,578.627598807937,0.3375929228839153,609.5907585745722,590.9424352546868,0.38666773146747535,689.4612867270284,596.2737651982926,0.024960501944306455,623.6605592401743,610.6238822025481,0.031053543026539496,627.4170979190654,606.2800619736346,0.0059303436789636755,645.3517866055964,615.1728710704494,0.0065055899597356096
41.0,680.4216138718076,311.8305446466544,0.9455754077413047,678.362538133158,298.5774356605326,0.7565337966236046,664.75000396589,302.38597508051305,0.9585120756302553,659.0470037927548,305.49905629637385,0.2134564367056831,623.2142655140406,316.8899812286336,0.9362091274991884,687.4038610178975,390.4994619155623,0.945360358889671,575.1962465901821,408.4390251219663,0.9704238086391889,716.9716462567922,505.560216971522,0.5770719703449969,556.8843889836994,533.6564046589856,0.7897390245416143,730.3336987431802,568.9826865300664,0.36089376107206056,595.692183755815,576.211749727772,0.5881422922895222,678.8955957258229,578.7736522969574,0.33984902244382803,609.5775363951906,591.0348621847633,0.3884145958975242,689.4402626240712,596.1704138225919,0.025105749890805606,623.2084490911593,610.4949514853378,0.031137397501478117,627.4497769038081,605.9239035768428,0.005942567022789022,645.2984467269296,614.8390154627888,0.006501771187047617
42.0,680.5136286199051,311.3631200905913,0.9443200550659797,678.2262079132898,298.22579096420196,0.7505851724139868,664.9462690741524,301.9679112597883,0.9574002574435896,658.4066881431113,305.4205708628442,0.21015632450796778,623.4572052252996,316.73568945929134,0.9359073739550744,687.0545806700088,390.4872310204663,0.9456950543047205,575.264634875374,408.33450936555903,0.9702856880372193,716.689436006394,505.41188307837257,0.5816196315268682,556.8513840590414,533.5512507532792,0.7905514079453098,730.6836921335763,568.2616075071998,0.36445557337689294,595.8610519863412,575.1674193752344,0.5901082835590916,678.8748639823326,578.5768988700437,0.3429118639440758,609.7738743881432,590.7661946035503,0.39014321214330167,689.78499461571,596.0144713372562,0.02526047377341074,623.3908581073163,609.9216841671881,0.03114267805198598,627.9156933745159,606.0899580047925,0.005929858910372627,645.2202529096295,614.1571040297307,0.006460510000466164
43.0,680.4610073844993,311.7018794299616,0.9442932484591877,678.0645426737116,298.4225117716733,0.7505546191089778,664.8327830191025,302.37437748866057,0.9577618668588884,658.1941870562391,305.43861222666715,0.20956786783550682,623.3714456478488,317.2124641126236,0.9362652949189647,686.9359792981112,390.22021779511,0.944256847085373,575.2689704184484,408.76313425292756,0.9702573925639294,716.6260002073375,505.0657864230859,0.5704743743630055,557.0386492519478,534.0323819101972,0.7889050011200798,730.7756889056838,566.6011488257632,0.35601360947774097,596.6991968469422,573.0426837649717,0.5878269863534328,678.8012635692556,578.1793382080386,0.33642732218594784,609.8219064145206,590.7033893936291,0.3866448029977515,689.7653211902369,595.2662840421754,0.024983093172193924,623.9065627948579,609.7228165952889,0.031229003357369958,627.1846685378998,605.2998725506058,0.005947344041174366,645.3932896251398,613.7438184011119,0.0065434068527273695
44.0,680.2315764856068,312.0302194586952,0.9455643664296267,677.9267940050481,298.71017361845304,0.7556422251158281,664.4719417713972,302.7244344372154,0.9591674837621226,658.3585739346988,305.70399693627263,0.21104792251344845,623.0202216486069,317.6134195245991,0.937298400698353,687.0401249268589,390.4405465755504,0.9430388172137942,575.3219343874293,408.899925471324,0.9704797292355537,716.7222020343803,505.1275516349966,0.5589335216479798,557.1892490789687,533.6638429651666,0.788576401325599,730.6663141908134,565.5838807258694,0.3473273054305174,596.7984551927708,571.4763454763596,0.5868443122928143,678.7041173557985,577.7605188447448,0.33062583479435875,609.6923435212196,590.2511445413595,0.38471244771688046,690.096001201776,594.6535898548558,0.024775587344492974,624.4047306326809,609.122724273383,0.03152615287042982,627.4015327300582,604.5882965399227,0.005988876826303364,645.4555217402147,613.1476359804775,0.006674221692724408
45.0,680.0527813262569,311.86428830129853,0.9466796300592341,677.8074032442112,298.6066395256722,0.7602191281265543,664.2651793811236,302.54132338854123,0.9595127170536749,658.3667199203522,305.85105418596675,0.21491004444251516,622.920420141707,317.61581711856485,0.9374084028363816,686.9483843564557,390.9206401297907,0.9453689584174917,575.2921122037728,408.981544150795,0.9708030586895102,716.4557701747768,505.77448061923525,0.5736236563188154,557.1851218085883,533.5224892173998,0.7910351162728017,730.3770528195163,566.5349574673897,0.3592864772580372,596.8664821440397,571.8023888374724,0.5917695919446014,678.8175053186305,578.0827522372014,0.33872299773987496,609.6540562072614,590.4660229473506,0.38916131585958597,690.8480499887339,595.1495925448964,0.02506384992857707,624.0723659317617,609.6063755532188,0.031381123458887446,628.9081149958188,604.7356050426991,0.00593802711794659,644.6159643014421,613.466387922974,0.006543277211538877
46.0,679.3379365931436,312.17608909578286,0.9481885738512671,677.2659570920517,298.8233808880371,0.767821594753676,663.4524473190464,302.8986359338611,0.9610886243447758,658.4667853705104,305.7741427132093,0.21878061156350223,622.2506021156341,317.8026047386242,0.9379124823127596,687.0847182700287,390.66105933334944,0.9435699401322981,575.5637367291704,409.2245876993456,0.9708983011570241,716.721079979065,505.5457412867627,0.5577819978378199,558.5277504894339,534.0300097591938,0.7891269448301144,729.587831653859,566.8166489394832,0.3461623361270084,597.8428203934664,572.4563102395354,0.5865251611527021,679.0686939422351,578.2480331984103,0.331129316811688,610.0021895275485,590.7594469882298,0.38633370271984385,690.3911021264328,595.9348509942632,0.02480703479694634,624.2127906864013,610.7210611055576,0.03172819059800175,628.2917433049319,605.7769849195516,0.006006322199509224,644.5111765381065,614.8831642421203,0.006723724668569147
47.0,679.2339177944017,312.34484891619155,0.9483972000823625,677.1925569887892,299.01904539490766,0.7687678931938597,663.48646231645,302.99696168370406,0.9606341356537279,658.2703252704929,305.9183092325646,0.22125582519111556,622.3184797003898,317.6775183486603,0.937360615769231,686.4809551345476,390.6299547837716,0.9463686787040622,575.5228011414622,409.0569495814976,0.9710493808701456,716.344981250572,505.0773062689347,0.5783767727449798,558.3498737632403,533.4825355376441,0.791613446400986,729.6414988179372,567.948822426519,0.3631022918863904,597.0976007411805,573.0142350868656,0.5923001231539973,678.6929401691871,578.2726184310228,0.3461990034948197,609.9181709993127,590.764545172043,0.3958101830527133,690.4473418532762,596.6839447208795,0.025997038671273846,623.7999681921716,611.5323425257453,0.03239302292961821,629.157578703204,606.8742530639164,0.006144690872529353,643.9137736226435,616.0788210630631,0.006752289008026903
48.0,679.1416238451696,312.91746761505897,0.9491521665061002,677.266957880176,299.55414954907246,0.7717698769464312,663.4983756523499,303.4259449503722,0.9614443872625831,658.5062213116782,306.10289003943024,0.22326281185383692,622.2607103365971,317.5222917965117,0.9379422173426055,686.3120658433268,390.5298948342956,0.9461858568140676,575.5549000412864,408.952125547658,0.9714011578878924,716.4045438587905,504.7036979215063,0.5758061429129989,558.7347441105567,533.6488596792378,0.793414922616626,729.6950020387054,567.0861683702417,0.3629451296651431,598.0305584603549,572.9409506396462,0.5953385542493584,678.834396574358,577.9195474267643,0.3456283409160319,610.279031856183,590.3845791886101,0.3971378784766798,690.1888796309951,597.2150636320296,0.026065008538995908,623.9960283502047,611.8499734849553,0.03274191770246196,629.4285698366667,607.2198929072605,0.006167614361621668,644.8425569879155,616.250203517049,0.006818926919514244
49.0,678.8007284660072,313.28756166562397,0.9492090050858982,677.1560241380317,299.8914366643759,0.7737668103569704,663.2021304981954,303.6882520814972,0.9615882439091009,658.7863836618262,306.29942679017284,0.22559725382632825,622.0472336226992,317.4866615834986,0.9373999112118304,686.2800395874646,390.7013949080993,0.9451714037971888,575.2868950840752,409.22121243187723,0.9711303306268252,716.1378032163345,504.5696482412272,0.5683146037758772,558.8901570111099,534.1014497548849,0.7903780767997408,728.8851331528896,566.1005069465153,0.35807298586559083,598.5496122704309,572.8785278228577,0.5914633718442126,678.526763481588,577.758164268653,0.34026504127424195,609.9039724870771,590.247324318635,0.39287904628962605,689.4941528533049,596.3387962429223,0.026074121775635475,623.5789871790921,611.0544249568204,0.03293087165350158,628.498788297437,606.5534388812355,0.006268789193820284,645.083045966112,615.8735276579337,0.006959722912031223
50.0,678.680700155904,313.6480081844786,0.9495041920973447,677.0906563678641,300.2406217698209,0.7762872580086986,663.1402913173424,303.9857205616532,0.9610810605602385,658.7255541696206,306.5786409980944,0.23016350657811788,621.945851519831,317.6156764616765,0.9362973904114689,686.085573265403,391.02198648528235,0.9478198026170593,574.9111152294046,409.4733914266134,0.9709938870615903,715.9675318159555,505.1607436956905,0.5877240475105701,558.5254766165356,534.6968999385194,0.7898866043665504,728.851649571915,567.2360494962298,0.37458374734738326,599.0261504917842,573.8714438055886,0.5935653852767003,678.4391915433725,578.3746372343355,0.35004394893992163,609.5871618859532,590.8769595648128,0.39557173700025805,689.545155713781,596.2617431027504,0.026795107791747815,622.5968587669403,611.0259969998525,0.03281503751798617,629.105642714389,606.4727738897426,0.0063291626098602805,644.3005318145085,615.8484144975303,0.00687729761906429
51.0,678.5764686251307,313.4432505374754,0.9444804531557691,677.8170896577684,299.6530941785155,0.7580782904147917,662.6830444815437,303.4964351446018,0.9522312452333623,660.2949657173773,306.25011968419705,0.22320960428038245,620.9069365183559,317.23253961955953,0.9244726970575295,688.7362609360003,392.2337714956295,0.9451356715090776,574.8129228994394,410.9557368248804,0.9678219895126191,716.0937558959681,506.60240517868624,0.5807490010011358,558.0362462814471,537.0798035412932,0.7706655271099953,728.6316849312784,573.8036034403004,0.3672132715750417,599.5034138583069,576.1138717667885,0.5713022905009452,680.3337295559568,580.2702517565255,0.32080421986987195,609.9889861368706,592.3068720531487,0.35804849213449047,685.1473066473095,598.9716745189235,0.024435799205897675,625.3935568497668,612.0342144097225,0.029304258247453675,610.6749848281563,621.8976168685142,0.005619285056110115,643.093026193988,626.8827339683365,0.006053291338191055
52.0,678.6526237042867,313.2300876011883,0.9399974110224252,678.5572464163106,299.1753593386642,0.740819882402314,662.4776525153885,303.0906936785222,0.9451316856868195,661.6714011878008,306.0470419934883,0.21391379246958242,620.1852798676925,316.97400079198434,0.9153585999634383,690.9723120534356,392.8840104690983,0.9410567313816973,574.8480292345088,412.1250555484899,0.9651199160097229,716.1505006061462,507.0025787424109,0.561641748721825,557.5814273040668,538.9777849142002,0.7535427594192756,728.2717165287,578.3387108075307,0.3503654304833978,600.3217900864145,576.6742416242083,0.5506758965864441,682.0552290042523,580.9607297158616,0.28789425859884876,610.6717595497225,592.7164923524091,0.32212871109778674,681.5174360765966,599.3424116797927,0.02215249335801958,628.9810964084279,610.9438876505923,0.02654999374005064,594.8333348931849,633.6761118816953,0.005074721537263752,643.4681069487804,634.5176875798651,0.005500385275585455
53.0,678.8642982591665,313.30592839327056,0.9400997559349018,678.6949072780343,299.36221328928167,0.7391525464819664,662.7490331291744,303.1691108164614,0.9454571267835462,661.4407153955856,306.31764191601025,0.21054573765372486,620.192428012588,317.00898617924594,0.9166167299079195,690.7327570376357,392.57586393978863,0.9415102275418216,574.5173138460441,411.9727866490618,0.9653485179402831,716.5377557391888,506.4968140271156,0.5638345234915563,557.1706336822765,539.243644654234,0.7545637956540965,728.8489699314032,578.7846220346173,0.351164990586094,599.5992779885811,577.3594996323433,0.5513202259717913,682.175293254389,580.5274692408693,0.28937310427578694,610.7870166479684,592.3342976365167,0.32323389661264895,681.6537497961104,597.9646135175108,0.022467422042142315,629.192265206908,609.454718736541,0.02684569241627413,595.0189981930889,632.8243830499291,0.005174269802630749,643.8143719339794,633.2128210330912,0.005592536777494665
54.0,678.8532375979595,313.1775682009331,0.9400705565358236,678.6261293994298,299.3315604646,0.736911887108515,662.7657443168594,303.005239112919,0.9455174967178783,661.0143200239135,306.42580859147944,0.20748547080482602,619.9501169536181,316.8369385109368,0.9177636737718068,690.5500465066829,392.6111422024412,0.9426138600722811,573.9733186764083,411.7157651842928,0.9657838365100776,717.1952940873982,506.76946728765546,0.5703181765022067,556.8784760942959,539.4062546911529,0.7573743026061459,729.51384769833,579.8968881026055,0.35390710502993705,597.0761254876872,579.8358466800254,0.5519637322798596,681.9030236801785,581.0377517529824,0.2963982842159782,610.2207762204724,592.6387910111847,0.329608843671226,681.194993874941,599.5358516646888,0.022803965552118423,627.7210563178087,610.7584316237416,0.02708899119830443,594.61234028591,633.8670886570311,0.005196444903709592,642.2664759115803,634.2861599067495,0.005589785592551982
55.0,678.5947621178836,312.7912638022415,0.938826782051598,678.3221102285087,299.0194991945482,0.7335415545631666,662.5354172071568,302.7023384383555,0.9441891093375102,660.7624301431794,306.3953657719702,0.20774927849867264,620.030269307026,316.87686483297983,0.9166312678325107,690.7350467544786,392.76420981479214,0.9421357649781298,573.9184895650726,411.7638161747944,0.9656260430132886,716.9051211323494,507.31723758806675,0.5673320876407189,556.7746679964148,539.6308124973248,0.7561418048147119,728.711171299786,579.8400920976555,0.34988282732730475,596.641887326472,579.5209831564216,0.5486401908639947,681.5786839659075,581.3424197989707,0.2950634025119669,609.72056838515,592.8279900808141,0.32884855151134057,680.6784806327346,600.3184607972591,0.022516437861055033,627.4077374894812,611.36830746345,0.02682925032051892,593.4180407091678,634.5376540735235,0.005121562354946936,641.8673239085178,634.7697391640224,0.005524112702758127
56.0,677.9564815142687,311.99013385873604,0.9372936729437474,677.6669374705846,298.3087981031672,0.7318108370189034,661.9545268255047,302.0623967310075,0.9417872363750889,660.4025987315152,306.1943090379828,0.21229724803793476,620.1682470861814,316.8964658717592,0.9137363054195222,690.9690463600257,392.72427567927497,0.9424468179387547,573.8805357572196,412.1585399878705,0.965097340548932,716.9985220457422,507.9921764344535,0.5694002565480054,557.1309210833662,540.8762359962033,0.7514294749053909,728.7577470825031,580.321008306417,0.34868930613323407,597.1276409663418,580.2081810555363,0.5408422501828671,681.9639277785325,581.4344493887247,0.29245779654154636,609.823385706683,593.2046683599773,0.3237251327551571,681.4251074583027,598.9027761508006,0.02217960143631243,628.011178024146,610.6717771442542,0.026177979178621396,593.4177019402551,633.4638277748181,0.0050497336501833315,642.1313844657948,634.6009966063391,0.005416699394000921
57.0,678.098280009231,311.8793844642178,0.9354875668539223,677.5659315415061,298.26672423889045,0.7224048187579432,662.0794371049797,302.0292601291612,0.9412560670889621,659.8967952928192,306.33359641800934,0.20377918817878396,620.0536879638214,317.1501786462436,0.9141848834568224,690.9345271962195,392.55131400798416,0.9389395094265908,573.5986212835608,412.3544617500939,0.9648353761590999,717.1988810393582,506.4568108974879,0.5545362334832828,557.8201488160156,540.2823959710066,0.7552163221171524,728.5766779088153,576.2309693972102,0.34193652828104665,601.9055119655727,577.1751308566379,0.5482137587913151,682.9897960695477,580.5031484194359,0.2865776884864623,610.534003599384,592.5095726021505,0.32355795706367885,683.2131330616911,597.9328937061921,0.021852824005131912,629.3860628313009,609.551014978318,0.026509818895553854,595.4723680112492,632.5695106643054,0.0050287562105774475,643.4270195658094,633.0388382302394,0.005500293893812494
58.0,677.7406149541563,313.42538113334103,0.9364179585543716,677.1045765684862,299.69464031992015,0.7229359336058346,661.6636862390824,303.64633826531247,0.9435388789185012,659.3932595034713,306.9736416638552,0.19814647980829253,619.2204424645978,318.14166645076074,0.916744210911938,691.0301040067593,392.1882708070503,0.9365397642243718,573.4379101706969,412.3217431664973,0.9652566520144292,717.4128137696907,504.2038817350429,0.5420317690292461,556.3199122753109,538.6557362917207,0.7603589400629436,728.0950309895593,574.6613951569062,0.33475751119883956,598.0177365946502,575.5704059360604,0.5553957494558742,683.1425684517491,579.9127363012451,0.2861144520801642,610.6020105291037,591.7356610841196,0.32954459515585827,683.4645109031244,598.9032543916518,0.022085478373242554,628.7908874747128,609.5310993187375,0.02754617658932865,595.5356117025714,633.9627808398436,0.005143278044680656,642.7318988023861,632.4714713752775,0.005738445442853522
59.0,677.9244725422715,313.47506705002195,0.9356569512701257,677.2359486522645,299.80556977948436,0.7195018363224143,661.8154198595374,303.6853861901385,0.943351465663574,659.2268623021124,307.14249525181316,0.19391576588108617,618.9950790801693,318.16188018898697,0.9169957348013399,690.9276344914216,392.1847323687616,0.9353172143359245,573.0856851196438,412.0520579368979,0.9644792999435325,717.4970933288038,504.62650039459976,0.5364164147025822,556.1960259611251,538.8511910476487,0.7561775589851156,727.7089971038221,575.4933260155192,0.3289251036131109,597.6521554878984,576.6888073952651,0.5491005044358733,682.6728630086842,580.086829576057,0.28319720203764226,609.943643806732,591.7080894712697,0.32628109718522286,683.2200007742576,598.9303921931785,0.02212270533476879,628.3763730773143,609.0033545910985,0.027558568707607027,595.149461672464,634.3778952458705,0.005225449928458294,642.2007583227028,632.1495395212005,0.005821114908182176
60.0,677.8746695721765,313.50476204620827,0.9386131552662045,677.4183984312391,299.8640441285228,0.7293535095550802,661.7915785865229,303.43635988089704,0.9446512717824265,659.3313830354516,307.1885812528161,0.19794958427759357,618.563484005845,317.4765658797071,0.9178418617473109,690.1394017376518,392.1368385675686,0.9418413087523724,573.0123906688375,411.6391337197133,0.9645596208032899,717.1104577940916,503.28220544838337,0.576685052823677,555.9786981217068,538.2059862624127,0.7582448387124321,728.6655817662353,577.0980331597823,0.3619118695547438,595.9870458166854,579.2482520060943,0.5571071838084115,682.1220006950906,580.504945983326,0.30552226259387866,609.7191547432307,591.8455361151498,0.3365056799494562,682.6383491308802,600.7855002885218,0.02364024633641784,626.7528795922857,610.0382458252491,0.027753690855819864,596.2734664949727,636.720380138615,0.005339478381226339,640.1996612892508,633.0210097227455,0.005700959291365898
61.0,677.8205273115201,313.56771840121354,0.9393675845647853,677.3700022469621,299.92969813665115,0.7317426080084332,661.6970484230412,303.4526720721972,0.9450428719944581,659.1856109086527,307.33189740929083,0.1989742846912617,618.3269764435329,317.52510078237356,0.9183704549900062,690.0132758831614,392.6142722563265,0.9434151673328989,572.8808482735432,411.8472938978705,0.9646303467510501,717.1773929003182,503.67956780480944,0.5857573375125043,555.754689389051,538.0995279209249,0.7587752020775309,729.0493766215836,578.2200677968361,0.3686600385111076,595.1314855958292,579.949962918707,0.558543639990986,682.158954925125,581.0710747424856,0.30967205397333064,609.7051590454025,592.2639321361803,0.3380138486365329,682.3067336673474,601.740511997744,0.023727267060534022,625.7183156689352,610.8072596984083,0.02750028984334776,596.4367841461905,637.6404160980884,0.0052910223760638435,639.1035685940714,633.7593187368343,0.005593903376063843
62.0,677.7973320300244,313.5146986577449,0.9387780038963295,677.3828810586525,299.93769294156624,0.7301014800736378,661.6707398188138,303.41410078427407,0.943903529641196,659.1373026496426,307.51488979565806,0.19917319502799682,618.2556170658512,317.6072540402058,0.9174727329983395,689.9287656789019,392.826323593453,0.9448547827602026,572.7919224640506,411.87618743003065,0.9644094870917173,717.1003283818608,503.6507513738431,0.597624552951748,555.6276888318149,537.6407538092387,0.7588132508052103,729.0751493220573,578.8683913595776,0.37843978658408256,593.4403603566382,579.8771652910758,0.5601465223073154,681.9567952763523,580.7660038287806,0.31875572142312913,609.4060773203081,591.8298806578315,0.3433062398951786,681.7780768076236,601.3825135268406,0.024600188864430054,624.2492986151133,610.453812809212,0.027965134658291906,596.5573208738523,637.264502355644,0.00542817612096303,637.7112346829343,633.4904566400677,0.005658627214321637
63.0,677.8094191090246,313.54655792269193,0.9380283291292333,677.4461285318856,300.05826221925696,0.7276539528558869,661.73615376023,303.41024731799763,0.9430835702648598,659.1221687848044,307.80437345391243,0.19868655939147792,618.3000070216597,317.6262948565325,0.916862252442986,689.733011868058,393.2383857172423,0.9447472079636858,572.9447668788847,412.0056230393352,0.9642157560580753,717.0107372580608,503.83660469183695,0.598707603657765,555.9878301595246,537.4746919128621,0.7585403259131842,728.7151470930561,579.4766064194083,0.37974445006267654,593.1320505637952,580.1412638639902,0.560369291592755,681.7552277432081,580.4755228565825,0.31919397403838556,609.4660876497367,591.3519079203262,0.34335212203928556,681.0644050976053,600.4151619831232,0.02485989128250981,623.7414839066782,609.2275735806867,0.02818731410938774,596.4621094208222,636.4399795942671,0.005507563375132262,637.565396730053,632.4610106318631,0.005730178034727602
64.0,677.7700548263055,313.53780007776624,0.9380453975421028,677.4130731537045,300.1079556184465,0.728331595301573,661.6912127692511,303.42868749716445,0.942673569504184,659.0870518309812,308.06238978981554,0.20032803241919006,618.3689812570888,317.84382829409185,0.9164192255968621,689.6313452047531,393.6666039011963,0.9455457181490202,573.1580371536525,412.135733027412,0.9641809425054437,716.9047725216426,504.2962021767912,0.6041668523208253,556.1360526375024,537.2371186816541,0.7585164818375861,728.7488227709993,579.7786916093348,0.384786928929198,593.1370429390439,580.1283822139262,0.561371371330865,681.643323167535,580.2835298394416,0.3201374392958599,609.5531549430746,591.0473980170744,0.3424262362983226,680.6980623928617,599.0106047838062,0.024990396345028296,623.5461037236001,607.7902585977129,0.028091601976610217,596.6824787991916,635.174862939904,0.005527465158108879,637.4899074684251,631.3311838963606,0.00571555209076005
65.0,677.6513220001965,313.615604478308,0.9391368307065945,677.3064868397299,300.0672912672697,0.7344070010515625,661.4606638582368,303.5706948113779,0.9425876717497448,659.2460941768544,308.02298258261874,0.2065145481224982,618.362056380312,318.2183750826651,0.9152106452816477,689.6234072364765,393.9207351476749,0.9481770126504799,573.3313249501903,412.3725800514462,0.9640332440393522,716.6347633945861,505.20474203008115,0.6210743459221486,556.3506889994802,537.3395319038269,0.7574537428281142,729.1989287101404,580.2027864650578,0.40058668903892225,595.116057781994,580.0213517399466,0.5634600755240533,681.4782102228575,580.230614099708,0.32612940762267606,609.3674266366796,591.1703855311855,0.34200633853454726,680.8083272756693,597.1184758160844,0.02557069402447898,623.1783821833229,606.5918884520664,0.027956602724774987,597.4716482561942,633.7710783920611,0.00559295035945467,636.8552645745837,630.9981684696976,0.005668383611578543
66.0,677.5449303620671,313.8140581778522,0.9399961319440806,677.2133367032563,300.1033146697877,0.7392311244203293,661.3007139399771,303.7610817674392,0.9427173181198459,659.3663905907413,307.90127611835356,0.2116787243226421,618.3509816767533,318.4226814424302,0.9141612508594195,689.4559530506085,394.10323432791205,0.9496204389964292,573.4599081283332,412.75337870407265,0.9639392003317663,716.3669332704166,506.2378634645462,0.6302541885292686,556.9993914430518,538.1619928184473,0.7565112531348054,729.3419325122244,581.0934695477064,0.40995632650834285,598.5850772937006,580.6698081598227,0.5644231113317953,681.4314689230968,580.5222131398343,0.3284606350503953,609.4011355470199,591.7377691189563,0.34050398727210046,681.0083696901278,595.9680601412585,0.025944060318194562,623.1507343014226,606.1697813100909,0.027912233145578093,598.1923978178121,633.3404191301195,0.005653693973265666,636.5547630886127,631.5968307884384,0.005664568143372618
67.0,677.4626798871723,313.9939648879648,0.9394720384465218,677.1004223575928,300.37518373876577,0.7368432573902043,661.2794614134872,303.9596422051559,0.9422995006641873,659.0781758370091,308.24562560071917,0.20996098637329777,618.2707414819225,318.611846178478,0.9141864832573766,689.1917871351638,394.04691787820894,0.9493446178099222,573.3952402876306,412.7865940085445,0.9640372006345972,716.3205612052662,506.0235379654017,0.6297458568750147,557.1319339663031,538.3288458686229,0.7576425522330478,728.8625883548219,581.608724116023,0.4085160900684634,597.6169573647886,581.437304404071,0.5643972399993347,681.5351837468319,580.5239372336847,0.3310899806073772,609.5742643950425,591.7116236294193,0.34397571946491406,680.8030343894175,596.4031711105733,0.02622736838070595,622.6977605241327,606.527909856535,0.028277607609503538,598.3056270513816,633.6885603175108,0.005720427281399928,635.9538781814766,631.7917280682315,0.005740838230186532
68.0,677.3354253691055,314.8651834712302,0.939252051866886,676.9867783584588,301.19648987955554,0.7371876172021651,660.9882812675817,304.9474465179898,0.9424753877501154,659.1379837322231,308.7588150161235,0.20869569954423076,617.6821926645417,319.4877106391344,0.9137536093747618,689.389882497669,394.1142574113208,0.9480527569718885,573.2482589488293,413.0301624990319,0.9632594378030549,716.3293912011425,506.15131569790674,0.6236727391335634,557.3322073354583,538.2262610109626,0.7537378160603058,727.4107568493066,581.9581195214314,0.4035345036882113,596.8248190632578,581.5396660006629,0.5599037558881856,681.2434074500729,580.2245417007009,0.3275055522132454,609.0455502066966,591.3628142515015,0.3410091415919908,679.9110150112664,596.0044308872099,0.02626319389371513,621.504902836854,606.1582130709463,0.02834708881772874,597.5191862285293,632.6922231865337,0.005818146593050646,635.0137366301759,630.843017052608,0.005840493919953541
69.0,677.505146210967,315.03722520183095,0.9387739724681052,677.0090586900861,301.24445624749245,0.7335995142021337,661.056365002259,305.134098049489,0.9422984661779601,658.9002597506591,308.71379755908464,0.2056504540934669,617.5304022694534,319.77694355446545,0.914356499178099,689.4107267233302,394.53364996843,0.9478798437438852,573.0794690282854,413.50318054673824,0.9634072309990768,716.3379653625549,507.40270583247207,0.6219792556735537,557.4501788503965,539.0431953271564,0.754620994476859,727.2030671231635,582.508448754284,0.40198437687412203,597.4882785751647,581.8335824505955,0.5606716717686449,681.0865663617351,580.9823274771703,0.3250017134699765,608.7769320407718,592.1587810114587,0.3392915622574054,679.7645884486435,596.0124210637226,0.025954432600098044,621.1538181858627,606.2606215787531,0.028104372471976242,596.9142025405463,632.6886792793392,0.005753732728269428,634.7430500896166,631.0334155609311,0.0057851154324114655
70.0,677.1239704496492,315.6356315468155,0.9388370566421818,676.5926663037071,301.7915295725788,0.7354778938344465,660.6599293173726,305.90316320174543,0.9421449920522688,658.7509758876254,309.07696900502737,0.20831475202235142,617.4767669074355,320.59608004313844,0.9136649676990617,689.3732445936234,394.6314626710383,0.9481121040169086,573.2400804145474,413.6236851332771,0.9633368714239023,716.1875303284615,507.52327488459025,0.6246721118540896,557.0913542263755,538.4394291297174,0.7552514678428851,727.8112538174719,582.5057504093197,0.4045310159113275,596.692828582218,581.3003968531746,0.5617933728493046,680.6641694671083,580.7387396809187,0.32756160478842233,608.3728986268909,591.9946332277011,0.34135225054811513,679.8307945986343,595.4821456267408,0.026244208142079048,620.5552092347717,606.2174664780637,0.02836870529166218,597.3508555375774,632.3310795013259,0.005811973327088457,633.6923532399247,631.5373061572226,0.00583682382616882
71.0,677.314018338598,316.0436248448847,0.9355769916465203,676.5077169453211,302.1205701548105,0.7240939375582885,660.9479258065534,306.3458054498759,0.9392727720121802,658.1761202860821,309.3304822815671,0.20285371721774875,617.796717728654,321.1215977800517,0.9114625921248851,689.030716233201,394.7084565121684,0.9463321639296435,573.2495738971454,414.0347627484701,0.9619681661403093,715.7814762198872,507.2301397256777,0.6197751889949522,557.282892378167,538.6839540157301,0.7512944625317098,727.767165750201,582.0746264384763,0.40059719568267915,598.5397794318654,581.378094953558,0.5576070548392816,680.1786143618768,580.8401847677882,0.32361476802028505,608.1084817685288,592.2623275620798,0.3369869195745582,679.7526348489065,595.990326144037,0.02590089490491447,620.961447984398,606.7469808099607,0.02797204685135043,596.6623765496271,632.9718875100667,0.005760043894884792,634.0297660938779,631.9021437565817,0.005779262672174372
72.0,677.5075140377952,315.94710053095486,0.9365802948870043,676.6655270675113,301.97944351567367,0.726285212146005,661.2222501967879,306.165365163336,0.9398234672029735,658.06741752244,309.31698121757876,0.20435822293101422,618.0400715007448,321.0044485028715,0.9122477329117028,688.6635683115084,394.76005049059546,0.9481989624458433,573.2983969032985,414.37102336356656,0.9627597825586943,715.7125393875942,505.9294380521927,0.632073952319256,557.5018324315139,538.1547766615405,0.7562431471793206,727.5114608772549,580.8685933018799,0.4142208820662232,598.6810358238312,581.0679434753415,0.5663466448488486,680.2740861173494,580.0294216091928,0.3347026062286414,608.3800854488076,591.647691698401,0.3458121033441978,680.4213501941657,595.1235636615968,0.027035753878377377,620.7904002172569,606.2881321256276,0.02888454258597574,597.7299607902432,632.3214745183825,0.005924881590359999,633.4724627564049,631.789738139511,0.0058989299366383465
73.0,677.5781326646071,316.1366368746169,0.9379146309020838,676.6962106928928,302.01366477050254,0.7312147451505265,661.1209568904186,306.4126023288609,0.9410758820846369,658.1850699239382,309.2912022845255,0.2067469024234902,617.9571180585909,321.4643860099905,0.913174708006904,688.6857785227015,395.0186940065404,0.9485644393957686,573.7043882505405,414.91945399774903,0.9629897923936305,715.7706049619691,506.3337003685619,0.6324099947272095,557.4940182262889,538.5643839716024,0.7559820001223964,727.7737045702446,581.1563413342124,0.41408029222814996,597.6954400534679,582.1669960424463,0.5654262280389437,680.3792585943677,580.5470835476685,0.3333259608375994,608.6700884270298,592.3650695329336,0.34435207927199946,680.8849442302164,595.3868108474036,0.026698815718603656,621.003177714527,607.1000905902201,0.028517861309464303,598.2495084775419,632.1075305877098,0.005841380917766313,632.6798416151553,632.4189207996293,0.005814762305465501
74.0,677.649541308355,315.8055663354788,0.9389026829125916,676.792219914133,301.71045443654833,0.734127150129122,661.1927486375791,306.0495126316516,0.9422145434964376,658.2469782786893,309.20534813366874,0.20835967855374346,618.128243543203,321.26735091180103,0.9147303542185748,688.6200273736631,395.3429755738314,0.948608794569661,573.8929058721075,415.1318718204549,0.9636340631346049,715.6797246947657,507.0278437925235,0.6277070158301952,557.6467738962069,539.1245067541387,0.7565515817728687,727.9966208243605,581.9169715842527,0.40781554012046706,597.1797588574476,582.809245667067,0.5634288672466404,680.3923374543061,581.1935599303305,0.3289116786805995,608.8777696958155,592.9875267837496,0.34201342650073285,680.8899500436862,595.761401638364,0.026066915028011152,621.3830454568935,607.5206401405721,0.028100934036025527,598.0431435255681,632.2498703618327,0.005717495468607309,632.901344945501,632.7500870035955,0.005729695674281791
75.0,677.6634937276444,315.7140621660258,0.9398303374662358,676.7918176764532,301.6852368693565,0.7369296936503302,661.1549473168528,306.00302481340424,0.9433139466196673,658.2400291502167,309.48412481242775,0.2096336143016548,618.1876721971962,321.5469155274373,0.9160662887703926,688.7801791942869,395.98522946831105,0.9485593087627417,574.0072587473602,415.2694170649658,0.9641715515122588,715.6679535868482,508.11060196321455,0.6244015764117266,557.5811599243117,539.0695555685363,0.7585393616452025,728.0073863541476,582.1271163917881,0.40424647799829005,596.917437741073,582.7505800251479,0.5644024264414751,680.222126429917,581.6476857872186,0.32490722740401445,608.6159553687763,593.2047467708804,0.34013644632525486,680.6265145333576,596.0356951948565,0.02536060640985536,621.0289099848213,607.509484885959,0.027599764699326235,597.9625421957721,632.0432117247551,0.0055573675257074495,632.3725983647678,632.4824929076887,0.005607105934496251
76.0,677.7524401654086,315.84364300822347,0.9397370730754975,676.7565598552087,301.8688617560063,0.7351565605045345,661.2401635448209,306.248948547639,0.9434377421879144,658.0122532369624,309.8146665473185,0.20804923104656786,618.2949977225571,322.040007994223,0.917000216841294,688.8852359192656,396.23242410167643,0.9486796992916188,573.9987630445612,415.4803317642533,0.9646356877293814,715.9251504391813,508.33942498816134,0.625103356750412,557.4632857190318,538.950220008247,0.7618842954258788,728.1227235047742,582.025726716077,0.40475213664581244,596.2955895693005,582.6276151476094,0.5678967101403023,680.2385275628744,581.5256906790127,0.3256825310515281,608.5133054475456,593.0706068664146,0.34214850315131623,680.833648657695,595.7906402769427,0.025207656188010463,620.9040199005669,607.341589700568,0.027578650487700074,598.1144620856358,631.6131411072463,0.005498802139247749,632.0898175095385,632.2688704903205,0.005567113715942658
77.0,677.8445032723605,315.9991578937484,0.9389769630708292,676.7544139783615,302.0216135893886,0.7321110580129585,661.3185930893198,306.5041894629961,0.9428039751733676,657.9106029787741,310.00641356365475,0.2064496785678877,618.4076752628097,322.4677218813858,0.9168502363105333,688.9748438162259,396.30850090468994,0.9484979679587096,574.1114403262428,415.773305582619,0.9645735720104982,716.0074793414477,508.2091075292716,0.6258275854264428,557.5702867562158,538.9752202808418,0.7627531680950043,728.1383084512294,581.9985974697657,0.4052491602849981,595.8640408980119,582.8713521712588,0.5686927786498874,680.2926654005715,581.3265279452162,0.32771004100342305,608.5074838441907,592.9699734528033,0.34431885325368655,681.1106462380232,595.6996166649094,0.02538141687842113,620.6850092984611,607.5017432393222,0.027773882176738637,598.247948653754,631.4082726423845,0.005529703790876697,631.4910278200919,632.3900063310565,0.005598037992285948
78.0,677.8875091297753,316.27048606002387,0.9386324317926027,676.7651310856369,302.1973191970207,0.732081758411606,661.2419003633985,306.8245322876849,0.9425486673157704,658.0242619713144,310.1382433650545,0.2069859525938565,618.3585582590097,322.9373908128433,0.9162731681831879,689.2298111100523,396.7080744533441,0.9478201163354186,574.275207953894,416.12346602649126,0.9640937504731134,716.0799119474656,509.22869215873123,0.6217564073464441,557.6726690767464,539.4063109317269,0.7598615116339025,728.380384085928,582.5487363448191,0.40095978050095415,596.1721704364645,583.394790579712,0.564448277166934,680.2631201388692,581.7520637223491,0.32342158741461674,608.3557748253189,593.3949477692587,0.34018308793133284,681.1776119851962,595.7757371870485,0.02500969620189348,620.4211127393961,607.6974794389087,0.027395589117595848,598.1553408066623,631.1635421508761,0.005484868727962109,630.8493385685551,632.46056633632,0.0055570154122422276
79.0,677.923652740211,316.6230434764429,0.9391799150096525,676.7614854764693,302.4263238483272,0.7341616230915667,661.1400617960253,307.20377975366955,0.9432293977279497,658.0820125752379,310.2115079424201,0.20777778934508018,618.1727435875331,323.34878177456693,0.916788419294303,689.4671323976683,397.0682701539617,0.9476433211993329,574.1792707400981,416.4070920849449,0.9641129397724776,716.3998729106354,510.655775871201,0.6177732980502049,557.561733298222,540.0495038086481,0.7581692415177671,728.8418067448679,583.4481550806946,0.39641478270812885,596.5829118486923,583.7185928548627,0.5614253547520921,680.3225490285358,582.3392452522485,0.317719572181545,608.2410907559961,594.0209338978019,0.3350995447341311,681.398260867346,595.4674635176428,0.024462173631034395,620.6848504236177,607.6107539863909,0.026895078217657194,598.0237216777899,630.6935965398241,0.005401141907507782,631.1949241497792,632.4773203754456,0.005485125086672676
80.0,677.8630516448354,316.8107023924589,0.9406197137719552,676.7374605704784,302.5637365805075,0.7387786913747283,660.9480970137982,307.4390505276329,0.9446870151807829,658.2104333902133,310.29675453921226,0.20890910109626987,617.8694077699537,323.6455685721478,0.9180757807631125,689.6143194529715,397.2844810593866,0.9483137040100423,574.0615873438436,416.52326964601457,0.9646074119411905,716.3670803118822,511.0524032282385,0.6198672208687513,557.3197281421025,539.7851465595749,0.759995794995715,728.4163084075225,583.7937290281603,0.39838303792685126,595.485734008039,583.6946216228035,0.5638038160647709,680.2437254393649,582.4354157541355,0.32057739772410077,607.954185552427,594.0843670548023,0.3381786241918126,681.2738496935759,595.7825818107599,0.02472540385688882,620.0620290308347,608.124262116375,0.027190166551555817,598.0201974911528,630.7981623350142,0.005444880782433872,630.45541135154,633.0657416948093,0.00552797958611829
81.0,677.8710035199945,316.7497771766805,0.941546957171892,676.7860931010141,302.5785497481295,0.7411644828271449,660.9416802222122,307.37580467416916,0.9458660904832709,658.1988905093335,310.49110023604743,0.20858014954718246,617.7608725724915,323.6633379532835,0.9197370945176699,689.6828830176227,397.7628407069055,0.9485904190550152,573.8833182053926,416.5562900920583,0.9651461345588931,716.6022239271273,511.6533965057235,0.618799288666754,556.6106526106312,539.5486269548923,0.7616891987258316,728.4827917987333,584.6703424196411,0.39601891697055724,592.2231024284141,584.2140951447976,0.564162058236085,679.9504827930427,582.7410342814812,0.322579420551803,607.5211175033638,594.100639777028,0.3415680325345379,680.5130843584762,596.7421046475412,0.024891146113542807,618.6799104777315,608.816756057518,0.02749583870317907,597.4286277820568,631.6408763613723,0.005476540349274632,629.0007826729341,633.9326497460444,0.005575676784240187
82.0,677.8823661898319,316.9285912588057,0.9412055896422843,676.8311798692692,302.78379216774835,0.7389088395428824,661.0343631691534,307.51991461074726,0.9451491867919666,658.149857887677,310.66282419648104,0.20717910261994046,617.8016924907265,323.66981917782795,0.9192229125531808,689.1236026146157,397.2342057033589,0.9500948808835581,574.0424613340053,416.3883799990378,0.9651401004077997,716.0480960366523,509.6280639649461,0.6338420993583899,556.4659343637435,539.0894340003034,0.7657557380016585,729.0756960252688,584.0415195143261,0.4119078029391429,593.3986878582314,585.1194966960795,0.5724147809920681,679.5628115343499,582.1391924748254,0.3361321950913328,607.4994463485159,593.6216128219894,0.3511889563457515,680.517480251815,596.7793797260052,0.02624473478355866,618.7136788700822,608.5633335782089,0.028484552186242428,598.3729273505651,632.8477537189614,0.005682324528394476,628.4673875921952,634.0704527658711,0.005712133597955128
83.0,677.7599540908697,317.0719911961046,0.9427411520231775,676.8503824926216,302.8983974198372,0.7443929644751625,660.8716866099535,307.6096378508814,0.9463817251164894,658.4205075790505,310.66339768523244,0.2097008714070048,617.5745169466344,323.5924721949412,0.9197252424502903,688.7395501475675,396.8945708650862,0.9512047203647428,574.1578343210355,416.31493643958777,0.96550472825585,715.3849765433312,508.10604331844,0.6417787951850081,556.7362788111043,538.5358046094017,0.7687662487023523,728.6972674479114,582.7317267051022,0.4222590991548673,595.2670587112922,584.8010254426963,0.5791152848158282,679.3968697891946,581.6596356310364,0.3442569859785827,607.568819987795,593.300496120495,0.35758420690686554,680.7040768418382,596.8224561310881,0.02714313081207599,618.9871960052127,608.6688740080987,0.029241723834788663,599.3677545876438,633.1222420850418,0.005827021660249693,628.2946472303906,634.0802205742815,0.005827141494646337
84.0,677.7664087524596,317.0800624877316,0.9419918344474294,676.8271807576751,302.985710189893,0.7422359196198971,660.9365270606504,307.66280683235215,0.9455417538189573,658.2744781375795,310.8711713848829,0.2093890112653205,617.6858490781935,323.72085015828367,0.9191568364045198,688.6212075067367,396.94690998585486,0.9511627152421668,574.1100089351614,416.411332719902,0.9652311989742778,715.4172280793395,508.32642564384224,0.6418917175336046,556.6190661069975,538.8589725206845,0.7666053942407829,728.5153489116124,583.1189431395948,0.42085437829104205,594.1630760820257,584.974398828401,0.5757238294812898,679.3646264908135,581.6764081796989,0.34373343744233253,607.612746275396,593.3441364946857,0.35616893721205833,680.708995565135,596.3522805579831,0.027179467745331715,619.2059784258565,608.3237055474336,0.029166092290284055,599.2012767367339,632.5936689023665,0.0058562520702524915,628.4717698656605,633.7570508521078,0.0058402947302374705
85.0,677.6938489230433,316.8300003975968,0.9413066469799892,676.7550735853636,302.80145332861235,0.7406275954807163,660.9336275565257,307.39637667502376,0.9447316560000881,658.1681192160792,310.80798052703824,0.21034484553763075,617.7628067602811,323.48250682321355,0.9182990715064434,688.6132864415468,397.128537123725,0.9509596067436942,574.0344773015121,416.3420879768714,0.965063005941025,715.2799302258402,508.87141511757756,0.6407070863844416,556.6549799507347,538.9844997772408,0.7654663334159294,727.811563133056,583.3266689969263,0.419488646715631,594.6302230023431,584.676609890913,0.5742181895271048,679.3360651576296,581.6579711436268,0.34127535093383554,607.5836716437547,593.2019289642777,0.35370288449723847,680.5517201891614,596.1876303564937,0.026896271295725655,619.3518069356442,607.9235458735667,0.0288712957958797,598.9083062003317,632.2098717098993,0.005801220915914129,628.8904424826787,633.1830350336933,0.00578923345781961
86.0,677.7030841775323,317.014454507831,0.9402215680198475,676.7005741127647,303.0175095151112,0.7371122679988283,661.0073060519584,307.58723672534546,0.9437267543723935,657.9435830459507,310.9726387707583,0.20847280534522145,617.784733848414,323.5870287419654,0.9174405373704979,688.4795302209317,397.0848982541911,0.9503878394817277,573.8997361938244,416.33326982835746,0.9644401075786398,715.3393106013721,508.50518983983557,0.6391343909931929,556.5848859008121,538.7498757352364,0.7626940233032523,727.7536995783705,582.8796144463104,0.41818298139544113,594.3431364425652,584.0067145027158,0.5715376371023773,679.2205936330903,581.3136207561589,0.3395168770806671,607.5233929681966,592.8494828664051,0.3512329111392241,680.4214633041032,595.4905015552777,0.026937280097843415,619.3471086693602,607.1556738154896,0.028824053344806776,598.6385441045336,631.575003959323,0.005845682361205263,629.2123867397091,632.392056862752,0.005819584480784792
87.0,677.439321253199,317.3617792103664,0.9388896710125259,676.3717597863009,303.3746171211458,0.7329708515706796,660.7794914973151,307.9984512119032,0.9423785374492023,657.5719664515833,311.25177188173234,0.206906866181842,617.6528573815178,323.9823661330747,0.9163147645077042,688.4550314824082,397.0717928010548,0.9499419058519758,573.7621384981775,416.457328621389,0.9640133145981737,715.4573964436328,508.3696502008866,0.6391282058744243,556.2772124935673,538.7321826773463,0.7616869204599098,727.7223601566809,582.8209431130679,0.41765780944717157,592.6695307332549,584.000405299981,0.5701219384786571,679.2472160501649,581.3402083473527,0.33961972499137505,607.4890855465463,592.8854514224439,0.3510217144774994,680.2764811117796,595.8106705110538,0.026825108708712745,619.062553760679,607.5245401040277,0.028662408822797535,598.2847641975007,631.5450225855099,0.00581224122762744,629.075888355179,632.4326210905195,0.00578126496115048
88.0,677.2738625027441,317.49878484178663,0.9393539465372518,676.227967408162,303.5256043721086,0.7345744808743059,660.6377534963334,308.1446458469793,0.9427574102902653,657.5008067526279,311.33094113907134,0.20785083584758512,617.5692152262553,324.0344072194735,0.9165884227210322,688.3726532805535,396.9612299258175,0.9501872291493128,573.71426641956,416.3709552262049,0.9642789758797861,715.4855778767374,508.09675884696844,0.6405181282800314,556.0989975630421,538.4659033440838,0.763198605940088,727.7460544368425,582.8127852954001,0.4191698114844494,592.1165172804239,583.7700546015458,0.5721524333358469,679.4014299237131,581.2015481604583,0.3397621128767121,607.6913236723663,592.7760155343362,0.3514259321532369,680.3565375387831,595.8726419229203,0.026612792328267913,619.2571879233528,607.7018059526134,0.028473136667904325,598.5110088323094,631.3337131111871,0.005737950875435526,629.4048321145926,632.3988928412749,0.005713366440026868
89.0,677.2068824261818,317.4942688571022,0.9399147931916444,676.157071956403,303.5248909724224,0.7363639614880232,660.5334218189367,308.2135335612852,0.9431812265529201,657.5028716614187,311.36879770822,0.20843443274901238,617.5313471235363,324.2252626147772,0.9169771597373254,688.2251645676828,396.7031995739448,0.950678335223692,573.7679103537637,416.296298213928,0.9644497410077966,715.3427339714409,507.4428496626466,0.6443237311306736,555.970057458769,537.9883977724063,0.7646343822296922,727.8852547005633,582.6496015696301,0.4229214957646412,591.7800184295037,583.6899310037661,0.5743407957852815,679.2922615292375,580.7637709994249,0.34311924547484207,607.6369697938618,592.4772936225515,0.3540049743200529,680.5345662270252,595.5526245919094,0.026831228466744347,619.2381076900999,607.7664784498667,0.028606841960805342,599.002278834974,631.001821519489,0.005754184550268698,628.9015157339411,632.5137046121281,0.005713808041557287
90.0,677.1572489602862,317.43834751377653,0.9395639200698139,676.0782841283352,303.47767775302833,0.7353036379706601,660.4771942768004,308.2069076328422,0.942723263802463,657.4093814674981,311.37090196519085,0.2080983041896118,617.5412433825219,324.32417996948,0.9166090385436273,688.0852251275398,396.5403143837465,0.9507540901924618,573.836252977746,416.26791255064035,0.9643010884160244,715.2554818209865,507.06587123250705,0.6461777705345249,556.0083058506764,537.785028439585,0.7644464505891736,728.0540801243365,582.539036539821,0.42438429852243365,591.4911905421314,583.799696265331,0.5740928806237491,679.2041867892831,580.557321756459,0.34571042015711295,607.6302659435934,592.3548020794276,0.35582913288247764,680.5534285937786,595.4993409006697,0.027109109075163656,619.1453820280298,607.9402734331306,0.02880142002187053,599.1987017966368,630.9829543254998,0.005803902021666954,628.489558484355,632.7654186425884,0.005748193027886143
91.0,677.1963206785324,317.3374352944251,0.9390991791206396,676.04183024686,303.41272914813914,0.7332679883081384,660.4902476418129,308.16181272424416,0.9424127118277688,657.2388650227654,311.40308332402856,0.20646895854379438,617.5162004203718,324.43433038669133,0.9167093032505836,688.0842902765097,396.5904120980112,0.9503429481738801,573.8896053291081,416.3352246235775,0.9641314935493382,715.3229632251476,507.20063960694466,0.6439991517036932,556.0846628039081,537.8865736829022,0.7636755500908297,727.9998116144059,582.5879354357221,0.42161575826143183,590.9069722635683,584.0233557596812,0.572337978996554,679.2360313817296,580.6684660385727,0.34396726206329964,607.6859792175535,592.4382718387513,0.35456333426604447,680.4355615879573,595.6966619428487,0.02687051248259009,619.0431076718774,608.0779235660385,0.02859359833597922,599.0613740790238,630.9868198691358,0.005761328808559025,628.2810272497701,632.6807177202427,0.005711794111828312
92.0,677.2475284238493,317.15306656944114,0.9390998068101705,676.0083303265849,303.2738891680608,0.7324804263058866,660.4470655212581,308.09851535355506,0.9426565415015211,657.1131586003197,311.4635186868173,0.204731818193867,617.4323795885746,324.71312808085224,0.9174702194288373,688.1955844320715,396.6676014387058,0.9499446780709623,574.0116726537902,416.45625527780294,0.9641331981795925,715.3743464504403,507.32847297722077,0.6413597420198643,555.9376642900825,537.8791176756281,0.763757990400253,727.812706254778,582.6145987982271,0.41839510537686264,589.6252898660827,584.179307296706,0.571477343146742,679.2321425641384,580.6764838257856,0.34161420496533124,607.6414079938203,592.4104548677674,0.3532814102105249,680.3518932956265,595.6778359077712,0.026488245998674217,618.8181805118227,608.011337645637,0.028299978074843628,598.9858913940673,630.7177919377514,0.005686412700369416,627.5920472005857,632.2889578000286,0.005652032368052546
93.0,677.058807588941,317.05339349030083,0.9393445467356802,675.8424003146936,303.1771428075316,0.7339206127821293,660.2149925236203,308.0494877996143,0.9427702084549577,657.0860361354391,311.42594112039484,0.20594409772820602,617.3065724525453,324.78741675778184,0.9173488070451051,688.1789355985081,396.62750413799034,0.9499928534138461,574.1544781170534,416.45888340466706,0.9642016895385811,715.3105289929425,507.12204236036683,0.6415905770907206,555.7859476305653,537.6100134335909,0.7641323692231116,727.8495554368352,582.3665415642603,0.41890316544013306,589.0458783771714,583.7494296791506,0.572284159838105,679.3145227723963,580.4338823418979,0.34224853025565244,607.8133683551255,592.179503807213,0.3541477586271124,680.3574259558242,595.2941970586102,0.026607200525885492,618.8808826183775,607.6917570823477,0.0284521234710666,599.2066473099651,630.3497481297268,0.005714758535824761,627.3253371957406,631.951932946576,0.005685233690729727
94.0,676.7044620342394,317.41887425616125,0.9393866701528509,675.4552101742282,303.48338369474993,0.734945945257692,659.8022074619533,308.48582474228704,0.9426240817400234,656.851813324098,311.58828529132785,0.20707262945558494,616.9728851480153,325.2399083496466,0.916747346887773,688.0593250834183,396.62422927323445,0.9502334874979809,574.0681293670652,416.6560989595223,0.963982628087696,715.2190033684681,506.85176578592905,0.6444058882534942,555.7922148519847,537.3896668302353,0.7637277134693127,727.882322762288,581.9605238813485,0.4225013055838411,589.723959065811,583.1919548343695,0.573260574591936,679.2283667465407,580.1945569180243,0.3440125798479253,607.7248686927919,592.062001856249,0.35462880519546214,680.4330631748765,594.8929205555023,0.02685201059812933,618.8973713216589,607.5337142419762,0.02856969435237979,599.3349489995777,629.9558722251527,0.005760920067094995,627.1715370825149,631.7569959278919,0.005710833006418997
95.0,676.6052400116565,317.6087007251416,0.9390440004767484,675.3035323372349,303.65779178052856,0.733216010392498,659.7599568619581,308.65624178270144,0.9425000778314039,656.6325053483829,311.65949751519133,0.20625499174758172,616.9523980771638,325.2927920684937,0.9168099816336186,688.0282981036986,396.8341607587303,0.949975741202682,573.9089399583836,416.71660526231335,0.9640703089214284,715.2840265394836,507.3503592452303,0.6420869820958083,555.8295869082522,537.6073990721708,0.764491725899651,727.9264094936767,582.259224527635,0.4204576475565169,590.7203341777586,583.1154239222049,0.5739005037005376,678.9101348823486,580.4990922555862,0.3420204742139148,607.3891359133738,592.2834369362428,0.3536661668841033,680.360958316587,595.3342946746733,0.026620066296059283,619.0967540938619,607.7088899936849,0.028478300827507703,598.9209024697802,630.6039229605833,0.005714363633630784,627.7261183879067,632.0645784978246,0.005686706760909608
96.0,676.6644593981508,317.2718474872567,0.938486605342253,675.3716300652851,303.33397345371475,0.7310609482202314,659.8000055087375,308.3103717920455,0.9421745561355036,656.6715414380291,311.4174036901055,0.20477620993468557,616.9718497537534,325.0090693512684,0.9167014573747259,687.8730869944569,396.843774369907,0.9492531488394814,573.968020226842,416.5498587585507,0.963779840989941,715.0880308999895,507.94978739602357,0.637114657120043,555.9256368353505,537.9103361596691,0.7626110788496981,728.035105480619,583.1475979420529,0.41448456423630187,590.7897425793935,583.9676155862725,0.5698874180647171,678.3698624840404,580.927561075355,0.3384085238659992,607.0096560421833,592.6282304115059,0.3509365277981747,679.7943552657763,595.7979514126113,0.026321039535586774,618.9776690770702,608.0649978094789,0.02827000238582327,598.2758199934295,631.0867536006549,0.0056870250151102855,627.3570469196228,632.5017912172567,0.005673609468232699
97.0,676.6971030448132,316.4466700407041,0.9390081131731888,675.4774940624236,302.66637832882736,0.7329941868171898,659.8720819365531,307.4640271261758,0.9423897251979473,656.7697048826216,311.10321556611973,0.20687977210571012,617.064014579515,324.3303419058526,0.9170570964198437,688.1519995196421,396.8227838540903,0.9499141129330099,573.8472387341916,416.1137452192539,0.9643195306810547,715.5046512531312,508.41831207737675,0.6389063748135088,555.7542344399131,537.825648682032,0.7641689806113307,728.132813216184,583.8989598263382,0.4145589006088863,590.3568562040259,584.1013150348241,0.570302057478617,678.8507657106093,580.9461893443763,0.33914454044629794,607.1974360620571,592.4251143878298,0.3519645701634291,679.8100725771321,595.4033166949993,0.02623237343913425,618.5224250588036,607.3363841758306,0.028186214236001615,598.5728678778715,630.9665580196114,0.005648775961406388,627.0559069541176,632.1066263891432,0.005639989116222189
98.0,676.7302169236802,317.06505716992115,0.9390974352045918,675.204104822895,303.09102938926367,0.7308905475316184,659.9168776844714,308.2516723450653,0.9425296556395154,656.1733530156954,311.00833161286647,0.20354505673257403,617.076715564595,325.0044298502481,0.9182490062795566,688.0374450280306,396.1317624625533,0.9513407775197638,573.7242241481475,416.42365946484364,0.9647826548606137,715.8666679322453,506.1066513519376,0.6507326080563262,555.0307588008094,536.8692350557493,0.7686179722289496,729.3575468852661,582.3946346304338,0.4264191820661837,586.9828538251862,584.5933771845381,0.5768794834823114,678.7182027216642,579.9075138147757,0.35237686019340386,607.0823385060116,591.8495223057248,0.3627165853970692,679.9750819667554,595.5301866403444,0.027360329644467205,617.4176220263284,608.4569872397078,0.02904923210212552,598.2845059409622,630.9684154814927,0.005790280953805266,626.1337150391716,633.2717721081825,0.005725012642193943
99.0,676.7516189156686,317.3703824225434,0.9389272980761182,675.2331677944212,303.3304040338767,0.7296252091236362,659.9126425223448,308.5464482387026,0.9427894585923846,656.2737943475051,311.08375868483085,0.2015387332186539,616.9751403046695,325.17679962226555,0.9184551050524982,688.342536052959,396.2535803603404,0.9504976322795129,573.4012893403578,416.61892349791583,0.9648135327621414,716.4673375217536,506.546090312689,0.6447834974054094,555.0330680233419,537.2053196876623,0.7686617732762098,729.5457626350797,582.228109484641,0.421549698328415,587.1108672640389,584.2006525377515,0.5766812567156303,678.7234312658435,580.0285737311243,0.3487947660341919,606.7463402369723,592.0152536164723,0.3613848279607636,679.9882518499797,595.3253185564785,0.027208394623118706,617.2078745934365,608.4760289234071,0.029171709908369106,597.7894754409682,630.7599812451715,0.005804719960373414,626.3446301128052,633.5443137377125,0.005777059471393921
100.0,676.7425552337071,317.461319578483,0.9389971983984732,675.2599817904662,303.40490235250473,0.7298683110820321,659.8772936566747,308.64344113256675,0.9427354486084113,656.4000320058025,311.02826218651387,0.20146946999721746,616.8680398799063,325.16502673623387,0.9181284669791563,688.4027698846387,396.0483498210962,0.9506980776023113,573.4340071096894,416.60047384716,0.9647405858139618,716.4867087668399,506.0101115473542,0.6475536948205105,555.2725869927824,537.0541536041428,0.7691511575771984,729.3498263288191,581.9457044899349,0.4253010116021654,587.7837936696825,584.1481570556117,0.578561523263836,678.9283356464725,580.0363481664666,0.3508914320648247,606.9302553893531,592.1051638402635,0.3625901175676616,680.0800696067822,595.3350476176502,0.027425887257618627,617.3565908342825,608.5690821296536,0.029292230225055508,598.0470124383775,630.882531878194,0.005833249997251855,626.6572570616281,633.6326873234325,0.00578934968207417
101.0,676.7500421333098,317.4140133922681,0.9378149099775079,675.2496004546744,303.3642922414524,0.725917533197793,659.9748158595552,308.5358005014747,0.9414743763952266,656.2841012407567,310.9237278142427,0.199973588518987,616.9912151792887,324.89794018104556,0.9170241824713096,688.3134459436794,395.8926243476659,0.9504649397625318,573.4544914247836,416.4219469629158,0.9643084397561333,716.5420273735286,505.55076013441476,0.6486223020419627,555.3404622579089,536.8845819173637,0.7680607342040646,729.5454926124146,581.3412812507419,0.42670081282712435,587.5406459246537,584.2289424355374,0.5778708331524969,679.047448694411,579.830990882422,0.3521545052368017,607.1601064003413,591.8793678794142,0.36288689151123465,680.3073633027391,595.4467488118604,0.027619150894615477,617.6618629773174,608.5185015772304,0.029387447717377276,598.2209717287562,631.0025537126972,0.005866641233833022,627.2384054066988,633.5744894114197,0.0058083014609573965
102.0,676.7151921406482,317.4799363194794,0.9378123006721629,675.2409359397537,303.40427611547346,0.726269850565238,659.9077227457304,308.56315432101525,0.9415599182237289,656.3373848584733,310.9030724147172,0.1994732296723594,616.8864173799622,324.8528305914106,0.916811854239529,688.2690439257411,395.7945546497801,0.9499418476813745,573.5218258837433,416.26599835652894,0.9639558695906734,716.3533425299204,505.1749194454884,0.6464879453183149,555.4231581484071,536.494063676205,0.7667933610385513,729.477255964477,580.3490257600807,0.42589623051495545,587.814853709197,583.623834516009,0.5773964851662592,679.279395820616,579.435801684486,0.35051819168313414,607.4499190011488,591.4685288229809,0.361445095007737,680.4932599484863,595.3408332897433,0.02757295623742273,617.8858918641496,608.309945132533,0.02936151029856924,598.6683218579758,630.7659106431055,0.005872774179736119,627.5042923875551,633.2147703512396,0.005818301789072964
103.0,676.7392338033295,317.15477501676105,0.9381604928659086,675.2796493170579,303.0985236654999,0.7266071996451884,659.8558620987327,308.25258509931786,0.941936680798099,656.4263879450863,310.80845005235466,0.1989203558900381,616.8392879729406,324.78297476117564,0.9173648630502905,688.3352377038387,395.9208570103486,0.9500987415872767,573.5854466906696,416.2455243031307,0.9642126125991043,716.2298724853895,505.61355651993847,0.6472322868436762,555.5037190003975,536.6274355292572,0.7687141277599004,729.3871383432972,580.6158051353561,0.42671621698113643,588.442139520138,583.8592981379034,0.5796720043891094,679.2868099545041,579.6243113487627,0.3511054006776939,607.357945544031,591.6087667911531,0.3625208515898934,680.7324203284999,595.5162981380039,0.027481325190212572,617.8978563723322,608.3934044277793,0.029329104608760103,599.1195035453962,631.11098879606,0.005830517110575232,626.9960283502564,633.4389399156155,0.005784944024796361
104.0,676.7795602676158,316.95299275528396,0.93846553173576,675.3034793560854,302.85917100111476,0.7269958146552328,659.8371845717458,308.04278608945003,0.9422645411882525,656.441897708101,310.659640378797,0.19874382876743454,616.8022618903587,324.72508379936875,0.9178292370250845,688.3579105220423,396.0608782860789,0.9502629138673472,573.6029947468224,416.42004270481056,0.9644116742024936,716.2559002773935,506.1597544621584,0.647021080558583,555.6892505718444,537.1290533155329,0.7693369287919322,729.5215928378216,581.3069462972713,0.4261736771286992,589.328397596714,584.222410171889,0.5800987417691219,679.2306109479103,580.0342519360688,0.35071673171044654,607.273713726385,592.0577236988786,0.3623575263681414,680.9125351299442,595.8645082181005,0.02737266306563873,618.1069000727689,608.7862360860476,0.029254128631747117,599.3034946340474,631.6769023896761,0.005797659982851565,627.0093261931459,633.9630684670741,0.005757274646824704
105.0,676.821312761735,316.8724051659892,0.9384571740019964,675.3321865535082,302.7741892845272,0.7270305696297272,659.8903528346273,307.94708932839416,0.9422616218192079,656.4149858125384,310.5878192906269,0.19875183334317703,616.8529617473484,324.63437087499534,0.9179046773299674,688.2560362454068,396.0395532451573,0.9502376797613387,573.6814675279965,416.4328179049454,0.964313124517385,716.1124392690224,506.05550126017505,0.6464598214975259,555.8512977573995,537.1326652787798,0.7683020697842643,729.4773154704155,581.3405264769409,0.42528091544176516,589.3017707919587,584.1717783475887,0.5786559101045597,679.1372856530866,580.0071733650752,0.3506120379475779,607.3118246913848,592.0370429605688,0.36197031637569715,680.7832072667738,596.1197689831888,0.027401502655924892,618.134543685887,609.0371936315875,0.02924671467639595,599.2062544631561,631.9212266494728,0.005806436991305986,627.1172827712109,634.1463042908471,0.005760304335548787
106.0,676.828609643113,316.65627713956025,0.9383504685462406,675.3639440625008,302.6354606613109,0.7266195609120634,659.9369068868995,307.72742404616616,0.9420749805969351,656.4352288485412,310.58308794264934,0.19884976953592867,616.9488112002875,324.4547914479779,0.9178693430462513,688.1912602281589,396.0166024825978,0.9504643837469751,573.7387659584542,416.1533060918027,0.9643906580685304,715.9006316175423,505.94219657332224,0.648476588153639,556.0072240110001,536.663758145694,0.7693279435236516,729.3896866432809,581.4065563618478,0.4268550492766754,589.3580308845396,584.050839569345,0.5797190641849389,679.0913696697382,579.7808374783392,0.35342962090113655,607.2795616518099,591.6918122786783,0.3645106389225242,680.6790081613924,596.3186215021269,0.02761385866374758,617.8407924254269,609.0818107250507,0.029429512628501055,599.3287099538196,632.0179703405524,0.005830626751199767,626.7226906368965,634.1512331016488,0.005778304912231199
107.0,676.6964687730725,316.57391917469016,0.9383451700332558,675.292813014675,302.63529232488463,0.7271422012768157,659.8176410324173,307.63898115113045,0.9420484297022151,656.4840693152948,310.7098362511546,0.19959586266192553,616.8919466516743,324.39709099028124,0.9176314651894775,688.3103909932573,396.175896716251,0.9503235372035659,573.6439674455673,415.9569708794463,0.9644283611114695,715.9754335325306,506.22379818981204,0.6476316262077642,556.1216775375347,536.3382445805213,0.7699593793230469,729.4633331472663,581.658311132995,0.42587138445107664,590.0335619748023,583.7369968885515,0.5801138541730653,679.21577811232,579.8431381100279,0.3536400453139296,607.2019772701556,591.5915185208528,0.36536831757372756,680.6733978936742,596.5208897376581,0.02759756820261065,617.5659179738243,609.0522170619502,0.029492751952736134,599.4807329964044,632.1160587129359,0.005830236917243345,626.4472460144214,634.0815715196363,0.005790768666427549
108.0,676.5696678468561,316.4702470965263,0.9374874326794245,675.1757880977318,302.7013560737311,0.7249710331817444,659.7675634756757,307.5859059492195,0.9413865257040622,656.342651489099,311.00593975158216,0.19882032245519127,616.9350960749416,324.4527575552959,0.9171655197485558,688.4604824758412,396.4186756597962,0.9493655756021169,573.5412063198148,415.96145023810453,0.9640412207193533,716.1918178117295,506.3650428008728,0.6416193598199358,555.6919787936428,536.3668132142025,0.7674517907428456,729.1284229736032,581.4168674007341,0.4188680373937213,588.2120831535836,583.7262792809678,0.5752150901887755,679.090539538612,580.177447353281,0.3485802566543969,606.9530905595545,591.6951298302091,0.36162515798610506,680.1743824200514,596.6513700605453,0.02709043142815144,617.0685970039176,608.7217594868116,0.02909740199344552,598.6582490491502,632.2500389376071,0.0057666188426465665,625.9504990106761,633.6959937988179,0.005750525658070743
109.0,676.5756842548134,316.74606681648396,0.9376880525579686,675.1177617485288,302.92596431004586,0.7250929387506962,659.6858022054273,307.9303419445679,0.9418965022316148,656.2488707484921,311.06564265061417,0.19732632398944142,616.680104667253,324.78576917287734,0.9177333872115137,688.4190167678878,396.3422759716698,0.9487781439579909,573.4092174235296,416.2210226794288,0.9638502501593852,716.2976685417852,506.53253789900685,0.6372128705753819,555.3511718670803,536.9504124616465,0.7657141223921687,729.126472682133,581.5940247440752,0.41470270919174596,588.018328650766,584.1011732741741,0.572783833166618,679.052441591822,580.3622550023586,0.3426249420595197,606.9493312978827,592.0316766971134,0.3564239948834487,680.0404925093981,596.0800587580322,0.026569337666215706,617.3606689899575,608.3333280940735,0.028628933651593382,598.3633317616736,631.8433860911852,0.0057000364362219435,626.2885918476828,633.3145978571496,0.005694156361693808
110.0,676.2428659206648,317.4246874147528,0.938069013348751,674.9093117727779,303.5592407286495,0.728898503664489,659.2088594883546,308.8049854569928,0.9420358450718552,656.6753137787006,311.4490405868039,0.20021270437001212,616.4099324411827,325.66570834561213,0.9168794043142752,688.4208145927505,396.18900097741647,0.9488260083028546,573.6772530323996,416.5983863032544,0.963417823779314,715.9054516968164,505.97984648063743,0.6396682127064993,555.4234924223045,536.8599035423944,0.7637865357666378,728.9995526769006,581.4986101932644,0.4180369775628811,587.8027295923741,584.549179785828,0.5717450096688242,678.8403321747643,579.5712575913578,0.34309937808365626,606.9163303086575,591.5904202325315,0.3552119761422914,679.8306819123347,594.6502073541293,0.02682981140623019,617.5237441769124,607.8843520761251,0.02870943912934588,598.5591592630433,629.7458481548708,0.005789581425274409,626.1787110516078,632.5111535087418,0.005752883596834591
111.0,676.0224190698434,317.7915209858023,0.93767012664621,674.8054460892893,303.9197894145064,0.7279432839663489,659.0721257908498,309.06525302217665,0.9418342445582649,656.7844977515955,311.6280336198092,0.20027659269664916,616.399223565671,325.57470065999155,0.916114972302401,688.5590390470732,396.5794006639097,0.9476847438845408,573.7645826932722,416.38948127413653,0.9636392182098189,716.1196191063386,506.5329929752702,0.6341250385988615,555.4351258348828,536.0906921148611,0.7669274547398681,728.7304857370885,582.1359798700056,0.41440009277046413,587.2137470265208,583.9539584159605,0.5756354493161454,679.168931422151,580.033093059724,0.3411737429874242,607.2449005011181,591.7612226205096,0.3570576056679834,679.7021414962719,595.7839199286741,0.02654070039235099,617.3447995133529,608.7409763404605,0.028869254505946903,598.8001106519985,630.4670097594678,0.005729086101303892,626.4889739024117,633.386232233478,0.005763454291868592
112.0,676.2111458711595,317.7122763244362,0.9372878050903691,675.0433673023572,303.8260251465509,0.7290563882747266,659.220841761371,308.9061645667418,0.9408852277188093,656.9653328518448,311.6858499256092,0.20311591065857296,616.4245462838039,325.4987605899382,0.9144690798767959,688.5784734141134,396.95193950609104,0.948345849376056,573.9475896495684,416.62854458391877,0.9626304659676254,716.1849994625088,507.45588201202366,0.638080812267718,555.8454381216728,537.0383983515297,0.7601010303410319,728.8659552580134,582.4522095995918,0.41777998757474905,589.3629483680961,584.0338115714777,0.569276638630233,679.2668521732306,580.3011674983396,0.33973668575446603,607.5007114422275,591.9541620736408,0.35093175462744564,679.611110771272,595.1220655212805,0.026830657216783797,618.0763873504588,607.6477463872016,0.028626502785464327,598.8127486074437,630.6027694852954,0.005820512066658539,627.0691590332831,632.691519141927,0.0057779060279564785
113.0,676.2424662465851,317.81344691909004,0.9381094363920305,675.1186358104429,303.90752884831375,0.7318479785168145,659.1931402385633,309.005150247086,0.9418162977282258,657.1580933844089,311.76040901563147,0.20395962068294843,616.3440403009945,325.61132450759686,0.9153156142242436,688.8529068616558,397.0357148369436,0.948572057803277,573.958637912419,416.76871700620177,0.9629599947169325,716.2905799071618,507.55391866145817,0.6383541068689992,555.7890309095972,537.2049400903456,0.7614669808179623,729.050818552608,582.5907225160879,0.4179917431389398,589.0780536332458,583.8468149284566,0.5709094603527383,679.7508650813913,580.3413823633113,0.3417492965665698,607.7448359843746,591.9954526427131,0.35352099399482256,680.0262727555388,596.1218654714182,0.026906322830377114,617.8824628017999,608.6123447204703,0.028771345041399006,599.2907965816703,631.2673812029684,0.005812044350037997,626.6991420227913,633.201256734593,0.005779588702736755
114.0,675.8189058367566,318.18525796483584,0.9404163187943801,674.8915838517416,304.179132251652,0.7420070574476995,658.7769353803117,309.3547812808872,0.9433027133950043,657.4485911461958,311.72110073439563,0.21233228287549943,616.1835889581304,325.6629006608621,0.9155033457678855,688.9264754118489,397.1973156412369,0.9506913395332183,574.0509530339756,416.9227112081958,0.9639185942894771,716.3375444317719,507.6860027560249,0.6477664147670021,555.6940863857868,536.8202871750915,0.7638318228138271,728.9856724351134,583.1857679259028,0.4273501744656671,587.644982378593,583.6074449009097,0.5749109120957497,679.6341984197916,580.1961623004221,0.34802870014324877,607.7217670879132,591.8968872980421,0.3578522906743617,679.7051868968235,595.082639560678,0.027645353961053675,617.3191442268176,608.1434427771756,0.029316136892647286,599.258715570132,630.2180085236781,0.00593758310263333,626.7151071797539,633.2954325666317,0.00587187514251303
115.0,675.819139198039,318.04163427591703,0.9409496150725274,674.9657133557612,304.02215624452236,0.7443913975853552,658.7667075240108,309.1059973202601,0.9437745331030792,657.5310554542657,311.598449699992,0.2138798036748441,616.0407169339736,325.3338752419675,0.9157379866944273,688.8845600922979,397.5543926603707,0.9509416524343883,573.7263900885525,417.1036806581235,0.9638735932423287,716.4155416791648,508.71863869704885,0.6457579537090623,555.6248371972231,537.6640124584657,0.7606330234802975,729.0592964576633,584.576000340632,0.42390341401426085,588.087222459857,584.2837564799752,0.5701361073579834,679.4175513261457,580.7951159512024,0.3453962625595131,607.417442103601,592.4303767799431,0.3545317630716992,679.437338676931,594.8809837155623,0.02769760193868083,617.198737685532,607.8282193014127,0.02928819878349344,598.7847341408412,630.2927627538055,0.00600595918319242,627.055944121298,633.2602747733621,0.005926852904122357
116.0,675.7510532738713,318.0348015126393,0.9410735397044385,674.9368548510598,303.9588709498522,0.7461212503987907,658.6486773752061,309.04121211660635,0.9438775881103603,657.5981957256074,311.47796029220655,0.21562908081512916,615.9087308010847,325.2077343048171,0.9152881922008081,688.9027309699817,397.8710660605069,0.9504555257181905,573.681192571,417.1834288329005,0.9635026162160829,716.4946979304776,509.5909334092355,0.6405626413083518,555.6873295857501,537.9556486089434,0.7566406096499873,729.0972447081963,584.2192721204054,0.41871764147251234,588.3179942330976,583.8955955254638,0.5650358659287611,679.4088712684376,581.2554773729038,0.3401047498535519,607.4465466412197,592.8374211654877,0.3495061546006257,679.5552377534893,595.1167894118865,0.027314266292315148,617.6825439933033,608.046828254967,0.028937990809373405,598.6898703797798,630.180114078311,0.005966688914285203,627.6735815778957,633.4280212405622,0.005898155447935827
117.0,675.7968334350762,318.27176457103246,0.9409313317561049,675.0240594013762,304.1690811803599,0.7467527151943794,658.6774006024616,309.22500001223887,0.9438692956647495,657.7281588005138,311.6306841068246,0.21631962732308083,615.8956395713151,325.293084474144,0.914891538665224,689.127913171767,398.15511641610465,0.9496583424935476,573.6855645491133,417.3090735988528,0.963148872123904,716.8859049861137,510.02643270819885,0.6347320614747703,555.5104654378483,538.1222203721168,0.7536746286318022,729.1854475553447,583.9767656140236,0.4129672535164235,587.3380733700438,583.8418953423135,0.5608006830310737,679.6042733084216,581.612882185344,0.3351828476141963,607.5577482418162,593.0918882435752,0.3456248564483029,679.644456850312,595.6106722915929,0.02685530169462858,617.8192997415737,608.3672874722943,0.02858666178834111,598.5088490604649,630.196924413738,0.005905143180243314,627.8761866954162,633.4338995609951,0.0058597799589928555
118.0,675.8436811132804,318.3597032991259,0.9414935192195448,675.0820092507491,304.2345107764977,0.749588874599299,658.7186756398752,309.2814597251245,0.9444401974024249,657.7475811897812,311.7259008634395,0.21809526484987468,615.894943293071,325.3675293096289,0.915150153088565,689.156150624893,398.1454451850613,0.9495825916159513,573.7442124893265,417.4851692831973,0.9629032492150018,717.1929260269987,509.7065446441591,0.6329305660233896,555.5689270450704,538.3872892749301,0.7508240693534441,729.36657191066,583.5167673324421,0.41102657747733357,587.1797013614142,583.9189323743227,0.5572459598226182,679.6542364471906,581.49892589251,0.3325454057371775,607.6360653413237,593.0166980244054,0.3424511563217802,679.7956470910251,595.7802609338854,0.02660672635339827,618.0192274467876,608.4535280909705,0.028263378809655446,598.5474342294021,630.4573225685448,0.005862320305589442,627.7843106678205,633.4265929235302,0.005810408127142398
119.0,675.9398954498977,318.36418664923394,0.9420061788754805,675.2363110991615,304.2093871498604,0.7522416955550933,658.845349945709,309.17003455010234,0.9449281516204507,657.8634709056365,311.71873186698366,0.22014560421930693,615.959740010263,325.15117631461897,0.9152716690859564,689.0955579027244,398.3867675766794,0.9495192429038575,573.7567605348278,417.5909906925136,0.962742693396295,717.3233330010563,510.1791762486717,0.6302201294652857,555.7610211501769,538.7506294946784,0.7478048014884252,729.4092858315978,583.9246580518112,0.4080771273816854,587.3929444784243,583.8386275337715,0.5535095446383793,679.6375691748849,581.4357083000373,0.32956912470770977,607.7039048080445,592.8900913134859,0.3392269816127564,679.9305449225491,595.4524868430323,0.026562510824517327,618.1187666525095,607.997601949908,0.028189814233065113,598.6916789303446,630.3536340673547,0.00589405866805221,627.9251689386149,633.2265448321194,0.00583939391975257
120.0,676.090769628703,318.34329080865035,0.9420089503115523,675.4141259590704,304.27477876193734,0.7518474047729404,659.1030690214615,309.0746933158282,0.9450052576750902,657.8933167588431,311.8618149968632,0.21997077584392447,616.1888882331131,324.92701438212976,0.9157413897622397,689.0096587668253,398.7013717076296,0.9497144028192365,573.7898985974055,417.4830338922609,0.9629503648629154,717.2721424233853,510.4623358015049,0.6306029548160041,555.8240422763649,538.5453583331797,0.7485697543515306,729.3799458503124,584.4095966328174,0.407620421473505,586.4568844966358,584.0132817218825,0.553590419550701,679.3730656509822,581.5916516037788,0.33120159594072185,607.5245882699519,592.8061074377409,0.34109016667305253,679.6933807509843,595.9854119378069,0.026705928434958143,617.5779177805322,608.138549596303,0.02835889316654918,598.6072890550416,630.7321607337926,0.00591960995393011,627.654581953331,633.331902165304,0.005867047441474374
121.0,676.1517141921078,318.3451588340175,0.9427086309026684,675.4208157930834,304.35730752769894,0.7530566307022466,659.2038344683117,309.1807497188126,0.9456572246798717,657.8251684010332,311.9928832412396,0.22018775595361065,616.3607148452671,325.1153573519503,0.9169775842488962,688.9188435960203,398.4774213195565,0.950758571106322,573.9419146963032,417.34890779586743,0.9637578847942344,717.0943219258426,509.453742707195,0.6376875634864339,555.6970859346815,537.7593010570412,0.7541846254500585,729.480930118535,584.1066480162615,0.41403463906343707,585.3643060108761,584.2966607739993,0.5598322375905901,679.1198240229782,581.3381308801722,0.3394383194197116,607.3099419819488,592.5732358225465,0.34916895405953524,679.6956938345068,596.6106928944171,0.02714316618501621,616.9390006510732,608.8570099551356,0.028784326704552266,598.9368393222966,631.0276102032029,0.0059343202789556215,626.6039567379123,633.7204304155742,0.005874626779500973
122.0,676.1842834239636,318.46575626471565,0.9440086663516419,675.4182116084505,304.40709168117166,0.7570691886936048,659.1399650455921,309.43625979241824,0.9469873499361876,657.9694215351063,311.9420195080764,0.22183056366100545,616.3539311384171,325.5137434227174,0.9182194983479656,688.9560279780475,398.081964451695,0.9512382849242321,574.1266114648777,417.4370600693979,0.9645183099982345,716.9179800225132,508.54602610340663,0.6401034957833711,555.6105247364522,537.2789836716909,0.7586370228082803,729.4645059732193,583.8055481550269,0.4169540594432229,585.4393566705326,584.3758534347529,0.5650465804184868,679.2068679167388,580.7904513667468,0.3437397641315106,607.3475325941671,592.3278066672206,0.3545983789579709,680.3307244032413,596.2181829776897,0.027434554538505657,616.9290336576822,609.157697865077,0.029224732883024223,599.7577449996309,630.4001943442287,0.00597275834314965,625.7718420114747,633.8878559986291,0.00593090839421279
123.0,676.3118251860284,318.58144188771104,0.9443242451188306,675.5524110849024,304.48655393175983,0.7581568550775523,659.2326245343463,309.56874708306475,0.9476413565600188,658.1501842614408,311.98256589475983,0.22187476692809827,616.4235641131941,325.6612132519645,0.9188616974087687,689.0661098144517,398.2334432917345,0.95051885754577,574.2198297823612,417.57708098616274,0.9646158634155707,716.830270410044,508.7278430591476,0.6338205455387494,555.5923698679359,537.254253867442,0.7583719442607555,729.2672623642671,583.8155783869772,0.4111457931112617,585.462549061699,584.3617758149454,0.5637792562092193,679.09658384166,580.7546417553723,0.3402099219734232,607.2142375054515,592.3018666726093,0.3533330226288078,680.4872053826851,595.9524211810366,0.027262807030842426,616.9090228848452,608.9705785356358,0.0293228820585718,599.7397771397033,630.1022391826547,0.005991462480519461,625.5707121910615,633.8004753279669,0.005989987224961922
124.0,676.407049689873,318.4953963059487,0.9439336839205172,675.6448751352692,304.50886003132746,0.756739812108453,659.443209883123,309.45256695661453,0.9472263393899528,658.090803718205,312.1432981291926,0.22195954109167404,616.6656538721526,325.5200588001105,0.9187547722702711,689.107185863796,398.63198723467013,0.9507055182082081,574.1862283114244,417.566976177424,0.9646839594492885,716.9943744569487,508.9742273610673,0.6342501688091765,555.2931427187393,537.0929712634028,0.7584564491318363,729.5175750566644,583.6749484923871,0.4113178349105811,584.8277469776207,584.1090531377112,0.5636222227511947,678.6623197523562,580.946996863605,0.34027039437963336,606.8086621960831,592.2192661511427,0.3532989240626086,679.8078613292726,595.5814445023274,0.02736840518562513,616.2148147959322,608.0387700452642,0.02941409083449367,599.018896920527,630.0898623170334,0.006024722070530004,625.2916923314382,633.170727000677,0.006020527088429407
125.0,676.4642227773402,318.30062846687775,0.9438084394471027,675.7255665244169,304.41380454540746,0.7560564850723274,659.6085902405308,309.23005965663333,0.946776134925195,658.0786714979101,312.15120253877643,0.22296134473745965,616.8501517891344,325.2531231738328,0.9184647635561806,689.080875423705,398.68798528730883,0.9516432063749719,574.1834322794233,417.56659296049565,0.9649193124689078,717.2759588831386,508.3252350364021,0.6415164175089664,555.2768185723113,536.8934560749109,0.7608205796751178,730.0845705954447,582.7985238929402,0.4195471962544475,585.4072767522894,583.8739759508577,0.5681105842750627,678.5590408608116,580.8643307863407,0.344158391122725,606.7575573818875,592.0556329867808,0.3554611401515396,679.3955641269918,594.9989583025822,0.02762204782845782,615.7446813671374,607.142868184265,0.029462807425343993,599.0780407028453,629.8930992588795,0.00602174740411666,625.2938543914879,632.4530262724514,0.005985813233598337
126.0,676.2597927139601,318.5895569508538,0.9449631992914556,675.6353900801784,304.5190222316119,0.7615073112139292,659.2871968340656,309.40747472622064,0.9476234147735462,658.2473205981828,311.9701003716621,0.2269089172594998,616.4452284543,325.20383657392927,0.9182381788673194,689.0935304625561,398.8588606397307,0.9522992476047526,574.2494001571918,417.66198868463465,0.9648751010422248,717.2258798288507,508.9880350407182,0.6437194945873409,555.1055910641714,537.2758843312203,0.7591748511205932,730.5376599657553,583.249852947155,0.42245870349418735,585.9361720666985,583.8553692243381,0.5676510901513602,678.4432323835981,581.4675827355252,0.34432156780162815,606.7265962288473,592.5822776117683,0.3541070853690053,678.9160497194996,595.2422577529052,0.027888744950795234,615.4730497430285,607.1284539138152,0.029564671284154367,598.8616035147733,630.5486917100611,0.006090226040063772,625.0771220116117,632.6346373347571,0.006029542200426011
127.0,676.0339517740359,318.7781631066691,0.9459699819046313,675.4696747933917,304.6225674529451,0.7654797204936314,659.0244127195339,309.5556739213014,0.9480556616459438,658.2362610254103,312.0975652936087,0.22999396358943855,616.2857701506506,325.4263139150051,0.918097635946311,688.7728143735045,398.76903034977494,0.953885632770217,574.3667036104088,417.9241498930061,0.9651146426394555,716.9567495563452,508.6431975344221,0.6552596765148055,555.227626004395,537.7051824919531,0.7612712369671556,731.2095439633317,583.9053841738397,0.4344028980823588,587.2031909483142,584.5564184754159,0.5724305565990133,678.4068305932007,581.1217696532073,0.3527447787027027,606.8374729385047,592.4354797325982,0.3589235565754735,679.2328877826839,594.7645744252496,0.028809326756573276,615.398451224658,606.8833314297655,0.030085635472996915,600.0736621237681,630.8774998087982,0.006224017048839338,624.4100414079371,632.8222676240064,0.0060967582493566
128.0,675.8187003417613,318.92222197005776,0.9464778958913419,675.3657407829912,304.659266012844,0.767982492418988,658.7365628771687,309.61933104340375,0.9485137085809586,658.4220275358268,312.07285429598136,0.23270790654180146,616.0248537875073,325.4538558182017,0.9180282046343626,689.0812313359645,399.2426366541293,0.9540656672772694,573.943768034593,418.2142495274352,0.9653454069406925,717.152961151081,509.83431015545466,0.6542957351722148,555.4366099926046,538.2311808259909,0.7614673913985581,731.2571937628561,584.9482259526901,0.43367724247100947,588.7912778437118,584.8847095457837,0.5724055661839788,678.220653952187,581.4812736010734,0.35027990277106724,606.1680730187984,592.7567202121522,0.35690674139253503,678.9776374122915,594.380457560605,0.028576297581413553,614.6235136648614,606.6589475560305,0.029913744910569747,599.4321953885603,630.2389904234151,0.006195307145399259,624.2173648745461,632.6730744958843,0.0060784474703639985
129.0,675.9399561567908,318.5959658599316,0.946124926877858,675.5407999722748,304.49910186295915,0.7666571642840938,658.971881845617,309.16039770020467,0.9479671512512331,658.3868193628499,312.26083573427445,0.23299945475593944,616.1230213475499,325.0252222699773,0.917402159898568,688.9249561317274,399.8413926960698,0.9541165916990414,573.9651006005253,418.51003593719423,0.9651178281067859,717.3061591798783,509.8712362607322,0.6565826711928568,556.0432666352909,538.6314024169337,0.7616520502425113,730.9013929928325,584.5916134124585,0.43825713671453453,591.7073263363998,584.9516900271359,0.5750293774017707,678.786014145336,581.9905555755482,0.3482166660778722,606.8596446009215,593.0949263348759,0.35383295462139785,679.2482589456013,594.3037735935101,0.028261737569715183,615.273637770432,605.8470735169129,0.029469162909513825,600.5646242679709,630.6692758296208,0.006097523949110998,625.3187765806584,631.9321642756514,0.005969580590195621
130.0,675.5395272056359,318.6378818173565,0.9459558559239825,675.5609409058312,304.7586457972832,0.7683475376516006,658.7483519725264,309.0019822141314,0.9477789176330595,659.1050880224885,312.8349146344971,0.23541553660598966,616.1942409172194,324.64867512607617,0.9151517132429338,689.38934113698,400.67399375589025,0.9518303809860965,573.8650885905837,418.98816135193806,0.9647253257949733,718.8722860840356,511.2500365575493,0.6434798832610519,557.7574318259784,540.1561622121654,0.7598982973709986,729.9669764228565,584.3878536997091,0.43002747893446164,594.9400265352082,585.8735018786542,0.5736794791081005,680.2131964557643,582.7675890817976,0.3332742395311906,607.9622513054022,593.8543680147478,0.34332599538094594,680.5582672217756,592.3715477936199,0.02718643053700035,616.7864091011899,604.2512006197476,0.028930400801535697,603.105110365487,629.1572299335452,0.005992213528480248,628.0249164316908,631.7335023898082,0.005960516243961447
131.0,675.5120990816893,318.895359122103,0.9468932651583163,675.6511927251538,305.0440421421147,0.7723940369242029,658.6172076289799,309.25058308045476,0.9489653583595827,659.4598659654895,313.1744088871561,0.23783570712960594,615.9422632495522,324.92991543388257,0.9159780147143161,689.9376832408677,401.1287097773134,0.9512979180161414,573.6372512496231,419.42220244400374,0.9650083996255565,719.3479841563865,512.296635196573,0.6360800110786423,558.0561537668907,541.1512612347943,0.7588495252526563,729.2849997573123,584.9185515509516,0.4225889001677461,596.078337418096,586.3173136672757,0.5708261995819786,680.8974179592742,583.2544813273781,0.3267978182671979,608.1682004168366,594.3226274965145,0.33924768640724073,680.9060560545436,592.5936699015521,0.02655400014117285,617.1183543419835,604.4250313680722,0.028554088916605727,603.1527217496497,629.0211648541958,0.005905847781968112,628.7040417507139,631.6066717081434,0.005920979147857426
132.0,675.6162176910975,319.14995653782046,0.946739940435145,675.6283537259042,305.3231198629909,0.7708652823924413,658.7950160210969,309.6096595416464,0.9489846453702953,659.2131895458045,313.4723587623193,0.23706797906151486,616.2510470434473,325.3978333370704,0.9170001929995619,689.9623421598345,401.15603843638434,0.9515839883921035,573.7868263888055,419.7124854139402,0.9655948808717905,719.4838180490425,511.42521827349213,0.6378123163806038,557.5155748245456,540.7597650321954,0.7626930705867985,729.9116150983602,584.5881522493054,0.422994835613221,593.5902907363095,586.6177190591751,0.573756797472209,680.7637209383707,583.2541426338222,0.3308843090101703,608.0522057147423,594.3879517713185,0.344565069673993,681.1973148299923,593.3560071946515,0.026544648323047336,616.6251969073389,605.3023064628096,0.02868559468394341,603.0622295260653,629.3855295684833,0.005851079194695412,627.6873238098226,632.0679544584434,0.005887121033261687
133.0,675.7722769700417,319.2712418547048,0.9463855892715164,675.7730996355598,305.5728699680723,0.7701885596192771,658.972645821359,309.77241485864016,0.9486489026768409,659.2470285227918,314.00821207165137,0.2374645360886464,616.3993125505616,325.7823260817687,0.9169108311353522,690.1668212801958,401.64750600589144,0.9514822727167422,573.6425401956425,420.24869554770896,0.9652698449704932,719.6850868331103,511.77329922175204,0.6372885291527572,557.5007454775852,541.5716982715415,0.7603880231164023,730.0632269580198,584.602084222529,0.4214225983552458,594.1869433707469,587.1946274600291,0.5702591867012095,681.0807942390858,583.8466834863742,0.3283861912462368,608.0907676391149,594.9966530088952,0.3411484428839052,681.5686262452097,594.2068730900678,0.026019371117614605,616.8000202834188,606.0014703088325,0.028018614368690076,603.3703313200972,630.0254806220486,0.0057181035327432085,627.8637488249591,632.3649531496623,0.005740234076984915
134.0,675.9459644529234,319.7991381148981,0.9467198186340061,676.1227583496227,306.15857531077853,0.7703088434157542,659.2261383480554,310.10789085158297,0.9491988798421168,659.5788437001377,314.401808334986,0.2363797287840607,616.2810511422464,325.5770274421072,0.9175188954916536,690.1833594855984,401.6826881556815,0.9515805788938242,573.5372841314239,420.2683270908063,0.9655324856416909,720.1027693005342,511.79532140363017,0.6384256193893905,558.4096667635425,542.7145001097713,0.7627683157090913,729.9647775314977,584.4148025333291,0.42463893304925104,596.7613002080358,588.8618132542038,0.5741287105786393,681.7646300559294,583.9715883213978,0.32769942662553536,608.7073940801854,595.0563241674962,0.3408225819682,682.2967171624163,593.6657590893499,0.026108650299019175,617.5187428851409,604.7946065189143,0.028165257452711163,604.6994067112616,629.9958183752444,0.00575386373307452,629.3363460222544,631.3382376339717,0.005785422742065921
135.0,676.12853282769,320.2216969631735,0.9465818441501969,676.3609140565142,306.632162347536,0.7676855170259727,659.4968259512444,310.4220317067304,0.9493900548713917,659.6768472777151,314.8048189156095,0.232964457578842,616.3122743323657,325.59754322520706,0.9181996727313366,690.1008957742479,401.7559300063809,0.9515639112350358,573.4436616551094,420.17689525515004,0.9660032915864426,720.1359071045978,511.2081707281074,0.6409355134874029,558.8381128552076,542.5111507155148,0.768674074753449,729.7762533603775,584.0461782041671,0.429727238136957,598.64049388666,589.2806447847486,0.5827471534797839,681.7940968299124,583.7399440374562,0.3320983725463827,608.6423564762156,594.6836654329743,0.34665507347143304,682.5550339623662,593.5549770359311,0.026569569656707086,617.2541988208692,604.0883725265688,0.028829923733322802,605.4682492290272,630.2808643890322,0.005832528712350062,629.287862181289,630.7398999698117,0.005887943882596138
136.0,676.2556630907426,320.07898736138264,0.9567302668586833,674.9519012906836,307.49535666870395,0.7689085364549603,660.1384663077705,310.78939724391665,0.9621905203244936,657.8617741858991,316.36492672985554,0.18315046146888736,617.8527179783009,326.5738588430658,0.9428653403176613,689.6565048184748,400.8491330975581,0.9613462839689635,573.3150673474775,420.00536090943945,0.972291713297948,716.4196146140704,505.85234467691635,0.6963874978694677,557.5495375257758,543.7806437500024,0.8158597165775487,728.1559144782394,580.7979508751753,0.4961747844310316,599.4388582271382,592.3105911568114,0.6595379657134827,681.5972193840271,582.3160069347573,0.3848008116553223,610.4179537580021,593.7035723289804,0.39653389340652795,687.2392492529656,608.7796165693956,0.02722668931374564,628.5804043881474,617.3140569281089,0.029263152507746405,615.8777932472451,644.8175571086047,0.0051582019439367615,652.3714108047996,638.3143268940707,0.005076199513844677
137.0,676.5488420201443,319.98473973816266,0.9631761720090721,674.0754553218508,308.07028649921597,0.7661737636739436,660.8680392130806,311.04050570280594,0.970593293703075,656.4899277832939,317.3354014466131,0.14733997397724272,619.1719342227019,327.1788899937975,0.9597070832704574,689.440117650264,400.1612712652711,0.9679435612757955,573.1034979113293,420.0716138232389,0.9763887320565499,713.783734396297,502.374579942135,0.7333936930393212,556.4596331008852,545.2581208010058,0.8464322880547465,726.8853707365647,579.2097889688791,0.539668319767581,599.8229460777952,594.5989112461281,0.7096281799889901,681.7933601771198,581.6429446751351,0.41846901428454014,611.9653246814372,593.4438281496022,0.4277628372932971,690.2137489181134,619.7209161279507,0.027366176192860175,636.4496432539298,627.0204633658113,0.02914227902974583,622.4286981473479,655.263044948406,0.004637251115172321,669.2930586557778,643.9477383492152,0.004448615166647779
138.0,676.8585901800516,319.88152624735335,0.9622769812214618,674.2800067486501,308.0048559715725,0.760508722960592,661.2450492904624,310.93730552181296,0.9698926940539497,656.3882215363058,317.3290976482922,0.14442341834051392,619.4421438005728,327.1027126075057,0.959352379810552,689.412924222307,400.2281623894579,0.9676167212784152,573.1946977679436,420.15727655115955,0.9761414513430007,713.7002875691401,502.30216119651385,0.733309220712287,556.4124251862885,545.3720778778292,0.8463076430597273,726.9106807153643,579.4035045749421,0.5397533740788157,599.881596354654,594.6977247689858,0.7098404741842698,681.9612958209825,581.8932101840318,0.4195240035651684,612.2220179845552,593.6662205136885,0.428598417429465,690.1455533224187,620.4492720048994,0.02744167130550497,636.4211550987247,627.5304979024079,0.029179810689669624,622.4588751304841,656.1603652628555,0.004636092928426643,669.4166330509872,644.3672272243423,0.004442061544438017
139.0,677.1841051939542,319.7414761467453,0.9616558923764293,674.5507253462205,307.9312698512003,0.7549256033686608,661.6425568180393,310.7614054449131,0.9695061318946506,656.4035081365845,317.31790588696515,0.14098122273794986,619.6779130395425,326.85979178018493,0.959407756215597,689.3502588002677,400.35896179768156,0.9675118356408857,573.4545629391449,420.02924969911794,0.9762793343946587,713.6884076305412,502.18869551774463,0.735564113183425,556.972341008931,545.1305409777525,0.8497379204774074,726.9010437837247,579.4563926156842,0.5441652320487999,601.2961110329551,594.827002646406,0.7159261079146317,682.2047074238021,582.0508396319899,0.4252978484646598,612.6060241423246,593.6780486655172,0.4352510226733398,690.562924174935,621.4988183547115,0.027878372800014265,636.6285015686043,628.0999487549834,0.029758880514690306,623.4356871244789,657.4161586864612,0.004665913916583812,669.5057079964413,644.9363237167427,0.00448187667245745
140.0,677.6024320317075,319.6109059290418,0.96088391732148,674.9100400027426,307.8121134106728,0.7492722091593688,662.146729553831,310.55980496785736,0.9689089929769159,656.4844640350954,317.21202201603955,0.13864811802225788,619.9966722294031,326.5622558913261,0.9592424089623234,689.5683554759114,400.6695301602878,0.9675516207054073,573.4226963731869,420.1836205838275,0.9764313416685814,713.8730735737716,502.40088498633634,0.7376097688326482,557.4543042731121,545.1139142024472,0.8520792363658539,726.6608704540544,580.5625232729068,0.5472054260258998,603.277038625322,594.8709432258686,0.719898566757647,682.6369762618243,582.6342055804495,0.429991136426292,612.8967038548179,594.1725460572359,0.44031176736975514,690.5499582292466,622.6970916826361,0.028187922053177845,636.4054767560631,629.0859328798135,0.030127950682093497,623.2374969655206,658.7782999151044,0.004677692974494347,669.900796535704,645.944489070528,0.00449615562183499
141.0,677.7856206890492,319.132365275131,0.9602492841256157,675.0029289496337,307.40720095785616,0.745799612531748,662.2741074849271,310.15861219159274,0.9682092083756131,656.4374147445025,317.1181612440854,0.13790246934481393,620.1453867145416,326.5642042634705,0.9588674551454138,689.9301039661552,401.0452530080599,0.9678482923759832,573.3654586316648,420.4728341149642,0.9763926064340189,714.2706538360476,502.44581887001084,0.7408118718867992,557.1690551483427,544.693466366761,0.85219460989142,726.7303020714434,581.3023555636594,0.5496587383439469,602.7351350824956,594.5276578028521,0.7199523956631212,682.7796862287794,583.3959542624942,0.4347814541298582,612.7947320138851,594.8767077941532,0.44365701265625734,690.118727668883,623.7266843411408,0.028400603439867955,635.9465797137268,630.2166983359556,0.0301650187813206,622.31485516494,659.8653901871241,0.004667489500797691,669.3085060194587,647.0919431690629,0.004465153558064721
142.0,677.8160629404085,318.90581041782553,0.9595290980994616,674.9393866318334,307.2944177403283,0.7406007111250551,662.2854123617836,310.0482892488005,0.9676422514448161,656.2567678601005,317.2508685025672,0.13585280709841388,620.2650673230551,326.76412221128567,0.9588063179636837,690.1356195882477,401.1545141822911,0.967773006257242,573.493403632735,420.3231062243116,0.9766807646827234,714.5846067319193,502.38161956819687,0.7425324328485694,557.1786689695167,543.8429500193195,0.8560157294905542,726.7549188637244,580.9352573546997,0.5522384916526804,602.2776874156056,593.7051900465436,0.7254121556188248,683.0196968401021,583.478787410997,0.43831301369947706,612.9045743418048,594.8267260276323,0.4490577191304729,690.0436034605272,623.9077447003816,0.028298297193159076,635.724105219221,630.3537958981065,0.030266887320844735,622.1957176751963,659.7631276120859,0.004600167444916972,668.6049320561971,647.107726665495,0.004422366156969909
143.0,677.9389398085896,319.194765880825,0.9599509163801406,675.1279639395766,307.52915807619866,0.7427813670439606,662.3735094606966,310.2532451164015,0.9680959590429478,656.5097915968755,317.3831649405343,0.13672058244699478,620.2953563729568,326.8131864235382,0.9591276891829137,690.1781929177955,401.3375600365441,0.9675523024095112,573.7387868051408,420.3592095368733,0.9768571393596778,714.5641439975868,502.975635466985,0.738702489048533,557.6816774079119,544.1441246472081,0.8561184226548365,726.7452276321691,580.9141491681233,0.5482508398829989,603.2005798716933,593.2988666197633,0.7253539515148097,683.2931525842276,583.28662290254,0.43233951114586605,613.3834741990155,594.5869455602873,0.4451110256958115,690.2069230844738,623.5808580184761,0.02769446266847885,636.6316456533694,629.8880031350214,0.029875199450059998,622.324893883614,658.8885531890464,0.0045216055867945285,669.7613256770946,646.1477435693206,0.004374614620156651
144.0,678.0979991437581,319.4900172986798,0.9610422343675566,675.4139121797407,307.71181291076704,0.7499726701352766,662.4304376667643,310.43857303785745,0.9687802766894806,656.9588887830838,317.49170225849923,0.13921025774539744,620.2692956407597,326.91895001291437,0.9591144504759082,690.1866449830768,401.2959558360823,0.968011746008996,574.1076155333287,420.41956798811947,0.9766664531267494,714.5114036941474,503.00275051489217,0.742294584476306,557.7851976504929,544.4771081637826,0.8540475894896842,726.8891162111216,580.9127159242779,0.5520664966117153,601.7031196343976,594.3512177939751,0.722771313411104,683.5078960245708,583.6279565152681,0.4347135631000341,613.6805375640519,594.9652613580993,0.444484452744864,690.4845874803026,624.1679075129077,0.027938012117313425,636.272018065396,630.5775524657411,0.02975724181195188,623.2671788672574,659.0547378424901,0.004555373780894751,668.6244892478007,646.5080081434003,0.0043692295763062385
145.0,678.3590008693252,319.8852537716092,0.96173068105403,675.7533415064689,308.03220833350514,0.7562882871248912,662.5938369566046,310.7095912399804,0.9693836032839058,657.3694146819435,317.73788398306874,0.14196305071685142,620.2911884616275,327.08108281936194,0.9591355820082995,690.696320174461,401.7199057242838,0.9675380630331714,574.080433926252,420.5990264365091,0.976134111042521,715.1336715177775,504.22661377861914,0.7335771713962891,557.8082652194197,545.4020288223126,0.8470935280566066,728.0503747091869,581.1605355695873,0.5392096696474145,601.6877515197708,594.773629520264,0.7108094515886091,683.7810731325505,584.3622972717081,0.4221357293260189,613.675294323916,595.5723522800639,0.4315719288768624,690.7501469304457,623.9174586507042,0.027185033055967818,636.5896562017093,629.9568642533334,0.02891385727441678,623.1366672751227,658.591865486431,0.004536477746490288,669.6049030234894,645.6536217073966,0.004349454727260301
146.0,678.7196183702968,320.1787089750096,0.9623980435900976,676.198933603744,308.2182702818869,0.7606460682128698,662.9586142771574,310.85074061690096,0.9698073421721999,657.834381340108,317.7422573317117,0.14379281779793054,620.43975609278,326.9335079548369,0.9592114641300157,690.5757701105515,401.661953308471,0.9681880306856274,574.1409532902413,420.9586592102796,0.9757632033996207,715.0093630662993,504.8114814693839,0.7369599004940303,559.4733888458887,547.2756817024925,0.8429388446742566,728.5474668677595,581.9023349988546,0.5427192345439896,606.9889943944261,595.2890538215134,0.7063676460776995,683.9699236207756,585.0029484600918,0.4207691536683819,613.9545037729696,596.5126750903681,0.42528598249932303,691.4180737710424,624.3814971881637,0.02724906611402821,637.8216385694453,630.6511727852984,0.028483376454826275,623.8874616623083,659.387911833435,0.004554705304814803,671.4184558676918,646.2465556704186,0.004311635254306189
147.0,678.8685932069064,320.62724825809806,0.962631085094092,676.3271999396596,308.49576319883585,0.7639539527210691,663.104622148648,311.39931660764614,0.9699161499206559,658.159544840902,317.66634773431565,0.14664627545346123,620.78382142363,327.38075410056234,0.9588579755541291,690.7129768545689,401.28386981674674,0.9680917768293735,574.3866112971106,420.9910851057692,0.9757507900342873,714.4982188722712,504.3871967487808,0.7357097374642156,558.3654506584481,546.5678231381802,0.8416478827816101,727.4520858383532,582.9094452721371,0.5395391971549856,603.6240644100453,595.4379119357731,0.703121611091814,683.5199848541428,584.3717775661066,0.42054305541338544,613.5970115459124,596.1156989663822,0.4253691216735533,691.2531680873795,623.7484774548329,0.027293517910774417,637.3558852239785,630.9126097611479,0.028530294111113304,622.9276539982927,658.1084022398965,0.004592595233525309,670.2744450321878,646.3385869797138,0.004348217810453451
148.0,678.9713734955901,320.59803230072475,0.9632071085878656,676.4315630772088,308.43867575210146,0.7686342937879177,663.038733680812,311.35654154734044,0.9701402946693422,658.304346906395,317.8477460283986,0.1483390083570976,620.5812930507157,327.6761556538996,0.95855141777686,690.7646101473811,401.34008002194116,0.9684477271194344,574.4898206713302,421.3730856554722,0.975083094799591,714.5366172601115,503.92649237657145,0.7399217364363169,558.5303148565501,546.9632969737086,0.8375321896742185,727.1754210200806,582.8298737433249,0.5453289913185241,606.5999823762144,595.4794664861103,0.7001033662213433,684.1633652418085,584.931019047812,0.42082757726458075,614.1390323947796,596.8604579633146,0.42073632328407534,691.9537884855257,623.8048688294759,0.027482605417659522,638.1418268971169,630.9780691434481,0.02818167164848119,624.2690707356554,659.1883914631259,0.0046215239896466465,670.2622303972678,646.6952524123343,0.004317100813451693
149.0,679.3270397362206,321.1933849223111,0.9631245575491397,676.7928695293942,308.79509998958116,0.7692258994311088,663.4857832574002,311.8331053773524,0.9698432487953079,658.5837188624007,317.6229805739891,0.14963386605452972,620.9361723680714,327.5905728283541,0.9579254786454303,690.7896395811736,401.15487533613134,0.968864940263612,574.7660660547488,421.314468407459,0.9748601427094581,714.396873914198,503.62068327824574,0.743875709983635,558.0327273268923,546.5301691727938,0.8353617031545505,727.5178324714867,583.0753169906394,0.5492601872794022,603.2866187080666,595.7525669802924,0.6975612484028232,683.8764430197117,584.6246253982059,0.4233623166954165,614.168663857285,596.580922756008,0.42024355194942825,691.6562961996519,623.5050412306754,0.027846697752247934,637.6963322131279,630.8521139865838,0.02818776671871586,623.4431931232424,658.1434679423176,0.004681482710638511,670.4912749999503,646.135663236937,0.004333193966904422
150.0,679.4363307727813,321.4512488207124,0.9625360627020094,676.8332777352022,309.0898086409036,0.7660259868577439,663.7131644108309,312.1315501094758,0.9692686356113077,658.4582375502791,317.82851333448076,0.149355539714049,621.2399985809277,327.8026324541228,0.9576772404550568,690.970452521953,401.2041336337665,0.9690347494805654,574.8949023615426,421.61108989753745,0.9750429197289167,714.5186397725903,503.0628812096367,0.7455152536889639,558.2464961997492,546.5076398719566,0.8363301328188445,727.7651875562242,582.3627672150657,0.550829594965115,602.056303487888,595.577346217486,0.6982873002766621,684.0328411773783,584.1356593652632,0.425175326427376,614.3789965597231,596.1061738671314,0.42206333595208984,691.1371703054783,622.4642752046927,0.028048080890910765,637.0598346306339,629.8016146803815,0.028353482872418467,622.4314933122438,656.8673127186779,0.004713335724039886,670.7173986005636,644.8256935907067,0.004359155977722965
151.0,679.658368953129,321.24164542617035,0.9621861590181475,677.2004430678123,308.9294926272511,0.7644220454010372,664.0171248472825,311.7042723786665,0.9688869683383055,658.7525156244302,317.6029337484847,0.1482480906560061,621.2932073753431,326.98218630526435,0.9571357539368126,691.118860567883,401.4533051589199,0.9688299777760773,574.9580485054541,421.3617738216311,0.9745877904554976,714.7595303719747,503.4485641521182,0.7450089054123067,558.469219937616,546.7570691489967,0.8337173153277071,728.1046805455684,582.7548702300802,0.5506340658739259,601.0789769736753,596.6012037366496,0.6951601573794948,684.1467144695721,585.1313246308234,0.4209397399752487,614.5616913316743,596.7081840496649,0.41649802282607246,689.9676485439617,622.7066884792887,0.027793581391903563,635.9982111889271,629.1312871929932,0.02790089870740376,621.7569479523459,657.0682018569341,0.0046976943709672,671.0293246558534,643.9679608562318,0.004323535601207111
152.0,679.8041159837202,321.5750773279281,0.961784331800139,677.4086592415024,309.08782346965177,0.7631558284909973,664.1884906589189,311.8961572149468,0.9685459892597005,659.0546001091128,317.38940414256456,0.14798890538891063,621.3652919581235,326.7644446898642,0.9563923039573018,691.1699793536939,401.24296923423833,0.9683629087147891,575.2299550848447,421.2831790258826,0.9741249306790513,714.7765945536906,503.38790780545276,0.7434641735772229,559.3011771919722,547.1232653113796,0.8322034510620102,728.1432580526732,582.208085336525,0.5515103514054562,603.9578891175302,596.5420813417205,0.6950969531383078,684.4459656307824,585.1415350182477,0.41761480504911563,614.9957284099146,596.7899105516221,0.41278511436007626,690.5259426336231,622.3197624714533,0.027765708707934558,636.6558701195548,628.6001661729887,0.027860264864781846,622.4586312265494,656.8962781206512,0.004722740038965119,671.9868436297883,643.4946058413088,0.004346874327493898
153.0,679.7521366802571,321.8445702156339,0.9621505024989425,677.4010110647125,309.2802266776601,0.7649101099729778,664.1336282399353,312.11194965799984,0.9689899239938702,659.1677837296284,317.4461617939401,0.14880492529389722,621.368967757351,326.8398514142806,0.9566599089595358,691.313047453525,401.3390480507662,0.9680770848034532,575.5603330426277,421.24804582231206,0.9745601910214788,714.8384350768074,503.6735233755156,0.7406664824045006,559.6212920915196,546.916557855708,0.8352063990985329,727.7174328573311,582.3289054610345,0.5492584979869534,603.5351324025988,596.3826639505907,0.69882435469442,684.9706178090937,584.9517275194396,0.41810041699221173,615.5725268589038,596.5180366865036,0.41672947207045546,691.2093643000472,623.1515028539965,0.027697299740489408,636.9716685845553,629.3265012833696,0.02818578041960505,623.3417303430757,657.2262914218486,0.004702638122882762,671.9591694774053,643.918946534748,0.004375300029419886
154.0,679.9036003004478,322.0552632165153,0.9630245522038421,677.5388801264038,309.3708257184626,0.7696022631751839,664.1449754616413,312.3565588047985,0.9698034240270633,659.3867658160948,317.4095932113304,0.15001014936465284,621.3109855823889,327.1327164608595,0.957241374828189,691.3470024573734,401.4207140593821,0.9682218383567169,575.6740723029026,421.30789128457786,0.9746429805259074,714.9861134471598,504.1099672685842,0.7396297604556328,559.4353797561528,546.7408620144815,0.8340769635068598,727.9483557366169,581.9064654887703,0.5475561756550392,602.0343717326784,596.6079968256923,0.696749758328469,684.7160387331145,585.011523493619,0.4184816108289499,615.3803642855511,596.6790742376681,0.4169983849614584,691.4075908647966,623.7524736829893,0.027813923540289824,637.1742807122113,630.4553234539873,0.028293821190764606,623.5571798158148,657.2330079121778,0.0047301353860145934,671.6848314010832,645.0826400598859,0.004397939483574026
155.0,680.0698335615009,321.9584237546985,0.9631588337258176,677.6443420346105,309.20838182045816,0.7724958570113053,664.2674863719332,312.31745447537776,0.9697476754929572,659.5507919290841,317.27353063506484,0.15301549633381148,621.6443878744684,327.2999849842911,0.9568201999404823,691.5127045440147,401.56965146619393,0.9682815417101732,575.8056603437188,421.56080038450324,0.9743372940857182,714.9106375017038,504.397943735582,0.7374734977052674,559.0781962358524,546.8326796578723,0.829620924256409,728.0597045639267,581.5986976542819,0.5433976427824394,602.0555359176966,596.459137332779,0.689734385776756,684.2668558158858,585.2163245529013,0.4149547226136796,615.0013513489969,597.0279259676004,0.4119667450040484,691.1420269316963,623.2612476588754,0.02776593015478988,637.5197502323231,630.4404866072589,0.02808032275841073,622.5251776349859,656.8453726065925,0.00476518456796139,671.8424826983235,645.4515577017311,0.004412917209277011
156.0,679.975219269503,321.83966785956886,0.9633126852127785,677.6251398350048,309.070940518146,0.775762959080435,664.0731473521744,312.27974908538874,0.9698035321317264,659.9571676759722,317.20693632163335,0.15627455861850653,621.75832617542,327.4742077693638,0.9564086388513543,691.8719084438002,401.7336042548526,0.9679889805404515,575.9963365519114,421.7990032434306,0.9742053942493867,715.2694813101172,504.92889697547383,0.7330276110061705,559.0215934477513,546.9502755723022,0.8270609966249685,728.3419230705854,581.9151862085529,0.5373858447763237,602.4028690350791,595.9999021899383,0.6853633342590273,684.4843565033113,585.2204782661636,0.41085115023551666,615.1680027082124,597.2051201615238,0.4087315512327392,691.4415291968354,622.7599577633803,0.027642990838162806,638.308264521735,630.674612590573,0.028075676672625702,622.4632461458344,656.3242095160508,0.0047919071233163985,672.1384440658422,646.1348220278682,0.0044531265719955394
157.0,679.9120132414739,321.76867229221193,0.9635957031199738,677.5564566365127,309.0103864793006,0.7780453878388923,663.748259986973,312.35147282041623,0.9700666564396633,660.136912187664,317.32032350088076,0.15634400235013873,621.3808426660921,327.9737047231006,0.9563887142467905,692.2695256882774,401.75194695797444,0.967609138163531,576.272234149537,421.97198425799934,0.9738898138127168,715.8040460071294,505.18989587808926,0.7308355872054025,559.0255281744724,547.1718635086991,0.8255458950021342,728.5350764808621,581.8296593153751,0.5351964854768395,602.3260406729136,596.2213005928473,0.6836227107769697,685.0177102330639,585.3270010949977,0.4084635639277249,615.4932352135181,597.3589696415106,0.4065498563458864,691.9467861455711,622.5081412008612,0.027520304401010106,638.475382354791,630.4956016281865,0.027961848991743192,623.6184944675759,656.0335919152195,0.00479918884195442,671.2309588539425,645.7295098902758,0.004461750824932756
158.0,679.9921022478057,321.7475678417917,0.963518171372805,677.5142272967246,308.9027145401135,0.777650821296328,663.4747174040475,312.5631671536272,0.9700429977841744,660.2408381809404,317.34474940089245,0.15460464430362972,620.9962334525811,328.80363917968623,0.9563074765869344,692.4971398374444,401.70671215441416,0.9672352781002879,576.5904605612188,422.3844341238309,0.9734063467497073,715.9107009490982,505.3878843496421,0.7301638280608835,559.1289897239425,547.3975352987404,0.8239232221127364,728.4520842453024,581.8056268339369,0.5351228256790314,603.1574337402861,596.238781604795,0.6825960991249462,685.1255586979859,585.2574257942131,0.4073182698349537,615.4850184171592,597.5561297201483,0.404560417518095,692.6225958320435,621.6662313996926,0.027549749492375906,638.8537138304824,630.1996100312754,0.027896419879907187,624.6312704600747,655.2125875297478,0.004828704701751151,670.004257200625,645.269485391157,0.004475402271111762
159.0,680.0072741156573,321.7259095064082,0.9634733988940388,677.4985349397946,308.84711840899985,0.7772288385917139,663.3731187143036,312.69183678731247,0.969980888214209,660.4180787037005,317.3289801746422,0.15467254106188247,621.0762437352046,329.21251791166026,0.956320346101268,692.4416125393604,401.4990065816949,0.9673244544266303,576.8407396738429,422.55119280577634,0.97357894394662,715.6529618557827,505.15503496622216,0.731536883132795,559.3210740166761,547.4216070407873,0.8255726225471721,728.5658791300556,581.5235887608798,0.5369843701171721,604.1668946599564,596.3403328878114,0.6847930625095654,684.9051089923796,584.8591021894355,0.408791935490946,615.3885838001031,597.4766160232689,0.40626969899708404,693.0296610052822,620.6412141635789,0.027602501611603547,639.5578064682343,629.9829494969268,0.028003632747028048,624.8389009057247,653.9259092914378,0.004831598356488741,669.6983952822238,645.0427472421453,0.004482465659465199
160.0,680.0376327676837,321.76336476313617,0.9634339136878299,677.5386478076804,308.8954444796148,0.7770439548508667,663.5060497686154,312.7615682893189,0.9698858480763562,660.5608438594776,317.36378439421077,0.15627434639788443,621.5484817334373,329.2681663195151,0.9562916504737278,692.4182699098878,401.3612300568448,0.9676006162456169,576.9980529088193,422.54668080633814,0.9741608463503006,715.4397666264587,504.89290592605437,0.7334035046727502,559.478620681006,547.3418777509725,0.8292328285004023,728.572123315994,580.9533999123696,0.5394288075233562,604.8413920478811,596.4009966656843,0.6888949438000874,684.7670085804591,584.5524916621578,0.41163289322802626,615.3510525086978,597.3421303134675,0.41052688112364744,693.0040830417704,620.5047411762398,0.027554912597067237,639.8035813969399,630.411087062795,0.028136788150664224,624.4510048329922,653.3109062399325,0.004785148978129445,669.7835087301899,645.4601008923263,0.0044610502272449774
161.0,680.3972969941268,322.0213100990473,0.962905986866741,677.7959192643093,309.05632484019554,0.7736864757202007,663.8279551875554,313.02876509389597,0.9694554063688262,660.6511492591554,317.5063888335928,0.15451700391527257,621.8564732795962,329.65405123256005,0.9560606474477837,692.591306989207,401.5026082194216,0.9675503301898931,577.0196584631678,422.7241802951448,0.9740953126779484,715.4221218448538,505.8122487782261,0.7341224344753977,560.0156142938155,547.9459416924317,0.8295127957293538,728.7062278950124,581.1022603657442,0.5400809418029414,606.3894883065383,596.7372035813042,0.6891357514265255,684.6994920764253,584.9545339129736,0.41256299775591987,615.0293398201703,597.8601756380605,0.41111956249915893,693.5867511661836,619.9770417849003,0.027710383311583653,639.7438083426989,630.2354227293365,0.028267398208018015,624.7295809532254,652.5622394375655,0.004825481696823564,669.6506711705053,645.3707362379299,0.004493562473957502
162.0,680.7875861537162,322.5622140582271,0.962341078627173,678.0974999471148,309.3781315775938,0.7700653099698923,664.1114072255814,313.51069371541377,0.9690473380589067,660.7310191336502,317.5141349674459,0.15142308900943882,621.7788906468458,329.9858384994119,0.9557486940607798,692.6932467674991,401.553747840151,0.9673282240203482,576.9032973600011,422.9396613493011,0.9735534734367116,715.4942058659179,506.7173222686515,0.7340719234642487,560.5129568754762,548.8323878863006,0.8267570938367672,729.1620611481993,581.4848608546062,0.5398524712827729,607.2381380915672,597.6639798545079,0.6858420387571997,684.5322044637702,585.5414328507529,0.411213661284731,614.6296534087338,598.5448244181382,0.40783780090979543,693.961821607376,619.5790168720213,0.02784238178908499,639.307074421401,629.9460230946647,0.028177142864515503,624.8436617286707,651.8427918432861,0.00488835132047922,669.5587914359976,644.8371376928931,0.0045230261768065445
163.0,680.7782861661885,323.1079175096001,0.9626088533707161,678.1357698067758,309.6806791888029,0.7721126841605125,664.1246342718679,313.9805074430616,0.9692321455633855,660.9382291053323,317.24395831416655,0.15334577100662994,621.7762036899077,329.9750565118559,0.9556176539357907,692.6754623342856,401.30657690254725,0.9675749252511571,576.913801785332,423.10387846913693,0.9737196410200701,715.4167216684223,506.30828459711813,0.7356922743113865,560.2234543883451,548.81782291596,0.8271452319324024,729.4285499680444,581.2616068448806,0.5424734146699827,606.1063315185063,597.7434028222807,0.6867065195637804,684.3747370264199,585.2832842372851,0.4134583982352132,614.6280818862601,598.4906810956663,0.40966740587374023,693.4556728465619,620.6107289140633,0.027881301136570506,638.8378348248785,631.4945863917077,0.0281695893099429,623.9339053144964,652.0630537302097,0.0048582942829056425,669.5286183236102,645.8877732171754,0.004489865897082422
164.0,680.6511850448517,323.23449919633146,0.9638969176856236,678.1011249692509,309.7495607451447,0.7785797879520379,663.9399055926165,314.1208780142106,0.9702123288191775,661.212541497226,317.2396260792851,0.1567969159141077,621.7845667097707,330.1058462544545,0.9564250668837581,692.6039216918152,401.09577518010195,0.9685533588235526,577.0442262199442,423.0179329518338,0.974622387876928,715.1560777693433,505.8750128645649,0.7410023116554912,559.929767541461,548.3656693458678,0.8315181305072491,729.6981021276658,581.0105966621916,0.5487142046621512,605.4964011774812,597.3599909554559,0.6925843778439805,684.3225150091242,584.7070515600792,0.4211320733778896,614.6563472790687,598.0703464168761,0.4175998989556342,693.6350909144571,620.6094649810566,0.02837332121471559,638.9291756371753,632.048128914611,0.028714216433906488,624.2549981838793,651.5690591191111,0.0048901553769998005,669.0110155823033,646.2434265655975,0.004524971796319771
165.0,680.4821826308089,323.41626156345933,0.9652215561965052,678.0403871305148,309.8939164095439,0.7857443294732159,663.6036031841355,314.2909638724967,0.9714147925918067,661.376914890086,317.37339117574663,0.15905312982386868,621.2675478099077,330.30153720212314,0.957283118530787,692.4440658153679,401.27412239555576,0.9687416911318671,576.9487893519118,423.0352079460336,0.974743449813175,715.1451600271222,505.8634067968939,0.7402796547477845,559.7513023541912,547.856324770748,0.8309360656777031,729.5032054101083,581.0515335467562,0.5484644941068785,605.0219936443377,597.1263380655548,0.6922579765038003,684.0260390164437,584.4396526358693,0.42036782921785665,614.370770650725,597.7413295117367,0.41692306670608437,693.3264214899427,620.3239190737488,0.028450599061666807,638.3631956684534,631.8380820918161,0.028783902597574518,624.5479337108246,651.1414081408304,0.004923894714099692,667.9241917635607,646.0429137404618,0.004553388655994211
166.0,680.2013074122649,324.0604182977991,0.9654380840863682,677.8708070498144,310.3873257964555,0.7895918536940064,663.2404264078897,314.8726542444336,0.9716534504064049,661.4852925767833,317.50590211351323,0.16149548027547062,620.7804368723574,330.5687278736368,0.9567246978348792,692.3912535618532,401.6553115671505,0.9679614159875236,576.8678594064702,423.25913907013063,0.9739432008288161,715.3585619341277,506.53931849940824,0.7334442925547414,559.3054957765665,547.8106032817648,0.8248798433170201,729.5613005621917,581.6180048727172,0.5409069147697793,603.6570495277367,596.8458239681413,0.6844109973990995,683.5276503507678,584.7182253256493,0.4111570371009034,613.9672138772229,597.8913213720527,0.4075821601132375,692.6071238451843,620.477140285052,0.02798844264700731,637.604640776158,631.8975636039097,0.02828381220636006,624.069277137901,651.1810450297015,0.004923169864851972,667.2457413112747,646.1702794405236,0.004550081736003425
167.0,679.8277277066278,324.0775572261285,0.9655932355234126,677.6479354857082,310.4501350955969,0.7915842813954379,662.915633331385,314.7745337897204,0.9718149917506996,661.4151658706854,317.4869939262249,0.16312708791833533,620.3928195542827,330.15849998828753,0.9565768798909656,692.2971483988122,401.9465180469554,0.9676591362816321,576.5337860446886,423.01526347684035,0.9738437022403219,715.5108799443826,507.44281432639843,0.7287906506789712,558.9420126181593,547.9098169917406,0.8227273226776385,729.5946876272187,582.7885782277202,0.5340218334199169,602.0534812288624,597.2206645124583,0.6799255957865428,683.3363428697492,585.2098335436314,0.4078128884089676,613.7371596197902,598.0503485137141,0.4054450606661473,691.8311915148449,621.5933652392074,0.027832502013443127,636.9194960876991,632.462328469042,0.02824525279779528,623.4557870883855,652.1537635904475,0.004932368892563705,667.1535368195823,646.7431574789905,0.004574641442416833
168.0,679.5732973213022,324.52678820936126,0.9647897192134344,677.3418998054891,310.8397816453365,0.7875619084430353,662.7775247695404,315.2185872502047,0.9710955063391336,660.9975102101548,317.58746475414256,0.16213323814437,620.2138138391181,330.31784850267354,0.9559359301268129,692.0429169179131,401.7642105990536,0.9677018031109443,576.2377242653347,423.2110239344585,0.973680551875273,715.1891311444687,506.8659249734806,0.7316084972299314,558.7426991185863,548.1805483409732,0.8230704487450246,729.3417218246801,583.1370488338574,0.5369261268461247,601.6705066620573,597.7336384292531,0.6804111038843899,682.9938839167379,585.1393322032881,0.41253207499566313,613.3948433593861,598.0394655817945,0.4089105211457618,691.3386752048941,622.7478344731207,0.02813009254251405,636.1513601811743,633.4662421831371,0.02840193193967937,622.5361038846656,653.1474479915921,0.004947964261543292,666.6988541474129,647.2332776813436,0.004573105835976295
169.0,679.4211141383695,325.25217772713364,0.9645696966242984,677.2178683647863,311.5022217364798,0.7847352302685769,662.7098419102726,315.89225637401336,0.9709468902392852,660.8649791556379,317.943407008468,0.16005379663308214,620.0298370441989,330.6124652165167,0.9560131681599953,691.7235855375391,401.697443723714,0.9681646500891125,576.0272516765303,423.28854467684613,0.9739693372147508,714.7880879338429,506.2016845824886,0.739101298978378,558.646204862535,548.1256690425188,0.8282835461126798,729.4282367088498,583.4689731200858,0.5480279840460849,603.0705280137048,598.198622247411,0.6896995196474183,682.6960524145959,585.0883523630038,0.420913017946449,613.0675153164601,598.0253385234852,0.41630661708396954,691.7580450100622,623.0698476288937,0.028668184270495216,635.8227389072712,633.5108434989673,0.02887489267351957,623.4017783554041,653.7807980435493,0.004973158080971856,666.4938734893333,647.1613064647892,0.004587040780844423
170.0,679.1793088546586,324.9138806425339,0.9647129999703361,676.978720229199,311.2767176402679,0.784484515173492,662.5364598032783,315.5544670591255,0.9708661342844309,660.5439151070506,317.85736561716345,0.15970949059169706,619.8457304033444,330.2908878067105,0.9560575123767204,691.4058162065791,401.4493088985811,0.9689904493278021,575.95404970791,423.01917752861624,0.974244913159205,714.6028334285392,505.49953964176365,0.747959753055378,558.4846610844753,547.9276160659234,0.8316069676665097,729.4662353623056,583.5773835797108,0.5584543614307285,602.1826287145286,598.7783063341617,0.6951325477394745,682.6363443432718,585.039386885685,0.4313765242505052,613.0355543426117,597.8789551173487,0.42429004057798925,691.9274027276899,624.0722452106982,0.02927774176012224,635.291837884033,634.0830881796475,0.02920907061033798,624.3447067007995,654.7442900907927,0.004987172428953826,665.5670901485314,647.2967454091311,0.004569697207754293
171.0,678.8881250703035,324.4898637521873,0.9641900253753298,676.5934924987375,311.03911034566283,0.7799164919671077,662.3657579921904,315.16958956622886,0.9706072998475523,659.8865569099721,317.8040606898458,0.15732768172824935,619.7183748596104,329.9658989724139,0.9565654718220821,691.2671632671362,401.6002154466346,0.9687720690824619,575.7113957623259,422.77187731039794,0.9747794500809689,714.3904891115411,505.20169892291864,0.7452772191599478,558.3739098703628,547.1803568695096,0.835306878627578,729.3543969721571,583.3174211537626,0.5540972826955215,600.3235603746766,598.6427032357063,0.6978375493355979,682.5381388180291,584.7679424496557,0.4327118940062379,612.9601282222116,597.2754337888194,0.42934342051445673,690.9662909807895,625.4307211859759,0.028938061546280622,634.4755081767646,634.7439317250718,0.029264243708418562,623.151635875356,655.3701610071046,0.004888128105023761,665.6725159327959,647.1648733317156,0.004522966940886212
172.0,678.5753709295717,323.30246515492104,0.9645581445379096,676.2418019633084,310.20016583781023,0.7807073679613733,662.0782393524853,314.0722334985417,0.9710298525482935,659.339621982832,317.72338646323584,0.15651589423358803,619.5000042982286,329.4348123885127,0.957558156720833,690.9904623133733,402.01822831468274,0.9688730167571199,575.2275108913492,422.74923791648087,0.9750210691628313,714.8659594918721,506.03358687126445,0.7422449592486449,558.3747685489731,547.5501617094296,0.8345046058720318,729.6613287548676,583.621944902955,0.5476710544186534,599.0356900424182,598.7839554264335,0.6944403908007064,682.7049420867373,585.1716379126976,0.4307512312253229,613.0841328899022,597.5418184381539,0.4284397520812555,690.7055592653661,626.5166116332672,0.028657771418886414,634.9031835071313,635.8501900571582,0.029094008001528233,623.2376572000878,656.7555442900969,0.004832378308093346,666.2502236635869,648.8976530581393,0.004481566857913228
173.0,678.5147101113773,322.8409511336133,0.9637536314641351,676.1136344728415,310.02305637069514,0.7748635032874218,662.4449227233115,313.4246180195228,0.970414761186933,658.5091742516527,317.95032509441234,0.15419538993193238,619.8937636643626,328.6064436493999,0.9578107363173755,690.616068642843,402.34252531429,0.9689286091352686,574.741157412265,422.6558016367141,0.9751798459486519,715.2856983095717,505.95239839674974,0.7407656175787793,559.1510810994442,548.0430281645472,0.8342910120267162,729.7465631509813,583.0540617504464,0.5441019907577254,598.8194395117624,599.0733716672171,0.6925672128066525,683.3772865804476,584.808512312832,0.4271268860651896,613.8769202916428,596.9429459800995,0.42540446284259875,691.4228076017951,625.9976413250758,0.028307354656427343,636.2541462864219,634.5343335272357,0.028817900077024918,623.1944738196676,656.9234458343138,0.004771532268074495,669.3414807106536,648.2550005628517,0.004436251230244615
174.0,678.2255293356974,322.430942816669,0.9626001703081752,675.4652620582301,309.829178644866,0.7660029911566476,662.1423457033706,313.2898037925958,0.9695126054426406,657.2592582011403,318.2978918132876,0.1492959362189247,619.6333499681216,329.23568963434366,0.9581090060188944,690.3446107885806,402.4251096755868,0.9690515564579586,574.1372616901244,422.7558766146146,0.975336109653384,715.0478568977358,506.0426681756355,0.7430179095419932,558.8967073283615,547.8567003451658,0.8368582028443683,729.4903019032864,582.9448784879726,0.5448686934368528,598.9781811345081,598.0713635704708,0.6952985366546034,682.9447156584654,584.6730979651361,0.428854265942946,613.1292569278775,596.7690077507859,0.427382838392271,691.1680660147571,624.8515268088516,0.0281105624731221,635.9540471844946,633.1960061363478,0.02863703142076718,622.3683107875811,656.076462483293,0.004709021268942308,669.0450016920743,646.764929731733,0.0043763652755080765
175.0,678.0741659324116,322.3850130043793,0.9621932585606119,675.2591355263152,309.80594220653285,0.7642184283593856,662.0578453367657,313.30059679611986,0.9692401904978577,657.0261686264737,318.31590645302856,0.14936012214654115,619.702984874225,329.3273845524179,0.9578828985058628,690.5372605942644,402.5501749585144,0.9686013961961423,573.9507960369808,422.83886663309727,0.9754602765781913,715.4193297984269,506.6874394681436,0.738881370960151,558.5207593611582,548.0992107893701,0.8374335600335583,729.0339380551889,583.2623667398324,0.5397360007371066,598.0830555740328,598.3758426423265,0.6947296963306289,683.0087907376978,584.5925737064465,0.424729416819229,612.9744325928834,596.6635256736098,0.42594463416271,691.2136355364233,623.9300585270536,0.027839868860867645,635.6461846431748,632.3988536176686,0.028650120353394322,622.0963571228558,655.5242826126926,0.004698188395544751,668.8625808064796,646.6908924502975,0.004399723783617989
176.0,677.7551008747514,322.63294967535893,0.9621631706532078,674.8344007926419,310.06018608220927,0.763660370890985,661.6893292009628,313.8058301543244,0.9692652223474132,656.7074430578169,318.6662066547636,0.14925683880917484,619.6815440288119,330.2583235935197,0.958162311715507,690.1796529568754,402.2386697558274,0.9686154352304166,573.8791085867463,423.2711185337335,0.9757794959065108,714.9834416741747,505.0322000276005,0.7400655072453776,557.5108922729862,547.2978631151416,0.8401391518479987,729.0961870873851,582.1093667778514,0.541189735237182,595.5207750878452,598.0221220189752,0.6978229641881156,682.1485016223768,583.5047632426539,0.4279036328213347,612.2202505995112,595.9988965088778,0.43042134494713186,691.0910504593772,622.0051041011153,0.028020156454890848,635.1849257228324,631.5915370880286,0.028971061222792117,621.5056027641872,653.3366262532419,0.004726520782563051,667.0569357501754,645.8760320225308,0.004438495849901938
177.0,677.8321473860886,322.24264784661796,0.9580051964463494,674.4667094421906,309.7780214221298,0.7374117051735933,661.993206783886,313.70293851603395,0.9660922161242004,655.4922565860323,318.5699920931924,0.13792974485048767,620.1035410035752,330.57705311942937,0.9570924686597446,689.7758703381129,401.9182424058991,0.9673279335285508,573.6278419881165,423.5494114424288,0.9756195980109532,714.7484106566337,504.1506232663774,0.7380498506233386,557.4209180011852,547.0974565382343,0.8446806716933276,728.522562196845,581.9886140100303,0.5390354251207278,593.526790836672,598.9510713489257,0.7028912152708676,681.4814401123228,582.8096421327017,0.4280084981861541,611.6994124242816,595.5457874078202,0.4341657711508306,690.8809288664359,619.0035715130092,0.028013315693609948,634.9190382783362,629.0975483906682,0.02934637841188185,619.8815119244196,650.9444328129925,0.004739358946802651,667.0826703519369,644.1734854999874,0.004485915261426488
178.0,677.6048419732158,322.3058628341183,0.958135399345069,674.1940203978675,309.89865247658526,0.7367988346507917,661.7815854000738,313.80593752403485,0.9663758907665821,655.171818378995,318.80871947543505,0.13705416130055123,619.9376022991983,330.79443370796946,0.9575765245373629,689.6296530554669,402.12903182037275,0.9673166757812411,573.458788121022,423.64311587609893,0.9759683120424655,714.6216735488948,503.97449301476036,0.7380967863746424,556.9718918958021,546.8736823897674,0.8478532035684165,728.4182142733649,581.7788986414636,0.5396884801288472,593.4731215938673,598.9286608054697,0.7072849898679189,681.2648880033151,582.8790486196067,0.43212483701676996,611.3898120592069,595.5300694432647,0.44021799946907003,691.1890537807224,620.3318899448672,0.028167709794822374,634.8024879038379,630.1005400391049,0.029755465709714945,620.3385957008617,652.5223910316964,0.004725122033917938,666.343418115121,645.2342102789311,0.00449990984202803
179.0,677.5492776829815,322.60514222407846,0.9593574863874322,674.0637161154631,310.03398861706637,0.741699741030303,661.4946847621261,314.23868553852526,0.9675411395154614,655.1931491377218,318.8828548822891,0.13752089349940885,619.5835680713981,331.5373317152283,0.9585554200492711,689.589802658264,401.87203475991595,0.9676965944429821,573.4690494650587,424.1223940900381,0.9764611572041587,714.7671116034218,503.6024333245829,0.7408832976733792,557.0801706528943,547.2277190876393,0.8513289592039694,728.6443002307309,581.4133465167099,0.5446659756373309,595.3005224968556,598.554868983111,0.7134914788757641,681.5120713683773,582.8918734594091,0.4377659003636603,611.4570778001798,596.0054127678604,0.44663820699115175,692.1935976220618,621.4053366154691,0.028332045866423402,635.2233242394207,632.0891692853213,0.030058399703876058,621.6402082313972,653.2839151778725,0.004694601215620801,665.1662244880534,646.8194257152376,0.004482467347489221
180.0,677.4369053849156,322.77050993688607,0.95921881750352,673.8721439427669,310.05852548692053,0.7417190599714963,661.3190024504484,314.5007596180449,0.9673533497390666,655.0611838725713,318.75494125501075,0.1382159077391286,619.5206847825247,331.9018419085218,0.95838159180756,689.46009661133,401.55392924885746,0.9679430299137651,573.2814913432389,424.2919706506852,0.976376705051524,714.6741463505142,503.50834421343154,0.7419736082630815,556.9272131779653,547.3107172608544,0.8498778087180672,728.8978381261134,581.4599495584131,0.5445417605675793,595.3685190413655,597.9615046631433,0.711074287028022,681.1140467183056,582.4176611403898,0.4405334153983891,611.0646871826855,595.8847515785535,0.4478344185904343,692.2523605247267,621.3762166215068,0.028718138950725003,635.6514446798635,632.9882385019368,0.03030681269496245,620.9121679684971,653.3419511703233,0.004752909389123186,665.2168215594779,648.088215331499,0.004518861324669492
181.0,677.3547244567233,323.45872345502556,0.9600100514838549,673.7985292421788,310.5153524184847,0.7483166982591529,661.0960990380931,315.2573793843337,0.9678524721594759,655.2868117752622,318.8855367825755,0.14269875915053598,619.4359596507876,332.6408202296503,0.9583369089286843,689.5294966812229,401.51341485280267,0.9683092298513432,572.9987093192946,424.6432200426201,0.9765079799756576,714.5949465180977,504.6633155249618,0.7406878656029895,556.2852382338425,547.8902433102835,0.8473124192377954,729.2031454974056,582.5553948341558,0.5407124649786247,595.0856977331596,597.0794678974916,0.7062890658139462,680.8787440342574,581.964919721665,0.4362615177265954,610.67412666118,595.823480233286,0.4429073755149573,692.2063571953782,619.468673512905,0.02853702780111316,635.8327123949643,632.3873937063473,0.03004240109036861,619.9278075343692,650.6455974893573,0.004778432535237004,665.2291499528012,647.3456272792753,0.004534350547627727
182.0,677.0528712883148,324.19669025068566,0.9604559095212585,673.4627877951336,311.0921870339811,0.7506068844132774,660.720771192435,316.0546453249692,0.9681169124938049,655.0719622758062,319.1201349307204,0.14432712153675503,619.0830615020316,333.3160351000896,0.958482232973637,689.3002003536552,401.43095265512306,0.9688955396533055,572.8053631176332,424.94277441146505,0.9769154290288199,714.3203846208996,504.81899201288246,0.7449853629913888,556.149581923819,548.0252189852588,0.849677444777051,729.2712651450146,583.0619949346338,0.5459001079698877,595.6271743707423,597.0360249209367,0.7100790034470182,681.0233994115373,581.7660516167567,0.4402869336587137,610.8167382044589,595.9096654287405,0.4465448606877553,692.3244173251652,618.8599245691585,0.02878169208006374,635.8393658895827,632.4903346676523,0.030257786885181406,619.9551388254642,649.6807790836727,0.004793496674698343,665.2012574961226,647.3283474617032,0.004543715019758643
183.0,676.8205874940319,324.5159572309655,0.9611116147303244,673.255837168127,311.32272933867426,0.7528667983836321,660.4781538404969,316.35670383054173,0.9685836526939502,654.9728364235423,319.18315042963155,0.14533693154976465,618.8542968027225,333.48294649110335,0.9589046471524999,689.183325049953,401.51914781570053,0.9697321496870395,572.7650089042729,424.96990568321723,0.9775993783424611,714.2035824341001,504.5845670715314,0.7520831837528777,555.9002645246517,547.2953306926272,0.8549166657538235,729.1063905509309,584.0002539015549,0.554931658470007,595.0239252258691,596.94907567083,0.7185218192702522,681.181971736146,581.7216204253482,0.45322534389649005,610.9227650513888,595.8703813992659,0.4595866861317507,693.1376920355192,620.1944986585052,0.029748551126787242,635.7955956442041,633.9496662505682,0.03131674775516876,621.0043571535434,650.8682030333094,0.004868870564218027,664.6329760014339,648.7457623382031,0.00462052107763557
184.0,676.7485064470469,324.3731141335961,0.9620263862224382,673.2473437721908,311.26217469330965,0.7569185103294729,660.4348767680507,316.14690541089635,0.9694187028883952,654.9560599319376,319.29842268140703,0.14627194105007116,618.7784309247219,333.27349105216683,0.9595753439939015,689.0730632114946,401.7457778354483,0.9699419331627406,572.8512583367452,424.65394800149335,0.9779837287438097,714.1157378756861,504.5842239757229,0.7529159854681164,555.6355841013664,546.5452574393232,0.8576107293336572,728.5846390389373,584.4979936928447,0.5565617179692302,594.5702964594768,596.9431857765765,0.7226224922285867,681.1956031134952,581.7703586721443,0.4564967679006765,610.97562710607,595.6087709502369,0.46440158114086455,693.2715612219954,621.2124578811073,0.02992144114648965,635.5554719269883,634.331938040929,0.03168551819317377,621.8617161973978,652.2481749849012,0.004867851657072509,663.8477693378486,649.3699216200689,0.004640892932796873
185.0,676.6456877821513,324.5768066398112,0.961279972166718,673.0085198469844,311.4981925545555,0.7507885671500419,660.378442064242,316.45992578691323,0.968847220478534,654.4925677248585,319.5974857175684,0.14390475619191764,618.8324022775063,333.7515531689027,0.9596723172086674,688.914861068186,401.7000741852762,0.9701581710578169,572.7858528488866,424.61724417364496,0.9785291707712399,713.8541774136772,504.3618566944204,0.7568092199547722,555.4897958603964,545.9454217783469,0.862988202951615,728.0404695158376,584.8225504326798,0.5610282143593731,593.7051826008304,597.2164138294341,0.7297232796911743,681.0155858794409,581.4827165279203,0.46467167114170654,610.7625593770572,595.3072143628165,0.4745763815219603,692.9367281154927,621.4759443114134,0.030242944591367688,634.983572630233,634.7434836734626,0.0322568418495259,621.1704849443158,652.2677483938947,0.004851221029234615,662.8211941851168,649.7419045415279,0.004647640466506697
186.0,676.4537308141827,324.1561796053712,0.9600079450914509,672.8028997500347,311.4684547972402,0.7438710933213455,660.3032661128435,316.0994662221442,0.9678233454226394,654.0460465947323,320.2834334290962,0.14143375263817612,618.9203689190882,333.82296151859396,0.959220962003376,688.6178740826593,402.3238439922944,0.9695473730416962,572.6226054314919,424.53887465394143,0.9783370836624619,713.6727415703748,504.8013764941977,0.7541378819276153,555.0975906288884,545.7365279721996,0.8634391517134922,727.5306866622966,585.3356568873755,0.5569289988549306,593.3770974284467,597.3365210234307,0.7292985288760085,680.8682066658721,582.001506636689,0.46139407075257294,610.6796800557796,595.433302675115,0.47303551175099207,692.0034042607161,621.4165267762395,0.02978261257014161,634.7181634574717,633.9251075325956,0.03194348656975901,620.7628903464623,652.8060724022627,0.004784373153763986,662.3089682972171,649.3193101445294,0.004603111080459474
187.0,676.2301483484309,324.1999923130925,0.9597374143253361,672.6689472007898,311.74377464066026,0.7443107308377449,660.0789703608076,316.13891206310205,0.9676296111701433,653.9497653876958,321.0411223025465,0.1415898695764308,618.7475294949279,334.1370912832666,0.9588937861405854,688.4006892787485,402.7928435862921,0.9689291440720285,572.4002068655178,424.7230172230436,0.9776673667569713,713.668753830943,505.14903142610314,0.7493774586136064,554.9058284049926,546.3490417470327,0.859118659814838,727.4887220371672,584.9440963310785,0.55097775866113,594.5822222538965,597.0202186164622,0.723123398013399,680.6757875965526,582.3132416066976,0.45219156165278485,610.4768100695113,595.5924043498608,0.46295871359203167,691.8243990907921,620.783558872289,0.029177610922617846,635.2966547825033,632.731790948722,0.031203842518102518,621.1144624615346,653.0933246769904,0.004747207888439682,662.5840183101939,648.5825164134418,0.004559127809293687
188.0,675.9810892785932,324.69530034219446,0.9603417490720272,672.5129782920923,312.27195551095855,0.7490030754676668,659.6624275492684,316.6909801187844,0.9681852512893445,654.0497851866648,321.64691127981916,0.14298332222124613,618.2838080752362,334.8352802670421,0.9589945717813653,688.3931083913141,402.8819486831631,0.9685763519286655,572.3854619271302,424.841309061704,0.9773791166514403,713.7155295644001,505.3608934691986,0.7458475420371328,554.5405854676789,546.6780336288693,0.856701351587302,727.453297465581,584.3107774553844,0.5468188347198756,593.9142078987876,596.6463725722675,0.7195661120709804,680.4932618876528,582.3231674203806,0.44585511833790986,610.2177269210414,595.5650415218345,0.4567660772658008,691.8127319330129,619.9249579539259,0.02871359677009883,635.4121541260681,631.6690459126777,0.03071761178008152,621.4487788513355,652.0134867079273,0.004725391275335474,661.8376793126396,647.0402221786106,0.004540854884842739
189.0,675.8105792633446,324.5203949316513,0.9607491620669797,672.497774836692,312.2562878625513,0.7527631388536632,659.4653678479793,316.4793217983459,0.9684144998179879,654.2243490571478,321.9428251567497,0.14462856802208507,618.1068377866737,334.7428660522933,0.9588908527912736,688.3262922131826,403.0652972755661,0.9686061480582365,572.2572635222513,424.95668566289817,0.9770304110412971,713.8493115319931,505.5024040385873,0.7450187314728431,554.6829276509459,547.4865528314126,0.8532605995710248,727.5418877074543,583.839721533323,0.544920387642663,594.1665018768991,597.3430753243154,0.7142682390697466,680.5953583851399,582.8486058457726,0.44301663294942506,610.2534633276974,596.072611209294,0.45192530107550966,692.1269004208019,620.0458149527268,0.02861848556836679,635.9975071184206,631.5966982686375,0.030391478470222343,622.1141407790047,652.291023899481,0.004740079042168241,662.1449321736709,646.989764997412,0.004533136829646973
190.0,675.7103480828987,324.2654403006343,0.9607831626756871,672.5923675275639,312.1968483524739,0.7549365019172295,659.4577466329979,316.13730666558644,0.9682034406527185,654.519451778081,322.16876510763353,0.14655359887525762,618.2132947113271,334.3507971870948,0.9583599510248106,688.2429827881268,403.3026856812655,0.9688429068472088,572.1843840794726,424.9017330069982,0.9766388571985282,713.8910127714502,505.4411292948666,0.7470084320701776,554.9472029372514,547.8358748851205,0.8501915684169586,727.4795406934995,583.5215924276496,0.5467078109329272,594.9346564286,597.9722224508075,0.7101824823029023,680.665995302109,583.2775143679088,0.443890078462475,610.3375841467433,596.422202692837,0.44960901734861797,692.5835024727277,620.2157583657093,0.028949988452930616,636.7534795045079,631.5360884436487,0.03039363885627168,622.950487794572,652.93737568345,0.004807077678423476,662.9925661546557,647.4385133174454,0.004562529631428898
191.0,675.7397171208723,324.38884217710654,0.9605937979221918,672.7111533393881,312.4486806511289,0.7541886162815863,659.5985151091882,316.17395724489586,0.9681905314249895,654.6203551520289,322.48177002887473,0.1465249318690005,618.3691164954375,334.1743849045039,0.9583250771288487,688.2631493623641,403.7633571538968,0.9682904354787498,572.2610069662843,424.60262663673166,0.9767060794077885,713.9401135979463,505.869658685515,0.7420538286123941,555.0686683660266,547.1356802076921,0.8507353038034493,727.0977870201582,583.3298708943803,0.5414319301699314,594.4747866090248,597.4892188097637,0.7102694234846819,680.6030645789018,583.3733911428741,0.4405218111197219,610.3615730950439,596.1249925873461,0.4492480674771891,692.2297676840852,620.1826746652782,0.02879491042842433,636.5637294597246,630.8678821628438,0.03057447993152235,622.811991444348,652.7442590563686,0.004818894264718349,663.2596561277157,646.9156709348852,0.00461317928549486
192.0,675.5055545846186,324.6562412426285,0.9610808948283787,672.5906846731081,312.64919565278933,0.7578370703823226,659.2993252655388,316.43269464054384,0.9687284533542536,654.9031422804622,322.5624354908335,0.14872399745398449,618.2478166020356,334.35892537729126,0.9584065713912562,688.3282890800716,404.09613564048016,0.9679490837847774,572.4401784408277,424.6004690183331,0.9769507626971745,713.6754291156406,506.15177781374587,0.7384644422968474,554.6555177806459,546.4574011507457,0.8524369824020027,726.804253511216,583.5679650375823,0.5380916673171793,594.0634172248522,597.3271351964846,0.712215568878383,680.1852781773937,583.4741619457436,0.4435380594254734,609.9708096808369,596.0900052837135,0.45535782517135387,692.0940835892873,622.1241778656051,0.029123603617492513,636.149567571782,632.7729495202952,0.031321314435731246,623.0416175054418,654.3609738205946,0.004868512401370702,662.1357603990208,648.8257372477332,0.004705939571714715
193.0,675.2454579001577,324.9645149204445,0.9608422491980497,672.3527388139108,312.8203506130283,0.7570627174260363,658.9502574590148,316.81908744329314,0.9686991400937258,655.0314687364267,322.5154110051475,0.14879124610423283,618.0926599334433,334.75558097248484,0.9581430043727535,688.3408391358506,404.16359293253646,0.9673058847526661,572.7100927733898,424.81975030802954,0.9771122832496343,713.2528487739672,506.15760285811893,0.7352014399144826,554.2258875764185,546.1477032786624,0.855140034088049,726.2424349288254,583.9490969198241,0.5360020200270922,593.7589384054185,597.57589433706,0.7161178266037003,679.8416620829131,583.4804429349396,0.4477409338361756,609.7091438917028,596.185480913753,0.46306795220107594,692.338243116485,623.9570598015134,0.02950116346809807,636.0088245821436,634.8836794965027,0.03219016581733604,623.5727045990726,655.9446226795563,0.004915894015487861,660.9324375007697,650.847320399968,0.0048033559274595124
194.0,675.2418146849445,325.30427871635567,0.9605484165412527,672.2852927612112,313.04754967872196,0.7542948180921327,658.9176654610867,317.16937059861567,0.9687533515988953,654.8866606404949,322.5048659568308,0.14699445024801314,617.948221614713,334.98899408411165,0.9584327744853073,688.3895854182705,404.36059238795093,0.9666581611974187,572.6149433106863,425.003684704557,0.9773544068655285,713.1999902272916,507.1161523006322,0.7291485437974207,554.4907912504002,546.5519047538223,0.8566624782259515,725.598101448757,584.6973093642055,0.529175255946181,593.7257640112366,598.3304248961998,0.7168855614922441,679.7098995049741,583.7341614249287,0.44319879680408314,609.519648192801,596.423937846633,0.4626063904874676,692.1470815419316,624.0784759040366,0.02906245270834506,635.7443352653218,635.0999589427728,0.032209851378783246,623.0010903649686,655.625107198752,0.0048767953553038555,661.1279624605137,650.983934682009,0.004817140518003277
195.0,675.2210518454523,325.8569766973729,0.9608169876487508,672.3161102820332,313.4747902182719,0.7561648851039945,658.8527702643532,317.64687898506986,0.9691727516041883,654.9648249220041,322.6939363273142,0.14765496811931453,617.7089551730769,335.2432023434752,0.9587004633552928,688.5239931831701,404.7155273977458,0.9662392855987636,572.2113163444552,425.3603035575309,0.9773305371596914,713.4073021480011,508.3393630661895,0.7222909783786147,554.5415631123681,547.4793058247947,0.8543373337099155,725.3246372360825,585.7105950578396,0.5201629604613349,593.7116076696257,598.9607175211457,0.7118447126118597,679.5649419119521,584.3099063408715,0.43598620525394666,609.1298898388757,597.0194235846457,0.4570745916674018,692.0787128918818,624.0015568195831,0.02866599791751257,635.7330275888206,635.165432777946,0.031982574152183425,622.2279486384743,655.3256525775189,0.004883275301544665,661.8800767722004,651.1294076861159,0.004846226268050483
196.0,675.3489423499099,326.1457498284625,0.9601425250488171,672.4513829791644,313.8135409787941,0.7528723013812755,659.0364322054813,317.8791414616766,0.9689534858584008,654.9315328445786,323.1374579319405,0.1454840460116796,617.7688003500817,335.45012814284865,0.9586319822056731,688.561779836395,405.0713854991771,0.9649504232412295,571.9803671288546,425.7041963214062,0.9769506584955412,713.6008600633266,508.57901265051976,0.7116743103261763,554.1677658931839,547.9987687764991,0.8516011073011513,725.1341700290192,585.8356572366818,0.508031878111136,593.1462985442457,598.5693142323852,0.7068676668848405,679.593318939562,584.6405493572076,0.42727044335503767,609.0585730204787,597.2830315079622,0.4513658985921497,692.2693974506177,624.0081914015695,0.028247867290174974,636.0891189128365,634.8331672495523,0.031885417118625754,622.0445928124063,655.7380257349671,0.004898234832314454,662.4036792980517,650.9195897213693,0.004902103241673987
197.0,675.4130522624041,326.32173672446794,0.9604957914129849,672.5235754887447,314.01767144778535,0.754925365005292,659.0413151362303,318.0791520536018,0.9693706901372726,655.0202908165393,323.49192793476584,0.14552398790372223,617.7678264235708,335.82336123823336,0.9589545212471029,688.5650691126892,405.2605865975685,0.9646004471413988,572.0331914267063,425.83115968872545,0.97684299150166,713.5135082699665,508.7380328196988,0.708176928748298,553.8191549083579,548.0347239449226,0.8505569260538225,725.0100670422705,585.7000154704243,0.5039924356532917,592.5218434629141,598.2186138747405,0.705072286679046,679.4262795409112,584.6199019123155,0.4245299476006602,608.8453063760556,597.2276072201175,0.449505781631158,692.5537011933125,623.8815468492027,0.02812967994018739,636.137704582528,634.6154712403306,0.03185970689257156,622.5000391020633,655.8243365272223,0.004909924124891648,661.7441599175202,650.8030309973176,0.004925724333545543
198.0,675.4053627316039,326.8365450531178,0.9608777912268295,672.494557385689,314.4078168306964,0.7578123333672901,658.9091871982841,318.6176905564751,0.969686955078184,655.0556577511414,323.7694491515845,0.14652782778934625,617.6071741543387,336.4234028960643,0.9589924957738357,688.5697569522328,405.41386105133876,0.9644785958932368,572.0737979952752,426.0427493836135,0.976616480236463,713.4752731744038,509.75847767299126,0.7055073914969415,553.7051217767219,548.6490628672033,0.8479027649794029,725.1287503973462,585.747359442464,0.5006406849198725,592.5508263879235,597.8231031234146,0.7013505696176707,679.3002958864499,584.5799895484955,0.4189975418647616,608.724574266953,597.274915542677,0.4434241806801358,692.9483774381742,622.5744071818818,0.027933543315634336,636.6620617032502,633.516822631693,0.03158934296614245,622.7867751221688,654.7121488037451,0.0049320155062136505,661.9161316106155,650.0003630258565,0.004942103662164194
199.0,675.5500528897549,326.6481865453087,0.9603280955792859,672.5018870242201,314.25274633816423,0.7548277132971954,659.0072983596199,318.470752323201,0.9693549972104883,654.7318520795325,323.80165526008733,0.1444616903234481,617.5590321453586,336.5346736720292,0.9589827416265757,688.4447938996361,405.5132130666195,0.9638967114375987,571.8321675018901,426.1680647535291,0.9761084001325545,713.5126997822105,510.381615313613,0.699638008925456,553.4689959210541,549.3009873179535,0.8434972843047096,725.4923304628498,585.7054058037335,0.4924334745609753,592.4193538942942,597.8149881141079,0.693879037091173,679.0914492409337,584.6654841236322,0.41045546841216657,608.5528470741348,597.3790773592924,0.4343477928352135,692.5312050975532,621.9031043527065,0.027368698380435662,637.042619967425,632.7598295462155,0.03087679866350948,621.9844657801483,654.4001328247565,0.004889670428926494,662.5993113884739,649.4358932278363,0.004888703021684909
200.0,675.6246362366028,326.15164064715117,0.9603401425587138,672.484029892087,313.89973065439256,0.7538624767325566,659.077786934852,318.0523661396335,0.9694620313549287,654.5067545725541,323.71464437725444,0.14357143900096117,617.6001565018117,336.3818149921733,0.9594800761017933,688.3805172440266,405.58440011409266,0.963871965185268,571.713446683908,426.0547216104189,0.9763330195383482,713.322778137766,510.28047849207667,0.6979545434462195,553.3349697029671,548.8730969658321,0.8442758435604208,725.4284917226876,585.7410863418751,0.4888842218298115,591.5036157775099,597.6303772278559,0.6931956440238152,678.8370247858211,584.710090438594,0.41169729644733855,608.2568593786837,597.2967292998452,0.4369010511392665,691.7209010568068,622.9704437342958,0.027220848218877703,636.2255304257989,633.6962406527593,0.03082693913495929,621.1062452177181,654.8519484655069,0.0048439512236608155,661.7934787284017,649.7595515041394,0.0048543942326385
201.0,675.566655157467,325.7366729539728,0.9611100317380779,672.4333863407221,313.560052305526,0.7572774619090568,658.9049999749196,317.70813722976277,0.9699228963152499,654.5880031848661,323.62958287896663,0.14475222044285527,617.4666354362232,336.35935183879116,0.9599513817269804,688.4192210041151,405.66365836535067,0.9648334121972276,571.7219333575041,426.1354275043151,0.9766533637176898,713.0755562231146,510.3248318108644,0.7044241401627827,553.3159029585294,549.0329761053114,0.8459681610741339,725.3598311725885,585.9130397069865,0.49530295055872886,592.386870211819,597.8947216368688,0.6960647560091683,678.8665494672546,585.0610225821019,0.41817987436105897,608.168920199742,597.6930249831971,0.4414982658130032,692.0576109956683,624.1841333707819,0.02743226898352878,636.4802200872398,634.9418579460478,0.030854016453596755,621.7415785220214,655.8196967805487,0.0048108347871355156,661.4489856710208,650.5477762456621,0.004797410620915522
202.0,675.4779661868228,325.5232098492142,0.9605927232661315,672.2186610802288,313.2790481979225,0.7542204030794696,658.7552554903798,317.58216537492535,0.9694363999168629,654.2999779809867,323.29292457823976,0.1437222701297038,617.30338156275,336.3804819235995,0.9596805889463369,688.3382638543394,405.59789718939805,0.9649974673399947,571.6692000678067,426.41231358357805,0.9764929143408767,713.0939780801089,510.1706838899785,0.7065391145534743,553.3702461532665,549.287266059549,0.8453761341850334,725.6620148453322,585.6902000483814,0.497831840582797,593.4272459352103,598.0058042012867,0.6960730770073051,678.8775931958158,585.1411589773052,0.41915551680574736,608.2998595320753,597.9920407616222,0.44086572546413005,692.3333556142923,624.3301762970617,0.027470033896875332,637.3957225029627,635.373092053453,0.030738603456650766,621.5805609607978,656.0232973207981,0.004794174711626569,662.418483365948,650.9028921806478,0.0047620163056868075
203.0,675.3823026413315,325.1310564934797,0.9608921301071887,672.0504933334947,312.8180312683106,0.7549317948787547,658.5698187321127,317.2672081405484,0.9697708530859867,654.1807385365972,322.84442098253425,0.14390619282511835,617.2030973405317,336.278659005858,0.9601346557932153,688.3775979843903,405.5018932440195,0.964996954821684,571.7251171490062,426.3771034820355,0.976892034381442,712.9971211076786,510.2644407908885,0.7045827371442863,553.3894740860534,548.8825250193771,0.8473774259496127,725.5756224854753,586.109137221977,0.49511635524807673,593.2528032214702,597.8277557704845,0.6978507893776589,678.7702865956509,584.9679784497825,0.42063458869510684,608.2070382899359,597.8890708963846,0.4446597683144139,692.2224361993603,625.1730313505311,0.02740977940980195,637.3825614567529,636.5851354273343,0.030957450921460867,621.1519748187824,656.5084173428899,0.004760679511828229,662.0689682054793,651.9974847580843,0.004759084594719729
204.0,675.2258948020528,325.24137740110126,0.961413789143213,671.8038147165314,312.8519128555378,0.7566408585579875,658.309781813177,317.5439151493816,0.9700715748060975,654.0173190469056,322.7666298737777,0.14441502758896804,617.0324147120373,336.727818791465,0.960482063666905,688.1274169228315,405.3036065006173,0.9658740636413343,571.9995255332916,426.3217735615056,0.977347867078669,712.8015636345932,509.1989752220198,0.7135207043831803,553.0012960785072,547.0922673091384,0.8517626534335269,725.7498294315648,586.1057757153451,0.5056022663630558,590.9328358819977,596.8324082854065,0.7055321796382564,678.4116757454099,583.90103510928,0.4330371635483977,608.1062323230847,596.9443503916999,0.45617097207200047,692.1176748834546,625.1979519091097,0.028274870930041572,636.7073905006198,637.3239163701256,0.031793820078255895,621.4405381334637,655.9147184116746,0.004826779446803583,660.2926999681666,652.497969009875,0.004806759779980284
205.0,675.1028984056626,325.2558376508924,0.9614823120029315,671.7091243879061,312.8656410151759,0.7586899987765887,658.1588382446803,317.5434001959487,0.9699989561970418,653.975309762398,322.8733464334328,0.1456359596082992,616.8784742846526,336.8235344355838,0.9601030839391804,688.037537096253,405.5098879703934,0.9658476448482459,571.8549293781292,426.6244836603183,0.976847262761811,712.7792064609671,508.90833760305935,0.7137508794281779,552.553933135366,547.0259743432819,0.8481061601337586,725.6960265097007,586.024191494562,0.5057712564273984,590.1283665000428,596.241294511655,0.7012301050113399,678.1737223826663,583.9403512178116,0.4314815803891759,607.8622117191422,597.004615321887,0.4519966191425049,691.9232628924435,625.0822631091569,0.02834141912440007,636.4266079035141,637.2312112124498,0.03153877824068264,621.317305064338,656.0095117423705,0.004856797504027564,659.8674544739556,652.4048110108699,0.0048010293449921295
206.0,674.9989666242309,325.3289070272342,0.9609916887702512,671.5957213958645,312.9353682093455,0.7563849334476366,658.1275648888113,317.6043198298461,0.969586983866861,653.8542311696543,322.85923509722596,0.14540155688822273,616.9630126729088,336.769670767883,0.9597692097633177,687.9649029116446,405.55089247715654,0.9656823634613937,571.9352561439532,426.67662102482495,0.9767555012929234,712.8400497204027,509.0288324743503,0.7127768286660776,552.8369881035982,547.3598776068253,0.8477955320999568,726.2599388226798,585.5777652020835,0.5050845375584344,590.7415901877444,596.447415138635,0.7007742639541967,678.1402885430142,584.0150301177936,0.42857984252602593,608.0041904950617,597.0925290115877,0.4492654111478887,691.8786589221303,624.5575439258605,0.02811352100406561,636.8694802399677,636.6316527345776,0.03133381971765809,621.1053493761251,655.5619274587106,0.00483075364258092,660.7540867983546,651.919668833631,0.004781481999863113
207.0,675.103784686374,325.2230479297327,0.9609087984208509,671.6563136801111,312.8093967127365,0.754962162291205,658.3562271850203,317.45459274540235,0.9692388074767125,653.7409353146206,322.65065702561975,0.14558264053908734,617.2872734812256,336.47153834574806,0.9596989190914796,687.8093972807491,405.28564038345513,0.9669808896117943,571.9404434881257,426.4802272363408,0.9770495858412455,712.8432869713157,508.6725780140551,0.7237511942275544,552.9114023343226,547.5344339727238,0.8498963089576431,727.433331624663,585.0726416187082,0.516783486302096,590.7841775009242,597.3126445492206,0.7042741058538832,677.8965742979956,584.0874408675869,0.4383449612008592,607.8736439520362,597.2366594127238,0.4550924199359901,691.9104188175654,624.7830278636301,0.02876139714007984,636.8885245274028,636.8918619494189,0.031581830364724735,620.9013951982166,655.9607700785157,0.0048554183865743205,661.0522239500101,652.421222208035,0.004755095803336943
208.0,675.1485079470964,325.24779103581534,0.9617068451253584,671.7154160486501,312.87180326183204,0.7572309446027549,658.4849315870624,317.43995068011236,0.9693943361946262,653.7247278862806,322.75552281587494,0.14690867347539233,617.4299613408836,336.3912999376456,0.9600551137271367,687.6837118580576,405.24036433318145,0.96943776282636,571.8564860716953,426.49582933383755,0.9777842808070577,712.7425586414689,507.7930993503279,0.7459727277240851,553.1732623857941,547.2072273945435,0.8559786396568764,727.7763138026717,584.9285887647103,0.5433081847337199,591.6382851425533,598.1370938759765,0.7160561362800577,678.1262962518222,584.1691206415788,0.4610140250703856,607.9636824741995,597.4008622816676,0.47099849227954693,692.3499721040877,625.5926716522739,0.030352701482024454,636.2293338461438,637.8496961631905,0.032485641607116506,622.0219539551314,657.0174637438726,0.004939664154524507,660.5141404613744,653.6053736941559,0.004747550842210009
209.0,675.2839727151254,324.98977977976125,0.960955644901924,671.7237257432032,312.73155696548736,0.7519544680719443,658.7447060073256,317.22185857298416,0.968675565086941,653.401691964579,322.8360304470765,0.14476208822413056,617.7412562211296,336.3250156087509,0.9598173327628067,687.6706209251669,405.24731378596175,0.9697593709565205,571.9133525884209,426.48290301826717,0.9778513049722035,712.9724082501276,507.64155015233894,0.7514016124686417,553.2996095883915,547.3991591931219,0.8581859417505403,727.8197951530947,584.9131560664587,0.549602922027273,591.7818443278262,598.9766348855965,0.719544934039722,678.3741252812763,584.5925485795831,0.4670746380173684,608.1720353677191,597.789897973311,0.4757008613222399,692.9267493665116,626.5499761072241,0.030527627345411326,636.5271461132372,638.5479852389747,0.03251960883687085,622.6885768085187,658.257035351403,0.004894877145131351,660.5847391056009,654.4141961312288,0.0046894637881335945
210.0,675.2197600286775,324.94410142689384,0.96106640429301,671.7362465615158,312.74231195276604,0.7542476580169336,658.6719758448431,317.16209236040424,0.9688108542028792,653.563773564915,322.8777537410784,0.14655213937672854,617.7510864245575,336.21027331645007,0.9595254288637035,687.8349850380508,405.506257488597,0.969068887174282,572.2509507667036,426.09719824241995,0.9777487274347438,713.4021176782265,508.84228632478283,0.7444148932384138,553.2813950983109,547.0730903985799,0.8568975583488998,727.849595662825,585.7150242769038,0.5408546298165435,590.9085624151078,598.5899281347357,0.7164089458224946,678.591433386984,584.710028423875,0.4581355475211947,608.5696884408205,597.5724773703741,0.46985569786365733,692.2897797137994,626.0489727189175,0.02983752002269667,636.4775960523132,637.6977116294152,0.032140921091679625,622.4678373577807,657.6255714181561,0.004848154847228186,660.3881811038189,653.7885968594373,0.004684950758062681
211.0,675.1839300453089,324.84164373744704,0.9616517833831983,671.8065759684754,312.6926295144636,0.757917959216359,658.6256695370208,317.0054444128311,0.9694093877657493,653.7659902355177,322.96307392943356,0.14783624146758276,617.7092002869103,336.07605578598964,0.9598734122528912,688.0162927108422,405.73445842249276,0.968782315739236,572.1499937498091,426.16978518458353,0.9777994758217977,713.6360062188553,509.08314561742105,0.7396309238810969,552.9715760043116,547.3091567181984,0.855859824147922,727.8802172615724,585.859425984393,0.5347117265425468,590.2083543057117,598.6781578257256,0.7138257179733203,678.6046271281457,585.1190533831702,0.45400298391973815,608.4128139629362,597.8634631238453,0.4675074964072301,692.2220507351939,626.5774383970463,0.029536576500704185,636.2620260544542,637.9772032599668,0.0320304105239309,622.4507875337871,658.3410948576695,0.00483260846000116,660.1310107280267,654.195180603545,0.004694021908848432
212.0,675.141341829216,324.93925340027886,0.961753978746322,671.7451237787154,312.7174882886068,0.7586327060586351,658.5073905586789,317.13910065618126,0.9694503778195943,653.7734401069794,322.96330081054464,0.14828563072543724,617.6303816121593,336.3339709092313,0.9598294318203778,688.0087740380529,405.7140650216418,0.9688266186721464,572.3454897442157,426.5032680227081,0.9778203233714837,713.5978925064468,508.76347058428445,0.7402330383867447,553.2238621601769,547.4137878386388,0.8559829407913151,727.7821117281604,585.5400861111156,0.5360108743395782,590.1559525610293,598.4582956834732,0.7144659293826331,678.6043915555717,584.9439186962938,0.4543049633373071,608.536663244002,597.8396244138472,0.4676508743851372,692.106010927183,626.3018207989722,0.029539699975186618,636.3086933848796,638.0185593116522,0.03201047722100164,622.1957675941533,657.7726526182557,0.004828587883910253,659.7897275089542,653.8887056086604,0.004687496900957657
213.0,675.122287622977,325.05682157708816,0.961295323805661,671.6788258356319,312.8146938137572,0.7562553119015086,658.4691564966371,317.32660988171716,0.9690450772985761,653.7509487488868,323.04166658068056,0.14779370784995885,617.6818905928895,336.6175355533022,0.9594423927341242,688.1452259453885,405.72343762761295,0.9686970799096317,572.5043207405784,426.54460713267486,0.9778593977255644,713.6925174104514,508.8019080738239,0.7412848008556653,553.5510089977388,547.1835319368054,0.8577360749936931,727.5461034489068,585.7006417076061,0.5382092176978827,591.257059823935,598.3173598399933,0.7175046131242929,678.6108300397038,584.9797045766869,0.4570017269172178,608.4485774151702,597.891120968949,0.4710652439993782,692.2698186569128,626.0973645412878,0.029763651928833044,636.0951460083551,637.9274425905586,0.032353552578753594,622.4340238056609,657.5688026826313,0.004856805732479061,659.1902817674438,653.8497885532324,0.004725937912925094
214.0,674.9001605276769,325.5514467525242,0.9617226092442952,671.5794574997923,313.13734123726795,0.7595170748564907,658.1630866312864,317.81964335742356,0.9694554701867902,654.1466009027376,323.02328935471166,0.14997814583724672,617.5197818222334,336.9190115151017,0.959346254954063,688.269136749194,405.58253306241227,0.9684674911334462,572.6737453772604,426.8687670434323,0.9780269773947208,713.6872244410639,508.23020637127985,0.7396990362765116,554.1673323789123,547.280181905794,0.8592929158466373,727.6257610176766,585.061616553194,0.5392205410445654,594.0947272196973,598.4325574225962,0.7207862025982158,678.7680187684963,584.8451359870671,0.4559324513312387,608.5870825383616,598.0699922349137,0.4718515371492193,692.7219006418429,625.5519466517285,0.02972732058253154,636.5003081531637,638.0224605018242,0.03259801101224301,622.8612182247191,656.7283331790122,0.0048695650454252575,659.3878918307935,653.8311716460835,0.004769492336007295
215.0,674.806802238239,325.3423640202623,0.9611605540369913,671.4990619411828,313.0174273954441,0.7574464587092132,658.0865161223246,317.6255810096778,0.9690050029245947,654.0928869545504,323.0750614330608,0.1499268263075936,617.5446319210143,336.8427563937399,0.9589464753684277,688.4178509854443,405.6873880811745,0.9679710277828677,572.5857257344319,426.72522459920884,0.9779339577211112,713.638249276903,508.4596795694251,0.7358094908084618,553.9951839611639,546.9544847175623,0.8588324003126907,727.1724469870703,585.4550225030877,0.5337714211965109,594.0521924460222,597.8291489829741,0.7190261460222639,679.0129790184643,585.0086472569221,0.45355060297634514,608.6695526039305,598.0901270414784,0.4712627551073311,692.3585840168228,625.8560508675598,0.02948212749647441,636.2203434280265,638.1645226864807,0.0325312205248198,622.2283219852724,657.0477723112522,0.00484773987682181,659.0587159706697,653.995468154813,0.0047713491251887815
216.0,674.7275108629506,325.48606500849763,0.9610977602337912,671.4074555757201,313.06394566614375,0.7580277197898256,657.9471552492104,317.8066817804128,0.9689679601486847,654.0686443379792,322.91432424563413,0.15039381942544575,617.3333859669087,336.95814194417136,0.9587181963635446,688.5185952461882,405.5320390112176,0.9676114477483658,572.5797521961521,426.86649000664136,0.9777915067967828,713.7006635658624,508.57993428173285,0.7321995633728849,553.4514236320524,547.1205056606965,0.8570255798784753,726.7959230786163,586.1490424334323,0.5285327463974171,591.8422104704745,597.8122666705971,0.7155249874021703,679.1746881086425,585.0455413436488,0.4508898233364128,608.8540399901498,598.2081335080118,0.4693685694224752,692.2187656037967,626.1219322039875,0.02937277361731051,636.1701806588402,638.6322803223868,0.032473327130500954,621.7722111140541,657.0881285640996,0.0048605962796637306,658.97612644729,654.2049969894949,0.004791831492079765
217.0,674.674831247929,325.56631394072986,0.9605917289982856,671.3595710385962,313.15326263884685,0.7566998149421562,657.8869721809223,317.88631722515163,0.9686378147676882,654.0236527151316,322.9721796751235,0.1501173957795594,617.2622493772601,337.00106858631915,0.9583410700904036,688.5579305801674,405.51975854504326,0.96689388465517,572.4552540639812,426.8129597972944,0.9773413900354411,713.6822266492343,508.9955137156935,0.7255666146530814,553.3604544655026,547.5380082022301,0.8532709707402286,726.7550382853583,586.2337441430033,0.5192095492976623,591.4649659803201,598.4037881117546,0.7082321643644383,679.0446526374061,585.3236347283571,0.44332231450627463,608.6965163561251,598.4523860620075,0.4623574287059691,691.969488911988,626.3672619263517,0.028806030077235624,636.4744968221895,638.7386145675758,0.031914377758712614,621.0828148564349,657.2270211576696,0.004824628908121912,659.6018316968492,654.2402333612108,0.004764660424873579
218.0,674.6591025807011,325.76553123887334,0.9607301358087287,671.3583662179567,313.2660121576992,0.756471239879998,657.852859333391,318.0155936870959,0.968658055821641,654.0300203899455,322.96109112593564,0.14969080076077582,617.153008999742,336.9928684830849,0.95842567810106,688.5339867840233,405.7048800244463,0.9675796538082128,572.321010409831,426.81733084996154,0.9775094178485847,713.8396992450721,509.4422302362893,0.7322764569265816,553.4226249857979,547.5296440968408,0.8553315253714463,727.3038053490573,586.3463380093812,0.528030252817006,592.0278460695556,598.4082528141525,0.7129655464236174,679.1721446573127,585.4605468515953,0.44979531692150904,608.7251758345534,598.5733193819392,0.46688280804245313,692.3014787056917,626.9546522720152,0.02924765919031717,636.3647525881911,639.386278414393,0.03218549954494428,621.7578481458228,657.8355966983751,0.004833779136107519,659.7266037002667,655.1288480507029,0.0047489024580813595
219.0,674.5396258251914,326.0087617087753,0.9609122441297794,671.2967783898973,313.4654511241697,0.7585992926714911,657.7039208348276,318.23524672800613,0.96875995207065,654.1120410610399,323.038387191185,0.15123879966383486,617.0140156076644,337.09986486648484,0.9582308886854481,688.548869460711,405.7767398309839,0.967492164298233,572.1916553261946,426.8438363151562,0.9774075378021934,713.8164176467914,509.80814039283536,0.7307424134271329,553.1998205455935,547.6361644919172,0.8539348274495544,727.3921690157998,586.6255100188181,0.5258821764318458,591.7986976453442,598.3054076476169,0.7106505597823182,679.1417112206408,585.7156608479872,0.44686818001433165,608.6291925139102,598.8297006952413,0.4638738253119342,692.04107509753,626.8011768068313,0.029016585618688674,636.1619875663988,639.3437212143363,0.03191544298265219,621.466452900178,657.3035302624603,0.004820709295503638,659.7708535002159,654.8467820590336,0.004735146294172614
220.0,674.2792186337962,326.6159468568813,0.9619376072123785,671.1264960122573,313.8342097794001,0.7641894988069633,657.3014325359138,318.83464889622644,0.9696155308012695,654.3165645547189,323.0134488534139,0.1534925169387375,616.5624332129311,337.5239673560338,0.958583122299114,688.5004538269052,405.51919396743483,0.967791028872662,572.1236904441707,427.3509512460595,0.9776343553059661,713.9130796734671,509.2444699951179,0.7323943303663101,553.3507090864927,548.2192129483041,0.8549276048848125,727.6897483205697,586.3979593864663,0.5299231513834466,593.1679546084328,598.7810696034466,0.7134705703408639,679.2509201660826,585.6080723672475,0.44714032314744784,608.7145871056955,599.1471702424319,0.46398572218552525,692.474549137289,626.1533770111816,0.029086008470769777,636.4757699210667,639.450314639981,0.032004785220002774,621.9499839828845,656.4815591872579,0.004836197235730598,659.8741928516469,654.7490049382995,0.004751362473140598
221.0,674.3300462728257,326.7563551785808,0.9617441444177482,671.0838510236093,313.97605178749717,0.7612306455157278,657.4068783914269,318.9800355789474,0.9693655157836194,654.0146246536531,323.190089955799,0.15147557575256804,616.580487806961,337.71064071021135,0.9587341358034454,688.3289252121219,405.35093665006207,0.9685326308759857,572.0130091534437,427.53577811587024,0.9778155992531317,713.8678112888155,508.4866918456624,0.741496195521957,553.7414609203076,548.5117747370684,0.858028991162149,727.5756863038698,585.8296133473805,0.5419376299521297,594.531351745491,599.4972841421916,0.7197573979405962,679.3859586017721,585.6328053007729,0.455289388927684,608.7661026589265,599.3158372201262,0.46951033305084255,692.9148086619363,626.5698352013338,0.02941293400505293,636.4411079412465,639.8455556972092,0.03205201173773679,622.5896446009798,657.1789911323353,0.0047979762937633424,659.8050428140338,655.0908299757457,0.00467958514863614
222.0,674.4515700869022,326.558838113518,0.9616021932425122,671.1044455878134,313.8589249480656,0.7585787448105598,657.5418197557377,318.80565833763643,0.9691494617536449,653.7777653295442,323.30666035741774,0.1493984346656663,616.5743791207404,337.7416115008992,0.9589082317936576,688.2840443100451,405.3001719376297,0.9692332428969723,571.7484171712025,427.49203798691406,0.9779205380331875,713.7914861598789,508.32788906138717,0.7500048637272045,553.927233457347,548.6949227993066,0.8606540201511298,727.1470536524669,585.6990230184571,0.5534935701004626,597.1309232670711,599.4516841155112,0.7259337915314381,679.6153182075474,585.5210522080216,0.46217370663540547,608.6719220515251,599.221689009406,0.4735766613857024,693.6519600517033,626.019968630425,0.029831116880566725,636.3711138638769,639.0428370223862,0.032172461956674885,623.7629108608432,657.249440525792,0.0048001485094174515,659.5653135592436,654.4490920083656,0.004645016641333329
223.0,674.7334767366601,326.25576643200645,0.9601169738389851,671.1100173917982,313.9272274700527,0.7471156542713546,658.0234934072076,318.59750655509333,0.9684250875362543,652.8846283196968,323.91915722900745,0.14253460630075676,616.7829346326845,337.8413514656666,0.9596082260560848,688.0683273884968,405.6200271199513,0.9681497688831381,571.3252733349641,427.73552219443394,0.9779942601190189,714.2453962643543,508.756149458106,0.7411751030967751,554.1871234449067,549.7140905360612,0.8615704043950217,727.0837617022337,585.6805443046296,0.5418133844253242,598.0042960958818,599.3891317311775,0.7252788664977279,680.6051047222293,585.6033285033845,0.4526195245683016,609.6524867448541,599.1985964656686,0.46894828145967066,693.827318510518,625.6846906942229,0.028814584938762322,637.4450153018843,638.0440631184426,0.03163452037775476,623.8940828745681,657.6768956079507,0.004667178467758527,661.6548272005979,653.663852035595,0.004572310785971013
224.0,674.3772554583619,326.87945523699943,0.9597655528004408,670.6774973267306,314.5419689926628,0.7446260265513719,657.6921701203635,319.40161159205206,0.9681895453146179,652.4573540085995,324.3033353512236,0.1419166689428795,616.5805061591939,338.61751919955407,0.9595375729427998,687.9417228840379,405.33047555460666,0.9680293025540826,571.4649096648519,427.7325529336603,0.9784801729385535,714.1409922900446,507.6430929860528,0.7426864911383386,553.3544405367771,548.4729757962106,0.866163583402766,726.5084261320968,585.0864321101114,0.5441456170240297,593.3830716125458,599.2090520184822,0.7311618100288256,680.2484895663451,584.8708648199391,0.45923133955978934,609.4000096823928,598.4343415057546,0.47883034688569037,692.797127922478,624.83169270295,0.029307475740462684,635.5608728243988,637.3997066861151,0.03248955388241093,622.8352687956493,656.3290903351481,0.004732106902564697,659.014381765685,652.7857667090572,0.004669331461860166
225.0,674.1916080747139,326.8260875520228,0.9593540476387324,670.4447824318579,314.5162717730522,0.7431611849825571,657.6332069129093,319.37370436324744,0.9678283022837643,652.1591010053094,324.285276059029,0.14261972262025685,616.7653998364801,338.5721077140446,0.9592565618754207,687.8662476159327,405.2460440341331,0.9678401097246634,571.583931466277,427.58448787549423,0.9785870963668369,713.9566156254666,507.86045333306356,0.7401738864233921,553.2556619452063,548.3971109639665,0.8662786217252431,725.9632452446447,585.3985603431636,0.5397596652391367,591.9007261951342,598.8751909291879,0.7299285264708057,680.1161329599593,584.4362288267932,0.4580764352392297,609.4395299537074,597.9202028097955,0.4793291555127054,692.8261004016586,624.579414320751,0.029280772802924473,635.8862539433853,637.033812162848,0.032669133026588824,622.3532532420879,656.1746149500811,0.004744652334896006,659.315019537995,652.5982940245731,0.004706457302986108
226.0,674.0410957850613,326.6134233583217,0.9595674267413524,670.2515612727674,314.357993612973,0.7426630876868084,657.3773793289538,319.27899383678607,0.9681844846638394,652.0511746211357,324.2691311233784,0.14178572366175374,616.5740925181279,338.74333746363277,0.9598944835037382,687.9384674708883,405.1519351589716,0.9677854555423716,571.5396760218662,427.50984294089653,0.9790775221289916,714.1472042149387,508.1288616095872,0.7386326452163787,553.6482947407168,548.5519628264667,0.8695578216468429,726.5032859863219,585.5099148714215,0.5373430257223983,593.0867523930634,599.3603566933052,0.7334056775144656,680.3058352422225,584.6502653402291,0.459498982224388,609.4274264756215,598.2184376973992,0.4839356923181253,693.4838978684589,625.1853745573987,0.029000115990880378,636.411579255857,637.8520106370211,0.03279514543454428,622.9457908401938,655.9871218770381,0.00467993259359207,659.2380344014961,652.7604542882362,0.004687040632304548
227.0,673.9769388802014,326.58638372063626,0.959657177992301,670.2012947126725,314.36256428259605,0.7433733688486567,657.2619003134378,319.28981439168246,0.968172013530115,652.1106408187677,324.4289382515622,0.14266271089195226,616.5953710251273,338.9622371234255,0.9598684725237682,688.2008335132988,405.4873612518826,0.9679850611899093,571.616204403059,427.5883050571407,0.9793190602775966,714.1515514612806,508.65010774623227,0.7401468853616991,553.3298447297332,548.302208666927,0.8712234089664909,726.3777939061109,586.0025074860891,0.5386541886381407,592.0128803528501,599.3114399323426,0.7354544689731091,680.3833179533252,584.7679370394933,0.4624531533401263,609.291899315569,598.183799625916,0.48770672441487234,693.2477292983601,625.2527038810614,0.029127639669054666,635.507796577845,637.8502957595665,0.033012963459915994,622.8086560216217,655.839629844534,0.004681702230172073,657.9743067016434,652.7047354136229,0.004697628098126402
228.0,673.6510160886254,327.1128534987697,0.9600745646667942,669.904073595621,314.7297164832593,0.7477708743796925,656.8798025665907,319.88051109788995,0.9683418960354198,652.1657821301487,324.56520028604564,0.1461523638816479,616.4996914088148,339.5608275104473,0.9594797784762608,688.2419236122009,405.2814678416365,0.968166951912158,571.6870095431774,427.90548781411496,0.9793813118559611,714.0293158454159,508.50703392691713,0.741210551140847,553.237995086312,548.539414057049,0.8711656856942054,726.4265400403054,585.9618165087061,0.540349939942882,592.9052417717869,598.9764451283432,0.735625577781397,680.3792614574102,584.4964729745853,0.46326887575791076,609.2324211287563,598.2173631522707,0.4882060284929617,693.2066425389529,624.4484795356968,0.029336730245951903,635.2788125772997,637.800427562504,0.03321781831298292,622.6497886318394,655.2896939561786,0.004726171203215549,657.2505414859692,653.0354053828387,0.0047412129350916255
229.0,673.362601467234,327.79005709717507,0.9607438365992657,669.6630583424692,315.21247860263,0.7523000989145653,656.5312298861451,320.5443549449654,0.9687923901597391,652.2290542196456,324.6812791160265,0.14960749697259074,616.3228064555437,340.0251999516237,0.9594960580943568,688.4161396037584,405.49291320032944,0.9685092676583485,571.7454077274963,428.02664710054444,0.9797872999298364,713.9025893362121,509.30525274781814,0.7420693315189392,552.7932073584432,548.3485721301447,0.8730633438910534,726.3233479999357,586.949963815211,0.5415221374438232,592.3930230458527,598.722777758032,0.7383737286394912,680.3244499671108,584.506098126,0.46238969161929483,609.1319396829008,598.1981107280203,0.48879040244775884,692.9110644201893,624.0223242619302,0.029044012915681598,634.9007931904043,637.5711263943368,0.03308215380151046,622.0584847049768,654.4019376053568,0.004670626069476203,657.0018586607453,652.6486466235233,0.004707658243655858
230.0,673.1462878930479,328.22322069150954,0.9619497476708947,669.5785220875878,315.45983699500664,0.759156315117248,656.2610046042709,320.88438282658115,0.9696192630670961,652.466055242696,324.45186513676333,0.15325498312810723,615.9773982038014,339.92245146843794,0.9597642822066067,688.4626660305006,405.3971335289088,0.9694254125297692,571.8473400557666,428.01566235513076,0.9802299781375997,713.9170329950306,509.20949816356716,0.7479573086148559,552.8489056849664,548.1763499341236,0.875110463169576,726.6582769778524,587.6845470582008,0.5486780262612849,591.7516936393196,599.4406919312531,0.7418569476103166,680.5232734513899,584.7774302153139,0.4716258859531246,609.3757580783264,598.4703627876745,0.4969281291389724,692.5466991428702,625.8120893219599,0.029766799086812196,634.0822084333511,639.4517617270205,0.03375097116955064,622.0209801436897,655.6346955114195,0.004729963428172686,656.3655797201062,654.111433393324,0.004753873264243699
231.0,672.8128747868791,328.6517930777801,0.9624366662992545,669.317357605064,315.75000936669994,0.7616683356819667,655.8435741952558,321.30973935031915,0.9700187294016209,652.5642766964978,324.4952035112399,0.1552970124853564,615.7116933797919,340.2294452249052,0.9599626098912568,688.4742579234264,405.5204504733789,0.9696895437569216,571.7322001968171,428.20378056935033,0.9807621044666351,713.8112249436231,509.7484815049099,0.7489349880095857,553.0004664942204,548.2789810839743,0.8784193729541359,726.7641288633046,587.907549930744,0.551201271961905,593.2999728195108,599.2065770174514,0.7472610139167492,680.6785372720484,584.8015846979414,0.47434567164918723,609.4335504081638,598.6558916534786,0.5019783114073622,692.6841672006632,625.8117584117667,0.029843221287691915,634.2393728611573,640.0363209664698,0.034181495206790306,622.1483084477054,654.8802133625776,0.0047204799909982345,656.628196589328,654.4007847959483,0.0047795939868012305
232.0,672.5615911399398,329.04457488825255,0.962704208553648,669.1564268582874,316.03666585706145,0.7646915508908539,655.5574041569027,321.673608882255,0.9702008427358009,652.6945681236028,324.5221336390212,0.15781351318936054,615.5411740989865,340.39328035685213,0.9597145915345728,688.450284396489,405.6302157113015,0.9695312816085732,571.9202678310266,428.3349295346105,0.980717692874198,713.5561375410683,509.91936425827316,0.7464775752030695,552.9836472675712,548.2878110278491,0.8774526208345161,726.6964224291323,587.9939782052681,0.5484554392785559,592.7219867717563,599.3311727172198,0.7454204367737408,680.3775222923499,584.7068302687594,0.47073482078613577,609.3482744421233,598.5393852733425,0.4990437495807356,692.1381102124047,625.5333296457053,0.029635181771270447,634.0725087305125,639.776810368636,0.03403292150392554,621.4945800122214,654.2164889272633,0.00472029337116167,656.6104473299762,653.8770322896717,0.004790408221031117
233.0,672.3318288107561,329.4005191683728,0.963521754765656,669.0360894287609,316.25575227051274,0.7704666634340305,655.2363210094145,322.01490252860265,0.9708967835561817,652.9497253708963,324.47224585736177,0.16075528441434975,615.2796077215035,340.5690183995804,0.9598314393283827,688.4741775993706,405.5288543611962,0.9694668541762524,572.1584556071008,428.4551040409681,0.9806720129799297,713.5829891211665,509.6966189404083,0.7441921713538262,553.2971545648461,548.3717068378653,0.8762244418043792,726.8615854946307,587.5126347728898,0.5463908021173736,592.8760041330769,599.4806661815965,0.7436005200999378,680.1724092735557,584.5091674897166,0.4690397889310552,609.2846474430282,598.4539679350245,0.49754019391800774,692.5584184664992,625.6096281091682,0.02972631237307659,634.5792796871605,640.0264865105584,0.03420249583399248,621.9725670083654,654.1356473647143,0.004767425267383202,656.7826633371833,654.0371342159393,0.004846877770452953
234.0,672.6233688422137,328.8684189893013,0.9629116280624768,669.1461829249298,315.9789423919454,0.765618884960516,655.5986722023765,321.59770508811494,0.9704422967880254,652.5802656090403,324.69310991777695,0.15743839402590296,615.6050491590472,340.57177782274607,0.959987553889953,688.4452566118791,405.6176901937678,0.9694206458756284,572.417191365264,428.2349326725063,0.9805990504060907,713.8084502626518,509.7333135630584,0.7453319791500274,553.5959698654259,548.2374544788412,0.8768966629434012,727.036119629452,587.2158113713771,0.5471122057874002,593.3600775347677,598.9795599095584,0.7446651874373282,680.3013152997918,584.522224563074,0.4701468533890074,609.5199336071072,598.2357858860362,0.49837903983553133,692.6599136443846,625.7138008587783,0.02969402787869091,634.9149242264299,639.4291103976927,0.03412187403931838,622.4941659511879,655.0072084165874,0.004736602546251642,656.6289395567277,653.7024054292576,0.004810302459261141
235.0,672.5628563239212,328.7657917325487,0.9633156204545075,669.0654609439614,315.9080424682803,0.7671323467818904,655.5790686650593,321.532482191617,0.9707777377845397,652.4967711784467,324.66856977928865,0.15785525853827712,615.7134875389512,340.559338136782,0.9603561056411261,688.2235083322716,405.41037551751606,0.9696781226312305,572.7156179043643,428.2071450134267,0.980856625611602,713.525208307653,508.88528995661585,0.7472437974409936,553.531019628987,547.937881696994,0.8786694738134472,727.094414892315,586.8920331660502,0.5493208853522397,592.6021096100388,599.2915865298248,0.7472451367489646,680.2617956125497,584.297929637597,0.4754385556327746,609.7690693891707,598.0875728470314,0.5041393236796764,693.1152039781362,626.6557495510821,0.030048169668075032,635.4519660798834,640.3756759269974,0.03460748792070346,623.205937761041,656.0683660599066,0.0047553560856578555,656.4985531098398,654.5951197818679,0.004838806154518862
236.0,672.712902798908,328.4954652635029,0.9631392934974283,669.0906059104465,315.7187196187204,0.7636414597156791,655.7067891091469,321.3203921619052,0.9708579674803706,652.268981671277,324.74550970919597,0.155050855533777,615.7582975647953,340.6617472601605,0.9610298550128942,688.2455755197303,405.6713245029606,0.9696011609443027,572.69274840544,428.5761638157497,0.981179353289104,713.4587772341561,508.813823527755,0.7469805138169743,554.4955001325438,548.2620272119693,0.8817026709844982,726.69893635807,586.8527471786892,0.5499715173949374,595.6257378117301,599.6249246300298,0.7518996704642636,680.4589379549351,584.8556733123712,0.47646910543242427,609.8340957139359,598.6868897849765,0.507443376783651,693.1094706916772,627.8531081413608,0.02962205935870396,635.4540469654667,641.5062513095907,0.0344365002859057,623.0641206249729,657.0071734139401,0.004641447731119709,656.4495197582515,655.2139717476337,0.004751907768771522
237.0,672.8482100180026,328.6537761446404,0.9633194228013946,669.2022190389771,315.8358013564278,0.7638511471866839,655.7659238390547,321.5144665394482,0.9710565255145671,652.3742694865988,324.820505474719,0.15430971704120808,615.6939114636599,340.9008986376213,0.9613387824272013,688.3370294573282,405.67199384619977,0.9697620689050862,572.5801930314365,428.6649154054135,0.9812331147543154,713.5424275558034,508.8909965483279,0.7480348326900224,554.6421618132093,548.1917857898675,0.8819784045536375,726.6594363659327,587.0580130036769,0.5513273920292239,596.3900168595967,599.30728068701,0.752850527753329,680.6086021530016,584.745374870297,0.4773844981324855,609.831227400701,598.7028332737536,0.5079233513653639,693.7521024257836,627.2104664970251,0.029773953775819883,635.9552986165031,641.1922301604563,0.03457269134880877,623.5340576673452,656.3286709737085,0.00467015474719207,656.9963613533122,654.9584051098157,0.004774714801172691
238.0,672.921817654821,328.85474488328816,0.963227507393568,669.2317942680695,316.041652614562,0.7630088042491516,655.8505949481715,321.7589843531214,0.9709455102259189,652.3453106711902,324.9947266865746,0.1538769448873533,615.7425690170572,341.1555259206391,0.9613345675012899,688.2354950258751,405.6322344985226,0.9700279084232579,572.5418033720548,428.85715133612666,0.9812153677323681,713.4385853892215,508.4017504169729,0.7513993961761066,554.6017270865059,548.2620446953612,0.8824115390722468,726.8574204962399,586.9721103250417,0.5557926617610721,597.2544885570893,599.5443370960429,0.7543034960918364,680.441666714404,584.5585607651539,0.48047036856865805,609.6861146212535,598.6462677838058,0.5094258841351752,693.964014715217,626.8766146886384,0.030036329362517725,636.0846807315395,640.9637399530963,0.03468204191368171,623.8044178541611,656.0541873208674,0.004694555701464953,657.0584881499664,654.5720725288846,0.0047791429070371
239.0,672.9326717518705,329.32046505146275,0.9636066791015383,669.2443747079037,316.32245649180226,0.7645879005850559,655.773413941024,322.2282144064128,0.9712338989935557,652.4986746217282,324.96814089857685,0.15439617756942348,615.6410660267095,341.49121271849145,0.9614830769555958,688.1000167089595,405.4192355095496,0.9704029852053286,572.6653746909647,428.9094521008401,0.9814174611332653,713.1358611222713,508.3616035504468,0.7551454908418802,554.550615655571,548.2461247102801,0.8841880279081968,726.9721558663064,587.193801539466,0.5613658413006744,597.9345726941272,599.6766425406805,0.7580686103360187,680.3280807689025,584.3318746909647,0.4853205611203143,609.6940323548441,598.6286131361055,0.5137535214811741,694.1820252267246,627.0953704973099,0.030382747651420128,636.2991300640067,641.6573954877426,0.0350375710803126,624.1354309487363,655.9623613069813,0.0047137004414245925,656.8015806758362,655.0798504637935,0.004792941892824163
240.0,672.7398777513603,329.80299879787844,0.9640717438894717,669.1314504927366,316.6693822421493,0.7684885588603283,655.4794192837772,322.68706162599693,0.9715327933739696,652.7018474386974,325.03742286032184,0.15697006042594283,615.3833633991696,341.782897469295,0.9613050449253449,688.3127107744705,405.56906811410767,0.9705478866654027,572.8132277880339,428.9642558956512,0.981422492036197,713.0707118668355,508.78519069489715,0.7554178689478358,554.2734018971844,548.2374411547517,0.8838821257403475,727.1396481962139,587.2878733672306,0.5622451960960245,597.9027173541409,599.5817504293399,0.7580528527738793,680.2151799706611,584.4749949765222,0.48472585161240456,609.5445448523448,598.6874412007801,0.5128872337615539,694.1581916567601,626.7649695000116,0.03050009018998161,636.1569166498061,641.0911939770583,0.03515149467471777,624.0885065798362,655.5404230181268,0.0047537807747492136,656.566822654121,654.3322490650258,0.004834275138287384
241.0,672.9921784811506,329.3456123705823,0.9637942876864608,669.2477256066552,316.3821132616801,0.7647064097294487,655.7522508807098,322.28124721826913,0.9714836585833907,652.4010883152149,325.0960187557975,0.1533051683467458,615.4508012292587,341.6586746858515,0.9618577888517499,688.3570587528815,405.8140411990039,0.9704177806129894,572.7676765976258,429.00859374390643,0.9814502338523438,713.3794152003344,508.63792666186555,0.7546423448173519,554.296748755252,548.1125362143598,0.8846081931520633,727.3483789068812,587.0680784191848,0.5612602019181652,597.7415587718358,599.6197908623044,0.7591202444154952,680.3779191560126,584.6423382828648,0.48446444593489174,609.6559566479259,598.67318366153,0.5133910648080566,694.120093357816,626.8944810326126,0.03043269134367261,636.0011353555202,640.6427999662853,0.03514947828611897,624.2467106159039,656.2657701005068,0.004735711145312897,656.5307826491477,654.0955564111861,0.004820686983597597
242.0,673.1811502444627,329.0090535825187,0.9644668374550317,669.4613893041978,316.19224444863914,0.7684369728326872,655.8021100442254,321.9338045283396,0.9722019043861626,652.4917640562488,325.2177636903323,0.152697180877706,615.057493618688,341.5113057112894,0.9624073821567174,688.5424226094735,406.4195580721889,0.9700312621420217,572.4535128270732,428.85578238829027,0.9811149944398607,713.840208038325,509.6941322059711,0.7491108321126846,553.7234097899008,547.7433421434383,0.8813990954006261,727.1355088442745,588.1984555527774,0.5539224433704731,597.5360110310494,598.7895051920557,0.7542345765915759,680.363637143341,585.2978110763863,0.4789864991546289,609.3573577898895,598.901982856631,0.5079502149850105,693.5819357395691,627.1019959702531,0.030524901881107683,635.2472236342726,640.0488905901275,0.03520189029262186,624.586083682248,657.5951691057384,0.004823980621546626,655.9181771863445,654.3205908118666,0.004902447371522318
243.0,673.1178240050418,328.88972697996866,0.9649954267455888,669.4776922934054,316.0603068842813,0.7721991891519479,655.6971178415204,321.7756895917541,0.9726014097214106,652.6462056303362,325.1042634671617,0.1544828756440784,614.9463881072293,341.3399028458781,0.9625360537159138,688.5089086123112,406.57987371883,0.9701254491250378,572.3302269518879,428.8129475459297,0.9810231323729977,713.7966959206353,509.632024221559,0.7483156613978648,553.308711232271,547.2771970215157,0.8798561176226392,727.1499671772207,587.9653626305097,0.5528741641039017,596.6271471145183,598.3825151556882,0.7519364307708576,679.8951300187243,585.3915921207549,0.47761737074971583,608.8960674470278,598.9174288481826,0.5057468542521935,693.0822292373614,627.2473576934935,0.030513524162485376,634.8402799068972,640.2167259598849,0.035071883289681506,624.0541199754097,657.6893626472572,0.004835495121092656,655.5232070510547,654.625982506167,0.004901766362432003
244.0,673.3160006363834,328.5472004471585,0.964992944195847,669.6241445097841,315.8374038362802,0.7710468480796081,656.010810521974,321.3975666749691,0.9724769406175826,652.4646469273821,325.0011717331231,0.15343711449380773,615.1191879322289,340.91168151972954,0.9626344931024831,688.3801806866197,406.4163309794471,0.9707334659990741,572.2806195002139,428.46747999117406,0.9811087281394337,713.6932808825255,508.89984943538457,0.7549302652257194,552.8184950128639,546.7563501212544,0.8810562831760334,727.1297356308569,587.9070247970792,0.5602069335715261,594.885743489337,598.6825827717032,0.7541710953041684,679.7595334637731,585.6881530829323,0.4859701041192987,608.7801357102085,598.9961480071264,0.5116371854748863,692.4526754128451,628.9130912811709,0.030925125666247534,633.7809930191697,641.2720499026567,0.035165411366978344,623.8311487468661,659.3246821639427,0.004819621842188556,654.5436633492818,655.2786286467215,0.0048479798382127706
245.0,673.3261897066513,328.5854757250099,0.9643624296100752,669.5478544468685,315.88197779718354,0.766104359529065,656.0767394042076,321.477448308656,0.9719521516339995,652.2006877419204,325.0207816742331,0.150997066346388,615.1687828661281,340.99918372721424,0.9625095739956689,688.1303195355422,406.151510734451,0.9709250499749509,572.3221840819928,428.5239691138649,0.9812267006753352,713.4521278011913,508.36604473466434,0.7590555363090955,553.1288784855442,546.9523085322551,0.8832453858529572,727.1629492766482,588.1508511503492,0.5653496909174415,595.4663854128568,599.3082318059555,0.7578836117686566,679.7535770076246,585.6434399547566,0.4927285210490087,608.9133388065663,599.0812850489053,0.5178393830081094,692.5127060901183,629.7248640450754,0.031308816635311064,633.9402681192852,642.1552248522106,0.035538426077939694,623.9301444201258,660.070740821473,0.004822178325720943,654.5766689482308,655.8425989773654,0.004843413126126318
246.0,673.4116447569457,328.5247195726154,0.9642978208137862,669.6268327789571,315.8558765937907,0.7652266240240196,656.2232775398563,321.40218753688504,0.9718586276913377,652.1733294438108,325.0642324029054,0.1503113038266815,615.3010118393252,340.9287261437048,0.9625010155855265,687.9139190494899,405.99078967575986,0.9710670196614688,572.3723382964166,428.6896250560044,0.9812662564921318,713.3916202482292,507.60899969396735,0.7614532670288748,552.9609152598007,547.1496269456061,0.8838903001580136,727.2969263065554,587.7678179440114,0.5689911586195783,595.156326181556,599.3794073384908,0.7596531801067918,680.0005599664329,585.5479867635412,0.4964102820504903,609.3406710546368,599.1415677500615,0.5207456935788225,692.6718904061318,629.9420334407463,0.03169079951077938,634.231662090955,642.5205219858708,0.03585467057103062,624.3986219621996,660.5043014464775,0.004856029901899742,654.6580816018629,656.1872846320822,0.004866252948431734
247.0,673.4399340368781,328.42973266257366,0.9642693801461981,669.6940783228271,315.80952090292465,0.7651813714769715,656.3290570556388,321.2795088407493,0.9716725286968781,652.2155567466102,325.07269607304437,0.1506807565256017,615.4712840872535,340.7584506732237,0.9622486205819182,687.8026237928037,405.92807464295737,0.9714039681211201,572.5431888939995,428.5715583912719,0.9813179902185445,713.3617287263095,506.8692144959378,0.7660664306194942,552.7090934395598,546.488934724133,0.8848720795288256,727.1772623332854,587.405218403455,0.575244046207812,593.3121197060293,599.4192836231973,0.7618969811517218,679.971142019671,585.3834425424528,0.5030028578762925,609.4757391668891,598.9103048397363,0.5258749624229482,692.3373367520174,630.0791594577113,0.03235315216777887,633.6241395768739,642.637989382285,0.036365094125774274,624.4925728966551,660.6670339560447,0.004920436395118511,653.8630090229495,656.4326048725898,0.004908636489011178
248.0,673.4956113155893,328.3849679493908,0.9647952382256753,669.8793210517053,315.7634944726619,0.7682926148676228,656.3897125293329,321.1594541724038,0.9719839791045464,652.5579641471778,324.9785741302019,0.1523110974574173,615.4985503027217,340.4749484471606,0.962385890776518,687.8026085947278,405.8734164699623,0.9719460065136133,572.6017776487807,428.60307899632426,0.9814678969250643,713.4522326490137,506.78269086866464,0.7699011864344673,553.2589305011753,546.8260915906627,0.8851592275933289,727.3046583340114,587.4786850559327,0.5798997941329235,593.6695149861965,600.1352757216098,0.7625110182498968,680.2317458315089,585.6920368692919,0.5081481087467448,609.7791855342631,599.300330763848,0.5292144065967122,692.2018882593067,631.0348990415797,0.03283070463269591,633.5605904753595,643.8740638501699,0.036646154310797575,624.6503976964171,661.4047864288989,0.0049568563740048505,654.0364116712678,657.6834189565133,0.004920138241853317
249.0,673.3756109064761,328.42316925003564,0.965234455277027,669.9216016465534,315.8396763138451,0.7711299467631737,656.2546472726319,321.1515170387921,0.9722113822441546,652.8539922927952,325.08099325690006,0.15410124463355668,615.3795406894144,340.38489245559873,0.962438173155799,687.7959396112213,405.9437404440106,0.9724430264094782,572.5860919684903,428.8265499667144,0.9816604242283744,713.4330814838996,506.86978917312797,0.7730748630130982,553.6587860645463,547.5671253560029,0.885618090078343,727.3234528144624,587.9959519345306,0.5833930977514843,594.1520709039295,601.1601689361132,0.7630159547431461,680.3862298715306,586.1968918738019,0.5128781615506787,609.93062098256,599.8762273697631,0.5326767539059086,691.8766722975888,631.6603519292876,0.033370346285813035,633.4190660528616,644.6624869841594,0.03706390098811303,624.5878967948863,662.0668510868069,0.0050204146126257305,654.0404986348783,658.5129398132277,0.004966086514876157
250.0,673.292696371056,328.1542250826738,0.9650664958718692,669.9216793249461,315.7360992374659,0.7711569036176994,656.2717985952396,320.77012806630836,0.9719691958557274,652.7127837538467,325.33398312570654,0.15439966956773785,615.3303654535122,340.06910281544543,0.962241430838709,687.7831960615807,406.2963655121546,0.9724969408514652,572.0281924063987,429.0867299506072,0.9813097230694824,713.6913301424952,506.9059036733187,0.7723601673297105,553.6883146620801,548.3593703138885,0.8820773194239739,727.3122498001923,587.7251194741518,0.5810166594465845,593.8973076938983,601.5077050144794,0.7570486243698963,680.364270699297,586.5224827823153,0.5089808360591042,609.610667334607,600.0980139752976,0.526124703343835,691.8136710330153,630.9170653489234,0.03332369136719906,633.158652092087,643.5130382851,0.03661258772580112,624.3105991586917,661.9386208211164,0.0050583866104444266,654.7015740927033,657.7345131286695,0.004965732224737484
251.0,673.3464469732355,328.2007036728929,0.9646707615766917,669.9328267392731,315.8389622435156,0.7684795695421756,656.4881676525334,320.712555945215,0.9716442662524677,652.3846162943636,325.4706020102475,0.1533455262185414,615.4801167884673,339.8430950348502,0.9621284815973081,687.6694500412017,406.5785497798609,0.972403599776271,571.8646022996609,429.0386064161143,0.9812792647111468,713.7267441469955,507.0361879497108,0.7716045696483029,553.4231566041648,548.2324251738249,0.8818449931403565,727.2056663362595,587.6425873968343,0.5799544154232278,592.4809767161165,601.2899802154287,0.7565637606838026,680.2675377892674,586.4964531178941,0.506356898427079,609.55754745653,599.8101958917366,0.5238602632147901,691.4638402092115,630.1061021772159,0.03316240475097236,632.5793101105944,642.0683861147713,0.036445844494210976,623.8301251969503,661.3474669266687,0.0050536278861601286,654.9453145418274,656.4076299388762,0.004963152167777829
252.0,673.732461800433,327.9354789838863,0.9628048489194938,670.1637718205651,315.74173653559416,0.7573348351905459,657.1850339024832,320.33609348835006,0.9702774722255579,651.8913847531912,325.6034135932673,0.14839946990106145,616.1238568363239,339.36249743752086,0.9616053613899161,687.5742957061799,406.8855013427329,0.9715075452032926,571.7034893785789,428.7988485152454,0.9809016121092435,713.665541502628,507.46529732697746,0.7655756075105251,553.4217298262002,548.1565832143208,0.8801124028465069,726.6431375526345,588.0049334318187,0.5709523321900658,591.1490123014534,601.2144889597462,0.752394022447634,680.3085701654703,586.5761538890879,0.49882918753630684,609.6862245978134,599.5311507375925,0.5181536726306488,691.163852527228,629.8948402853755,0.03251628781529109,632.5851280003087,641.0252511435648,0.035938438628949576,622.8247890810344,661.6471056688404,0.004993737477281504,656.2221669783338,655.8292645837521,0.004924294639503386
253.0,674.0233153539159,327.5808311045836,0.9601637231016544,670.2701716281956,315.5132264233815,0.7451962384911512,657.8624405212709,319.82039637154844,0.9681140103594015,651.2835637188056,325.62309022785865,0.14584076174400343,616.9921113981047,338.75954852654127,0.9600543656015659,687.5259835190413,407.38859075019127,0.9701620388968049,571.6444112517797,428.83698027435594,0.9798773877732739,713.3253469502876,508.93636774112315,0.7544330737737968,554.12051282591,549.4136956890342,0.8730722031944858,725.6916638007476,589.2078769217576,0.5540049308665438,593.4081460627278,601.3597233591863,0.7393423402435939,680.3913790002532,587.4150826389134,0.47833412657065955,610.0466473771755,600.0776625482328,0.49771009908099756,690.7145228898574,630.0589195928491,0.030579488071235107,634.211305071148,640.197719885499,0.0338288255187827,620.7795971015402,662.9538776444263,0.004782761780448257,659.84588329023,655.7387022423795,0.004722850846439061
254.0,674.0087207323596,327.6515301081049,0.9599684481437482,670.2567215216679,315.62099983156116,0.7444646808834184,657.8946762234768,319.8830181410405,0.9679391181289281,651.2400537640725,325.7316982719774,0.14572691111527733,617.057111468744,338.76171779050844,0.9597995903729502,687.43773847852,407.4052424718171,0.9699595311393886,571.9772483377657,428.6831033056614,0.9797921589593872,713.2911149470572,508.7094700194468,0.7543761794856534,554.1730451521703,548.9994733405301,0.8735534934804569,725.559848728583,589.1346126352911,0.5548334583378757,593.1591405966446,601.1858330024487,0.7406149786686618,680.4798383287003,587.2978662354758,0.4783729147797818,610.3917338934298,599.8105650232269,0.4982070486466941,690.588053676844,630.3195805738504,0.03054304163605433,634.2678111057614,640.0652840525775,0.033841711654357766,621.1141346007003,663.3675237776512,0.004768174331601669,659.5734140084932,655.5781592457106,0.00471576926483057
255.0,673.98254,327.766674810045,0.9594427525027711,670.2036751168646,315.7391172191069,0.7425267316952119,657.8650612750713,320.04237259964935,0.9675792422371755,651.1810303586657,325.86449001764015,0.14524441755081563,617.098509210435,338.9891171413378,0.9594439661529024,687.5120389463355,407.4709347401506,0.9693396675367527,572.0563010441033,428.6492400786124,0.9795864176922909,713.352198801637,509.0245406752776,0.7496019300716904,553.7092679236671,548.8484468404753,0.8723339431582057,725.4366250316558,589.482876760802,0.5483612870134509,591.6272310385677,601.1383365480998,0.7377425001630737,680.3281558494831,587.0802743179559,0.47318035980185125,610.2765740738087,599.5117725395204,0.4947084352610467,690.442501662625,629.5752322176177,0.0302252168252969,634.231158904894,639.244230548818,0.033688803835286635,620.7586293058308,662.7252710921275,0.004767384729139627,659.2872984191835,654.9450127267078,0.0047361553134975245
256.0,673.9719661859948,327.81897966923424,0.9591273733731567,670.2406489982518,315.8793458679438,0.7412006410487031,657.9624958265355,320.006544545386,0.9673625673618292,651.1379144901763,326.0705489999238,0.14509045310019922,617.1870422591401,338.80284131436207,0.9593595371733562,687.5831546557255,407.72929747450615,0.9692076271329503,571.812932369648,428.5832974276606,0.9795623604043802,713.4243307606598,509.30314563706435,0.7476631668487731,553.4994379635436,549.0056917336303,0.87170610175337,725.420206599409,589.6592347213926,0.5449653947515856,591.1049263822466,601.499875591634,0.7357373240565971,680.3738046586525,587.3891552692365,0.4726257218078976,610.1898808500846,599.6176049447461,0.4946859751367989,690.2444106803532,630.5349657602745,0.030192333798704434,634.1130817125513,639.7030892458597,0.033714922813762135,620.3795404527335,663.7447641871734,0.004767276531926394,659.8734903472415,655.4276700838992,0.00474424023111162
257.0,673.9725629068543,327.9843787710522,0.9579047695346342,670.1888267692806,316.114888313844,0.7336802328984888,658.2148620529618,320.0639897211775,0.9664494987984449,650.7357617290634,326.2655350359799,0.14242924963777384,617.4331899551491,338.56235884387127,0.9590642294657354,687.4061948670866,407.86223344885946,0.9690553755809463,571.5727291005228,428.5620181180335,0.9795557634930095,713.3220028072765,509.0306996583929,0.7482508412104053,553.5048558043746,549.1804359467012,0.8729768340136445,725.5204386472016,590.0007969603782,0.5453397113922943,591.2539114617432,602.1466702242876,0.7372387172739585,680.217066867774,587.7074789043952,0.4748353557434004,610.0489795999378,599.7525938657711,0.4973523525972276,690.1060577644485,631.900150237475,0.030160633996233966,633.9510927560864,640.3466090846579,0.033756511404338954,619.8632465015102,665.4381928454711,0.004726365135463525,660.5846617380801,656.0392974762589,0.0047122182692023225
258.0,673.778046394562,328.36966841174836,0.9582128679401746,670.037440455802,316.37297507670905,0.7354710251871761,657.9820251193187,320.4141350519737,0.9666435122094508,650.7472363481066,326.25143497668984,0.14350833382555922,617.1690007524998,338.7102130263479,0.959043460139322,687.463760255375,407.8817936820234,0.9693768755905715,571.4284345049512,428.6857643976822,0.9796706847685712,713.2648652700807,509.4643973075206,0.7503549068515478,553.4239554561201,549.6585585829436,0.8735609683231015,725.6762983054069,590.6419005724911,0.5480524473746506,591.7465633725988,602.5121759075081,0.7384902751010852,680.0373052671478,588.0296735405843,0.4759522794772653,609.7286741164794,600.0932999175487,0.4978211960470096,690.0792779639294,631.9764480356442,0.03021346190366667,633.6021689060375,640.3611593439505,0.03375192731183016,619.7263000296736,665.4577120475254,0.004727061805525233,660.4960763921827,655.8672417626418,0.004707022377192319
259.0,673.4011589458956,328.8901721190299,0.9596299026252829,669.8242959674334,316.7255208884607,0.7440726556208593,657.4793461018314,320.908979730267,0.9676011293472474,651.0470190280929,326.2453938981373,0.14813952123483232,616.7510057909686,338.9757667214961,0.9593004202672972,687.7105257492454,407.82629755937984,0.9702105596574857,571.3587122651546,428.84625753936143,0.9801917282805106,713.3894541873891,509.9727967510553,0.7541486128223907,553.5669879615435,550.1617537646136,0.8751350966761977,725.826404291697,590.8806729988243,0.552386147757643,591.4800303638756,603.2319724393398,0.7404884135935211,680.2272962556858,588.1713907976284,0.4805787916730981,609.6768500516074,600.3624420904699,0.5021795386508052,690.0222759566121,631.8691727533567,0.030627864507001012,633.017022959006,640.7221422043812,0.03418081872655073,619.6791191226727,664.5909238002624,0.004780780265156444,660.1165351500052,655.8822604669344,0.004759746549884385
260.0,673.1798280871251,329.2836340793097,0.9601004167189464,669.6002956792533,317.00557816038287,0.7464172779633188,657.2202165270534,321.348797862677,0.9678978903177136,650.9889850045341,326.3164087334318,0.15022403671180878,616.640415950358,339.3734253295525,0.9595019307291888,687.8710702087863,407.7210374934768,0.9707557638172971,571.2639319891038,429.0024350850609,0.9807530753882127,713.5895411800396,509.92356106621065,0.7573607568658203,553.5189250662249,550.0940221180027,0.8781619613858669,726.0653172865734,590.3328175127731,0.5565406246536192,590.947874625082,603.0147115037191,0.7448089316976861,680.3066074420498,587.8438757760816,0.4857780605317837,609.548910390296,600.1884770680912,0.508461812304085,690.0669951243649,631.1183900574407,0.030993192441790933,632.5087805082795,640.4955562299632,0.03472706743771948,619.2622354862126,663.2204728047612,0.004813341754326213,659.5409065838784,655.4413398498978,0.0048074025183664605
261.0,673.1217910006156,329.6919419016932,0.9602795627705919,669.5025739640326,317.2749007328708,0.7476345802553377,657.0136934272823,321.82655008010596,0.9679935005997006,651.029709794624,326.43711110378865,0.15082659709609086,616.4041263082191,339.96556012270304,0.9593966069730024,688.1328051670687,407.82323100696453,0.9708992691528587,571.2205920839532,429.4502176651181,0.9807885073490085,713.9211014768391,510.1519311378095,0.7591164866771937,553.3420473043768,550.4784852354958,0.8786724167211037,726.4000196779792,589.8514168066375,0.5601001904802894,591.5690315369807,602.7777539880697,0.7467273737400476,680.4588395023098,588.0206474801441,0.4865591345914442,609.4443250914696,600.5505753485056,0.5087584258291313,690.3585125326026,630.295691355782,0.03113204417879517,632.2625240359968,640.0334638046438,0.03482447149788941,619.4782491650242,662.3109147480277,0.004837739695588164,658.9360097280389,654.8900026340773,0.004825957342310558
262.0,673.075373706464,329.9956895628986,0.9607477879793442,669.550934941753,317.51876241677917,0.7510272984557269,656.8296173255077,322.0976939863674,0.9683235426533948,651.2951195132493,326.6194393769009,0.15214145103663987,616.072576631737,340.21612679112076,0.959334295995393,688.4514917236544,408.11678931823144,0.9709927267686564,571.1192425418466,429.69905481805245,0.980649308296722,714.4879604568808,510.9573936863355,0.7593213478936366,553.6573083986041,551.1376800373731,0.8773029182166094,726.6848655833396,589.957869415194,0.5610943556227971,592.7651488443279,603.252999791016,0.7453149736227238,680.8287808530304,588.4459271845365,0.48359862347939053,609.5244058681886,600.9719473754047,0.5045897671279583,690.5552890479942,629.4465744267246,0.031094091392469003,632.1807699269926,639.1962158336735,0.034621945829274865,619.9495324522144,661.6563434808813,0.0048653863483193996,659.0566035215592,654.3433538533986,0.004837552307091035
263.0,673.0141155619621,330.1144382238308,0.9614851042203136,669.5031196236108,317.5579167108463,0.7550546714422003,656.6616880034301,322.26679574729826,0.9689268258726098,651.4014779036615,326.5445195548107,0.15375354290266016,615.8565629791797,340.4209139429283,0.9597318507961451,688.6044348677887,408.05877009499835,0.9713192811251621,571.0772828418707,429.8504031294514,0.9807904161484658,714.7597383305539,510.91486595444496,0.7604138119448102,553.7317245155041,551.137845778066,0.8773040593637041,726.7810611236326,590.0289779202473,0.5621827896568359,592.6796945421755,603.4943411129641,0.7451938482975293,680.7952439643564,588.3339759809346,0.48430842741811064,609.3779174319826,600.9865795902575,0.5047689608938759,690.6635069498356,629.2797948456868,0.03113169377938796,632.174899409218,639.3999884911304,0.034600991668792616,619.8688930053779,661.2943008221428,0.004868020787928372,658.9461441623638,654.5224336576416,0.0048327442428366995
264.0,672.9555964222828,330.16972222496923,0.9617837524179058,669.3982962714265,317.55040921761685,0.7560588356155531,656.5562384247588,322.39177661987287,0.9692910364327578,651.349963092537,326.4023539336024,0.15413703453350572,615.7584303028807,340.5567956246092,0.9600892575740806,688.602917467784,407.85292836462105,0.9712357797955642,571.1897056780449,429.85858253192856,0.9810842752128087,714.7608283887874,510.77884712427857,0.7588264765862922,553.7711640474632,551.0286415445165,0.8790525478898793,726.5971441164951,590.1450204291212,0.5605800625195854,592.848103255018,603.5533483931536,0.7474169954961217,680.848884826055,587.9330986996818,0.4841151608779538,609.5131811063575,600.6954096262192,0.5069293381506981,690.7476748321823,629.1708411002669,0.031002979951864754,632.3789211742213,639.5383731124992,0.03477439533617457,619.8179639257324,660.8261402892075,0.00484746634720963,658.811634544592,654.3691650207709,0.004844136841867655
265.0,672.6417260388139,330.36636303059413,0.9618285962983446,669.1972860973751,317.7259899703671,0.7577402929508356,656.2435671016173,322.55195990125685,0.9692228040750182,651.4124395409689,326.517052915293,0.1562223001186519,615.5823813551642,340.6115821662674,0.959635253635935,688.602089115918,407.85781984570013,0.9711169528985754,571.1783692730629,429.8810122502739,0.9811013538367118,714.8424007689404,511.096852669954,0.7577236237609212,553.8009525411325,551.4339063289348,0.8790090337822118,726.3593319828796,590.2083456649393,0.559706082701634,593.1937911374441,603.7995731211215,0.7472998781927772,681.030413154942,588.0039266127607,0.4820529390408981,609.6859388203931,600.7868306432498,0.505638954319466,690.985257887754,628.7179251134,0.03087554875345649,632.8206849366263,639.1092788008306,0.034755809967976746,620.127314564799,660.28003260206,0.004847830363585346,659.1042538907332,653.9420195314436,0.004861069704100884
266.0,672.3287374833141,330.53575198937773,0.9608367417301984,668.9509130599951,317.90842322191895,0.7545031007219882,655.9968432596593,322.6985546241273,0.9682227729124134,651.3049159439723,326.7424258222278,0.1566758715640969,615.5119147305007,340.74067745243883,0.9585162668850665,688.581881534765,407.9876898735457,0.9707958732333432,570.9706825967432,430.2318867670383,0.9807539534257608,714.8517341293528,511.11872336412574,0.7567192579001512,553.889079440291,552.0043275409045,0.8771697578531067,725.8409078364938,590.3933062688313,0.5586267983553936,594.0095089473258,603.8594047209659,0.7448352483679443,681.2846028553904,588.1717204821884,0.4801183954485328,609.8603171396691,601.0896031704485,0.5028013187841693,691.4682944587886,627.9584812767475,0.031010505982111712,633.6250857585704,638.5295712181636,0.03481599041484579,620.2305723968307,660.0271034505514,0.004903769687005456,660.1651480860228,653.8181122229684,0.00491138951691127
267.0,672.2909770296941,330.63235593980454,0.9599523008540062,668.8585743014811,318.0071704542343,0.7503375415839385,655.9970490739602,322.8228809055754,0.9674408652502827,651.1006377412953,326.8374461053555,0.15546312922418973,615.5219438839653,340.8887531492179,0.9579238063335782,688.554521963937,407.9793045857813,0.9705369731332617,570.8659334438994,430.4134934300289,0.9805187250284425,715.0010165997976,511.24302405279394,0.7560057915217852,554.1730829900492,552.3325846210964,0.8761077961359033,725.8701438210821,590.7201199891092,0.5573326056889841,594.5019383397223,603.8702667283321,0.7430847753443095,681.5407251383003,588.1726615490165,0.4789313398108321,610.0898533069831,601.1926902187354,0.5011291359101031,691.4335228740207,627.4668746871708,0.031054786839005213,633.7352159581832,638.2684200996882,0.03479010588343284,619.966929446587,659.8066381611084,0.004928536878927167,660.5671054060484,653.8583957410241,0.004928298560627165
268.0,672.1724490291398,330.6776220788181,0.9596620749963787,668.697299460728,318.04592576138776,0.7496739665102176,655.8647747257307,322.92152753163947,0.9671922576927502,650.9268325569203,326.84361085416003,0.15571262832731322,615.4684847681972,341.0287270787328,0.9576876232275596,688.4050742188969,407.87632619685303,0.9703113390717767,570.8644674389524,430.27884213578096,0.980332842158532,714.9052069423172,511.3913073622742,0.7537338724785018,554.1600654620082,552.1062205686858,0.8745437398536582,726.1607002317177,590.8491674143481,0.5531902144205855,594.0136232402027,603.5678919831862,0.739711113613349,681.2927215056751,588.0053061591051,0.47572393340218816,609.9781019418114,601.0415488938157,0.49792489110707006,691.045040303177,627.2894809176947,0.030742492438391802,633.8550919905085,638.2784523045551,0.03443885955724312,619.2964752505173,659.3434118630296,0.00490064645603346,660.6314482039616,653.7627996452605,0.0048997159043473685
269.0,671.9133745717438,330.61992112530623,0.9596009740743774,668.5047578238205,318.08616330099443,0.7503531253759159,655.6450105331992,322.86612945795713,0.9670404471008293,650.8686343433517,326.99819268304475,0.15675714103829627,615.4073594263825,340.9782590029576,0.9573544317412905,688.0678579524118,408.10785177845014,0.9703116393809039,570.9598214852543,430.1452594080567,0.9802046341731956,714.5951161531959,511.1343883732164,0.7547052202008315,554.0295208726924,551.3895804485958,0.8743290631019007,726.3546916886228,590.4446168861606,0.5551186058264633,593.8218145809151,603.0792282701401,0.7401230270137056,680.810755475192,587.7531981413849,0.477146234291439,609.7876749958239,600.6403674956108,0.49866171922997593,690.657470612709,627.0010102599668,0.031042380889678943,633.765711691554,637.7924467817742,0.03469628353657484,619.4935533859253,658.9777319121017,0.004953708968087192,660.3586376122635,653.2859690073627,0.004945542207672294
270.0,671.7018849309914,331.0695379808536,0.9611356481161409,668.4246513773861,318.40950100823187,0.7595317949105265,655.2993487343737,323.34451975457716,0.9682105227554474,651.2388076982218,326.9790391949616,0.16115963304422268,615.0833120034721,341.25638801032727,0.9577510663479715,688.067628887163,407.99440552665453,0.9708329115330468,571.1981149681533,430.0912156675194,0.9804718519602699,714.4801079983793,510.7526018169729,0.7576163039516848,553.8314442192144,550.4671795793038,0.8751587793201994,726.5240867399547,590.4722879208628,0.559525702400744,592.5623617325996,602.6704350556248,0.7421617125703602,680.891979879187,587.3526311356422,0.48108104063320223,609.9970088976519,600.3225116423746,0.5021293243109781,690.3663811599306,626.4541023931176,0.031596002073801956,633.0719557330877,637.8020915006548,0.03521959101499268,619.8602318241747,657.8756357025705,0.005046056813288981,659.4081078693209,653.1654422257211,0.00502810302802299
271.0,671.6319536521094,331.3112871157951,0.961177763481794,668.3558915166747,318.56159233335313,0.7607608526342902,655.2016506073082,323.5940787811814,0.9681728986814526,651.2576434370134,326.87607643050643,0.16229345639491666,614.9684511500443,341.32646072710185,0.9574186883053274,687.9709377748445,407.9632182756231,0.9708399190054036,571.292484992101,430.0102119222954,0.9803284127165036,714.424775926905,510.7849580461082,0.7579404896373475,553.871753800532,549.9574509609633,0.8741045332533541,726.3753454944675,590.3025062137425,0.5601141558795748,591.9281758135589,602.4139602278469,0.7409018274752253,680.8194714249971,587.2181976254111,0.48183711037728033,610.1052061970781,600.2188796729373,0.5020056822201361,690.2640001294329,626.4376090119312,0.03186199193095139,633.1578784862281,638.0662377011462,0.0353940850833134,619.7032665447186,657.4386560933714,0.005100918301610755,659.5098518009136,653.4105291919503,0.005070351844635257
272.0,671.3578516618702,331.67542018460125,0.9614156300130878,668.1888326703121,318.7391328379106,0.7649736301643943,654.9326308825204,323.92799264867784,0.9681231479621988,651.464668936967,326.642360090309,0.1666932535655297,614.8982308547005,341.3400201697483,0.9566327482470358,687.8890952614114,407.8942728858787,0.9710791685932765,571.341522316521,430.094539333099,0.9800869663612107,714.1688329584684,510.69301011112117,0.7588144973475283,553.6650960251917,549.5622505937001,0.8711448993375411,726.0753091509267,590.5713142712473,0.5602203232485636,590.1903701090613,602.1157597004681,0.7363757761552078,680.169765029996,587.119701044597,0.48393556221707007,609.6589217848043,600.2607933676884,0.501587741467063,690.1845153093268,626.6896322800337,0.03246543204030966,633.3312872161905,638.9392338226212,0.03574990169991164,618.9493745124158,657.18704287307,0.00522373142752305,659.7382106005497,654.316083881633,0.005161816076109829
273.0,671.254302474402,331.8471537898772,0.9605566646904613,668.004574742086,318.9191107624802,0.7607160554695622,654.9261499549186,324.16266545793724,0.9673857152250956,651.170723755629,326.7409501400633,0.16537178091775917,615.061930713471,341.5396284394791,0.9560731487036592,687.6729969956651,407.7942856884913,0.9707825408125323,571.599757577433,430.0630257622279,0.9799804132838981,714.0179216103627,509.99356291387795,0.758548013742626,553.4589473506303,548.789583005647,0.8717879125705108,726.4142625957178,590.144011728676,0.5604934507785783,588.8231966268057,601.0010808958825,0.7377915533756582,679.8335041337739,586.7304634771675,0.4853398685408279,609.67900692282,599.8391520961984,0.5036983832378573,689.6749476407573,626.446087493343,0.032676112400843754,633.1744188080444,638.6526472720744,0.036074102770978334,618.407312268012,657.035410036452,0.005254025533551957,659.4973865795207,654.0059553161499,0.005201683851869106
274.0,671.0205129471102,331.98822573691194,0.9602824479294005,667.7791110724168,319.05428434589214,0.7588556138137553,654.7850998754701,324.2906182190545,0.9672445480832034,650.9394693017141,326.79556832229093,0.16474156612721486,615.0225282651473,341.5457732971963,0.9560669283563613,687.4211930723412,407.56267466729963,0.9705786189868302,571.4969675145154,430.1041693138432,0.9801843992183157,713.619625542732,509.2440939125713,0.7573498800795724,553.1857215949051,548.6410937607616,0.8736060685258488,726.0592134417279,589.6333404195225,0.5599983245906954,588.341008853513,599.8934897731519,0.7408517396443015,679.7504871721915,586.4237324630592,0.487138914836894,609.7056938449679,599.6008318933463,0.507630075659329,689.482730987132,626.708820418227,0.03284016939947242,633.0805985207309,638.9083701439906,0.03655255194371242,618.0511522865605,657.393467478395,0.005268266775720328,659.3877218922679,654.0758258467788,0.005247974865712557
275.0,670.7433968804403,332.8515643295832,0.9604279682212432,667.4765688541107,319.7331486976818,0.7592992596163629,654.4692051057655,325.2065483858468,0.9673603515393853,650.7389988316752,327.06319862439153,0.16479139674974347,614.6904877313185,342.2577372899442,0.9561045866727431,687.0130382518014,407.1728770114678,0.9708629756457596,571.3671357354192,430.4614605032456,0.9802848588502768,713.2455685733713,508.3746006955135,0.7618840328578568,553.2674951247806,548.6507870982443,0.8752835367617107,725.9039046445081,589.508132458025,0.5666870374979215,588.4501688097771,599.8759171800707,0.7446698453490337,679.8043990313737,586.1098433221827,0.49329280670354025,609.8499204167998,599.7265158717689,0.5126578417749442,690.0416945779867,627.157385315447,0.03320901259195446,633.314169941684,640.2589684953069,0.03683005812037612,618.6462591322564,657.3400690807402,0.0052728144900889675,659.2239382748984,655.032392894708,0.005237291141966846
276.0,670.5043065458069,332.9048824511111,0.960645066826521,667.3010990674802,319.7581112064335,0.7618067714837338,654.2695277527333,325.28261513020766,0.9674991045501178,650.7261665171633,327.0341581068658,0.1668838134734969,614.6376364346934,342.2874086620983,0.9559340032160583,686.8476493122015,406.7719072627977,0.9708163095359077,571.0970280244517,430.3426532467856,0.9802050324511111,713.2070575472982,507.9009581948244,0.7603312276047057,553.0458982265937,548.5459671387346,0.8736207851065688,725.4538738894279,589.3989446984335,0.5636921241133196,587.577535210268,599.8042326505646,0.7412920864177058,679.3681991807891,585.5809138657241,0.4926781835130242,609.3404144031789,599.4031798901516,0.511714413382598,690.4363273763206,626.0814670296584,0.033534830659819166,633.6248252707833,639.7679372758589,0.03716097496825586,618.5451075392883,656.4623362517058,0.005376789022551103,659.25446863779,655.0628992512957,0.0053383474204539575
277.0,670.1313771376708,332.57740486057395,0.957704478064124,666.880137543279,319.6870825134744,0.7487899376363136,654.3639798113661,324.82876634541503,0.9652077730974681,649.7430677032587,327.1505966860886,0.16268337859598964,614.7817732433376,341.5210854480346,0.9542099550775645,686.3667963986129,407.17952339404997,0.9688614756299596,570.2497667163437,430.4188934066717,0.9790829840629365,713.3666655198633,508.17176956465147,0.745566852171434,553.0737332240632,549.3360804028086,0.8663832150837109,724.6813816652375,590.2205930107569,0.5442295723746368,587.1075969281777,600.9705966686402,0.7278256497820289,678.6214500596093,585.9043428150279,0.4692723864147192,608.729430898024,599.4062596250169,0.4903119271480494,689.2846027496107,623.3563789340487,0.03191152090407911,633.5958759723303,636.0918809814368,0.035609749881036636,616.365686692645,655.1133538712619,0.005310360194301973,661.9788926816591,652.5826024911191,0.0053001386769354125
278.0,669.9756613446767,332.5916687651352,0.956656113700106,666.6619269811175,319.679042381202,0.7457625688094321,654.2233912311606,324.893152713808,0.9644029543342391,649.4814574598568,327.1486190744479,0.1622669455452134,614.7471606736883,341.6942591448616,0.9532984686691055,686.2670774883926,406.9383992797253,0.9677296428620769,570.3456311350043,430.5610246721812,0.9783944226143879,713.1823394057357,507.6413732607015,0.7368300579128924,553.3012454701845,549.5358265959283,0.8616963074586048,724.210198350469,589.6157687383579,0.5331709384029977,587.3233167743016,600.5055695035871,0.7196976299321984,678.2849510634294,585.4418012279903,0.4592425732446356,608.5832996097884,599.0364147778183,0.481155521367098,689.0201227435685,622.5233736693408,0.03130435238275641,634.0872583322918,635.2075849300419,0.0350510915111872,615.368104358757,654.6024347999502,0.005304315027484342,662.2893121898004,651.6680597073262,0.005309285087431903
279.0,669.0620371492163,333.6519547446811,0.9579906914696209,665.9922240670163,320.454329834217,0.7557343243706004,653.184011605615,325.9157987060091,0.9652935331607201,649.6760201964978,327.2737834831591,0.16982269373512898,613.9978642270477,342.25598642346654,0.9528972243711766,686.3028867855098,407.0965201371159,0.9682665905144221,570.3910679347323,430.8939893458727,0.9787000340632145,712.9458644129438,508.2953484551926,0.7375325908458729,553.2851743386097,549.9189061673492,0.8617115580607468,724.1497697825121,589.5662409331846,0.5350353481699818,587.2145779400331,600.3659923097841,0.720215999061801,677.8249939581657,585.0313907576771,0.46203858346814075,608.1957378439471,598.7137451240525,0.48404330845776444,689.1175738621287,621.7046948111913,0.0322514806942753,634.1727975526248,634.6543523285868,0.03618509565865837,615.3184500642076,653.5715835641951,0.005517766477033272,662.4152800605945,651.2216816611708,0.00553813553581566
280.0,668.3967950571272,334.2755089499267,0.9590580354721736,665.5124116376027,320.99193761537504,0.7621324373039382,652.494838062534,326.448304210869,0.9661272783791773,649.6805390280514,327.5874053829948,0.17484681894791942,613.5892605173301,342.5042285967715,0.9531421626147397,686.1287787486497,407.4294686886037,0.9686604807672012,570.1794844300415,430.8022692285672,0.9793816255199383,712.7231022495424,508.89690652152933,0.7380358093569169,552.9022854159088,549.3767567576527,0.8652553965781329,724.4056227186575,589.6570070170153,0.5358211591785963,586.5175443174089,599.8787451669107,0.7247999764043669,677.8741103989158,584.9782201746668,0.46675637682831145,608.1721797913193,598.5722340858838,0.4916390326113096,689.3080616915281,622.4414132179649,0.03254263500721284,634.0088788166213,635.6031307078606,0.036949317932347195,615.6413121872532,653.232894037274,0.005541390808025851,662.028816069704,651.797202286489,0.00561550441851885
281.0,668.0732942021074,334.58972779655267,0.962992988608479,665.2949154433916,321.0596676045507,0.782550154637856,651.8192444663358,326.80218008127054,0.9691041253518364,650.1109603171261,327.4422495800565,0.18556065504160477,613.0093175087349,343.0089465075017,0.954909077153016,686.2440354964419,407.37502308960063,0.9708623989014508,570.6254888024165,430.72604948808885,0.9802826545365618,712.5937024433458,509.16628315478346,0.7511681745705852,552.8087275687639,548.7745356063258,0.8688604141362262,725.0091780005345,590.044654167626,0.5518626709416095,587.4290199966291,599.9838859402153,0.7319703027623776,677.8763407363518,584.6911433440672,0.4792864843492328,608.1447919947468,598.385087516519,0.5004871150017908,689.8152666584333,623.7874364987857,0.033192705221016285,633.7226416257234,637.3876275110633,0.03721014955958849,617.3915934121173,653.7839669709092,0.005514274813202684,660.1745560364662,652.9312568531341,0.005538998849535433
282.0,667.7410908383322,334.1251948141635,0.9620668126745617,664.9764920227192,320.67351441550073,0.7804400620184306,651.5635054288301,326.31481311042234,0.9681256905523292,649.8649237792423,327.27064451838777,0.1874669573253071,613.084564333879,342.6576485239511,0.9539032438230787,686.2023826966977,407.87753553237013,0.9706613664800537,570.3440520246563,430.89434488111516,0.9798694760507666,712.1032930234027,510.6441855851522,0.747173772352558,552.7143822627309,549.6550894216606,0.8641047506173438,724.5710511614241,591.2423408827344,0.5424783736732642,586.3295630885696,601.1198285976719,0.7216422580541576,677.5664900002395,585.6247081165822,0.4768779320886694,607.8321018619786,599.2146009236542,0.4966669240009924,689.2247760414074,626.6587814075519,0.03288009443761479,634.064357797517,640.2766489626412,0.03668017406982473,616.0313502001368,656.2973895443545,0.005461656263055133,661.3412846746882,655.9013788526586,0.005470197060790837
283.0,667.9008962288478,334.19378796826993,0.960639944600725,665.0570162790184,320.7490177984822,0.7728225269061467,651.8721760753435,326.31110991132203,0.9670674370328515,649.5793189653427,327.4054487566951,0.1830610928827833,613.3460884141269,342.5884637704921,0.9532368327008455,685.9485726178901,407.84593240026453,0.9698739888793049,570.2608863953352,431.03311301454426,0.9794767634415225,712.2553063129054,510.23045106832643,0.7439595548394786,553.2047726218505,549.8917310229942,0.8633393576102963,724.5156375951151,591.0322246862371,0.5393366877262609,587.1983611820865,601.1999209676777,0.7206486083081468,677.6457644724821,585.844010195094,0.4747534731791861,608.0128696514017,599.5118973585658,0.49531535262717574,689.5272930770379,627.4530965931144,0.03263643875083276,634.5766514170978,641.0686515799325,0.036538302357024585,615.9943598902837,657.3587313486637,0.005422846859020762,661.8351033658275,656.8817767767633,0.005444722669974201
284.0,667.8105571921957,334.33748460107836,0.9601953941300552,664.9591831534717,320.8995305595401,0.7714014269341948,651.792339981751,326.4691570097049,0.9665628938360228,649.5257655172858,327.4815857422013,0.18372345210939198,613.368737292139,342.68167005675133,0.9527084393952637,686.0738095480361,408.0208765552673,0.9699641149890846,570.3405548232224,430.83776126178896,0.9794157799055135,712.178219209532,510.8943348589533,0.7446175601028866,553.1938970873908,549.8312539342169,0.8629619932738373,724.5726527716898,591.4117151239485,0.5385683590495133,586.7629598173374,602.1358662575674,0.7188234269749961,677.3173537359506,586.205097700868,0.4751086902167758,607.680126016407,599.6757444676631,0.49511743239818207,689.3177813485164,627.9680426583159,0.03250708704328272,634.6101402742487,641.2117370740461,0.03633548287378761,615.4282052404375,657.4778274417993,0.005395250780005434,662.0761219078848,656.815103000018,0.005413237414873572
285.0,667.6810912513151,333.98518370536783,0.9597540556891178,664.7870495677535,320.70876120249136,0.7688383525707125,651.7525528512887,326.1683044182669,0.9661087574014139,649.2354195849202,327.6370535498207,0.1836681665941434,613.5374320636926,342.6672887357174,0.9526688719209281,686.0071864225371,408.141833038493,0.9700379652681467,570.3328781177894,431.1329533379583,0.9796794780675658,712.132409660771,510.85564858035485,0.7447190260445141,553.3003125401943,550.593438904109,0.8645482300854344,724.6497464571167,591.8075680017598,0.5376703737061834,587.3633991471976,602.920713323176,0.7197763319860884,677.2717629170947,586.2814946528953,0.4734399793046837,607.710549953545,599.7417209158089,0.4946545781594765,688.3532578879604,627.7659488016005,0.03194469357224207,634.256332552854,640.8314914498565,0.03585078566679945,614.3438483139308,657.4928823280399,0.005276647261789397,661.8680582512936,656.2900732727061,0.0053107786980150385
286.0,667.5992933388802,333.90456065944187,0.9590430383411778,664.5797323603466,320.6444123956674,0.7640818543026856,651.712643258371,326.1657052985258,0.9653953579002166,648.8474818363203,327.59364876036443,0.18166813944803242,613.6255076162284,342.7759846244489,0.9525660735516767,685.6846501363211,407.93990650999154,0.9704803805994013,570.327555727041,430.98585658426657,0.9799016461877602,711.4444844138416,510.8168590708946,0.750032799333399,553.1870356097555,550.5459260818316,0.8671408529192481,724.5049183228643,592.272468976278,0.5425174582655211,587.0136155826859,603.9776990940799,0.7227664632999516,676.8680641940887,586.212145616712,0.48064261584733425,607.476173431274,599.7127035670451,0.5009816145945757,687.7737056904256,628.9599496711902,0.032108730444804265,633.9806432016422,642.1316373669997,0.03591032528575122,613.535984857164,658.3990099573562,0.005214868566050343,661.3942573820353,657.372519351148,0.005233916970329064
287.0,667.7449634440932,333.5868964927334,0.9586599238075078,664.5757159705834,320.3693271623168,0.7603754834261629,651.8984600443351,325.94259339236896,0.9649470010629049,648.5427668140611,327.4714944794562,0.17916844185860162,613.800425700513,342.7785748510771,0.952661814365406,685.416419232926,407.58495796931567,0.9710215667544808,570.3238717697844,431.0611210576473,0.9800667248888705,711.6408050160344,509.9337849647468,0.7572864083533543,553.4137219748699,550.4914682239937,0.8696081606451115,724.7976087017223,592.020563278055,0.5513397275206554,587.3437741316934,604.8454340559944,0.7272492049538296,677.2652556671297,586.2073006054458,0.4896865075947548,607.9539068736416,600.026465251524,0.5079568705329075,688.6739527144322,629.3147693956048,0.03267097417330246,634.7096965948372,643.1217520946749,0.03626987179918163,614.5294219026729,658.7754390999208,0.005223320836215937,661.5031383358821,658.5015320246096,0.005212218112035459
288.0,667.7773875096217,333.6654813197225,0.9585004281381325,664.5833819842358,320.41742784824197,0.7599420369839901,651.8782591782684,325.99557860288,0.964873315031425,648.5142022849454,327.5182577299037,0.1790648929440627,613.7224420892705,342.85158063166296,0.9525569421281507,685.4031689241057,407.7698708924316,0.970745130319165,570.3116136702465,431.0859669163541,0.9799020007510316,711.5290196762288,510.87815235552335,0.7543145376608104,553.9772814206968,551.0536668476844,0.868268683472328,724.6612424048292,592.4201201787649,0.5472143191937546,589.3827012157791,604.9895059172202,0.7247413393051515,677.3851936062745,586.7356175622594,0.4847382105268078,608.0516529997034,600.5315928202402,0.5034040125282552,688.8730549639077,629.9531224880735,0.032026047926124145,635.3584661587165,643.6610068725629,0.035640105876606716,614.5626121368784,658.9774216300073,0.0051361308750483585,662.2164624450141,658.6233612965084,0.005134487513725433
289.0,667.6890057934647,333.68718852093053,0.95860704568944,664.4571941116982,320.42052598796215,0.7602766678915566,651.7298323355425,326.0709225681103,0.9649059893389311,648.4459568010936,327.52481796379476,0.1795445115235931,613.6538772830768,343.04347972287337,0.9525099504395024,685.4290752528202,407.8370157519261,0.9709083550084008,570.5206037759101,431.01389471618376,0.9801003949984899,711.3724607287911,511.1959382334908,0.7561139024468388,553.8672942563195,550.9337375374529,0.870225585307498,724.6564103907518,592.3986428529427,0.5496017392617033,589.4198044201771,605.1463662646407,0.7276404725996142,677.1465692273733,587.0796590195425,0.48897774179157044,607.8242385331384,600.7716173582295,0.5082357370375458,688.7045609208998,630.9425148499521,0.032208312756567194,634.9442796818746,644.427998544542,0.03593189082564386,614.6320412102343,659.7473569024652,0.005126980222412345,661.0628085421074,659.119638047239,0.005136355777151379
290.0,667.6753075739438,333.5690247689277,0.9580830542019444,664.3830179767525,320.3417815857631,0.7571238721005735,651.7125587923854,326.0433377793783,0.9643326001163842,648.3405626666454,327.5316225971009,0.17856902742937497,613.7273873410825,343.1855171974646,0.9521730768159775,685.368609500127,407.7188317445975,0.9710664725389089,570.6929777355913,431.01051192980776,0.9802465152366056,711.190351920936,510.89035306635503,0.7593980135597763,553.771616995701,550.7169279337768,0.8725112105569677,724.5531869130417,592.2856836820868,0.5545218705031509,590.0534744081903,604.5249922347873,0.7320972341887763,677.0723499498218,586.8790772486936,0.4934021072510208,607.870712816415,600.6031469933669,0.5126733184221044,688.4567585872834,630.6946502241825,0.03248632644438565,634.961903216743,644.1802033064188,0.03624854675377848,614.5437637720414,659.6377642293712,0.005129044806849298,660.6280517063902,658.745768769827,0.005139256930804671
291.0,667.7330798803175,333.5314664276024,0.9586526775770294,664.4818864848243,320.30412108731235,0.760127392150694,651.6841898318843,326.0235016739042,0.9648722845090176,648.5817259745667,327.550779350986,0.17970341203698073,613.6855879450961,343.2646203670492,0.9524837750692436,685.465790552109,407.74594821823393,0.971068648232779,570.6572174575776,430.9512098054801,0.9803432587695177,711.066551758394,511.2238952324666,0.758443174876277,553.4550627333157,550.7050921151962,0.8727089559193594,724.4003066442283,592.6408619984688,0.5533119291047881,590.5994376637259,604.2875778431062,0.7322975651885801,677.0948085441416,587.1652835416184,0.4935769176391621,607.755650524918,600.8961778797573,0.5135307196459018,688.354662689852,631.3519288200808,0.03245586888439887,634.8360777035244,644.9506075169294,0.03630576718440141,614.7401430861452,660.2266403984615,0.005122848483293945,660.1755453823337,659.4585754803511,0.005142142002782409
292.0,667.8052711406534,333.39030565924304,0.9589342977123693,664.5509469489327,320.2007396001912,0.7614050986445007,651.7503306546794,325.89277210370295,0.9651372781272809,648.6297340099043,327.5808267675845,0.1798386260888987,613.7664816863365,343.250138516319,0.9527589117521306,685.3042049042317,407.6484360430129,0.9711139964486725,570.6207251380291,430.9129368291659,0.980336174996721,710.7505415577857,510.898175936123,0.7586767770452655,553.3279234685532,550.5481649318631,0.8724699758356663,724.1088352486636,592.5634833965547,0.5533007720149324,590.7827707560618,604.1354098541257,0.7319253379837313,677.0728237868775,586.9658764376678,0.49467267930291947,607.7620197082513,600.7880693453207,0.5142516227639836,688.5830342547063,631.6592141071936,0.032514724044953806,635.0616437228413,645.4739377153023,0.0363194957976232,615.1061819659053,660.5203742208705,0.005122152193020875,660.0140441269823,659.9690096822634,0.005135228663143595
293.0,667.9441020948624,333.0431802133549,0.9581216186338091,664.6576278503824,319.972699347827,0.7571990368299769,652.0023804027585,325.53811736983863,0.964476074192325,648.5168770513893,327.54612249441817,0.1780478437017809,614.0368213506429,342.9452977559543,0.9525656533103095,685.1611089651879,407.7302211412935,0.9708095654907127,570.4489820127795,430.87969270126746,0.9802444637172287,710.6771066700001,510.79577148220704,0.7564035192723867,553.1231385267987,550.2833722388904,0.8716812706955592,723.8476500317437,592.9068933885236,0.5493075953628255,589.4644122335798,603.791559066377,0.7297720483910555,677.1132476049918,586.7478347478801,0.4927839997002647,607.8994256692948,600.5452288774205,0.5130523967895294,688.1751225928334,631.528344553221,0.03232493918135857,635.0523421688791,645.5095013237259,0.036166349103139074,614.3750349221281,660.0908611043944,0.005103698883897603,660.4952787907847,659.9329489050035,0.0051209804355440485
294.0,668.1226450008168,332.78847163738345,0.957197816644191,664.8068623987365,319.7958337438217,0.7533331974596803,652.2441201681395,325.2339062510852,0.9637172625626164,648.4627109193063,327.4589371905402,0.17682219889170067,614.2007367559204,342.5990390565091,0.9520825218046587,685.3166803461771,408.0555510161089,0.9702879999762966,570.3158140713241,430.7879843817209,0.9799551250835257,710.8500169558044,511.8659406824869,0.7509299054907332,553.2059794056648,550.5884294454169,0.8688302314690565,723.750717226673,593.4904829416903,0.5409339322884921,588.9251827901111,603.5917517713759,0.7239180051668835,677.2364239051705,587.0303820046378,0.48523852445761934,608.0020487464004,600.6001977996735,0.5062822861102177,687.5199850282372,631.2921033259552,0.03176500446951073,634.9833211215285,644.9326716842478,0.03560711925130724,613.2390444655515,659.5572268600591,0.005070568253330681,661.4586011560586,659.2210302137229,0.005094563114993298
295.0,668.1940368120938,332.90938381427765,0.9575470939319499,664.882901343697,319.86006187716436,0.7551290688708806,652.2487463250785,325.3149760412155,0.9641398395475086,648.5659026592081,327.4652714887444,0.17742149997809886,614.1151017228487,342.6488817546647,0.9524162318554804,685.5008131502346,408.23415574992833,0.9701944586855171,570.1369585432358,430.8139326293422,0.9799563557300884,711.0292955075308,512.801004642503,0.7479464624981629,553.4232153868753,551.1742814429971,0.8677810379779421,724.0699842671985,593.6652364411822,0.5367558063076131,590.2602800440093,603.8122590497094,0.7215559223457922,677.2243215901589,587.3291736076014,0.4803450987169995,607.763643317019,600.8672664170607,0.5020323011004203,687.6006064095253,631.344090307386,0.031259933254039134,635.0821598269838,644.9175514060836,0.035147647201065994,613.038492478222,659.2890521984816,0.005018474853461726,661.8900045381633,659.002045150169,0.005052520922517641
296.0,668.1057623094209,332.9799072656178,0.9590340983720487,664.8543978412778,319.898670250027,0.7615728291519472,652.0848280634111,325.40520581916815,0.9653529775289068,648.7318221853111,327.51202711257685,0.18005475319653091,614.0066397082609,342.80244465402967,0.9533032650562953,685.4524537621273,408.08733227396556,0.9709494355159313,570.1161140147532,430.56712331057713,0.9805127852424492,710.9857054557375,512.4193285822464,0.7533136152993689,553.0500161914867,550.3307524325148,0.8713359440185601,724.2077688393002,593.4893015786344,0.5442402552338588,589.9836752409416,603.3553272669442,0.7278892973730946,677.0150768909784,586.9079979481894,0.4871652550187954,607.4098486103966,600.4686900263537,0.508966077194994,687.8727803769924,630.6144015147937,0.03176115599612061,634.4724837379023,644.4817013974648,0.0357297280375472,613.8631010545689,658.3731275506191,0.005059353106575639,660.5336769867027,658.6200463552232,0.005094945369968721
297.0,668.0936364831571,333.0152259716691,0.9593590967462073,664.8610699257275,320.01806424790976,0.7630396413273228,652.1338544082938,325.44790922408936,0.9654730292735966,648.7109732171883,327.702245507252,0.18093666940830821,614.0879065027938,342.81967441005565,0.9532973485427624,685.2990008796643,408.13107021121135,0.9713509073197395,570.0479688181168,430.27136428119945,0.9806486034674402,710.8151043005512,512.2498595231741,0.757891596505277,552.4515832279399,549.5085949921122,0.8729061051425995,723.9891410282094,593.952167431756,0.550071148876841,588.9716605043648,603.1438096846979,0.7309651038317556,676.6637300188341,586.7828401444516,0.49054594130703527,607.0302328190135,600.1711528455406,0.5113638865426133,687.4017823292611,629.5777067130222,0.03199258100900247,633.3547545879537,643.3084301669139,0.0358187002408848,613.9315573328228,657.3725916284778,0.005080276790899764,659.2111059536139,657.5681034834774,0.005097875355793027
298.0,668.0910550716469,333.199113741136,0.9601213918020691,664.9027799244653,320.1873694093673,0.7669217722496308,652.0585482219853,325.6199676058866,0.9661455394889619,648.8458378188458,327.8325582676107,0.18215316469978918,613.883802539231,342.96001629084446,0.9536463724618046,685.2786655764323,408.18472104654273,0.9714670509291952,570.1290896067752,430.31544471174624,0.9806702736314816,710.8456579772931,512.3241382365082,0.7587860953449048,552.6653988891956,549.4967271525959,0.8730239630782186,723.7496214286595,594.2259450172174,0.5521051038014492,589.7458280769646,603.0430154648717,0.7320294425067994,676.9261979626198,586.8779516424141,0.48998840585206227,607.3023505649338,600.2545711195405,0.5104613994517283,687.3226882887985,629.6649123284255,0.03188085672070109,633.1520502408117,643.3897743201125,0.035631609268720096,614.4634731255175,657.3552670674617,0.005058874746932313,658.8283118090347,657.4430272726453,0.00506943305324731
299.0,668.0905621253212,333.1476498452959,0.9604197054467865,664.911677643563,320.1728017116722,0.7681524364431909,652.1027646683001,325.5310381206543,0.9663314964026163,648.8247353967897,327.8536453345281,0.18286417879300987,613.9358470730817,342.8175189326259,0.9538101286069393,685.1154173431153,408.13603545621834,0.9717953556120985,570.171119515129,430.25741697615905,0.9807692303087036,710.7736792892028,511.9265715406993,0.7622624899275448,553.1281070537419,549.3721526050072,0.8741150826049882,723.9667228474354,593.7198424168179,0.5573766704647503,591.1717456458123,602.7880555578641,0.7347792101737726,677.2060576171481,586.7399380161803,0.4936713452316443,607.652892251725,600.1534069646037,0.5130445820672637,687.5550659736318,630.2569692545273,0.03201579482906607,633.2782747168828,643.9922768789886,0.03565035320892316,615.2317868193219,657.6562494950798,0.005032292832865899,659.0659504506716,657.7043743725659,0.0050297882634016905
300.0,667.8429691373528,333.86690227889835,0.9609366156739372,664.7933303089085,320.76882184646655,0.772317800131767,651.8378539841972,326.2177028479959,0.9666929834325866,649.1389442868821,328.03339694136423,0.18719889524283012,613.8248338071407,343.12431635377317,0.9534534365171266,685.4260232142213,408.26124875314866,0.971997372984773,570.4188853522438,430.1110301100893,0.9811063167628749,711.023181529072,512.5337057887285,0.763597015459982,553.1365268927563,549.1123759208035,0.8765998251052889,724.1858518768039,594.7492262244295,0.5590613429671745,591.4313399984327,603.8307188631494,0.7377682894558689,677.2340294625612,587.221288589392,0.4997190830314596,607.5701785359474,600.4793401222249,0.5206551576165049,687.2787135720952,632.2039497753226,0.03244694687316582,632.5389452385934,645.824137895653,0.036371872462523956,615.2084149151099,659.3595394069921,0.005065734899640688,657.9537593933317,659.6650891588042,0.0050927607154902825
301.0,667.820091016969,334.04316463803184,0.9595794998022615,664.6742220500835,320.959868193505,0.7655409280450454,651.9430847471446,326.4138936813038,0.9654029368345513,648.8140516419178,328.14469304909085,0.1845813247080388,613.9693473737401,343.20876842152006,0.9523879613544706,685.1248592018478,408.1680621471557,0.9716546113620704,570.2589529489588,430.08067858872204,0.9809329532914355,710.7666090953408,512.8630219227726,0.7639431880821033,552.7328171607452,549.2842375899322,0.8770894346691785,723.7900162940427,594.9844303896507,0.5608496962797745,592.2414916193783,602.3082485254592,0.740153920254111,677.4242905981057,586.9283458394927,0.4989824184196427,607.8960072200591,600.2693889846296,0.5201484941757024,687.4935221063377,630.9206035473389,0.03255216372745162,633.0455785170931,644.654782426133,0.03652529802867947,615.6093182115659,658.5385745922576,0.005087699820955219,658.7184717030289,658.8136634990204,0.005118885010125282
302.0,667.8666706563112,333.86351724629793,0.9582706959427952,664.6975595808826,320.8909953428091,0.7588226275612343,652.1012956868143,326.2179770911278,0.9644269698596449,648.7151143697531,328.289085620032,0.18182654864339473,614.2428408661234,343.07950353984836,0.9517792541619067,685.0149371088826,408.61929194465324,0.9708524960966279,570.2300057249987,430.13997740649467,0.9808715085512593,710.5090928224906,513.7761632152001,0.7587083023228848,552.7986239029053,549.5537836154273,0.8778925371734971,722.8654475930992,595.4595508628606,0.5553701909538161,593.8814243381571,602.1282622716128,0.7411928151282754,677.4920305551952,587.4079660110182,0.4948479258596542,608.0694633299149,600.6242339467043,0.5193780309126781,687.4528343837783,631.3803784619603,0.0321784599343523,633.755183744432,644.9138954780567,0.03659753250092835,615.5356583821447,659.369486548885,0.005046239840301826,659.5470603636045,659.5883962792425,0.005127935578724314
303.0,667.6999949170597,333.610768486211,0.9591363384007526,664.6457168064125,320.66201441262166,0.7635455508894466,651.937593592477,325.94924735369335,0.9650962132493887,648.9284230103262,328.1554183265128,0.18524192757462213,614.2606734452725,342.86699711783587,0.9522384234921509,685.3059026626089,408.5812146212263,0.971245303508097,570.1509169663481,430.34012401860895,0.9812766600661583,710.794901482253,512.8919795463879,0.7588645198133949,552.5548159649702,549.3366014232369,0.8787648784752502,722.8928218496062,594.3732280850764,0.5555436369608575,592.5954662184558,601.5524362912713,0.7421457776715263,677.7286640068274,587.1043878330254,0.49769152975005476,608.1462373152525,600.4282265452115,0.523144251720681,687.8708426993777,631.1194254480383,0.03255313122398681,634.1240656277183,644.8894357736172,0.037166876577151786,615.4342525406392,658.8265071590168,0.005103679860204524,660.1295163290984,659.3396349317002,0.005204068555815689
304.0,667.6145786142855,333.4735213702417,0.9573804038525255,664.4299382316898,320.6510390847956,0.7548550203743036,651.9821566442466,325.85896058946594,0.9636799127304191,648.401979110771,328.34315862973835,0.18154960144349577,614.4142197000697,342.9104023888175,0.951502946204929,685.2395077301144,408.8027577714072,0.9705368394262259,569.8977906515524,430.2858646018777,0.9810308594623174,710.6264622234153,513.1444357806861,0.7547282121519056,552.4651844622675,549.0448935315983,0.8782033165771816,722.2990966081991,594.124242037255,0.549722624887538,591.8970808687818,600.4745171150078,0.7404345419083544,677.433018133472,587.1096230299792,0.49416887356858175,607.7705695192144,600.2447839762486,0.5213241442610846,687.5140628232522,631.1533546276976,0.03210787698718043,633.9845500724257,644.5739018097863,0.0368936716696691,614.345560755147,658.576259974184,0.005050347719713212,660.4315178644753,658.7321005688912,0.005173461228033227
305.0,667.6852007335121,333.26954895052927,0.9559367680101111,664.406018200621,320.5181735123173,0.748866290908754,652.1225357764428,325.66089842757333,0.962398371778274,648.1079259368266,328.3978557329742,0.17892753520929072,614.5862675760701,342.86924230047646,0.9505301979963636,685.2914378671078,408.8786323441933,0.9698708702820165,569.9490512981987,430.2562012966261,0.980348737331489,710.6659401682464,512.7602531310317,0.7515471125009527,552.4721350420202,548.83995238162,0.8746884758807951,722.2596761505279,593.6189884850378,0.5449401756545964,591.0807104465384,600.6936640215256,0.7343902469675444,677.060540830638,587.1461462348993,0.48803195355789825,607.4199811658066,600.1075628847867,0.5138420288466686,687.264137862142,630.913283363943,0.031535135910995445,633.8568474874776,643.7526817851435,0.03603740202305716,613.63779392176,658.7108205882829,0.004992175804274458,660.4988117164144,657.9633997779396,0.005094269689033882
306.0,667.8252402553086,334.0317657016827,0.9571745847101076,664.6043979625498,321.2014680445549,0.7526627902797609,652.1914213168204,326.4117470027907,0.9637565123324435,648.4304033104625,328.7469496122956,0.17920797704152994,614.4413592669114,343.29893951281275,0.9518633590351084,685.2193163716944,408.9652780836216,0.9702521778539371,570.010671526051,430.3085288978955,0.9809994705047786,710.4877594629767,513.0524795412616,0.7532002683262695,553.0901994296728,548.8158253478368,0.8788312013239579,722.0070147070181,593.7298182733438,0.548623802259203,592.9662370619961,600.6942017566432,0.7415483482679719,677.359024186098,587.3068716269462,0.4918361600532911,607.7302920257351,600.3753497731402,0.5200599250234235,688.0872194849564,631.0355820048145,0.03172593164353137,634.5271151821372,644.1677708405664,0.03663246706408945,614.6916120258109,657.9515860577728,0.00500431872255395,661.1061434362377,657.8034905223323,0.005142792178911505
307.0,667.7089748290292,334.75533719621166,0.9585279897263954,664.643780723676,321.7677790853267,0.7604879017603374,651.9721485347305,327.0502842950751,0.9649369151931855,648.8182739713114,328.99336168616406,0.1825753227935825,614.1218271161038,343.6419456366673,0.9523157725388297,685.0750423191332,408.9987155304128,0.9705294135427,569.8256747938196,430.47062122239464,0.9809234664149028,710.2071087586984,512.8915249062466,0.7542649409623847,552.6543240972279,548.5959887252072,0.8773930684973853,722.1281787876578,592.9693265057923,0.5517856841445221,592.9101061671827,599.0255656677366,0.7414073471427189,677.221170592785,586.6914047497814,0.4914692481223198,607.597117364265,599.9071222760584,0.5179884784332179,687.9854431198954,630.6180622895756,0.03198397855837503,634.2538060342353,644.196204633371,0.03668978888661265,615.0912924689569,657.3957362647928,0.005054290514893873,660.955039509979,657.8317405493466,0.005167795069875329
308.0,667.4697525941904,335.46099415825273,0.9597376320044161,664.5581416399745,322.30083697474237,0.7684475348736974,651.6765119633336,327.68654227328835,0.965829814458506,649.1573351139682,329.0845085968135,0.18823947754211937,613.9104185607724,343.87879261131695,0.9522913190011798,685.2259906733656,409.20040039466465,0.9710584505039996,570.0977383626633,430.41014001257383,0.9811368673329507,710.2801238751798,513.7545291085802,0.7568313557745306,552.3606723194463,548.4549515843496,0.8776354573512352,722.1901912110028,593.8099193357938,0.5539783743220991,590.1272950293122,599.7877550484611,0.7410906808696185,676.9945313848679,586.9545956150758,0.4972055664121287,607.4328860824921,600.0099254366044,0.523025258582242,687.6934594676384,632.5234275147097,0.032538085274566315,633.3909918629968,646.116726231571,0.03722112266088114,615.0868423838152,658.4295834424321,0.005115708706348238,659.7073638297986,659.446994818087,0.005224324610166068
309.0,667.3962252227408,335.6894583911973,0.9605853059426962,664.5833021930791,322.43902963152266,0.7731792949690683,651.5387298940512,327.93725616472733,0.9663531296096847,649.5436047859997,329.0707236640243,0.19183570582594894,613.9350389991866,344.0781571594919,0.9523679376936822,685.3237443234301,409.0391003174537,0.9717332176825222,570.3470723825051,430.46731879333777,0.9814847990616427,710.1661911980423,513.258075706452,0.7621899770541191,552.3879809636728,548.0383878889158,0.8797450507653546,722.273889888123,593.6742473782552,0.561530373505177,590.4663617560972,599.433285267988,0.7454926737462603,677.1385055318467,586.6171704239471,0.5052274289597785,607.6040662300269,599.8650940133866,0.530087963810109,688.2211422270146,632.1053496723551,0.0334419211518942,633.6424657763496,646.257483296788,0.038144764711200346,615.8222592536084,657.8607641213936,0.00522645641508259,659.4651505341011,659.6307789644657,0.005327962392981808
310.0,667.3951859687035,335.70616505429587,0.9612186864933604,664.6713120654935,322.43861672293116,0.7761537863854455,651.4994029710338,327.9120924947667,0.9669708749726279,649.7463201254296,329.0710481964585,0.19233339451659978,613.818353970054,344.0022205300044,0.9526888746656959,685.22589356124,408.990395648022,0.9716440739520315,570.3196397161504,430.3539498449898,0.9815448191669388,710.317720888237,512.9724355479675,0.7613607234224924,552.0810377185752,547.5920441558967,0.8801378933555472,722.4214047914132,593.5433925718739,0.56181595181037,589.8473961764441,598.950789795339,0.7468859750167962,677.1437311194238,586.4598634729299,0.5056178029462091,607.6186629430694,599.7115652974722,0.5313234097400795,688.3730606040322,631.5133086730133,0.0337788646827175,633.4402583390138,645.8126809321425,0.03863953697501154,616.5650145799751,657.4533352283017,0.005304695340059228,658.9141761341972,659.4903467866192,0.005418224708723487
311.0,667.3403061744519,335.56712259194563,0.9611448951152644,664.6834141243347,322.35716043254325,0.7746610608654466,651.5578645272569,327.7009527680174,0.9670328062995595,649.7330250988897,329.1683580225569,0.1901083941443877,613.9915383217126,343.78554603775495,0.9529646058782413,684.8941874542335,408.8642134268565,0.9715362911817214,570.2983788828583,430.326298034332,0.9816188767026672,710.2095971537899,511.3965309386752,0.762553505668521,551.645771337369,546.7742634206022,0.8820192276860634,722.8883744466738,592.464280019684,0.565370948148241,588.8635362075702,598.188945127225,0.751339020280406,677.1428427001262,586.1201570034754,0.5118821337037808,607.7644999633867,599.4599812797815,0.5382662071019353,689.2334863098632,632.0283194042647,0.034594912952938546,633.9794649075479,646.3821344875198,0.039717392491160845,617.9219694110712,658.5885556948084,0.005401662696833563,659.0458185233537,660.5156475782408,0.005531851957036276
312.0,667.3014704442154,335.6302191123502,0.9611625428959163,664.5849706939307,322.4511531093129,0.774184004755657,651.528567386603,327.84964581048973,0.9669992556975651,649.6121739011771,329.3301702596736,0.19045404964862186,614.1173738894614,344.086404283929,0.9531696277020775,684.7798822782449,408.7434286991813,0.9718653485222107,570.2935298566146,430.34725276962587,0.9819159829754952,709.9873990545966,511.1452577380497,0.7658212501335345,551.7160521239248,546.6237087305306,0.8843425116776494,722.9702979964198,592.3263661751703,0.5690013332798152,589.1918617595275,598.5076773737596,0.7544730951228513,677.047646613484,585.8736330835823,0.5162854620786435,607.6390046304062,599.3445098519281,0.5429063364885603,689.1076823324398,632.1102687930144,0.03459409156499354,633.6627703474096,646.8852812696207,0.03975456007685789,617.7672118184086,658.0995440714208,0.005348766960114866,658.3609418228557,660.684330672408,0.005480562458011947
313.0,667.3765992240989,335.5206202584512,0.9615304931019226,664.7204935584458,322.4297285821556,0.7765149232733859,651.5782805378159,327.6857365403677,0.9674427474770357,649.762656165548,329.4241391782926,0.19161289725551314,614.0632187927082,343.89627976373333,0.9534493471573497,684.9398218997394,409.1291505913364,0.9715113910212557,570.1493362258245,430.0456497234805,0.9818807056551964,710.0142653869729,512.1627562167708,0.7608630447533452,551.5344483662207,546.4680005987768,0.8833158049085488,722.7284561374336,592.9041941747435,0.5620143673473899,589.4865210094937,598.5650304205918,0.7516088517426195,676.9956879935959,586.4870993618258,0.5092746518264593,607.3873167988189,599.6200602085971,0.5377994461597747,688.62626965196,632.7217607770646,0.03365571030932357,633.1776945722953,646.9319668022116,0.03893474273518434,617.4185065044707,658.2565963138685,0.0052356675167713656,658.1040913773178,660.4168862038454,0.0053914339379658
314.0,667.4397227475195,335.3796706088806,0.9615675384874276,664.8553345732995,322.3873827789005,0.7770974329579275,651.6566072420813,327.4834968808392,0.9676990434549092,649.8585109720302,329.52390369126766,0.19104635399721287,614.016430289786,343.6611001801807,0.9536741947834859,684.975167667315,409.43803305412393,0.9708331401651049,569.9848109227662,430.0304632502613,0.9816345745954917,710.2291870731616,512.5707269236838,0.7534796329466477,551.4300641929639,546.6290734653082,0.8808255893562342,722.8707880294,593.0405461229941,0.5522727531762761,589.0448477675856,598.4672534698013,0.7465391222303611,676.9240232329105,587.0599310701907,0.500293090336629,607.2659272098008,599.9993215701633,0.5306381626267803,688.2034306210223,633.1326610793984,0.03287542916324119,633.037996805568,646.9483652550305,0.038273709492388314,617.0253994918655,658.8307077273454,0.005177659723236044,658.3354658151603,660.5624891403631,0.005355453722659569
315.0,667.2886931044118,335.4327838173552,0.9612834299091535,664.7330581941094,322.4750499892905,0.7762945474670097,651.5452497985293,327.53274937613867,0.9674145189143565,649.7721068557454,329.67319552521866,0.19139543913219928,614.0205347280352,343.72676438381177,0.9533040805710111,684.8090439772186,409.559897615384,0.9706176426581811,570.1395098270061,430.2166323562214,0.981566387806063,710.247960684918,512.6583517315804,0.7521644225544504,551.742469332644,546.9633449620447,0.8804838324886749,722.9666193780262,593.0468013981896,0.5507540986057085,588.8803494341589,598.819769681381,0.7457172122977086,677.0283651008583,587.0883017619446,0.4987881143945212,607.592398177327,600.0535571726821,0.5296541449880593,688.101474758071,632.9429073277857,0.03282958295342787,633.2733020776914,646.8293231637862,0.038291535514632255,617.1394041933789,658.652214266089,0.005186785761550708,658.4879388977794,660.5310300051701,0.005373839852468527
316.0,667.2191795688893,335.5497566933988,0.9611800593973369,664.6748030305156,322.58374418950984,0.7767339330649157,651.5135248326386,327.61817046701776,0.9672192674636911,649.7344052575467,329.74816000751025,0.19258000918904275,614.020428892033,343.7411736864852,0.9528765777166108,684.7137619972774,409.71367475442236,0.9707188277852742,570.1262415092732,430.3636370539031,0.9813846129283612,710.1181730323589,512.9692963600834,0.7535539986526392,551.7079638727218,547.4562091666116,0.8793942231805087,722.8721324323112,593.3533246324898,0.5524355371032366,589.5704583084133,599.1892419685815,0.7443977571798587,676.7797172766823,587.471319998929,0.49919372599566814,607.4074365380376,600.4024569262041,0.5283370048572493,687.766880021522,633.9512318601624,0.03280886244297256,633.102428672268,647.6423411531654,0.03803294215940158,616.9591710307222,659.820400505142,0.005164060045756463,658.2967651128467,661.3215884160352,0.005328079137582002
317.0,667.3454139519803,335.55744802639947,0.9607945527120348,664.7522351446568,322.6148430707836,0.7748357350608484,651.6265709378532,327.66389984720155,0.9668631538254787,649.6824641534129,329.8692549108961,0.19135709474672896,614.0648356764242,343.9093108516794,0.9527516426201944,684.656391959718,409.7532029257913,0.9707965315955189,569.9030026284556,430.55189403553703,0.981137366315212,710.1297517626323,512.9563276339802,0.7549752255813859,551.9250574653081,547.7492833746282,0.8777442905132188,722.793914790016,593.316754283874,0.5529915911359167,589.81258271785,599.8590249772819,0.7414553020469825,676.5490607466502,587.6953976016296,0.49951582126244093,607.0472710186217,600.7615120873234,0.5263683108690309,687.9105989073574,634.2520946085875,0.032711902534380125,633.1990588131613,648.2763271864179,0.03759876914021635,616.7347410331529,659.8733448087228,0.005138088002325312,658.4156301998739,661.8932215227952,0.00526582205030295
318.0,667.3102087974003,335.5045364338577,0.9604490618181357,664.7514138344468,322.5958407573833,0.774030265116608,651.5460880751237,327.6475431561173,0.9665082864575806,649.7709219963407,329.9946848652647,0.19159255035095984,614.059273573647,344.0601169969026,0.9524473293239183,684.6381533793086,409.9126048377472,0.9706180443510007,569.6169445265349,430.79472135432655,0.9809295557441442,710.0522930118107,513.3706162913095,0.7527413191933098,551.8001766643423,548.1027284854449,0.8754196712340204,722.7746466031803,593.2527140565142,0.5490548249379433,589.482467678646,599.5313142189059,0.7371973883742567,676.5197308163398,587.6697307121856,0.4948538615516616,606.8967011461024,600.9119279247747,0.521095237749947,688.1048345153201,632.9693342938267,0.03240182892859531,633.6786394735666,647.6095579229317,0.0371535370671465,616.4281524512251,658.1793417143015,0.005135417358912063,659.086565555232,661.2188781686796,0.005252359414876721
319.0,667.24931644937,335.3648461592363,0.9606730873166367,664.6789687213137,322.4582090522261,0.7752567027079209,651.4667424224999,327.53649068796204,0.9665616609702532,649.7506831909677,329.8561846850353,0.1930955901677993,614.0284975612946,343.9932020382676,0.9524810590621547,684.710772364472,410.0315380699458,0.9710316585446125,569.5915694495263,430.9088715583663,0.9811051517078756,709.9557635438342,513.9240095352573,0.7543775869151222,551.4654157300454,548.4718841429215,0.8755922239521038,722.9563412274539,593.8042398598927,0.5502432741230252,589.358810749123,598.9308356369938,0.737581334701219,676.5212755449843,587.9017382095218,0.4964129306842573,606.9195333012702,601.1356943760757,0.5220303007914332,687.9661457985271,632.9720452611151,0.03261924293214089,633.8855672434516,647.5544452924838,0.037322945144227765,616.1753292696967,658.2461240702505,0.00516165885147653,659.5596263526556,661.0202132573554,0.005272012431010318
320.0,667.2358675035534,335.58483135869,0.9605524399041273,664.6607296589044,322.5731139272395,0.7761536695880487,651.4145293320227,327.75202339159733,0.9663707924171919,649.7891438573284,329.7606415417627,0.19463894985959673,613.9693759186631,344.10546486612725,0.9519931232417324,684.8108833444828,410.1640076195445,0.9709278619759014,569.6507980078159,431.03480799895885,0.9808348126803412,709.9410664666011,514.4038319336855,0.7530876332204613,551.0572507918523,548.5299899868822,0.8730374181743366,722.9656613102671,594.5109224071163,0.547208552676392,587.2409051568253,599.6663135659029,0.7326255284611091,676.2352192715165,588.0798594373003,0.4931710930779039,606.7009851864053,601.2644774239634,0.5176684347256765,687.1864105775841,633.224485839073,0.03233890663408175,633.1328226817725,647.8894703665092,0.03680254494952932,615.0735896039391,658.0958611319134,0.005140860165337487,659.0124902656765,661.2007107767553,0.0052303716003805414
321.0,667.120178237324,335.7454913461491,0.9611940880863932,664.5831497190961,322.65810962983727,0.7800753788975354,651.2372617763327,327.8991943109734,0.9667839594730889,649.85133671143,329.7550863046668,0.19754713362124,613.8051099439251,344.2363545076326,0.9520290793914573,684.827761406064,410.1738692853902,0.9713563298908429,569.6786664671266,431.14739166253224,0.980902169386602,709.8082769424475,514.4833070914094,0.7560900957334916,551.0557292596216,548.6766741142083,0.8729217202741326,722.7132981531324,594.6766408502328,0.5506798600472986,587.1249730742549,600.1792306558159,0.7325905277751387,676.166985142906,588.2798016795524,0.49579071140502123,606.5787409528838,601.4981625334135,0.5187411847886593,687.0047596688919,633.6236844609505,0.032521265567042525,632.634425189535,648.3883733565976,0.036780905885495,614.9792586890123,658.2429913471642,0.005151300644791003,658.2599436383492,661.4828642045353,0.005219061228067959
322.0,667.1966559210139,335.68820563653975,0.9604143109466697,664.6123294250848,322.6523094291466,0.7763754246586375,651.3098170001952,327.8418227923764,0.9663069522281249,649.7194745330897,329.83859844181137,0.19495608063943104,613.7863176416978,344.2382699941359,0.9517162096085248,684.7758232990794,410.4014025812406,0.9704857985149263,569.6334851832485,431.0919554390372,0.9805510377826419,709.783432991681,515.1746341095483,0.7494664709968535,550.905999941359,548.903769571155,0.8710649139788957,722.5510637331537,594.7056295675507,0.542651536628118,587.1069719171967,600.2719060667293,0.7288706338177272,675.8829490103304,588.6058874546535,0.48635521801013204,606.36877515799,601.6307817167994,0.5112268488123456,686.0351919857922,633.8128145318198,0.03150524091076434,632.2470553502634,648.168800516097,0.03586382459990814,613.9751362398141,658.3433319817018,0.005029621902246806,657.9781513014102,661.1435016643029,0.005118389342065064
323.0,667.213818227619,336.00988300180444,0.9619763658360677,664.7644176179326,322.83863553165554,0.785411721461371,651.1324768452953,328.1361248625356,0.9675131847776504,650.2752701358584,329.7849409290535,0.2003688266763044,613.4892110754593,344.41082729447214,0.9520474980280511,685.197807435893,410.46823912286226,0.9711371992303817,569.8605387289344,430.9965473680094,0.9806597790131136,710.1404170224816,515.6417675934641,0.7525801762682834,550.9397775068061,548.7650614532369,0.8704559442525859,722.802854618884,595.051488919647,0.5465561902288986,587.5603311666968,600.576016349937,0.7284741928914783,675.8439311006371,588.986523116001,0.4898402977593728,606.1615425510267,601.9033371167487,0.5127526660519983,685.7235005089248,634.6576660780781,0.031966259490076206,631.6619200703357,648.8918567345636,0.036117338665264676,614.1078015154262,659.1056944728327,0.005095559837909046,657.0441792219827,661.8229133654783,0.005159208876179924
324.0,667.2495859428988,335.94706973776925,0.9623970687764158,664.855487953175,322.7952518256689,0.7878403178543694,651.1670796367945,328.0140800409223,0.9678833988899224,650.3991841157467,329.81842287955465,0.20138173995923012,613.4958548158396,344.27456107204574,0.9522269675723988,685.0911896813487,410.4492923251431,0.9711481210398708,569.9879904724146,430.9639617195026,0.9805450565286674,710.0339102452491,515.4137352396868,0.7520918018156466,551.2381351213699,548.8683856170597,0.8693528803999624,722.8479360739761,594.8745393188087,0.5463500090958646,588.7637459765012,600.3665732323772,0.7273782689228185,676.0003051630338,588.9947196631125,0.4886864980759216,606.449697795856,601.9102485902489,0.5108741746600394,685.9633795680709,634.9453941341352,0.031968567035481885,632.2046001233764,649.0043354632202,0.0360370682353742,614.6849937901362,659.783433037331,0.005102953292082688,657.4293423181077,662.0503077408425,0.005159003373522688
325.0,667.3169322340283,336.0377660773436,0.9624854055803055,664.9052102438429,322.81623889227455,0.7886240076893754,651.119118527641,328.1674440502324,0.9680672709876464,650.4786604509379,329.814050255279,0.20107184086251018,613.3859747306037,344.56773409353707,0.9523436058489267,685.0761819177567,410.4967590832319,0.9707198221853613,570.1113632823113,431.17493110688685,0.9804169187768462,709.9240640989502,515.8606554688163,0.7470711114555098,550.7766540149076,548.8983546124308,0.8673329643561352,722.3585713333977,595.6541237751309,0.5390237653089907,586.235634743463,600.0799517325173,0.7232653172435964,675.9731961466717,588.8964861549565,0.48413273217201924,606.6002090974634,601.9048547458519,0.5076401605655531,685.7663067795705,634.5036424206907,0.031849324864888916,632.4688077243952,649.0127149616383,0.03603858977890219,614.2313002981009,659.2566170064372,0.005142744391317464,657.2938258264611,662.1870292636935,0.005211606460968866
326.0,667.3572249481292,336.20449666266353,0.9625382714126073,665.0100560557656,322.9806272500895,0.7885574964216131,651.2251017170993,328.2532416555541,0.9680815986598615,650.574416669377,329.89170307539644,0.20087995136922082,613.4011028698098,344.43497785923944,0.9524441732197507,685.1348605078265,410.47306372080214,0.9710801766255117,569.9490884870696,431.30890238045504,0.9804599448039408,710.2677803055967,515.2961133819936,0.750444331027558,551.2049940333826,549.0781844829164,0.8676128542676342,722.6120701755655,594.913333882898,0.5439059346093017,586.7766776912031,600.3118394911305,0.7245870322620348,676.2409891337887,588.7924799813197,0.4884905541229906,606.7692393501329,601.8776415328196,0.5103302630154776,686.087384437259,634.7253526282806,0.032403092455044955,632.6150146439502,649.2753472610558,0.036445016582806154,614.5402902800371,659.7791698779955,0.0052052562179084804,658.114456859223,662.7758401003231,0.005251890280306611
327.0,667.5147804964962,336.0128085406375,0.9624090915163365,665.1705399181054,322.841015919097,0.7882329764667724,651.3766093676862,328.00632750653546,0.9679444021853737,650.6637994157745,329.97207809405955,0.20029032330539476,613.4986314560639,344.3118604689059,0.9522395419191351,685.1076035770467,410.8157697205099,0.9710305325539847,569.8329602934476,431.341802566798,0.9801634308949291,710.4039634858282,515.2046812355684,0.7510748646912132,551.2397682898819,548.7227444558638,0.866242092529121,723.2428529763279,594.382754827964,0.5457103015353856,588.656853469221,599.7157307629824,0.7238926038786938,676.2025944966488,588.8312170680804,0.4899853930301938,606.6254911864697,601.8483010752116,0.5101149546065921,686.3564710905607,634.8044213982134,0.03286760797332862,632.5940883294659,649.1876009085051,0.03674700495049923,615.2675124254705,660.3971329371252,0.005285859700263722,658.0211320633799,663.1707455272045,0.005309363002885494
328.0,667.3717224228918,336.1104394630645,0.9630193013759367,665.0888795776502,322.8992182410474,0.7916554449996659,651.1866473627498,328.11670744102724,0.9684211324343265,650.8073339147131,329.963953919781,0.20263533106000392,613.388941132658,344.405117525709,0.9523693503410843,685.0493767656534,410.8284140440744,0.9712600429971567,569.926458542092,431.4131946280095,0.9802817081412748,710.3070253712473,515.1400128200152,0.7524803277311253,551.2750769712875,548.680711290827,0.8668678118828032,723.3368197547167,594.1681018056368,0.5483915816885885,589.4174208335804,599.4526453228364,0.725632361436398,676.034006806639,588.9796914817231,0.4916090642774653,606.5086344465808,602.0673744358145,0.5114818013847586,686.479959811146,634.7629520966208,0.03308866585672285,632.6618998322884,649.3247630518593,0.03698729919879213,615.668521945449,660.422261874169,0.005317037395738812,657.683280098714,663.4053722226034,0.005340694591059959
329.0,667.4179198874824,336.0264566810871,0.963081576569199,665.1141694111307,322.9135426103522,0.7909899752964847,651.2737716687814,328.04577301739033,0.968461189698363,650.7033669290743,330.0964994343687,0.20166186373804634,613.4449593724005,344.361693672244,0.9527230385160931,684.9034491867822,410.8282797012917,0.9715776090238295,569.8257872931945,431.189153791363,0.9804538701003549,710.1873610759532,515.1347483914129,0.7555012007004713,551.1542708327261,548.400985482009,0.8683730294519884,723.3799660412104,594.2019872641663,0.5517838523625367,589.2398369284448,599.3211104548407,0.7280679231889575,676.0071360947459,588.888945738715,0.4942858444412074,606.4898109977489,601.8903647280022,0.5136946845911389,686.3681748254284,634.7181475209868,0.03311776074911167,632.5509716868588,649.1522150662989,0.03694692461779657,615.8221942171654,660.2776230435571,0.005285470236102719,657.682229546782,663.1554225799404,0.005299744077914642
330.0,667.4662055877069,336.0113019826108,0.962939424062727,665.1803552851794,322.9413664907637,0.7896421728575534,651.3723048016293,327.9775035086877,0.9683790488369286,650.6693657614613,330.11546235411896,0.20054425372536605,613.4127045373634,344.1580127045077,0.9528791071983983,684.9400667872569,411.00045789629587,0.9715843646432343,569.6725167393959,431.35808654068205,0.9805160936120902,710.4792969404407,515.7285871501253,0.7548813326499275,551.2426202781166,549.2853429174836,0.8683392900648673,723.5083376450583,594.8987915569328,0.5506417525734046,589.2652567218421,600.2055841989054,0.7276818587660294,676.5221357561129,589.2986607624898,0.4909095028630411,607.0131727045077,602.290185261043,0.5106310311414047,686.4526421127553,634.8553026810571,0.03263201092206428,633.0950975386388,649.142005433426,0.036446607606961244,615.8969820594085,660.3668907009148,0.005205899669433205,659.0526515023519,663.0389356625844,0.005223993574233053
331.0,667.4055805030245,336.15053907673456,0.9632893273794771,665.1976339691068,322.9806102872497,0.7926427103166648,651.2045105856002,328.0896881230744,0.968682482898426,650.9117244084339,330.01537476944327,0.20286381141566334,613.1892283799293,344.21263394867054,0.9527947427694848,685.1772469516662,411.16888624168314,0.9714447521440506,569.637891569032,431.59249545462836,0.9803657647188201,710.6035947685086,516.5800384467198,0.7515713227310459,551.4475071288532,549.9587725043217,0.8657231666364441,723.1861384758906,595.5528769262452,0.5456286676614165,589.038240412048,600.8940017744217,0.7227294185176614,676.5823663620271,589.7186228637732,0.48587139117055217,606.959237336435,602.7427699420033,0.5054960298153217,686.2062671652714,635.1136646098885,0.0322716053077342,633.0073645531493,649.6099757907358,0.03601899357185088,615.3206849132351,660.2804403029088,0.005191390082046678,659.2190916895725,663.4100136551898,0.005207160478417892
332.0,667.3616495196919,336.2100951131394,0.9637607588498693,665.2190339028077,323.02231251999837,0.7963808473559162,651.1362743773855,328.1159541498447,0.9690078768242412,651.0754360489026,330.0144378096332,0.20617388903188888,613.1384070685224,344.1729345260532,0.952677893540584,685.2788798818385,411.4042567261681,0.9715397635481041,569.6820334295693,431.60041700839855,0.9802292633801594,710.5615159739699,517.3262321422961,0.7503824874023515,551.3032551821872,550.2736237966221,0.8633897727878579,722.8907593877645,595.9003753305587,0.5434154114515345,588.8945013841486,601.2259475671292,0.7187453045411583,676.3391911089105,590.0916306504037,0.4822515139317684,606.7352214472471,602.9847421009988,0.5008792721183316,685.767803062658,635.3000742531202,0.03204458837945741,632.840364410493,649.5723772569937,0.03562509093458749,614.8362954320571,660.5995583976852,0.005181625054207888,659.1204585015531,663.5719566152951,0.005184421811240282
333.0,667.2919062549842,336.26894696725657,0.9639770625244457,665.1861464281499,323.0927936721985,0.7983142685173779,651.0788592517871,328.16560839599657,0.9690752552124868,651.1223029690283,330.088042012421,0.2077568340535723,613.123037072512,344.19638716096796,0.9524325828770701,685.255846250789,411.39241954071537,0.9717057105766763,569.7481178673969,431.4347259177546,0.9800646422005135,710.3886921554708,516.8254045321652,0.7527493569119889,551.0653267077324,549.4459895562967,0.8626793637564402,722.6897282424208,595.3984128357353,0.5472434452356935,588.6053110298739,599.8825481314891,0.7191993426498166,676.1297512422578,589.6172177973508,0.4844195765715578,606.5364619617594,602.3917461079255,0.5013513667437681,685.4797675054076,634.6605586664388,0.03250128189295074,632.1415992111451,648.744264504615,0.03588056179679741,614.9199038269164,660.4420150225022,0.005255243682146161,658.2703477000174,663.0721808723465,0.005232132378108238
334.0,667.2256721534225,336.41400802129573,0.9642193902746194,665.1481198825747,323.19890534893165,0.8005103219306067,651.0048468105504,328.30479905931566,0.9691919574593909,651.1777848621987,330.15204020998414,0.20972350981165894,613.0704459899936,344.31516619634726,0.9523001773627652,685.4037310366003,411.4292574020979,0.9719734461451952,569.4475131939266,431.34587879495916,0.9799050006377864,710.5073953427354,516.4912823059769,0.7549538829658426,551.1082025352042,548.4556517421347,0.861207140732367,722.2213761272902,594.8008514129508,0.5502510973583405,588.7258250164723,598.2410813991127,0.7181352007451144,675.8891089549927,589.1072152475293,0.4880447956016027,605.9654801209741,601.8717874686445,0.5027830740722942,685.4590444521384,634.1707236807412,0.03321487748520113,631.3918369507676,648.5853585230683,0.03635564562036867,614.724527582794,660.3694464872077,0.00537190511613126,657.8452514514371,663.6884676088328,0.005313655201268912
335.0,667.2803357702878,336.41153799083196,0.9647428906303279,665.2876446825856,323.25055245412267,0.8034452019244805,651.0738020364148,328.2876784473146,0.9695245436413816,651.4095849544336,330.16031238367674,0.21076000314480384,613.0132223867041,344.1519116347358,0.9524070139393895,685.4045390364221,411.4020160988417,0.972464095470883,569.5072467852937,431.35740055580584,0.9796661181570303,710.8984690443408,515.2496468067535,0.7588075853865859,551.2769866796822,547.8523225986238,0.8589770563218989,723.1082958531956,594.1238762183465,0.5556737390142695,588.8966318790654,598.3475153646132,0.7165868209405221,675.6632780122957,588.6359445527929,0.49159925799300974,605.8645932503771,601.4186715337821,0.5024307597805482,686.0152765703849,631.7992251139111,0.03462372430034336,631.8117874530377,646.0501251387504,0.03734901567762307,615.6470589712961,659.2215286288414,0.00567432775455107,658.7868899594034,662.1185526699577,0.0055522143084940105
336.0,667.3619126617162,336.3637114170269,0.9644138486929112,665.3797993135286,323.2951556579476,0.8016924433364623,651.2221505769388,328.25254997511684,0.9692721746359273,651.4296139038471,330.30332362517515,0.20845293959550656,613.1659205181319,344.1231438474389,0.952171726517162,685.2478753630389,411.33616576732044,0.9720781549241195,569.7756676406339,431.3425817156991,0.9793691626225154,710.933584667047,513.7220777448151,0.756922904959122,550.5952289982254,546.904910113062,0.8578790247985845,723.9448127657265,593.1752594725932,0.5550612280047141,587.562404781314,596.9930556722134,0.7167280240745,675.4414004264462,587.894186547248,0.4899855968985128,606.0216556737901,600.6251430184815,0.500881563840254,686.3204122756761,629.1875457287703,0.03536287045273428,632.4203327073993,642.9918092961835,0.03815456053789222,616.3603966196474,657.8745338947322,0.005887501711926917,659.3722943354104,659.6521666489449,0.005762200012384266
337.0,667.2341197090598,336.4660937241042,0.9644595232344346,665.2444224295181,323.4432574959831,0.801421745923909,651.1961099766307,328.3520830389285,0.9693076402973048,651.2993283518978,330.5076439477159,0.20886250415088545,613.3389366684044,344.21949192307375,0.9523280782615616,685.1223372528175,411.4017743550257,0.9723715854379233,569.563451510781,431.44459126797716,0.9797620609505593,710.811622320549,512.7979517838942,0.760562410008699,549.6050481716534,546.3955542917429,0.8616602730418059,724.66528230981,592.1954393150381,0.5606693125974436,586.9390270692346,596.4808472436902,0.7228651717047073,675.1595618057669,588.086783952814,0.4998734600147501,605.6057936928576,600.8430054756333,0.5115092778914339,686.3190846677071,631.1450148441852,0.036059830201995415,631.7058473584152,644.9055407598552,0.03904246066593418,616.6882085127035,659.7421104702963,0.005904275011417404,658.2878104875648,661.3551949848451,0.0057953889114904225
338.0,667.3848846016078,336.5821312640788,0.9630398602316813,665.3756175562213,323.62142965729413,0.7962619097083271,651.542159272439,328.32582025297626,0.9679826354574765,651.2029805207737,330.7349256679552,0.2077260192120313,613.7272231133524,343.9798899184837,0.9509943337407104,684.9533108284465,411.7760057064394,0.9718356287158835,569.2125960969396,431.73281419393237,0.9789346557526822,710.56967302068,513.581943437652,0.7570174445087632,549.943479829717,547.7970249140288,0.8560438642301981,725.1929226637817,592.4897510920703,0.5551632418124505,590.2759690070619,596.4950184484604,0.7146823458137218,675.3300693826747,588.8084222985899,0.4917707722297982,605.7720067947242,601.6155114100162,0.5008065047783556,686.7115400188607,632.2333267599454,0.03518074961714229,632.9345283925729,645.7119282755291,0.037785449039692505,616.6271223269752,660.9324350432194,0.005786708384559544,660.6987592408831,661.9404695022607,0.005649106363359146
339.0,667.8660774642707,336.53062703416344,0.9613762318326385,665.8119284331316,323.90645192090363,0.7849613804220126,652.2744169564073,328.12160454011325,0.9664029026863843,650.9616987684199,331.235103816519,0.20020292621945868,614.0558513000365,343.4378489055401,0.9505873895870405,685.1218244232042,412.6275768393883,0.9723341520362385,569.2629463474884,431.48098834487894,0.979290249139493,711.2705749611281,514.4787036966441,0.7663356508984548,550.6717467935717,547.8340357910499,0.861942883027851,725.4887477786159,592.6236629424521,0.5674974692859294,589.7191343275308,598.3391518790296,0.723951383155941,676.7135654987347,590.0054588687433,0.5042300885616031,607.1487601547076,602.1252974955881,0.5124992699197217,685.9049207097296,634.769731681606,0.0358279190262966,631.9408703752708,646.720507764239,0.03827353618089886,616.8997107572552,663.0729588045344,0.005729621043800962,661.4074342970804,662.6440628061865,0.005572816833461472
340.0,667.8897646913643,336.9987447094431,0.9613006279049296,666.0136209072506,324.37078480037246,0.7853132377839213,652.3453266454146,328.4588058683269,0.9664061148917394,651.3153289399846,331.5769281127941,0.20027496672535286,614.0655197277956,343.4558567785076,0.9502636214531184,685.1768835664135,412.70389224432137,0.9720213231227699,569.4020337814753,431.4830772146498,0.9791746680767945,711.4426469014611,513.9284330860407,0.7655910452110443,550.5504082939112,547.6903464141947,0.8621168287627949,725.6477427759521,592.4313051135492,0.567096817231781,587.5838399946753,599.4652750235194,0.7236973761463554,676.6198565465462,590.2221738813652,0.5070444542262862,607.0566372139083,602.1792660971882,0.5159283726797461,685.4306624746538,636.5438301385517,0.03605795807970873,630.8520933998132,648.136728727585,0.03857055179883937,616.9112657769479,664.4724653289271,0.005749700081492675,660.0690733032912,663.7491597018139,0.005600604886359623
341.0,667.649918269917,337.71980298410284,0.9623266067934944,665.8795738840877,324.9235273471456,0.7916769190045361,652.0429060714873,329.19179790705994,0.9670455701172462,651.5883831275222,331.74564771705053,0.2060401945014605,613.8607636433749,343.9471448417505,0.9501988871396538,685.3960262309936,412.5891278617341,0.9727266560770238,569.1078340771782,431.50031704289785,0.9794957923212854,711.324583928818,513.538924571988,0.7708030428352178,549.7698392435658,546.5008260781871,0.8634665529623332,724.6145110369516,591.7303765113217,0.575920430178235,587.2489452002042,596.4081789217928,0.7285348678141825,676.7171164261331,589.3130162917098,0.5104674157641862,606.8528388655808,601.4316748158399,0.5180066687579539,685.4611789754157,634.1982981209765,0.03663701748043859,630.3845263223292,646.5661045086423,0.03898254021631874,616.7042958031632,662.1085435611085,0.005828272678892117,659.9466614515137,662.5578595678975,0.005655702108806981
342.0,667.4783815775539,338.20905503856807,0.962762825250143,665.9221102205494,325.30811319409196,0.7975057854542509,651.8416555446643,329.57109814164977,0.9673604224342648,652.1092076389456,331.9956708735293,0.21236535454830896,613.8213128386484,344.13798949428076,0.9494048371270393,685.8332201449208,412.9229006312619,0.9722397377607978,568.7308328261327,431.64935414837714,0.9790519990413413,711.4889624127036,514.7312106746119,0.7640534453040916,548.7879053275776,547.0505440519412,0.8583070415953462,724.3492332096306,592.4001724286114,0.5672371186928767,587.4553567644272,595.3464891564955,0.7207318100814313,676.5496623074423,589.5171754932427,0.497406677888923,606.2401123449189,601.583218677457,0.5052168842689417,685.1001510330781,632.8517625911829,0.035652459882411315,629.9596459062165,645.3202205726009,0.03797450938922835,615.8952327712407,661.1937636756118,0.005787567942133439,659.890069459293,661.902888165323,0.0056243929164068425
343.0,667.5663256927106,338.23601339972106,0.9631223639624561,666.0187434301625,325.2772830585926,0.7985045618354308,651.8518031207021,329.59232861580534,0.9679822665037638,652.2691263816691,331.9111382383366,0.21180574464428908,613.7471644417252,344.1442139000873,0.9502587108945889,686.0020208691038,413.05102269049326,0.9719504458587199,568.5162865771524,431.34290282554247,0.9793189463991312,711.4868702440949,515.7413355058187,0.7590619841946737,549.7979561371953,546.2533323503321,0.8591853061150114,723.3388997909241,592.5698258347705,0.5614802010689655,589.2932054439189,592.9441820367182,0.7218328628778042,676.6584817980035,588.9570646542717,0.49555135931048355,606.0457125900839,600.9670519514373,0.5067184217853886,685.3027096639676,632.1262567822891,0.03583579391014228,629.8390311938074,645.1475743399496,0.03866821165037397,615.6988152427012,660.1892760235522,0.005869861654732144,660.1640255833111,662.2663824107663,0.005752591107280721
344.0,667.7408950775259,338.49874685374346,0.9626768338375201,666.2049385235392,325.5771311698116,0.7945134914178505,652.1976901864939,329.8180819784069,0.9676134284192757,652.2807853990516,332.04976349103526,0.20847732421721282,614.0581991247162,344.04308491640063,0.9504294016946782,685.6718806582691,412.4216040247049,0.9723590022694374,568.7319169118081,431.09128994239614,0.9796508052430358,711.3603846930821,513.9835624666707,0.7651360297235474,551.0589316493747,545.7949829284229,0.8629163112501652,723.5736955722726,591.1768922312309,0.5699737244255607,589.45572812903,593.2963063001731,0.7279145388780509,676.6972977941119,587.7742968354976,0.5087433241275269,606.3351443096875,599.9652479542649,0.5191888350942618,686.0167945966833,631.2593198068269,0.037719267804168156,630.05041098046,644.5315152248411,0.04059716875022711,616.4930575600456,659.117347683681,0.0061498006662433465,660.540942988475,661.5729382930214,0.006014107427053435
345.0,668.6634963323385,337.88717868746033,0.960162273553995,666.7738797845718,325.1941712271074,0.776909382357683,653.4345567391839,329.20818577057344,0.9657808994320348,651.5861575834566,331.959441332524,0.1940138065309353,614.867619715245,343.49886795332276,0.9506706847587336,685.3807103863426,412.16940886933025,0.9718012484211582,568.8191750307542,431.14424867210755,0.9796776909552841,711.4132678692116,512.5265240868334,0.7661484366573097,550.8386737559965,546.0794747561888,0.8664688463546939,723.5631059549013,591.0424961890162,0.5701713257725631,585.328562095946,595.9370740057352,0.7314273275335825,676.7883895170592,588.2248500485399,0.5142068004432092,606.7259239415716,600.2905587909007,0.5263349857589893,685.5688299040071,633.0364448373236,0.03765253051003684,629.276517693418,645.4657418979208,0.0406601852847921,615.6962920165902,660.6128106427763,0.006053356993641087,660.2860015625627,661.6002207362744,0.005928273554023789
346.0,669.0750624527569,337.55046271880707,0.9588183963057921,666.9310890355495,324.88165429308077,0.7676153634662979,653.9619001194451,328.925449811808,0.9647975062395203,651.1449221732425,331.7113902145717,0.18731404461821738,615.2287475047409,343.3361103956175,0.9507343694488885,685.3647380359259,412.12480640266165,0.9715045733987931,568.9814123334949,431.48079185905624,0.9796661232293816,711.5782621966462,512.3750832144052,0.7660474460740211,550.8591193469427,546.8547906712407,0.8678851726316847,723.3619247628963,591.4524420243456,0.5702549093500658,584.4858549880522,597.4225975696356,0.7334266095960243,677.0936782723892,588.2955970690003,0.5129706994412053,607.2756927819197,600.4440588514796,0.5259516082859137,685.7933203149183,633.2646026623306,0.03722197402929039,629.8966562883016,645.4623131587088,0.040308222359026126,615.5926760607186,661.1485271413593,0.0059493871750340285,661.390611397947,661.5016326655377,0.005835329364238692
347.0,669.2928192983777,337.7351048444599,0.9591173863973876,667.0607497966929,324.98691433940087,0.7675050078006798,654.1684423037925,329.0482446064477,0.965179880566413,650.9767505649895,331.7211131487916,0.18544404199394446,615.1466067405884,343.3645331322821,0.9513190590680953,685.2510752109376,412.1705890764376,0.9716834577473582,568.8451390935833,431.50178639381704,0.9796653923071007,711.5606876872291,512.9434198594466,0.7675114455633063,550.933649772716,547.3365794498104,0.8680563824002324,723.1202318096604,591.8252525008808,0.572536235153805,585.283365050058,597.3645896786529,0.7347243124225471,677.2289255095801,588.7055063859997,0.5126330394916858,607.3728649374093,600.838438850752,0.5246952984707285,686.2468833570454,634.1674609375111,0.036949492693626594,630.2576027716259,646.1115643253008,0.03989255118206874,616.1548192983777,662.2421597167935,0.005866529655950186,661.8532852648643,662.0932386988818,0.005739209505101133
348.0,669.3709638201353,337.8569812806053,0.9592727762767154,667.1301007236275,325.0317944342069,0.768896478422644,654.1946118389749,329.1082840172836,0.9654009756260509,651.0002151431396,331.74042036622274,0.18572551552863428,615.0357981498532,343.4134854018615,0.9513468024775161,685.3149377340335,412.1867064920054,0.9713722772148282,568.5758004114869,431.57485313993436,0.9792851744477274,711.7129078396968,513.4459794348676,0.7640247489156783,551.158611225126,547.8306865705516,0.8650064457743308,723.2713532388401,592.1192848368759,0.5685152031065974,587.9504279891511,596.0990690301383,0.7311325729932744,677.4560800458512,588.9264041101603,0.502955526598935,607.4009901489432,601.1395690621047,0.5143883025936227,686.5839287528997,633.6603800928767,0.0358072240423115,630.959103032651,645.6314026085297,0.03860675238709933,616.2115842344872,661.9917724672249,0.005725275107354079,662.9069802643759,661.5528552471122,0.005593870135379113
349.0,669.2308852277125,338.0275266114924,0.9600227033787299,667.0367227075325,325.1768105068117,0.7732327667333466,653.9935304235936,329.32368844728586,0.9658614302198644,651.1305328937478,331.8062285350525,0.18868468548350006,614.9366843841694,343.63653465587714,0.9514197632273006,685.381935838202,412.1424243232288,0.9719316786794351,568.6540242832136,431.43432816784184,0.9794851069188996,711.6830581660242,513.0509446813242,0.7687485087027071,550.7824740410538,546.9027142652338,0.8663621299948161,723.4605841781657,591.8536168368006,0.5747232531276083,587.106911914221,595.5362456390213,0.7337964103852446,677.2637193842723,588.7326094859086,0.509459471870975,607.1424200063573,600.9096996923599,0.5195523980538594,686.115057306561,633.7825268661609,0.036436154363535145,629.9727637463701,645.9513787044525,0.03906504348713284,616.1441556604034,662.0354144744523,0.005780053988643707,661.5281062390255,662.0071765057821,0.005624795787329265
350.0,669.1125398953911,338.1555258171074,0.9607904983383002,667.0012912850045,325.2982884581188,0.7769599185466136,653.8468051617847,329.45591976757333,0.96651167141185,651.3441502989183,331.8982547091564,0.19095472957764173,614.9317891343027,343.7383087931419,0.9518191919915752,685.5005300930546,412.17975323353187,0.9722526194260771,568.747212116039,431.15424600950496,0.9798974754280024,711.6752633460056,513.0485029901715,0.7708289468350726,550.3478406361045,546.1187700344278,0.869237564651889,723.5831405197907,591.8281186088943,0.5778119409961481,586.4415834942488,595.2179045478327,0.7380894945647207,677.0756425006833,588.6792406428125,0.5152777016235499,606.8328829913283,600.7278659279041,0.5265727336902366,686.2179647169207,634.4629480734242,0.036914527681702905,629.4600512031185,646.584275349856,0.039778867305163355,616.6840819480915,662.7310934866188,0.005811880882420763,660.4583397510384,662.9026543284866,0.005678152406298176
351.0,669.1314765562686,338.15085551225866,0.9609027611584511,667.0366118885013,325.33630319214654,0.7771403361150182,653.8343426144169,329.44913689439863,0.9667225907991516,651.4252309323513,332.0090629100269,0.1910555750288972,614.9236426709894,343.7589335773028,0.952135135071654,685.6691560826904,412.3954574771965,0.9720622965399583,568.6037044622562,430.8421481957956,0.980061735360519,711.8161968546891,513.8290749485909,0.7677164768471078,550.6301734418732,545.5591377793521,0.8701589736005209,723.8490209849984,591.9244688615755,0.5747343795656762,588.8774573290849,592.8683659016656,0.7400420271765276,677.1776108649176,588.3312215703977,0.5095414469678298,606.729686217567,600.2085205904583,0.5232273328590987,686.3559099005265,632.6154226540707,0.03634581293271079,629.7533212764926,644.5819888536504,0.039555351348705525,616.7401090792532,660.9231045377034,0.005765868734211081,661.1888357295925,661.0082435997218,0.00567223293641652
352.0,669.1281078041847,338.1368954191802,0.9607195133501211,667.0553268174492,325.2645329246273,0.7773436976869302,653.8196737660656,329.38731037437924,0.9665844535397222,651.4614668279194,331.90105722508065,0.19209097740389797,614.9035192879838,343.6674515193781,0.9519029075050349,685.8863418071368,412.51897946735727,0.9717525054619088,568.3437414917001,430.957455937354,0.9798765058941403,712.1045257908936,514.5478051605784,0.7629216614946067,550.6229718118868,546.0474577801425,0.867246627673258,723.902882551993,592.430536087959,0.5670095073123522,588.2399780427177,592.9868393521142,0.7340801114168061,677.1254120986516,588.3438373662093,0.5022166841804329,606.4689475487573,600.220187257485,0.5164538832760768,686.1390981551272,631.9634309510599,0.035710534639243854,629.6054882479766,644.0865291498128,0.038929013904760536,615.7211232936255,659.9945787969792,0.005731571476263137,661.639841155057,660.5070618730358,0.005645353116626147
353.0,669.1355740653262,338.05765981075143,0.9608819346496948,667.0144041382385,325.17607891363957,0.7780660546342612,653.790345761168,329.35093222927196,0.9667328101600218,651.3584455033829,331.7992409115706,0.19244708138079247,614.8996449363503,343.69258493007214,0.9520518560526032,686.0212915506355,412.4300537641646,0.9717076631977504,568.3144070065754,430.6285434419094,0.9800300881463953,712.4785980071579,515.5584550798438,0.7607036182175249,549.6528888594197,546.3230451959905,0.8671897771793431,724.7381484331928,593.2690131708299,0.5615242169610372,585.049287454372,594.250852771643,0.7313562612654786,676.9562628214647,588.709266799158,0.49871010403253385,606.2168286926435,600.4454559677055,0.5144391957274234,685.8808976518711,631.866092085564,0.03509373952113567,629.2310595875437,643.8525525727403,0.03843598473821502,615.2447313104482,659.4457232482376,0.005656120163969091,660.912129030452,660.1164885894347,0.005591259133602254
354.0,669.2149858764311,337.95570491058584,0.9597347482145417,666.9170718363496,325.0950416377566,0.7712833079768229,653.9393578391458,329.2981132735961,0.9657482775332881,650.8952116827242,331.7570986980074,0.18811601905188813,614.9836531508221,343.72369389234774,0.9517128966224874,685.8291468001654,412.1973847364288,0.9716300041029671,568.0619077185319,430.68519240852976,0.9797823551922828,712.2894904701808,515.2270199457924,0.7621493950607987,549.2505411865035,546.7648633246661,0.8667590328470218,724.9384956237711,593.0259223651983,0.5629562094294296,585.6721841278948,594.2948484352381,0.731249133299636,677.0127452297227,588.723145546035,0.49844432443151643,606.2865656043897,600.6020570579503,0.5127105137212199,686.3636329733548,631.7943608332753,0.03489906520017906,630.0994817391297,643.6549219393587,0.03803907034203464,615.2323420213827,659.9361152003725,0.005597968137920487,661.966226885365,659.9821028123041,0.00551288981317803
355.0,668.8869116790703,337.8071405178121,0.9607736627268689,666.7404248544104,324.9072640382178,0.7769106918752204,653.5446933888894,329.125010157702,0.9663769703868125,651.170610516493,331.56556172170883,0.19220594650511943,614.7675647269228,343.5597221870605,0.9518008153357872,685.9446787703633,412.1075136256473,0.9724403799288762,567.8697852108129,430.64474912742537,0.9802195562926584,712.2863933146107,514.7586040140109,0.7691668256558424,548.2058894366262,546.4879484808242,0.8698100742717487,725.1439434957531,593.1423511219886,0.5725381234887994,584.9396794357527,595.1157353485324,0.7366729703687188,677.0825822066863,588.9130039795363,0.5082407324156525,606.0599781457946,600.875368336527,0.5212118364465799,686.7274984491839,632.7458491100632,0.035585098169156455,629.5567105070278,644.8563585185249,0.03862160212348405,616.1003707109331,660.6136462954928,0.005620473893023997,660.7705719354899,661.0226678600342,0.005521376343849763
356.0,668.9128914688722,337.81236859688113,0.9614029742471594,666.8172572691379,324.8244439089993,0.7773901854562254,653.4792404883003,329.0878917789284,0.9672077664784186,651.370913866233,331.2913695778347,0.19010098866958294,614.4822579484359,343.33809166254264,0.9529052593459805,685.9445944287635,411.8883458841947,0.9725905157481061,567.5858759788916,430.3659045511057,0.9808130422569956,712.3942113453843,514.7149598683407,0.7702306241498658,548.0767663421004,546.256221862781,0.8745330138836467,725.3619388175099,593.1293415114858,0.5756525939655128,586.0738844507581,595.6107305852121,0.7442669238437832,677.4059913451554,588.8511308888533,0.5144055043093251,606.1324400904203,600.9082409820229,0.5302543107552116,687.6264822374454,633.7117431207237,0.03598977024020968,629.8246891259624,646.0554358786967,0.0395385835245299,617.2527790826617,661.1252959040507,0.005631541855580251,660.7839866299335,662.0650115913677,0.005578281630307634
357.0,668.7752733995376,337.81140072058724,0.9617178425928392,666.8073782748552,324.8828115140883,0.7816743073587128,653.3558345414865,329.0586036703106,0.9673267438349292,651.548732725025,331.37423930672367,0.19398216718073202,614.4170007703103,343.2216628377499,0.9523718356342131,685.9833967670305,412.1642679897995,0.9724878095291386,567.6358117847508,430.21186944912625,0.9804072205040184,712.4512948694714,515.3995711712091,0.7675335106760132,547.120770644194,546.2493950957289,0.8700411829959922,725.1615486626965,594.0460783514717,0.5696226655213733,582.2777193249865,596.728615223014,0.7355684521474497,676.5894072050959,589.0752206365382,0.509273871837281,605.4654288557406,600.8059697182296,0.5234581784692307,686.322687130456,634.0808239971268,0.035721300945953494,628.8520440074,645.9511203289032,0.03893104641205379,616.0390075252017,661.6194997419776,0.005646847411199519,659.7432454930921,662.2631244043728,0.005564062600711834
358.0,668.3278843229559,338.2912981603969,0.9631942567720782,666.5391305305568,325.2016058846662,0.7901469632224959,652.730636659859,329.57981818463037,0.9684992645098449,651.964574656755,331.4403080976403,0.19980831226862344,614.0486809749156,343.6954276245738,0.9527740054657932,685.995061545708,411.8632624584556,0.9730387176084432,567.7962090162646,430.1804630372225,0.9808484382486393,712.2394247716605,514.646761661127,0.7716057496619207,547.1337929757183,545.4793914134727,0.8728346714626253,725.3518396993295,593.150402135521,0.5763637763621124,582.5330078908418,596.3889692998089,0.7406816076420005,676.5436111903838,588.6167029323141,0.517045488283001,605.3242468483322,600.6160677332175,0.5313834412199175,686.9806054728473,634.2365508125919,0.03641043663419584,628.8331195661737,646.9628123943933,0.03976070065384375,617.1141224474846,660.8856808767292,0.005712888781918058,658.6095643636302,662.888912367655,0.005639543569398209
359.0,668.2015870405575,338.21069211457035,0.9636868830272702,666.4450096862214,325.02233121067803,0.7926611945834151,652.4941538657474,329.5291708733089,0.968822849100688,652.0747938830968,331.23253542260215,0.2005014318867205,613.9097998386737,343.77537085193154,0.9527574599460253,685.8823273200569,411.2566790801079,0.9731754183503774,568.2223354687203,429.95985119312934,0.9809268831926244,712.0534093454222,513.4682610763059,0.7746073587174036,546.9668650816701,544.7828441711171,0.8743272591116633,725.4924967536666,592.4138796051597,0.5814278949972029,581.102194357824,595.9637969704291,0.7441170473421613,676.828512336665,587.8025158501064,0.5232950798307998,605.7855986899143,599.9778644526968,0.537293984477151,687.60044996842,633.8497396439318,0.03721809788099967,628.9065292092563,646.9241218805039,0.040575310111279836,618.3749208237151,660.4558240814471,0.005814750889427325,657.3504077479806,662.6823253817951,0.005735077938827437
360.0,668.0990238515826,338.18074675437146,0.9637387966053721,666.3538849178464,324.9462971285203,0.7925281937787924,652.3512953738855,329.5500779837775,0.9690706004736765,652.2278155160911,331.0981641168314,0.20020484319624263,613.9184479688855,343.8272124627224,0.9529213970578055,685.9936027875376,411.0017926905618,0.9725983693016739,568.3741135219701,429.71966924457513,0.9811321961114238,712.0234232875306,513.2276715767671,0.7703277602828037,546.8529377873851,544.0858867999616,0.8770144399986668,725.2996154427975,592.3100373830096,0.5791153733336476,583.8729952622382,593.6524233213646,0.7498760509962105,677.3244184770037,587.1267129385063,0.5184634850126322,606.2805129127993,599.4151929227272,0.5369189670010384,688.5592277561317,632.8752145294164,0.036533089130578004,630.243036577002,646.1679239636727,0.04059634400203812,619.5367121479177,659.8218976952624,0.00571682150003444,658.2211730324034,662.074356510864,0.005717442006627768
361.0,667.9491273376558,337.75353137738784,0.9640712842538935,666.1748161319807,324.56592659606423,0.7931790899700267,652.1052945933583,329.27710764772263,0.9694615464206121,652.2578264527929,330.905112520782,0.19989286190499203,613.828407568922,343.9068388059257,0.9534437174501899,686.1357321730811,410.620593965689,0.9724761411798551,568.3592110109757,429.5493668389313,0.9814779102910347,712.1697247753358,512.3946911272492,0.7695892447962417,546.5839231923958,543.1663565897018,0.8803371571681361,725.4132774084907,591.2777365252294,0.5812730125506181,586.3549731703168,590.2266750033401,0.7572382847634694,677.6851617277088,586.5030769171958,0.518596877746893,606.448282551415,598.9832433504223,0.5400522544369383,689.398065918945,631.4543824384002,0.03642476873338138,631.0783776586815,645.1416940985897,0.04101257743372399,620.6951189851236,659.0336910898807,0.005680018206230842,658.3096128372619,661.2937247333693,0.005733990472487109
362.0,667.5614663078991,337.64914935944836,0.9659283094941599,665.8910920602618,324.3563276668441,0.8036910461809118,651.5185921123781,329.2227920966421,0.9708633849528979,652.4386246524077,330.52981361046994,0.20627930630911456,613.282266750554,343.8949182801276,0.9540338034359073,686.1550904870862,410.1139163021813,0.9731502337116842,568.7143299978497,429.4190815566586,0.9816903226415622,712.0077777934079,511.46145482450214,0.7726721603223969,546.4900291323066,542.8655608712127,0.8802117005753993,725.5106796979576,590.4712221590079,0.5856133736672047,585.9940189408604,590.151435173068,0.7577143487622772,677.7287290512253,586.2561763145329,0.5210276208942769,606.6168925023671,598.8491393394021,0.5409271740724865,689.6077704680524,630.9726678932915,0.036784946863942576,631.0425550998644,644.6836873065049,0.04117346141159348,621.4404912530639,658.5768277652621,0.00573696798769172,657.3082497451754,660.4652428778544,0.005771077746742872
363.0,667.5776105508897,337.0149180402061,0.9653676341983544,665.7911990670112,323.8703616276409,0.8002387500961365,651.5693301601428,328.66238371110836,0.9703243304100466,652.0531101430839,330.41177584428516,0.20393713834270732,613.3812778186762,343.70995237332806,0.9540123248061337,686.0777579975509,409.9378538325253,0.9731484902675308,568.6810671828388,429.5432205927402,0.9816176175331869,711.8080624608638,511.0758619523927,0.7725149647211225,546.398828167683,543.7166187552472,0.8792461111120052,725.4391996750115,590.5548685663833,0.5821893362360725,584.2982757308844,592.6384939872243,0.753568793522796,677.6178419075122,586.4217535276257,0.5198713039598282,606.5352215610935,599.0471249116279,0.539038553837496,689.3337771092216,631.4747024551353,0.036205724847810476,631.0008591296292,644.9247771794618,0.04036345913132245,620.6124544839698,658.7668511510468,0.005632223220318157,657.1073566989697,660.0670112203874,0.005650118379296134
364.0,667.402461991222,336.71461066392567,0.9662068877660556,665.6288293384392,323.5199490835589,0.8056944840513609,651.2589751448386,328.4511054547342,0.9709554055411156,652.1567682802352,330.1457016867556,0.20870059342179886,613.2858978717227,343.79873994192025,0.9544042248307903,686.4356011213247,409.93596649693893,0.9734931436142243,568.5537885710226,429.505987814198,0.9818532974243831,711.906257091371,511.92894741062656,0.7718389026593669,545.8715721342395,543.8256490069482,0.878421945775755,725.3257431052853,591.6359233668941,0.5773695038668173,581.4751448578704,594.4333266573994,0.7489012162032644,677.4043388648965,586.6675902179851,0.5196931693043865,605.9296710371639,599.3326326344185,0.5390567347252677,689.1444899721315,632.000891973002,0.03584861270718964,630.0255265333789,646.0604065134158,0.0399519954673683,619.8320624768558,658.3639346025017,0.005582852874613228,655.6578548310123,661.0548893607786,0.005600240745053062
365.0,667.28506583312,336.0536665465197,0.9662206663418677,665.457395563107,322.90333515743487,0.8066696227666089,651.1582819069566,327.82667014633233,0.970764905874921,651.932184562224,329.71200802600305,0.21111069756389236,613.3171037990018,343.38880823007867,0.9541231099450387,686.5875037314355,409.8734862247815,0.97374316898373,568.3226762258843,429.29116957453016,0.9818837205271688,712.0745272405759,512.5232271774706,0.7722541462308715,545.4461638398515,543.7783550288464,0.8772050900493178,725.0854555155403,592.6545795144593,0.5749242608035166,579.892670286301,594.7058272267167,0.7452533754414508,677.4835716945857,586.8541138664168,0.5198727791183579,605.7865079996398,599.4541655813769,0.5383797877178426,688.8338331654709,632.3565825348733,0.035702640095345975,629.530589187957,646.570575553709,0.039623263596165026,619.0707139464873,658.483041742729,0.00555211503853198,655.2909440917462,661.6122816639844,0.0055544465264557984
366.0,667.022208808487,336.0193924481189,0.96562360074738,665.1180085241934,322.77004766836666,0.8049838148143219,650.9234671509597,327.82101406754526,0.9700430670409336,651.6242801206562,329.4290048359368,0.2128769206378846,613.2806341425409,343.37621149852157,0.9531739661246814,686.6037263314062,409.7735912538021,0.9737548132244428,568.22897280936,429.4728409627826,0.9818052269908536,712.0456441950518,513.0368503266534,0.7719663556695275,545.5231908743713,544.4239499114462,0.8761003227071602,725.2370863702346,593.0987780258099,0.57322831924483,580.3779162650704,594.7939379250649,0.7427714098472594,677.6114281857917,586.871097615004,0.5198550612539082,605.90202888224,599.6297952812944,0.5378037387961354,688.8299918717236,632.2713346453074,0.03584323787529576,629.7580895949259,646.813139471945,0.039710280443687684,618.3600980228999,658.2413325431501,0.005587336371843542,655.746780415686,661.786469653293,0.005586243851810959
367.0,667.076451288467,336.5317867189506,0.9660175320131106,665.0749544495893,323.1219443650469,0.8072690387624599,650.7390355574613,328.43722967376726,0.9705898505550341,651.6143843849528,329.5937141072223,0.21233331672216568,612.9026583455875,344.15354671373615,0.9536976179806577,686.474095850277,409.8032829401907,0.9734403407348101,568.179005650694,429.90613389327575,0.9813938130876646,712.1034333839559,513.334278140659,0.7676540745953279,545.7318341568393,545.0267268262846,0.8721342615580017,726.1003499331002,592.8724277520531,0.5670844088554033,581.1924910614027,596.0200727039436,0.7359711001687285,677.1169506836192,586.6339420942429,0.5101129186378196,605.5198085527458,599.691496895283,0.5270057891324814,688.6954994267651,630.917139620118,0.03504621570408937,630.2035653958205,646.0852017829977,0.03867248718608577,618.0044009718762,656.4521387454429,0.0055516512107219645,656.1193385566149,660.8268037773507,0.0055278148343954735
368.0,667.2110856963051,336.90494264640455,0.9661861443836084,665.1034848534821,323.3157901754944,0.8082673276672189,650.8268551197389,328.8150577100595,0.9708069182239858,651.5182551192133,329.400636300731,0.21294973272160128,612.8532625502983,344.3279184803428,0.9538888556545451,686.6181777258582,409.5911898067066,0.9734592822701115,568.1348116437547,429.78263799722595,0.9813196886748483,712.2131253633781,514.0101837384735,0.7656472687461038,545.4292235974245,545.4504715585989,0.8703022545856488,726.3891836414475,593.3415285136482,0.5627090508807011,580.5742178860073,597.0029380630484,0.7316362828865561,676.8434947973982,586.7355955181239,0.5042757228758683,605.2380994771233,599.810148732407,0.5208563945865557,688.3831479525164,630.8523148351279,0.034307154053943835,630.2527246414404,645.97388930268,0.03780431625196247,616.8004143313217,656.2610336451853,0.005461980649997354,656.4571268818232,660.6790328389097,0.005432136145747026
369.0,667.3027856699199,336.9585708856138,0.9668038334037696,665.1856108556641,323.2259307617053,0.810242424135921,650.8436713151843,328.8442495439567,0.9713704881397134,651.549720896282,329.151066937453,0.21223656181777192,612.6858117280018,344.2879662292465,0.9545954779704456,686.3007183801808,409.2809947587023,0.9738913760326368,567.9086872148247,429.7317227397369,0.9813975640001581,711.9723232416926,513.647176054921,0.7691482219548793,545.0096396530877,545.2526628707574,0.8703133309937177,726.1033754318225,593.3349510063613,0.5669013018298649,578.9505320494679,597.7543116595681,0.7322658942196062,676.7017929534948,586.2601096876208,0.5077414914330888,605.1605654276344,599.6240075947685,0.5223031798808337,689.5695539663367,630.540694930736,0.034670252577502274,631.1715900808413,646.3590768562963,0.037935053357129975,617.8962473931808,655.7165816224266,0.005494397328520309,657.1113379733695,661.2742699526653,0.005432554531781586
370.0,667.5057633812257,337.0006441265392,0.9660555002374402,665.3341688728493,323.2689038047816,0.8056518152351925,651.1137867291671,328.84715450599134,0.9709405302860346,651.4564155466,329.1817702321643,0.2085020574934786,612.8470395445456,344.20075559242264,0.9544593881495076,686.0900374055267,409.7327212131334,0.9732791555403906,567.7921664426391,429.72542004887384,0.9811711706512831,711.948248661711,514.133025951289,0.76478829941876,545.0784881064566,544.847138516035,0.8697958845398349,725.9561568305788,593.9863246921069,0.5618845886763375,579.5771771036231,598.4658367512992,0.7309833985284128,675.9210876725338,586.7104504260479,0.5022776487346448,604.5315820967534,599.9076202067549,0.5185050040185557,689.0573131248238,630.6517661100622,0.03410586004828988,631.0447222736617,646.3192637714972,0.037575085987270954,617.0481940873248,655.9596489173396,0.005437809239581014,657.2477323168196,661.7626496827331,0.005399118214605249
371.0,667.6581420606408,336.2363783116957,0.9655685581460888,665.2515516992066,322.59207790397744,0.8012721925381444,651.2912881719869,328.1762309996681,0.9705024726204136,650.8512677512788,328.8815633978262,0.2041213900661566,612.9594835044527,343.98771180564563,0.9547684948110919,685.9010973757621,409.41016478284513,0.9734881475256801,567.5791764203478,429.5465749877073,0.9811724898491198,712.0276002998361,513.6150009460858,0.7672920285167945,544.9555639129456,544.5796769991772,0.8701367748276371,725.9447769272639,593.3794996671062,0.563970721575391,578.9274437368359,598.0561383192058,0.7314476924799056,675.8527004594821,585.9911740551414,0.5046242728982001,604.4250773856779,599.2532415888128,0.5195853578558749,689.249891925792,629.3739842342684,0.034375144976195815,631.1325668716511,645.0998325683316,0.03766022795733476,616.8625559026598,655.3347670151842,0.0054604853044459304,657.1084961458719,661.0315296335673,0.005395842734457419
372.0,667.6889672259078,335.9455751367843,0.9642310154896186,665.1721905119398,322.54728741367325,0.792857949495322,651.5825499228195,327.9106473106686,0.9694516221671521,650.2556791699024,329.08557329972587,0.19871295576549297,613.2504196759229,343.7338608391444,0.9545641219756937,685.5021623825439,409.17652052904384,0.97301728941391,567.3516609523356,429.5647583658674,0.9811994561545061,711.8001832578402,512.4601883958084,0.7658066754330586,544.811827422296,544.6637834523818,0.8717283951781577,725.7347434764037,593.1161730798814,0.5614495364597829,577.4557622893899,598.2023248201461,0.7326327328691987,675.9569242717718,586.0917296001116,0.5029014542443047,604.6923072332053,599.3175251700915,0.5199491849987855,688.1880869449443,629.5609934430965,0.033670068751412464,630.374112306927,644.9773972294594,0.03710617755981805,615.5818769411543,655.3899638687118,0.0053223407776777955,656.9445783303339,660.336697602861,0.005280822308073921
373.0,667.8480491928381,335.52564942460594,0.9628979996913631,665.1949745445513,322.3203742294762,0.784030367774241,651.9296800626125,327.51440239257784,0.968339395123243,649.7601330227805,329.190282798312,0.19269259834535715,613.592008739476,343.49506306446017,0.9543977455196505,685.1506737615673,409.1371809517159,0.9728423652640615,567.2626113960558,429.48856421695655,0.981190489647485,711.580330507747,511.7219645031761,0.7675071910984969,544.5666391551459,544.3017150095717,0.8735122435695044,725.5666520083997,592.7037135684576,0.5636074194063381,575.8722856527174,598.0032283941938,0.7355662308732719,676.1105276068654,585.5835828991591,0.5056680181386715,605.0560812179307,598.7522940101613,0.5230852310823845,688.1070067887731,629.1020592190289,0.03379925938336397,630.443006076139,644.2940562842048,0.03725954728600489,615.5420005604095,655.2969690741704,0.005302473540695952,657.3004924801772,659.8561886447484,0.005260125059304049
374.0,668.0699563127797,334.9159716665186,0.9616232023729535,665.2337651423968,321.8688118870689,0.7761124861951355,652.2532859203933,326.98743759716297,0.9672553546508879,649.3029056835761,329.0409619488576,0.18742605322653236,613.882055437528,343.21833131316,0.9541153601058988,684.7990171259604,409.0385735153841,0.9725404349615482,567.1453697236768,429.26114244225636,0.9809545371897256,711.5144420253283,511.5438920531489,0.7670443852330113,544.4734775375239,543.8080945421657,0.8729259261606213,725.651507044799,592.2695563920513,0.5623786460551857,574.867323908053,597.0113419618456,0.7347347131584228,676.0767926898028,585.2259767634802,0.5032794930681436,605.2474625159903,598.4058942167368,0.520379817017242,688.084902893977,627.7019078590864,0.033552521242206694,630.9325199854911,643.0664491478781,0.036913910325172904,615.2714317416642,653.9498591070696,0.005270938651502275,657.9632383977021,658.8508398131995,0.005216968809580511
375.0,667.9444176082147,334.9582268728672,0.9612930895325269,665.1155281872055,321.92014094434677,0.7739656850568793,652.168269879906,327.05048406450004,0.9671043037769232,649.2255401917179,328.99670622696567,0.1860522907901278,613.8473231252269,343.15886863734585,0.9541864555224465,684.5283251244595,409.06125482320704,0.9722795492407522,567.1370957726274,429.17917326762455,0.9809414516140714,711.1219343755392,511.37197251811193,0.7653637090519964,544.4928908509087,543.3076376847577,0.873440983228426,725.329555779298,592.4451208747575,0.5603630146738561,574.5303295993344,596.9484061708205,0.7353346287633379,675.8616482734064,585.0950824005419,0.5020514964609473,605.2555945674374,598.3036880650254,0.5203724707821699,688.4050124776256,628.007585309172,0.03326826502400083,631.5955762527461,643.555365948197,0.036809248199341234,615.3706310488077,653.9944896703144,0.005220064286986939,658.6393200852995,659.3593808899013,0.0051861118951001765
376.0,667.7879680044774,335.3867161154816,0.9613060679392257,665.0299799278718,322.26682643758306,0.7743553806071298,652.0361394332432,327.4438191598282,0.966993609450511,649.2916696468467,329.04126835212946,0.18679014381810516,613.692072648879,343.2414359623161,0.9538332102353183,684.3433463230184,408.9789367508978,0.9725742532077201,567.1550196855087,429.3032823164474,0.9809512145217377,710.9919389590306,510.7539176826205,0.7694617421528445,544.3107653271443,543.1813017264934,0.8742136278002411,725.5206264456822,592.0795350324424,0.566861476566894,573.998589855927,597.3365180466083,0.7378389521678964,675.7187445012607,585.0349952461071,0.5079761841312366,605.2812983508305,598.3378474285671,0.5246621500978312,688.3963448786656,628.1871066824218,0.034040293284225004,631.4613395067926,643.8407196418343,0.03744089524982043,615.6460675440028,654.1186442412018,0.00531778277894528,658.6148238474,659.603774759272,0.005261517759861857
377.0,667.8328237079434,335.33540734412986,0.9608017313652086,664.9937883965277,322.2115138882435,0.7714815481436074,652.0609016932356,327.4248737917459,0.9666527631258427,649.1351753401003,329.0310201222469,0.18487427875640958,613.6619799639869,343.31655932392283,0.9537196927069543,684.3230250603672,409.1015074498829,0.9723254900497165,566.8898063612025,429.2468078127348,0.980804160087332,711.0419703527677,511.42615004865297,0.7678208593667806,544.4284021524402,543.1885344713526,0.8737061109674764,725.4474820504514,592.5389535326301,0.5645932160901859,575.5129894297451,596.903822312268,0.7371127360400691,675.6449012589514,585.2768826309842,0.5065018865865017,605.0412022589321,598.5886523064869,0.5234610553366055,688.5797610040489,628.6282419504589,0.033844928850410384,631.7738396623033,644.4290389110298,0.037296702499302385,615.6714273576883,654.5784005292139,0.0052887012825713,659.1034216025537,660.385129023517,0.0052372905296254706
378.0,667.673565855175,335.58553028383096,0.9602117832134931,664.7963751155058,322.3939290456368,0.768895037042461,651.9093224968971,327.6505587510632,0.9663337251132674,648.8984467955806,329.06006400781297,0.18354388604492403,613.4642731729231,343.418815035545,0.9534407986550689,684.3024011894444,409.1249084960426,0.9716918375344357,566.6522602750817,429.2586918923682,0.9805994839614232,711.0072058356426,512.1818340053717,0.7621964074772589,544.6988757793649,543.7557927099234,0.8724335566562884,725.1942571946529,592.9337091692203,0.557578604829391,577.0109171620178,596.555324292661,0.7346483149711663,675.6090852530061,585.5342659480356,0.5004265756204554,604.897682706871,598.8197715095323,0.5193006931994507,688.465152010539,629.074575333374,0.03332215253883063,631.9722866886408,644.7147644752893,0.03701327824102201,615.2194818977389,655.0768764577103,0.005248952870241104,659.790629725244,660.6102848558462,0.005228017854336826
379.0,667.549148938068,335.5783358469904,0.9595259295516156,664.6355021164953,322.44505239177647,0.7657876195371507,651.8726537067927,327.6605858477205,0.9658294971354069,648.640747244908,329.1613705512923,0.18244305560364651,613.50316287276,343.4324796869639,0.9530759032753813,684.2331848545917,409.0739740427784,0.9711620885666084,566.551580322663,429.2775777621637,0.9804827628209749,711.0362180270652,512.1543559757907,0.757940209583621,544.6896700288809,544.0372365204219,0.8718289285501158,725.0995239547212,592.6102150448721,0.5525797214980188,577.4080573758077,595.9971858996189,0.7333282878558798,675.5169009509481,585.3294620070169,0.4953488363364358,604.8239108813921,598.5840338563526,0.5160557661023103,688.229424333595,627.9123283655587,0.03308656211678056,631.9574046991914,643.3321207832503,0.03700163145797002,614.7969281447331,654.373825878973,0.005267977246365502,660.05353814033,659.4467937247908,0.005273966374963545
380.0,667.6179705375578,335.15866064748695,0.958720361728419,664.6247413648683,322.21686916602965,0.7607524427211168,652.0781913667724,327.2199276716128,0.9652554260412339,648.2686163101928,329.2738995595445,0.17937907978983358,613.6695589992886,343.13079297598784,0.9529854169187061,684.0060475262626,409.4928372735979,0.9707066874487704,566.5176551719751,429.2881385242457,0.980407478093652,710.8293650439708,512.1492401271706,0.755778748352721,544.4701630900853,543.831050719513,0.8724970036479728,724.4122353113761,592.691763606612,0.5501672198050572,576.5853462788075,596.3674038944702,0.7339506891633012,675.3109335316112,585.5720876646118,0.49405953131696156,604.7482718678388,598.5244898668894,0.5163463548279111,687.7842800604876,628.7427146311109,0.03276460889291198,631.4293904813333,643.4086918832992,0.03682933270074532,614.6844048091256,655.3500969234804,0.0052026745593000846,659.5626838843527,659.4445344408192,0.00522835997708134
381.0,667.6135974182145,335.1680991667209,0.9579082900763429,664.622982957044,322.154441472573,0.7587883661887922,652.1201995013851,327.21753212764355,0.9643612631893455,648.3005096909401,329.019553263012,0.1801712157388627,613.7457546315945,342.9718978503685,0.9518174761115094,684.0784399834366,409.58873148266287,0.9703683579318467,566.5754449613314,429.46576056248097,0.9799009129501006,710.7466417436061,512.8381227919901,0.7532300691857802,544.6648503263553,544.3134184063488,0.8685601950690027,723.8865249773975,593.8569324379056,0.5461706735332686,576.4631843421898,596.6620439734048,0.7277604134605793,675.2432548832346,585.9006273695735,0.48668009038361476,604.8216849199504,598.8866185920524,0.5074287678229318,687.4440125026672,627.4114526595212,0.032442100055957955,631.5941207127254,642.2544994389117,0.03623964010074931,613.852061316434,654.2491894968559,0.005225998564999841,660.6022970671676,658.6376580560441,0.005228537414468054
382.0,667.7308492361764,334.89056868257904,0.956904684379832,664.7662252523385,321.95701393336924,0.7542816970713071,652.3702062003855,326.869495397855,0.9634212878958398,648.3211704718558,329.01075181280606,0.1783394669236345,614.079470593847,342.6283320623546,0.951126525558855,684.0144847386829,409.4693947269173,0.9701553185996026,566.4053287528628,429.40177763638553,0.9795064599229035,710.6411972958072,512.0651836330364,0.7536844731376611,544.6398721707221,544.2985437937326,0.8668960337760794,723.832782546907,592.9627842621762,0.5472652275726164,577.0592968375788,596.1485637562663,0.7261252165149515,675.0176655789818,585.9274631169112,0.48533021286581224,604.5411217453074,598.9405373211962,0.5043087431977122,687.622766089233,627.0081522478167,0.03235041708381292,631.9372667502649,641.7147097591164,0.03592009507415176,613.6376970338716,654.250091174378,0.00521340344047605,661.2320172487487,658.2586114635568,0.0051933047609044455
383.0,667.4375849850759,335.1594051060296,0.9574218719513412,664.4612336566395,322.2395890124396,0.7561372212355454,652.0317876293086,327.25078159237245,0.963835269139722,648.1541541483434,329.2730786153261,0.17938806355220954,613.8735384298556,343.1112720452814,0.9515184222087493,683.8246478291701,409.40060942983047,0.9705149232728074,566.4870504173822,429.2647377613851,0.9800091108683233,710.06148351214,512.1846866951423,0.7572847331443724,544.5664383840818,543.6781747662546,0.8708248083236314,722.6724691079314,593.061396216295,0.5521618976804319,575.8682269806908,595.734943687372,0.7321708044195797,674.800263570545,585.2967440432977,0.49224917872265245,604.3158082955946,598.2840369455889,0.5126775181162716,687.5621851016776,626.563025803282,0.032857946880311184,631.0995766112496,641.5266808613618,0.03665776237480318,614.07930520694,653.1621722390742,0.005258066277558459,659.6824138593616,657.7628042152616,0.0052561185734387355
384.0,667.0763025077804,334.7030305834705,0.957098644689261,664.225338020931,321.88895529229865,0.7569945742073304,651.7803386185307,326.7455608877772,0.9634863881138247,648.1373378783717,329.1088898176275,0.18210734100243342,613.88735620953,342.6156059435304,0.9508769682058674,683.8445977525054,409.61050357108957,0.9700256242843,566.3534433190813,429.61549107028753,0.979808138241783,710.068416225844,512.2185774237105,0.7505274974206853,544.5823300126576,544.5716798361024,0.8675222667671098,722.1989283885157,593.5533254352372,0.5418739105944604,575.6325690761109,596.8887640596539,0.7247233377046799,674.9860891736499,585.9704387420055,0.4858649232450521,604.5737851252857,599.0040523230854,0.5075016532244508,687.4982233439831,627.4778911478669,0.03244919783459212,631.9370079159311,642.4349787348652,0.03638443065433626,613.2923336532108,654.5288683302039,0.005249760392020172,660.8861804029142,659.091631191991,0.0052724712123675445
385.0,667.2250643009346,335.3452674491994,0.958136165143965,664.5587549485194,322.42565121949934,0.761469721273584,651.8716000874168,327.23635329124187,0.9647072317538388,648.6447581521523,329.26365987673665,0.18207325910011374,613.6010620852422,342.59205773379676,0.9515206478434673,683.8613596402216,410.0679284661779,0.9694901011685113,566.5120807347106,429.6584771485746,0.9798471976471604,710.0738910948792,511.97557263919015,0.7457813953366725,543.9254833700162,543.4429567512027,0.8678696865401444,721.9091368535815,593.2820570440585,0.5400477394094435,573.2832576138355,595.9500168049167,0.7273982377341002,675.0420365956985,585.8308356777906,0.4817830752427749,604.8478744016653,598.6080067981203,0.5063084833182904,687.3717318317333,626.0035709816275,0.03283249065679613,631.3614616296957,640.517712811905,0.03716193646267801,614.0970762911892,653.0634127690578,0.005407653793217844,660.9303872552281,657.2840099743696,0.005467014858584346
386.0,666.8454556478994,335.5467277604426,0.9608646913553895,664.4754761788317,322.4413156210757,0.776915967366707,651.333057676455,327.38373718372384,0.9668282507443541,649.4328691488467,328.96830371334306,0.19250437219397004,613.3431246583542,342.5178390084384,0.9524253501889045,684.1197567814614,409.9604409745377,0.9706355932652165,566.473820073643,429.64937014715144,0.9806640634186228,710.0001369222235,512.016629023375,0.7491518974022614,543.7154379815908,542.9666175148551,0.8697038033771385,721.7715306596731,593.2422749480651,0.5434410614022587,572.4942842876347,595.7452351596187,0.7294179669702883,675.3178361698033,585.5561947052513,0.4905817371025177,604.8872218633473,598.6130249816954,0.5154032749273765,688.134558106369,626.802691614477,0.03380569199103102,631.4939701664041,642.5389486822459,0.03834069848592809,614.7123195324297,652.7461424823781,0.005540598986124741,660.4954806989425,659.2528246173582,0.005614224515416486
387.0,666.3021214134271,336.5245214212653,0.9629739311205837,664.276701472866,323.1790921546979,0.7919751160614814,650.6215959397124,328.3163495060802,0.9682314792993819,650.3337467387196,329.13804606456364,0.20594856574174242,613.0234309647826,343.01990444443834,0.9520301400590341,684.5463034487605,410.16364889831,0.9716644176937446,566.6083346740586,429.47520282617796,0.9810710448749729,709.7869413394457,513.0832789809134,0.7535772141075112,543.6235414594317,542.4222991686103,0.8697697149819326,721.5780968899799,593.7430417281372,0.5479668451590606,572.3706065754305,596.0544530261461,0.7286663717004348,674.6693364083587,585.3142611489379,0.49856970517830607,603.913449244646,598.3197679483942,0.5218612537597439,687.8314946321079,626.8678685084026,0.03498784592622678,630.0958538997563,643.2506825450662,0.03948029682557513,614.4359341719488,651.5117111308281,0.005754604285519392,658.4798463291331,659.8179013265254,0.005817285321970732
388.0,666.1749539227083,336.950191446491,0.9629031885652014,664.4203127517371,323.7457954774008,0.7949068050078089,650.567002189122,328.53514665749225,0.9680435598690917,650.7178917970523,329.8593882161127,0.20965862530598967,612.8949300386316,342.9487312433239,0.9510485789844212,684.5990779485909,411.38056084762843,0.9713602824610643,566.2850812020263,429.6271979731917,0.9803624415891855,709.8954248989776,514.6277972654497,0.7498778330186521,544.0984375803502,542.5588959962402,0.8637279778449062,720.8625609554339,594.3986644588284,0.5437450530496133,574.2649150004203,595.7074817991344,0.720497695034941,674.5089618661551,585.901892487021,0.4918112634722505,603.6218482227548,598.4470647893262,0.5124729954445048,687.548702234185,626.1244900595381,0.03534442225150826,630.1126760038167,641.7808058757622,0.039497476964752413,614.6746602697435,651.4717335630266,0.00593958834356444,659.807516146557,659.3656386792732,0.005964870451325904
389.0,666.3274456322769,336.94839276961056,0.9621866750599849,664.6651637561672,324.00710663180394,0.7923138172895253,650.9378707490707,328.3746245244045,0.9672481050971691,650.6926171156293,330.51430937284425,0.20886636326329083,613.1951198290581,342.68357036358805,0.9503048801215768,684.4117633898511,412.2738808761528,0.9713960812805624,566.0069211503929,429.5686211773841,0.9798481641762259,709.7434531275029,515.1095540009277,0.7522242995298214,544.208499809532,542.1210137737547,0.8609260999536306,719.8951846664168,594.7359858974729,0.5465746453547445,574.5202563057809,595.3933653281273,0.7175382243471253,674.27589323207,586.3716509965593,0.49109425311030963,603.3697518669459,598.4454128690317,0.5083427104640945,687.1837839145475,626.1360359502357,0.03548210851076792,629.7857577819572,640.9149632176897,0.039122010807409506,614.8015000254827,652.1223995485019,0.0059650647964209404,660.5020718040392,659.1816836005642,0.005933143076765377
390.0,666.449785327201,337.4013183914762,0.9603842302732999,664.633603719753,324.6272863057458,0.7818574360982903,651.3891237325023,328.7818754007907,0.9656086522227935,649.975005133583,331.23693582804,0.20247877856014182,613.5682777109039,342.9008523478799,0.9494666998687618,683.8707478596583,412.4803729240382,0.9714517393383111,565.8735599478316,429.51400249123145,0.9797526411192811,709.4149924950771,514.6487242663172,0.7596375281241441,543.8551291325024,541.6881700023835,0.8643932532874516,719.0339589682288,595.3660277726299,0.5563815363911165,573.0589066017925,595.8185540971222,0.7240331914907963,674.222589733678,586.6200749722337,0.5018753169737952,603.4987267006313,598.4283472324669,0.517636929232162,686.7349738740648,628.0659423490747,0.03617801683905079,628.8456873049391,642.1158987210814,0.03961535256779485,615.0832303312397,654.7526630608755,0.005944593297706602,659.8366467704882,660.7622756126382,0.005883446038914682
391.0,666.5916585200483,337.6442683921783,0.9607455108541662,664.745618162684,325.0272675229216,0.7809802804306267,651.6189272023432,328.98815375780777,0.9661965611620177,649.7246652856551,331.8728441614505,0.19912947911188209,613.598275309413,343.128375124613,0.9506235259467002,683.3942850086777,412.98726146289744,0.9715187469269501,565.6914685239633,429.3744634742051,0.9800726387084291,708.9711360798672,514.7880686714535,0.7622149695501903,543.0163264553789,540.8931001423254,0.8683792471636513,718.07499988779,595.9935562969029,0.5606892805085344,571.0671035932179,596.4572289768959,0.7303782727147616,673.628064977424,586.9493367238126,0.5051038950724436,602.99511733695,598.3782743383423,0.5224471895043699,685.6331509762234,629.6480111697692,0.03580159725339467,627.1771657817638,643.0989406505709,0.03936634548897599,615.2090808752797,656.4361793376843,0.005789100652644054,657.895774759295,661.9391500241376,0.005741584428436012
392.0,666.7435500499313,337.4169916146343,0.9614548681302222,664.9462954861427,324.9122671953606,0.7834336704999699,651.8749820240074,328.654623571121,0.9667280732334524,649.731727071874,331.86606893766526,0.19964158002655927,613.7156031389676,342.6294945390254,0.9512009533056606,682.9286443453241,413.0682728961344,0.9721530200342807,565.6684514822766,428.93012297467277,0.9802336095410901,708.4540680581673,515.0946740257925,0.7677195945659375,542.6035442827321,540.6910827114029,0.8695526512580294,717.7064090528281,597.0602393210708,0.5670308322701835,570.432920776295,597.3799302565346,0.7324317359080234,673.3183407851662,587.4614917246608,0.5094303523945238,602.9589992029726,598.6183414281069,0.5246649268414288,684.4897104773532,631.3687596093998,0.03579168752013643,626.1846522193075,644.3465628326884,0.038993708485381494,615.0921258283455,658.4808557982824,0.005697342881898684,656.8929499723454,663.4936167843782,0.005611291889339617
393.0,667.0820585178701,337.00841246507986,0.9596329891690127,665.1727089719021,324.8151695757811,0.7714776574034288,652.595047079056,328.09046024197477,0.9653452984314927,649.1033375657687,332.1579092534833,0.1921654888314942,614.3037307174853,341.9098092184275,0.9512912750157704,682.5197621175645,413.57075447955333,0.9718939424858664,565.4985643921254,428.85156004511794,0.9803969220344484,708.4819079176556,515.574657694665,0.7665143239242422,542.506927932134,541.4701820018572,0.8715854551580647,718.1821272442527,597.8602844660359,0.5633708309063905,568.6960761669192,598.8075469516933,0.7333598012617383,673.4540464256428,588.3925696704183,0.5109884406400748,603.4464420669052,599.1008849281783,0.5282491380535373,683.5608971496752,633.9058776312253,0.03555198548648824,626.1807370520509,645.5709609981504,0.038989358487139004,614.1123003612121,661.6224398750422,0.005595089869392153,658.1340700151109,664.9087348856743,0.005536821746033357
394.0,667.1020010708645,337.0958726091055,0.9575595243955749,665.163330177564,325.07531243626255,0.7606623309421306,652.9841620774502,328.0149552853227,0.9634701081137755,648.5983834800224,332.5241230613748,0.18790335906039432,614.731824069182,341.47144991918776,0.9501158681439901,681.7529099262595,414.23040209529756,0.9717303749485043,565.3071554420217,429.1356970411542,0.9802261394247261,708.3767408018246,515.9714982054755,0.7691198592587557,542.8014055274625,542.2385916581356,0.8727585708334652,718.7662876403106,598.1738059169519,0.5676106198834449,569.8722968460593,599.7704390907601,0.736024824152866,673.387818853896,589.6695535959749,0.5155898716071539,603.8993148288142,600.2457941304629,0.532003191354978,683.2201721608906,636.0701838502046,0.03594354141675501,626.8051448934826,647.266362203122,0.03934394458038374,614.1307206668422,663.9846183605102,0.005592673820084893,659.6319037495639,666.8454246871496,0.0055283691680704985
395.0,666.7370040803271,337.4377076266308,0.957693069699014,665.0571472619681,325.3976970140794,0.7650660995831353,652.8165863111249,328.22864896816344,0.962622195251633,649.040293363095,332.7523444668595,0.19589254080184496,615.1092930283125,341.37313331748635,0.9481485808386964,681.4151081956205,413.82319240722876,0.9731708022457007,564.8224001284198,429.1873248015273,0.9803155015639794,707.395538975715,514.7323763148748,0.7842947505233315,542.3292529271523,542.486649051611,0.874061776893785,718.6484770879397,597.5021569184755,0.588225836941317,573.1693103499667,599.1002486263108,0.7409866516502029,673.0057599060877,590.0122830887208,0.5359097446966599,603.171928572336,601.0164382959034,0.5448841758139213,683.4883055813812,637.4038250564232,0.03805758295205788,626.1521169470711,649.4990246361976,0.0405882565316223,614.8282146383708,665.103921791627,0.005775956307002618,658.7337790340762,668.887088206074,0.005610712747097206
396.0,666.9178848373075,337.39154579265903,0.9535373932708995,664.8493045144713,325.4318183593324,0.7427209265043936,653.1796188347863,328.30979931282377,0.9592716836229436,647.9821812491174,332.9482828396359,0.18388507567090207,615.4330626467539,341.7086169371723,0.9468482498568886,680.9829934568238,414.23209527607963,0.9718878755477329,564.5811033010715,429.6680958505922,0.9798508170063343,707.0826767467013,515.3276080815825,0.7795161308520551,542.7815618548358,542.9503365240256,0.8746727330944134,717.8231804112517,597.9284803081292,0.5822402855750113,573.2962582347164,599.9291707661549,0.7412206502240544,672.6697907676701,590.1778741992815,0.5290070527716092,603.0825671685614,601.2213008786462,0.5408048135058711,683.142237771283,636.1021257759195,0.03712795470478006,626.543590732193,648.2646929520241,0.040010002424663973,613.400647706943,663.5090990528805,0.005670887629523288,660.0762720245367,667.5643741362506,0.005543305210124207
397.0,666.9278325158145,336.9258279965406,0.952880931753028,664.8368962644341,325.10096216265924,0.7400894759685881,653.2153978121667,327.85893561989235,0.9584129279027521,647.8572964363107,332.861279195164,0.18297569843396513,615.4451333506245,341.407959628453,0.9462870470677898,680.7753467377989,414.03743433653284,0.9720780758695432,564.4748467319226,429.77656110246653,0.9795609382454556,706.8272578323706,514.5512521352601,0.7816766556195516,542.621161462252,543.4554108531926,0.872672321887664,718.2513805759722,597.2605772170671,0.5843260133806344,574.3505551456665,599.470921445502,0.7390428490036669,673.156152056221,590.2206743124443,0.5316833796705654,603.6997907189965,601.4424220236722,0.540437140846751,683.8833249141469,636.1308250956142,0.037694386729291214,628.030894993213,648.1496185181005,0.04017780257205526,614.178627559017,663.8700475605064,0.005752674001147987,661.673398308741,667.0694713361391,0.0055812045497619315
398.0,667.0729954896664,336.8754296467194,0.9515789210853195,664.9227740533627,325.1899751983114,0.7327766321073375,653.6884092672111,327.6456882150395,0.9573068556833719,647.47247854713,332.98103322766207,0.1798488445248257,615.8915288210861,340.8134428620667,0.9460719904286589,680.1073607635991,414.08653593598797,0.9720673532159368,564.1445103729138,429.6759264170195,0.9794537649494246,706.357473262548,513.9652675297151,0.7835856083891118,543.0928729339641,543.7616920993003,0.8733039712886144,718.8786229178789,596.6054647565052,0.5876730540198112,577.4061429188462,599.2746988791532,0.7410018540325087,673.2483635275407,590.2161202451164,0.5335610955194576,604.098482140103,601.4420780348486,0.5411874994114144,683.9097662517088,637.7615300613309,0.03748925695280039,628.6979540683514,649.4011963875437,0.039840643130295644,614.483825086775,665.674484152362,0.005640112564026254,663.617813250409,668.2233645847912,0.0054593154215735705
399.0,666.5279821301,337.4581485556093,0.9558628190742848,664.5137436931267,325.5061700944822,0.7558365376605665,652.8932770271009,328.2148321425374,0.9608807895294516,647.6702118312119,332.8244342810792,0.19184329340442252,615.1336578331886,341.2190826906542,0.9475517093097242,680.2006039218367,414.10803547113414,0.9732485660422932,564.1599355213945,430.17037314942604,0.9798179699498598,706.0398533671406,513.573880428219,0.7851565607113354,542.155195802708,543.969903932802,0.8701419089966564,719.2982151337321,595.8944562355535,0.5867631398977674,573.9119978435834,600.2013853314387,0.7343429276874549,672.7689513250037,591.225448229473,0.5395868603376726,603.4926074167761,602.6174793802329,0.5443248973703612,684.2321415753139,640.5824196613061,0.038401457101277695,627.8751572033275,652.4347001712395,0.04035516603964946,614.6572494501407,667.7634031526104,0.005786676760001441,661.8495124221387,670.497207818438,0.005563854610619554
400.0,666.0218957101906,337.7230927740672,0.9590140383132647,664.0783796118541,325.525685030543,0.7717005026255129,651.8660024754823,328.57963001982324,0.9639320381143667,647.7900129931213,332.65448044913694,0.197609357001127,613.8148124154421,341.87852241520454,0.9494411358491913,680.531023615581,414.19120883689317,0.9735161198132717,563.9561552510708,430.2850214147719,0.9800389197594113,706.2763347522568,515.1910360203274,0.781337924821662,541.2512814980581,544.3302923564003,0.8680816225754067,719.6202836489049,596.9464065431002,0.579658768436815,570.968603368052,599.71527988686,0.7299142584968076,672.6700780111144,591.5331226070671,0.5369550976107035,602.9132849000993,602.8777816325426,0.5426234918582991,684.1620239984978,642.3668674630514,0.038070213478477215,626.7494069752184,654.358310893045,0.04010821376514427,615.1243249358002,668.5951731953472,0.005767764790006598,659.3582448830332,671.4648114081167,0.005555177750286879
401.0,666.0721529327648,337.48789062259686,0.9591562275544693,664.0936965961266,325.51255304899036,0.7711796507504599,651.8179498737146,328.2857719843674,0.9642258133275363,647.4214097235339,333.21734114794725,0.19387155880071524,613.2604029037084,341.95715120663044,0.9501414385943989,680.2597889189352,414.6217936370357,0.9732975714964657,563.3663964574371,430.6582129241708,0.9795414000023963,706.3209630402207,515.8253073479323,0.7795855297889852,541.6263310927576,545.8480198782619,0.8648768901468088,719.5221775648196,597.7920766474801,0.5773463508470245,574.9866568918968,599.6534997744839,0.7265100657290956,673.5634252993951,592.38925631744,0.5295637878311007,603.5409188066866,603.650397469425,0.5332701192820855,684.2253243301667,642.831542651927,0.03722540460336426,627.3145866911176,654.0000680966476,0.03890133129158293,616.2669948970037,670.2390695020209,0.005658166258280446,660.3398113306343,671.0411132796503,0.005414608891345742
402.0,666.0983476720352,337.3128818969427,0.9568755136834888,664.1408772298356,325.57858221237893,0.7611273644049652,652.1403917257013,327.9464005425491,0.9619156287368233,647.0692805870273,333.67727028298435,0.189840349861964,613.6107569328959,341.5438948300145,0.9483121647102691,679.8460919536129,415.01053965761764,0.9728486521388097,563.2228321562412,431.0525263561317,0.9787308104347144,706.1461334509203,515.3601478368063,0.780285215962605,542.3096447871337,546.9561114599325,0.8617192826077543,719.5282659847235,598.1611164747619,0.5788576976197605,578.1613366883514,600.4944951854881,0.7233850965685056,674.3257073646164,593.0383807612125,0.5255532400336375,604.5682907581682,604.2698147013222,0.5261315877479856,684.6171644999247,642.4733930852188,0.037001900092016635,628.7413136356851,652.9154715843849,0.038229715826059454,617.0174919815236,671.2502737477947,0.0056374434560337375,663.0335509746363,670.466220015171,0.0053543604606960575
403.0,665.7313415817779,337.5477112552508,0.9578076503530749,664.1098761496756,325.7258131335711,0.7682364500908777,651.7085603267038,328.0387082153154,0.9623583080533219,647.7441899619805,333.5650272017946,0.19611135277423344,613.2816325010842,341.2496295397921,0.9475257980905697,679.9367166796078,415.47505502807337,0.9733483611073976,563.5001827751944,431.2995506941443,0.9787335942090709,705.8729720808091,515.855471333653,0.7842535060055683,542.3822855027913,547.1258182779053,0.8613138768906136,719.4059033672502,598.8795873741057,0.5855008504766025,578.0700793446952,600.3982294615507,0.7246966612670958,674.3342511691194,593.9063051611914,0.5314907268189636,604.7159245911338,605.0121961040072,0.5297571756091561,684.3217860863462,644.1403847413663,0.03789810002694712,628.2691576604429,654.45267925368,0.03884245016858152,617.5748127057756,672.6240241173483,0.005740585638504282,662.56113826807,671.7654191749723,0.005425982182511556
404.0,665.7971110524867,337.6359035518769,0.9573527623828221,664.345722301256,325.9581617414388,0.7666941442870018,651.9422300724485,328.0278189243452,0.9616904175296974,648.0988322827723,333.8293225685008,0.1972202282088043,613.6800124573448,340.9512729870671,0.9467448175828206,679.8449664069763,415.6766081184315,0.973614584861455,563.7889670187669,431.1824418862529,0.9789053166287264,705.757260412872,515.4490641470638,0.7886159495079443,542.5192304926694,546.8477853246743,0.8637051497900838,719.7989911044601,598.5300439681151,0.5921563282284612,577.8527643716185,600.66236396688,0.7286710361687027,674.3174058071619,594.6633185369408,0.5392977265801971,604.942257269856,605.5725646040269,0.5369532696029137,683.2383415302355,645.8152514853003,0.038507687591079816,627.3942417874669,655.8250788349823,0.03935446524392521,617.1882813262957,674.0501023418695,0.0057556350255773365,661.8490555967433,672.9984284859203,0.005431986362070786
405.0,665.7227705725504,337.713135212157,0.958798534452524,664.350809736783,326.04319250580386,0.7739029233015311,651.7596190499902,328.11946008957307,0.9628826576654499,648.3457590008994,333.9695267284768,0.20164509558439014,613.576704840222,341.158100423934,0.9474490828644101,679.8004916018447,415.83185480625,0.9742214922211397,564.0024052055147,431.3410018794204,0.979342438710375,705.5583877603873,515.1643095365918,0.7922271560207768,542.2296574702648,546.6797024180648,0.8657006649252348,720.385452280139,598.176728729966,0.5968063155720414,577.4519801198547,601.0656834049547,0.7312605364356063,674.0354773957887,595.3365234395767,0.5473819001903829,604.7134694960655,606.2211676371783,0.5445442946759587,682.3030765228272,648.313622138033,0.038972411454156315,626.1958066091341,658.3540089619873,0.03972765933416432,617.0541479962966,675.9122295784622,0.0057406425953513765,659.8087992967882,674.8593241325659,0.005409561062305127
406.0,665.4100235933779,337.74998152837657,0.9583833226912594,663.9069081611642,326.00339140735105,0.7725475812715259,651.3398837969617,328.2319041090681,0.9624536048493777,647.7407318020221,333.83012258117753,0.20059074742523494,612.9314341431808,341.37143867307384,0.9468076427776927,679.4438208592965,415.97011505188834,0.9740230778810307,563.6389623530808,431.48833790941893,0.978819161617915,705.652946860979,515.829181360641,0.7920115959587658,542.5184581002096,546.7520293675443,0.8628550430267369,719.9642653796028,598.6323528977399,0.5963068975465443,577.4833465330753,601.2811420755602,0.7274835490071127,673.4785703774223,595.9616970504128,0.5457886307778241,604.0903584703675,606.8420701738321,0.5408889774612032,681.8706544105212,648.3488033474517,0.03897565475452821,625.3069392153221,658.550037019702,0.03940140367881407,616.697002705403,675.3849070118571,0.0057780830275246595,658.7216864036243,674.7014035038458,0.005409534333498689
407.0,665.2332997869212,337.8790263947652,0.9591951733898052,663.7023761752073,326.07775174076994,0.7783927829886957,651.0429659981816,328.5252090247566,0.9629461077335699,647.7937718899459,333.8366375765039,0.20552071910872574,612.842075278758,341.8864761201701,0.946544494146344,679.3042420420304,415.8374690643625,0.9741792334749563,564.106754883272,431.7007669314505,0.9787028475049377,705.1984612841675,515.3022483967366,0.7923739151560385,542.323917683792,546.1779425342328,0.8608815030037579,719.3681201467897,598.1732955895105,0.5965914053703016,576.2719145066301,600.5894203955904,0.7248468189889811,673.0256331714137,595.4225769270089,0.5435283308657599,604.0562052470243,606.496120504725,0.5372989921644877,681.6154918038017,647.0302127171799,0.03882804126090207,625.7290283993495,657.795625615305,0.03904371803270015,616.4270756560086,673.4673580306844,0.005790850335188994,658.2993776275528,673.4347805101065,0.005402247418893883
408.0,665.408535664765,338.22070267868344,0.9595989847095684,663.820855849715,326.22710043748566,0.7809708353737222,651.0191293720434,328.98676688143735,0.9631512624664816,648.0359974586684,333.82157022085033,0.20679965604898573,612.8251836168744,342.5750888049127,0.9464481181897467,679.2268777566219,415.6206048270784,0.9744948000752871,564.504306007049,432.341754299116,0.9785676502730278,705.1370304557246,514.7858299316911,0.7952643150125221,542.3609862718654,546.5924564158256,0.8591938328483655,720.0364883844328,597.7694619417925,0.5997178829746537,574.6767384356631,601.4801905161863,0.7223811047767063,672.8607378530568,595.3359175160754,0.5490704941731545,604.1541971180549,606.9090180829146,0.5399788088150698,681.7893966377688,646.9865354616383,0.03984077448325266,625.8460988344906,658.9364069906524,0.039598459496167235,616.5832136528476,672.9781206935698,0.005944363800998188,657.3375436263243,674.4213640906867,0.005496343205848352
409.0,665.4209689008514,338.60311510841046,0.9598382096133627,663.8773874891232,326.5725551321342,0.7825894201573849,651.0417366827282,329.3086767728614,0.9635074444962507,648.0931993675086,334.02671551849755,0.20740144231773625,612.7484472126345,342.67670040852806,0.9466235320341486,679.1377662110356,415.86462924132644,0.9742065765698825,564.4502430279101,432.15155157408606,0.9784006891294498,705.1432621208897,515.45910998502,0.7914524420137108,542.4519812343906,546.1220985243275,0.857143735643456,719.7548362781822,598.4451431325599,0.594134060926529,573.9196196684376,601.112028073851,0.7189605692488671,672.6553366060582,594.5883811687606,0.5422439749481149,604.0338080717863,606.0086562097504,0.5340599665610725,682.169616812977,644.7211937359758,0.039671528162823065,626.1474277124759,656.6038543244119,0.03956491265438167,616.840284279472,670.729036203198,0.006029222262012359,658.0439537487017,672.5238501383179,0.005587334913384467
410.0,665.5026002120178,338.38968429067114,0.9596928648322252,663.8310950757053,326.397903353028,0.7825733066936706,650.8721963628038,329.26440330882406,0.9634723951553686,647.9717500533515,334.11679495902627,0.20479753465981945,612.2525880687871,343.15337573037834,0.9464530135632657,679.1999752041073,415.9913984654245,0.9737270673853725,564.5364238568723,432.561465442728,0.9773556831611866,705.4204076360407,515.6852720405584,0.7886829785284717,542.8201311756478,546.7672214112566,0.8508768318028006,719.4601020554048,598.6370837277428,0.5907600004962742,576.2973393805057,600.8195733489637,0.7118049296150074,672.7619309034935,594.8019685506749,0.533872994475626,604.148814810448,606.3266382974651,0.5223160892059638,682.7379216743753,644.5856826995531,0.039013994057864536,627.4392450140123,656.2720378273001,0.0384416085098231,617.80751985197,671.5387661253136,0.00598593735374099,658.5568983610502,672.2999364339017,0.005495439332231553
411.0,665.3285931056059,338.50774656182165,0.9601841947459214,663.8522865679015,326.45134120321933,0.7875577252291998,650.6594059813904,329.31333440098706,0.9635818565971098,648.4937817971787,334.10441006335793,0.21024700125758602,612.2378576975033,343.1040275991093,0.945516863329752,679.4313924841861,415.96639672499174,0.9740159329646528,564.817973334541,432.71151100291087,0.9771709108716856,705.4259508600577,515.2771984612694,0.791325707284272,543.0681170901933,547.0643314320022,0.8495016411753543,719.787798208699,598.4458829261213,0.5955267912085676,578.6078178870953,601.0142345025221,0.7114811087718294,673.0919402527227,594.848611834342,0.5383349386478775,604.4496712750891,606.4808438250651,0.5242855830424551,683.3693054189964,644.9094694594686,0.0400619356044094,628.0532840519478,656.5764021817857,0.03916463858333736,618.9146675199687,672.3647599441151,0.006152301192348181,658.8558090137582,672.7865608870887,0.0056224881904023485
412.0,665.3255981880438,338.679120719079,0.9597804378009235,663.916274929727,326.59265096323105,0.7870389798346248,650.776825554228,329.4799840012881,0.9629175235177181,648.7664086735407,334.1287251246634,0.21321027916377053,612.7264620660723,343.1319500105148,0.9445656657214737,679.6467579606825,415.9288733935226,0.9743277359115654,564.9488202742651,432.72176956426966,0.9774048963368912,705.5080817995145,514.9877790114454,0.7950413405653186,542.8589712395888,546.6685695319,0.8513249014758127,720.0702395105943,598.2762465287454,0.6000890285566097,577.0912018805519,601.4769422446582,0.7134404599479768,673.0452347114491,594.7984421158388,0.5459060770329548,604.3155483457658,606.5296820298488,0.5312916242054696,683.4073251950743,645.2519101514458,0.04085731905794637,627.5300470591641,657.5071628563877,0.03985804320370569,618.6537344185767,672.0037637420523,0.0062281442171715105,658.393946148892,673.7059287260595,0.005686223876794212
413.0,665.4605195965524,338.93320299737763,0.9605746036103703,664.0647522571277,326.8905004163425,0.7900494169601154,650.9753700919943,329.6642118045111,0.9637054289440786,648.8100850520817,334.3140804161351,0.21480755491273298,612.8390229112347,343.05807880099707,0.9454269827609093,679.7252472422792,416.0874673887753,0.9746905510399488,565.0900907037685,432.46763357140026,0.9778782812487162,705.6210766793629,514.9968644654233,0.795918227885843,543.1103999404505,546.1736035042627,0.8533128662986537,720.4473040982758,597.8166052964233,0.600843302791273,576.6543666711599,601.312021741177,0.7155109421235597,673.1983242456014,594.7669803363877,0.5487024036908881,604.5267674870096,606.2433673999075,0.5351115815926661,683.184460636268,645.6777800012184,0.04112053845678945,627.1517794253552,657.398409846175,0.04024563651522862,618.5457723795706,672.0745463135115,0.006252156100800958,658.5030179834883,673.3116606955583,0.0057231759694131015
414.0,665.71897073501,339.2091013783922,0.9609846016141581,664.2496044485607,327.18417028256675,0.7905178288856348,651.2584980603572,329.92740890433635,0.9643666291947489,648.7832337628912,334.5523843802283,0.21356891471151984,612.9906706501768,343.2453895290988,0.9465355796435362,679.9964211724891,416.1789289540973,0.9746303328261197,565.2116093868043,432.388851213288,0.9782378363597156,705.6169789224223,514.8831301854711,0.7937640980889903,543.2163206722907,545.804429859032,0.855260755102345,720.3795582585597,597.2703409937959,0.5984536946216559,576.87150985578,600.0155355887275,0.7182169090451425,673.427379729,594.4459898339898,0.5462624545546985,604.6661961386383,605.7227547463984,0.535283787272124,683.1473002695117,645.4048814295764,0.040659563127516465,626.9628316551673,656.4951517975586,0.04017297980843633,618.3152236511553,671.8070614261792,0.006187734485229422,658.8686593849438,671.9929348998226,0.005702923133712734
415.0,665.7755928576256,339.07753606265476,0.9595062234998375,664.2073641480915,327.02082977580824,0.7849140475234063,651.3537374844379,329.95935618863206,0.9627629420449517,648.7916298852497,334.3764448114365,0.21268290276355936,613.4012258675106,343.49998003310276,0.9451771987645486,680.3269423473448,416.0893850209911,0.9745358538522563,564.776576496628,432.6075641820301,0.9778543388295935,705.7426858506858,514.6553090503749,0.794703880563067,542.0800127322932,545.3257640487832,0.8530263070869517,720.7143765858652,597.4262881170588,0.5982245436749016,574.5742000644717,599.6759104960926,0.7143072733642479,672.567681193443,593.9213730594926,0.5432896694150261,603.4280957407643,605.4529041344191,0.5303404225791408,682.4466815846295,642.5633441586164,0.04035663221163682,625.8542211685439,654.7336633878217,0.03955137726183574,616.2159763242004,668.5942202506745,0.006186430330538898,658.3521736373617,670.5304894176936,0.005662965644774213
416.0,665.7162252218268,339.0031449450239,0.9592403781929999,664.1511403925682,326.92435788319534,0.7847170284818001,651.2407497976262,329.9450395513947,0.9623509223429072,648.9142383574205,334.2526798161721,0.2137718572768441,613.40726680617,343.55069225386836,0.9443891150295104,680.5891115575398,416.16459324491547,0.9745735120536937,564.9309764537544,432.2396853592128,0.9776965595265593,705.988646248397,515.1583819127708,0.7957854176050547,541.7898747498779,544.5798242488635,0.8527323840364041,720.914555584531,597.9001374602099,0.5993581675976586,574.2038656955756,599.685258131549,0.7139237764725944,672.0718240270681,593.7274110839451,0.5454448728993772,602.827880258411,605.0600567882544,0.5316932649946381,682.5379194267415,641.8041386232134,0.04096761122730998,625.6337860192197,653.7842698109894,0.0400561206560764,616.2576308128641,668.0067967564852,0.006306959015528949,657.6410325686388,670.0050440902561,0.005764784964592439
417.0,665.8050873641672,339.10514191098133,0.9593435761363719,664.1277969281999,326.92460044141876,0.7839544533957168,651.2910297853933,330.11786089639355,0.9625201544413239,648.8270724230513,334.0676336717035,0.2129559419392116,613.452917810563,343.73868119745885,0.9448669036344923,680.678497858106,415.83798911178354,0.9748332154721693,565.1363246061121,432.2789800226096,0.9781198893380487,705.7779919956872,514.7504292920015,0.7975172647770348,542.1213410584561,544.585444044248,0.855681039059327,720.7827729536543,597.3680241127204,0.602003325686936,575.1544327421026,599.3100059218135,0.7182330349755198,672.1005022858496,593.5376291959667,0.5521148498906083,602.8751386929503,605.0183989858625,0.5392968895989502,682.9458393344465,642.5689219054816,0.04172680137348271,625.9430847201814,654.6484578887719,0.04097195187487005,616.2429846614062,668.7360998867587,0.006375616042236287,657.5999412056118,670.596179864551,0.005845402487816268
418.0,665.4868756379093,339.4516077069481,0.9607973172244779,664.0170300535132,327.13860291848675,0.7922921720168445,650.7717978782674,330.40632857197943,0.9638906202714059,649.2849804279131,334.02250914321013,0.21805172047000487,612.8816277449421,343.84081549793325,0.9452454136954326,680.8164247818746,415.59350861895405,0.9748751969423886,565.2111952205673,432.09137551690617,0.978128255098777,705.8076134403169,514.648178742383,0.7960957260537571,542.337058846068,544.5968861061782,0.8546903703376744,721.4709909151228,597.0167144543531,0.6010747067080289,576.6185333899367,599.1135428329394,0.7171792186751659,672.1127658905349,593.2218977514807,0.5489738141158582,602.7811415893153,604.701808599226,0.5363457567759361,682.5213661737323,642.3786710527212,0.04142756605150017,625.4375488980228,654.3988837037703,0.04071622930516023,616.2809379349617,668.0353252322144,0.006370511966182726,656.7239693984861,669.6699773211418,0.005846639867951668
419.0,665.7887080113729,339.3171296451123,0.9601878819760523,664.1911926382686,326.9773196684136,0.7896592069143354,651.1708402530361,330.27063324538454,0.963658345517073,649.2196619698115,333.8977494400439,0.21702152936796698,613.4003562773794,343.77046328438104,0.9453532915586346,681.0611014775211,415.88730653833755,0.9737625480068782,565.6810225531524,432.5542606759054,0.9779757342082706,706.1985919029535,515.3779411708425,0.7836258093745344,542.5652434899323,545.4030233813568,0.851654616992412,721.0629745319259,597.560331258522,0.5841795113206922,576.4739895887396,598.943351485926,0.7109972610313049,672.9030371161526,592.3833388003303,0.5273098927836053,604.0695001633599,603.9589218690744,0.5200260014780432,683.2883888762522,639.8082557704902,0.039009908735859564,627.988743488028,651.8806026547442,0.03914323435738155,616.0157035400548,665.9447045661861,0.006136865778222259,660.0884375625828,667.625741376292,0.005719942061290663
420.0,665.9533357684643,338.9924034165091,0.9569478200217615,664.1377848480995,326.89773373673376,0.7758598565089224,651.8187448274651,329.93161908622153,0.9602648787193527,648.3810040380754,334.0822041689246,0.21230429662555153,614.3533566558558,343.36989090148165,0.942973812530119,680.6843741911008,415.8732599653174,0.9735233398042479,565.5475553140134,432.4263026146549,0.9771412772867191,706.031331448056,515.1459156356123,0.7848805346278044,542.1706224582525,545.762758257021,0.8471464762382204,721.0972680494285,598.4764040403671,0.5811515513493637,573.797083851993,600.3829240964759,0.7019221313271832,672.4584528131597,592.635415990687,0.5249678560863309,603.9926610192421,604.0488487815869,0.513913109437518,682.5978922823849,639.6090666090021,0.03863953045482798,628.243140363869,651.1568772332373,0.0381819351906069,614.0642448651099,666.7605713575161,0.006075355996336098,661.5276443835598,667.7522254139342,0.00560272649739861
421.0,665.8232505139013,339.1054180184111,0.9581482202655437,664.1010729247477,326.93895586531806,0.7799931998532783,651.5969726056385,330.0385308061815,0.9613861664991418,648.5547107345278,334.0492563612234,0.2130784669019441,614.0207972336743,343.44855871014653,0.9438898864266393,680.6022068757843,415.59044504850885,0.9740817621629642,565.3929027107324,432.42836938605916,0.9776647279784031,705.9495984970288,514.2531169960414,0.790354026990182,542.2386980884592,545.2007214195111,0.8513352292510079,720.3162460071605,598.0756966791054,0.5905227701493465,573.8673784027033,600.1998086758573,0.7098553256685765,672.775707599403,592.3613546987922,0.5352014880494267,604.0819712961835,603.9867438648844,0.5238883074095011,683.5172581042821,639.7043036169051,0.039828191482838254,628.0701488508103,651.8219629244616,0.039329681141334207,615.5053004953379,666.8173912285899,0.006196845473238725,660.6711924781101,668.5880718072473,0.0057100778037770085
422.0,665.8231024752278,339.3203895593951,0.9599871668498758,664.1845049836254,327.0135611421106,0.7871283697777492,651.4027407394051,330.2531093897319,0.9633534498321924,648.9552012306636,333.94802944304104,0.21558830161643774,613.7539898554244,343.6557028014373,0.9457027745387239,681.0030394388185,415.4961568654174,0.9745583496259079,565.4047360916961,432.34746121754665,0.9785785357362053,706.1522346655269,514.2593478270114,0.791441785077098,542.0774792942141,544.7930737874511,0.8562643968180544,720.6695409911352,597.5645086227444,0.5924233860702949,573.0273315250847,599.9661205042436,0.7161960170452493,672.7891213009784,592.5941026554391,0.5441427094587931,603.6749985273997,604.2145821043274,0.5357848443294869,683.5508410327211,641.8687613482631,0.04055148022187228,626.9083576506598,654.1989659805913,0.040491721324882955,615.6386330050827,668.2119742078423,0.0062392179198024564,658.718646774254,670.4841889928573,0.005794615818013663
423.0,666.1490754624862,339.33963304869036,0.9618710487168629,664.4949291145125,326.96106427157434,0.7926176936065608,651.5130483337329,330.32523008710984,0.9656504146920448,649.2396665953962,333.938050053966,0.21380026110073877,613.6155827199398,343.97081898903605,0.9485157739259455,681.0716909425703,415.1929263106332,0.9747633910223668,565.554128887912,432.616653991567,0.9794317082466766,706.4363162892521,513.6324238140697,0.7905779633671945,542.0192129003548,545.254072615431,0.8608818483263428,721.7509944331659,596.3275682327544,0.5915903726098101,571.2359166151155,600.8664548100317,0.7214849919508234,672.9777160642905,593.3600444584756,0.5500755140922621,603.7224398302833,605.2415198073552,0.5454161714514831,683.620637834293,644.8234178150943,0.04056350423117222,626.1712818120067,657.6666602464346,0.04103584752616396,616.1637091811218,670.277440474781,0.00616179136532501,656.6403235239002,673.1182132083751,0.005772125777613735
424.0,666.0121036546407,339.3708007490593,0.9617662664735991,664.4329567096136,327.01397813994396,0.7917348002724399,651.4800718469703,330.2740658924656,0.9656328635172624,649.2842571999194,333.96111103570036,0.21366881690838735,613.7262371103789,343.7200383697802,0.9484955616900278,680.9998380377898,415.1147639397372,0.9745330136136245,565.5648333569304,432.3609731420677,0.9796784993328871,706.4594462886404,513.2781662316639,0.7886970301193158,542.3270096473727,544.775843759412,0.863361502926733,722.0567217642945,595.7298502619283,0.5915973979976746,573.6201631875888,598.9552796206436,0.7266260133619931,673.3384232319514,592.6565186726389,0.5479078227236259,604.172834547514,604.5088515970551,0.5461081400434187,684.0716366511783,643.4049139764629,0.04048356422873788,627.0241400906989,656.1203517511659,0.04146742285995734,616.7948068133122,669.2966911695177,0.006168409619820316,657.9490666189574,671.8813919512269,0.005832292662872242
425.0,665.9735487104554,339.5220038443876,0.9621394357204883,664.5075358871809,327.10960410379516,0.7934665428851662,651.400458092632,330.35155578986405,0.9662247432522469,649.5815827645384,333.90692864519946,0.21432240657378457,613.5704331211117,343.59619661650424,0.9489665361815408,681.3955716329741,415.39261578518676,0.9741256699312858,565.5758093221556,432.3948215659513,0.9798128100599359,706.8104002513475,513.9082885481945,0.7827711460900356,542.7337540258868,544.9751148627605,0.8633830043690895,721.8650084064194,596.0211616521464,0.5847374004918476,574.6225015354872,599.0166013163613,0.7260686950382502,673.4389328737045,592.7289041579293,0.5400694956175781,604.1176303321566,604.4188227537475,0.5416661813633334,684.2107902702835,642.7232265030766,0.03977791991672089,627.2853067051185,655.0747770952078,0.04129759381596456,616.5971612703723,668.7941385051064,0.006135206029800741,658.8733480026382,671.0601436294572,0.005858952558411353
426.0,665.9677930538858,339.36850461742307,0.961797967475129,664.5433509815318,327.0204398950457,0.7913010205757871,651.4328292841003,330.1742013541073,0.9661641457006048,649.654983812812,333.8889116472897,0.21277285413709543,613.6223011087894,343.38393565498967,0.9490735221407279,681.63515358884,415.71148103416465,0.9736115408095467,565.7090712663534,432.26196171012845,0.9799425870628313,707.077726854791,514.5157570886807,0.7781490724904704,542.9851679373965,544.9943557969334,0.8648327097767438,721.4548707158997,596.5652956107409,0.5789959191028667,574.6155426434843,600.4492445985915,0.7266867829653139,673.2921060136459,593.0242408408336,0.5359675349559976,603.9286335727411,604.4181160364047,0.5412672558889909,683.9466195935024,643.0373047443926,0.0392103298592177,627.0451940468458,654.8095267774102,0.04130137331050733,616.2276303703958,669.1856296998928,0.006081564166827547,658.7247020573101,671.0549229720249,0.005869807056425019
427.0,666.082620372952,339.0404080616479,0.9608400217192302,664.5794305795287,326.73581825485167,0.7877642646977613,651.5358062891743,329.9080737963958,0.9653408335912144,649.615933897219,333.7853151406995,0.21133948919977674,613.7800010726714,343.37491422234285,0.948205175230538,682.0372076608741,415.6773421573204,0.9727593151137172,565.7815946062083,432.3503303394782,0.979524101455721,707.5704339632557,514.3611771354992,0.7712847157502734,542.949512365044,545.0033450191135,0.8621365853279679,721.4989822195854,596.4478065426805,0.5702970277986714,575.3689946682132,599.6106125004287,0.7222804278706555,673.6255775369942,592.6724032678167,0.5256458490604083,604.1153872747975,604.0690145907898,0.5328133846948062,684.2215989973029,640.7543024851877,0.03843532152130274,627.6298630645861,652.3645569555385,0.04076076572937047,615.8682141800957,667.2345384713843,0.00607759296816382,659.4140315574308,668.5697746266758,0.005897295393634442
428.0,666.48497943847,338.27614043001495,0.9581328948552144,664.6727154087437,326.21453807021754,0.7734574588277627,652.2149057577765,329.2285321265963,0.9630041966295975,648.9331286177041,333.68675836543497,0.2034449526426257,614.5459227611078,342.9893112222856,0.94725441785557,682.1439215472299,415.78648888596155,0.9720074053413978,565.8158208241505,432.24217659146154,0.9792331643329405,707.7134907739224,514.3082964707088,0.7677217236570146,542.5691602466308,544.9498738697147,0.8621051702810694,721.04154917052,596.469428657065,0.5646162391067631,574.642256780895,599.3302967505505,0.7211425081205449,673.8391687765875,592.396697091487,0.5197649560114813,604.4627482408893,603.5722403054692,0.5287265805668582,684.1925697706938,639.841957869099,0.037571440528123355,628.3996576198035,650.6757485535348,0.04009565455056173,614.8348422463242,667.2444838116942,0.005947398700830512,660.8564915732646,667.3317117592127,0.0057972206110052495
429.0,666.5435083948756,338.05989172054603,0.9564833507982373,664.5720286186047,326.1359322967512,0.7647674347199248,652.3226298429016,329.1516645675936,0.9618801937139319,648.5290988964873,333.8681315649866,0.19768071425467873,614.7350275684487,343.2345793958145,0.9469912612573201,682.1181211395624,415.71564340934333,0.9709023942252071,566.0211023248895,432.2690559096482,0.9790241203362308,707.5424877745513,514.1568085338703,0.7599674085286844,542.4801827970884,545.1488089762303,0.8619322424102631,720.4877034230948,595.7134587880221,0.5543612305850941,573.2581445742858,599.4612315509706,0.718935038703398,673.6273222321921,592.1280257580187,0.5124871285177465,604.4320725552554,603.2253364767225,0.5254240038815496,684.0609507128637,639.2868493594489,0.03673428267306763,628.9025259518024,649.7083086226413,0.039773316776027474,614.1041042730947,666.8684432225677,0.005870694545842211,660.9441036589811,666.2462076351344,0.005782946925352894
430.0,666.7876720004994,337.48082722051066,0.9526232073383797,664.6359574717609,325.71326172770154,0.7466976634987843,652.9345323870618,328.53742881613357,0.958012322895993,647.9263622620698,333.54088239410356,0.19059614987379503,615.3894100438587,342.4366552605195,0.9445437474248034,681.8022158395547,415.5419609073501,0.9707638338177863,565.8914463844318,431.96624926281174,0.9783131640009269,707.5383460587487,514.3015258565306,0.7651879333150258,543.2633725584722,545.3878981399414,0.8601852032616817,719.8397748756906,596.188496078958,0.5599430481316426,573.0338587112611,599.7948187666435,0.7171360236022389,673.6696450234068,591.6071499830242,0.5118634536884561,604.8207010515093,602.633069690089,0.520582862089797,683.6737250905194,637.595428782182,0.036551596339706574,629.4719780261768,647.9099621819513,0.03893617485780322,612.8366803521707,665.2534035776196,0.005805491288392166,663.1716975895496,664.7447512809066,0.00564877603256112
431.0,666.5350638041485,337.5357188174286,0.9544001158248318,664.4872348611154,325.63960723953755,0.7561161402512031,652.3859570346723,328.6225790365644,0.9597608032577915,648.3221436350276,333.38043616660565,0.19360331226284536,614.7531679264744,342.641306946932,0.9450278931391108,681.8399779903359,415.3806279571339,0.9703652432309463,565.8540411692907,431.7929298226846,0.9779487274061146,707.3270019751902,514.3340705091974,0.7603026356860808,543.3992062140783,545.0558606616457,0.8574808689493899,720.1919695102996,594.9911064695257,0.5577605248762205,578.2738173358904,596.7925797041473,0.7169036341899973,673.8144027169461,591.033571290515,0.503437059668536,604.8073962396514,602.2286279649044,0.5124235625519218,684.9783820021727,635.5574172546576,0.03637004697024441,630.9612764522842,645.98633523934,0.038889875583090476,615.0293882193607,663.8764194422014,0.005881598110275763,664.0609619352031,662.980894228714,0.005737890858833262
432.0,666.334929132793,337.79111666043667,0.9544605179185992,664.2977301258582,325.71992788901406,0.7570946652225574,652.1566725607731,328.8930228650301,0.9596691733231447,648.3910527973084,333.27486176277125,0.19563550637294658,614.7590303582808,342.8850705736608,0.9447860019560549,681.8632943751029,415.2155962601621,0.9708029955072434,565.4636039875032,431.95549423815567,0.9780485112756246,707.2089262981048,514.568946354594,0.7632535034927872,543.1932619346333,545.3558830847984,0.8576983460911137,720.1379245818796,594.5134763364258,0.5620003345742187,580.150495656027,595.9173835093383,0.7184454202543771,673.710909764007,590.6102672916097,0.5052132346696626,604.4545924425363,602.2108474301018,0.5126527769821053,686.2572512928517,634.8111341020059,0.036536667620334654,632.3825572451866,646.2223162402852,0.038957049197006,615.362259137008,663.1406622478719,0.005879476011150582,665.4221608853546,663.6914804820111,0.005723200102681774
433.0,666.0636734987587,337.740475486123,0.9527267574230432,664.147276914202,325.73191666165695,0.7513935628413642,652.0867872580234,328.72725086530215,0.9579812428072454,648.3160965387914,333.2776496764002,0.19596719625253733,614.9738232377839,342.4498440803954,0.9432412240213071,681.8334663245197,415.22082023210896,0.9702099741722704,565.1806026169811,431.7633065566286,0.9778573030362866,706.9633726819903,515.248478043033,0.7589322598053614,542.990802601144,545.8607104886994,0.8560636644157921,719.3927557078019,594.9192491227764,0.5542353711987437,577.5892292491336,596.1945634708305,0.7133389584952947,673.6610246278041,590.9854736693501,0.5025269720604296,604.3476710660364,602.4530967150441,0.5115488538807789,685.5660721549328,636.4969004222436,0.035917514891638594,632.1046873897877,647.8860393947799,0.03850656342015203,613.8343594179394,663.7948565399836,0.005775427818200899,665.8968330387955,664.8270046897907,0.005649573464627932
434.0,665.9783781571317,337.6595402861786,0.9542353790303738,664.1415231343389,325.6909782527318,0.7575229676212959,651.907664966968,328.6736445659932,0.9593583113048948,648.5064568070707,333.2833143905633,0.19848490468409175,614.7515324408539,342.45458938558374,0.9443615136409118,681.9993150086465,415.0102446836948,0.9706880813326675,565.3001370905846,431.6301796182214,0.9783899334385716,707.0417310751236,515.0966277225735,0.7604325243771943,543.282802609191,545.9615647743852,0.8583380037413044,719.3115397658397,594.3797125674508,0.5563281069671502,578.002201031184,595.9180322256881,0.7165274862861559,674.1326280900657,590.9033480898249,0.5055659508790529,604.7073147851057,602.3675844009422,0.5155791476913977,685.6394609186491,636.9387432124053,0.03603964063897044,632.0430552906377,648.2471046375265,0.03876950185590534,614.3953269370155,664.0782380912077,0.005761224577594431,665.5832670315745,664.8623456978821,0.0056513124938330625
435.0,665.9034717591652,337.6325467258952,0.9534264316784323,664.0570040661345,325.74989410862065,0.7531695135989704,651.9362087686394,328.61674449615674,0.958658172648056,648.3149625747883,333.4008907026339,0.19631302021325964,614.8088439385839,342.31423491465875,0.9440118383478329,681.8635644655591,414.9349515988053,0.9705281236940818,565.3138696319096,431.46717388531493,0.9784328057953476,706.9954791169149,514.5275983964012,0.7610036083405578,543.7403632812935,545.7090616426738,0.8602595473250331,719.4496726245552,593.562800845114,0.5588492518381548,579.9602344321977,594.9250100980578,0.7206157034065425,674.2719195823273,590.5689678427915,0.5075199515994565,604.9408776420662,601.9453567238672,0.5183996502571319,685.6052965259984,636.6004712144949,0.03633549736766705,632.3279440023591,647.4654521348126,0.03924272028528419,614.5609201177818,664.103015955431,0.005794471662288794,666.1845082814777,664.0582923603301,0.005701407979620512
436.0,665.6712966095445,337.5369676112699,0.9538685124759281,663.9282958355616,325.6398340626194,0.7546349439667268,651.7083022497662,328.474249243009,0.9589515189762772,648.3786404259803,333.25908579696784,0.1968203428216912,614.5997272956705,342.0544876949117,0.9441160874359513,681.5774050843662,414.7187706790132,0.9709132508245629,565.251080224318,431.21247152135834,0.9786010933488323,706.7390128505381,513.9757267161053,0.7653798246789338,544.359468434779,545.0082596596374,0.8624138882703927,719.089640790316,593.007130066255,0.5670995128143141,582.0993367141289,592.8938290254091,0.7267800922392269,674.2887540483937,589.8795821592752,0.5128125874142173,605.0456326375479,601.3129032080245,0.5228024817371137,685.8157147308314,635.7260628880784,0.03711824618606663,632.541021596043,646.8338663580925,0.040005745203400805,615.3303251012261,663.469696427772,0.00588426589395275,666.4374575297356,663.669038049105,0.005778995549789885
437.0,665.6681712437877,337.56696629592244,0.953622492180018,663.9437782830947,325.60866505859457,0.7539529091909498,651.7038610339953,328.51554350141987,0.9587112276649465,648.5367322556075,333.1572691404868,0.19717728049078395,614.7041234594569,342.0756962942834,0.9436801926689476,681.4740230534891,414.5466000926033,0.9707768704075329,565.2901454309135,431.1339099497454,0.9785505988984917,706.6137719794591,513.8311239639319,0.7660051055301694,544.8257525877954,544.7890519073923,0.8632277692510681,718.740803544347,592.8896200630779,0.5695848166192626,584.4938189151492,592.7488879964887,0.7289696683970953,674.148659347676,589.5644627418376,0.5132078832020579,604.9427024736916,601.1675038828984,0.5233331422112049,685.8469988374386,635.4729745111927,0.037070248014894766,632.7359215998125,647.1397976034405,0.04001671412887258,615.4653787756141,663.0267650754672,0.005861876714774481,666.3816365425678,664.1299691506844,0.0057618862081437044
438.0,665.7768932450397,337.6710480537662,0.9535799865389754,664.0031301504545,325.6049716298405,0.7537224078381849,651.8289745949137,328.6253711215527,0.958561023630561,648.5197207170874,332.93603763057644,0.1973762835536703,614.8177898284704,342.0716376100787,0.9435713390029921,681.3714726440652,414.2372496101758,0.9710593767798528,565.3246372590779,431.2615004139605,0.9785283540788172,706.6615393200498,513.5212835417326,0.7689389386674395,544.5847710790907,545.1869086181812,0.8628320888822647,719.0562708190033,593.1769270343952,0.5721710409683125,582.819024274831,594.7579870841804,0.7275344762913524,674.1283680998208,589.654784938949,0.5143655024498247,605.06804559463,601.5029059261091,0.5226785788215688,685.6650748143172,635.8598035519381,0.03685425950577242,632.5947570607495,648.089994621181,0.03948307234805873,615.0046847859649,662.9002304866352,0.0057926803992385595,666.2717453120009,664.9033487292807,0.0056613966231692054
439.0,665.7119776398547,337.72609384356906,0.9540900650342007,663.9877696393077,325.62685805530623,0.7560870940838789,651.7111306483595,328.7009692295213,0.9590337289180008,648.629848007137,332.8994570509171,0.19816001208095627,614.7066944816396,342.14491392919507,0.9439150274654049,681.3745288388869,414.14321984608927,0.9711105075481401,565.42580670614,431.3581007952957,0.978588487822783,706.6750370368513,513.3745555145837,0.7683726913776787,544.3309376501437,545.1575945826796,0.862342546505253,719.1641914132507,593.076570529516,0.571219993225455,580.6713019734393,594.4875483624323,0.7267371845455299,674.229399195379,589.3243995058972,0.5126103178399264,605.2861784511045,601.2598804457394,0.5211011584529505,685.7143434459213,634.8645001541402,0.03683288995040476,632.6803517543287,647.3885539153977,0.03945737562127326,615.0540535273469,661.7705702107488,0.005817816098610092,666.3034055365875,664.1856916867357,0.005684848493742304
440.0,665.7320001126099,337.705321802985,0.9544269911976709,664.0548176897126,325.62439121129967,0.7563463779661347,651.6794629481861,328.6489419663882,0.9595015370714768,648.6907479351154,332.9808501129078,0.19664671972554718,614.5101382838924,342.10847961107913,0.9445180449314449,681.3667791317057,414.16048918815966,0.9711644276089048,565.2007003319823,431.0875092147101,0.9787523464273217,706.7503549631712,513.583552972429,0.7689482670035553,544.4418118527735,544.7579426822266,0.8639059569748083,718.6626204311856,593.0697241627629,0.5728989433718934,581.2994274589839,593.9015329059567,0.7298271229615624,674.2971016548869,589.2695490391678,0.5152352574709059,605.132529535447,601.1065089515077,0.5244699321503937,686.0418335283282,634.7195652980216,0.03727698088574904,632.660995176474,647.164758405142,0.040054310293900115,615.6358920376272,661.8889138643702,0.005884674120440806,666.1404229945107,664.3551260547865,0.005760390073200205
441.0,665.5102983193555,337.55092347998897,0.9560302514989515,664.1429418604816,325.582083536639,0.7655254010508404,651.3968161919804,328.4149643073035,0.9607912450446967,649.2095964338317,333.12326435900997,0.2012766921790402,614.1714028997636,341.8269914946623,0.9448511231722494,681.341003862459,414.3002961203375,0.9713974569243998,565.1146230640552,431.0032543252218,0.9785229153599505,706.9441583668993,513.5778936006714,0.769033229809627,544.0760535312088,544.8055948208297,0.8606211157115332,718.458697440659,593.5310953156567,0.5727380670401084,579.513779332754,594.5361614178478,0.7251613379169602,674.1215862663864,589.482499796358,0.5107591699532784,604.9396245452863,601.1685841584255,0.5178338019011464,685.2673487166562,633.601544840832,0.0371999737150549,631.7826934494865,645.9599478931799,0.03957822515826728,615.8082007479649,661.5647450405697,0.005932813470652055,665.169687770936,664.036655569251,0.00576604579927546
442.0,665.5837233418215,337.371815392245,0.9564881823785018,664.2306693055932,325.4582678295497,0.7668766353067856,651.4865664177998,328.21231775572045,0.961213737216594,649.269573751964,333.04323414437164,0.20166282916205167,614.2599431998698,341.5859037142909,0.9453108091278835,681.4719072286939,414.18683126275494,0.9715750976211374,565.1650688314822,430.42017889711224,0.9789005251564902,707.02996449842,513.5675539533331,0.7698268062720183,543.4882950815407,543.9111577383106,0.8630776173993625,718.6304659130232,593.1782234089326,0.5737044874587767,577.893823713496,593.7754802529483,0.7283583908959587,674.0592229070453,589.1151746539525,0.513710341364975,604.8022625121453,600.5150461090824,0.5223640373513599,684.7868598875222,633.8934809435991,0.03728232276697902,630.9619664427945,645.7900237607777,0.0398650691666037,615.6552558559536,661.6048664627338,0.005908491277450265,664.2349107670072,663.6852205924043,0.005764501955487901
443.0,665.4840140956675,337.26785000610676,0.9572639156950538,664.1506553067959,325.36237869487854,0.7685160605950148,651.2449454603706,328.1512067349221,0.9623381587942713,649.3229612287057,333.076569656917,0.20024686843919098,613.9572594513356,341.7484876220849,0.9466853197799397,681.8019240085603,414.3382156529233,0.9713528959731734,565.1862475860972,430.44645221065866,0.9794882326529903,707.4437365217839,513.9736480598681,0.7667487705682503,543.3001456613674,543.9426800047107,0.8673084379915541,719.01475752271,593.4434413082199,0.570634978671663,577.4065407580692,594.0171221931896,0.7336393928855568,674.2609423122807,589.3695263758381,0.5153060553255666,604.6789010720686,600.6103886911632,0.5288065975975137,684.5136356499689,635.275198167651,0.03713985958584282,629.890799228231,646.8876274578909,0.040430087975080194,615.8577425186232,663.0069997570348,0.005858462554683375,662.4654719416001,664.7010438604574,0.005789189535089843
444.0,665.4545895148481,337.196018489957,0.9580311709527608,664.1658233803737,325.265382758233,0.772997552564587,651.1145139426552,328.0762957374645,0.9628704488940707,649.4191543332323,333.090344636136,0.20250979349640694,613.6868677593832,341.83891157128664,0.946845154891927,681.8953557789134,414.315601487179,0.9717093050998085,564.8016034564894,430.8310739832372,0.979332659002378,707.8339813793402,513.9006950466336,0.768659962525915,543.4493979194597,544.6515486038578,0.8648370561663443,718.8998971872288,593.8670209068579,0.5718986987494195,577.8088450816709,595.2184542089134,0.7297024878298775,674.6023130648983,589.6136316791253,0.5165210651425306,604.6337607440336,601.1105550563807,0.5271594913405556,684.9427981735657,635.109265715069,0.03748920375819528,629.5975099541951,647.3176545301013,0.040338836542594673,616.3699485207641,662.943301246407,0.005931474857901496,662.0952190393451,665.3633830777148,0.005811565673064851
445.0,665.4290785013387,337.05061252088785,0.9585277053643655,664.2072583068391,325.1035254978208,0.7759410311993945,650.9552681643977,327.91304572940925,0.9635013186045739,649.6297052390292,332.98701042976,0.20350344014096045,613.4226887338451,341.76226659554897,0.947190501082865,682.2372324333646,414.57788637160434,0.9713010269771166,564.7578305243089,430.59773361596814,0.9792081953891145,708.2309029720432,514.6973690355334,0.7632569273403244,543.3648406534048,544.3517179157917,0.8631565140558628,719.1120900038657,594.4501068116376,0.5646948633524989,577.6101542038632,595.7127162529939,0.7260149372133684,674.3283949127858,589.4044589049197,0.5094381525691171,604.126518343522,600.6165616680936,0.5218193315707765,684.3852532777032,634.2173756135712,0.03701687561154791,628.7724205558898,646.0290859978927,0.04006570903055581,615.8709899274645,662.100485456654,0.0059426859889351626,661.3211402871063,664.3105534180088,0.005846216041605463
446.0,665.6938753995807,336.9694146075117,0.9584560398358369,664.3915818571045,325.0072867556189,0.7755876177362044,651.2083086910325,327.8478964759057,0.9633332171721597,649.5770970546437,332.87775432200766,0.20250424066522718,613.5282557550532,341.7370095791552,0.9471999868683004,682.2611065351953,414.3703668278185,0.9715947112634639,564.9156327790423,430.49953303043924,0.9788731448682054,708.1599376127951,514.8717863489323,0.7655766584915118,543.0740113399409,544.825051316352,0.8602698022253554,719.4589184164457,595.5003486602977,0.5647198147943051,575.6047822010244,597.2904860534917,0.7206483002228978,674.1489760344477,589.4892917037004,0.508535889797506,604.0729187516238,600.6539248968672,0.5174845596402792,684.0409274910553,634.3810619591605,0.03688219749994829,628.5548003152558,645.9059708687042,0.039353573189846905,615.363548461312,662.6486782803872,0.00592059026034849,661.1305162897764,664.2463946570787,0.005762790172448988
447.0,665.7313407190868,336.8856094765828,0.9601716463312443,664.5024325086569,324.8733231997034,0.7833362251524285,651.1472749611013,327.71290186001255,0.9648439111883076,649.7409719499524,332.6310230552189,0.20538447284368802,613.2234087657748,341.47696725213143,0.9484213278976324,682.1308307860378,414.19621511579635,0.9722817670237425,565.0188460827696,430.2925243326142,0.9790089399090044,708.1852244587412,515.1424041042252,0.7681685619550037,543.2011780202918,545.088364549341,0.858910836347166,719.6278405597363,596.344665007367,0.566023675215791,573.9276913179023,598.8423408082826,0.7176864285779166,674.0441642121506,589.5829885022545,0.5086890313160898,604.1347810057281,600.6951585078098,0.5153401714622421,683.7142136114398,634.966674171332,0.03677874551942537,628.1895381673679,646.4319031883289,0.03885858538932938,615.4502590150413,663.0721700630874,0.005891536278341969,660.6332988383652,664.6995944711475,0.005691686434548972
448.0,665.7814873928244,336.7863033047101,0.9615536981244479,664.545738235901,324.7076525144815,0.7885749877062243,651.0702485324834,327.60558512511767,0.9661689383784673,649.7628290343447,332.36655758193217,0.2061588806053906,612.8390970168733,341.34863047236473,0.9496965010835117,681.9746587696847,414.06553843668445,0.9727482756884946,564.846941272167,430.2547860773831,0.979278771592133,708.0601458287974,514.9888706291299,0.7704324021250099,543.2382430372363,544.8410746304043,0.8597806594144679,719.1583563608345,596.3437470121188,0.5696570999902958,574.2777632506336,598.33372002057,0.7200311585564163,674.0703441639257,589.7215541890557,0.5103827346776555,604.1265403731053,600.8958753836649,0.5163655902711602,683.467863347532,635.5571331613993,0.036725459317935,627.696812219452,647.2269824247302,0.038679005729725296,615.605258992073,663.4229925029671,0.005842957015660349,660.0543608607038,665.228658676408,0.005627625112044771
449.0,665.6750901504845,336.7524437112591,0.9619597963166101,664.4410070574685,324.5806571574756,0.7907405253814263,650.8068340118963,327.6352170960022,0.9664647774040808,649.7630183044292,332.0525288021895,0.2062602709776059,612.3537866606628,341.3854780208071,0.9497144779830787,681.9473042310117,413.6159099109411,0.9727719410432019,564.8983202371734,430.25890154456476,0.9790444330722086,707.9353264441548,514.2098503636273,0.7710475798962945,542.9467415891652,544.5631986172476,0.8577711683887451,718.278163371329,595.5372110289347,0.5709396201583038,571.9946759191394,598.0503678234943,0.7180370156885525,674.1517426141671,589.2173066555434,0.5093512654579672,604.3075937925449,600.5397647268757,0.5137104222930492,683.5499327772122,634.6693653470134,0.03680389311771467,627.7719956405441,646.5574922568886,0.03847180169865154,615.6630913768756,662.2404504414985,0.005876668858949306,659.8267176045225,664.1332503469423,0.005628534478901416
450.0,665.6288838954317,336.58462684075033,0.9616372294428502,664.2117802687496,324.27122868536196,0.7871029791526534,650.5519761540177,327.5756684501333,0.9663880310500855,649.4166552361548,331.8437987067666,0.2007316795115866,612.0160601534307,341.77834345468335,0.9501436915211418,681.6489307408712,413.13269091072215,0.9724770862878063,564.8798178662096,430.4166685472778,0.9789031216043003,707.7860817800125,513.7837004633253,0.7709134756096816,543.4379593300813,544.9528282873246,0.858782519979113,718.9086636638268,594.1250498669815,0.573052666629887,574.3379741213163,597.0304166758751,0.7216434275998643,674.3111859497685,588.1706050001391,0.5093124874612455,604.4651809694598,599.9287696994836,0.5139120694088715,684.9981807433312,633.0369817864558,0.0369692080051319,628.938902418772,645.5683486209598,0.038741903100887626,617.2709341878491,660.7018061978922,0.00590955615206831,659.8635212701645,662.9718199907117,0.005664711778148094
451.0,665.6108737563698,336.6512525150399,0.9627914358060052,664.2165393220837,324.2960750430001,0.7903956487654861,650.386857644228,327.6564812811613,0.9678380703779291,649.5109039052351,331.88376709596304,0.19957944746537018,611.706616301605,341.95483830065893,0.9518970746287995,681.7595832386909,413.2440386257781,0.9724076,564.8969870764596,430.12052896119854,0.9795841342255652,707.9231402873712,514.4933092783893,0.7683695271727895,543.4646530146188,544.3809660051331,0.8634763703860321,718.8621003558933,594.773339357517,0.5706981005811942,573.7575181037726,596.6669800825132,0.727815737418262,674.0441327592372,587.847150552186,0.5103098476220193,603.9937147440106,599.3678160855196,0.5197485563348981,684.6273657789344,633.6510809648101,0.03676967663152337,627.7105998499625,646.013772822884,0.03922903253957838,617.5166832902271,661.0229902655964,0.005856303378630756,658.0428073686049,663.367126429665,0.005682248366672941
452.0,665.808168320463,336.03281714856627,0.962198909337405,664.269431010496,323.7922305499007,0.7854644129527473,650.5819532941841,327.13433318127204,0.9675589123284185,649.2496007327271,331.6597990784983,0.19548151679716505,611.8537099989204,341.76179809626916,0.9523829914803404,681.8310461014472,413.16484976156386,0.9718996260086635,564.934643683297,429.99643887430847,0.9798268480810095,708.0917025363353,514.2319751032211,0.7637559061250722,543.3368171524178,543.9980285368605,0.8654244822863978,719.0627573038631,594.4403972637307,0.5646447432708354,572.9202512026648,596.2485336551545,0.7293074895592221,674.071585016137,587.3891920939272,0.5060681150176611,604.044397079576,598.8286774152692,0.5194651034452964,684.2904253436296,632.534287538852,0.036110148741519424,627.5733279607275,644.714281834563,0.03906606306405033,616.7727075295408,659.5887615456037,0.005776565393061355,657.8250933811127,661.6336845984551,0.005659369047088751
453.0,665.9948,335.77948,0.9606844,664.2332,323.53564,0.7779423,650.91534,326.92792,0.96601075,648.73883,331.33234,0.19241679,612.17224,341.54352,0.9512802,681.9402,413.0074,0.9720279,564.8489,429.9386,0.9794593,708.3838,514.2795,0.7673609,542.8859,544.1288,0.86387753,719.3928,594.6761,0.5674026,570.8173,596.6364,0.72675735,673.91345,587.67285,0.5079075,603.8671,599.0496,0.518182,683.93225,632.6991,0.036163807,627.1037,644.61414,0.038632452,615.6329,659.8507,0.0057516694,657.9908,661.4675,0.005583644
454.0,665.8123209882707,335.84887000804514,0.9612258589612993,664.2170342986695,323.635071362093,0.781481274244357,650.6803043734214,326.9676860852947,0.9664988814198618,649.0742407760669,331.51604376504577,0.19509332824053113,612.0537835538903,341.59083632182063,0.9514542838805211,682.123153381206,413.102018399222,0.9720192729689748,564.8868074878623,430.0396340733962,0.9796471608509122,708.5983565379693,514.8014167441937,0.7656257809623807,543.2191839632562,544.8360867099474,0.8642117642503675,719.2754046332523,595.1303341775257,0.5646889059337872,571.6892325031996,597.4784019119937,0.7261912407842054,674.4613764632484,588.1055969361136,0.5066230631269595,604.285905037376,599.540865107197,0.5182518537715539,684.3508147738182,633.5223403404066,0.03588039574496711,627.8058134803733,645.6256042614024,0.03855733018948239,616.0965424413928,660.6489180475006,0.005706692137541975,658.3115687025792,662.6417939955923,0.005566967982406555
455.0,665.7928488261797,335.6433904279606,0.9612843215204832,664.1197040666298,323.3697022856002,0.7809508395829791,650.5363561267545,326.88086253928907,0.9665391702097051,649.0392063706194,331.20747347558165,0.19408383161104117,611.9028688309686,341.69760671480793,0.9517598946235183,682.2303880099022,412.7064616432038,0.9722567608155541,564.816517478623,430.06176727836606,0.9797837352286439,708.5574307298433,514.9387248600183,0.7667386946089918,543.3434989548616,545.3139050446929,0.8646285748511638,719.486531693872,595.3479975697015,0.5650482473674043,572.5058092896452,597.4853273888615,0.7265153550187942,674.7080938167607,587.994186238986,0.5077622376590439,604.4032694665359,599.7138025146058,0.5189913411517129,684.9792882882159,632.9985354065474,0.03595708997814403,628.5956044189347,645.6566578161852,0.038607921716085354,616.2858416286773,660.1575140030845,0.005713123189946349,658.9207737454167,662.6684927044602,0.0055674238220443225
456.0,665.7655813725884,335.1107087644304,0.9603430414225212,664.153613669778,323.023531208017,0.7769953774607921,650.6832403918894,326.25143354136725,0.9655576451023663,648.9476078340577,331.1662654889847,0.1927174052360309,612.1188174561457,341.0309650131495,0.9508847760107524,682.1046621314458,412.52749978353626,0.971944673605671,564.6570243961884,429.66199935558456,0.9794363533603754,708.6704007267056,514.8743285765931,0.7653646641550427,543.4842373390641,545.5118439799593,0.8628230997316867,719.4780622741292,595.4289759489814,0.5634452165264318,574.2678582247663,596.0559598090397,0.724857363828565,675.4555364739792,587.7566535570004,0.504140850453549,605.210649192472,599.3933494371857,0.5147262161193285,685.415998845253,632.3197601391665,0.035811474869413676,629.9163941268483,644.5798039726391,0.03838128547880733,617.0154426660187,660.623144470067,0.00570506689748599,660.8800981397468,662.2877579530904,0.005555114992011397
457.0,665.6951727320425,334.6729027920472,0.9605505088428092,664.0973122421973,322.6207205393751,0.778833784976377,650.6679521823826,325.7563383255685,0.9657314201753683,648.806568392635,330.8133830366141,0.19366098776377852,612.0329789767045,340.4795411160511,0.9507917084292246,681.8475478370502,412.12345285470553,0.9715890784106929,564.615144703652,429.4633242597342,0.9790867947852216,708.4383406253528,514.5591603943417,0.7613587108918642,543.6900739068655,546.0059112380029,0.8594520366008941,719.0218430013513,595.6021107600072,0.5578859858193698,575.2341494416657,596.0656161098657,0.7194987567014212,675.6119340127495,587.7301516293575,0.4957846079641213,605.5537984738249,599.4022851465269,0.506039284037064,685.1008314572124,632.332639180036,0.03490510321986928,630.205913675427,644.3749797783728,0.03734072616683698,616.8442582668907,661.1837875474555,0.005597132087977005,661.3530149558023,662.1543344420223,0.00544431694977996
458.0,665.6832252483756,334.1688060832693,0.9597056521768236,663.8649095791893,322.1600098764832,0.7720399111676011,650.6939020579645,325.3604238162418,0.9651295860493094,648.1593333937169,330.5160318812117,0.18840655553037014,612.0310024441361,340.3762839658591,0.951129592754076,681.6919922591036,411.67811071545225,0.9714519208447908,564.5069600425629,429.34521667915095,0.9792557923078119,708.2912675431533,513.545895949403,0.7626515937304374,543.742738520452,545.5942141327795,0.8625498686762475,718.6655458830683,595.2782528920823,0.5596358950978209,574.999218784303,596.3391340825193,0.723862675218395,675.7537835772941,587.6125275243296,0.4979960824743458,605.6455983162401,599.3835184710646,0.5096200106215312,685.3965380281963,632.7117436098956,0.03447833697091425,630.2562072953435,644.7401272286533,0.03707411063393272,616.8346355910137,661.5325163708928,0.005462206135184938,661.3303562494136,662.1695521965531,0.005330326595630818
459.0,665.691962951049,333.49869412671023,0.9582728373451193,663.6003717511873,321.5303058238807,0.7629411101904638,650.7297001699569,324.90847907437325,0.9638784661367386,647.5259323690677,330.07609404362137,0.1835412982458379,612.2229335336663,340.37773042596643,0.950993483639612,681.7439545981983,411.19308220868544,0.971457557840412,564.3931533744238,429.09808325668376,0.979460254482786,708.3350842056954,513.0061231311927,0.7647244552125031,543.6334180841471,544.7904917002422,0.8653709452026883,718.3910298464449,595.1540582525442,0.5606832031614525,573.4538422029744,596.1773852693037,0.7267610855304361,675.563671294061,587.0191732335389,0.5027153125463433,605.3118827465727,598.9158915388281,0.5153193454808584,685.4449345391303,631.9475765495308,0.03461734704806907,630.0469382812445,644.4763798851998,0.03734713352514376,615.8909836172351,660.8009810044084,0.00543662534503099,660.9269619894991,662.2224775185916,0.005314181716383903
460.0,665.8356691495975,333.0006853422036,0.9560659130057336,663.4991023137303,321.08003337810146,0.7512560449229457,650.9527323875503,324.5944198166324,0.9619838836876444,647.0943458291117,329.7260322834213,0.1782727347014634,612.6336928525703,340.3528585801832,0.9501481076919802,681.9391609309962,410.74227972636953,0.9708447672424468,564.4615747583391,428.81124268753126,0.9793148189069135,708.3716645462829,512.5289253415393,0.7624716933516418,543.3463758861702,544.0593855455202,0.8661808478248514,718.0645328386775,594.3639385536723,0.5572148622716769,572.0264018528004,594.9927524225602,0.7272344063063775,675.5574536688122,586.1148211709699,0.5007608431814493,605.295290986753,598.0910406176796,0.515179495407761,685.8400290442738,630.5067444926771,0.03425836024336602,630.7571548660545,643.2542513662378,0.0372191280669636,615.096276077241,659.4899338713843,0.005377930566406728,661.6512725896989,661.2446664216624,0.005281988622723144
461.0,666.0898285899921,332.6102819485803,0.9524726446141841,663.4021426765687,320.7352407816704,0.7314703782538646,651.4008839683029,324.3501802457459,0.9590939904398905,646.3225127333046,329.5355671738581,0.16861879245018002,613.2178397878831,340.4040163309496,0.9489966273902466,681.9284602908845,410.20880288298383,0.969663060843296,564.5557318845006,428.5712536970654,0.9790798640634515,708.1721705607796,511.54622841930507,0.759720369831043,543.0757340040494,543.3642202277043,0.8691026596029185,717.1051081911764,593.468365450122,0.5552458042104829,571.1694709489669,593.8771849011518,0.7320026840301632,675.439758342498,585.206733579885,0.499988882870999,605.226413922846,597.2137663019982,0.5178280715646689,686.1860491606575,629.6602674744162,0.03386603180914195,631.1524724641337,642.2064180200142,0.0372791170493083,614.5222761365377,659.3509177270123,0.005284403849764188,661.9317422418128,660.5449965949308,0.0052375245302853
462.0,666.2567802822421,332.0471679986449,0.9507029250165187,663.379719002378,320.2662043075225,0.72055087600289,651.701070368825,323.8119155473989,0.9576564021314915,645.7682085491728,329.35559366605577,0.1626876156687041,613.4849344886802,340.10703387309803,0.9487454073030106,681.7111370905004,410.01635095575347,0.9693227061227208,564.3909143858897,428.41643279275286,0.9789363470334382,707.9727195186097,510.5833471011913,0.7608808681055889,543.0912331793446,542.76967823934,0.8706892824437226,716.496412969037,592.6125200804228,0.5578723914132101,571.0724541519,593.3541479910725,0.7353645456828495,675.2010384619956,584.7738652354126,0.5005894939686377,604.9759114957652,596.7448452829727,0.5187021944593834,686.4436943808904,628.621323834299,0.0337305959508639,631.132485807518,640.8914084599188,0.03716673329801262,614.3443376755971,658.7363931677656,0.005236802726635391,661.9926772903409,659.3684991626292,0.0051911425322268105
463.0,666.2198991640647,332.2419121303113,0.9507155088087141,663.3813984465497,320.29632918925296,0.7202319480055239,651.5952465912957,324.0169305180224,0.9575987209780574,645.9761452410354,329.06524481932536,0.16176748443344086,613.2641491021998,340.1209222357929,0.9485564069122349,681.7139267899372,409.5162466188573,0.9696534222907719,564.2012211148701,428.41723893481736,0.9788117668296943,707.902493219232,509.95044814556115,0.7647096502019602,543.3315688010672,542.8560637884641,0.8704225953611039,716.2746515106849,591.5512023429228,0.5649360151705501,572.7115120407045,592.5109927486498,0.7377132815447358,675.1965038282211,584.0126739131532,0.505964843897701,604.852698051514,596.3415966608617,0.5214795257533515,687.7633704819626,626.8565581220394,0.03507443515100801,632.1912361777235,639.7124135861433,0.03833278416745985,615.4867094977983,657.6486630627211,0.005469215641943736,663.2453768126798,658.8672455032082,0.005387042439182808
464.0,666.471436432031,332.03498669014476,0.950600800849759,663.6061500895775,320.1296968570552,0.718049172401005,651.8675604999005,323.79274772657175,0.9577850007125029,646.0226578253599,328.91825415759155,0.15934156991179585,613.3359922439544,339.8254110811076,0.9490459483446929,681.5775829964422,409.4295632408662,0.9692758809732894,564.3392509031803,428.1953132145709,0.9788015043250077,708.0239849599972,510.0983450132379,0.7618939927041242,543.8267625151792,542.8585435823807,0.8707833353512487,716.3682481256975,592.0374397007096,0.5620035780000735,573.7947241070955,592.5587691222842,0.7384012829772262,675.4702569977063,583.7900016272056,0.501786776475413,605.3367694196238,596.0834856748119,0.5189197094291246,688.085070584602,626.129676869589,0.03473666381474797,632.8576353751962,638.8710624518252,0.03820359841108893,616.0249296744142,657.085675621896,0.0054490187467978,663.9371207018112,658.1435274144952,0.0053887210744703986
465.0,666.4160774511289,332.4086125876028,0.9508658087892476,663.6532343081806,320.5036335568998,0.7191277829617562,651.9785741418708,324.02634247596075,0.9580161646586579,646.084812041556,328.986499053661,0.1602985039104457,613.3893072274543,339.5027954441777,0.949089339114834,681.6284518818477,409.3057271622204,0.9694908951005714,564.226041843116,427.7695590483931,0.9790668586112251,707.9593574768859,509.96961357042716,0.7634081373429816,543.662073678297,542.6014868041381,0.8726028323690038,716.2794395084888,592.1542451315606,0.564605593286875,573.5812060231357,592.3284633456775,0.7414225336520645,675.4703352737054,583.8379341611886,0.5035180200660314,605.2601483575648,595.8601366484002,0.5213838284578051,687.5624951498694,626.4891646579979,0.03481667781033852,631.9649604733289,638.5176315507899,0.03838316387208769,615.6740807135278,657.5505565607554,0.005442707682968681,663.985518549692,657.6916857491183,0.005394454953585955
466.0,665.7066641927775,333.12801520578154,0.9551208695212579,663.3561562988108,320.87974032699327,0.741296211874739,650.9663416067749,324.6675973917289,0.9614583170401191,646.9566009611301,328.66700999512216,0.17021226548328425,612.3861077218126,339.64248391587057,0.9501774326058119,681.7294457969821,409.1806807832044,0.9708579527908524,564.3032543221063,427.58217640594694,0.9797282669753992,707.7816092986841,509.71732134197174,0.7706186915367629,543.5878558760782,541.2509248460572,0.8750001797131051,716.033392412172,592.2099294699443,0.5772281753904432,573.5334341393078,591.096467413139,0.7481297645899542,674.83679835703,583.2629520619054,0.5123206090312248,604.4738416026039,595.3152731445831,0.5286114037782198,687.3320052767226,625.0751955343351,0.0363449484913009,630.2191946124602,637.768290658117,0.03985511706156958,616.5441075806777,655.7738526374271,0.005689518233608753,661.6469430272115,657.1795675190834,0.0056175063979459474
467.0,665.6040330417223,332.7082846674973,0.9560621107830019,663.287317398006,320.50050093949636,0.7442508794699016,650.7637064558519,324.3341951928518,0.9623403191878255,647.0656574803178,328.29855648217256,0.1700959646522739,612.1548037098127,339.4122957518862,0.9509839087995807,681.7892510216915,408.8310342188283,0.9711491950064151,564.6439905150654,427.26023912894374,0.9801690558710757,707.7831168132299,508.91981383709566,0.7733689457277537,543.1786249274567,540.469308231182,0.878482035956317,716.2938607569141,592.3102007672419,0.5811561083583378,571.2939023857317,591.756441624349,0.753172612130202,674.8222160037908,583.2932259918076,0.5186433393164108,604.5541328984464,595.2375592978061,0.5363284138960903,686.7080310159099,626.1690812921728,0.036621352054017876,629.0421490922953,638.6908674681792,0.040317277539700706,616.750899938958,656.6962447160902,0.00566764220420255,659.6544771957707,657.7723606755272,0.005611306076322589
468.0,665.7316338792011,332.18584523036276,0.9567062934431894,663.3953395745923,319.93041744875444,0.7467896676841281,650.7872613127369,323.81464801915877,0.9627046464400746,647.1938129181754,327.71170932213477,0.17053686284004277,611.9942158470875,338.95376472722114,0.9513040711447999,681.9064708754833,408.48953957907406,0.9717897794615407,564.5029341956403,427.1738026880348,0.9801927857637629,707.8545671363984,508.74163076660176,0.7777491096244643,543.3724863965494,540.6958021241514,0.8778607588910494,716.38081369973,592.1446741681312,0.5865734233982943,572.4979700390844,591.5652607773386,0.7533956897250516,675.4875199313166,583.1974991374715,0.5218663753768307,605.0631619689954,595.363443712419,0.5364796463762813,687.6041978185666,626.0299700609617,0.03695191118039189,629.8175323944901,638.909395191938,0.04022772354578189,617.646698805328,656.4376706143739,0.005683348047245055,660.6724830712004,657.7772427418981,0.00557972590146364
469.0,666.0620129407349,332.1691965484491,0.9569566696291272,663.6008552594204,319.88049725170265,0.7468848134018523,651.1035074537818,323.7865051515835,0.9631249167082762,647.0881264076158,327.67736655837984,0.16945570724886186,612.1126302065143,338.98846676778663,0.9520723899757998,681.9834652726291,408.46747575124243,0.971751267229312,564.1249326483664,427.18870999141905,0.9801852915173329,707.7112142634126,509.2927812622254,0.775170261346017,543.4292602228085,541.2915862604417,0.8765156074304787,715.88443878174,592.1374295034536,0.5820273557336346,574.0744301377479,591.9725554855069,0.7502992696158287,675.4911629245149,583.3976446173164,0.5154297559993993,604.7892767990251,595.6456310667023,0.5302097015953687,687.7792191517674,626.022126811077,0.03593461343067167,630.0975543091357,638.965644122483,0.039140933800259896,617.1139833884506,656.433501281894,0.005537318619539968,661.5260090237798,657.8712413908879,0.005435084657800102
470.0,666.3270557185948,332.40706646504833,0.9570248022668898,663.8034669240902,319.9679900736311,0.7473603734914849,651.3456169588641,323.98547233393487,0.963398616896956,647.1350003333816,327.5315304824878,0.16826251730304662,612.0855758518948,339.0471000945745,0.9522598671115268,681.9780101363294,408.36877017452804,0.9713611166216625,563.9044564709756,427.4459050252243,0.9796924974696715,707.5201216997062,509.47720572122915,0.771315111958271,543.3530568210856,541.9586912801803,0.872556370012249,715.1333372515444,592.0887360924141,0.5774737683162315,574.656683271645,591.7365745215294,0.7449371088989569,675.2009441720782,583.2650110907676,0.5068226076015215,604.4365909100488,595.6690326966898,0.5203742138697804,687.7715140354852,625.175685921179,0.03541840978661469,630.0154412782044,638.2792335284973,0.03838025094587644,616.5836701115663,656.3158165381525,0.005526102167660284,661.8440551890832,657.7365475440929,0.005399389892999121
471.0,666.4642021708477,332.47271870938016,0.9578821957453034,664.0723967611926,320.0331611159751,0.7521303627360648,651.3651628416862,324.01919321383156,0.9642270153281837,647.6142829241696,327.55071538716726,0.1687166427730256,611.8548028265719,338.98806919645,0.9527295088428281,682.0515610016035,408.3491003843104,0.9713849324843785,563.7977558273276,427.3647725022583,0.9793525685589737,707.4531252258862,509.26683795965215,0.7707726533463584,543.0755716448864,541.7228473881636,0.8695595674764536,715.124096875196,591.7211311627009,0.5771314372891818,573.7341152313254,590.9439468434933,0.7415496112454618,674.9769204541687,582.7904066466374,0.5046042939616235,604.1059263312632,595.1662525629926,0.5159845474844709,687.8635575743277,624.189348647541,0.035698126349233784,629.6390552577743,637.2790672879851,0.03833571589119471,617.0405089746184,655.368582185318,0.005625648460158796,661.4649318350146,656.6938213508021,0.005457370331631361
472.0,666.5279770921073,332.4223575706279,0.9581159048433155,664.2142154506781,320.0119396934832,0.7528139362232154,651.3849433796004,323.95379620994714,0.964415903383368,647.8579964751661,327.4693304845723,0.16832851071564828,611.7254649014245,338.79957389461,0.952872029437602,682.1167314519926,408.3397489551738,0.971524517709429,563.8557515628811,427.12792054406407,0.9794421529344224,707.351145964305,509.1780428307275,0.7721905576338646,542.6870522966226,541.2165090311969,0.8702965438552936,714.9590775249021,591.6284727793307,0.57961968150078,572.3194369778936,590.5420478213197,0.743405515731202,675.0583407080121,582.3985311728677,0.506988148309715,604.2204355262197,594.6298641934125,0.5182611806512012,687.7174775249022,623.3005861393151,0.0362659274503007,629.2503987971766,636.1439713478779,0.03888741036160771,617.2378144580101,654.389453030364,0.005729646730773196,661.1272903202827,655.4604809316146,0.0055516533115943035
473.0,666.375127463611,332.474010088084,0.9593506448724679,664.1432969032184,319.9621321336888,0.7588786003852266,651.1418503258993,323.96707624933475,0.9655433181792216,648.0787020281914,327.21879130355234,0.17064659474521263,611.5001462643637,338.6633166597416,0.9534284516307684,682.2011156603755,408.1554558879305,0.9716308809825064,564.2796298059499,426.7237572649219,0.9797918540302006,707.2622641520039,509.3444823669899,0.7721197958584711,542.5797526261341,540.6934265210389,0.8727500158541213,715.1616383206529,591.6040686805259,0.5815452778316542,572.7504946085153,589.4141322950871,0.7482594638922957,675.3500515588208,582.016609332494,0.5084507472163432,604.6631566023092,594.0919535427385,0.521789432275025,687.7212350082377,624.0018892106458,0.03636288373180547,629.0802926710066,636.4727597976048,0.039313258410984965,618.2074128077489,655.4310873576845,0.005712569277837744,660.3528512241975,655.9029337001712,0.005570843722922341
474.0,666.5445373204888,331.4510410394472,0.9602315420690948,664.1967326375994,319.14979566069127,0.7615587174509402,651.3363675180992,322.9823142122431,0.9662706089175155,647.7905586040926,327.0073308434634,0.17071399921910232,611.7139861798474,338.1844346413763,0.954522824259976,682.2416229195962,408.2678526916849,0.9722221330823946,564.0885002930859,426.39592628996166,0.9801493552459006,707.318498427259,509.96120847785596,0.7745616877852222,542.3059459240595,540.7141766083973,0.8738890669662589,714.9667071743753,591.7470254308568,0.5827938719412931,572.276937468965,589.000006077211,0.7491764531535636,675.353795592049,582.3492829615899,0.5090982538015446,604.3670493151609,594.2079538353748,0.5220284863162116,687.8887164552663,623.9840779855125,0.035971345978729974,628.5304929776507,636.0745630261607,0.03880561653907342,618.5403250406894,655.6635518471575,0.005608889895971357,659.3448605285366,655.6358401525682,0.005460157769158748
475.0,666.9255958672194,330.5304490468773,0.9590642696734833,664.207391708158,318.5430554550839,0.7500465141187684,651.9986077707777,322.1804692566885,0.965384160135492,646.6891616530537,326.90041213936513,0.16301728973761367,612.2007849102838,337.7170668696479,0.9551841378797096,681.532059489529,408.0153936074763,0.9725009109226035,563.9929708197462,425.85861193760667,0.9806840300630151,707.3174036930967,508.9586570836959,0.7805326728812748,541.6462585012279,539.5613672588914,0.8798989617817813,715.1895236517003,591.6217449405178,0.5901404299841917,568.916955120228,589.1401191340533,0.757863073598595,674.8762912727109,582.0705402428713,0.5193326247485317,604.2210564158353,593.6357504532468,0.5337069375102691,686.6450370753597,623.7126205432473,0.03657127887465176,626.745570385568,635.1904069623312,0.03954625453382589,617.9019467475755,655.5458957854133,0.005604421965073914,657.2640966938836,654.6709938639106,0.005459404375710001
476.0,667.1588222054661,330.8715768909473,0.9585654107689662,664.3128779532889,318.77383615371417,0.7474216537616134,652.238469824503,322.48754438021393,0.9650772740031455,646.441137985875,326.8919596315451,0.16009109052544912,612.0803518754177,337.8354571420808,0.9549943760381263,681.3670615288785,407.34974616891157,0.972075515890527,563.7087255188835,425.6981094162313,0.9799861375734719,707.1965352679117,508.4092842039534,0.7784665708199029,541.6626333965359,540.1570652029905,0.8758623181763723,715.2679531036006,591.41075662926,0.5872230999855848,570.7550168085653,588.7132051404498,0.7527444631120264,675.2266096760953,581.9288617939609,0.5122580490507052,604.4727142241179,593.7173287367337,0.5240783009455238,687.6116255059495,623.1103360667604,0.03597402489000789,627.8025747663362,634.420283646304,0.038536392418556824,618.5515349746082,655.6760413110228,0.005561390239840594,658.6398911282056,653.8285549216239,0.005378959538234813
477.0,666.9729166931239,331.2623662841031,0.958631362339067,664.1115565778088,318.937160285155,0.7507130846278077,651.9185052916598,322.908508253119,0.9652160798251173,646.5108006517022,326.76373274596125,0.16266843732784267,611.9046736149685,338.2417040665659,0.9545318909807671,681.5140931012509,407.1743782743045,0.9715024993376794,563.6811678555688,425.65991024841475,0.9794734898292052,707.2140856105286,509.4459392123335,0.7719071598531341,541.8066825120912,540.7162256052176,0.8713499652994685,715.4494722064413,592.0228220511536,0.5768401472891037,572.05158903229,589.5631914868378,0.7440232863567278,674.9148355991132,582.1276877220945,0.5025628802482381,604.0423457704405,594.0938937128667,0.5144468789490946,687.7096309599489,623.7634010522752,0.03498501151428102,628.3590273874026,635.6097888226872,0.03753052001260729,617.8129427734053,656.2632322038334,0.005474544924290677,658.7645127918288,655.3961518908634,0.005301307058263751
478.0,666.8391212788678,330.60437954333514,0.9595390377481434,664.0880847096506,318.5580650214755,0.7552701079500864,651.8108699851359,322.38090933586244,0.966115351469326,646.7184354926968,326.8351501985545,0.1658053083797886,612.2076046521445,338.0328913486754,0.9555979316350781,681.3274154112042,407.2902717919119,0.9714463398482914,563.5620745698325,424.90092757388163,0.98021088864702,707.0350817850446,510.58177264271217,0.7669656450607422,541.5209634923882,539.4696626005832,0.8737124826433326,715.3489125890028,593.9774840961493,0.5663016807647098,569.1458571903004,590.3744006144227,0.742383818864853,674.3180693137201,581.1496896739262,0.49526047705541115,603.4823278259439,592.920518042539,0.5125304631783149,686.0509184839327,621.3632994276016,0.03370656041570504,626.9087243192034,634.1923105822327,0.036815790656892,616.1554280646826,652.5899763339625,0.005322618030882245,657.0356148712001,654.4346645865381,0.005216582143758038
479.0,666.5260153391531,330.8716177411116,0.9599221067127328,663.8866155362944,318.71261743338073,0.7574067674000959,651.483882298676,322.62083536261184,0.9663535288740734,646.8647435893224,326.71498035826653,0.16681522578444405,611.9879981081634,338.05218780895757,0.9556319902524301,681.4567425022141,407.0543829632783,0.9718246001717078,563.4427989160013,425.1040962468445,0.9802646578702413,707.222667928167,509.3420826516928,0.7705881342417695,541.1621404398993,539.2407339896115,0.8743339584300474,716.5306710998311,592.8373337232881,0.5728965649664967,568.4933223415263,589.995853349674,0.7452890557891735,674.3344854371148,580.4166048475712,0.4976138109861551,603.3927050932025,592.4047046454285,0.5133040833151595,686.7975581761041,619.4781013218262,0.03426065676839071,627.0497490596036,632.5428734047384,0.03724112176088956,616.9442891810004,651.0322681152223,0.005417718642269895,657.8433747014151,652.9428886507777,0.005291217515926661
480.0,666.6999674442231,330.29136726579196,0.9585274988977728,663.9839984666249,318.3277602947393,0.749693990244565,651.893748867829,321.95645021968227,0.9651108879187088,646.5105477532163,326.70763098632335,0.16367515445319464,612.4327334086382,337.4512990986746,0.9551333913123263,681.3426952215877,407.1656772580074,0.9716256929487874,563.0012635331166,425.117549183338,0.9800244788229575,707.4680329907125,509.2173858740492,0.769599334108295,541.005546055162,539.7992223825928,0.8728509355634062,716.9865555032956,592.3787326198379,0.5707444483373783,568.9568867838749,589.3392001882049,0.7430556364721815,674.6922729470864,580.5705072934632,0.4955320914252139,603.6841948423524,592.5438968636305,0.5103575463184052,687.3963150829252,619.5517743683686,0.03404945948109447,628.2894496099825,632.280130941331,0.03692190704285639,617.0376082813667,651.469502338897,0.005378893606361905,660.1532488668205,652.7240838320712,0.005245001326782662
481.0,666.8423754903354,329.9404056359941,0.9580523610925771,664.105129942398,318.11524944960576,0.7470644098011333,652.1556402571492,321.58798021155707,0.9646930050716623,646.4471057810858,326.71502071175735,0.1630868714104184,612.798670464596,337.14552752862147,0.9549478223385329,681.4561695490203,407.35820647785687,0.9714798761900924,563.1140687993151,424.83197528039415,0.980140519071772,707.7089173418779,509.3838484003814,0.7686581890118926,540.5926510626044,539.3531934664783,0.8738660248209386,717.2514128764448,592.6650687600822,0.5684135856291055,566.7452181901093,589.9184783814453,0.7429810292340705,674.4100721837747,580.8458853015036,0.4954013048498434,603.4153768096071,592.4911039056182,0.5117567558068347,686.6140245564662,619.9575521470458,0.03377855200402438,627.3558828956171,632.1508492076886,0.036797632351485775,616.2010523766319,651.4811648619574,0.005329004047633931,659.2235528884452,652.3273363001466,0.005215404290613495
482.0,666.799983070032,330.1356733489933,0.9584832430112538,664.0284807142642,318.12587041492367,0.7497740569209581,651.9683930088082,321.8568168711896,0.9651109856459827,646.5804489172341,326.43337667958076,0.16486402981830192,612.6599068757803,337.4170250748888,0.9551685253908332,681.7964552898374,407.1428680378756,0.9715189301216326,563.1166982554413,424.83369653018934,0.9803077167644446,707.8711067395604,509.7678789092968,0.7666310192047332,540.565599756649,539.3513432676474,0.8736665432929608,717.4026844451881,592.4705566318715,0.5649093924432488,566.4542594656747,590.0896251231128,0.7413583740242579,674.318537247886,580.5022745347713,0.49286723174443,603.1322231591006,592.3153100592074,0.5103336430259697,686.772102381124,619.326769063236,0.03347054970417326,627.401432397599,632.0804106165721,0.03662778522990918,615.4492993410818,650.2328815544086,0.005304533365610373,659.1223003073636,652.1197418993131,0.00520800037006337
483.0,666.8628543845682,330.1256661267951,0.9583983402962729,663.9561382916368,318.03591131991857,0.7487960470278437,652.0291288834092,321.91526419847867,0.9650756214173131,646.3620923512912,326.30998585323584,0.16435738874049546,612.7603448713263,337.619482433898,0.9552703054312874,681.8912489306744,406.88818667202213,0.9715076891004983,563.0546049648842,424.8364592377374,0.980379347377761,707.9600101152453,509.48555870120987,0.766301011542376,540.5076660935977,539.1681736778568,0.8741690393488397,717.1581526919115,591.8025120308802,0.5651745033130829,567.2779720215526,589.1461629908495,0.742584253092877,674.1521093957987,579.7769114058567,0.4921037779453954,602.8251589441295,591.722362122133,0.5100942899021537,687.2673790091383,617.6643040665695,0.033600679059518024,627.5415825535927,630.6160978465765,0.03685895878624515,615.4543621073453,649.2183285661686,0.00534465838104835,659.0697902560148,651.217497460835,0.005255771740532139
484.0,667.1620978053918,329.87671239017146,0.9578710086809276,664.2008755458954,317.79861840995704,0.74656108707945,652.2980707115177,321.6722708213565,0.964618944945363,646.4476034089344,326.2241690159738,0.16319432591635885,612.8940120457524,337.54723274496536,0.9551116431685647,681.9995494337549,406.9659207231254,0.9714310075256134,562.5837554988541,425.0015981265953,0.9799415037116521,707.9099898361262,509.8547287967455,0.7653939183861024,540.4936213813627,539.5815264290351,0.8705530064311794,716.6898354694573,591.8474996559727,0.5629987550075503,568.6831226296422,588.61930142466,0.737246728979332,674.0342795887631,579.8529424210196,0.4875842569124836,602.4035773857387,591.9405365105946,0.5029991980723667,687.0516452711807,617.3371005951924,0.033181266950719934,627.577476291119,630.7135602812876,0.036039348027965476,614.5312878175645,648.9916110656147,0.005293603677179934,659.6820196219039,651.5312446201843,0.005163597008396157
485.0,667.2237594254512,329.6953831004088,0.9578414733805042,664.2486417157107,317.640953039572,0.7476108600682095,652.2807464045833,321.537991682411,0.9645997695979012,646.5462128876693,326.2054134915499,0.16409688909439482,612.9064659862834,337.61065954084313,0.9550115104145213,681.9884452814173,407.0382224967173,0.9712048885110568,562.5361803607228,425.0795049572537,0.9796677041360984,707.9578941593378,510.73260357298244,0.7619887805097834,540.7168426769138,540.3217258905898,0.8675373459634176,716.6978800525712,592.147789229102,0.5573045308722961,570.0381290207573,588.9813992095006,0.7316880898752466,674.1024593210653,580.0279485069483,0.4804891550506194,602.5094089979884,592.2428983530616,0.49536713449014713,686.9958566769322,617.2410645517061,0.03243869377678226,628.4667576507954,631.0156763270264,0.035175897176859774,614.1752935057672,648.6104263926798,0.005209565775503587,660.3707460158528,651.8045435250388,0.0050746008340354035
486.0,667.3687714990784,329.41216768018427,0.9574497251010038,664.3259407853467,317.41065233398956,0.7460698570419472,652.432476718467,321.29771709484237,0.964112195734117,646.4546858335767,326.0955659422497,0.1631884263839052,613.0733621486153,337.5198173047265,0.9546584546226673,681.6841301433556,406.7703037178926,0.9712740259487521,562.8148756358637,425.0849802659091,0.9793019735491515,707.7192597185428,509.9996671535362,0.7633237094131119,540.8431684020441,540.4556890672548,0.8649326514621086,717.558497575219,591.8980825595894,0.5570028205974292,569.05380783613,589.9922125788871,0.72694931806111,673.890557872811,580.0513091397033,0.482240973387407,602.6739155807562,592.3887740742159,0.4943184195101586,686.7893550819949,617.1668717807032,0.03285425589096746,628.6850774841388,631.0412864410948,0.035217824896954186,613.9902812201226,648.5315195900273,0.005297564895903825,660.1639218408969,651.620693866875,0.005116976074237267
487.0,667.9885635248424,329.2234342049086,0.9556637571309564,664.7243303573674,317.3317914963367,0.7328170627128723,653.2735476854702,321.0537080075281,0.9628177127885618,646.0004974936918,326.07986195692087,0.15509125798990137,613.5377053442772,337.1320975845009,0.9546748507562945,681.7330364785195,406.83312795195417,0.9710630102326138,562.7107972493111,424.54408183024486,0.9793241500675822,707.9369116138835,509.5854860578884,0.7667401639221814,540.1050102885036,539.1994809214841,0.8687126861626374,717.508884849981,591.6198473179335,0.5627140522150926,566.116915008354,589.3591105392924,0.7337738664457821,673.6347087072086,579.9880875118666,0.48686372217977386,602.306020889778,591.8041775036197,0.4997383935068347,686.0210849844209,617.0330024446421,0.033045648355398555,626.7166528398079,629.6988998871711,0.035441780253656574,613.2708650966833,648.8759970885145,0.005268757079394448,658.7898475469349,650.4286171209451,0.005086609187035035
488.0,668.0264979761207,329.2310284049654,0.9563805212759631,664.9069562320973,317.32973820577286,0.7369628842070917,653.2987922230077,320.92303650703735,0.9634694789467002,646.3685667490277,325.9981629226155,0.15667948315271693,613.44926523207,336.73527627823654,0.954890709724353,681.8331982896975,406.9888540270668,0.9711124256214425,562.530996214072,424.36976342547274,0.9793353116880842,708.0685571768926,510.13117750518524,0.7652457470538806,540.3071501447959,539.5953566591269,0.8677497718536201,717.6572451777857,591.4056031192217,0.561169217673901,567.8604098146398,589.8283482616639,0.7323560942052616,673.9076896213912,580.5024404756268,0.48606756100380194,602.4097635555848,592.2507162962297,0.49889184693787364,686.6591216921809,617.9727900147961,0.0331308978353492,627.3205406090001,630.4172364946992,0.03556873198175631,614.1188120577445,649.77887065673,0.005298002636415332,659.7356277116555,651.2812221646107,0.005120510398430105
489.0,667.9560582230202,329.39141718804996,0.9579216545657491,664.8952852852217,317.38529153158635,0.7453836459928574,653.0498961368221,321.18082383419215,0.9646966820299793,646.7404691135362,325.85547609560695,0.15947640979697908,613.2585162608697,337.03848386452864,0.9553172120721192,681.7446726457869,406.32821511453164,0.9714616885051022,563.0782828993091,424.098390612559,0.9794389711028474,707.6362931953973,508.90577396544376,0.7686969602268695,539.9119964098264,538.7110777965567,0.8686601270667765,717.749841887021,590.4628771232522,0.5667730746416766,566.7387842154607,589.3517060575676,0.7349224372308336,673.8743980532549,579.8840132673993,0.4909908780613536,602.6199346432508,591.8241644685086,0.5027847191761644,686.713745477669,618.0751479990548,0.033552971002622986,626.9846432135286,630.9495666154763,0.03585634504017085,615.0844190827978,649.6233700110238,0.00533579623953988,657.8805744431733,651.4452938406408,0.005140443965599979
490.0,668.1120684983433,329.1873569242885,0.9569526948435462,664.984938215174,317.2184777732432,0.7404437792040283,653.2121127888512,320.9956222227436,0.963720577202415,646.6820248981057,325.77787868530885,0.15721687458173822,613.3489967458116,336.95247566548045,0.9547280513953955,681.7626007724034,406.26103338253245,0.9715514182696282,563.0411719202439,424.2343329777848,0.9790569030615497,707.5676532619696,508.4898438701978,0.7718239847134651,540.0510218966692,538.9496112555164,0.8672169291191425,717.8942252006054,589.9076783715681,0.5709422251572588,567.4415212458582,589.0855208975187,0.7340862972719617,673.9796804855431,579.9464781537089,0.494420661903847,602.7183023353712,591.9720594335073,0.5031072196890732,686.8365248125126,618.4725592616767,0.03397665608034293,627.3127835518277,631.2835700657582,0.035894568888311475,615.1712729982077,650.1067116504865,0.005374735140087738,658.5335210540951,651.5000782167145,0.005133797537673463
491.0,668.4579545197186,328.99110872812867,0.9558314662932803,665.2206553567808,317.0866457776285,0.7354418375186966,653.5383006305312,320.8641870023068,0.9627240983149374,646.6519675570772,325.7383591432494,0.15466216876428585,613.4919113604998,336.9550773364558,0.9540807037941252,681.5743807227299,406.2190910516679,0.9710180815581515,563.1027151929077,424.3460180810615,0.9782756361640217,707.359349448124,508.4629553643084,0.7690719601002372,540.3071763490638,539.1917759687175,0.8623681695320882,717.8370608523754,589.8277968667743,0.5670359900251524,568.2469424904048,588.6838725203552,0.7274492141219694,673.898143126405,579.62626730406,0.4854495052467256,602.9503985515479,591.7619931886533,0.49177299799336704,686.2808599387475,616.7647782521423,0.0333485629537815,627.8890204409539,629.7403311627189,0.03487543770361213,614.5658756024305,648.3057404264457,0.005343099199684448,659.7052977466235,649.6764126444028,0.005062343361110445
492.0,668.4209312937694,329.072328910063,0.9557055315272059,665.1846410981065,317.14063133552264,0.7349044828586355,653.5545448824324,320.90210917347594,0.9627217945816179,646.5824116224895,325.6512322005646,0.15448229143849007,613.4875415403095,336.7961475056257,0.9540680370442688,681.4444639604629,406.2699526655773,0.970740210935445,563.2834007496501,424.317954207003,0.9782077387496826,707.3089686929653,508.6884367906106,0.7658099836249815,540.6595318682853,539.3454974778168,0.8614955941346594,717.9707877986913,589.9612459737443,0.5630407640742544,568.5164385133177,588.5689661600732,0.7259595470247762,673.8918757814787,579.4495369190574,0.48201802842897157,603.2721974056667,591.5198216469978,0.48942882630130125,686.2278404490943,616.8425646741999,0.03324662153799459,628.5685516711825,629.5601433735876,0.03493085134717027,614.4962567535326,648.5627189926151,0.005358299301114122,660.845325523145,649.586449833359,0.00509452968052705
493.0,668.6514870329414,328.94791650195145,0.9559110452593197,665.3889310086706,317.0303151746543,0.7356503614916322,653.7803773694328,320.784348764749,0.9629560728800342,646.7257484401415,325.5995019573251,0.1544853819958026,613.7065495713588,336.7414898958107,0.9543623114729637,681.654038898713,406.30299594553446,0.9707232242200708,563.4860688678236,424.3332686303442,0.9782362912963819,707.5405323544029,508.68201421551566,0.7644360564510975,540.8152395965006,539.4113197564361,0.8610238824258104,718.3183776506189,589.8198531511767,0.560923047949229,568.9025687346112,588.8265854427898,0.7248189650248142,674.2153100302673,579.4585197560473,0.47960618189922005,603.6227148742555,591.5422552911423,0.4873764947363771,686.7230874797585,616.4493751687771,0.033077539550433535,629.2639835475027,629.1073380678426,0.034809788305736784,614.7981715221587,648.507839755477,0.005350078963818415,661.5860726985343,649.4301930278264,0.0050929239480349605
494.0,668.911689729093,328.9890314536278,0.957825808539548,665.7160405600914,316.965771954814,0.74513139273958,653.8744815385716,320.88045410461956,0.9646829844611879,647.3390122488983,325.35147268435253,0.15793082070223807,613.7466560272833,336.84246954990124,0.9555026812035308,682.0449420442725,406.0181559169056,0.9711528269927172,563.6824459972254,424.09748025510726,0.9787083416935963,707.6437692302187,508.2856298423333,0.7646144793701035,540.5745906526321,538.5442209855264,0.8620761938667434,718.2140245640766,589.1954758886641,0.5609861737669897,567.6326363752058,588.7082906869839,0.7254956932506096,673.8996158685152,579.0717731889521,0.4802674926872152,603.1154849142019,591.2201227493681,0.48896861517222834,686.5427485568318,615.9475927067583,0.03299787685408112,628.3876445160712,629.1119695470937,0.0348173482215151,614.451081070085,647.2221520063405,0.005342300891289245,660.1467713642232,649.1660864964848,0.005093212028849603
495.0,669.1149606349479,328.9417955654975,0.9586067839390895,665.965734236626,317.02135671787323,0.7479428077900221,654.0958797479865,320.85964565922984,0.965419992164812,647.5950090925444,325.50949275048674,0.15881832957237932,613.9699488221388,336.84783219589553,0.95633420104737,682.3478726914609,406.0426200670059,0.9714771607868197,563.7113393083059,423.86917933936445,0.9792695327107391,707.9152502454518,508.14442815940083,0.7651610769329756,540.4367018260074,537.8182588002263,0.8646379064543567,718.1024256727828,588.8397913490113,0.5613264067677282,565.820494555925,587.7982080746622,0.7284603190562899,673.8131193379961,578.5459695879074,0.48116485445469215,602.8469994619255,590.5267328203815,0.49181211477989145,686.0979157992965,614.6081061408377,0.03297150791054132,627.4704819115575,627.7396652536739,0.034998894473003646,613.9111867933659,645.455933655081,0.005339743471418983,659.4562051152528,647.6458325323706,0.005111381834162135
496.0,669.9209088066394,328.3099808356648,0.9585452130647956,666.6453935871815,316.60290833277895,0.7433299553500531,654.8855742839535,320.18535729152296,0.96576148868107,647.5355428842065,325.59778280541644,0.1514070979067035,614.0768956380517,336.4616836374872,0.9574264678076617,682.1906607529896,405.85323660650755,0.9711000176379665,563.6397297983615,423.5541641060177,0.9789148735830496,708.2330205840116,507.47054561606143,0.764828077886496,540.3209715894496,537.9386995748002,0.8641474132361021,718.29763823809,588.551767322224,0.561758240445376,565.6895989114165,588.1136759920417,0.7289508503811075,674.0676316057071,578.7910993685152,0.4799555142254619,603.0232217992169,590.5573572518875,0.4897521327243187,686.1312558258625,615.2506378724786,0.0327713642390136,626.9542132685052,627.4097167756987,0.03459756777412753,615.1795448239404,647.1774348412843,0.005291446861076217,658.4859080216493,647.4123972306925,0.005038647765027129
497.0,670.4064164123287,328.3491009950466,0.9592797213059406,667.0629957914674,316.687463620286,0.7437888675756531,655.4246470063058,320.1179388807937,0.9668063967324297,647.468488028047,325.75074393520435,0.14836662730586533,614.1643631881187,336.26869613198465,0.9587257949322734,682.2028431153886,406.11927799031236,0.9709153146533412,563.5608786939749,423.2371088755687,0.9791892755028854,708.4660778901925,507.6784622417624,0.7627662304110777,540.1459964266136,537.2760197776802,0.8663973615091295,717.7269516616068,589.1436650063732,0.5599529643531507,564.8408522559001,588.3168221519454,0.7322841511838238,674.2140805992444,579.2436366958752,0.47875574698641704,603.0488054497073,590.6399941905817,0.4911946408421904,686.3231095712248,616.4557355837269,0.03238571018290218,626.4144374554551,627.7770439926384,0.034499950505542186,615.8411054080327,648.6028037477532,0.005213201373239441,658.0752975861247,647.8575176166327,0.004993418333889702
498.0,670.8446138199903,328.2582914158648,0.9587210087681435,667.2507209197335,316.59749520918626,0.7412937530184335,655.7783480251431,320.1337721340068,0.9667151188619609,647.2171084775999,325.825843467679,0.14693424995160576,614.3394306991745,336.65400314995657,0.958991155229824,682.4782197013179,406.42028703593513,0.9698314623877811,563.5190398866322,423.55003765538896,0.9787265763293507,708.7300671283737,509.5470249540276,0.7508095585485021,540.6015685646577,538.6339475716665,0.8614972744803097,717.3722845204763,590.61526561636,0.5414486168955368,566.3246007073077,589.0888003873374,0.7212859266852698,674.425839130118,580.1152009228555,0.46181890747930343,603.1259105228731,591.5219911516987,0.4767527402002718,685.9373396351895,618.383243929065,0.030200583647209123,627.0917028763458,629.7197716352525,0.03247437974030125,614.4356508004856,649.8923428714752,0.004906138341267893,658.7940829435673,649.1480709599891,0.004729128921570786
499.0,671.3486851050762,328.05289093952143,0.9586992625730211,667.7294794436684,316.522007550274,0.7408895013893517,656.2908367788083,319.8756577376628,0.9669218180721901,647.3717876364183,326.0656889429317,0.14513347521868816,614.5933921569821,336.54288230466057,0.9594110692443145,682.4815373250035,406.74482434204054,0.9692986865159872,563.384984441892,423.5925713511009,0.9782312550419401,708.8107894801569,509.7892457204513,0.7453690136264143,540.231556498605,538.827859146936,0.8572685223296018,717.3518995077978,590.636637210574,0.5338920045711263,565.9580185119326,589.198013323394,0.7144456259693921,674.3768861306376,580.242048625142,0.45217756867115844,603.0959264510045,591.5134443541278,0.466595372081672,685.5548915257581,618.2856077069913,0.029394183922304837,627.2967040357117,629.260234896648,0.03151041808614939,614.0832868380961,650.1672911655229,0.004821727541698921,659.3249733403405,648.8803988687703,0.004634307810297764
500.0,671.5886864748409,327.99791883082486,0.9573521100086212,667.8703607561949,316.5085841949208,0.7330054769711302,656.7829493221977,319.6908971792896,0.9658699479601933,646.9837142802875,326.06297923469776,0.14229380986975992,614.9823025197434,336.1220765477049,0.958861557282391,682.3567710555149,407.0175638767113,0.9689042497010651,563.2975264468377,423.481777250216,0.9780380820970754,708.7655981548654,510.19918535500136,0.7436710285699407,540.1339876919819,538.9844258545913,0.857012441685181,716.7799341492774,591.1834602058179,0.5316862652162914,565.369961452502,589.5510299008683,0.71370005344108,674.0181185778238,580.816408250892,0.4503401228063331,602.8623536947312,591.7523326556887,0.4653399505328443,684.970895210504,618.9321030831092,0.029272535550649764,626.8925238687526,628.9809627363977,0.03143503759258144,613.0370575542819,651.4427625042364,0.004805151006018834,659.7016506161724,648.9611543056651,0.004625322121499767
501.0,671.6956255034195,327.95788278673376,0.9568227937566266,667.9865409769593,316.539658003319,0.7288552219130403,656.9897172682174,319.5194236165967,0.9656416371177449,646.8672708906744,326.11990836313134,0.14078335514054496,615.0737073633368,335.72275630968716,0.9588956366562148,682.6232266193566,407.66677635059347,0.9683609783115125,563.3751952888254,422.88920149458056,0.9784299410341025,709.1359581574156,512.2108512788684,0.7385304932128158,540.3836225035677,538.5091828003544,0.8602150556327808,716.2277474245283,592.0097525998051,0.526380417488496,564.680391995855,588.6658704013907,0.7175411169510795,674.0130815041531,581.126567719773,0.44503190907638374,602.7810371133606,591.3197658064247,0.4652194560751219,683.925032544898,618.5948796209105,0.02871553642370098,625.7100427281143,627.4092968165298,0.03142571148003457,612.1184403464836,650.7442669639402,0.00473698785582368,659.3089108995969,647.3580373971766,0.004623581173928804
502.0,671.8695075006383,327.9869158066569,0.9564106558426715,668.0902133274622,316.517513935915,0.7265707504744964,657.1788050467427,319.54988402505273,0.9652991696556223,646.8080593270638,326.1001620965032,0.13982547489028888,615.2397491271067,335.8203948982826,0.9588263271813916,682.6747228469374,407.6440475332865,0.968343296627745,563.1284958596403,423.102999523823,0.9782969174774417,709.1381144137752,511.9353074961223,0.7384109200147833,540.0371710496538,538.3800100308251,0.8589342414727051,716.4138030063924,591.9273465629252,0.5255995669780992,563.830818177249,587.8737998862078,0.7157574322379485,674.0310164197942,580.7909328979293,0.44433782490235063,602.655485947768,591.1439699345353,0.46366698189528244,684.0225101751058,617.6625206034888,0.02879026227368222,625.5763634708727,626.9170414010722,0.03138326767963151,611.6213701994521,649.8350085065091,0.00476404096855671,659.5973436531308,646.9768879038619,0.004634437176954631
503.0,672.0790536242941,327.9276743257818,0.95680881441908,668.3152183320746,316.42470669529143,0.7290725949794952,657.2901364146578,319.47226718623955,0.965552398090232,647.0594946999547,326.11699335927983,0.14017362781665246,615.2547318782077,335.9089571158561,0.9588782890099082,682.8076177317107,407.7583412001973,0.9685432958689133,563.1055735696265,423.3134326963742,0.9780442261882738,709.232233359312,511.7264248563089,0.7403550676924855,539.8315922057637,538.3842982073932,0.8571089927025762,716.6682722522359,591.8426512865055,0.5279709235377769,563.9823544814286,587.9405995713524,0.7138863892257816,673.9757289944174,580.9676537023587,0.4456877279802697,602.4410965704974,591.3838067419404,0.4626070414317865,684.0074758064842,617.8537339828798,0.02900947657464987,625.1203385971532,627.2542320807287,0.03131454076390075,611.8055875449699,650.2607422451337,0.004796756646827795,658.8001420892296,647.4407742011165,0.004632043500041639
504.0,672.191402795081,328.0444907232046,0.9565499962217177,668.3147828405237,316.428806808328,0.7274575295396405,657.339374016457,319.6453223146576,0.9654824739843216,647.0013413633756,326.0844925627788,0.1396839867157648,615.3965718567396,336.26364265329744,0.9589501650561628,682.9460274424607,407.79592259571297,0.9681506545222139,563.2080077581633,423.5744285066009,0.9781248954682062,709.365877327141,512.1312126686493,0.7365637153929139,540.0371438482097,538.6747261953191,0.8575461987625739,716.9675900985361,591.9147258347064,0.5233900334403508,564.8712129184333,587.8400901100802,0.7136758410256199,673.9911987392195,580.9535227232248,0.4417191396980117,602.4054851734619,591.5435538282662,0.46077484440486977,684.333177888885,617.7026209895562,0.02848204813522887,625.5303249442189,627.5485167184573,0.03102396409235924,611.5645121680012,649.7364714525479,0.004720110190294478,658.8782080780402,647.5538316820218,0.004587024947892838
505.0,672.5125561140713,328.3017956327359,0.9572952006129403,668.5849979447471,316.5658635635869,0.7300133631114554,657.4376078292503,319.99136305575837,0.9664414527237514,647.3286686768015,326.1768035208275,0.13863441802112775,615.3029948193588,336.82751663743755,0.9597967370027491,683.0769204254171,407.5755470599142,0.9676681445955103,563.4255140299376,423.8232894527038,0.9782729963647903,709.6939998209212,512.5795740182275,0.7314337314090861,540.3879997907676,539.4963750488953,0.8581239428968082,717.2732093277086,591.8641076640415,0.5182725056420758,566.7385638369889,588.061464415703,0.714355284877181,674.5826434356859,580.9228900825957,0.43732270394571776,602.9798196049381,591.870612407037,0.4591288803958686,685.2359607867082,617.9252054310002,0.02803844912715112,626.8149906302865,628.4786926466248,0.03089538597685226,612.7275216984117,649.7483847303811,0.00466707643773188,659.1724936849216,648.347141074156,0.00457035306567658
506.0,672.6826305805314,328.4561049485403,0.9598583891922853,668.8914968024662,316.64015835048656,0.7422562470495665,657.2533508877681,320.20563103171247,0.9687170400629398,648.0674073116909,326.24809630655216,0.14076158485413,614.82616520282,337.24259987302656,0.9613531148432916,683.433282331633,407.47255655103896,0.9681327446864645,563.6890333748496,423.8754873440167,0.9788437434488184,710.0269784543566,512.8883218235492,0.7321595549840985,540.3803329453458,539.6582036493804,0.8605593221107724,716.9804427034736,591.8395191025817,0.5206011232933697,567.0769367065351,588.2610806449926,0.7186824525651383,675.2184536503311,580.9624760968154,0.44065620625834845,603.3925743103932,592.041120751905,0.46395659473823275,685.8303584694261,618.904993954145,0.028254537990734862,626.9110488599965,629.8591589668138,0.03129646654846711,614.4839309504227,650.4606459376589,0.0046814734243250805,657.8970034055117,649.5362447068106,0.004599904185276595
507.0,672.6846144088179,328.60728670682283,0.9596314806156512,668.8283215118952,316.72808268371455,0.7422942564639928,657.1728519186643,320.44318820598016,0.9685727463915017,648.0774199717005,326.3163505195769,0.14173502856822692,614.8859325487357,337.65329152998044,0.9611064777380154,683.7393273474391,407.6323602381131,0.9677015336592693,563.8333770615891,423.9374207327852,0.9787932139875686,710.3579391223523,514.4294692876734,0.7269690090317751,540.6166343713855,540.2564396786705,0.8592895058197417,716.8036402596232,592.7266204342876,0.5127542131752917,567.2889039053435,588.7198859548108,0.7146705594323856,675.3571844520485,581.2408106483971,0.43427419297136644,603.41376684772,592.3392682204604,0.45937295624066027,686.0086345294067,618.7988302899355,0.027621392869365196,627.3907796205091,630.0919005102638,0.030825394111999648,614.0710819886019,650.0700772470686,0.0046106541199464005,657.92552954249,649.9917371658349,0.004556019248853142
508.0,672.5388402885052,328.75290137262476,0.9593693120267253,668.6475080225132,316.82937010958653,0.7424197423422082,657.0845971357196,320.5641435803065,0.9682589102096408,647.8718832850517,326.35833161484993,0.14295106479472178,614.9338658962818,337.72680768560224,0.9606104580307523,683.8422642021072,407.82189160540565,0.9675636077857446,563.9579571862511,424.02541228792694,0.9785669101165326,710.510929513424,514.7666116420655,0.7255308374739907,540.8683420581044,540.2673456828496,0.8574674341549273,716.709205023096,592.8051507316717,0.5104628535685193,567.0147441671334,588.4407738624344,0.7117803828258878,675.4688416384503,581.3845241028856,0.43250777294430837,603.5402649371977,592.4035675367699,0.45711671792355524,686.5696372997168,618.9092352816909,0.027602679840507304,627.843126026598,629.9905375764761,0.030773237794869172,614.33301270905,650.3188186355057,0.004627487642320694,658.5481088392298,650.037151926583,0.004572817931182567
509.0,672.6675259281901,328.8628593517889,0.9587069942727542,668.642618283513,316.85905353371544,0.7388830051171816,657.1798375829082,320.75579489851856,0.9676873769385729,647.750345399112,326.34964022906115,0.14214662671393466,615.0831278513094,338.09609957771903,0.9602006795894986,684.0605043569342,407.86406736984327,0.9674376451007458,564.0951445896735,424.19836512794745,0.9785476355504079,710.4580095144877,515.0049812975167,0.7264093377068049,540.6994782833335,540.2614207037268,0.8584550343738275,716.0718391637367,592.8575583112709,0.5118705291331886,566.9589720654078,588.5092737958636,0.7133269940096372,675.2202715190506,581.497962469665,0.43291864216192355,603.1796955261489,592.5260355033432,0.45785597705179354,686.3185833848149,618.7806742297269,0.02745040967010874,627.2931427386316,629.9031210015457,0.030632931194631972,613.6259777925011,650.0324854134575,0.004586327337728067,657.5643440486634,649.7795779220947,0.004535493308755227
510.0,672.8080293257053,328.83078666179864,0.9585518540656419,668.7978756830951,316.82553724681657,0.7398443375358648,657.2821990870484,320.7059027781203,0.9675320682747052,647.9221483818582,326.3546813160061,0.142703436152074,615.1045738948724,338.0930961497659,0.9597412509098172,684.397453975952,408.1952277693547,0.9670350504768661,564.107552465066,424.3596725291304,0.9780259888197342,710.7605770804561,515.6514101312633,0.7226873416518255,540.3500974773792,540.6873928254798,0.8542854271815444,716.0619814704839,593.1829791460153,0.5069476407524094,566.3737373034754,589.1931651441623,0.7067397141593929,675.0782415314138,582.1716563377229,0.42782004237892096,602.8648414228488,593.0425548859415,0.4515714815302396,686.0404492644652,618.6290240200045,0.027417169472974137,626.7752083421449,629.3529165055984,0.030436052509514852,613.3289689526853,650.4698686942238,0.004643985070012743,657.202498923064,649.6899925950202,0.004576542751058292
511.0,672.9146553925015,328.774881995954,0.9575567550805807,668.8897779019454,316.9142909702586,0.7341736720770105,657.6125255102157,320.5713224893289,0.966992958232049,647.7256225028956,326.55411622416807,0.14060792500614672,615.4608241447664,337.7797665363813,0.9596093734503442,684.2875854163035,408.39740388044964,0.9659521721848336,564.1420954951868,424.3524846624134,0.978003783866235,711.0397182935121,515.8143988023862,0.7135523461811578,540.5378197469104,541.0807842058854,0.854060577396662,716.1494718857801,593.0301412805396,0.496753143415041,565.9335123479904,589.3368863893717,0.7048677274619564,675.4030989088103,582.0303469504026,0.4195056437549097,603.4544495163902,592.7480480503655,0.4473992548753836,686.0816821251882,618.228617744993,0.026847589792109796,627.6462682128742,628.450505343676,0.03029333691636098,613.2522370712079,650.1726081985449,0.004602023681072422,658.9454509154697,648.8468293834175,0.004590695942343218
512.0,673.0248262647112,328.8524389920079,0.9574524708825247,668.9941153276073,316.9384484060704,0.7354777713035231,657.6141878509948,320.6947443402953,0.9668773712985443,647.9193181154061,326.61868639140016,0.1415320385671206,615.4372096872492,338.0969019169743,0.9593221759262819,684.6155240980629,408.5083010028088,0.9657174391184923,564.1293454527778,424.9021674783162,0.9775375495146835,711.3300873448329,516.3344909509167,0.7098847723960455,540.675052218857,542.3572713866525,0.8491335845722283,715.932504657655,592.9734248997025,0.49120801788059004,566.1902384006097,590.0591087847112,0.6967382566449714,675.4363772573187,582.4519827825229,0.4137610442932979,603.3577274149619,593.3695634896691,0.43987747634541974,686.0883225812416,618.4626982821217,0.026536186290848057,628.2616732483809,628.9775859703822,0.029748799630718917,612.5628633532215,650.5742300350084,0.004587954124392884,659.5259365042231,649.4501535150505,0.004555702550851789
513.0,673.1839067154092,328.6917627962848,0.9582420164636559,669.2668910371095,316.83338451124337,0.7376567895571103,657.8729981532624,320.47890811084807,0.9675777194016474,648.2933660168334,326.5379043632136,0.14125693906224246,615.7456437404251,337.72963991245274,0.9599410967452521,684.5811480169776,408.2119062342826,0.9660448181767226,564.5872593510628,424.66559977794043,0.9780836489575432,711.2493083491286,514.5884012003397,0.714235088437577,540.6040791948778,541.2245047133431,0.8544088260046349,716.2176014893092,592.7913756926885,0.4984710402565575,565.5091765819025,589.7333767479257,0.7060414160103105,675.6796778770882,581.9434975990222,0.4224538047029767,603.7835522655793,592.8324567785653,0.45024165394603405,686.8104187436538,618.4886518296005,0.02727129030328973,628.0374236682723,628.8142974564889,0.03075961276682568,614.1984002889697,651.2278304088842,0.004672455266404782,658.6719242621041,649.5657644850946,0.004660596496981098
514.0,673.3236654872925,328.53611749918696,0.9585217400232189,669.4942639850829,316.7481400639831,0.738720418839282,658.0040510963742,320.3205090302996,0.9679136385264415,648.6903090675806,326.5849833749774,0.14127792572219666,615.9602937519644,337.6249417709559,0.9601784717604417,684.6909840863913,408.21994216892716,0.9657151563952886,564.9259143787613,424.5844100313453,0.9783107309577848,711.2987313257032,514.1420970698367,0.7117409709075599,540.5735277047495,540.8637098020163,0.8564048196746754,716.14814449721,592.5572781871847,0.4970984946013135,565.9122194226854,589.7495206449339,0.7091174951495487,675.9478039656974,581.8180749318058,0.42231051745329923,604.1879852270671,592.6980024462929,0.4526710035158689,687.2027599852474,618.5387299865945,0.027262614073890485,628.7285642315082,628.841120360088,0.03107269945231671,615.0234623406476,651.3939429886259,0.004674912304164587,658.86969492254,649.6941088088452,0.004699384447145015
515.0,673.6864967049845,328.0159626336032,0.9582924876001072,669.9369619483545,316.39476767684744,0.7380770651498643,658.3133500953002,319.7402930155176,0.9678584489468796,649.108487386541,326.65988768016007,0.14046608483148484,616.1738707767453,337.275715889044,0.9601015135208176,684.9432085381958,408.824909182364,0.9647802668273224,565.2137530836686,424.6079730424769,0.9780152320024629,711.6864225735047,515.458951817015,0.7026568424587787,540.5113825514424,541.410118877033,0.8534689208404246,716.0295404080816,592.9375036207135,0.4870138802424155,565.7594660980931,589.3743012125783,0.7042560627525296,676.4186963231815,582.2034601741814,0.4126369674673905,604.8330971609615,592.8028485494167,0.4450729292272072,686.981353797795,618.4060279862048,0.026754502499237467,629.6802694131743,628.1798132445994,0.030737006348361125,615.2344815851899,651.578495432052,0.004652911395925582,659.7614380189973,649.3009351528552,0.004704955473002675
516.0,673.7660899241993,327.99896955590606,0.9589636355306618,670.018302246408,316.35650048449367,0.7406481741089265,658.2174171784144,319.78950271561433,0.9686396258256921,649.3366822411775,326.636777872485,0.14016754916028953,615.9675232057426,337.4786148023254,0.960826279828784,685.3137219538385,408.8781138266277,0.9645343099008165,565.268603366343,424.48831515581264,0.9782345269450505,712.0910958738425,516.0817445894617,0.698875953832066,540.5750022347939,541.3889298571299,0.8546635447307682,716.4571331842441,592.8600872895389,0.48326602426752363,566.3639508103661,588.9831587467703,0.7055945984244042,676.5094447662528,582.2934676532554,0.40967274730812475,604.6497901122598,592.8183344410519,0.44454231396218064,687.26254027034,618.5544142698359,0.026367356442318482,629.6613293360049,628.2401491156578,0.030606194231158703,615.6065203069713,651.3154746436865,0.00459829377788993,659.2823589919029,648.9848909119925,0.004682399943162328
517.0,673.9324638383601,327.99621738664086,0.9589210841753658,670.1177026835404,316.31642709481315,0.7388380127956287,658.3697049844461,319.834796978044,0.9687506418065277,649.395619652061,326.5424732673157,0.13848513119239153,616.1124525163065,337.56982595303435,0.9611820099474062,685.4655865805496,408.7307935617516,0.9645812031688038,565.3574453103,424.3949413904164,0.9783977434156228,712.0629372919567,515.1977188393435,0.701306374926777,540.350755285487,540.5061377721236,0.8575701837558569,716.9784770576995,592.5623313699105,0.4871639904311332,566.6316491549551,588.4794268723773,0.7108139263711053,676.3173882607354,582.0860781665305,0.4144248891992661,604.3029857239934,592.6225476236967,0.45000849473865634,687.6396981236505,619.1843477563053,0.026517042200919775,629.165444809747,628.8255355947332,0.030875186821716444,616.0467401517752,651.9495322524498,0.0045800432765447305,658.4512970527228,649.3642738441264,0.004672104684234787
518.0,673.965948346343,328.0285389286484,0.9586397877269497,670.1703909741644,316.2840224721955,0.7391289466942319,658.4215761268438,319.84382794802974,0.9683705114136585,649.5368941829582,326.4716667464478,0.13956227682137487,616.28833601151,337.5886923211297,0.9607421425933285,685.6016886531286,408.4901563033991,0.9647828184644367,565.3533740874544,424.8085856385694,0.9779869915554872,712.0292823840347,514.0864505928045,0.703036173386098,540.5578813115608,540.9796639005169,0.8541481146710197,717.6024376918726,592.1717017143403,0.48765902113594,567.2874944061202,588.8622763594764,0.7056739383887584,676.5151649647593,582.1873699575801,0.41618474923262827,604.4331015050465,593.0513136758823,0.4484075292912984,688.2244535648979,620.3069673119168,0.026645996049409874,629.8979162627336,630.3249126926686,0.03065260949407883,615.9247714910385,653.1872419865872,0.004586197114349405,659.3608543097278,650.6192876183748,0.00463938320261418
519.0,673.8198581898264,328.32728637384156,0.9589943714400787,670.0248614249145,316.4280273674651,0.7406053385778962,658.2653110212212,320.1742138912692,0.9686104665089917,649.5917555248013,326.3349840349065,0.14054983852032213,616.275811752924,337.80572475085086,0.9608911240483408,685.7118502042118,408.1165936602162,0.9653966675515128,565.3737808114953,424.91141755872934,0.9784101677970536,712.0261191107663,513.3024551344877,0.708304773312181,540.5685608584735,540.7922594284768,0.8574868853994668,718.0405855016368,592.1621654540099,0.4938045751122196,567.582541325552,589.0375633345857,0.7108899129612529,676.4831644747119,582.06703489165,0.4256951648379744,604.2297082655103,593.1823823302311,0.4579338128334833,688.8562136824894,621.3957008563115,0.027278101624045197,629.7247609108033,631.9086253698388,0.03140650607888499,616.2432992449977,654.1433245711014,0.004636539831512705,658.747366106784,652.0900014650277,0.004693834914653556
520.0,673.984451067497,328.45190391530923,0.9583237925181454,670.0848551144621,316.4518585155798,0.7363617496744795,658.4488381013665,320.366111177268,0.9681518995090801,649.5963818518778,326.14084052982156,0.13918273428581637,616.5307782638014,337.9426778582699,0.9607017240879541,685.8516079615808,407.84174225497526,0.9652201219093317,565.6137596522055,424.89828897752506,0.9785514085086315,711.9860246432761,513.4866706805179,0.7078296679809467,540.8078782592164,541.0305806252857,0.859256522780417,718.1008139993745,592.6216546614817,0.4931752056744823,568.439238382332,589.0571612202735,0.7131336375734766,676.527815792546,582.2050611658057,0.4271295247276032,604.35098126064,593.4647679390026,0.46075197535136053,689.1433020542614,622.211094186963,0.02720496734602909,630.3756012758596,632.970524911944,0.031521306260997965,616.0168650136488,654.7899067867468,0.004601043061492698,659.3185225775593,652.9590602098201,0.004678837109495679
521.0,674.0892035288286,328.497767488441,0.9574808843543635,670.1814798381766,316.563115649428,0.7321880454548927,658.6538304101902,320.385007896884,0.9674943356100935,649.5869772330797,326.31882794389463,0.1380999453134523,616.7963126929042,337.8987275126277,0.9602214203128668,685.9610249796017,407.9896854121324,0.9647895637577728,565.7267418374579,424.69641119638436,0.9784241325082569,712.2823629545785,513.7636419506166,0.7061418771911244,540.8978540519855,540.7500091528121,0.8595515634942461,718.1464722492032,592.7063195460023,0.4919100567782083,568.9096117909306,588.5831982197564,0.7138637829862371,676.753830099851,582.1338511607362,0.4250564647651422,604.6051253448196,593.2244337686519,0.45967424633849097,689.3868306824526,621.5681200537201,0.027113885596277813,630.8342551851335,631.9968658243732,0.03155417787148297,616.2709657893942,654.5468697583366,0.0046003368942952915,659.9675761106124,652.4200265405286,0.0046943243996034984
522.0,674.2075613951504,328.5022453679584,0.9571469784759713,670.2425375359991,316.72991995622044,0.7276849544025223,658.9322403317724,320.45443099907675,0.9671657346648073,649.4064249718159,326.6239687160458,0.13554509787323335,617.1678467755597,337.99240345763974,0.9604560929698681,685.677365966685,407.64485615576,0.9655029932770834,566.1403924286024,424.4593712428764,0.9788341047693009,712.1812777825694,511.5688235290811,0.7167516299712431,540.8435769137734,539.3477818274737,0.8653814728191558,719.1076223658415,591.9245230912854,0.5049916421431918,567.2693820958993,588.4142651253545,0.7239693462021114,676.5657176591981,581.486405289528,0.43896849056499027,604.6903016171291,592.5062821361605,0.47291770646562664,689.390183316414,621.4508905207786,0.028015011622221943,629.93241542504,631.5631910852678,0.03247302632086407,617.0541781735842,654.7836241525476,0.0046607310860784824,658.3484258536037,651.8818970835226,0.004741326713711898
523.0,674.3606396630427,328.5646840727126,0.9565877888975803,670.414051873543,316.7749641394054,0.7268361822889315,659.1165169414364,320.4179033944372,0.9669040175907219,649.5459446938836,326.6613022183461,0.13605110969397471,617.3480616337943,337.8549426143759,0.9599672364377428,686.0119998413262,408.14950877748487,0.9642329110309329,566.3107390078708,424.6069146502944,0.9784276552974037,712.6606064274872,513.4648029789885,0.7043475109599567,541.04035912905,540.7396193565838,0.8614381698520585,719.2150613116527,593.1030921004267,0.4899330807845337,568.1083870303573,589.5807629606961,0.7156501374251726,676.7792247950107,582.5321171715884,0.42483772108749884,604.9641328545582,593.3111085377361,0.46159418690951515,688.7962761520037,622.7800788997649,0.02686821641946108,630.446346369299,632.2858007667799,0.03151179353471648,616.2066482731411,656.1814141038701,0.00454099118609032,659.4152608495804,652.6462873995815,0.004662063151195622
524.0,674.4391668010395,328.6900988355334,0.9564006258173918,670.4471399334323,316.8246628398057,0.7246583028020603,659.178658009164,320.5997448495278,0.9667630380051421,649.6032926558938,326.5915867168244,0.1350024895383748,617.4776848956592,338.0650691869464,0.9600795267214675,685.8973777558974,407.9330355953905,0.9644946230525111,566.4284338181947,424.7989215991696,0.9786463290312089,712.155531822402,512.3515793299837,0.7086306699625432,541.0095096445574,540.08171832745,0.8641064394680776,719.088678616017,592.7667527171933,0.4957177238290465,567.8629239999407,589.2620052572894,0.7205958795083348,676.6454723821909,582.1529101749314,0.4311270121484393,604.9247676264799,593.1778969626588,0.46785526773639763,688.8997894560024,622.8787770728864,0.027192214726950232,630.2369264490052,632.980208422815,0.03187734860053351,616.1460368357207,655.739393216302,0.004550332377970931,658.9944874667128,652.8636029271175,0.00466754312974501
525.0,674.5920711769844,328.4252608661163,0.9556994209661465,670.4936114950852,316.6186678402787,0.7197701662165112,659.321377994429,320.35189743527496,0.9663175599231598,649.3238211860254,326.61540436858087,0.1328377423606227,617.4802648537517,338.0429331127131,0.9602124840269187,686.0548717071526,408.34501023096317,0.9643062733699855,566.1239504321268,424.9292949000601,0.9786140084787588,712.4825027382684,513.361744073806,0.7061232265000013,541.4400715105998,540.3531010536825,0.8633716928643355,718.474521820654,593.2168060284034,0.4914871859801034,567.7305269675629,589.5532193886158,0.7182926392773452,676.7083207836438,582.5580096946109,0.4276849289312701,604.7435557348853,593.4710147759444,0.464957522894585,689.0111681899058,622.6009301942747,0.026848092920301818,630.4809286110027,632.6577199845128,0.03154082055501731,615.4936127306917,655.2934562113045,0.004507010235844097,659.8353447773371,652.7231700390756,0.004627788642723174
526.0,674.680485985265,328.4428888041368,0.9549848948998142,670.5899819777774,316.6249458112674,0.7170652739541616,659.4665405087965,320.2699719039702,0.9658144328518011,649.3061582569542,326.54997992786014,0.13204688962967584,617.4656642091761,337.7716966247943,0.9597893465372034,686.1832137794161,408.45264684692614,0.9636808290860364,565.8679850356531,425.0776836227736,0.9781249128428773,712.6057534739751,513.5778677669526,0.7011699459958386,541.4663506501109,541.0279880936614,0.8598353944060619,718.3378733016355,593.1155464029086,0.48635907852266513,569.0259064578163,589.2043424234715,0.7133894407415207,677.0706698359872,582.932143069888,0.4200554909260531,605.0288759121685,593.8122403998146,0.4567413098173259,688.7711053014004,623.0598254758811,0.02629397046147992,630.9248727394847,632.7376602451994,0.03083615894311813,614.9092929296346,656.059267520086,0.004441238868864696,661.434141019374,652.7141952032466,0.0045551336353434075
527.0,674.5267365662754,328.3951657862859,0.954594940881324,670.437785099532,316.58364190556904,0.7142091848662727,659.3400288499882,320.24717664176274,0.9653418151964632,649.2041355021079,326.43385362836256,0.13107497706049087,617.3837025782477,337.68881618149317,0.959525645513195,686.1502050026006,408.13529420557,0.9641881112113103,565.9793639828266,424.9678486983063,0.9782580754709689,712.4608226049384,512.4188070864968,0.7076963097526695,541.2147683786089,540.5327714941416,0.8623357094090843,718.8230022408926,592.483449934117,0.49490666850262466,568.8057305855331,588.5131355613296,0.719034835547349,677.0588333234479,582.5083230000095,0.42805279369778654,605.0886200325311,593.3991023280836,0.46353640518533484,689.0972315845023,622.4281948493451,0.027066002381873774,630.9628571672987,631.7817153955043,0.03159425589146647,615.4722185599697,655.9391138059143,0.004537575808300649,661.460596886771,651.6725289187688,0.004639589911654793
528.0,674.4941338419094,328.37997181989465,0.9545918813131088,670.4235124889622,316.55288036053634,0.7151657929850028,659.284925921097,320.20384903355114,0.9653900219370485,649.2384548260188,326.44978825070706,0.13154272312641033,617.3511881893833,337.682274046756,0.9594579554049116,686.1720724201916,408.1257104400089,0.963843430316466,565.8798664823294,425.0361218482573,0.9780211361431972,712.7231811597386,512.5038664629187,0.7038244234956971,541.3545586953956,540.9338800540394,0.8600662976495971,719.4466876189542,592.3330203967528,0.49017247297239075,569.8269380241303,588.504110788419,0.7152030746539721,677.0885929146065,582.3451649120021,0.4233467789791465,605.0781218046347,593.3177952144702,0.4587805108072209,689.4504667745834,622.1717031919266,0.02678765103328661,631.6580340613235,631.5868705575291,0.031303099496116024,615.6481982762214,655.6738444124602,0.004525129036006839,662.2232936349461,651.4012868335877,0.004630900816746635
529.0,674.4341191610351,328.39674394611717,0.9551251684964649,670.4607292621605,316.54238428298504,0.719258535907385,659.1939127833386,320.16437054516894,0.9656864914328419,649.4725894140106,326.41552311498486,0.13335297947390112,617.2748191447209,337.5731421685748,0.9593518265082801,686.2048410339768,408.0262047195554,0.9641071014344443,565.8824176155264,425.1495263088752,0.977867594848951,712.876018509015,512.5851822443101,0.7046747103274533,541.6719040610357,541.7681057428194,0.8580947913618936,720.0006190171624,592.0931135494486,0.4912048705121668,571.3671700405714,588.654263786759,0.7128852134830034,677.3390732514393,582.4875105047078,0.42246449994214674,605.3090465964409,593.5939326928018,0.4560043352183025,689.765219076459,622.0246486677792,0.026909973994097912,632.1854293779976,631.5303122554925,0.03124331835020939,616.1288341848502,655.6694674384311,0.004563423193340886,662.7634149018724,651.2875387688147,0.004649995668350353
530.0,674.4932969466221,328.35250683347857,0.9559529041372881,670.6336590941335,316.48356590193924,0.7249279263357012,659.1794655526215,320.0342448959795,0.9662530579934748,649.8243745746267,326.44354689633093,0.13517659618837363,617.1861531873042,337.45444470279193,0.9593669694213695,686.3281824297131,408.21213625819456,0.9642458531640459,565.9536030457067,425.2461626063204,0.9775552027597916,713.0087782657131,512.9925160221427,0.7044711609941781,541.91678675591,542.3861336302205,0.8550442373568365,719.9946345274225,592.1295430595057,0.4911802276182556,572.5499654985559,589.2141230194837,0.7091239201283644,677.5205493389722,582.7325618135973,0.4201185929511918,605.4155805281559,593.8182538133223,0.45147084356686457,690.3122265793639,621.9291657175385,0.02699689953344797,632.6185172814071,631.2514846563977,0.031102502197611567,617.0781590243585,655.978845464784,0.004609206197244762,662.9907776533106,651.2724175470286,0.0046720363084782794
531.0,674.571617838204,328.15572566834675,0.9566514365675197,670.7570637302043,316.38324801253736,0.7281789992229815,659.1988131420962,319.83184265808865,0.9667235393253305,649.9516377895791,326.58840250762984,0.13534801654794623,617.0951336090801,337.4129101783511,0.9597071904488783,686.373501941645,408.44433937748374,0.9647964926413738,565.8677754013222,425.14621142920424,0.9774547432902629,713.3118927302276,512.8600319432676,0.7088190487268173,541.4873175087243,541.9648914717253,0.8544219114249031,720.5113811268443,592.087366245406,0.49574105228405313,571.6937917384149,589.5576647150632,0.7090388412553859,677.4035921430209,582.8243714493959,0.4235156503455759,605.145846895145,593.7713708946402,0.4523104559404962,690.8365907495898,621.6182210052566,0.027412231091302874,632.519259639074,630.6535770742173,0.03126353138300035,618.1653203801905,656.1148105749475,0.004672760429281519,662.4706068221562,651.0610842779548,0.004701400417907482
532.0,674.4345733554932,328.2709485438898,0.9582228046678511,670.6583688217113,316.46816836236735,0.735994260258501,658.8444942863221,320.0334753389702,0.9678495073097643,650.0688604745907,326.7257345064168,0.13718195396408914,616.6348761831639,337.85714207085016,0.9604500981274399,686.415104359318,408.3347322311967,0.9657641447227545,565.8319503343548,425.298122534147,0.9776552239193468,713.5387803402841,512.3774744074675,0.7151193930712679,541.1426664889376,541.8202778305055,0.8548801605375954,721.3252256390971,591.8330063626233,0.5024939640458378,570.7141072420011,589.6608170958585,0.7105575376518931,677.2663644680403,582.6040341832468,0.4280721385757949,604.828678295583,593.6758236860909,0.4543044354615915,691.1391575209745,620.7320776230937,0.02778303737655808,632.0351371910282,630.0148073558056,0.03135900126353965,618.990553823699,655.0532737968535,0.004721193876415779,661.1277904663801,650.0672668659682,0.004713122315833355
533.0,674.2479183961686,328.44066582349075,0.959483357355992,670.6012732982028,316.52983582300067,0.7459177224609479,658.4462419590493,320.2769377796516,0.9686105283010841,650.6417118537101,326.47316718732674,0.14290433181413345,616.3829766775526,338.00448597841824,0.960369740782984,686.9186984367349,408.70018704067905,0.9663066573583904,566.0514722709837,425.3256736913508,0.97762923545631,713.865154969429,513.4802031734014,0.7142161097709493,541.6575563646235,541.234759846186,0.8513631684332803,722.0960945826002,592.0434673224207,0.5001599581733326,570.9840322742956,588.8007614187778,0.7049373031064494,677.3703414587873,582.5541539155146,0.4247445067090207,604.8913986639727,593.6342260711044,0.4493611944087056,690.8058078297445,619.0937089604611,0.027954930536072103,632.0272717774789,629.1016144419293,0.03136510575699679,618.3827076017785,652.5007328533347,0.004823629673615354,661.8814217120969,649.1873822324445,0.0047945043156346935
534.0,674.1106629133901,328.5472948218512,0.9597141601421869,670.4802092106042,316.6077580997817,0.746865671281157,658.2684839484986,320.43785925409776,0.968666365441107,650.6828081119119,326.45841508101927,0.14379123478878267,616.3329603804607,338.17892327167544,0.9602647385972236,687.0151405995454,408.6612419835125,0.9665776417412101,566.4414183324631,425.3151906150857,0.9780882015929097,713.822924961149,513.5716193873792,0.717066514093274,541.3391510229342,541.04631081067,0.8550824393404488,722.2650205290439,592.4891799180309,0.5041096479561018,569.7188191405356,588.9207265540587,0.7105297615069295,677.6652120667096,582.6598660573766,0.4283600075299211,605.3230409291177,593.6887756159383,0.4546373025965751,690.5581676015358,618.3647623467277,0.028228132503703977,631.5361809272271,628.3318967418771,0.03183997952389143,618.5550412171402,651.666129565338,0.004858671669278844,660.9036482914875,648.2545189465593,0.00485037240804353
535.0,674.0321477589765,328.6106162915414,0.9604891460504413,670.4243537863573,316.6959760040511,0.7498798723716403,658.1875238320542,320.52590982530904,0.9693799757840627,650.672066219041,326.5388435305874,0.14421011841669135,616.2921522397677,338.25429422106646,0.9608086295369626,686.7422431319286,408.55071908170424,0.9666893263465915,566.7936495049486,425.00995753800134,0.9784832967516107,713.616470533907,512.8052869137439,0.718788276632663,541.3539013060521,539.9466951982367,0.8586911234269211,722.1328809538651,591.9408551968994,0.5072965969217271,568.2677409226012,589.3318038997438,0.7157331283638513,677.1751670850671,582.286640876635,0.4334777422232961,605.0836723264323,593.1759974123752,0.4616416291022944,690.3181074662756,618.6961390629166,0.028536682544600723,630.6561420505946,628.5164649081778,0.03239583724163181,619.1142857542666,651.650212261654,0.004884802471790464,659.0293017822669,648.3069469370981,0.004899317108499542
536.0,674.0371940603569,328.57155855819366,0.9600283190403364,670.4147199942305,316.68124816686947,0.7482170403105882,658.2045563188157,320.4492678634196,0.9690639311100684,650.5709550282943,326.5900630896479,0.14391232118690941,616.2408654482396,338.18439494447045,0.9605571241047401,686.7749719444158,408.7433744520141,0.9662686577877505,566.5510725595235,425.1559542402095,0.9781820916709194,713.752333228115,513.7009421883986,0.7145245055601667,541.8444564521794,540.9205589925688,0.8559727934905003,721.782900227501,592.3686721074,0.5012558626956882,569.7553969349884,589.9145503894326,0.7105580362426287,677.2727453178735,582.9369675018885,0.4279367151328934,605.0479191936611,593.8129262131395,0.4560233635298217,690.1479354630559,619.8053249600598,0.027938628725172533,630.9795135984134,629.5444723747403,0.03172881223533571,618.5649933950963,652.5532700403862,0.004798662627266532,659.7663689509571,649.164817975038,0.0048145392117273506
537.0,673.9767007790115,328.5381282595125,0.9608384427561739,670.4006916172114,316.5809613054645,0.7533912771237913,657.9679744776956,320.445724233988,0.9697833942794265,650.8011934379075,326.53995715547825,0.14567396695001839,615.9704176357817,338.38202651839265,0.9609296639336204,687.0755221826229,408.7881516515864,0.9661812615238058,566.3246381504604,425.28130255869456,0.9781185848107788,713.7530370200325,514.2233105679406,0.7111203236509532,541.7187643714884,541.2467135967444,0.8540201149858943,721.2863547081274,592.2652368550321,0.49709985266577034,570.4850831941212,589.2005458831245,0.7074897864988738,677.1697801904461,583.2427693326487,0.42432601742146964,604.5209771069581,594.1923222183416,0.4525889896277207,690.497084346122,620.1019663923507,0.02762510394869012,630.9437741301514,630.0580978375284,0.031418344541467434,618.6069832097672,652.5770444151882,0.004770973523879247,659.3429715255445,649.3955462975229,0.004791450727772729
538.0,673.9034428481525,328.338955626715,0.9604675780552084,670.2685442497426,316.4889550105205,0.750902097094276,657.9477913254144,320.3017259996643,0.9694630452470783,650.5257021820358,326.6203973205231,0.1443999206150121,616.0119838200228,338.38479499659064,0.9609250884920096,686.9123890095127,408.64733087281434,0.9662634843496165,566.35017501639,425.23617901836144,0.9780542383462143,713.6230889539543,513.3839200693569,0.7130476274253171,541.5102209823251,540.9491934833877,0.8543286585962782,721.6986145272425,591.7167471653536,0.4988357297613402,569.6852262139266,589.2002667654938,0.7079085621665592,677.0978859728853,582.768547085046,0.42645498775005225,604.5606868792975,593.7040321436197,0.45395841833599265,690.4071863630064,619.7536300986618,0.027793125440851864,630.8367191196082,629.4879179385864,0.0314982735289262,618.6349137508565,652.692937702321,0.0047836004017660465,659.1078572504372,648.9584186677669,0.004791766203532093
539.0,673.8150489994621,328.7292426816448,0.9609030034441649,670.2236292428573,316.77632456299034,0.7525201610957024,657.8921459083217,320.59408240286496,0.9698925320486917,650.515225667025,326.7335016809757,0.14471976916126594,615.923971629916,338.44822720370826,0.961322732991316,686.7310613748457,408.6424677188983,0.9665006792553192,566.1295685271663,425.3997713521854,0.9782677205997325,713.3767981771583,513.4742359198318,0.7134776820286902,541.627641718262,541.5559513615968,0.8551975542772929,721.5610201002834,591.3828654520946,0.5004467623883401,571.2842583889727,588.9885801638706,0.7101651977960978,677.1504211392224,582.6741422767398,0.4268883182688208,604.6139030556246,593.7609892508917,0.45460840634927074,691.2303212521643,619.8423989260043,0.02790694249808837,631.8557443150363,629.6402762721686,0.03170945909192125,619.3208743939709,653.0936722299108,0.004795812261914972,660.4973319459165,649.3160131735843,0.004813162347140074
540.0,673.6490527927496,328.8966386259145,0.9603113140753715,670.0306477510461,316.9025706913196,0.7492558126784827,657.8785185679021,320.7089422767976,0.9693923941093199,650.2126677387125,326.7243393767014,0.14431336328211858,616.0295339443338,338.3589242186186,0.9610038868523625,686.5602623676581,408.6445496100814,0.9665479955389688,565.9108017096654,425.4350942436585,0.9783515388993294,713.3057078608418,513.2646270104284,0.7147855415718112,541.4266090720175,541.4441243445458,0.8562857650876464,721.4870119396204,591.3313309475391,0.502125544735526,570.628422362299,589.0727312000668,0.7117348769510105,676.8936728249945,582.5047780062895,0.42889673642804776,604.3944645719092,593.5987671821043,0.4568288651981672,691.0838059530755,619.9148939214944,0.028050646250222466,631.6527212345121,629.7422485522676,0.03190685438849521,618.7648513908022,653.3136395834441,0.004800428643813136,660.8409713007235,649.73122230977,0.004822241039858755
541.0,673.519747143237,329.0387835162321,0.9599961529295185,669.9361683298752,316.9893932949388,0.7495244638532643,657.79593688593,320.76727959337666,0.9690476302541505,650.1742577146646,326.7177400475667,0.14627324215746704,616.0481121430604,338.2694032402804,0.9604605087875752,686.7625433226068,408.99747580986286,0.9663209944180465,565.6955984454333,425.5532394069945,0.978200332819697,713.5755630560026,514.6124354247166,0.7104308972898511,541.5127416574693,542.1447059056234,0.853561695599445,721.2949932231131,591.8335480083601,0.49624678627167856,571.0874878569396,588.9734151831499,0.7067425031534423,677.041632857916,582.8921734897173,0.4217002917405024,604.4446083452623,593.9029638028865,0.4499301097035225,690.6997699663935,619.6708611778166,0.027544141721644703,631.9998414233185,629.4790137254464,0.03138741979880868,617.7369660581253,653.0099743749411,0.0047542844747310575,662.2240463152013,649.7503109510099,0.004784599250528821
542.0,673.2834167761903,329.0711645764652,0.9592732924590688,669.7472618412316,317.07518103231195,0.746952287381137,657.8243428696353,320.65811299945153,0.9683446305849723,649.9172988319095,326.7509308630912,0.14769789825487586,616.3428048377409,337.8153928916637,0.9598345777291158,686.6122380213244,409.1454449025046,0.9662963620181023,565.5049680036374,425.4123560204761,0.9782802523182496,713.3991744795361,514.906869568249,0.7091097488300776,541.5437835830027,542.4202398424596,0.8534557254304076,721.0972730732642,591.9282500947086,0.49395678955753464,571.4754226851923,588.9534441920573,0.7055902007507623,677.048846619083,583.0418161843896,0.4195217368942041,604.5929962622549,593.9056470353675,0.4484390072020457,690.4650388948413,620.2179214599881,0.027226208642627953,632.6487165260177,629.6245934256066,0.031147510561950278,616.8014367933222,653.4811949953589,0.00469111105269592,663.9817427199891,649.8942991157243,0.00473922628916559
543.0,673.063703659253,329.1421566616957,0.9593613909147144,669.5449005472918,317.13503631762836,0.7480330464789697,657.7016314003826,320.6730984058142,0.9682817146760845,649.6715075804344,326.73340184421573,0.14882682665645613,616.257221666793,337.6584811583375,0.959678898178114,686.2649206653474,408.9387218921261,0.9666802484155824,565.3102746460065,425.376112653657,0.978183314489793,713.1837549703164,514.3201534744134,0.712263363605045,541.649498255771,542.4722609171607,0.8524671410420651,721.1518298351543,591.9581805893789,0.49677692949477864,571.7137655407114,589.410951435526,0.7042614746021203,676.9780318512856,582.8859725050658,0.42179301195531094,604.6389656868407,593.8453181068483,0.4485381905280544,690.5829422327216,620.5189698010208,0.027408219602350573,632.8968652967569,629.9866923003894,0.03110195649979951,616.8202132771538,653.8858666870397,0.004705381908348779,664.4922102366481,650.2747629673149,0.004727080320990734
544.0,672.4564052261967,329.6623079426694,0.9595415573505215,668.9837319169013,317.4540201496279,0.7502180764936275,656.9419705243726,321.3509826293938,0.9680769142936209,649.5100120692291,326.51121709844506,0.14939493236188964,615.408547755697,338.1541524267337,0.9588511010112273,685.7579147968577,407.95533851352695,0.9671147882076471,565.5088269278647,425.52119361083635,0.9776801764906962,712.9068598302391,512.1474811975437,0.7214608640797576,541.5560861045543,541.818846036191,0.8513597319691525,721.4485908916254,591.7851933205959,0.5096538040831715,570.3215204331764,589.682026303049,0.7063625201652005,676.9172906891484,581.7325925272536,0.4273915842230403,604.9698962527649,593.1910760584742,0.4491686158731989,690.6927966173564,616.7383858928108,0.028584837170012655,632.3871508117298,627.1099831876968,0.03176354325908064,617.9082357897073,650.7183762740641,0.004951722227506575,663.4699416529746,647.6618684851882,0.004897648199511452
545.0,671.88696256756,330.16249153819393,0.9602147624884383,668.5987602714681,317.79858059094266,0.7554360367780876,656.182317614952,321.9049856575266,0.9685183053243119,649.7627039645664,326.37867888194506,0.15153939657938167,614.5712902449525,338.4231497842368,0.9583988162533345,685.7406253187528,407.6112891191453,0.9669128156839363,565.6670306424244,425.47342848752004,0.9775087799654648,712.9015997171982,511.6202231114037,0.722069968085134,541.5991308643887,541.2025938414498,0.8512015459255194,721.0882611738674,591.629968533014,0.5133066587712879,569.3988443351496,589.1830181423315,0.7084717592477152,677.1102956419699,581.197886732921,0.4279579996999861,605.1991255082675,592.7708641708143,0.4496634257084723,690.9431392794706,614.5169685550392,0.0292154924631315,631.7496163538392,625.2734188649447,0.03243801601125815,619.1968642831856,648.2847357388396,0.005129011097852471,662.5490637318045,645.7399314209039,0.005071995794779029
546.0,671.6024847062574,329.9815463407882,0.9595993292717788,668.3731815498952,317.67893540422335,0.753688657973126,655.7966772437984,321.8000270176508,0.9681324352890277,649.7858267833778,326.38461095667003,0.1514636303226792,614.2618025564815,338.50958449647123,0.9579838072941305,685.9466059032737,407.6983947681535,0.9658973044684346,565.557070945217,425.65067209511807,0.9773162176071323,712.9460416996436,512.1355686664912,0.7126375478503861,541.4357087910594,541.6970005751449,0.8490366125376506,720.5237034924638,591.5528282824142,0.5020903625282181,568.9785947230348,588.573834329252,0.7038619950411088,677.3933507652973,581.132257503085,0.4202032491662306,605.3666397093774,592.7182613211131,0.4450445439644457,690.742148581689,613.8121046561191,0.028798923485475556,632.1282038887429,624.6297228588618,0.032357178182116024,618.5346231353415,647.4362866801622,0.005137428798432627,662.808227279378,644.9340030312942,0.005126132996101005
547.0,671.5180947838248,330.28114608490364,0.9598196705874145,668.2903918026728,317.8255640577236,0.7555256516642761,655.5337296858228,322.1904910213137,0.9685875125571232,649.9512575931611,326.32961239453476,0.15214689309768872,613.9508648498379,338.9851791988789,0.9583077650374995,686.0535730046097,407.48561322838617,0.9652009779814947,565.3197542167702,426.1728189853925,0.97729210299204,713.0330339911791,512.3709028899331,0.7040014966280078,541.899281868067,542.8793523798636,0.8469818522673095,720.4878187355465,591.680926633413,0.4914783687858188,571.0619619978377,589.7031393202617,0.6985185690350703,677.3248026240209,581.4195456865668,0.41435904872700136,605.0944566452521,593.4594621894363,0.4416199425125296,690.750868825283,614.5086447691536,0.028335848306993407,632.585872825469,626.2879619077692,0.03217043476667861,617.6790288943274,647.6761161082949,0.005113424969424541,662.9304564482969,646.3997581640234,0.0051386125331051085
548.0,670.6614908928817,330.91110937368654,0.9604951426974935,667.5696892334455,318.23118874995305,0.7607759209720131,654.6430404286352,322.85603992413104,0.9688156147070629,649.8722652266268,326.10070826931917,0.15645097557398596,613.337405091245,339.2147450145839,0.9577650413265045,685.500698181612,406.9226695813306,0.9660478107627974,565.474534319991,426.3655768182971,0.977555677666779,712.3941682686021,511.49926135449516,0.7118608462420849,542.0853487324416,543.1132109246075,0.8490334179387732,720.422369962269,591.2871001426395,0.5018117351468786,571.2925231958642,590.643052553345,0.7030117018738211,677.1852241530648,580.9680495341161,0.4249508125705525,605.4216834570159,593.4550283269378,0.4502446667646139,691.0973666019083,615.2175740897728,0.02944040854650072,633.1689977475071,627.8667371320581,0.03320634187984481,618.6385511652078,648.1221381709292,0.005256758167778201,663.2193539121107,647.9594763161693,0.005262117628633769
549.0,669.8651448444147,331.7413203420172,0.9607541839789474,666.8713635436933,318.81659031595865,0.7632958447876225,653.8822033360891,323.67943021531653,0.9690344246107246,649.630804259409,325.9900938104027,0.15980097143179486,612.8539127338224,339.4758963371782,0.9574320236892143,685.2797002624493,406.96642389105585,0.9659436207976212,565.5079359274819,426.1585199739414,0.9780198655572355,712.3455049101736,512.0269084062332,0.7098615227084024,542.5597016782624,541.9096833176028,0.8521228708915282,720.0708912888056,591.4592757370552,0.5012412151918312,569.9620139231546,589.4408884127744,0.7074298963213117,676.5358737144651,580.1984463843945,0.42582238292967795,604.9945910602374,592.6116001350243,0.45471646224247353,690.803827719638,613.6414566480962,0.029871125047459347,632.5265676463066,626.8153983932863,0.034195338704786034,618.0548504411272,645.8416161422952,0.0053794610850936,663.0581615209093,647.3169010220128,0.005444491975561999
550.0,669.1447625152738,331.3224715812867,0.9593796658009534,666.2942512959739,318.6190329886058,0.7560338559599541,653.6242037168561,323.0384895156709,0.9675423557748354,648.9736830335869,325.6250842627383,0.15997436076544266,612.7847743516313,338.025293505239,0.9563357117126406,685.0053346862019,407.04614286099405,0.9668753349835041,565.1194850088588,425.44865179511856,0.9784389348523796,712.306809079454,512.1041990287451,0.7192508085103522,543.4258664186976,541.7886456647116,0.8563754553654993,719.417304741951,591.0629839471835,0.5121186621279279,570.263999644045,589.8125692557121,0.7141055195924193,676.9074091214562,580.7447863048327,0.43678534488544424,605.5128430429799,592.632608208471,0.4644653266027447,690.2437879282744,616.1251251574718,0.030487938639861007,632.5477296967401,627.9868008200452,0.03477160032223682,617.3543833096586,648.4790176242512,0.005348643704362145,665.456479137875,648.7337267935147,0.005407262474269912
551.0,668.9477055586948,331.21482294893895,0.9589082043333722,666.118558573071,318.5982791931835,0.7524425134938115,653.5020002039233,322.88083858551323,0.9669798811632548,648.70571358595,325.55944375793007,0.1579940482660815,612.4331494328825,337.6133728167631,0.9560463241608216,684.635651936987,406.984130374834,0.967564128050054,565.0326341985223,425.2253505880445,0.9783494823183808,712.1031933245395,512.0520397030634,0.7282397802037452,544.6003507315752,542.0498873206715,0.8578956518298384,718.5726062849224,590.9338908760685,0.5244111096009769,573.5915887741069,590.2463048823251,0.7193260906218063,677.4984238776817,580.6058299643491,0.444636500472803,606.2989979322454,592.4366078452393,0.46872005773994463,690.9290349455879,616.5680138209789,0.0312769753264307,633.6733566340163,627.965838370039,0.03522421992037898,618.7758153074449,649.5128810641805,0.005409465007894895,667.2149980684496,649.0183178735997,0.005419093926614317
552.0,668.3496534047027,331.31122817239856,0.9612059887622859,665.6644473902636,318.5455153912592,0.7645738262552655,652.6845708085262,322.97740938891656,0.9688499742695582,648.7985471499429,325.40440435478996,0.1638930193845845,611.7385214318788,337.7838489669112,0.9572259048426458,684.6395368893016,406.9673639876184,0.9684552349202413,564.6434093238009,425.3520851029038,0.9791344325904253,712.2286757637664,513.3437731365657,0.7295139506177037,545.2507290398356,543.0109971132699,0.8600570342573655,718.4604354425721,590.9204484988583,0.5256207226572472,575.4529660172574,590.2702488043969,0.721708536397132,677.5595722499199,581.0778606238765,0.4461780071435655,605.9265945573577,593.1470097458063,0.47149591341872243,691.4565259398727,616.9705233634288,0.031167291113093493,633.5592010607646,629.2533059668199,0.03532303635821379,619.3193572158957,648.9008800565081,0.005374305591640989,666.5184045991174,650.0009914068486,0.005409235802985991
553.0,667.9168605507662,331.9205019563623,0.9625030793376549,665.4656384795662,318.9637755275682,0.7737198145613086,652.1518575036204,323.4550002979277,0.9697786731710691,649.1588141831135,325.5781931295229,0.16921629297285698,611.3353710961817,338.0258977423814,0.9572872068712626,684.4028043039202,406.72911694657597,0.9689564059898461,564.5066420312245,425.618339451802,0.979013862733737,711.909842916493,512.6779932415781,0.7321044108446794,545.8481040078001,543.6148038296095,0.8578532252654795,718.7399675447379,590.0211755101598,0.5292887669969982,577.4971888371841,590.7255338106327,0.7194327154709247,677.439812785698,580.7582390152079,0.44840085919005207,605.7263099324856,593.195169801025,0.47075558679079255,692.5093584105783,617.1048737703006,0.03157860503989321,634.2003159401193,630.0165559439016,0.035458756224216716,620.4136114123031,648.6216974270228,0.0054550682089319685,666.5899551130176,650.452495260271,0.005457148469946918
554.0,667.584187476097,332.43287862177425,0.9646190343709568,665.3260657165848,319.3021079597093,0.7849907226307111,651.624946291617,323.91730344813277,0.971440251146259,649.5738507439355,325.6465809376083,0.17402053759659905,610.7880060625348,338.33226724270054,0.9582154429222277,684.2854115203719,406.4501427927088,0.9699989678520754,564.5687943090089,425.49525450251224,0.9795020327889034,711.3792513428164,512.0926681593685,0.7398667285638476,545.8060316118884,543.1842803205021,0.8608240873573367,718.3273627682546,589.3890481098293,0.5402881226759836,577.7486823676999,590.79127979816,0.7256049337939828,677.2065974007945,580.3953213749782,0.459772465188326,605.3210619270825,592.943752496783,0.4805302607135155,693.1570743674429,617.9608157426874,0.032653835950375874,633.3713297225182,631.1428436633277,0.03645581328881734,622.1279795867214,649.0490305919737,0.005576194089202455,664.6144782820293,651.222938562662,0.005556517299968729
555.0,667.5039581217978,332.5705748633511,0.9649171820479386,665.194014867086,319.3782784271634,0.7853746088497207,651.5923937295953,324.03406248085486,0.9716676289005605,649.3085607931775,325.5876548333692,0.17420543642221897,610.7371136040839,338.3299024555602,0.9586153072681316,684.0959579419715,406.33960316104975,0.9704524419503232,564.3593308911459,425.21126004795985,0.9799513256132374,710.9538725688958,512.2218323223699,0.7436644006247466,545.5002385702905,542.4577674798259,0.864087954169847,717.5666175360175,589.6803269002102,0.5450715860849481,576.596990865698,589.963021380644,0.7306958460613584,677.0355678297601,579.7754635769311,0.46384570033499456,605.0873057027835,592.2381100097463,0.4853477028538819,692.6846332348756,617.5604159240335,0.03275521290986389,632.2562905116199,630.8508265544103,0.03662975113225063,621.661308115271,648.2201010749255,0.005540206389960578,663.7463115378237,650.8082740044355,0.005525575325743409
556.0,667.7840058518204,331.8754905842699,0.9638837537423889,665.27513524736,318.8861850396686,0.7786880980659624,652.0296894768051,323.36524614488616,0.9707848787203116,648.7682222077519,325.62648019642234,0.17026524098021725,611.2037077705314,338.0685772631503,0.9583835923450111,683.8343174599081,406.51895751705877,0.9702332502955643,564.205677529569,425.2019093993295,0.9797164589630012,710.8056168422165,511.9327066274817,0.7438125116804317,544.8238730428616,542.2245354071073,0.8634134654320774,717.4355357960616,589.4577685545776,0.544347492545408,575.2014630367742,589.7441862088453,0.7294019369392456,676.7893576304884,579.7741399028704,0.461110760417463,604.9590623151947,592.091528768021,0.4819497775698166,691.9547130945454,617.0383159187479,0.032245106431047665,631.8477055841104,629.9588429531609,0.035912502763624156,620.7809280578954,648.1866422276573,0.005435565528250262,663.4479093368125,650.1326221849789,0.005402939988296346
557.0,667.8787180427909,331.3966280380185,0.9636147817080025,665.363104711123,318.54523396285003,0.7774506326913343,652.1267848784724,322.85195199109086,0.9706333654487049,648.7031896014147,325.64523171301687,0.16933050662603355,611.2409361497103,337.7808636463547,0.9583093798731225,683.9196571551317,407.0027382237682,0.969715951124366,564.0948753984734,425.17021048226,0.9794979176644506,710.9802777790343,512.8055549664268,0.7386897000443149,544.3660124417434,542.3864575680434,0.8615230291058139,717.0137764284738,589.6434395443331,0.5379601508017303,574.4574916054889,589.5679196357531,0.7259987042906106,676.6953030886128,580.299319584805,0.4547102048172829,604.8257518890069,592.3090213819532,0.4767402431596906,691.2660389350169,617.6365819412708,0.03161734062739923,631.6306926059142,629.9524368909184,0.035346360816179874,620.3078930970386,648.9791741608756,0.005354479629659085,663.396848077586,650.2388691048283,0.005337474937388938
558.0,667.944915034682,331.36664010081404,0.9636781780106849,665.4484671626545,318.49128989477697,0.7776146105512529,652.1269807646294,322.8016620666164,0.9707910332830005,648.7755098762603,325.599226542706,0.16907167282772287,611.0877857578691,337.74046650427556,0.9585631088200619,683.9997182059196,407.2854665516707,0.9695759275508461,563.6063525379914,425.1204057145894,0.9795215028772438,711.012751232623,513.7296610391497,0.7360257265015416,543.9812227790774,542.1051070993901,0.8606653511712616,716.1654651277108,589.8640894383957,0.5343724390675255,573.3893768619791,588.7949786157209,0.7242371020759403,676.45040831298,580.2772373797166,0.4517978574402468,604.2864259340761,592.2084055040726,0.47468520860843116,690.7044985742734,617.3908203156742,0.031368423417826884,630.8974245517761,630.0462332139301,0.03514946653931143,619.3172488985427,648.1501246157088,0.005332748837977261,663.0726474613507,650.4291186377606,0.005320690755767526
559.0,668.1127331060942,331.2310373158685,0.9628900071444194,665.5199223162303,318.4300123213756,0.7736601274836522,652.4064785594894,322.6606316537584,0.9701617368638848,648.4576383652245,325.68826680557663,0.16752528533412303,611.2872592405943,337.65166576686124,0.9582756534982111,683.901146714663,407.57856279626253,0.9691916073282825,563.1732347324163,425.1979705326703,0.9792367131153988,711.1889085317032,514.9538641641024,0.7313119183044684,543.7176128036187,542.5849093941978,0.8571009234821955,715.5623458076976,590.4921457630757,0.5265848721836236,571.5162754553837,588.2744276444442,0.717515924532769,676.311815945754,580.158841651285,0.4432335498063893,604.1045718030914,592.0236715751075,0.4660915892059949,690.218896992438,615.5859569207697,0.03085680824276231,630.8079930277934,628.4401571705835,0.034524297041704156,618.0290414517635,646.452123311851,0.005319501824102934,663.8323376719043,649.4162078649371,0.005299034643074955
560.0,667.9659971304179,331.1761716678882,0.9626969950476787,665.3950845737412,318.3742573311593,0.7738031906160632,652.3094408215538,322.5821848978668,0.9697810629519282,648.318805885904,325.4943711231908,0.16816372611243685,611.1146978233674,337.38268547471307,0.9577260269545923,683.6179895146591,407.3313512474901,0.9694998202045454,563.0811205609549,425.26865770039706,0.9787770394169225,710.9452898046618,514.4833007864199,0.7340903049479645,543.4341071538216,543.1817013290172,0.8531929831468436,716.1423381408566,590.9654539309892,0.5281085392284088,570.7431291112115,589.3841367130528,0.711903173996751,676.1836332771519,580.2419805781752,0.44321305149228096,604.2348331273879,592.2059499140806,0.4618350406588833,690.0204379086026,615.378823924122,0.03115984958090443,631.1136914246928,628.0722665824744,0.03428660492205432,617.7913036001794,646.695476984872,0.0053938540453792845,664.642158604393,649.0259671368322,0.0053100199362638495
561.0,668.6408792454466,330.194383786886,0.9602484941177095,665.7884469849097,317.75804013195886,0.7599373882463072,653.0591478460168,321.79511234922956,0.9678251300751924,648.0276762093584,325.6932776578967,0.16158383246805594,611.8766357360153,337.39027742583164,0.9572444657320993,684.0292788375511,407.4929494672352,0.9689950423156346,562.7926496938159,425.2570733864513,0.9782965512709287,710.9307928556996,514.4598376866995,0.7327236726217918,543.1189307420298,543.2627608441859,0.8513749860536229,715.7611060412597,591.7070806934163,0.5219096001147364,570.9250021035172,590.2868077159841,0.7059852351732335,675.9683972954779,580.9004091121534,0.44091751642745175,603.5861246013059,592.7052173244045,0.4585567937525853,688.6886969087641,617.1384892307492,0.03007875202500527,630.5156107411401,629.4817487293187,0.032922055259094536,615.133676845995,648.4105128657789,0.0051486873656879685,664.1865084603847,650.008520903447,0.005044143789513506
562.0,668.7147783249753,330.1919968347299,0.9601243009584097,665.7948275416973,317.7839318699891,0.7583782385231725,653.0942990795152,321.9194555399094,0.9676483815532829,648.0569060964227,325.77828687980303,0.16047185369452122,612.0288606778712,337.7151771736143,0.9572480611571784,684.0200167169205,407.26998075160554,0.9693185605173344,563.0412665661592,425.11794852953597,0.978479759309163,710.6982778775194,513.6234036774524,0.7382812529663053,542.806255466994,542.3498553237904,0.854599935322528,715.939568238096,591.3143104290051,0.5291941496381953,570.5246326730739,590.0182172318579,0.7116612589376936,675.8266376279624,580.4433459405604,0.44845047848844655,603.4623264001631,592.3280784691768,0.4655400803019577,689.1045811372692,616.6587839843319,0.03059845999042667,630.3726758630985,629.2245190863051,0.033421864422972646,615.8501095892152,647.8481424945983,0.005187444127271721,663.1469399624846,649.6517647864442,0.005073302115934515
563.0,668.6230551927931,330.3956888869908,0.9609656958129655,665.7779776815254,317.8303197643769,0.7639878660447242,652.8599624943718,322.12639054949636,0.9682363334627281,648.3568709992217,325.59318645479834,0.16357565102239807,611.8272081607945,337.8563074388466,0.9572784210820492,683.9530255096632,407.0872711433559,0.969578604034972,563.1133605730466,425.0404576471198,0.9784707096318757,710.5646038184863,513.7773489753881,0.7397406823939873,542.9952544523212,541.9765309882717,0.8536892282438565,715.8206258797222,591.4554914704679,0.5309463598461425,570.4941350805863,589.9497766561107,0.7105414406698408,675.7384725989098,580.2473463897868,0.4482488792640555,603.4296106876371,592.3162417707484,0.46419366916258403,688.816310024777,616.5117811427426,0.030468810761898696,630.0881970571296,629.9328851071583,0.033127389588375106,615.6640556982554,646.7339460139685,0.005162311780571938,662.5167963020028,650.0547401491855,0.005030376147356731
564.0,668.7246019288516,330.2152811176029,0.9605789923826156,665.9211491607045,317.85060195486466,0.762744850449006,653.0533591398187,321.8768849564539,0.967992681241261,648.3360210224467,326.02189039503224,0.16333241533730594,612.0714069987876,337.7361254207784,0.9570854328490521,683.8818889604363,407.69911397631256,0.9689468024832757,563.0060842433055,424.9006272593735,0.9782316030783486,710.7580077879414,514.8252686577803,0.7334609277470348,542.9340512517431,541.9855736278023,0.8515178493081776,715.7449996361865,591.7737113758566,0.5229251789565433,570.5948369729238,589.486696847452,0.706339848907029,675.5574291667348,580.5224470763006,0.439473412541891,603.2775008199172,592.2432767331453,0.4571036002115368,688.2083338870298,615.5929601928719,0.029846652713500194,630.0483402237921,628.5022829671987,0.03264812121134092,615.2557998850103,646.0306201378307,0.005126129420319072,662.7461158992047,649.0256454685019,0.005017584343374802
565.0,668.6733964310739,330.1485167493166,0.9597240441717538,665.7738343558635,317.81237760516655,0.7575372568238512,653.0895277939118,321.8289247163662,0.9673158930191256,647.9760254442881,326.0567629159904,0.16111772155478019,612.1898168692227,337.75370542421933,0.9568536719908066,683.6588257857969,407.55012522111576,0.9687604849529229,562.6470542340978,424.8597274547574,0.9782719986004539,710.5710969466213,514.5125160891286,0.7337833328575882,542.7288548989643,541.9145353186566,0.85301599169233,715.9528225166142,591.3348131077435,0.5236195960202794,571.3272923318939,589.1319903914853,0.7085438418652508,675.5121571376048,580.3864589430956,0.44004937375347486,603.0951581507378,592.2284888670191,0.45845590273919373,688.3239895262911,615.0233121489905,0.029738498548942737,629.9303148233092,628.1735311780594,0.03263379038407831,615.0919373205082,645.3029491068311,0.005096147609742444,662.8192949889045,648.6057834001185,0.004998452597541571
566.0,668.2859809751163,330.2537065887099,0.9589857154934365,665.3554278696716,317.97978100228937,0.7538064103518027,652.8742741714902,322.0007951773055,0.9663799090577952,647.5927550151306,326.2680330309651,0.16127057971734005,612.4348803522645,337.975896771602,0.9561482085338118,683.3791163660127,406.99814534300623,0.969237915842467,563.0410110872004,424.9029479801387,0.9785403649710701,710.2066108382056,512.4983241869066,0.7417689826211326,542.7108435589241,541.5329784415452,0.8572654197080383,716.5927765505216,590.5233682887684,0.5338382934821221,570.7968121896835,589.3610055931804,0.7155296799278295,675.5978576431569,579.4616800496531,0.44857601642355527,603.5206531922645,591.4788151943509,0.4661462128204609,688.403921585348,614.2242106817693,0.030173115248530342,630.0040179554702,627.361165258411,0.03301124243266002,615.3799790154976,644.8627411829807,0.005090957824548843,662.4692071010946,647.5604286335556,0.0049870555016949284
567.0,668.2220248581688,330.36121687365903,0.9582737848991653,665.282148602631,318.08577409880223,0.7523139962327062,652.8812514322868,322.0628524806128,0.9656053802334529,647.4305664837789,326.3209049694759,0.1618861265683707,612.4435911747546,337.92695758890545,0.9552415930508308,683.3642109504561,407.1330007971402,0.968975997871421,562.9046487351012,424.91654129484937,0.9779083861405451,710.1509683556802,513.0261199305793,0.7399731031909786,542.5551201644222,541.8417273835239,0.8525526654725564,716.3590010288594,590.9486546959555,0.5306807431476526,570.3697064108676,589.2056220475522,0.7085846765991277,675.3699672553012,579.419620172038,0.44126412905331763,603.3408862946907,591.3043218264144,0.45649882978761575,687.504492841739,613.1707938747483,0.02974385924848123,629.5052544253156,626.0246225640328,0.03222003053411604,614.2573730917776,644.3215633847524,0.005067965601936762,662.8333536121746,646.6271850920365,0.004929696941281785
568.0,668.0933746588726,330.3645948120604,0.9554968835030238,664.9573110800316,318.08258053214377,0.7401787739336297,652.9779594610342,322.05656813190575,0.9630703378482443,646.6128422180906,326.27305804221623,0.15898458082335207,612.7012074146178,337.86009712539135,0.9532903629396723,683.1376207799835,406.9984343557478,0.9680101836157737,562.4976078886541,424.796278561893,0.9772065695238238,709.9027221019155,513.9025515996283,0.7338522740479949,542.4778490208539,542.4033973847613,0.8480985388331695,715.873734813866,591.7109144394981,0.520985873995024,569.8516820989589,588.8464188485511,0.7002835617567096,675.1899940343509,579.4328219510018,0.4307598158025906,603.2004640321169,591.2870578246072,0.4462186633187905,686.6658915685947,610.3494593316434,0.029248004606910284,629.4557735478475,623.1805529217344,0.031671661401113035,612.0732906669253,641.9482539119823,0.005096364484203555,664.2252470601135,644.3205424117823,0.004957495471323475
569.0,667.9127621273618,330.77510486829493,0.9578549512256133,664.9361023611533,318.3429886637733,0.7530686703798792,652.621822140321,322.49337620486693,0.9651350038751578,647.1665538839725,326.33254156075935,0.16546825176639618,612.5427592698289,338.2761589565555,0.9543972912342965,683.4999182497537,406.9572889815365,0.9684175973183041,562.5614781715545,424.7608224413096,0.977918142732151,710.1612385534065,514.6838979379605,0.7313263176597479,542.3695892448316,542.2937590965083,0.8494780187299663,715.6552455405114,591.6949943101291,0.5174454458423536,569.1344392694509,588.3781472880936,0.7006152336785156,675.2175136699651,579.2273017161051,0.42879858834944545,602.957309878187,591.2188929647587,0.44695176417639104,686.9587352802259,610.3195198774963,0.028872491477715163,629.3587041795013,624.0188474831391,0.03160966457951546,612.1506325987604,641.0676677850649,0.005038760035051125,663.3492832164596,645.1953268667885,0.004941778910854126
570.0,668.1335926556396,330.91675513173453,0.9593027746525806,665.1871002231488,318.4040723257622,0.7616031437190409,652.6516715772854,322.61087333930715,0.9665588583124791,647.4975470677041,326.3896073138803,0.16799153643941112,612.2959495743535,338.47466547848836,0.9551696862569766,683.6142141590751,407.3473052226207,0.9680859687199476,562.6866249125948,425.16049432796893,0.9774024095688308,710.6382833765147,515.8849508640861,0.7238377094393834,542.8540414147138,543.428884803222,0.8427836848289453,715.9595317732268,592.1854891635155,0.5078432104923005,570.6997046132941,588.9345092097639,0.6905859869600454,675.3767591325557,579.9809919239649,0.4166110004794963,603.2158802491514,592.0542070563391,0.4336199472164896,687.4888835477328,611.1508073187857,0.027982022271229343,630.7708486666631,624.91638717389,0.030545105955065273,612.8726082992807,642.0661302342908,0.004955142962011337,664.5880621956638,646.219173528469,0.004848317426115221
571.0,668.4725880032134,331.0153728608078,0.9601718227030336,665.6152411592352,318.4558979765101,0.7655979403508447,652.9225127007027,322.6439563357577,0.9673400565899082,648.0132147428241,326.32764688632386,0.16762887331648316,612.2903107889174,338.3528646936083,0.9556329862160577,683.6598505736604,406.9301498785931,0.9683324723424562,563.0266234955983,425.08222742811785,0.9771277344269998,710.5434232115258,514.4394155969136,0.7276381710903272,543.1752010675591,543.2144617875844,0.8418293555275426,716.3825516135821,592.0234450891942,0.5132704039321513,571.6333786676582,589.5102805244828,0.6910183115238727,675.6066637109741,580.0689646434626,0.42288753709480564,603.4946851954641,592.2348698318231,0.4370487350215605,688.0295438428985,613.1460693765422,0.028572124600058552,630.710586501336,626.6826574839702,0.03084050376502672,614.3719284264326,644.5226445779041,0.00501870620353178,664.0275177970387,647.7435871749395,0.004870032257841268
572.0,668.7037559400429,331.05796510965956,0.9594956978306914,665.6906433308131,318.42639596534553,0.7597113568870573,653.2461237017587,322.733002332126,0.9668117717162852,647.7794949680779,326.10167917311037,0.1634577465294321,612.5365143732548,338.3483731572411,0.9557317725631278,683.3750366556484,406.4080262304118,0.9686482324643726,563.1813964551359,425.188716481285,0.9772261010435064,710.036657446344,512.5124613378605,0.7338845433171117,543.0184679747573,542.6936357639051,0.8449086892300223,716.8360474192668,591.3772145086401,0.5215939328620695,571.148984430411,589.777714222693,0.6969364996814632,675.3926024476951,579.5882827649231,0.43214437950933693,603.5333678519825,592.0171497420579,0.4449299961752482,688.693499893821,613.1058624350294,0.029381593671498923,630.9436402853479,626.7491336514532,0.03155322860091552,614.7758101607433,644.6769054374499,0.005109249581642155,664.181771231382,647.4647468420491,0.00493687039412874
573.0,669.0955622186987,330.7836216742741,0.9589184707624848,665.9805292233004,318.1566151168207,0.7553895065513897,653.5858548180593,322.4838621167591,0.9665900584296149,647.7866664776313,325.8971542514407,0.1601158734385233,612.6125076939874,338.2024520992476,0.9559639882540887,683.4552577492932,406.51590236712383,0.9679661178679224,563.1640742005736,425.35085006137393,0.977122047371479,710.4235429251275,513.7726412972245,0.727191009238895,543.3955025928051,543.795460453833,0.843426348917988,716.5853635286995,591.6411814802808,0.5135825452522628,571.6449291198606,589.8885877343666,0.6940095423355166,675.9445915871656,580.1190334821758,0.4240266150316559,604.1785996615713,592.6420657349802,0.4389317797057816,688.8307103129762,613.3316020812106,0.028642255147701638,632.1690027869466,627.2036609880898,0.031009414740276492,614.5434909869861,644.572472695925,0.005013663057774174,665.7078207250252,647.8021587149835,0.0048699774151846125
574.0,669.4476867999804,330.2484252286997,0.9576722207897866,666.2411435416269,317.78259474333083,0.7486640215890635,654.0927469220825,321.8828652810843,0.9656219649278744,647.5710246493527,325.8256940642754,0.15688426012413637,612.9891086781257,337.64617714792337,0.9556574064964767,683.3463210177654,406.63314667289495,0.9674952887540241,562.9568732611092,425.2366331111022,0.9766431111547534,710.6514642042382,514.5370341933825,0.723016860747537,544.0161208530142,544.733532514268,0.8396905040439935,716.7611307462361,591.6994278027181,0.5073398462330218,573.5433314370356,589.8231602947342,0.688070137217898,676.3859436027166,580.2632636405241,0.4164258944181549,604.7057847216714,592.727463555251,0.4306238290086196,689.0110355036288,612.8681613752374,0.028118506326851395,633.4408315395771,626.4310571717461,0.03037739146080682,614.2421470396516,644.6789953962711,0.004960882827527551,667.878263909929,647.4831377079287,0.004809753888395934
575.0,669.6118791604526,329.92648660331554,0.9564672384513929,666.3422073856044,317.5717549118738,0.7430028625195314,654.4648007209802,321.50362561842985,0.9642550526232004,647.3528317835605,325.77838691297467,0.15504035208874273,613.4327243627955,337.22710959780665,0.9548133628939602,682.9915343765853,406.2036401794605,0.9680383084990271,562.867128184487,425.205833088687,0.9759521604850694,710.3007595848364,512.5791813074811,0.7311636369224229,544.2192571472125,544.5399890224764,0.836604020998549,717.923202269795,590.6096139547752,0.516689545972524,575.4048200789636,588.7704467117052,0.6865013363092228,676.5245359812046,579.540765039361,0.4198333132625034,605.0768388756954,592.2135127140843,0.4276729786885273,689.422777817777,611.7455743529297,0.028481231176845468,634.3704838013703,625.1970784547162,0.03004197972067105,614.4248913358326,644.3978900525965,0.004985748956117832,669.5734048121964,646.2333607062332,0.004750767827695795
576.0,669.6610829800189,329.67595735761586,0.95600412378941,666.2741299798406,317.37779236221,0.7396346374957133,654.6457026995708,321.2973111278267,0.9636854036489803,647.004930988631,325.6859571168008,0.1531588789116683,613.6721539413596,337.11383474883087,0.9547023154604425,682.6808927939219,405.7583472403624,0.9685728945161071,562.953940525789,425.27929928386294,0.9757926077239129,709.8724464701928,510.42560189580144,0.738369520203927,543.7384811069815,543.8898900286616,0.8371101646443322,718.2952963466312,589.6896843785568,0.5256204159601776,574.5116871460104,588.0256882232338,0.6893824179514272,676.36537838684,578.7299377413291,0.42695629667905793,605.187019920734,591.571898659334,0.4313236734938793,689.9167316282453,611.212358825546,0.02915061121340149,634.8114988850643,624.5068041552953,0.0303397076661778,614.9070366488845,644.7039168625463,0.005049472079795428,669.9890393233587,645.5155191459014,0.00476461746600203
577.0,669.618064097474,329.77165133283086,0.9572834232727128,666.3013387763574,317.42467816069177,0.7459509736732809,654.5378508709982,321.40663619337386,0.9646852732796576,647.2820823792306,325.6488066537757,0.15574747482746842,613.6668112314458,337.21554308710455,0.9552299098463959,682.8107177388483,405.6803606507803,0.9691630424877894,563.4644462833402,425.195608423427,0.9761987194821039,709.7282951006124,509.8251252129011,0.7422580114589891,543.6746978702445,543.2998099137636,0.8395673911401431,718.2782083618022,589.3591131676652,0.530903610044443,573.4095373341094,588.3902818564599,0.693191177823176,676.1111970057332,578.5669667663506,0.43220531275830765,605.0998302863738,591.3225791246423,0.43633720821982547,689.8764222611517,611.6521959041285,0.029520558922911767,634.4500567376085,624.7271842382759,0.030699457691018554,615.268647792956,645.1558866779867,0.005077197680551762,668.8990441873359,645.6198855584289,0.004789666144509767
578.0,669.7647466467057,329.62030768701635,0.957841413477235,666.4552241126066,317.33942303845777,0.7484399646374393,654.662095416948,321.2698938976177,0.9652197209159047,647.3772331570526,325.70727002149516,0.155363073743255,613.6914712744373,337.1974900383128,0.9557271040887165,682.7959771252072,405.50970605876137,0.9692422276409629,563.5764178711178,425.280968071684,0.9759675069384329,709.7379442325754,508.61798835479965,0.7424118511539128,543.7099072138981,543.2083302533393,0.8375172019582799,718.9291849212759,588.1558243365824,0.5311774034884668,573.164179864272,588.4063902224517,0.6907499412726053,675.9731314737047,578.2158319874933,0.4317102262632467,604.9841264935293,591.0179945064639,0.4342409798143443,690.1166122692875,610.5740924583667,0.02981260890581406,634.2331124417143,623.4087725995154,0.030791626854472728,615.6704622101479,644.7545876521195,0.005166029619547894,668.3629285391038,644.4627534599741,0.004848384148559648
579.0,669.7906071870799,329.54963983754567,0.9583365261592507,666.5117543087587,317.27595147991724,0.7510941126315872,654.689347161072,321.2084256196242,0.9656296586705434,647.5013471925331,325.6733559548103,0.15626068458296624,613.7774264775052,337.1698850602625,0.9559583987013757,682.6998571257401,405.3910750379347,0.9693703562428615,563.6667476350497,425.26886478077245,0.9760365810395553,709.6259779845745,507.9889121032884,0.7431575676359262,543.4377581157585,542.8053687443921,0.8375380996701333,719.0995600974345,587.7513346936154,0.5321321682356914,571.8861056089854,588.3897176389204,0.6907182690352838,675.7268752341384,577.8124935892309,0.43396070236839973,604.8294701472959,590.6727296605048,0.436212020526907,689.9433227985244,610.1800895811463,0.030207524537433868,633.7234944393135,623.2484370067974,0.031141987944223768,615.7397728781307,644.3891079692254,0.005243954727528919,667.5076853326601,644.4452670939545,0.004914417472145334
580.0,669.7830067596299,329.17986806576477,0.9584748906058975,666.5126588565251,317.06929585484914,0.7499982969959487,654.8624309484375,320.8172264238035,0.9656579646160341,647.3957860728196,325.67778479979233,0.1561254251088501,614.2086727831839,336.7734377293125,0.9563276103873013,682.6581213398256,405.41105425450115,0.9699368951151037,563.757279490443,424.9411103510882,0.9768069357176444,709.7821574463359,507.4677530153116,0.7481840432925277,542.9838382340952,542.0523474135839,0.8435743722905293,720.0886608145895,586.8413151347653,0.5391221789442272,570.4115820555332,587.302475720878,0.6996720330581244,675.8778522461282,577.7771950303553,0.44010399252455334,605.0097243258652,590.4698219040056,0.44392914510321285,690.1585083108167,609.4894970349969,0.03046241529844324,633.3840989411076,622.290440911537,0.031602603060662295,616.2203475641919,643.5923550722199,0.0052272290499281,667.1154140244596,643.4445899628909,0.004922511318118136
581.0,670.1121689768,328.78492289676257,0.9590177758715701,666.847415281671,316.71310584010814,0.7528423236924353,655.0018224386835,320.52179904981307,0.966054464401295,647.8250483302032,325.53245420568703,0.15576182812005865,614.1562514288764,336.8467513630045,0.9565338515813576,682.9801956307007,405.1303912569792,0.9700944318692168,564.00640425227,425.30126415780796,0.9765162103291307,710.1491476881301,506.61552447263085,0.7500796702345163,543.0870870023965,542.673091633303,0.8411486683169881,720.3823754470116,585.6913431676962,0.5419661216641805,570.1527470724362,587.4109369197263,0.6975320457971845,676.25407331418,577.8022240670308,0.44306236414860833,605.2428654795916,590.7559649653995,0.4441749821565932,690.7419606787704,609.1590895464952,0.031111259798757816,633.4535069757122,622.2203349184606,0.031908254271729226,617.3266977144077,643.3138163554947,0.005358614343159061,666.3778270437189,642.9237660226028,0.005003731354463003
582.0,670.7024993042045,328.2159473849772,0.9579219374305219,667.2086642877462,316.3183708503005,0.7432416100816815,655.5402317457444,320.1570310071065,0.9653707999575385,647.6995442907889,325.58640736651245,0.14871903773896283,614.5110248113136,337.06496147507124,0.9569866650828249,683.0290882130284,404.7562805725715,0.9697609753305276,564.3720274904018,425.3066199150365,0.9766886148959926,710.2540606003728,505.6512422936336,0.7510363177937323,543.1076918784573,542.5434541998161,0.8451245212979207,720.2064575098927,585.1613840645938,0.5437314599903481,569.8582387345233,587.5514903845607,0.703367282706742,676.7126759142795,577.4652886075911,0.44797315863600684,605.7780645697725,590.5656455509218,0.4508737670285072,691.5886629735702,608.342799113283,0.03156357580181953,634.2497161040785,621.4148547327201,0.03256735409123339,618.3800865475132,643.137281844855,0.005414722534923877,665.9754178978569,642.2241570403686,0.005073681126929914
583.0,670.8599223303745,327.9621898757932,0.956216726265194,667.3312257167652,316.1979780248494,0.7348640951209087,655.8014045750231,319.8778841411452,0.9641234558603239,647.6096374427017,325.60458536474283,0.14526076354715275,614.7095828693706,336.7643382949249,0.9562963033985389,683.1619087389448,404.9259324377623,0.9687508410250127,564.2129699247303,425.29711497286166,0.9761350254306307,710.4822364165341,505.56825290530804,0.7449361175110225,543.0135380469571,542.6370798959858,0.8427935691973635,720.5695749461745,584.8587101035173,0.5361229573698862,569.7542139614154,587.3692230488265,0.6992531220775662,676.7696793156214,577.8908697726304,0.4435931566282226,605.7463140178302,590.8191135202936,0.4478469349833412,691.0117566918577,609.5780990913323,0.031169398611718965,633.9347953593523,622.1392862116371,0.0323106892688539,617.6428035135358,644.4449459415214,0.005370560304878616,666.3846843712198,642.7817632731771,0.005049150362830982
584.0,671.1246745643153,327.75858078026147,0.9565240088591801,667.5699683294039,316.0681264550579,0.7332842479806655,656.1247267160012,319.6529116309949,0.9644941018838887,647.6555594330313,325.4715316563563,0.14267564986758058,614.8257034761978,336.4288642965181,0.9569557988708339,683.1354905563333,404.69572923065436,0.9691652642597832,564.4810795496036,424.98215925329833,0.9766325824918318,710.3985808244852,504.2566705693315,0.7512344830632632,542.4864460084432,541.7072308578676,0.8487385433249729,721.1180432502616,584.4488030536744,0.5460761026322613,568.6825282575874,586.9714963756496,0.7095391827408696,676.7742078516665,577.922878210749,0.4555917683142838,605.8360845690123,590.6144,0.46036288628930205,690.4326902250209,611.536183936137,0.03201415170041147,632.4184713254272,623.2820006364226,0.03321092022059737,618.2794507578977,646.6822732257126,0.005405398708201211,664.5590117588663,643.4483521680827,0.005083225383468253
585.0,671.571858148224,327.57352191169093,0.9560646052163189,667.9561836075133,316.01556856944734,0.7299701634887514,656.5599874274787,319.5216561591741,0.9641862460542809,647.8202652821574,325.6685706621633,0.1404256737665123,615.104246994894,336.49798097966755,0.9569755909235927,683.3046572439996,404.82037299054,0.9688365008344398,564.7534992048797,424.9707122085468,0.976485397129078,710.6669574760851,504.64901766676786,0.7498164412817412,542.430859745933,541.9294947714103,0.8486013164067878,720.928765379794,584.7585976570572,0.5450913548889811,569.2333731679898,586.3651042015513,0.7102462563763143,677.2431876886964,577.9501925701729,0.45109533974193383,606.4285811019517,590.548627815571,0.4564364460539186,690.4135750244092,610.6557107004761,0.03158291562438872,633.1275149889827,622.0926948705472,0.032814705570476665,618.687512155403,646.2277085876946,0.0053477478091956835,665.1918618494278,642.3054733192555,0.005033148808526786
586.0,671.7863945759818,327.4392477626545,0.9560861639971506,668.1760768910609,315.93124308297746,0.7297917525725364,656.8218803837366,319.3071452559811,0.9640524193669924,647.8584448863071,325.637409399468,0.13978574870397975,615.1770294418965,336.1824514033386,0.9567724183273003,683.2402756625144,404.93220508401856,0.9690717242438047,564.9372958993667,424.7550736126535,0.9762064569692197,710.5702603279777,504.64536864310503,0.7531049446039606,542.4693134463217,541.6743178424572,0.8476649227189009,720.903072827712,584.9366414592818,0.5502090210767735,569.6791112269027,585.593934192642,0.7111522428163278,677.2807029329897,578.0050470982388,0.4518254495851342,606.630010044285,590.3515830578377,0.4547026530118193,690.2515054258132,610.0505459019553,0.03190428976571408,632.926554592477,620.7292577273495,0.03281852467603697,619.2426525055162,646.3230479586939,0.00540231191786962,665.3087722570388,641.0852438493547,0.005048085141877105
587.0,671.8405503141834,327.5132849809209,0.9559775720502948,668.3264276125253,315.9281139641388,0.7308493422149906,656.944159694703,319.2445778608428,0.9637961677061082,648.1458033247965,325.34589308379964,0.14136697857076222,615.2858261623709,335.7086009190302,0.9561140356265402,683.5016999215898,404.9674058926226,0.9690764769804913,565.0785758523737,424.579379514875,0.9760130248815939,710.7650424486419,504.5664906811648,0.7538579553995647,542.5492338303116,541.4152666109034,0.8466812266349515,721.3956405875929,584.9629717151917,0.5518130712743989,569.7857267447383,585.7406106905669,0.7103024452245117,677.553662380679,578.3925481154263,0.4521488953614158,606.8834329463098,590.5775901165779,0.45405594988130177,689.8846972690686,611.0024102305431,0.03190980560535344,632.2819995817831,621.3167866600528,0.032692128081547034,618.9470912373857,646.9028859574416,0.005393076919450898,665.3831742903307,641.3090347409695,0.005028223497568626
588.0,671.8481023449075,327.7090095297254,0.95674977132609,668.2517757192129,315.99393797364024,0.7352849449563668,656.7459845016883,319.58982559237506,0.9647121371720138,648.2773802683469,325.3740782595405,0.14276889513596783,615.216744308516,336.40565077097284,0.9566605413539881,683.901032973036,404.8678867912224,0.9685046285639065,565.3697392801828,424.8401022469225,0.9761923248850659,711.0409332213701,504.59584858680154,0.7474770578037495,542.731896769832,541.2683672225955,0.8471382609472079,721.562141191385,584.6278827810299,0.5442840909408088,570.4398564887234,585.0882475360555,0.7097020439035182,677.604765542301,578.3042472602463,0.44677238775876316,606.7182923698812,590.6763307911971,0.4524095103535094,690.0995316386376,611.1449922885795,0.031135101538555275,632.103926394787,622.0204028764286,0.032372738748492384,618.8817720424086,646.3986756866077,0.005293458153245176,664.1484093041594,641.4774110543292,0.004987908811757408
589.0,671.8682083639145,327.6345539890876,0.9574800296177877,668.3013330788285,315.7934435764705,0.7397013822413383,656.6759813318084,319.49915172679965,0.9652667028064246,648.550274713423,325.10999226745434,0.14542636865139502,615.2716301953561,336.3774342616851,0.9568902012892507,684.1660610453283,404.96931423915424,0.9688552395928108,565.4214758932528,424.95577607969915,0.976446199034143,711.1370676135888,505.2984133033147,0.7473282319056012,543.1968332594372,541.5594892236613,0.8471714975340271,721.5919183079293,584.9910845823133,0.5439189553735155,572.8250420682614,584.7980200203689,0.7096252040599009,677.6899138775495,578.5755813880551,0.4461665948044471,606.6765300197428,591.0729611766543,0.4519010245238724,690.3077377670132,611.5373955929354,0.031012201370661543,632.6632934951436,622.8667223637318,0.032307506676122845,618.5650834351312,646.7571349185538,0.005263692599825936,664.6597996185042,642.5757830639327,0.004966929248255097
590.0,672.0018893559994,327.5195721666503,0.9576707991308041,668.4561562241018,315.51336323545934,0.741266237469657,656.6687760076248,319.3523544901688,0.9655828099219831,648.9526673450092,324.7785145407602,0.14669831893273533,615.3721648912758,336.3421818166703,0.9570231510979409,684.6022437758982,405.1018468823507,0.9685085218854707,565.4870077250926,425.0828882184274,0.9765946318520419,711.3887204568921,506.51728184996193,0.7416536616395752,543.7368236122918,542.2814671394926,0.8469682749887596,721.8500313407721,585.34349432036,0.5374797716364241,576.5267116713975,584.3008566418359,0.7087927410616227,677.931716161205,579.0015601537172,0.4406336085375443,606.7131214925091,591.639267176172,0.44893611517715093,690.6227619265342,612.4690283410324,0.03036549293900507,633.7330345146052,624.212069732695,0.03202554010219416,618.1475318123112,647.5171374962107,0.0051658525677359506,665.5754542714127,643.9872419983485,0.004917985457319501
591.0,671.9364241818898,327.57732692131566,0.9577185851057003,668.3315281968586,315.5290688824331,0.7415469504398297,656.4598333778539,319.54785714002,0.965651685012515,648.9591394795821,324.8518388343017,0.14674630879889045,615.2554821344396,336.8529563065226,0.957115295975963,684.733321733591,405.04861875580616,0.9684664852618298,565.6954593259146,425.3412048754247,0.9766479913999541,711.4745572106783,506.60176773085004,0.7412803100928158,543.8557099062813,542.5749483324306,0.8474389006863953,721.896003581335,585.3504995147882,0.5367474462138295,576.8204675328673,584.8960126397983,0.708936799789133,677.8912800376271,578.779442419699,0.44053047677917817,606.666885332447,591.5947709629967,0.4492971160038242,691.0007598836313,612.1434455027738,0.030285498356020298,634.2534585965992,624.2486629471746,0.03201889648897861,618.3603925519475,647.0725151213338,0.005154195043093781,665.2548281630476,643.9230227641276,0.004915058258450275
592.0,671.8815871088898,327.58548237934457,0.957166939900775,668.2233446750911,315.54257875865244,0.7387472253916827,656.3763404904353,319.65732274977546,0.96510924907859,648.871580917741,324.8900098487795,0.14590138170172015,615.2798367108927,337.12665865460474,0.9567912590791222,684.7249272817893,404.87853270623384,0.9685171136052488,565.8411106879666,425.4365147945821,0.9766065375672469,711.4839867037763,506.060585359224,0.7436140986875636,543.9638061554207,542.389463595363,0.8481585025899554,722.1144777899237,585.1318758737779,0.5390367401894073,575.9155069073597,585.6594590552062,0.7094472162346015,677.6751245764173,578.4203143793992,0.44451007056600383,606.5002438274123,591.351428633604,0.45260433449196313,690.8882413429745,611.9257054934801,0.03060191989611012,633.9521277578267,624.3425661942856,0.03225765254455591,618.2027928236525,646.6054266446455,0.005190112984270864,664.5813752735537,643.8964765537852,0.004938028013198124
593.0,672.0024739029219,327.4763758536105,0.9561403708251686,668.2411584477871,315.5136208928172,0.7323363950351495,656.5905860255576,319.58879178817153,0.9642515487048305,648.6175320317076,324.9955243214899,0.1431770106594936,615.540499279438,337.148452769585,0.9565679756861559,684.5226311186614,404.69455152433795,0.9684497653537156,565.7590797871499,425.31459874984967,0.9766065052473247,711.4371868222354,505.646351818652,0.7454979361985362,544.13583166601,542.1235103730012,0.8496221097432647,722.3289788991332,584.643993779421,0.5412264997565713,575.962040045293,585.0295075307959,0.7118287245229935,677.8511043238559,578.0058876341362,0.4477894283771955,606.7093378643018,591.0449221407725,0.4558081448402107,691.4952532707509,611.5275009391025,0.03079607319463034,634.5429146071999,624.1917590342888,0.032464771801108246,618.6985317594753,645.9521104574814,0.005195792080036078,665.1829616016562,643.5983013803683,0.004942322196558662
594.0,672.0639706439877,327.4681209738676,0.9554333964966539,668.2641215790421,315.46994512339313,0.7289181422326856,656.6328729198895,319.6370271238052,0.9636417911703644,648.6461975165155,324.8979191824052,0.14194863272011726,615.6029792216088,337.23640574336366,0.9561536483271688,684.5591590939956,404.45079815566555,0.9681970079721001,565.7750768333241,425.31268856121915,0.9763988048541957,711.4111259138906,505.6338331886965,0.7446395313040114,544.2600196027987,542.2203127821226,0.8487815667092061,722.2499886927377,584.6060093290662,0.5403969091430308,576.4278255221127,584.1398647941429,0.7113086792810563,678.0081389102348,577.6322838736892,0.4459815641424573,606.8717400920756,590.85233646385,0.453817975144594,692.1151713942611,610.1414616308745,0.03083855478628414,635.388526589618,623.1866380402465,0.03250811277084772,618.9614680791669,644.5691300879117,0.005235299796581159,666.0395896066599,642.5917533019483,0.00497865302631224
595.0,672.2045887167213,327.56202525785113,0.9550281382426007,668.2727161941383,315.52384219564664,0.7257058433665274,656.7677121189253,319.8036270675026,0.963500396156606,648.4621529979961,324.9366839914994,0.13987153551341464,615.7128793663635,337.53074415542716,0.9563495022593028,684.5060976983798,404.28516304564647,0.9678483355454173,565.895070678711,425.50051041451167,0.9763814487185616,711.4250059981969,505.18762857689825,0.7427372558110923,544.1113184571238,542.3630264401226,0.8494407709712367,722.5054578845675,584.3468488289535,0.5383698554992425,576.3656117237332,584.4021448324812,0.7120054068143361,677.9680263426126,577.4193347506124,0.44508107934060415,606.9401921785363,590.7931340018032,0.45412754279983664,692.4559622044769,610.2792780672602,0.03068226172049463,635.8649829830905,623.4206007782425,0.03250440645743572,619.1185937962937,644.9411070529638,0.00520672134165574,666.1217324867077,642.8152060438214,0.00496797897174046
596.0,672.4249005672677,327.6178676003631,0.9549037264259073,668.4470554634313,315.6771847435225,0.7233349535340711,657.151369024959,319.8094441037756,0.96360085410837,648.3169813123066,325.1940885939258,0.1379360262687482,616.0712079216538,337.4431036900457,0.9568107089008577,684.1732798139033,404.24544764961615,0.9676742617424429,565.982876014115,425.36437840811675,0.9764689099114022,711.2574437060206,504.55037892595396,0.7419307782415485,544.0523514436591,542.2432305446171,0.8506853614553946,722.8148248306479,583.8014614826824,0.5377949566424478,576.1024445759135,584.8374893175322,0.7135612150534665,677.7137926802205,577.1402806308457,0.44424021064248004,606.950140797414,590.4493245983866,0.45430834755965616,692.8004728707679,610.1568579957153,0.030519410726008556,636.3320621394786,622.8875041865606,0.03247192490607163,619.6786124205277,645.1563624268482,0.005175226724087245,666.5723168301945,642.4048196402276,0.004952795507809737
597.0,672.8330330751811,327.07288257849285,0.9539931508594157,668.8552662728546,315.3219267356654,0.7183905627739001,657.7416992490731,319.1952828389947,0.9627423728749255,648.4169382126905,325.1878586436237,0.13631062685988085,616.6970326069555,336.8803607646582,0.9564918655988693,684.1291866328324,404.383231086317,0.9676967929923692,565.9244402879643,425.1125025732611,0.9762651271061693,711.2434047608363,504.5444485286621,0.7427872003218106,544.1324882470187,542.0916689524574,0.849354689639656,722.6838639803888,583.771168636093,0.5376672379579651,575.6964576835802,584.9783592498587,0.7112306290401036,677.5961025242641,577.1278591394638,0.4440702460897499,606.8761118633763,590.2975302273833,0.45274395571419246,692.7714023225891,609.2626321167088,0.030690846910577402,636.5161314115738,621.8225371461222,0.03246180803834183,619.4094743421209,644.6899599566276,0.005219224062160014,667.2763318759291,641.9693972950505,0.004972428013972713
598.0,672.9022515252026,326.8655437712477,0.9545898336266484,668.9757079825412,315.16887531189656,0.7201124618387674,657.8156611705897,318.9612107271293,0.9631645119157297,648.5535868470353,325.1220313825915,0.13608664244738788,616.742366802973,336.641398666385,0.9569056144193385,684.0371560626738,404.15059006364595,0.9682326682958373,566.0672600482535,424.8929985258695,0.9765107080626445,711.2028716803877,503.9915565476319,0.74768148738521,544.1839021610274,542.0296554834853,0.8513542016255737,722.9552941260952,582.9651778200043,0.5443322953428185,575.2903747727058,585.4162426523798,0.7149531745124458,677.8007948190982,576.9223604285564,0.44947832089211853,607.1563675208159,590.1078935904998,0.4569788632204358,693.2403643335442,609.3377944343696,0.031096055819820684,636.7012810150432,621.8013795260624,0.032741657288506455,620.5147914553772,644.8185582975177,0.0052403421197583415,667.1826056079585,641.9368844648467,0.004976248066075556
599.0,673.1284890183704,326.17831770881116,0.9532789198122846,669.2107466389224,314.59182598842693,0.7146821120820692,658.0904021633712,318.28648756068,0.9619293439418056,648.7460290109483,324.64805864978774,0.1346537644218517,616.9727821786844,335.96582321818136,0.9559168357229996,684.3143126987061,404.0046419089598,0.9677924224634102,566.2345926637568,424.64965465454304,0.9759866555062193,711.6657462584376,504.165464340363,0.7451785960236642,544.2262003833753,542.3175377031333,0.8480815992473665,723.5009808261278,583.2725425754717,0.5401152011612492,574.6722251733408,585.4532556512772,0.7097952554929404,678.0009352418328,577.1569358173776,0.447376125282305,607.4195628520979,590.2308060822845,0.4539149362772949,693.0944690932437,608.8023097259525,0.03139009977267269,636.9871904180901,620.9481141124635,0.03291163059622269,620.1248503524629,644.597472973874,0.005350012234391217,667.7487597803552,641.1885822135562,0.005066194095188812
600.0,673.2485822675255,326.23573695440484,0.954264122403452,669.3238193488785,314.6467988064075,0.7187598686938218,658.0877821439065,318.41390503399106,0.9629064453579501,648.9594133290374,324.77709014994934,0.1351126281819316,616.943658110696,336.2781144867408,0.9566182498082094,684.2471454729817,404.27348056218085,0.9678404979457025,566.4100222035029,424.7026178312133,0.9762327132379404,711.5820484688165,504.48334408767454,0.745285015313789,544.0237286253863,541.766840873593,0.8498870703321935,723.4775692055117,583.73271099416,0.5408052301823577,574.3677242783301,585.4134517375136,0.7125456252665501,677.7238711884979,577.2875060904084,0.44867532201308674,607.1894659865751,590.3569494611734,0.4563653381472276,693.2542181944285,609.3586019590895,0.03128386213697085,636.7652739286332,621.8277979404564,0.032953161047073076,620.886683785821,644.5060059916697,0.005313853155713052,666.5588404896088,641.7772364597773,0.0050461089599024515
601.0,673.1363958196631,326.08252403411444,0.9544135949550917,669.2851042050094,314.57867031297906,0.720650813032237,657.8541845241128,318.331839872822,0.9628447807352589,649.1522183589358,324.8830803179449,0.13578487696968763,616.7240123469246,336.4195518862333,0.9562180397491201,684.3349104591188,404.19247006251305,0.9678172357696561,566.616788074519,424.49454267605125,0.9759763843111565,711.4096488494307,504.0575221473018,0.7479534870145199,543.6113893494523,541.0998035462679,0.849810823111713,722.9084443452728,583.191453722708,0.5454131656294583,573.4522365678333,584.9620567878333,0.713798933248483,677.592930650796,576.9613504145742,0.44932111914468087,607.0024589973085,589.8739125880381,0.45576624728443554,692.5108332585407,608.4568345046632,0.03127716373131153,635.5106910176806,620.6809633684209,0.03273244154717489,621.0266988449614,643.4880131734244,0.005305491785479251,664.4532128178043,640.3109813612169,0.005015333574018164
602.0,672.9250478800597,326.28749958118544,0.9557904827818001,669.2911871303212,314.62643046018695,0.7303409499276659,657.5566393485232,318.4265045708364,0.9638734767011476,649.6889739658935,324.6443265046484,0.14041853014999708,616.5121439503928,336.2224157187071,0.9562091945708404,684.3982998758986,404.19928138052904,0.9680605885728693,566.6668389865739,424.5964216804555,0.975887327854184,711.3973468251974,504.469252786894,0.7463081518507246,543.738407709456,541.6902890899851,0.846494326432159,723.2563216132073,583.2294403721769,0.5427870303252804,573.5305742916598,585.6319725440279,0.7085858386553313,677.4618474146793,577.1813276628742,0.4479100593171951,606.9188105998011,590.2280188831586,0.4530868465044851,692.7965445553078,609.2917891727858,0.03143727539136962,635.941280010359,621.8972037539892,0.03277746185622075,621.2610182522525,643.8694309721134,0.005368548558420678,664.8253893381641,641.4514422234471,0.0050643130919284275
603.0,673.0087624169978,326.31674549825055,0.9558658380917338,669.3887969988338,314.63257380941076,0.7308016794256157,657.6510360949127,318.4236701159058,0.9639904385720153,649.7764237496724,324.6339293831085,0.14055965308528842,616.6234214901073,336.19042264024296,0.9562931985559505,684.3735151098371,404.0525981198072,0.9679244360128084,566.7160812980421,424.59712342944505,0.9758907204670757,711.2499491389219,504.12174626639245,0.7449066184746976,543.9446130613795,541.7819812956682,0.8461768791834469,723.084463787272,582.7680011185996,0.540947939560218,573.7544989968417,585.9853287716873,0.7074756769205686,677.4608017195451,577.2263897535581,0.4470267145057278,606.9393906930508,590.349474475219,0.45269332812068924,692.7639129427438,609.7588148266263,0.031244175004441658,635.9933764520276,622.4815735939114,0.032633834896949064,621.0071934931209,644.1177216043617,0.005335258995549545,664.7753494633034,641.871946271042,0.005039783626157303
604.0,673.0009217381039,326.35263522012804,0.9567914442640145,669.4084668532652,314.69303661607125,0.7343095611107048,657.5314919841751,318.48972434374934,0.9648704117976694,649.8294690124925,324.7849499688888,0.14032664213210602,616.28632763092,336.37625763233825,0.9570476996128645,684.4372837745289,403.9615126901826,0.9682128640358416,566.444202861263,424.5875825203589,0.976084897246217,711.3926708566581,504.18248787656495,0.7466683344493489,543.909758454582,541.9705990346456,0.8472873542856245,722.7554027219626,583.0992100063237,0.5431947820897746,574.3542413534817,585.8599955900158,0.7095408216199467,677.6156185638662,577.6798095618308,0.44977385377510337,606.7245399629915,590.8302015574774,0.4551887737764408,693.1022784721752,610.3581248714822,0.03138594795317788,635.6190201155675,623.0896378814704,0.032745543440455806,621.7701659939321,644.8783389658167,0.005340177604272273,663.9561265769355,642.4072812418278,0.005038419516572783
605.0,672.9774834377154,326.6574126601306,0.9585566294645423,669.5590980403962,314.95348108255865,0.7446235348123751,657.3338216547481,318.7604610100407,0.966441426780884,650.358077163351,324.98188209532333,0.14375255162476494,615.9727539082927,336.60974798072743,0.9577771069588826,684.5746796316071,404.0257013546691,0.9681992023460766,566.5781672731542,424.6137108102117,0.9761036057401506,711.4130002972369,504.27055580388634,0.7432807725815309,543.8108362483299,542.0215787739849,0.8453488707640404,722.8349149584608,582.9013079643454,0.5396325588416035,574.5114012455184,585.3795633201939,0.7067971089155215,677.2719179001367,577.5904481978085,0.4444760681233897,606.3528456357953,590.6564862236576,0.4504080771817007,692.3732411550767,610.2283936065157,0.03097307066097521,634.9019909601236,622.8025869059059,0.03235815979904935,621.6087945267673,644.5482283903733,0.005314590640177601,662.8068935312358,641.723711491533,0.005019140924676226
606.0,672.9421305395209,326.7523872114492,0.959148909094926,669.5092236655271,315.0568360910986,0.7464513191629949,657.282060141748,318.8995036741247,0.9669845133386629,650.3351627148223,325.1341678839862,0.1440405362828221,616.0180413308791,336.8582258552693,0.958378361768282,684.518406565869,403.93686846468154,0.9684887413156547,566.7772151498865,424.5873557230369,0.9766774037783478,711.3861121368585,503.5502446131201,0.7460442064211861,543.5464499328984,541.3116143082644,0.8497109445173566,723.0395837569883,582.5042072922308,0.5436203538766359,573.0441456141347,585.6922096764935,0.7126677550413383,677.3318916954487,576.9146848501134,0.45037548938999356,606.4666642606861,590.0015896733817,0.45801870629338354,692.3859709447271,610.3429989016811,0.031247247489764585,634.2459870116005,623.0929428791169,0.03283260212221538,622.1474470689175,644.3649372500267,0.005307469544026835,661.4952071568866,641.8976944020538,0.005033157418967764
607.0,673.1421179308129,326.64520993043004,0.9580921070754386,669.6035002429139,315.09853760300274,0.7392071542272364,657.6837288234431,318.78494752965247,0.9661686017357256,650.0643169688459,325.37025496309633,0.14135460419895998,616.555940815752,336.7648549604872,0.9582385726670355,684.4492340129227,404.2160895118343,0.968370289842701,567.0262086739144,424.41436426643975,0.9769447305605781,711.3282557979405,503.3436691359128,0.7478029757637507,543.6575719317041,540.6459612527448,0.8537773325578766,723.1140833898594,582.3778056840347,0.5462958537108419,572.661591604375,585.9474798344547,0.7181707668066525,677.2338069433832,576.9003644954465,0.45409283860011657,606.5317275834344,589.7111354206097,0.46358313692643355,692.2207737735558,610.8216080867215,0.031231920729427536,633.9116179539235,622.9827040728323,0.03304773718060097,622.1158942282458,644.9235796092665,0.005248872591037226,661.2552790191979,641.8838488305182,0.00500340414862079
608.0,673.5144773858649,326.72423140350867,0.9577366723527808,670.0342593430344,315.3197700018239,0.7356305419788229,658.389533359252,318.57037855570684,0.9660222187254272,650.0476058208093,325.62333660520216,0.13971684230022866,617.0954956993339,336.0021608203363,0.9585590819773289,684.4339962492645,404.74376448204254,0.9684636844069056,566.9782524512447,424.23697550192594,0.9771679639381461,711.4082289949548,503.5471195385359,0.7479874375568608,543.8469181589847,540.9611489463123,0.8554585668748413,723.4073240566045,582.6301703698979,0.546712968378405,573.2705357958914,586.6504100150711,0.7204058834144527,677.647769096038,577.6960117837191,0.45461713461488795,607.0652993201053,590.0350065539402,0.46496052946732314,692.0730043642294,613.2637331069201,0.030971715811888897,634.0912057809853,623.9769147348937,0.032891959100876555,622.0645092913213,647.9337256845636,0.005148255265688802,662.9688306631502,642.9915941710027,0.0049232421275595415
609.0,673.5484441164892,326.79010106486595,0.9575484089062228,670.0974306106305,315.34139560986586,0.7356713143746146,658.487197644886,318.577274996671,0.9657929811726609,650.1352713769816,325.51274972254646,0.14081023523321762,617.2547956471969,335.8358684701471,0.958278914509768,684.4747562375163,404.7116886862545,0.9685330263915797,567.0242513330971,424.337064616086,0.9770841451437915,711.2016509564488,503.4023036883915,0.7479556579277298,544.0892959372919,541.2294464401275,0.8542599868576305,723.3324657217021,582.8694387198814,0.5456305436298474,573.4470458025803,587.2561566474544,0.7177873604337728,677.5595113162576,578.0226135182676,0.4544182744778557,607.0471509545067,590.3857534720513,0.46396098899456656,691.4651706423911,614.5277362549258,0.03075870334888151,633.839683593732,625.2535320532322,0.03256116373284729,620.9364464377958,648.8454980364553,0.005095571127674359,663.1622701135458,643.9019811972458,0.0048628072272958725
610.0,673.6820251243611,326.8444804651228,0.9582743525772239,670.2360188914404,315.29834763270617,0.7385859928384075,658.5379508629604,318.65083463344104,0.9664643834850304,650.3758947896157,325.30662057174544,0.141186793048871,617.2646825112007,335.874628140846,0.9587542080965457,684.4037448769437,404.52450257118073,0.9687117251121149,567.3531867608792,424.3255972911691,0.9773779014678405,710.8700682996089,503.4166385129079,0.7486976286265252,544.0288306327521,541.3842384672597,0.8559378603316762,723.4286104807702,583.2407473355017,0.5467795964712041,573.2183627669713,588.103465869501,0.7199498364264335,677.3521634711581,578.2252176504501,0.4569263009190583,607.0589258707843,590.6757608509924,0.4672499768003244,691.232891546548,615.3884445651723,0.03088941289240293,633.6728969587338,626.2847668618228,0.032791777709490835,621.0513464933865,649.3899711518656,0.00509994696497258,662.458979462362,644.6072230751817,0.004875748085843427
611.0,673.6420315053306,327.0744749337372,0.960114554176631,670.3856879796853,315.3887076216187,0.7486288450564271,658.2934740811199,318.8288074317991,0.9679973137422997,651.0398219587972,325.1446369576288,0.14464639472723573,616.9486385146153,335.8825948973111,0.9594427533492695,684.5655408104469,404.7223291781176,0.969175738621615,567.5620054577191,424.22576056121886,0.9778044837997527,710.8286761831205,504.23405059097865,0.7498438900390915,543.8708316752575,541.1598071020245,0.8574166127908168,723.6311587530013,583.6768799724658,0.5492277869798159,572.9615064095253,588.2861836396347,0.7225226214694025,677.2524337962288,578.6981174301192,0.46070373269104475,606.9387127236558,591.0769011349065,0.4716821313047959,690.7857465640052,616.6177559366056,0.03132511694359351,632.8333260256572,627.7640667653185,0.0333281436016092,621.5238917031202,650.0592027833345,0.005159580222935418,661.1897345935552,646.0279590367583,0.004940007176735283
612.0,673.6665691997592,327.16279120926635,0.961070711396914,670.6225089824815,315.4325560596897,0.7547171193445477,658.2592393826019,318.8122585075644,0.9687004350046289,651.65580686685,325.02770535971115,0.14705936624176325,616.8508861828556,335.5905124645637,0.9595134218939013,684.69878519596,404.7486456523618,0.969433907080956,567.6984324202947,423.99532258977956,0.9778257320278937,710.8642093535481,504.17038817314256,0.751291995575322,543.8216989698285,540.6883944335497,0.8569790398760315,723.6814139161258,583.2940363394944,0.5524110056788846,572.5138078934974,587.7640542696698,0.7231998240391293,677.2463562612714,578.572799831027,0.463377138500259,606.933843300361,590.8511630242707,0.47341862984133914,690.7210438983795,616.6351306705079,0.03191607447107615,632.4011654034039,627.7558244787472,0.03382804586286158,622.1691974758238,649.938897140921,0.005266719219898115,660.816861601603,646.118200828685,0.005029515356309349
613.0,673.9410704810728,326.8262377967403,0.9608891279937444,670.8859577556806,315.136830179969,0.7547101116189266,658.3272059435184,318.6124416998779,0.9685583904482343,652.0422424752752,324.99376066408934,0.14613090908514606,616.8614261330406,335.85239238307344,0.9592869675134927,684.8378611751084,404.5343989818307,0.9689469411332642,567.9444752030306,424.1621653542852,0.977222386343932,710.8390267703682,503.9373423308183,0.74843411521451,543.7993051280376,541.0342354888969,0.8530411274980917,723.7102992628519,582.7032689140275,0.5486231931596492,572.6503646106132,587.4708624575375,0.7177831696102178,677.1820016248665,578.4073516609076,0.45934546038708374,606.8758366516967,590.9142857837871,0.4679126152109884,690.9352958072277,615.9725324830675,0.031760850474867465,632.9215962816397,627.53934071066,0.033461088101030524,622.5563432086915,649.1868555542367,0.005289075845485312,660.2547547082625,645.6206579991368,0.005026734078618432
614.0,674.0969352027726,326.8154600319583,0.9609138233470286,670.9721274598442,315.0831242953289,0.7553629513264379,658.2697021366025,318.76789330125195,0.9686472492915819,652.2359741337692,325.03288259787325,0.1458995111248433,616.7853092792925,336.41192279420477,0.95935011072492,684.9575126685871,404.40928587583124,0.968640872054416,568.040178486701,424.44659798936874,0.9769855327456198,710.8781149375994,504.174319246861,0.7456062482076056,543.6962861043603,541.3757183209236,0.8509957429205246,723.9190016013364,582.997063196588,0.5440939853727781,573.0100639224493,587.1510958204594,0.7141813715416272,677.0273667849132,578.4907889985485,0.45631922309275075,606.6638434377651,591.2699317161886,0.46482361863210214,690.8185054483963,616.0744813957529,0.0313952971222741,633.1867482239878,628.3666807381455,0.03306392201970439,622.2146492349253,648.8587741569487,0.00524963878178601,659.5228010396195,646.0381775571284,0.004984802463242509
615.0,674.1135483577003,326.8773611261318,0.9607513539459517,670.8694872035522,315.08626564929205,0.7541394644429096,658.1695585712941,318.9495419455067,0.9686854259818585,652.072057463411,325.04542261946654,0.14474512987816707,616.6440353791479,336.8471245019949,0.9595778017252926,684.9681474341287,404.4033680177653,0.9682355978193495,567.9870159165964,424.7741796535985,0.9768664559208946,710.9345293451526,504.3834723177947,0.7413248767680141,543.7715204031057,541.6911060496349,0.8497400640620638,724.0140121576422,583.2314760105847,0.5383038372857735,573.7455853684986,586.8078857572693,0.7117549854902313,676.9756867410948,578.6058816959718,0.4517580421850791,606.6026063284908,591.5982884077457,0.4614103636543702,691.0706699216513,615.9587125759645,0.03095672712503404,633.9500030545228,628.6834384339577,0.03276891688022139,621.9005880478729,648.6851639070939,0.005207559577807402,659.9751370327889,646.228825607479,0.00496048568557113
616.0,674.0781568281878,326.5998185578083,0.9608811151507473,670.8491839732795,314.86755690164284,0.7554982617498772,658.0736180152921,318.74777456845453,0.9686182118266848,652.1726053755482,325.0490674857978,0.14578925922499453,616.676623018511,336.93792266001486,0.959466145208035,685.0435756979388,404.33860371876415,0.9685512223854148,568.1323587341933,424.9432272080056,0.9767836758088361,710.8409723334278,504.01398963978806,0.7439868640020152,543.9763941393629,541.7726281727432,0.8489044640443004,723.6965118321715,583.1461713428862,0.5408065899237969,573.9897670826567,586.9068811982174,0.7107169793969041,677.1255049763174,578.5471700595754,0.452750266585004,606.7513668160241,591.6779959862255,0.46053394948938603,691.3183498003847,615.5431736297603,0.030943579811797576,634.3815028485171,628.5782374428221,0.03252444841164256,622.0258782024578,648.3363117689717,0.005189988290699916,659.9228193711535,646.1063284064625,0.0049190733697492585
617.0,674.0848381319357,326.4546545252005,0.9613246287974715,670.9630629781902,314.78612709975346,0.758170961528187,658.155852359602,318.526573251665,0.968883547040104,652.393096185388,325.032743907198,0.1473753268263704,616.8614437877616,336.6076518978431,0.9595007020725644,685.0974896374074,404.3461234198519,0.9688437836342171,568.3626790405359,424.6623221801951,0.9769701408061031,710.7939746423858,503.49762715120306,0.7466894309659068,543.9257450248463,541.1410484737995,0.8504374006015678,723.581255831535,582.8719984903368,0.5446459219204666,573.2613092071845,587.0939049956531,0.7130996421248398,677.0430974166158,578.4599588366215,0.45619089083291825,606.732199619205,591.3798829417393,0.46380543456130574,690.909456859434,616.1011431037589,0.0311061445296931,633.6198605380724,628.7459201687726,0.032656815918354856,622.092592940074,648.9673128173528,0.005179644652045177,659.0290734236766,646.3455713521107,0.004907218867047288
618.0,674.0534014677895,327.713712472743,0.961992197218216,670.7847261206533,315.5453357786401,0.7613069898243293,657.8213643505477,319.94994697711616,0.9697210236212456,652.4557163912106,324.83791470716915,0.14769923587276446,616.3368398789638,337.7630661476262,0.95982072693484,685.3033603233171,404.37532105640844,0.9684785440800514,568.6702640812038,424.6263580332197,0.97727014197966,710.7730714739413,504.9573875202,0.7430919669545024,543.3461929790348,540.0094833083816,0.8527349114579126,723.089629729897,584.2501687354029,0.5412025079094215,570.8315483319263,587.7304825268958,0.7155763773608598,676.162130795457,578.4208176904474,0.45732663344444985,605.8633634077798,591.3824156821806,0.4686529353991431,690.6468047056541,615.5005115813386,0.03169174170456397,632.2886226059577,628.9585832932308,0.033725984678220994,621.5493879808228,647.8639138784656,0.005346712390989541,656.7954611656227,647.233670111339,0.005110954381589788
619.0,673.9275835548142,328.2081824366223,0.9614889275311619,670.617682573921,315.8672255810884,0.7599913084744344,657.6739033038155,320.49080641752715,0.9695897092487551,652.382504787787,324.7071593467428,0.1480058499802278,616.1751039378842,338.0500592040698,0.9594946821381625,685.4725235617365,404.46130494523834,0.9672512219788995,568.6792285031482,424.8332860055144,0.9771625413455918,710.8673722534407,505.78916658952346,0.7312211717009849,543.182755213761,540.1426639369503,0.8507838121638017,722.5858434888952,585.4413596593973,0.5260241108499664,569.2750851225484,588.2967185464328,0.7097985088789928,676.0191746618207,578.6068789375925,0.44869649766187475,605.7731504389709,591.5865174008158,0.4648895342893432,690.0268562476624,615.7889306032279,0.031209489624186806,631.932214073635,629.5443341728204,0.03380379393420643,620.0303409956109,647.6795350123549,0.005371113830778679,656.7900510601897,647.828912369536,0.005201120226407177
620.0,673.8759077781637,328.5602584914005,0.9619882478195352,670.6389025844888,316.19573423417677,0.7623282249721782,657.5535872866965,320.8224189281558,0.9700928400719251,652.5620680526283,324.9966550065036,0.14851260339360328,616.0235887671262,338.34186186925746,0.9598821524147029,685.5217260790812,404.62574626169095,0.9672740597277469,568.6934560953664,424.7643723372884,0.9773873068336673,710.8625794880417,505.89038493385635,0.7317959485639542,543.3030594951815,539.609454035076,0.8528846409852019,722.5198571661217,585.6236908682044,0.5274979676560959,569.0837626004073,588.0468674702117,0.7130502203119259,675.8821834711674,578.3904841413938,0.4503510518578407,605.495799643926,591.2561933569878,0.46779247827834974,689.900535696121,616.1632013338742,0.03110184885933402,631.1572019720577,629.9135080471387,0.03384652959160908,620.3478924706982,647.2511957681957,0.005330801113158713,655.7628952957416,647.6174403104965,0.005178327830361784
621.0,673.9220594872726,328.55557491370456,0.9620540466850538,670.6807671442657,316.2579593260646,0.7618952973832936,657.5887653599491,320.86775249429314,0.9701685993607059,652.6339495607544,325.14513783835207,0.14794124538668388,616.1059445001476,338.46720180872865,0.9601004030817176,685.4480657546932,404.4691981453703,0.9674821722493124,568.8578088247201,424.5952328385675,0.9776183234013339,710.5930766232626,505.81559370256826,0.7342196682373415,543.3867593158968,539.7130320100539,0.8552241097319299,722.533409302991,585.6800283726303,0.5303920672826304,570.1720154395067,588.4049415389667,0.7164764153319834,675.9550433739993,578.4418817510136,0.45495165844972635,605.6313002330439,591.3264659445124,0.4727018949903083,690.1284813361801,617.0871345612619,0.03132120644061298,631.5980801015394,630.742563730441,0.0341467995676919,620.9999194911642,648.1953729682873,0.005323723943476462,655.6962516270004,648.2737623105497,0.005178312612405934
622.0,674.0507545700801,328.3922507777188,0.960988924879759,670.7739358081201,316.18042665845167,0.7560026518738083,657.873923414204,320.65048756949983,0.9692775467071005,652.4758163028923,325.12825837386794,0.14572344166420478,616.3701546224826,338.1314342580965,0.959544320383998,685.4036255148551,404.4559025118108,0.9672007817705042,568.6886115510887,424.5752761620589,0.9773562124502408,710.6833128594394,506.0133741978923,0.7337429259761983,543.3603500170551,540.4471419603731,0.8542944619262598,722.7167108884931,585.9051273521314,0.5293425651455644,570.551234488343,589.1227975129203,0.7148732236994495,676.2161470140538,579.0680831119004,0.452467579868414,605.880955431967,591.9330324012084,0.4696654297179006,690.1908158771512,617.3772307646719,0.030983496956870995,631.9945856621275,630.753942976438,0.03371286084137699,620.8755265842184,648.7786439705461,0.0052652853652357876,656.8025855047515,648.387247831426,0.005115147999106209
623.0,674.0580162534493,328.6885289895468,0.9604431737270118,670.8572914875122,316.4053305667943,0.7539445490808264,658.0281769976892,320.8292493942561,0.9689749651513703,652.6259966521284,325.03389569061534,0.14603423421991216,616.6148322922207,337.8484573366494,0.9591513225969863,685.4423154267795,404.40200873310613,0.9664264202692507,568.8481799713934,424.5808145376609,0.9773711164089337,710.7066727946309,505.9826636043571,0.7265480238786445,543.6588030793257,540.8268205475182,0.8538419130624719,722.8759714556053,585.8205563910225,0.5213109651323821,570.8881537205843,589.6579072661006,0.7128378813937779,676.391278901529,579.1570497159204,0.4465035216821381,606.3046191081515,592.031183385719,0.4669749942130551,690.1992653457145,617.5926516443167,0.030580091127478226,632.7827624758696,630.8285783998236,0.03372208353748019,620.2634752979664,648.8019124198482,0.005250899142490058,658.3634868456332,648.3726272452416,0.005154475446315171
624.0,673.9746427587303,328.6519398606117,0.9601269113936218,670.7651219614049,316.3586191100175,0.7539026619058149,657.9307383656266,320.8010984820519,0.9688731720556727,652.5982481730643,324.9993030223579,0.14668104934948498,616.6488164271847,337.86766199331356,0.9588559241437328,685.370274967569,404.4608437597402,0.9653846112508381,568.954674675907,424.4193891515902,0.9770361585224928,710.3262599302188,506.6365262196475,0.716757181034356,543.5820503230048,540.8791087402816,0.8509202033025277,722.6610475677353,586.2713300995132,0.5090709637922377,571.5177370064165,589.4067592714764,0.7067448406235042,676.0111929855302,579.2280766003317,0.4367838315812657,606.0852141583159,591.9989835927964,0.459902933735842,689.5762163203364,617.9333714215908,0.02975765724037523,632.9874781995751,631.0033195657284,0.03316548222300827,619.3184866965149,649.0669039556108,0.005180043193216255,658.3593736413777,648.4825153873444,0.00512537141817925
625.0,674.0214075978545,328.5645867241811,0.9605866623519431,670.9076203998321,316.30066294058184,0.756226260615683,657.9886771745628,320.63574900811636,0.9693241522258189,652.8278000296556,324.9716439383141,0.1472547534063564,616.683995278415,337.592157617966,0.9591076869233793,685.4820447803314,404.6530403584791,0.9651583042804001,569.1117825346835,424.1589979256127,0.977236496031595,710.3891555337291,507.0647643124036,0.7135711980464992,543.4193609486829,540.4673899639307,0.8517063861371726,722.4168472227648,586.633244068069,0.5059570908597388,570.496811518363,589.095994712606,0.7076558167073299,676.275070106513,579.2021871390585,0.43554181401175845,606.3972943695846,591.737503823387,0.4609383078978469,689.5958328116744,617.6538869960411,0.029930355564926323,632.9008844315492,630.3867042685729,0.03362960873888677,619.7413717660227,648.9707914536802,0.005247868825384822,658.3600555975414,648.2006039341834,0.005224426254489273
626.0,674.0897864386947,328.7482607479109,0.9597418436727385,670.9358984249537,316.4635656365196,0.7518928958646021,658.1534960108416,320.7787066470086,0.9686314507738157,652.7192432321941,325.0530037386938,0.14617126949897138,616.8498729999916,337.6031842502701,0.9586341794823032,685.7138940470047,404.9224430916684,0.9650235910415979,569.0001976175467,424.30282357069734,0.9770917967974763,710.7131283788264,507.6132169012387,0.7138656657992561,543.5233219672639,540.865276018062,0.8514686824085135,722.3270427902391,587.0073956950993,0.5060468345544209,570.1494631490207,589.9567278469717,0.7069672599537452,676.1999777135669,579.3669564321797,0.434079816023039,606.1358640529977,591.792533769436,0.4591219384362625,689.8450631817235,617.5063468198983,0.029699598471151525,632.7177623038066,629.9600084285918,0.033339720011408315,619.5321143350932,648.7503995508247,0.005205223004468883,658.8382139683301,647.8221973218994,0.005179417471449175
627.0,674.0874296707367,329.2083763165168,0.9602901391439099,670.9191566889485,316.70813950445404,0.7542108837827457,657.9970602177011,321.33482056267826,0.9691744088721032,652.9942623969561,324.89209978976265,0.1467105307011535,616.706462957398,338.0883097972509,0.9589962363522705,685.7685366269285,404.70101824008066,0.9652045058513502,569.2380873177598,424.67492958941415,0.9774130905199606,710.6439612112672,507.3873133129768,0.7154665625323526,543.7032226858533,541.095932636147,0.8538965456571131,722.792144467287,586.7130924628024,0.5092809684663357,570.8515817519803,590.6028560997172,0.7108676082937845,676.0971615622335,579.4346725480247,0.4382459425244626,606.1069160953913,592.2326224835795,0.46415786467462405,689.8854446509957,618.3356087162753,0.029946649943518325,632.544372027138,631.6855456642414,0.03374627107888497,619.6224216535428,649.0443001278909,0.005215145414797789,658.0658116534448,649.3453000897613,0.005201006450891972
628.0,674.3766107623727,328.94487934929134,0.9587468756955849,671.0144193421964,316.5036431373276,0.7455948323509709,658.4311377569888,321.08134464449296,0.9677951865111682,652.5518609912571,324.78635274356856,0.14375719632987485,617.0807820210647,337.8882573350077,0.9582765744852381,685.6158288545104,404.67721785901523,0.9653230564890364,569.1839712941658,424.5660781855309,0.9770694383060483,710.4921202704485,507.37292705708745,0.7194401786055364,543.8863663547064,540.9491486088303,0.8529570999041304,722.4898289866111,587.1181578103564,0.5120615756527359,570.4309234150276,590.956160665212,0.7091941498508896,676.0067244505485,579.6210602142243,0.44110722362683885,606.146471534006,592.3422949777897,0.4643726653838923,689.2766542560701,619.2508529639465,0.029915254500193056,632.3825493453036,632.4412276923517,0.03334033163054535,618.4165428737538,649.7882202646417,0.005155063769475529,658.4291639220191,649.9113249658294,0.005098527619198828
629.0,674.4052528792628,328.9376830102583,0.9589364400474863,671.0133021970146,316.55752079713875,0.7454171026060176,658.5084194231339,321.0835959362511,0.9680026310165828,652.4514199772987,324.94237780298545,0.14361961267502268,617.234339649303,337.9546417415067,0.9586571582078939,685.6777286258664,404.6874336387375,0.965541685338397,569.2931,424.3956815174934,0.9775418401429173,710.4626125629316,507.1133867579897,0.7212464052322588,543.802351804213,540.4829616673209,0.8566947153537458,722.5855221124353,587.0463860091659,0.5142901631928669,570.2327780932446,590.7147594798149,0.7141584829573178,675.8809126295073,579.8090094674507,0.44523034689418195,605.9438739794834,592.3482029058898,0.47035472999815786,688.7473218896207,620.1734796834678,0.029898626934900443,631.4701300987856,632.9756812600556,0.033542402734911866,618.0219582453004,650.5905983393881,0.005101244097385078,657.2020980876779,650.1413971280175,0.0050701947932066385
630.0,674.4137730784968,328.88183513130537,0.9585449553545184,670.9663474863364,316.5408162838008,0.7429416258743629,658.5525467704433,321.06126203393313,0.9676831192449324,652.2618046897632,324.98547467741827,0.14271754731426126,617.309975042249,337.9991382633029,0.9585706840408693,685.6130262411658,404.60999051375103,0.9654332533360002,569.327536215927,424.3566182749873,0.9776032680535324,710.5594831987177,506.84833051632796,0.7209995450204991,543.5666061715337,540.2588044090957,0.8573650133164825,722.9291152670529,586.7648790128817,0.5137645496027212,568.9169689823683,590.4400276200558,0.7147699599707702,675.8977756674949,579.4703260582806,0.44456805333918176,606.0535992128841,591.99202359422,0.47041660688360315,688.5185267585915,619.2345249473225,0.029824078681713447,631.3035344895376,632.0140678803037,0.03352474489311464,617.668786976539,649.5077971050397,0.00509647932229219,657.0057049048456,649.0223222007895,0.005072614338549976
631.0,674.2847934857527,329.01820229965307,0.958900795155008,670.8175938297169,316.65720848358774,0.744457542164233,658.2887586965657,321.2948035944274,0.9681867767578247,652.2542814211411,325.0975218154639,0.14243238672429012,617.0594403809607,338.40226516973433,0.9589337353324776,685.6146202079451,404.74434058345963,0.964819467736558,569.5302879727157,424.27664271121336,0.9776986816759416,710.5131639649918,506.77182347440566,0.7165754802690827,543.3041626976031,539.3103627415236,0.8587602426861638,722.8421226294282,586.4390021458179,0.5099429660701243,567.9196738306571,590.3645831464906,0.7164287154064611,675.5696175640386,579.0681687046883,0.4422567319347839,605.7692162788751,591.483647215083,0.47129123120191235,688.3744104245916,618.6765130854982,0.029644103211730645,630.7157866437453,631.4578213511165,0.0337169138883275,617.985117382983,648.6006607088862,0.005098055806811391,655.6467079776552,648.387809598836,0.005116292766090128
632.0,674.305374308857,328.9674945341427,0.9594263483102151,670.8793151872541,316.5652792867805,0.748300428902784,658.1775057134082,321.19847373887364,0.9685662611277808,652.392481310102,325.0348667196236,0.1434429829668378,616.7495329574064,338.3509371590908,0.9590462180282701,685.7128045894,404.98169076928474,0.9648641654644017,569.1747674453496,424.4839600680875,0.9771834334005394,710.7916787851017,507.71158428556686,0.7142806182574456,543.5313472703065,540.2247741989369,0.8534753949738768,723.2016597963852,586.2924088427292,0.5069356467614671,569.7247056550794,590.2187876522529,0.7094685232984882,675.8559857895284,579.3373049211037,0.4334356597646352,605.863657881692,591.8645172714382,0.4595341565197778,688.9203544973246,617.467132411845,0.029146477118013388,631.7227767710549,630.4192192179919,0.03281616768958518,618.4214066637221,647.5522774228174,0.005075626231656124,657.3800812190517,647.5614731280825,0.005054723616181383
633.0,674.4508861191275,328.60166167320733,0.9594268507863162,671.0362257057501,316.33164955332467,0.7477491069960521,658.3740256194563,320.771923477731,0.9684593318668637,652.3541173471482,325.09027411303305,0.14222021115318229,616.8036780444622,338.01480218382926,0.9590633813546354,685.531477781712,405.00193359649006,0.9652249263990776,569.1977687837626,424.4817100330288,0.9768760048366222,710.7914808597247,507.13425270513267,0.7186406449412605,543.5747686516726,540.4672030794086,0.8521106674349056,723.305047127158,585.698973194896,0.5125250684967485,570.1942370947515,590.2049092205891,0.7094011050586146,676.1311879947382,579.3178007843817,0.43619560964294163,606.2681097110336,591.7950673365843,0.45899991526153144,689.4295684747705,617.6446647525321,0.029545978270898547,632.3889718949805,630.0836373964854,0.032848688249515166,619.6067563900613,648.5602139269381,0.005118856207468367,658.0450290155612,647.4536142133727,0.00505196830445725
634.0,674.5232981962014,328.3861699069828,0.9596137510761736,671.103422393252,316.2178145032583,0.7478123571837919,658.4863547129185,320.5458086589639,0.9685456631892727,652.3049270117201,325.124709162355,0.14172066209494238,616.8529106193174,337.8226891841629,0.9592017282076823,685.4365796882179,405.041403592307,0.9656605147035874,569.2646660154231,424.1592394858445,0.9770129558307692,710.7197188168993,506.6735567627591,0.7238962062875416,543.3987140363544,539.681414126558,0.8543479311745233,723.1700311445693,585.5337164183519,0.5190821658935966,569.7519586685061,590.4591904359385,0.713369129220551,675.9094247066802,579.4281533934111,0.4435415902368225,606.0288386760194,591.671589111294,0.46535836334831565,689.255547991731,618.5074562402,0.030070978278171876,631.5254836561766,630.4409176769615,0.03328111993433113,620.1109925482,649.5527978895935,0.005154452721872493,656.7366775463558,647.8178137437776,0.005070731307233318
635.0,674.4783165084868,328.4532166240784,0.9597472952498763,671.1158008151547,316.3459666046554,0.747956208804487,658.546720121606,320.51364108880824,0.9686350859920545,652.239254120201,325.2748313973142,0.14154626360607855,616.8682673590071,337.593399133104,0.9592559990299748,685.1903095995277,405.0569281761186,0.9658569004601204,569.30521528213,424.01207558737997,0.9771215519468666,710.6793760268425,506.32054809879554,0.726364497978793,543.578537068978,539.6452480507435,0.855823329814639,723.2319766750977,584.9748505275952,0.5234108972863992,570.4709529877672,590.1485316304538,0.7167929213400868,676.0142739323549,579.5431157232606,0.4470558637277461,606.3013634803502,591.660058444335,0.46863570207794925,689.2929455042512,619.2038299660137,0.03041328205751006,631.6652435362937,630.6371230701741,0.033639911262307524,620.7828772157973,650.6549045845235,0.0051805135389196705,656.9630299392616,648.1244722160292,0.00509609446096689
636.0,674.4288072756741,328.35505488869126,0.9603205609309896,671.1594025796876,316.31042985300036,0.7516265813224777,658.5648995147083,320.29240909889967,0.9689670093395527,652.261013096375,325.3783749286301,0.14317151503725922,616.8672626415532,337.28420871446315,0.9592751799100492,684.9918757541125,405.140634552274,0.9661130037942347,569.2135429679681,423.88409876535366,0.9770081030583111,710.6659385802901,506.19176791081327,0.727746493309624,543.5230565301401,539.7083611071416,0.854423102355148,722.9586505377358,584.492965039535,0.5254518874487958,570.4845519459369,590.0736605519744,0.715577316714113,676.0677095584675,579.6206838995149,0.44510489084827903,606.4234755971341,591.6374568988551,0.465069013600628,689.5307419140548,618.8714211914205,0.03023973679813077,632.0129577981278,629.9776756219087,0.033247506152116954,621.3813896611979,650.4690772433764,0.005153092058761489,657.3875214625907,647.5158853078811,0.005049657332837379
637.0,674.3893697982693,328.19723021907384,0.9607439913584811,671.1920447816631,316.20681781089917,0.7545042970445112,658.4964625444633,320.0954390566248,0.9692044281278253,652.3817817337738,325.42569721944716,0.14475960591961304,616.7586526987501,337.14944846419024,0.9593683517751748,685.2152133489129,405.4382601838796,0.9664800036614671,568.8874204463364,423.91319965526606,0.9770522823978738,710.7792230395204,506.8775780847366,0.7287040650533299,543.3867973896033,539.9171282501767,0.853341049745668,722.2894528639931,584.5898725249579,0.5260709564066535,570.5167877660756,589.6071598354122,0.7141427287030998,676.1575118641666,579.7757857773787,0.44456720163561614,606.160311270766,591.677055716686,0.4634358361746695,689.5832856456923,618.381234083221,0.030286864469138045,631.6983186865396,629.3882835195936,0.03314861906078458,621.2540307773468,649.9676656664747,0.005171156031756452,657.372879947954,647.0505238347016,0.0050517068130980485
638.0,674.409766399839,328.2075550696006,0.9597887671194257,671.1610666618913,316.2167953572692,0.7504183072483263,658.4461871176632,320.16227444977307,0.9685956989052654,652.3254102639056,325.5053683267331,0.14340364494876195,616.6530073954741,337.382586728041,0.9589563506756876,685.5807939024058,405.8638556189008,0.9655270740187761,568.7083936358055,424.28041085408034,0.9766270798110788,711.3555860968326,507.9655962604674,0.7199286232765513,543.609231890499,540.5368793243123,0.8497975945222798,722.3446775982098,585.3101812745376,0.5145588658985185,570.8944098535673,589.6566240255183,0.7074296884390913,676.2555014290766,580.0604933980165,0.43552653970666966,606.0407822153245,591.9388100153378,0.4561387473226065,689.6812376354574,617.6857365429858,0.029798923743996432,632.2685801612923,628.7330267362048,0.032853658681788724,620.4223753863417,649.3353651940438,0.005180337435177634,658.3429591820867,646.5978053565074,0.005086269260502631
639.0,674.4779323095054,328.24529165129996,0.9595782798417641,671.136521006667,316.2115086361915,0.7491448073554714,658.475710389775,320.2836647851576,0.9682423495973738,652.2137458088863,325.5235041024026,0.14279026627099298,616.6917159669495,337.6896098968226,0.9587613272502559,685.4093127524645,405.6508410298996,0.9661196762977923,568.7584719838919,424.6488497971344,0.976408089703656,711.2814192117703,507.327108567185,0.7264944366262635,543.8772163513222,540.9222490884265,0.8489539241131029,722.61386246059,584.9143891208483,0.5219632044001834,571.6290294665031,590.1039779934715,0.7075248567938616,676.3626401628693,579.8725474648674,0.4401386976732458,606.255723594984,592.1155842873127,0.45681904772179666,690.3359466351516,617.2281605980814,0.030221430470167926,633.0243465667411,628.908505602186,0.03283343783243653,620.9686733245929,649.1048773130526,0.005214839005730821,658.7358209599992,646.9111781339158,0.005064314050655665
640.0,674.5110357675732,328.32292681442874,0.9600143392182576,671.1702474587895,316.2682954129832,0.7499376336487077,658.5256396098251,320.3654072989056,0.9685308929889581,652.2354183648308,325.5249569989702,0.14266963421450135,616.7187531850568,337.7303708890117,0.9591730064467561,685.4105655183455,405.4238692783671,0.9668890501438654,568.7358102855754,424.660649415252,0.976946637022732,711.2792168251077,506.507689626092,0.733736374140511,543.7278404491402,540.5248734218492,0.8532378781515342,722.685334237385,584.8338416209245,0.5310017043058498,570.9802138822982,590.2430410096297,0.7144348048270381,676.662063065716,579.692303973416,0.45086163047566946,606.4247932539383,592.0414009811583,0.4670607129611965,690.5477859779164,617.8921011819666,0.031005568567642014,632.3038333852354,629.8276886748155,0.03359593345733667,621.5255823303705,649.7723891454467,0.005268335404315785,657.7599511342924,647.8334579922,0.005105737394134251
641.0,674.498923028261,328.50244722644385,0.9600445493391686,671.2197750867716,316.39700396556646,0.7512624234582433,658.4987478732099,320.48536307646594,0.96859578538901,652.3821682477559,325.559542867952,0.14370289453766497,616.7057780611377,337.72308160584095,0.959003383104723,685.4420140880599,405.59992525245144,0.9664282611447296,568.7340345850661,424.651138158219,0.9767692669142947,711.3634462163523,507.15011224500245,0.7285325191935988,543.8614812299854,540.573288495142,0.8509559933283737,722.7213913365922,585.2285791639634,0.524533293094363,570.8659642470592,590.0552003166229,0.7104088771513933,676.7429756656106,579.6913195669259,0.44401931791466465,606.5736539364453,592.0123966681911,0.46132463588620537,690.4667182017245,617.2392986344132,0.03055239166989163,632.6883763758965,629.3286753568182,0.033248392536776125,621.229406727231,648.8105618822157,0.005251242929566457,658.5531440401138,647.3866684270824,0.005105732710526006
642.0,674.4889615566088,328.3965149954001,0.9603924056585503,671.2774563582101,316.28200803464506,0.754557608979151,658.38070761325,320.3519860406139,0.9689846847084213,652.5709837591545,325.59011283960643,0.14472675670329646,616.5433255871826,337.73355142831986,0.9590383836895661,685.4116380942079,405.8055155823853,0.9657482058910875,568.5409128430921,424.774513982672,0.9763477749020764,711.4809098280317,508.09482867186784,0.7205665065511832,543.8651271102998,541.2773873534738,0.8462832611276314,722.5631705016204,585.5198664332072,0.5142976075020308,571.4177772220049,590.3126829114053,0.7026140353127089,676.7632507753938,580.0116045268402,0.4343303631634028,606.517980869598,592.4249154685244,0.4522706324829319,690.9815667224146,616.7809209887237,0.029982737335607013,633.6687364147185,629.1904559585201,0.03273445025352362,621.6055707703273,648.2795255158513,0.005247631816441681,659.2612997940906,647.4855459055339,0.0051139117819527825
643.0,674.4900099767511,328.09149962885425,0.9607422722206848,671.3374938281944,316.01963575587325,0.7559993174045277,658.334602608034,320.03279371242303,0.9692915475826367,652.7277493096315,325.49994749249925,0.14497853134525274,616.4794291400253,337.53527703168936,0.9592776015072678,685.521529371568,406.03716432568916,0.9658995778893699,568.422731539565,424.631700189724,0.9765545337109846,711.6593480149542,508.19129397151147,0.7218429278286527,543.7408021305474,540.5855740126028,0.8479521046177833,722.1441458018978,585.6924974986891,0.5160788358016599,570.9711623898551,590.4559689370659,0.7049769831892008,676.6589427871803,580.2558039646477,0.4393095538932593,606.1734534230402,592.5357871591855,0.4578327944758112,691.146233987533,617.6400170820643,0.03041970365672726,633.0966803268699,630.0926762439187,0.033281745169933694,621.9788455715022,648.9770126046836,0.005299016339683243,658.1805112666957,648.6315085259758,0.005171194288914211
644.0,674.4019052482704,328.2111332090783,0.9609921853120096,671.3271621212949,316.09207535360736,0.7575080427991391,658.2084664521498,320.1451344445663,0.9694770010195717,652.9491664003638,325.4077066089498,0.1461665270458033,616.3956650234577,337.5121750947263,0.9592386925189353,685.6917083598642,406.0516267964383,0.9659821415303264,568.65053745219,424.46076078203583,0.9768511776965342,711.8206252813699,507.8672823091064,0.7234100978939892,543.9713725977333,539.6391136509002,0.850761052279811,722.1744009289706,585.739398713049,0.5190054975603621,570.4809706675059,590.4291179472399,0.7090481379154847,676.537996618492,580.105551520908,0.4434714849043311,606.0438641808146,592.2440963533734,0.46336099312486495,690.4303408048721,618.2502838039974,0.030597984075301097,631.9086126094613,630.7103287095453,0.03362937400490521,621.5338491851876,648.8463640419051,0.005296226046712643,656.8332264564234,648.8224051908927,0.005185974378716453
645.0,674.3391056611729,328.4401238563527,0.9609508646867269,671.2158065211556,316.28634280897273,0.7574216813262747,658.1112991076456,320.41792892441566,0.9694111979670764,652.8078234273313,325.54265768871744,0.14656512242972033,616.3331498356698,337.8308326656259,0.9592266397277482,685.6349298833552,406.0396640506312,0.9660536125460255,568.6853792378113,424.59621956787595,0.9769248741658226,711.8487045103293,508.2167735896236,0.723236942408159,544.4786227105974,539.9799116715028,0.8507130039154297,722.4551065906475,586.2614138859124,0.5176385273346258,571.1047020959227,591.045382869111,0.7078911379252144,676.6404641103351,580.1709034566003,0.441621590871234,606.2045250839581,592.4146692332063,0.4616451287021356,690.1587868989548,617.8284214117563,0.030283013668055123,632.0092558706672,630.6143977916487,0.03329668297229116,621.0328058651936,647.9671791275154,0.005251227733141844,657.1094212552739,648.4540885244706,0.00514273205443109
646.0,674.3918029772982,328.49801580030356,0.9601937499425832,671.2304693313065,316.42382165203406,0.7531433521529304,658.2902750759209,320.4316452962264,0.9688097303359099,652.6105787140757,325.7898246601955,0.14522637346824782,616.5620451860558,337.79928370894976,0.9590110972768775,685.6377909228452,406.27271291072947,0.9659990270021263,568.5228980871491,424.59511050289353,0.9768850607394884,711.9640098420489,508.6775210650748,0.7229035244416298,544.8665235400593,540.3013633404249,0.8506196012845975,722.4711970783909,586.307349853012,0.51649105878945,572.0873120513147,591.1915811716109,0.7072551806327017,676.8621475648755,580.3181798898771,0.44116250100181825,606.3637020284197,592.4900375473784,0.4611777344111911,690.5660381058417,617.8212046341623,0.030270256795909927,632.7547207866294,630.398945609086,0.03331001965623529,621.0567180138554,648.3014896035471,0.005249057867015994,658.5455445687295,648.673954913116,0.005144270644473928
647.0,674.5692292561339,328.0967117866809,0.9594898818187072,671.4390900732498,316.23346583100545,0.7487126920383165,658.7257734969729,319.8848835544675,0.9680251673191124,652.5402033607323,325.93140533629185,0.14415427080691928,617.0441843762052,337.165616563863,0.9587523090480177,685.6356839710747,406.67768269067824,0.9667880162408201,568.2788414880132,424.5633804555824,0.976856697414629,711.666838539766,508.55227064127564,0.7303593255824755,545.390100570649,540.5676678622008,0.8512266618395062,721.9653757373625,586.0893551821251,0.5252544773531976,574.4182291714222,591.2031804261482,0.7095625123295195,676.8526010123499,580.5493328767775,0.44643110219124804,606.2046769992085,592.4702165676105,0.46290230776443575,690.7363923461652,617.9040185309123,0.030697023598862234,632.7584288395266,629.6521550217441,0.03334921193751364,621.0660118279669,649.398202071482,0.005260198301885824,659.7208183895965,648.5234490355414,0.005108741012550553
648.0,674.6759148424034,327.7508963390458,0.9593743799187532,671.5821091318212,316.02550201940073,0.7471795839673487,658.9910011580007,319.43982278718636,0.9678190820630057,652.5428006325862,325.93717057112184,0.14392687812586943,617.3530929309077,336.66066294052206,0.9588703276168627,685.5926387914362,406.87391348214993,0.9674255833353161,568.1556163816407,424.49096125976314,0.9770930044801334,711.2428476723642,508.53281294006564,0.7355485589006133,545.6694621386634,540.8304746863143,0.8530568656337787,721.5054623125147,586.4367476161295,0.5309578783327012,575.8766035705494,591.5762046041547,0.7125031025613642,676.8596190063334,580.9266255998414,0.450944504478337,606.1263617141959,592.6786184402471,0.46600482014389183,690.5605639734913,618.9367139064673,0.03075843525879343,632.4323841135465,630.1585101039915,0.03324352557504531,620.8886991316416,650.6863388522792,0.005200489382669143,659.9724628447078,648.9781234542343,0.005032026780887223
649.0,674.7084983789224,327.8333149337581,0.9597362163025467,671.6284805478024,316.0379746505397,0.7485445796142349,659.0044616409548,319.4946054414558,0.9681494834282482,652.6150932954474,325.8137919943813,0.14434013436021478,617.3183720186544,336.60347800756216,0.9591511337035675,685.5362830085339,406.82684164165545,0.9675950746635354,568.1123595918799,424.44447093569494,0.9773562449802021,711.1686116457009,508.6373099132595,0.7362364817281043,545.5206342440129,540.6664997642766,0.8544144014407817,721.5200334228015,586.7666269680523,0.5317295159042028,575.2043524233376,591.5880463140159,0.7142349273480789,676.8219480265801,580.9353153557996,0.45272439081111027,606.1104929818085,592.7184874398827,0.46848799325148904,690.3539638675561,619.5214198249924,0.03074602687299885,632.1331124197677,630.9785229378169,0.033310203902349976,620.6478552080596,650.6414188815902,0.005175551834619138,659.6755227390452,649.4126776070243,0.0050157799000859985
650.0,674.7830491651403,327.7841715174703,0.9593734156654169,671.6860978442545,315.98441331216867,0.7470998163366396,659.1242972109995,319.37584282915384,0.9678773943647762,652.5474766456691,325.76191157544287,0.14397915129946579,617.4021581817125,336.40721112337906,0.9589053561564632,685.5463179489884,406.95091634502035,0.9672793548318123,568.0729549844824,424.3810794104108,0.9771331216427821,711.1665026124926,509.1088442802073,0.7331265334039145,545.5152513276623,540.9613489589365,0.8525391115843001,721.6248867371027,586.9826227453348,0.5273788249880502,575.1879767619511,591.6249677151776,0.7109418207451658,676.7689713416321,581.1258468341421,0.44868688676869867,606.0857762780139,592.7876861562147,0.46463278858213847,690.2799624384107,619.718708016917,0.030442006387128746,632.3322230038253,630.8114045306622,0.0330090569001832,620.3065208330192,650.7203066462587,0.00515329980607472,660.2427999372641,649.0197450092423,0.00499852734848284
651.0,674.7512115357843,327.70801382139206,0.9588001256663352,671.5533843681018,315.9442241798401,0.7431841111742482,659.1496605707151,319.3294378896788,0.9673560539085185,652.2071963879099,325.8942971496206,0.14230726548194944,617.5242184952391,336.54889125147406,0.958733076163307,685.433225036552,406.78959473908975,0.9673752077702507,568.0733022565022,424.3164365432171,0.9771653466598573,711.0558601712607,508.7246729054351,0.7361669975252344,545.4950191966303,540.9132219520354,0.8543444517751041,721.5866728074553,586.7385397873248,0.5314066130627165,575.7966712780363,591.4452065695754,0.7142831081992199,676.832847504886,580.761792670006,0.4512261046540458,606.1098844365138,592.4495585647388,0.46681169549570145,690.8302940708165,619.0014873200787,0.030549170748007923,632.6194291981128,629.9283729687602,0.03309577426447775,620.8699291305171,650.4696388600929,0.005143025970947555,660.168862284574,648.2693648202726,0.0049859583
652.0,674.6759419632655,327.5389450375208,0.9586687210494145,671.4753241687699,315.81251633880385,0.7418952336441567,659.1060727289141,319.1636502356567,0.9671353342999327,652.1160471132542,325.9049657772905,0.14196532298255027,617.5853352055459,336.4933960341995,0.9586586172061252,685.3406616873235,406.58885489913604,0.9677121884610668,568.0983205290141,424.2047563684819,0.9773445387739089,710.9356313319768,508.36130604980946,0.7403674978950768,545.6449310443741,540.9086133477522,0.856560214023539,721.4466057614547,586.7775270996,0.5367611169413167,576.7288235516238,591.579514053631,0.7181817197007365,677.0471212483212,580.5570167949957,0.45580125309415276,606.3017541400698,592.3097130970874,0.47080654693164947,691.3399617203867,618.9848171468815,0.03077574344733743,633.0326066036491,629.9363607828383,0.03328964341515046,621.5988948381246,650.6907088917555,0.005133556095140935,660.2571808734899,648.3463843680528,0.004972187019560067
653.0,674.6813952928269,327.42173935676897,0.9585086357204499,671.4822777133555,315.704173481691,0.7412283120920256,659.102190550536,319.04710925577064,0.9670237823924341,652.137044471229,325.8040005048825,0.14180403332036604,617.5709572955329,336.3773914308815,0.9585784358140979,685.325489994147,406.5803490315327,0.9675764102668152,568.0615279141814,424.1416649653584,0.9772721521354194,710.868110212532,508.63460939262194,0.7389705162073108,545.6632270925836,541.0869860428004,0.8559095281270673,721.4488614671701,587.1189568818484,0.5345758154764209,577.0688416483137,591.7394094494641,0.7167979031374804,676.9687474989179,580.661785455976,0.454382390796471,606.2379264412672,592.4033033688778,0.4695663981701074,691.2713063649604,619.2914167015759,0.030617018445448698,633.2256635521447,630.2127285338915,0.03315051669708958,621.4401332088324,650.8103309313348,0.005114808456820652,660.5095824838497,648.4292274331465,0.004957368606962621
654.0,674.7004239174711,327.2718687963779,0.9582060191796204,671.4535285196451,315.5916253413201,0.7395843676960804,659.1108188392533,318.92742150095705,0.9668597021765469,652.0331945705135,325.7354530038985,0.14106339356227293,617.5671064610974,336.3221708230301,0.9585666234595359,685.3197487191131,406.5845956585912,0.9672338112132054,568.0758905553713,424.1108946225805,0.9771769342598617,710.8551386578939,508.83786781219885,0.7358370621429944,545.7039073995545,541.3012302196782,0.8551301911679536,721.7097655403961,586.9973307303072,0.5302021205208529,577.1067316344142,591.8333181816936,0.714732673975701,676.906957052764,580.8622423937707,0.4508062538413956,606.2177373837046,592.5656856606539,0.46693417431412276,691.0480064952908,619.6401985145793,0.030156566825478213,633.310351827106,630.4041410448496,0.03277058238988026,621.0579051600783,650.7975136928837,0.005051556536328033,660.6370916003775,648.1742863978546,0.004908911029214135
655.0,674.6741577958318,327.27398235870186,0.9583330186231781,671.4059094245345,315.5917540457116,0.74038826835192,659.0396726338263,318.97586260143,0.967006672112731,652.018213167396,325.75572605124876,0.1412507469777566,617.5339227085448,336.4641107537087,0.9586583641237122,685.2965588505364,406.5699674164487,0.9670638450883681,568.2225041335589,424.10277585006935,0.9771178629472569,710.8958265137294,508.67652848277527,0.7343767964830293,545.7993946936942,541.0151839351961,0.8548164820568932,721.890104449885,586.7058055497283,0.5286802040343972,577.2324913838125,591.6480284904208,0.7142160037428615,676.8735945785079,580.7233404934094,0.44846703233294066,606.2932289259886,592.4519693902445,0.4650752213278169,691.081172109062,619.4371744942505,0.02986963643745826,633.6032782638356,630.2933751980312,0.03252889088959038,621.1390813251583,650.5107236414591,0.005010373959857535,660.6632029796928,648.032158613639,0.004876108509775874
656.0,674.6112262966343,327.3618389528986,0.9583755390317334,671.3185168893469,315.63385762564315,0.7410000101306458,658.98332646833,319.09878747831135,0.9669739815396985,651.957524864427,325.7678029121753,0.14195664847662487,617.6079830003205,336.6395334218816,0.9585718774761348,685.1894947052457,406.4816615664806,0.9671826636573585,568.3396659494949,424.2273193737947,0.97713473873707,710.8373028740878,508.70453178152343,0.7347913327803811,545.9132830873774,541.223409575658,0.8544676815505805,721.9709092748883,586.9546474935464,0.528559369264913,577.2878743139732,592.015410046612,0.7133660196449403,676.8731813713885,580.5967965029109,0.4485406311024796,606.4489895592139,592.4899916724,0.46475938690579116,691.3768598810827,618.9552013872278,0.029994086246498165,634.2258057415258,630.2044870657583,0.032630640420636195,621.2792588396037,650.3910689016317,0.005039961543628237,661.0890937518517,648.4536260546284,0.004901532818488732
657.0,674.5919008657004,327.4147754099156,0.9582788480549831,671.2703465375731,315.6709544575703,0.7409953796526713,658.9575870137458,319.1958271831407,0.9669830939363524,651.9276321210782,325.78187870055064,0.14187224594439116,617.6088584433872,336.77894778770786,0.9584702872314816,685.2048064908801,406.39788879004186,0.9667386108455975,568.4112019026683,424.2917775752151,0.9769714349865032,710.8598445861895,508.8969161407799,0.7308293231797266,545.9122225127031,541.6000579125069,0.853197922130412,721.7300275011537,587.2995453588032,0.5237128842884797,577.8771185882142,592.1484865835172,0.711054873637756,676.8429211274328,580.7733032383243,0.44511117891307717,606.4550209548919,592.7351567878455,0.4623255757855743,691.7399922395107,619.008808043523,0.029861180706465023,634.8505805011441,630.271400776359,0.03263279092486584,621.5900025843677,650.9719421821065,0.005055253515155373,661.4641939311093,648.878043322947,0.00493329529698898
658.0,674.6048393341677,327.5153475045364,0.9582466353762515,671.2648759760639,315.7695723545834,0.7403685003125035,658.9962007343161,319.31174161514343,0.9670307972558275,651.8866272138222,325.8786696564842,0.14124025156242453,617.6556269174355,336.91058028277484,0.9585931800045753,685.1482065930073,406.2596588102713,0.9666433263726918,568.4266524649171,424.424121050101,0.9770234653271661,710.7324977299758,508.3490553434795,0.730840929503276,545.8952118854036,541.6837382077988,0.8540374388298976,721.5890393726535,586.9499217048677,0.5244389276020662,578.0738277135484,591.9612307744063,0.7126319888973981,676.8293281813204,580.6091722374075,0.4464227446416462,606.4337465689925,592.6632765441184,0.46415178546881286,691.8569574288172,619.0593026973953,0.029994695245587052,634.6950945932433,630.3620876503438,0.03283995240658901,621.7939502893064,651.2952508358098,0.005071477165750069,661.1088922579029,648.9970038715973,0.004955594602342692
659.0,674.6002047070901,327.4276977173638,0.957689845958673,671.1874187136472,315.7003132885704,0.737242335821304,658.9969426750306,319.2786973387268,0.9665886267283356,651.6866410785542,325.87839032258063,0.1401801304987577,617.6772091897496,337.0205165020568,0.9584816238296955,685.1272771729533,406.1648351758006,0.9664511990615524,568.3939896935723,424.6594312130483,0.9769824999459286,710.6266404885595,508.2749472728144,0.7295155661574367,546.016112026584,542.1488888592295,0.8536076082490435,721.4527197271788,586.9129242726023,0.5223027962950794,577.7428534609146,591.8341311280398,0.7114669957982381,676.9517193199318,580.3094850408273,0.44358543881104406,606.5890053085838,592.480583973635,0.4617100524554593,691.5862563828258,618.2077460243801,0.029690124992772203,634.6736750032511,629.6834869706988,0.03253214777340641,621.1443086520468,650.2254161310856,0.005034166288645679,661.3233439039582,647.9434578405645,0.004921122669809653
660.0,674.6040510709169,327.46309893302424,0.9576154515767554,671.251378157225,315.7329192755212,0.7381962864727202,659.0018576469419,319.2482977323205,0.9664499143364735,651.791502257796,325.873143535014,0.14094718171091278,617.597525899429,336.87524008785886,0.9581240019099093,685.184848521932,406.3129225726559,0.9663409270542389,568.2738889853516,424.7519738074302,0.9765766579026115,710.6530301090622,508.7883393524773,0.7279701776430625,546.257787929708,542.7566900350034,0.8501421816564755,721.2830181611907,587.0682499136268,0.5202154971169903,578.5123746631075,591.8452837042857,0.7066885192126859,676.8969218477107,580.7669722839225,0.43875656399475144,606.4971852835337,592.8782576414782,0.45519659050282046,691.0709533188909,618.1419435942166,0.029419268216513722,634.5370259734632,629.4327184681439,0.032022966282416486,620.5672816019616,650.2960797759084,0.005022407901297622,661.8450327098338,647.7160302620415,0.004886421427529662
661.0,674.6661437312221,327.60741880401946,0.9591534740714237,671.3117844839411,315.77421490099647,0.7449858558072096,658.8473865241295,319.53389523134007,0.967752044396221,652.1305631240202,325.7350427144441,0.14218860346307122,617.3728307207338,337.29469240228445,0.9590631139392424,685.2942631895356,406.0181173785121,0.9670104136562236,568.721391930968,424.78837922015043,0.9770451312585611,710.6199389308097,507.9784702713119,0.7330869588709634,546.0220002636,542.1200931753596,0.8535126440855093,721.8649120584499,586.6361353637607,0.5276363904734238,577.8464859822943,592.0310324287233,0.7125509995021995,676.52218132886,580.5600483663884,0.44618430634232836,606.2108959704971,592.7888905228044,0.4624243189848574,690.6354768448414,618.7690234794904,0.029890331218143266,633.4726951773957,630.3678488504136,0.03248878011737434,620.9584537006202,650.6015632095749,0.005048302746954973,659.6258657646424,648.2154794448226,0.004903573935419095
662.0,674.7619184274789,327.44752356135103,0.9589226076673564,671.4207182336359,315.64963237643366,0.7427911477744642,659.0860761939953,319.2572937643481,0.9674792711973652,652.0473794542673,325.56768544402314,0.14094408797757793,617.4929691253157,336.7598296492591,0.9589458158169406,685.1253068051315,405.9500810965757,0.9674031739260284,568.7285394850352,424.7240306189776,0.9770032078226019,710.5920136754321,507.28657400883776,0.7379487509725544,546.0299677601637,542.2664687174226,0.8542708305476199,722.1842444833062,586.0747718177493,0.5345539114451358,578.0457808400483,592.4568412675742,0.7152294669402518,676.668765546641,580.800443051344,0.4515349506874749,606.5240857731505,592.9528985680378,0.4656536250508166,690.733370825362,619.7599201918737,0.03040888804012581,633.5474053723487,630.787205064671,0.03278849914111102,621.4369427255219,652.161393086085,0.005085695959014487,660.21880769122,648.751099873553,0.004912619590813501
663.0,674.705548285149,327.6234684051172,0.9588187070724526,671.3840316692056,315.8274332348031,0.7411519339049689,659.0819350418509,319.39828421835546,0.9673689792212885,652.0119392771854,325.67293313384636,0.14058619795153543,617.5047961805004,336.76850362722985,0.959122505872924,685.1556501463149,406.0408757274929,0.9678594670373237,568.5484032292578,424.91979346979076,0.9774239615571024,710.657496857073,506.94892060606105,0.7422279213945695,546.3795314672698,542.2820832406691,0.857485315901766,722.3541880721002,585.80331047203,0.5401618455947528,578.5670074797924,592.988218916054,0.7200353971618083,677.098696666847,580.8509518875126,0.4572261508976062,606.8086585850918,593.0963382359796,0.4715056116783279,690.8681131569674,620.2961423636189,0.03060057408392476,633.3222358864124,631.5773927015956,0.033017456519422964,621.4306251372511,652.1503081572824,0.0050567540592840274,660.5668890963381,649.2530519767486,0.004886489079920341
664.0,674.6995778472274,327.5541412905969,0.9586525832406321,671.3136836016869,315.72899659963394,0.7407920997818727,659.0139937386971,319.3924225204668,0.9672432419964275,651.9263941384493,325.55833779100107,0.14076242439382944,617.460219015315,336.8794589605053,0.9589425944731967,685.2677589433096,406.07655605337067,0.9675463627380946,568.8622098128191,424.8857441452554,0.9773525011286959,710.8648236912212,507.47496904267786,0.7391581445561775,546.7225171075329,542.2237451347739,0.856759684189593,722.3736272467102,586.3008434888169,0.535724197900957,578.2568389945637,592.9906498316541,0.7180203390237622,677.1827685734763,580.8349148756157,0.45424000642384554,607.0451241887585,593.0109059747538,0.4696841827916559,690.6502371147283,620.2273696830041,0.030373430345820532,633.4740764357325,631.4800576771038,0.032909634082145145,621.1068672945472,651.9229440691386,0.005044784999097433,660.4446231181228,649.0839773502458,0.004890534981634449
665.0,674.5289612378233,328.05378097137907,0.9605818617034692,671.33883183359,316.0057476997664,0.7537839078692798,658.655065733408,319.8925930428017,0.9686672857581059,652.6091261634225,325.34425917970464,0.1467909528565551,617.1353357496281,337.095508671691,0.9591067249689728,685.5107308161948,405.9097682643676,0.967966447912267,569.3701524753747,424.8777268286238,0.9773628714307325,711.0014591255776,507.2812849668759,0.739614979614732,546.6712618802451,541.6454506374089,0.8546785544717077,722.7214740468929,586.2279781266797,0.5369908890771958,576.8280011922593,592.7035203524658,0.7156249309875041,676.9137252064401,580.316060860753,0.4543739221264637,606.97621092208,592.545692519659,0.46852294391485355,690.0992017782771,619.6205435687655,0.030858739738931773,632.658576415832,631.297341278009,0.03324444252259481,621.1279253434907,651.011548558878,0.005171012088658074,659.2316919036618,648.9147659270462,0.00499362222860572
666.0,674.4024447693942,328.4553315486923,0.9604678623599033,671.2397982596106,316.2958032395102,0.7542952609105711,658.4593883323621,320.3610067084011,0.9688880524773419,652.7684254259289,325.3892957868219,0.14712900805246673,617.0893780826658,337.5020679893502,0.9591492379924633,685.772560382897,405.78676645186715,0.9668399236368793,569.5753885209463,424.8088445621832,0.9772951649268677,711.1321162076512,507.4617400356636,0.7288181733036443,546.5539285109957,541.2821609266294,0.8534690860676127,722.8383003591214,586.2793049128769,0.5235809658996359,575.0183764402949,592.5701705544444,0.7112697092679517,676.4657067357869,579.8138129573462,0.44589949526198835,606.5385966667443,592.0319933975638,0.4646968810054767,689.7982246617405,619.2383234959455,0.030231258434001068,632.4994961782295,631.134609643743,0.033155895461079596,620.1692617101074,650.2406015292054,0.005151119988343744,658.838702919331,648.7506825860055,0.005039322114539682
667.0,674.4090802083012,328.78861882721566,0.9604309479689307,671.1113514477072,316.54772805254896,0.7524866157447068,658.3591019706888,320.8309845573104,0.9690049294077244,652.5743605107378,325.47777077466674,0.14522691565775828,616.9391744544342,338.09283572558036,0.9595285201912471,685.8769031337291,405.5000277980681,0.9667960984218454,569.7922206290647,424.87660433599234,0.9775803049302908,711.2354062805325,507.10104708170144,0.7297117958449927,546.3040591908631,541.1563199315366,0.8565095859318178,723.3854631399126,585.4944577411907,0.5254679169170553,573.9663229673808,592.3188380280612,0.7158508693411357,676.5000437625553,579.50302481957,0.44907418774948754,606.5712607511329,591.8131752421752,0.4695753654833763,689.7957283583733,619.4390195603405,0.030307608289150852,632.145432133049,631.3734649433651,0.033442755503193346,620.3414756931905,650.2013720038516,0.005131086969121463,657.9370736417286,648.5342086877314,0.005040443429864002
668.0,674.4906696971592,328.4758029666515,0.9608725259995935,671.2053135198012,316.2425043531214,0.7552325678163261,658.3332062441175,320.5135220964337,0.9693361911310018,652.7087134222417,325.31986077859943,0.14541075384437402,616.8156107510827,337.95249880176976,0.9596286958487203,685.9404734338112,405.5398632834071,0.9667315400558153,569.9366284745391,424.847595062929,0.9772291863988992,711.3600816732071,506.88568276856205,0.7286824283826078,546.1770739583495,540.9467945713794,0.8538767045205666,723.6602932927879,584.95848479808,0.5247449096011628,574.1827203627212,591.6849456709557,0.7131749788738443,676.6050787068682,579.4894637783963,0.44692963389612356,606.7303257486593,591.7700073413487,0.465909689252825,690.2753078146059,619.0909568815371,0.030424163890886646,632.7403994537298,630.8050270664935,0.033386525659542504,621.1590095581683,650.4659664758212,0.0051799060580588275,658.1236426985195,648.2615095834961,0.005068234779057557
669.0,674.3521977874498,327.8638066176899,0.9604342644594646,671.1705059685132,315.9670128652528,0.7526051630210284,658.44038849832,319.875055810165,0.96898385983904,652.6269320756372,325.475360025558,0.14467796616764314,617.1433358024598,337.3284801363725,0.9595877878402636,685.8320488578129,405.44652542231546,0.9666277819580512,569.9066713845976,424.4430657654102,0.9774407583010746,711.408763961174,505.526193103597,0.7291947468684199,546.1290443554782,539.9671514025634,0.8561647815502014,723.3717791982958,584.0816792037061,0.5253314174849304,572.7728931237078,590.6394304179039,0.7161287288904767,676.8392743332591,579.2484451410643,0.4533259912274951,606.9825931601971,591.2972682532608,0.473806236357085,690.3238375430244,620.2614562752659,0.030950062386171838,632.6088147442416,631.4823335638846,0.03414522301612917,621.6437492425838,652.0904336609864,0.005224315217445549,658.029945578929,649.213578747819,0.005134608096510256
670.0,674.3316871892064,327.75116922850845,0.9598072163919263,671.1552806923975,315.94373731281786,0.7500139983061044,658.5513501397472,319.7431359010099,0.9686142606960713,652.551508448949,325.55109688658854,0.1443326201268531,617.3964322577114,337.15904711529873,0.959241543390817,685.9021898982149,405.36447289507424,0.9656872035894888,569.9866753540505,424.33681980723514,0.97731993728811,711.6405252380747,505.3223909789515,0.7221631384711363,546.2066038077538,540.0973378959387,0.8557916706602701,723.3659032687902,583.9280547345522,0.5174695102065242,573.323353650358,590.3579106416851,0.7145050541875209,677.0233321004596,579.374188212243,0.4462372272790344,607.1923529633632,591.3480053933814,0.46987040331568536,690.3869469202289,620.4966075586002,0.030135495217386378,633.0597702583163,631.3823787803807,0.0336717562926626,621.4865656001931,652.447707207215,0.0051180795434823114,658.4715680205586,649.0007913230612,0.0050800864257696966
671.0,674.3993131281745,327.50041136403416,0.9593049219609172,671.2453315172597,315.7817884570878,0.7483447158695807,658.6639819011798,319.53228597727355,0.9684450595083922,652.6929161117337,325.56698152302664,0.1439418378957543,617.6496113166922,337.08051416570504,0.9591498741030385,686.1148329779644,405.3234190872857,0.9645281471113832,570.0369287604375,424.50756970534655,0.9771182353419119,712.1703019540355,504.8668421304098,0.7115442244592772,546.3257590944311,540.2021153055008,0.8536040213213286,724.0466966562832,583.8192143479378,0.5045778898956952,573.5027547892744,589.7895718466872,0.709354292732608,677.2257602276845,579.2369178466032,0.4382062098079195,607.370937055695,591.3200538825856,0.46529495244467445,690.6812837651732,620.2107810995079,0.02962415434649902,633.8275624335063,631.3116833227166,0.03356896931100983,621.1758751398797,652.4700905727814,0.0051091888779935275,659.0858064224872,649.1695959235616,0.005123894525474179
672.0,674.3537674378541,328.4476413427728,0.9582200144063207,671.1057711945133,316.38595773357224,0.7435682113599297,658.5983314152342,320.50117613899766,0.9674847987421898,652.5959456116005,325.538397030304,0.14315912583653273,617.5753867731311,337.75225051771906,0.9582208477832918,686.2276486466155,405.10006625147605,0.9645233614498556,569.920507348872,425.31773733780574,0.9768207344322567,712.2651234745429,505.2091131214371,0.7129975817816301,546.0873871688976,541.9094966597315,0.8519179157047104,724.6719049497005,584.2948825039447,0.5063377600532112,573.7293634292262,590.5322713503575,0.7077202659461634,677.0950801951437,579.3450187670251,0.4375527532234831,607.2361686200334,591.9229272430692,0.462636409811006,691.2411516403336,619.4484267071782,0.029840075874214087,634.6204983253915,631.1981980289437,0.033602827847558955,620.615886622395,651.8577901195962,0.005168445969557716,660.3901792378722,648.9686962404221,0.005160001279208316
673.0,674.4343236583936,328.43813446028247,0.9583618435564139,671.1676630241116,316.33294339642794,0.7429202258234379,658.7118220124228,320.44301602062814,0.9676372617365315,652.5479332129311,325.4613678550315,0.1420919652011942,617.6136151745575,337.65104371497705,0.9585210450964518,686.1970230711096,404.8144392991087,0.9647601664121688,569.7497304297273,425.29234760089474,0.9770016544116055,712.1496228557548,504.2967576647892,0.7160651780298773,546.044529152947,541.7093828829868,0.85391549274719,724.487197384248,583.644435499358,0.511192016891769,574.3168978020916,590.1665475665304,0.7118388180063425,677.1901898406094,579.1350724236759,0.4408833826737102,607.1525045230159,591.8187475902497,0.46577924819593597,691.6646911811827,619.301523083124,0.029998913396361248,634.3997258401021,631.0698237188528,0.033759114721615295,620.9899539938152,651.7908749230046,0.005162246331225492,660.2250119100025,648.6499397755243,0.005150502286501749
674.0,674.3190902597215,328.57353721919077,0.9591276695872234,671.0859256528873,316.4317349512159,0.7469659535139406,658.5496629221409,320.6032097823596,0.9682404038678798,652.624478622594,325.47377061426516,0.143708094971344,617.4759075868913,337.8016886727171,0.9588605600506211,686.2614666895254,404.732166222016,0.9650357365803619,569.9356727187136,425.36468489117976,0.9773032093380409,712.1599691257643,503.911949535546,0.7172583373681873,545.9105212256636,541.4834282474774,0.8554644781737187,724.4882872685671,583.5782310656905,0.5131379141709879,573.6863241973692,589.967166338286,0.714256369341587,677.1818578383823,578.7604982174291,0.44429421087353466,607.1981097558646,591.4346974086538,0.4698922389890278,691.2328719812,619.6122313323301,0.030357645410233676,633.6815098779359,631.3530774243608,0.034223743482382676,621.0118938975584,652.2868738529802,0.0052052787127962775,659.2229044194984,648.9573720744606,0.005201202405671683
675.0,674.0558351770584,328.58550381294367,0.9620221544603084,671.1588830428893,316.3700090295195,0.7641042865664524,657.9879727914393,320.53393999740877,0.9706340995211277,653.4786942309167,325.29628307620663,0.14961866424581197,616.7299137650666,337.5951562157771,0.9599075919369805,686.4154876603764,405.0633147501068,0.9651028973162861,570.0780712520707,425.1710857398069,0.9773728003017038,712.3236774550759,504.7185658516337,0.7116480429061105,545.7409810800874,541.0231086894398,0.8527243876832078,724.3682071016385,583.8855850752251,0.5085436418760595,574.124048533898,589.1413225586834,0.7114546639463999,677.3046114934336,578.8975142547329,0.4385651496329025,607.3206063249825,591.4121324143399,0.465083083908211,691.4673912974803,618.948174021083,0.03058346019693405,633.7974896444335,630.6757594899425,0.034610756069120084,622.6038483293676,651.9410364016736,0.005349414015982759,658.8299972343822,648.8703982903453,0.005360829182925511
676.0,674.1212974241907,328.40985101605764,0.9617583099737075,671.2455037433092,316.22505729090506,0.7628351018389913,658.1524037528889,320.2743242330634,0.9702867330855469,653.4517196052134,325.16981118901634,0.14964106316091397,616.8683992899506,337.1987447335467,0.9596761502562836,686.3854278017342,405.1845129709791,0.9655252602154029,569.8695806875306,425.2294363861445,0.9773006700803484,712.2074056015525,505.29932776804515,0.7141567949975286,545.631127872356,541.8412437509148,0.8512769219021893,724.2829654971526,584.4023669611704,0.5099142999946973,573.6310976767895,589.8822690455457,0.7090595074980521,677.4067323324649,579.2800176303973,0.4391833139955868,607.4121456010223,591.7702251093523,0.4635342593126745,691.4857492020856,619.1845550973266,0.030705183920609547,634.041900131753,630.7643481413736,0.03445686562230868,622.3120003805199,652.2753962098262,0.005362479551982468,659.8597738811351,649.0520439193334,0.005342031976567712
677.0,674.2622404120284,328.17351294344667,0.9604370610029299,671.1335202082762,316.0027344177664,0.7540824537514929,658.3030616109086,320.093528227876,0.969054006756973,652.6804514038564,325.1707651970245,0.14487191381879175,616.7929461011701,337.34456360578,0.9591611495235087,686.1949629487088,404.9504441379416,0.9658091953915676,569.656456476801,425.08746900018707,0.9766465537497323,712.5286627420479,504.79038089375985,0.7223501587900809,546.1750770476441,541.3463303011515,0.85029981879175,724.4378323968139,584.3760257940875,0.5192889017760169,574.3783990024712,589.4168742997344,0.7098964614642558,677.4273926371716,579.461502350261,0.4378100770044859,607.3221534683836,591.930120950629,0.4572106433123895,691.2570637157578,618.0289989865014,0.029930086321369984,633.7366363288107,629.4542082630051,0.03294616418221979,621.8411696921792,651.5458679834105,0.005155151626958363,659.8162619734533,647.7743376492784,0.005059213680627142
678.0,674.2540068542934,328.34958820426436,0.9599087258881357,671.0214884420589,316.1176292169426,0.7511177250737469,658.337715609231,320.3201098809306,0.9685609671926189,652.3990746454924,325.12436554981025,0.14365611130229206,616.7966424233354,337.50980300924783,0.9587738655608635,686.020151800918,404.66211411289703,0.9658462083448681,569.7315773228624,425.05790157751693,0.9764086057554776,712.3674657587017,504.54692828913187,0.7249469869197105,546.0984862538711,541.338670703256,0.84995266472541,724.2095208419013,584.4927160862063,0.5225731332716982,574.1401784923802,589.0605086355193,0.7105095474567905,677.3038700906267,579.3662944103448,0.43834140748880596,607.3672233075005,591.9197834509839,0.4561824066766081,691.3630027913734,617.6980136033341,0.02994424242396934,634.0122941511323,629.1386649615949,0.03276776732956423,621.8635896624794,651.5532953946968,0.005141723261845601,660.0527346275308,647.5296223947763,0.005023803173022538
679.0,674.2095690637117,328.3825483805555,0.9600000880323593,670.9975111922143,316.20097052435494,0.7517832055512509,658.2581112249648,320.37943613747467,0.968736383637586,652.4230518566424,325.2778467736139,0.1436437108780431,616.7182116477333,337.6303319531297,0.9588990709354064,686.1566990966104,404.83560503959114,0.9654980501010451,569.7793841009978,424.97936277660347,0.9763986471889785,712.733410418211,504.7603196298886,0.7214930464076507,545.9734738920888,541.0462794185263,0.8496136039263585,724.434801968182,584.1898618042296,0.5184608490568763,572.8918514955941,589.04077536293,0.7092096204182026,677.237032369769,579.3517848608831,0.43586629647095093,607.257251346554,591.7580453408666,0.45523103873659254,691.3289003230943,617.4901340585386,0.029814760597842056,633.9356724690505,628.7391335337908,0.03281088489127072,621.9210091780454,651.183785854238,0.005151419230969561,659.8583453000748,647.1552874147998,0.0050544320786165674
680.0,673.9167192176585,329.05231337519007,0.9607540244636614,670.8036215200148,316.6827108785843,0.7568636586146875,657.8722767080609,321.0451239348449,0.9694005138472807,652.6347415141823,325.33730860946747,0.1463792907082226,616.4114092841895,338.0268769580583,0.9589515268442136,686.2605570833234,404.8058605309732,0.9652321548196985,570.0048685649999,425.0441644060014,0.9766543951316169,712.8740106042708,505.090979448142,0.7177135328423843,546.2470635300187,540.8485280910934,0.8505529205111708,724.4660332344275,584.3755923756538,0.5156518648122862,573.1584960081408,588.46546660162,0.7107218734282924,677.3515740068154,578.9961715055997,0.43245696484969043,607.4604599740162,591.4760928242578,0.45455721930379966,691.4896349469279,616.2577664185465,0.02977440689257953,634.0728183911463,627.8663365502376,0.033133911995588974,622.1832204139938,649.6309602124804,0.005202182877876341,659.9524799268509,646.2972538102088,0.0051473119528178115
681.0,673.9913359080605,328.90321872061935,0.960315200217065,670.8160796563759,316.5846070000796,0.7543635352242455,657.9798443754544,320.93487383940266,0.9690873344536416,652.5381023984608,325.333033419201,0.14553670743374897,616.5907002315793,338.0105225439026,0.9589263259608009,686.2850046615,404.926062791834,0.9650965692350205,569.9281978445161,424.9507929258737,0.9766583403511093,712.8042816195483,505.4920144064325,0.7160863347009915,546.1883498877226,540.6389408779454,0.8502952753083267,724.4093333822358,584.5143979755646,0.5128184822791448,572.8988338131464,588.2221135261797,0.7095420640069465,677.3176429703241,578.8207060500459,0.43112663461232326,607.4167113474356,591.268637380669,0.4538352501585654,691.5129003109201,615.77266133327,0.02971829953989534,634.3714817679861,627.5029720533386,0.03315096570140125,621.8475094793791,649.055813067859,0.005209527847877104,660.5937474335302,646.1428585094253,0.005162041045021252
682.0,673.8586785749336,329.1597602907185,0.9609176885074231,670.6812497008801,316.72290445102476,0.757837874813866,657.7464569258041,321.24022367118937,0.9693879198390842,652.5973217985048,325.2496177358282,0.14759887269216992,616.3839301850345,338.28339842805053,0.9589778438869898,686.2848687980502,404.9854797364005,0.9659622540105839,569.9138523261423,424.99352772479574,0.9768603364749081,712.5371325081072,505.4360338541007,0.7231441645232136,546.0352414071564,539.9550021967781,0.8516793197420539,724.1958592620324,584.481810455581,0.5212859175942924,572.4831208585391,588.3189484733572,0.7125216648936551,676.9186381014426,578.6025964724158,0.4374837485633647,606.9662579758169,591.0991712121053,0.457925607800657,691.1543447745408,615.577213497834,0.030178944212372456,633.470671519904,627.7191304761221,0.03335765907263103,621.5337507249507,648.1579682448174,0.005244456987111501,659.6010003672077,646.0770256469046,0.005160895587726158
683.0,673.6946681951353,329.5262912958044,0.9608617416076185,670.5661186198682,317.02456819330837,0.7575308712407731,657.6228289460962,321.56533188429967,0.9693853729159788,652.6051343302719,325.31297779660576,0.14765897250533458,616.2805373909429,338.3450164544672,0.9588282015114125,686.1530641666567,404.94246973198494,0.9658535021821721,569.9875853477153,425.00264475270575,0.9769817704510836,712.4718688164953,504.8674176061678,0.7239720186083728,546.0062608801787,539.5391697057813,0.8537722329829778,724.421117263494,583.8942306082428,0.5245540513913639,572.837132832654,587.758913841106,0.7168598581548778,676.8503483711594,578.3151419645591,0.4411321614195724,607.0337671243135,590.8028210227188,0.4626184049207179,690.9536910175904,616.021659096242,0.030599525427521736,633.0954214594776,628.0758563499203,0.033966444681026595,621.7721895203557,648.6039359176126,0.005296420318775262,659.2704471567059,646.3648161920528,0.005229036417534988
684.0,673.5179797954091,329.6029496995919,0.9614687394038104,670.4781561446698,317.0567234618197,0.7608091476728979,657.4646883054305,321.61925232339684,0.9698526825759884,652.7417952066731,325.22530003260755,0.14914139588399367,616.2185337969947,338.2623038011594,0.9591150032492076,685.9834042611807,404.51575350173874,0.9662598776128377,569.9548332803655,425.0291341100509,0.977203340025296,712.2374935064894,503.74852554351514,0.7265614248532329,546.1107050352757,539.581573479496,0.8547918504446885,724.5218790983437,582.9057499222305,0.5283558049552807,573.385991251515,587.5121937944035,0.7189791640319705,676.732502234891,577.7978544285371,0.4458763761752059,606.9740570476217,590.5296577162444,0.4667528876243413,691.3814514714688,616.3291837238822,0.031071954597564354,633.4485781533133,628.7165389009708,0.03444205268854751,622.1864903254263,648.8932241043128,0.005349938837187877,659.3458791796618,646.8512393336907,0.0052773026849857255
685.0,673.4997067639632,329.7263685197902,0.9614349504123995,670.4603372751757,317.08582038241167,0.7618564650621222,657.4179289740217,321.7739039129559,0.9697907511249797,652.8385746411222,325.04758976646406,0.1503564192521286,616.1960180137529,338.33445156910983,0.9588525969676395,686.108474878898,404.36288949751605,0.9661364288874906,569.9955873319075,425.27989065684426,0.9769934186147404,712.3678699700122,504.05873094829644,0.7240473570607937,546.2235318971585,540.4078429842292,0.8520735629134268,724.8069873009842,583.3449169909509,0.5244503443513138,573.6030863142204,587.9713378706108,0.7143462849607809,676.7973407241755,578.0001689750177,0.4410867216898976,607.103442344095,590.9302700953201,0.46132462872817265,691.1607961929033,616.0466988678533,0.030774782944847097,633.8236548590721,628.8021027711452,0.034036700216650534,621.4612844833367,648.6699388409207,0.005340333731275066,660.0677137790403,646.9818786632417,0.005259405116254187
686.0,673.5608729625927,329.758412573249,0.961116208551142,670.5134858489909,317.17964798597563,0.7600297513471582,657.5029127551444,321.81506218116664,0.9696350240721533,652.805805738045,325.230288032664,0.14938556979797554,616.2561060644231,338.4197895810727,0.9588368171684288,686.1900272072107,404.5059700613641,0.9656846057679381,570.0868216030035,425.3760375859094,0.9769523631219059,712.5712677289454,504.1706305031057,0.7204149910408798,546.3488808643126,540.5504669209066,0.8518598082226205,724.9401419415508,583.4050248575326,0.52028680770119,573.2819318350225,587.8100860540876,0.713459523271866,676.8837770934488,577.9852132879112,0.4375422315648112,607.2288255077049,590.8170856525746,0.4594000899462567,690.8632979341969,615.5810423235299,0.03054597927198217,633.6929947091741,628.0800317886437,0.03397564468457717,621.1751126751515,648.3678745272787,0.0053349339788469246,660.0888318882479,646.2664505401552,0.005275870238032156
687.0,673.8712772846415,329.62242200531887,0.959195686941071,670.666803141631,317.1874808331888,0.7481492309724797,657.9641139961022,321.71754031555326,0.9683888923960731,652.462359389913,325.41474333622443,0.14342329458919154,616.6198546359777,338.38646634922725,0.9584595358668593,686.0813774147413,404.39259911053637,0.9643859606263694,570.1937182989052,425.30928800957537,0.976693860030243,712.6620581581224,503.9283888767516,0.7138379108854339,546.5830595675064,540.8763946573561,0.8525283381795842,724.863851990975,582.9959386248786,0.513590417224612,573.8863504133881,587.9628817781975,0.7138402988634962,677.2162743340386,577.7293600352675,0.4319757316223186,607.7705057300839,590.5121421790843,0.4571018035586209,691.0069220001985,614.814281760851,0.030124520117446405,634.570433400622,626.8364339789475,0.03392525197970086,621.1415301581416,648.2276481951246,0.005301153117533031,661.2443264911822,645.2537707874297,0.005288651272977888
688.0,673.6852779090974,329.819691530689,0.9603355432567867,670.6052285834548,317.2678521339421,0.7554083726212087,657.6471074864402,321.8968413480255,0.9691760989114283,652.7791602289768,325.3437033096319,0.14696158965802575,616.3632736291624,338.52093302797704,0.9587187358737214,686.1841294092285,404.3347459217524,0.9649529078338684,570.1997353051562,425.4294317944399,0.9768275304983224,712.6551359721959,504.0254014735309,0.7154322879340765,546.8324323865037,540.9678389303609,0.8514863087779916,724.9568463506074,582.9579664445212,0.5149923158750241,574.0791875398127,587.9378343608502,0.7123117334699062,677.2440079293276,577.6184052607382,0.4324743049178004,607.7289789041052,590.552628055953,0.45633807251484687,690.8708420001713,614.4783633403622,0.03027525346082584,634.4148052968908,627.0551392412004,0.03393006931412593,620.9250564177487,647.5617092091727,0.005337822654773406,661.035340525951,645.4681249866595,0.005306597533899545
689.0,673.6804868198124,329.71841654363146,0.9600025528001326,670.5869621785451,317.1930038266269,0.7545521992658227,657.6954713834263,321.7301985781792,0.9687660024473067,652.6322093439801,325.35535799196094,0.14718411121925926,616.4006115558053,338.33386996628775,0.9583003106235323,685.9665376617539,404.56681492645254,0.9651203230414488,570.0232196314705,425.4288750215384,0.9764254324828918,712.2963444838715,504.790909564118,0.7163903521905749,546.8614331981963,541.5513556289349,0.8483223130738646,724.7578604237801,583.3127403496563,0.5150665172255118,574.9419247078993,588.0900289557851,0.7081605012799848,677.0402017853798,577.8514154374666,0.43007628847156815,607.6069242206567,590.7148910396047,0.4511868924094889,690.8553011934708,614.195983289032,0.03024337326234315,634.8550926783938,626.5222989895694,0.033555040916540636,620.7822992256271,647.5296692569622,0.00535274792417052,661.911518067165,645.1036845501434,0.005283302227798911
690.0,673.7291263873678,329.56902427852395,0.9597103003214729,670.6145527978688,317.0904283043768,0.7528700297219207,657.8112185671217,321.5395253073412,0.9683859680118576,652.5157869680598,325.36625614866995,0.14652779293937157,616.518811735658,338.1658960358038,0.9580100180831779,685.817970190007,404.56834993431374,0.9654414601877122,570.080217497766,425.3757586272674,0.9762940658401629,711.9916278147056,504.3856304192282,0.7206054652473799,546.7394998973945,541.4856473659831,0.8483229427893428,724.4962378152093,583.2063143314311,0.5198127354117723,574.6817300120517,588.4768068225275,0.7088827373557963,676.8701496099121,577.8639466276703,0.43439124920405753,607.5335258894509,590.6417571949862,0.4534161427991169,690.8791943867635,614.5060212483185,0.03067150961522867,634.7518268752111,626.4355920652832,0.033747494129730674,620.9767442192923,648.1729523108462,0.005397681416454187,661.7045990278959,645.0245172575569,0.0052971528507155235
691.0,673.9435794155814,328.88268321680385,0.9600573801488408,670.791763063742,316.60685192726805,0.7529329354830288,658.1040370674318,320.8298902795452,0.9686537783727585,652.3818920806428,325.2957232229014,0.1452373798722657,616.7227942105346,337.64012444583403,0.9585563659683246,685.5966610941042,404.70291672050155,0.9658321601513422,570.1096426025234,424.9954930703084,0.976471613184597,712.0820857334938,504.2618449072091,0.723366589409328,546.6722978080393,540.8537877498787,0.8495137131921017,724.5627657228623,583.004879040978,0.5226718791028911,573.9468838862743,588.0254509988898,0.7110366632488552,676.9870949742813,577.8594639103517,0.4384568969615866,607.7630151389128,590.4211940973406,0.45692130103969664,691.4222892731509,614.4723103516204,0.031143349287284513,635.0989498788324,625.9790158138552,0.03418218751148363,622.1349961076284,648.5857486915464,0.005458518985209747,661.7357403448977,644.9851215553227,0.0053464753887056266
692.0,674.0196403272203,328.8247051138084,0.9596773463438814,670.7612162395252,316.52740207992116,0.749827038122953,658.1844212291849,320.8254614751057,0.9683324415345324,652.1905485353537,325.2162800977615,0.14402991862383985,616.799571587249,337.73968996886003,0.9585941869266513,685.6703259015495,404.75973285381497,0.9661165054990326,569.9918824495137,425.13927452545505,0.9767365482135442,712.0574781762206,504.3934291468873,0.7262617972147226,546.4362485831944,540.8762344083781,0.8516866635656755,724.4310328271893,583.4194094128966,0.5252530596389181,573.2525995364449,588.6454844252596,0.7135294864184215,676.9854531920291,578.1586375054991,0.44307692227208106,607.6124117043836,590.7674223007048,0.46168285520767227,691.3984735971608,615.0985520541918,0.03131799105588826,634.6701652466897,626.7837197954483,0.034375873281388476,621.6870438332718,648.8890817019495,0.005443691126044322,661.2597166985577,645.6119101904166,0.0053309948738186844
693.0,673.939663232424,328.82813023207956,0.9606353111363063,670.7406057150804,316.5211023501343,0.754463183593826,658.0054979189504,320.81516800814273,0.9689800800435112,652.3129374839643,325.2689509834529,0.14593006548193962,616.5992250531482,337.8098598029054,0.9591230291734407,685.7037833161361,405.0361195024618,0.9670458681223854,569.8296491713221,425.24956983418156,0.9771433919602497,712.0776541117664,505.10652173340185,0.7321768968961371,546.6764714851299,541.114154898969,0.8534456938840073,724.4774927248523,584.1523285563612,0.531110453880196,573.4835458224854,589.9388394316634,0.7155795298290643,677.1575830986432,578.7487179661703,0.4482328276522963,607.5570652435867,591.3735493226526,0.4653110150006767,691.2648582467126,616.0165425077894,0.0314045194303645,633.9873641224626,628.0734661929147,0.0342551896400674,621.84063803268,649.1154525184858,0.005396206144767192,660.5062466991961,646.7284848043121,0.005259221365105172
694.0,674.1651120811733,328.62633380550534,0.9595744317110263,670.8411344281537,316.4137648193472,0.7489313534085585,658.3021297593431,320.6236060209034,0.9680750022015453,652.0820402239814,325.4103583970442,0.14404573893785838,616.9143866097454,337.8164413414312,0.9585965234850227,685.6233028335807,405.2604965327456,0.9667752246675345,569.8868318723178,425.3022472203644,0.9767753397153289,711.8830777371261,505.61965250681214,0.7317608805519328,546.8446593748008,541.6030207949635,0.8520761402037493,724.4631107643451,584.8193146537767,0.5294564528990934,574.7916869066279,590.4777962206473,0.713129166929219,677.0270948788508,579.2350594982738,0.44542580555243005,607.4981339708039,591.7513158717348,0.46153072933169104,690.9984337316951,616.5245164369749,0.030883899951193186,634.1948237267754,628.175763680666,0.03357006701261942,621.3769382620889,649.6446793076434,0.00529843845535563,660.6938795108489,646.5219257774206,0.005150939200114645
695.0,674.3201118456105,328.4189772477937,0.9595741190700967,671.0030221008242,316.28580427223716,0.7479957301296204,658.4733629372203,320.36008680148245,0.9680715717359911,652.1009581140806,325.5126843741336,0.14313039404210892,616.9888914369133,337.6543271039773,0.9587779020873786,685.6358477066335,405.506639971331,0.9669127783361527,569.8828744798083,425.4409709467098,0.9768466508193668,712.0030346153738,505.84487299775253,0.7329529199148259,547.0981435165969,542.1425293349777,0.8527153294384573,724.4347683315137,585.1193468763212,0.530973608444382,575.8815637678376,591.3034076519623,0.7142565120962394,677.3981580438531,579.6344807557787,0.4459277699279104,607.8364724579341,592.0950372697951,0.4617466343154895,691.3823124267651,616.8511363375862,0.03084369908203943,634.6467035679896,628.1833323807618,0.03349618902623247,622.0223790869034,650.2741738156748,0.005274283647267991,661.1925767779803,646.5993975717622,0.005124632087586849
696.0,674.4255159779902,328.0842345171608,0.959144587928735,671.1409681698424,316.0891823083297,0.7460908708578075,658.7331858656112,319.94212041848635,0.9675866684976235,652.0662652888353,325.5593468462472,0.14300650437756218,617.3112486450759,337.21484644154765,0.9584076809317762,685.5049677279702,405.6704000968584,0.966977575392134,569.8394049572765,425.27932800100314,0.9767044291759414,711.9264696067006,506.1750588996717,0.7335859095990781,547.0411149040199,542.4013675377441,0.8515749974233883,724.1747597477573,585.3664180483937,0.5310320731812816,575.7327949476328,591.3407334045485,0.7125775708332284,677.3862822398505,579.8071624657576,0.4448187448455497,607.9300167710405,592.1070549602039,0.4595804814073973,691.3512022743829,616.435225683328,0.030872878751784884,634.9610149274168,627.3867793111657,0.03338906615633225,622.0482597544849,650.3624036886944,0.005288960906826588,661.8361651410288,646.2413133706128,0.005125279367063615
697.0,674.6245194974946,327.5534445815406,0.9576460525026229,671.2448274387135,315.7933491285274,0.7365012228354441,659.1697397040431,319.369667851799,0.9663825661112448,651.6948649182515,325.6548827524922,0.13957360974375485,617.7926479180462,336.7320086817791,0.9581006890556927,685.367832129717,405.9570900698692,0.966849988993911,569.7160472673868,425.11869600773593,0.9768696958814531,711.9664684208799,506.3189841178904,0.7348088584029112,547.3391461124166,542.3797289585251,0.854284778257429,723.9388241800824,585.7465557138419,0.5319764732544346,576.2505030705665,591.7574471030807,0.7157608200638086,677.4601889228929,580.0130948421231,0.4483527356657145,608.0254813254762,592.0594975336542,0.46428080148482304,691.1427692714774,617.0222625396024,0.03098481312878749,634.877789848388,627.3974800522993,0.03365361659431874,621.7455667876437,651.1216676925329,0.005265026487954153,662.2622717236408,646.3638891868513,0.005117905559454503
698.0,674.7721604541279,327.3675212974114,0.9561852442378462,671.3296804953635,315.67982672298336,0.729582926946375,659.3341883347846,319.2897193628169,0.9654651975264985,651.8022119684285,325.6463601196213,0.13830416748996255,618.1807270944851,336.82895180865114,0.9576622662610724,686.0206381311473,406.56699500096,0.9656544522301085,569.823135732948,425.17486984615687,0.9770140792381857,712.4792959597019,507.727536955665,0.7240636295762332,547.1906198093169,542.0494308655593,0.8549016253163582,723.7748943021982,586.7967087519112,0.5174736762808962,574.5752617243439,591.8280482665735,0.7128783683228639,677.2929701941543,580.5119099965287,0.4427087454275426,607.6166134011112,592.2947811373238,0.46456197104345587,690.8047466368146,617.5592268753592,0.030421916596128463,634.6797027355628,627.9171818928161,0.033802857536668264,620.206914492506,650.8573548291654,0.005229030918307909,662.2563374958193,646.8234470561779,0.005168295743006993
699.0,674.7976622523815,327.6179206267364,0.9546595151503708,671.2628008577279,315.906228041238,0.7224563244193621,659.3894492523287,319.6129185159897,0.9644437297217278,651.6391525736751,325.7891544243077,0.1362357641268951,618.3156315402417,337.1907784503534,0.9570412909441259,686.2691285140376,406.6540446572636,0.9644441840399444,569.8556437891734,425.41442122043384,0.9767905224448705,712.6416875536687,508.09846428712973,0.7160524478215193,546.9546381631674,542.2445137639795,0.8542031992795239,723.6651998904467,587.1799427577291,0.5078029199727703,573.312333548888,591.6748241474717,0.7101337772468265,677.3891511187751,580.5238675413419,0.4356193271039899,607.6454589596666,592.2981675220906,0.46097112382002836,690.2188661797768,617.115342296348,0.029800028923787976,634.2084823664164,627.5475271973963,0.033528296618984536,618.9159141712169,650.2771044021467,0.005178458860280758,662.0254597295728,646.3872108474027,0.00516446965987927
700.0,674.7317433483228,327.73147726302676,0.9544817483685483,671.2942239192898,316.06127657337635,0.7247725394187664,659.3310131249872,319.6637498209482,0.9643493771548154,651.8262442660315,326.00130866648874,0.13793565796048005,618.2857762421031,337.18640136643324,0.9564718321944108,686.4557169899317,406.8898370019096,0.963366537302451,569.8146925463543,425.66502167368225,0.976056549470579,712.7726661526457,508.73802312854633,0.7059017399040399,547.1858498080122,543.259506503631,0.8478929130982934,723.5297143910802,587.3517234355215,0.4958882952875706,574.8415204663834,591.3640199804247,0.7003172258786604,677.8314859196594,580.8993419538955,0.4215513532788506,608.0373497731052,592.6642692518292,0.44723611640322175,690.353690850975,616.6899892661341,0.028823532810222884,635.0943557592248,626.8759390840708,0.03250288350335033,618.8977099809723,650.1930859291049,0.0051115410015112606,663.4585874478964,645.7397249686865,0.005109596545102426
701.0,674.743211793257,328.20689978195145,0.9547269155483408,671.3283334447747,316.41653255561465,0.7279963582496388,659.2815192130789,320.1082776698974,0.9645585565003121,651.9906194559602,326.1971310504529,0.13959258762785076,618.182399584129,337.5533797399462,0.9562042650659425,686.5985017014623,407.12164264936564,0.9631512582367409,569.6389841053278,426.0871669603,0.9756146199798978,712.9737945420047,509.1131786986851,0.7033195365920655,547.3843053728874,543.833496010637,0.8441961103307732,723.5366083626014,587.2695828737492,0.4932969075630418,576.8322956737254,591.1675522285675,0.6956433240738495,677.8717951333704,581.3139508813346,0.4186026593954472,607.8746322359996,593.2448669696472,0.44281649126951594,690.8601918850104,617.311985565938,0.028800759012893543,635.565908197903,627.7814517073627,0.03233521579878666,619.1700987399865,651.0139349692932,0.005140964063658609,664.0115003336201,646.873127950126,0.005123613031657372
702.0,674.752892814013,328.72308318803596,0.9548063247178796,671.3304376624592,316.77240964315865,0.7279903130169642,659.2172189635564,320.61626249570037,0.96463159558358,652.0658113397758,326.31478354682474,0.13946602781212594,618.0346571913799,337.9616650100514,0.9562256086115837,686.6406012981761,407.28311055779915,0.9635163087291174,569.5654696974917,426.35163280802084,0.9757388835404581,712.995401300423,509.4464670867585,0.7068835649543073,547.5087053639716,543.8694255437779,0.8456345590854175,723.4676787918395,587.726970972448,0.49805076690115085,577.5935082141164,591.2821086510113,0.6987285310045473,677.7374458918557,581.4377366223455,0.4241659760057144,607.6282998331517,593.4711614692188,0.4476282652367708,691.0665567074924,617.8447740140092,0.029397231873652795,635.3916900530597,628.6465688971641,0.03292281382883977,619.290895408867,651.5581738419177,0.00521967560720552,663.7327363766422,647.9595825704358,0.005190844110028077
703.0,674.7635944797441,328.97680285957847,0.9541710667325233,671.3228444159629,317.0050367561621,0.7236505584300712,659.270540498401,320.88818901184345,0.9643213261430755,652.064568606545,326.4291971467696,0.1379033812649244,618.1491676105895,338.137223653852,0.9562769239878119,686.7229912848758,407.3709412831225,0.9631255559721656,569.6037994752402,426.49162886342344,0.9761307064304242,713.0566406504483,509.28993457067014,0.7051544063188807,547.572449237345,543.6763878267808,0.849389660534797,723.5114928840632,587.5756752552761,0.4974448136826279,577.8481936257399,591.4209579690344,0.7037714246758056,677.939367604544,581.3711473329746,0.42603941271140017,607.8178067393553,593.4458167790144,0.45287004763477373,691.041982445937,618.0604815215618,0.029463438723769494,635.279251761996,629.0296943352539,0.03342953597358079,619.104665769698,651.5858945728467,0.005216871790857798,663.7879804303274,648.3876876868853,0.0052364978642298905
704.0,674.815800572917,329.1015610627366,0.9538924557644234,671.2850646233389,317.12500376035365,0.7205058943661244,659.3055795641245,321.1132394927278,0.9643734209191701,651.9777190196272,326.5411368712572,0.13588623856196702,618.2562970203073,338.494839715802,0.9566440809833474,686.7055035270856,407.1983615196942,0.9626021184590657,569.968140158242,426.54266257772053,0.976450884556692,713.1002628721914,508.26361138797824,0.7036233098501766,547.6930745778136,542.9792708727135,0.8535480865125071,723.8198481206163,586.7215315301562,0.4976678496336357,577.8904572127209,591.4128474390378,0.7098054328724054,677.9471558555134,580.882913941374,0.42824900331838756,607.9741437570714,593.031938838796,0.4585516071272494,691.2115585568389,618.4141782718676,0.029370930354160316,635.1997640096068,629.4661899669094,0.03377722683054322,619.5147765991073,651.7370230985478,0.005167867303567379,662.8971764406283,648.5507592485321,0.005237061105912927
705.0,674.889041838517,329.25939101774554,0.9535744003722235,671.3028923191564,317.2732053342307,0.7178240468855192,659.3871583993482,321.3136478642657,0.9641757297804784,651.9281376672134,326.63840677389027,0.13471064074654893,618.3303894807674,338.71134540911925,0.9567199385492038,686.8169179322608,407.20431459520216,0.9626273757195751,570.1051727953177,426.6777214008705,0.9767271056129869,713.1399644252537,507.98633815895016,0.705424085522313,547.6680271685437,542.7869750622112,0.8563710548155328,723.6963534122606,586.5235356334715,0.5005061796637447,577.176125970105,591.3359014396597,0.7141762354311043,678.1399241597361,580.6193667332343,0.432361605833617,608.1395068236593,592.7743106190057,0.4639204643255705,691.2089655544182,618.5285794604786,0.0296334570025758,634.6947716397151,629.5916607799195,0.0342129744538747,619.6102877807343,651.682215674637,0.005181154584860509,662.2665366132508,648.4842163433725,0.005265431951894525
706.0,674.8755637516913,329.3155199565789,0.9536410866177011,671.3236363411128,317.3097225026883,0.7181460588305433,659.4355342575266,321.3330041824992,0.9640827399576406,651.9884744569641,326.5567470456507,0.13533925307021138,618.3958976639725,338.55866679810964,0.9565653348047685,686.8892874046165,407.1220169153874,0.9631012924044395,570.14232995647,426.72829565914304,0.9769318356682901,713.1783628887957,507.8485928810371,0.7096041519011356,547.6672014437581,542.977055217473,0.8577857018557004,723.5092657050142,586.5668683707426,0.505521088347793,576.7633503510983,591.5739623941218,0.7168094866868208,678.5546784769405,580.7629187812149,0.43731948432239914,608.5321096765605,592.9603539378166,0.4681319401288746,691.382618029853,619.0574610154817,0.03004234706098006,634.5621114917527,630.1721344805666,0.034567250081566296,619.8917333201209,652.2492172237723,0.005212532739691504,662.3450532688323,649.1103491429302,0.005286397217739761
707.0,674.9827716760766,329.17942213012464,0.9534513947800478,671.4612111350257,317.2217392832882,0.7163354907114099,659.6900088087776,321.1083270679663,0.9639925360646674,652.0094080856713,326.4979044773992,0.13471075281226919,618.6953312236459,338.17195446901127,0.956714607677551,686.5803556551931,406.8852599186018,0.9631402552741554,570.1849565605804,426.8527876344445,0.9770368702209867,713.0704700718067,506.92367339078413,0.7104885312518577,548.0755167107384,543.6646442485129,0.8587122335233753,724.0499851362966,585.9410769643378,0.5069301304557035,578.0888259626175,592.7491998045529,0.7179272341081724,678.6284790508665,581.00788143222,0.43813650686251493,608.8756056693736,593.3937547145977,0.4689237331769816,691.4198485781993,620.5353794187005,0.02973363905437998,635.2419482853302,631.6878804264003,0.03424260716990621,619.9248455719516,653.6055074199645,0.005109327896742635,663.150796067375,650.2802821669113,0.005185449475175824
708.0,675.1062775475924,328.98579470508787,0.952432685646818,671.511595766192,317.1379357695922,0.7101670030705064,659.9366788237246,320.9195856452949,0.9632701816399252,651.78538540924,326.5826010419815,0.13242684264689794,618.9589665081544,338.03127648861005,0.9565926256321293,686.4022399583545,406.91665719742736,0.9628528109648651,570.1138216928051,426.8686688184203,0.9770066328542012,713.0807430615721,506.8627277736508,0.7098020538133267,548.4235093914612,543.9175517091667,0.8594342029106988,724.1705298242917,585.9147109722776,0.5060583356871715,578.9349684259704,592.7783423330199,0.7187490091428395,678.6130679207022,581.0945753080912,0.43745580903960946,608.932312327471,593.4863046358191,0.4688878521411134,691.5214258800712,620.456456261722,0.029554516741603254,635.5729421192433,631.5316848196469,0.03413777993219209,619.8552480985456,653.6057515491945,0.005071503587645349,663.6472000178443,650.1313373665934,0.005156940481891276
709.0,675.1660203520133,329.00885632795496,0.9520561238366761,671.5115039656688,317.1475411181103,0.7078104987861938,659.980829804502,320.97927057679016,0.9629696121004515,651.7129284270673,326.6255271834767,0.1314715766659142,619.0169763540542,338.1923638062263,0.9564787139717756,686.409559947633,407.00652954266747,0.9628517856179059,570.1225984532507,426.87681038430355,0.9770345630047435,713.0618560397684,507.210471295372,0.7110139104505644,548.40105925331,543.7684086827109,0.8603640024669399,724.0305266000786,586.1996690884304,0.5075364473762242,578.8194011569244,592.5355045905595,0.7204026071565477,678.5544313055767,581.0477348943037,0.4395259249613226,608.8266796686488,593.4315175446081,0.47108080465674024,691.5628955605187,620.3551315331164,0.02973875572814424,635.3703982733947,631.5781734509532,0.03436055189439684,619.9326023038125,653.4620567671356,0.0050911925238621225,663.2393463049472,650.309975586622,0.005176740128859556
710.0,675.2841189550433,329.14252780155863,0.9528140713325044,671.6374892641278,317.15731597466936,0.711697980481307,659.9956301882283,321.1089938583808,0.9636311244844158,651.9688946318721,326.4380787608592,0.13252517223949717,618.9853210739759,338.2578471348436,0.956723874417077,686.5150614521843,406.90199096649906,0.9627048323588933,570.4883788744503,426.7770801180535,0.9771259379065832,713.0540779688588,507.56408429762206,0.7089049979165668,548.4189814205209,543.7530892936891,0.860538116601313,724.2461563162764,586.4252791951624,0.5058599184863484,578.9004191133599,592.6936886459587,0.7206779643671961,678.6824684958916,580.7974520542047,0.4359625041220628,609.1264904538301,593.1910574073601,0.4686967078445151,691.4685352467296,619.9991051438736,0.029391065251904408,635.4226904300992,631.2876058222164,0.03410865815721638,620.1412702540074,652.7666097416634,0.005049539746216029,662.990572029548,649.7549516387609,0.005150827065426152
711.0,675.5209606788472,329.1075218002013,0.9518360766050158,671.8130782907571,317.14462393236295,0.7071375255927068,660.3442630362538,321.05500506636145,0.962752849443319,651.977406058382,326.38161413873826,0.13199645947647912,619.448967922262,338.09874657775094,0.9561808166014616,686.6637320412033,406.8645052534108,0.9625511161929452,570.8370590667878,426.50244555375997,0.9770952745518482,713.1237244781133,507.95244595909594,0.7087243802942652,548.6360815005854,543.7453794576389,0.8609055877696595,724.6209827064931,586.7721293682441,0.5049075545194508,578.9128270035054,593.0471032004907,0.7204285996940619,678.8811233162669,580.6356756297918,0.43240313984932044,609.5165664324807,592.8887402636201,0.4655752669729042,691.2578504776869,619.1991501510388,0.028849489509085845,635.7014588089364,630.187596111407,0.03354068760805674,619.5648599902737,651.6960523789176,0.004958470499600115,663.6398888306563,648.4367357287038,0.005065899787703026
712.0,675.7044281492354,329.1944130826141,0.9513879743061094,672.0092972292794,317.2673088425245,0.7060193431496322,660.6476203311936,321.05269983498096,0.9622964658772255,652.073544520394,326.50288681526393,0.1328171292145195,619.8467265771512,337.9262057286649,0.955793190176777,686.9101663920201,407.1474788639482,0.962591356515191,570.9537975079285,426.35355902787427,0.976993666266507,713.3730473642706,508.84004189692223,0.7075791881947695,548.9455497425871,544.0102381816988,0.8594980789961453,725.0827411599738,587.6201853814814,0.5017531543295489,579.3503187001784,593.1738521193421,0.7171825713862671,679.0338273015298,581.128505483822,0.42873008351449415,609.6657954501094,593.1625400435969,0.4614553138863179,691.2158641990846,619.486372019937,0.028412110071864866,636.1560069099686,630.0410744590582,0.03300462401070571,618.968541757715,651.8927476144848,0.004894206192242175,664.793192248103,648.2414861652281,0.004999485883056354
713.0,675.7393390916808,329.3599086353961,0.952345447987846,672.1462613373632,317.45272666625226,0.7104767458940056,660.757283123742,321.13420343358285,0.9629955485264449,652.3692750983198,326.60580206353313,0.13479190913458344,620.0905374160046,337.76694400001435,0.9561218167564033,687.0441013234529,407.33080294039723,0.963212890839252,571.4433917808734,426.0583093930809,0.9774748128537851,713.4830614874535,508.4656971063429,0.7117416872559865,549.2983432042091,543.0120326839857,0.8629121018147385,725.5324683376424,587.548480200997,0.5074449446311093,579.4223774626851,592.8997192375448,0.7228472117053217,678.9934664817118,581.1831434312156,0.43556217769362116,609.7922933282781,592.9357443280634,0.46900771486688575,691.3043044139166,620.6627269590565,0.028828383649956883,635.9505817126247,630.6855468138679,0.03360550835982249,619.5652474982471,652.866612727313,0.004911926723208777,664.4240537247907,648.6899466154051,0.005033203275091933
714.0,675.6827374120077,329.4852802743354,0.9530584704976411,672.1997585193333,317.59265292081994,0.7146455493692733,660.7386902279108,321.2089324329666,0.9633981527765522,652.6659089894495,326.6747040062901,0.13704877108551253,620.2408287856248,337.6745637118433,0.956110639307401,687.1658853363891,407.42535719606656,0.9638017197541106,571.9304917517069,425.81154090854017,0.9777552117748719,713.4602583532102,507.84488153813993,0.7166185365196567,549.494196625782,541.9947864077571,0.865262028189566,725.8397211717781,587.0647675238059,0.5139611789046016,578.9387892998894,592.7364459460244,0.7270932815992615,678.8415724224994,580.7810065802292,0.4428247849555921,609.8057078515943,592.3028932660058,0.47589302344047346,691.2066575025809,621.1420767616662,0.02946413225152999,635.3714111454648,630.7444824858383,0.034291116573280066,620.0577611601482,653.2393181424552,0.0049799946271882395,663.5415309850111,648.6648448726218,0.005100417132646405
715.0,675.6704864334632,329.6459587804158,0.9539493311996808,672.3218787147389,317.7702557562424,0.7204576582326145,660.711164512057,321.2947074850904,0.9640225337184172,652.9690364827895,326.86003670760226,0.1390291140434221,620.151307163837,337.6454277750581,0.9561588025184884,687.3161822961354,407.5872980695735,0.9640400008748488,572.0477542979545,425.80148547775474,0.9775508649362364,713.7577584229574,507.8601447476288,0.7174743143726553,549.3825822061804,542.0379074660058,0.8633049266578291,726.0769083518878,587.3392900486804,0.514840663118507,578.3321880301613,592.9307919209593,0.7246857308650848,678.8365360796325,580.8180879382196,0.4433984743594365,609.7690700563337,592.1816742317556,0.47461348496628264,691.3233072539912,621.450891133482,0.02981617114470366,635.1706510066496,630.6223605756618,0.034449382673896654,620.7996494779154,654.2189316669751,0.005054673589520077,663.268010179437,648.9705688925123,0.00515213520856117
716.0,675.7461527152303,329.6774577569219,0.9546499909114244,672.4534068163314,317.86765735118485,0.7230656357079369,660.8150820092413,321.29687902063097,0.9646001170327269,653.0659994113117,327.0554343907754,0.1390090092205503,620.1422818910848,337.6171259966647,0.9566405588309979,687.2932801572263,407.56371329077405,0.9644225494962058,572.02872431655,425.7427422690944,0.9776707629731717,714.0294730516939,507.5262897559679,0.7205101147805631,549.1515046481526,541.9562054874451,0.8641701135169637,726.122318189531,587.5358896993657,0.518664579892293,577.6247732923034,592.9444262181216,0.7267900828612773,678.9690823518948,580.801300155515,0.4464327793614636,609.8601972954382,592.1095345222768,0.4768281515340302,691.7249532184417,621.6067489344081,0.030098845836030286,635.1987311574593,630.5631874972693,0.03466088050600073,621.780551945302,654.988684095494,0.005078849214921767,663.041930382579,649.2884723426647,0.005164118567509376
717.0,675.8421904273785,329.5319180873622,0.9548472057153279,672.5560649689161,317.7448290543808,0.7230629762584536,660.9714204383029,321.1093798861209,0.9646823987034547,653.0815741920669,326.92483819103546,0.13888488890411751,620.2626508002969,337.31857073926045,0.9568578482660325,687.2327835663617,407.46624163785856,0.964925010744831,572.0407909888673,425.5050735490227,0.9778821220790721,713.9607426903491,507.48963543749414,0.7241515240030676,549.1076251087044,541.778312896384,0.8654543047930493,726.0777267186052,587.5801430127427,0.5229294352138898,577.3842182197299,592.680094715105,0.729338478877419,679.1087262296337,580.5585033933692,0.4483759576239782,610.0778932511195,591.8159236481862,0.4780086423019075,691.9744835002588,621.0393636423647,0.030189164508258065,635.5042180972806,629.8735511059081,0.03466689400550895,621.9971679563243,654.4219815152472,0.005068813678522565,663.5478634258731,648.594311279188,0.00514309879642372
718.0,675.9158688923484,329.3456116381261,0.9546350236909138,672.7054246083377,317.58025434877374,0.721631568998949,661.1763039918426,320.79943808472837,0.9643867016392761,653.1856279682772,326.67623573404956,0.13854955730753907,620.4637712519144,336.6907320849132,0.9565584692909305,687.0588052053964,407.3730818844556,0.965177406613432,572.3348230363173,425.08891130878067,0.9778778138584481,713.8945453893292,507.34406211521747,0.727285853097019,549.4807268912821,541.466689397218,0.8661566767208696,726.265821155697,587.4861727010891,0.5273719697675763,577.0652551389385,592.5213524775194,0.7314424807801607,679.0372166517594,580.47982606624,0.4506687517291984,610.3628832607178,591.5394427534818,0.4793007178916556,691.9497576611797,620.871357139752,0.030497913268971534,635.7689564784088,629.2280885929549,0.03490176494524618,622.2291798902293,654.3413232501689,0.005105842288575496,664.0830279535405,647.9893851866648,0.005169195308084631
719.0,675.9526372258288,329.25825894208396,0.9542978529941647,672.8186683776653,317.5177089239101,0.7201441052971903,661.3038188401542,320.6217963884205,0.9640264568160873,653.2898435494301,326.5699441604941,0.13832326562088737,620.5837023067241,336.2944838976693,0.9561311502103432,686.9727510168585,407.34911602315157,0.9651605955415928,572.5026441627825,424.8752674425226,0.9778045904510473,713.9387243619323,507.3769469809117,0.7284275540809784,549.6784811184245,541.4566056216678,0.8662865396534016,726.3399152116781,587.5263932272409,0.5291758734818528,576.4080319649862,592.3747878830238,0.7320841814188214,678.8755309647584,580.8046706409106,0.45208598769257546,610.3805685399705,591.697003059862,0.4803177928440287,691.5457179314608,621.2404495507091,0.030685404376662062,635.4289516121878,629.2422128743094,0.03505538269949256,622.039091012051,654.6215949582374,0.005131858852784572,663.8111355614429,647.8544996250808,0.005190401363947441
720.0,675.9539114808563,329.27140224593984,0.9548287413334248,672.8445366812323,317.4975232644779,0.723061343566707,661.2773429339718,320.60707209366325,0.964310687499539,653.3678034022881,326.5060080250859,0.13969336726318476,620.4995508070791,336.24946453519226,0.9561911666784643,687.0766236089408,407.4339639484247,0.9657098251117902,572.394405533266,425.0405766103041,0.9779094783038976,713.9385774972028,507.5739912061298,0.7318374322826883,549.2901672374522,541.889579065915,0.8663088382678226,726.3333143256463,587.8192834176483,0.5329950111664614,576.1738434828288,592.6873775865486,0.7325551911766488,678.8449210401944,581.2460314022285,0.45450942757012164,610.2267983674631,592.129766221125,0.48114646371948094,691.2444617960022,621.8938327775237,0.0307937866514269,634.9270864427536,629.773778295045,0.03495195955783276,621.8206953646488,655.1409070500721,0.0051212722382805165,663.4320457046035,648.0352724145093,0.005156340100308545
721.0,675.865791820893,329.23937454700814,0.955204731052246,672.7305528571412,317.4552493781487,0.7247517015394684,661.1747263014215,320.6176161318857,0.964505906553014,653.2534251369216,326.4656350212332,0.14030903034460937,620.4101137825902,336.33111862097354,0.9563862604704277,686.8689981116952,407.2744247442637,0.966249070018203,572.3347595636934,425.26731644314685,0.9779750052305408,713.7821757540543,507.08919536846867,0.7357560728180957,549.235043462563,542.2297626177492,0.8663312670510352,726.5739827015108,587.643311052257,0.5372170121215103,576.1947453468999,593.233947917896,0.7328963997143885,678.8011800898219,581.15762200239,0.4582866889557341,610.2769817050341,592.2558402846329,0.4829318230247197,691.3426697968436,622.1600053451375,0.031089490532243066,635.0911434789925,630.3654363479355,0.03502159217572321,622.037153046222,655.4467706558926,0.005137983170347651,663.4555828470334,648.5505651856298,0.005144371103372183
722.0,675.8637644920702,329.1308300847505,0.9544542558089533,672.6536339025836,317.39689596145536,0.7200833356791656,661.2352297982693,320.57980387199154,0.9637648985598968,653.0505717125001,326.3962574090755,0.1389415799070609,620.523734800644,336.30886666317286,0.9561269896050381,686.755235182668,407.09635976554824,0.9666296672550995,572.3653206200787,425.21195196282105,0.9781221750772989,713.5784967505436,506.59302082230073,0.7407318469300653,549.2169021931952,541.9123914860565,0.868303810055763,726.6513996506804,587.7126677925568,0.5426227976831572,575.573897059953,593.4017678336302,0.7359489728472551,678.8301327350575,581.049720950237,0.4654470778359202,610.3975536452205,592.2013467884888,0.4891174986140858,691.167095038535,622.4384555427631,0.031620756842016616,634.866667353296,630.7768858379077,0.0354680387316822,621.8347605317252,655.5770272623055,0.00517344446586067,663.3834198164479,648.813900154434,0.0051631894328874215
723.0,675.9481717056759,329.05472444954376,0.9550114032590489,672.7433580278764,317.29858205730466,0.7227950110186647,661.2237215244093,320.5276337558495,0.9641064862779075,653.1873459829591,326.33305074460833,0.13961664388601336,620.4570288609764,336.38127083738334,0.9563469983632973,686.8552086449564,407.06515047292805,0.9670718966219424,572.5141172761133,425.36302207679944,0.9782008003711471,713.6583203977259,506.77726876910344,0.7431367124234314,549.2217884122657,542.3557350751197,0.8679858028127555,727.1318674445063,588.1893246098563,0.5444613129370676,575.0006016890289,593.805074468505,0.735329363413032,679.0047084618149,581.3165967765594,0.4680577905806962,610.5757869802158,592.5339491331194,0.490342527979294,691.1148171781058,622.6534125459541,0.031922634914943036,634.7282038918268,631.0985523480641,0.03559547839051572,622.0382370268228,655.7093165334978,0.005215825828770297,663.0510220477179,648.8817589029552,0.005182984030447092
724.0,676.0349321126757,328.96077824713836,0.9553400399091242,672.8576169092479,317.2056768754061,0.7254175053001891,661.3121214039062,320.4155087972683,0.9643366690041042,653.3483022053639,326.20641971903257,0.14086692897648576,620.5446970033154,336.20291872886264,0.9563323128204345,686.9489752743032,407.0150650268889,0.9670552569257036,572.7059811637414,425.27085461358575,0.9779928075375027,713.8032543550086,507.01503467018654,0.7412731248025224,549.5207494709609,542.70091751569,0.8655336551345736,727.4603584826034,588.1170919544048,0.5414307153255958,575.1673940653327,593.911625732691,0.7312981807270066,678.9094572417478,581.2528437209636,0.4626863980613597,610.6079889409759,592.4378071302939,0.48401211873917466,691.3802433748311,622.0035424017096,0.03151338197466511,635.4262284898374,630.255239876597,0.035037585052374635,622.0839157305101,654.9081728513245,0.005190321995663922,663.8876039437113,647.7841921390747,0.005147951756066278
725.0,676.1937458689159,329.1284186290997,0.9550563340327715,673.072934119603,317.30409252689776,0.7237997070788718,661.5817372269548,320.50215395752633,0.964112693879694,653.6100377039065,325.99297744566707,0.14084542361842994,620.7875888877239,335.865967855709,0.9561161553863897,686.9363587446942,406.8652131847467,0.9670095784194395,572.7142259647469,425.139197835508,0.9780952719201098,713.6995086325772,506.7452668832115,0.7414287548032649,549.5200731687925,542.4522164685908,0.8664000068462032,727.2573329758031,587.6640021611883,0.5435370345109517,575.6971415747067,593.0115173485241,0.7339203445158623,679.0118642223888,580.7051351988167,0.4613169673512912,610.8753883218963,591.9624574584229,0.48323131014696635,691.612572265128,620.8492547944547,0.03148928607862894,636.0223621050957,629.266888814855,0.03511465189420204,622.0091157991399,653.4119142726278,0.005194688959893839,665.2746868325352,646.6464699819487,0.005162973224235163
726.0,676.167673876171,329.17744978852147,0.9552735224028441,672.9708928697469,317.33320944810686,0.7236183436654339,661.4408558098072,320.65173785848503,0.9643602639520863,653.5050849240179,326.0341558221878,0.13997048341819182,620.6139517709564,336.2018709525368,0.9565113993242342,686.9003080793667,406.87465143346043,0.967124868483282,572.7712599639349,425.0799000776644,0.9783298066633754,713.7465370862736,506.4941318232711,0.7433109216790108,549.5027629957056,541.4660812532527,0.8688615929100767,727.4502679953944,586.9473529552669,0.5472929638657924,575.8052684316235,591.5609333728074,0.7387871313315321,679.0901163700943,580.2777604777108,0.46492959563773306,610.95118430404,591.566819108138,0.4877710544051373,691.6162434959739,620.5991021905829,0.03168612577136362,635.8202139037243,629.3332384751574,0.03545524484280415,622.373330677709,652.8080977215418,0.005190203680421837,664.6550228422774,646.5756530722091,0.005168357903478761
727.0,676.0816302354218,329.3822064271651,0.9572961017487079,673.0053741715502,317.4835487350192,0.7323640617037503,661.0986434729405,320.86327029558333,0.9662054044121468,653.8555766130454,326.21566570068467,0.14094504786190737,620.0846162315296,336.5469027074283,0.9578355762088872,686.9302524550799,406.99016476514413,0.9674265364306708,572.7167199205379,425.06183962285115,0.9788146488045624,713.8757198133119,506.75999845118776,0.7437863632579012,549.3328509318213,541.0963308199615,0.87139035371143,727.6741991995561,586.8692315147952,0.5494960354102797,575.7383589651595,590.9823710626081,0.7435271312226001,679.3069034389234,580.3579009994783,0.46709729343175554,610.9368843890737,591.6700151183052,0.491720562198845,692.1229563420442,620.306242689587,0.031914873202057395,635.4882508585057,629.3372053639698,0.03594655289552333,623.8914277249778,652.1510601605436,0.005230319113249288,663.4548619859091,646.4276311426077,0.005230201087206195
728.0,676.1471603575743,329.01640791320085,0.957384769263036,673.1270385513905,317.13331582194763,0.733369791937718,661.1681235673724,320.4446816342844,0.9661440603128685,654.0403940016577,325.94937913147095,0.14134353770657856,620.1649842918838,336.1467612358796,0.957666389303205,686.896749623328,406.84573189242286,0.9676467290911365,572.7395745134392,425.1449842277083,0.9785947791761355,713.6781629830859,506.7127414529809,0.7452830095140958,549.4561810144896,542.1073228781212,0.8694157074058734,727.7614188780345,586.8555190574365,0.5502769457316063,576.0618775382238,592.577564280082,0.7401829926913821,679.2634931640175,580.9564965582916,0.4674388076567265,610.9155071528503,592.3799632853102,0.48959486410357383,692.3940811240324,621.2753412598755,0.031894925780105464,635.8607695129691,630.2722004045845,0.03560244230538037,624.1929395224972,653.1141068204295,0.005217670795778175,663.793396198661,647.1515388311791,0.0051849829191750515
729.0,676.1760761042648,328.957484471983,0.9568716984602261,673.1103254120753,316.98686081773167,0.7306506002518849,661.0939187666254,320.4269536709872,0.9658747085875824,654.0826528623073,325.6560671306132,0.14029599519582095,619.9993688372434,336.17362342687056,0.9575188573441141,687.3487975204127,406.811904294754,0.9670630029860914,572.7075454638738,425.31191333287444,0.9785846557490346,713.7666619271548,506.9153902116402,0.7409424911625524,549.2294422413406,542.4331908141594,0.8695996299986324,727.419053805144,587.4010822319633,0.5447162385446782,575.5502097630653,593.619848453314,0.7389912859352595,679.3297884316942,581.5029251198907,0.4639422847257843,610.6980739914806,592.8912761995168,0.4884730946468492,691.6965088111768,622.61747762307,0.03116535861830883,634.9392130961629,631.4521929995341,0.03507326398912494,622.9693428813969,653.7489483663416,0.005096618441560298,663.127545328889,647.4589373810373,0.005094933511089484
730.0,676.2019032847423,328.9263905544222,0.9560702042287804,672.9937713620831,316.94474534270887,0.7257252437064474,661.033488678493,320.5222051215514,0.9654972117342667,653.837984748338,325.64553646638717,0.1381969624827045,619.9591719032561,336.5017889156992,0.9575685204604472,687.5366593897816,407.10910714318123,0.9662682116684632,572.75556120002,425.03041214394545,0.9786370899387498,713.8715172942798,507.8576999836376,0.7342853095743208,549.0854566018231,541.3600218991293,0.8704535692086451,727.3243163802232,588.2134948275354,0.535832860920114,574.6808967016224,593.1735447719243,0.7383861719482324,678.7270655509309,581.3379538851947,0.45924161516090467,610.0266450416541,592.4475628211819,0.4878159298024046,691.0797403125905,621.8823481948297,0.03075049032682834,634.4254628124296,630.5699535357687,0.035136078770054764,621.7557665416427,652.7524042948575,0.00507917735819277,662.4882066068911,646.7804788973096,0.005130341566338481
731.0,676.0930357230529,329.032940604813,0.955029900466405,672.7354560889668,316.94648095007005,0.7201784227782737,660.9089425941382,320.74963819962693,0.9645700102626026,653.5121425596388,325.5131115073222,0.13695379642358796,619.9851163203307,336.8621044354178,0.9570477303430611,687.5650695190949,406.91582047905297,0.9663513864023306,572.7051829349068,425.1693986519961,0.9786565621045699,713.9019657178736,507.54057733839824,0.737122005206617,549.047270501028,540.9705274710327,0.8718121678971587,727.6401749278126,588.1410975450873,0.5389886594517643,574.5296617633308,592.7652105228461,0.7405282289611852,678.4543992862862,581.1065440098258,0.46352778232175046,609.674418261344,592.4032731777304,0.4917430764888525,691.0035023852199,621.5477879435249,0.03100679830783767,634.0805440630667,630.7892306165863,0.035390611714985636,620.9874485364077,652.2354767045155,0.005089528331862098,661.958568706335,647.0095507510097,0.005135043431783276
732.0,675.7263576134569,329.49329347978363,0.9579831479837257,672.5202287988837,317.1356151989106,0.7359459147375458,660.189534890662,321.24141404364997,0.9668500660589493,653.9552480138918,325.35245692431334,0.14252282855766954,619.1824712793253,337.37227039587145,0.9582652986731314,687.8445153220003,406.6797141455365,0.9676637339304245,572.3586365742975,425.4995604226621,0.9792875160640125,714.0446341942677,507.7001716402295,0.7425439840732431,548.9563642454242,541.3878900721467,0.8730236760956289,727.9031672781555,587.6133563440449,0.5459129299588478,575.1449215807252,592.9037049256538,0.7428195416268918,678.50478359151,581.0483608175831,0.4695899164229668,609.2004636709318,592.716826851405,0.49628822940625406,690.7034612116935,621.9429432502927,0.03146297831821856,632.8082421086738,632.2754387950575,0.035686862457644866,620.9616902748957,651.7858297490437,0.005125364194602863,660.3145935825717,648.1125735932712,0.005146004606015698
733.0,675.6102342446716,329.3050104282196,0.9580669035484586,672.4579323913233,316.94994557650153,0.7371152306970458,660.053394590423,321.11074258590196,0.9667893473882491,654.1478287045107,325.1727885095935,0.14365673739180343,619.2252927999978,337.30834785461457,0.958073424576321,687.9103737367054,406.1721862036431,0.9678112571665384,572.3601852730559,425.48094699945847,0.9793220714050616,713.9952694213408,507.13579677453214,0.744002480808423,549.1813901750335,541.8278463513333,0.8731369924479145,728.1304388209646,587.1821405334764,0.5478340714100264,576.6151690677352,592.9098416444843,0.7432659153265591,678.8703636128199,580.7185363788599,0.4693246920812073,609.4546825721386,592.713729453888,0.495381621153031,691.4809467059268,620.705368393012,0.03140032280613347,633.5455388701242,631.6249853164896,0.03556374574602812,621.6036355896591,650.4473281295454,0.005122450705063443,660.7987361732116,647.3069211403675,0.005138764052145043
734.0,675.8334055010728,328.5670498244789,0.9583048914396999,672.6841258689661,316.4018587918073,0.7377997897228563,660.2046958743148,320.3921096758952,0.9671830798088455,654.2379444647705,325.1669311858861,0.14228518879396043,619.2531990681454,337.01860694064294,0.9586020924762847,688.0653972070016,406.1520390906047,0.9671733593641827,572.15486723681,425.2440959643697,0.9791781017539132,714.6773422018591,507.4952956846606,0.7373151528659043,549.2849411976483,542.1080459080362,0.8712835884173055,728.6625271644308,587.362159196335,0.5383106520129531,576.8278714889669,593.1262898797893,0.7387631298018706,679.376603450775,580.7429373943728,0.46228042517251655,609.637329084256,592.6991360335954,0.49019138987374966,692.1601604397496,620.0394671141864,0.030832676093572948,634.0087758291784,630.9567719113461,0.035152949072537604,622.572648136703,649.8915173580209,0.005093353897949989,660.7979360019393,646.8025904193785,0.005132727231503474
735.0,675.8434774821737,328.751410090807,0.9586573947696959,672.7700323674027,316.49361757241485,0.7398233718890116,660.1928056919788,320.46024810989996,0.9675136698682733,654.3236572412696,325.0890087443082,0.14220645992950054,618.9897375026337,336.84734344124104,0.9586831057838305,687.8258838201621,405.84973762767834,0.9669396037234784,572.0688154521196,425.4210789661237,0.9788476083269487,714.5365447101447,507.28135451782185,0.7355024526519472,549.9107728294038,543.2620686368502,0.8686931992106847,728.3407319097546,587.2948728392203,0.5370190949530512,578.5171207855935,594.2941910779738,0.7355522238823908,679.9439049655664,580.7221264142122,0.4550158021927544,610.3280836297112,592.9264516057731,0.48163234731853916,692.7330505808425,619.2716874890083,0.030259113306310398,634.9377685989778,630.3098517025222,0.03433676690950434,623.3230194956424,649.2984990734292,0.005038359503932435,662.1167577601667,646.0569490085671,0.0050598593194878146
736.0,675.81542871383,328.49871143905904,0.9593308352279879,672.7718868246011,316.26889438486154,0.7432453011490712,660.1025412665862,320.2443378709216,0.9680198319150607,654.4489123234675,325.004759851161,0.14346495190762068,618.9441097823743,336.8079404066895,0.9591249100275044,687.9608713226972,405.8903051802397,0.9674341806036292,571.8786084161519,425.35702985780637,0.9790365131939701,714.6069138585101,507.23147403595567,0.7378479473398537,549.783949878755,542.8722346925749,0.8691081085628763,728.1888342339976,587.2339274210145,0.5391760155008403,578.529219950182,594.2680727182312,0.7359617979059943,679.7428615164712,580.6260204784688,0.4583089465528321,609.8775306619447,592.848126341512,0.484084876441315,692.7581249945209,619.4363148469572,0.030500586086538887,634.623585913611,630.7531308302329,0.03450306961005539,623.2630105279792,649.5069912249965,0.005055326124467312,661.6584532080554,646.8336282109776,0.005063900068659668
737.0,675.799456573943,328.395254611311,0.9589861023331565,672.7478325082292,316.18220954326057,0.7423055688255741,659.9998519622054,320.20014404904236,0.9675152524958206,654.5117230348098,325.11598761162674,0.14366133828539396,618.9716960454011,337.0745293147634,0.9586411774730094,687.9927375500998,405.7530324260653,0.9677001779322654,571.8787849966316,425.61012792156333,0.978803791960585,714.4777143605135,507.36723131862624,0.7409771686486322,549.6605131819963,543.9436391867652,0.8677596555617976,728.6754370422807,587.4449149903215,0.5415597795099634,579.5578346877201,595.1359379788272,0.7338456579694849,679.7938667870484,581.2424424151085,0.4583974798261212,609.8337825947419,593.6950620175512,0.4814385722874019,692.9737077560848,619.5217976171697,0.030270548692459483,635.2608105981283,631.0954899996593,0.033912469702150595,623.3290356009843,649.5494353501867,0.004999891350990397,661.7234450141134,646.7863141236162,0.00497428750002161
738.0,675.5484512992316,328.3730588076149,0.9602536999841558,672.8260038737594,316.1889947422057,0.7534096117504574,659.9239288739133,319.9593602637935,0.9681327490919746,655.1488192274323,324.8676517053587,0.1505038052835276,619.0739439227063,336.1726575629451,0.9580005068410319,687.9401640841604,405.4383226832049,0.9684913555132963,571.9720624005371,425.2235183256371,0.9782844290298912,714.3433666331842,506.2755499450388,0.7455282010324683,549.3762309334679,544.0847130573673,0.862673451456841,729.3135627874208,586.4181411301787,0.5477126577716833,581.0421814213985,595.0370479740561,0.7285356838042933,679.8300011664502,581.1593993881636,0.4599165303539957,610.134066978366,593.5806179582275,0.47673160392446084,693.348794096697,620.6608515223996,0.030853167045694935,636.3899584061638,631.6651789683306,0.033824099061043666,624.3663685890457,651.6227227958653,0.005091519301244417,663.5892422287149,647.7447472987667,0.004994278910532348
739.0,675.4602932867355,328.35096796991877,0.9602220209869456,672.7834074579605,316.24665592501924,0.7538950651326951,659.9508493771624,319.8811380817148,0.9679887095967207,655.0972983034734,325.0145723254038,0.15147315216199053,619.2072923828548,336.0099264150195,0.9578404136702457,687.851346690573,405.48873183412,0.9687630363518956,571.8496790712275,425.1425222803875,0.9782577214926923,714.1891178992885,505.9273259176961,0.7475339442867107,549.2964391579596,543.9390858693906,0.8622795261669247,729.1806804124136,586.118421576124,0.5498872476405927,581.2000698865537,594.7712123788208,0.7282521159927383,679.7896842295927,580.875507109393,0.4617804175628451,610.0972638559613,593.2306009020472,0.47727499899515263,693.4696962179582,620.514629744743,0.031109695898142324,636.5767155563273,631.2867755080105,0.03394662826147092,624.4543040473499,651.7655695753127,0.00512437997248487,664.1415899859151,647.5435662708252,0.005011581448495304
740.0,675.6288574258456,328.2992792965664,0.9599179898382552,672.8222217107877,316.1858328099078,0.7508616127815442,660.0934367814086,319.8778765634127,0.9680304707799542,654.863818271805,325.0341357817939,0.1487762794188487,619.2363294218324,336.17406749080027,0.9582863646744675,687.8336362566298,405.499849762582,0.9682147129334787,571.6882166639989,425.17920560611816,0.9782295807670739,714.4435814491874,506.43650656808666,0.7423872067086751,549.3607726281573,544.2598255478522,0.8620064724789123,729.372637494977,586.2503642739903,0.5431695909127425,581.5895740978476,594.9018240408658,0.7267405840821309,679.793756430641,581.1185640302641,0.45683847710520903,610.0163690089721,593.5317748221344,0.474548472750526,693.6611702060799,620.6965883031735,0.030605462120553848,637.0047468279057,631.6094918942331,0.03368845350789394,624.3165351477252,652.1935384575291,0.005066430452765143,664.5215280552706,648.2278432843071,0.004982928576104234
741.0,675.6485844023686,328.4441231636193,0.9601510625596241,672.8582988575273,316.2368907270007,0.7519223962420248,660.0613576018072,320.0151957375163,0.9681629672708844,654.9793749116632,324.91412269581116,0.14893200080712649,619.1154877688142,336.21282476817197,0.9583604851139744,687.7511656744527,405.41932876682637,0.9686639836724596,571.4108917925606,425.19872123059764,0.9781769388390719,714.1726673834945,506.6652567139819,0.745638391527314,549.2053444458853,544.4794265690061,0.8612689262153538,729.2886916644946,586.3707359526769,0.5469234751107098,582.0360480250681,594.8908499154509,0.7263840102208582,679.1790263229341,581.1691712772056,0.4595917035641876,609.2828453556505,593.6936837030662,0.4749188001642513,693.5701597110178,620.5133647522316,0.030995235154076994,636.7277111428965,631.7187514191207,0.033824364226343245,624.0335173010367,651.9919597186542,0.005124960023020476,664.4397580326436,648.4366748480843,0.0050060372092649835
742.0,675.6243956095099,328.4642871712085,0.9602991381700061,672.943775682768,316.2865296573212,0.7527125146271577,660.0891033811959,319.9482932504936,0.9683142832377001,655.1928822834614,324.91682694161517,0.14926615782493857,619.1351580622377,335.9355453996926,0.9583635646183722,687.8082359457919,405.5383310919693,0.9686200472378863,571.4670346154898,425.1094914122999,0.9782683526712388,714.1675043436802,506.54587476650784,0.7454762373531203,549.2189703708382,544.3968856071212,0.8622011220261214,729.1407149082925,586.2419592231818,0.5478019583790894,582.1494000234279,595.0458812946665,0.728141487217581,679.1552882503383,581.433913390073,0.46087688783178343,609.2730425289603,593.8067273950367,0.47695326037665997,693.4722898014027,621.3380290853701,0.031105449594294454,636.5366206431875,632.1419329964843,0.03405385803561147,624.2398051023418,652.866104158921,0.0051320413448323835,664.4433692039455,648.8191566154734,0.00502615902712467
743.0,675.6723017809425,328.3778013844785,0.9601623883645842,672.9319769404685,316.2298498342026,0.751158813617271,660.1586223803139,319.88341687283275,0.9682429434348668,655.0387639066946,324.92094966177456,0.1480536547168478,619.1864636971566,335.94226938817883,0.958476535013188,687.7951872312824,405.36177282576574,0.9685825347356817,571.5913689432059,425.0219974838426,0.9783390097668527,714.187505204171,505.93468368900324,0.7459865529248247,549.2765023329024,544.1263987288531,0.8633343571557257,729.2167421238898,585.7251025365747,0.5487362807508034,581.9899844667149,594.8411442354763,0.729900113591167,679.2321029586032,581.2899352587385,0.4630548369686927,609.3869218513449,593.6302806747351,0.47965703580534413,693.5047124837228,621.4951111482321,0.0312708320775031,636.4126730392607,632.0557541542469,0.03429120883621895,624.3521927504021,653.3046584818727,0.00514391062188938,664.0771752165742,648.7156431842154,0.005044236015084371
744.0,675.6573567461799,328.28020997868083,0.9604378395391164,672.8867485426832,316.1165537662075,0.7522004636452795,660.1114312707986,319.81658640478645,0.9685418464769379,654.988633968173,324.86670686511394,0.1476684120168713,619.1334339607658,335.99910835033165,0.9587379885839017,687.7619491079944,405.0887282107884,0.9685204511922191,571.5690658064509,425.0488278526047,0.9783324682255257,714.3258693004229,505.38695372648596,0.745592997510596,549.3545873218147,544.2640099369833,0.8634966485073752,729.5033966853698,585.2931597972861,0.5486595780796877,583.0012056168445,594.915108281443,0.7303681545392791,679.3931218398901,581.2385869085007,0.4642108143453922,609.4556724102862,593.7512434550756,0.48094818310997867,694.2558131476858,621.7336341467279,0.031434596907587216,636.8639003893475,632.4588590091518,0.034514563154746825,625.2409996260051,654.0868554808893,0.005168659926148814,663.9368607018993,649.4461734017881,0.005073233147267585
745.0,675.623754040578,328.19511104699404,0.9602484521648216,672.8336192639557,316.0511126534843,0.7509106916229086,660.1428139902353,319.70107810059085,0.9684701057751509,654.8326966587078,324.79761790320356,0.1469516342764919,619.1325789685768,335.8092846416381,0.9587511367856153,687.7436147285053,405.0117568250678,0.9682567859710144,571.4452898572877,424.9702243718987,0.9783141705681606,714.4413856935469,505.1428322609356,0.7433610285518085,549.322684445655,544.2571513934176,0.8634715176243318,729.5357504510877,585.2680989489078,0.5459712543151383,583.2330696450367,594.999692370634,0.7299573533811035,679.4919098014426,581.3105878310855,0.46283649511931174,609.500610609839,593.7901965144717,0.4806185065129531,694.5254254177227,621.9973516683057,0.03132135886090578,637.0553889435251,632.4828254719295,0.03453837009775751,625.3806278835398,654.6379708292357,0.005160816711239278,664.333263526619,649.5846938899085,0.005082393407930648
746.0,675.6746600942729,327.97788711448436,0.9595186110233247,672.7424407138628,315.8812411539125,0.7459265688472108,660.2341725200667,319.53934771340744,0.9678932847878268,654.4488231890194,324.75111474053506,0.14445314081570945,619.2069553422319,335.81956780129326,0.9586443979190067,687.6645818270076,404.9742890006816,0.968189942346348,571.3886440764458,424.99450206712424,0.9782342819552504,714.4178577792579,504.83615807207707,0.7445355921691978,549.2707928378318,544.1251195724324,0.8640762912933508,729.6664520575528,585.0609281944986,0.5471731594031564,583.0706583745678,594.9811209494081,0.7309006941465387,679.4080625282513,581.4313422895033,0.4644594713480142,609.4096360957493,593.8943960925465,0.4819291333984138,694.4203884124248,622.2671675608844,0.03131562964334233,636.8532041758557,632.5890077693944,0.034482717964619373,625.1632071413645,655.1451088459322,0.005133473338782651,664.1874205529182,649.6996510279962,0.005048993276755605
747.0,675.7387114548932,327.7328517025058,0.9589623024184684,672.7028064840589,315.68942569944994,0.7418833058155341,660.336523182705,319.3321473340784,0.9674835025071992,654.1737890499421,324.73232140405725,0.14208753810132452,619.3306352870932,335.7962260654233,0.9586120284905231,687.4741451167749,404.91828025651785,0.9680087858774232,571.461987902467,425.0314681340311,0.978108933556174,714.4059026061805,504.5792115708515,0.744588681577799,549.3257314378518,544.2385556899685,0.8642988911610567,729.986597755469,584.7351048609619,0.5476336278585142,583.5249299704342,595.016253675592,0.731697871393678,679.4710927477972,581.490859361396,0.46379563227902487,609.6410313151671,594.0151746470797,0.48117367537812583,694.7531582030942,622.1233248096449,0.031217490047055686,637.5537547368368,632.3840097353768,0.03438058900780299,625.6612401529889,655.586784966734,0.005106757097913367,664.783059591777,649.8485223024459,0.005022135653351742
748.0,675.6647492641912,327.6272185721795,0.9584739560495616,672.6574514332945,315.67135421521937,0.7399324853450812,660.3785715785592,319.147277278024,0.9671651259218051,654.0035880975217,324.8220947872802,0.14155490231052079,619.3873116804612,335.51055563550455,0.9583714000439032,687.3652515889665,405.0524948460368,0.9673832984004618,571.3694508356496,424.9182487262249,0.9778160527917337,714.5568560406749,504.7416424129103,0.7389305600858355,549.4250996473544,544.3790390786002,0.8620567063474516,730.0796080811529,584.7286856169682,0.540644637793141,583.7392816250111,594.7190236060277,0.727840944588765,679.6115962746151,581.4716885882783,0.4553673035512512,609.9157104908095,593.8463032500224,0.47392614407203776,694.7245501970265,621.4396493400745,0.030596299462496868,638.2458957201155,631.2501306930927,0.03386038295767547,625.4884958041278,655.4308802071637,0.005058842556480585,666.1279750464812,649.0914786905565,0.004994009076838253
749.0,675.5199257680654,327.65093986260655,0.9578132714568561,672.4692467673818,315.72495542079554,0.7374014504065859,660.2317529155735,319.2072959370211,0.9667187273787539,653.7405151097511,324.94057839972874,0.1407888916286137,619.2320294608327,335.666114910335,0.9580359653712542,687.38329383799,405.10582888386796,0.9666988774793872,571.1666230370736,425.0175413114092,0.9774220279187019,714.7809522408525,504.8121242626839,0.7337318662701512,549.4180806210193,544.4549327119646,0.8595431432631107,730.1189552362139,584.781999358638,0.5337243569599955,583.5348506885394,594.3323245307114,0.7232820103725538,679.5208213617096,581.4447173962303,0.4484923085702137,609.7246924314235,593.7878136283811,0.46778440298258034,694.3954824173591,621.0544122066913,0.029980662631993837,638.0861652648883,630.7896329779065,0.03326527323755932,624.764387876733,655.1096660796123,0.005000901376247802,666.1369072687193,648.5930431129469,0.004945835719000101
750.0,675.4068612864916,327.6281549469312,0.9576256878671862,672.264897506703,315.6426987371341,0.7366373592755202,660.0053569515633,319.3169849171652,0.966527774683468,653.576297347226,324.8462320415736,0.14045960381183906,619.0459130177637,336.02979469639433,0.9578781693110556,687.3690180913239,404.8625182947376,0.9666510159544687,571.2069334639688,425.19803737261356,0.9772805018667862,714.7184724686597,504.54443383095304,0.7344130436048781,549.2930383875071,544.5356381996886,0.8590814230138505,730.093402704171,584.7734928779233,0.5341196043995183,583.2258619222247,594.4568834908855,0.722515615364586,679.3172005244667,581.354688192176,0.4488144575524302,609.5071344111954,593.8938507877496,0.46739961371320915,694.3005317317375,621.096968984304,0.029848345037973026,637.9784174425076,631.2370639806901,0.03302693443808545,624.5183365639831,654.949625801208,0.004966651519335932,665.40883840305,648.7449861898756,0.00490102557495761
751.0,675.2685043784224,327.49794244227576,0.957991281452549,672.1855799244653,315.5250670373051,0.739487433926587,659.8420182054057,319.1822382868097,0.9666784595382207,653.6571539295751,324.75623460534183,0.1422698371785567,618.9654157360729,335.91376006847213,0.9577824417657135,687.3748993456537,404.89387678507,0.9669293783122903,571.2632793700914,425.1061776373044,0.9772896366218643,714.4475225389982,504.7357025251059,0.7358907527477372,549.1988896789775,544.4287525461432,0.8585686819259021,729.591444447142,585.0709268545705,0.5353694998077385,582.8366880733848,594.5341756176971,0.7217059905323082,679.2662594637143,581.3315528534383,0.4487748871047245,609.5023828907255,593.8034869182162,0.4664277613054571,693.8996154705081,621.201988460658,0.029751742744683778,637.7640025315379,631.3148250103197,0.032790315572440214,624.1840337924658,654.8804336878999,0.0049396554929758835,665.1712592029905,648.7161700360259,0.004861623644038595
752.0,675.2501668469223,327.50333250689414,0.9580310917411627,672.1747255500796,315.59356782137775,0.7391505765153938,659.7899676475719,319.1939102190844,0.9668800503820587,653.586066262291,324.9385450475211,0.14117909466877143,618.7801465179315,335.9883595417772,0.9580481970511614,687.2720007365026,405.1147527182036,0.9664622073089207,571.1443431811399,425.11329969530533,0.9772568825814204,714.4815966700503,505.11280164445907,0.7322039048652308,549.0125443482746,544.3094608711718,0.8584613067719056,729.2364761521654,585.4652018786363,0.5313274308152711,582.1939222951133,594.3112177996908,0.7214218478444598,679.4575897672368,581.3399429846996,0.4452257526441391,609.6906226210428,593.7208699122758,0.4646734337626718,693.9376479803336,620.9374552225078,0.029506342110510148,637.803914291912,630.9623018642528,0.032724778692423385,624.6064314624069,654.533982091598,0.004928657497712409,665.1875103002096,648.3607393354193,0.004871644162521163
753.0,675.303983668393,327.1140193334636,0.9588999135707966,672.2100117102926,315.31723892122716,0.7428050957752484,659.7954156212762,318.7913163128676,0.9675880196194223,653.4172432139524,324.9868169771873,0.14118517871781738,618.5849230961608,335.82821220931135,0.9587289777491339,687.1250410727952,405.1586725391759,0.966768146300463,570.8886283656752,425.1385821915785,0.9772621918159488,714.7138584179098,505.15459232889333,0.7327556669693734,548.8436109285617,544.7771712865929,0.8571773008872527,729.4975052934939,585.2782388685664,0.5309691402619139,581.7856505263557,594.7996398196743,0.7192517177296107,679.6846418485256,581.7658825772156,0.4445373882839526,609.7912519386886,594.1291608786552,0.46274935835208375,694.1161569697538,621.0947238088196,0.02945874780198681,637.7683339296116,630.9249455669366,0.03248758579227866,625.3025364122542,654.9220114069357,0.0049260975267261834,664.9684593641813,648.3154165077223,0.004848785001123059
754.0,675.2634008809138,326.6404430664802,0.9590615878056702,672.1798721984158,314.9753558202684,0.743436226147725,659.8599887550159,318.2680352182942,0.9676955407719002,653.2541828159634,324.9640299806764,0.14168521057151803,618.7280645395977,335.43027126203765,0.9589316978471598,687.0765635711647,405.39055845641707,0.9669449541334655,570.6441591096515,425.04356286017696,0.9774031449770939,714.7687038061082,505.4465860129515,0.7325224712742958,548.8513532855145,544.7980476988275,0.8572460324598287,728.9475238022396,585.6585519056198,0.5297345469724649,582.0768655831732,594.8966004637483,0.7186298517168855,679.6741184877812,582.1148226605845,0.4448945789149159,609.6513170829777,594.3376316878291,0.46330420609928824,694.1894038293996,621.6426749502698,0.02945836529981286,637.8555181579175,631.2525890019007,0.03251969999816458,625.2521495469114,656.0380908237325,0.004915983187605254,665.1998029155232,649.2829508041915,0.004843289150436341
755.0,675.3108568964358,326.5498492667724,0.9588480706824363,672.1743832294273,314.89193712290773,0.7428960609198726,659.8653452251143,318.2317575935256,0.9674746351685468,653.2401758012868,324.9560885232897,0.14195192798856449,618.7960751710601,335.55841363966726,0.9587388201831397,687.2057841013269,405.4732123537174,0.9669324080959637,570.5716748219476,424.9537020840748,0.9773104779369024,714.7354004069772,506.01907244332136,0.7323207565771961,548.7189753624893,544.6917354617202,0.856561487317519,728.8111845014329,585.9311708279794,0.5287018914629055,582.4558271025589,594.6222291148651,0.7172077272311778,679.4665265021464,582.2237017139446,0.44425212733474445,609.2878988552759,594.402710957774,0.46229209347028816,693.8300897634748,621.7119849773196,0.029330985204453076,637.5054294741118,631.4294873824971,0.032329446074623854,624.7332215957831,655.9711543795416,0.004894330998856892,664.7844482320417,649.5074953906204,0.004815878250539127
756.0,675.2200070026422,326.6725295854019,0.9589852549817935,672.0678459385483,314.99748603148447,0.7435157014124929,659.8101585429719,318.32473010566736,0.967508842017515,653.0887777125886,324.9966505403761,0.14221303973377286,618.7437715085562,335.56049336256444,0.9587027098024646,687.0303348708833,405.4319263310077,0.9672350885903455,570.6477494752139,424.92276269450093,0.9773178742598282,714.5624288288042,505.701199666794,0.7355184646918111,548.6828399754875,544.664826812951,0.8571536997780033,728.9204814087151,585.6904275739506,0.5328247730200265,582.5645029064394,595.0787665665091,0.7187121727873124,679.4366502189619,582.2338963467164,0.44804451181919375,609.3898086822034,594.3900377121139,0.464838998577856,694.0593801099608,622.4868298890998,0.02960706614069388,637.660642519094,631.9309623051378,0.03249020643113296,625.302419261624,656.905163660436,0.004906067841231712,664.8462877585176,649.953860784444,0.004813748854410456
757.0,675.2436355222078,326.376364917277,0.958997400878906,672.0255423474291,314.79458565150276,0.7411594899479419,659.8861361426752,318.02378131854204,0.967366701499453,652.7956965615017,324.9617843795067,0.14032027543427344,618.7480290072202,335.3392556980766,0.9589750819027747,686.8544063495416,405.34024219234215,0.9681537502583389,570.7512772905658,424.63964821091196,0.9776672117424744,714.3239383298995,505.1842080663393,0.7452825772989137,548.7603463804872,544.2198452946394,0.8612091553046399,728.8875703877812,585.1543177973865,0.545265683761429,582.2359095756694,595.0687141984245,0.7263551684889852,679.6056826782097,582.1865660237314,0.4600910852724318,609.5875509305417,594.1756982315703,0.4747992408884724,694.4097612200893,622.9988456565488,0.03052755113021054,637.2485687693286,631.8686715872998,0.033218430489135746,626.369180832121,657.8154231125409,0.004964943389559069,664.1796101085131,649.9192872285031,0.004842009193601446
758.0,675.1239081606286,326.40911610830074,0.9585304255455179,671.8537723434483,314.81007529149304,0.7395398665288339,659.728576151521,318.16739903754916,0.9672303552258349,652.663637592797,324.8817050182582,0.1400437711571904,618.662218515007,335.52996820120046,0.9588959870262898,686.8858429923409,405.31596552200415,0.9672598832837839,570.642173432415,424.41209267315446,0.9775369930970811,714.3854771960259,505.8963014709971,0.7359328280073761,548.4316173670035,543.8233804966283,0.8592365734483058,728.8097063908052,585.4995869268465,0.5323508014767128,580.6768289737118,594.4810104601119,0.7208593483710848,678.7923185723887,581.9395969059813,0.4526220681335782,608.799441207206,593.8350813810804,0.47074357581781634,693.586488275723,622.4403799172011,0.03011318657759944,636.9732748772585,631.4825803345063,0.033191374811078714,624.7577061652686,656.9937250995674,0.004982116538859798,663.8633251910653,649.7427606860709,0.004902325170792368
759.0,675.0339909027858,326.43587197526864,0.958443149547529,671.8343776772286,314.886843461471,0.7394497013549037,659.6793743434118,318.17332995317787,0.9674666383275683,652.7377168267506,325.02831877823604,0.13968235717797337,618.6422421995054,335.5099442095281,0.9590611372814157,686.8467962085798,405.37149872557535,0.9661482656889464,570.5621728180671,424.6692579376318,0.977490365802187,714.4199947435754,505.53493516795066,0.7258490318582214,548.2671345782667,544.1242743448242,0.8582814671864729,728.2561383734069,585.3806158106106,0.5213058251215845,580.7420022989883,594.4886767883521,0.7183963401839851,679.0686115165302,581.817584050058,0.44480506412360277,609.1399444179767,593.8170597885753,0.4671817367848471,694.0708781695105,622.3917502231396,0.02964168832035529,637.9721860046833,631.4947854341924,0.033226441588114004,625.1035205014496,657.2710097080583,0.004973477712090655,664.8622839946606,649.9798733531735,0.0049554653166540685
760.0,675.0825032019562,326.3647978486083,0.9579461312292963,671.7575058501396,314.79503056859147,0.7368912582667521,659.6592266422559,318.2181426931851,0.9673948134922289,652.5699281058586,324.9580989877183,0.13871056472149934,618.6617553473582,335.7677133189923,0.9591945222246239,687.0761329887442,405.5910123875994,0.9650145796263653,570.4608570057608,424.64306787254156,0.9775505340132141,714.8111681863044,506.5544636265568,0.7145970459154608,548.02990160814,543.796888779741,0.8576581972933772,728.223544250125,585.7876360447308,0.5070112490425459,579.4956710368408,594.3435003422019,0.7144388950106276,678.9015710852536,581.7796341173071,0.43650595249521257,608.8281580443459,593.7238063969593,0.4639986871393356,693.8125321487355,621.8981046693615,0.02900489053813995,637.8574542898403,631.3455102017272,0.03314592902595946,624.0256294200806,656.1529325818269,0.004946590208553496,664.6269100629195,649.9219579890829,0.004996144172017823
761.0,675.0849041981237,326.4132598013487,0.9574515183672162,671.6636786600981,314.77839621653993,0.7339385240054369,659.7131366868822,318.23672017368426,0.9669143044783243,652.2393349195082,324.8259592350954,0.13782432816012855,618.5946516700901,335.6918586353118,0.9589793461984022,687.0092159116801,405.6553175554845,0.9653800709792365,570.2233290150725,424.75724096241765,0.9774138133815511,714.7101302867219,506.6308749664429,0.7184752550509135,548.0325947285165,543.8555126458584,0.8571706018311469,727.8370449786015,586.2288647411442,0.5108801895348555,579.3312249633898,594.5475608308807,0.714286243471771,678.8358287148193,581.8327856373513,0.43908072187677727,608.7110183891838,593.7601629106665,0.46429906959855993,693.6567675093265,622.6052377504134,0.02907829130599066,637.5886265345158,631.9413864943908,0.03293551442996914,623.4052924610461,656.7685365096563,0.004918140419754043,664.9287343266614,650.3389145074093,0.004934549547736876
762.0,675.0330153811952,326.82037094954865,0.9579465854074795,671.5190368044737,314.9738912438341,0.7359489896304381,659.480590474819,318.7707534236061,0.9671968019467327,652.2216993793686,324.68331648998407,0.1382382392078792,618.3039462561279,336.288417494882,0.9591195307222858,687.0417288455711,405.2252162347141,0.9660257815435345,570.3591702311644,425.01214590948865,0.9776299002356105,714.5276084142137,506.2181344856343,0.7252184631810188,547.932539135955,543.9201222377818,0.8592620673778358,727.9207483245675,585.8653925211481,0.5194243552721446,578.9827670835457,594.8709579679467,0.718521190059318,679.0660680780694,581.6188177324566,0.44593856948699195,608.8832769976805,593.9127462001449,0.4695231592786609,693.8930860902944,622.7604480757703,0.029432877087753998,637.1347714010476,632.8865499832153,0.033104215747368264,623.8110220066487,656.2356809461292,0.004919146406562006,663.837383620076,650.6901565097954,0.004909140551661191
763.0,674.8595465417166,327.2650520227726,0.9593554607047545,671.3449103799865,315.23964939622186,0.7431795947997125,659.0944009738565,319.278580461079,0.9684206162094344,652.2812753039706,324.72335462326265,0.14023187183989924,617.8014115245402,336.8685890209737,0.9599056537149555,687.0995253838447,405.3329433807784,0.9663987809774439,570.2638557295123,425.35171838980654,0.9778371288066248,714.3885554787969,506.2089679762205,0.7258570940426431,547.7170926825896,543.6835889181273,0.859594906654725,727.7434135476004,585.5310130365493,0.5214345266291636,579.1214360678185,594.1733196601878,0.7199995970180512,678.4913079483662,581.3761085887222,0.4456228714365942,608.164179856768,593.7627468612135,0.4691206188977781,693.4738494813761,622.1684346862314,0.0294642361945953,636.169411445673,632.584152415434,0.03312298229911378,623.4346482699445,655.4280364064889,0.004934087315608979,662.5366468079077,650.1602687604264,0.0049192687945013676
764.0,674.8800212389377,327.13280340570117,0.9594275363494214,671.3057696574245,315.15461696318596,0.7430027005519598,659.1438516769995,319.17366871543555,0.9683525076150373,652.0876661766612,324.78951409857757,0.14017888665796166,617.8879607381365,336.9149625669241,0.9600278054081657,686.8166955347468,405.34611646164916,0.966998236029287,570.2231047244862,425.564641767703,0.9779006142030798,714.2105060294748,506.06608198222824,0.7308454585864332,547.9796652589536,544.047310036242,0.8598583341798963,727.9067105731041,585.4073139596713,0.5265606090300159,579.5224370665813,594.4311689612321,0.7206954055308784,678.4586090408984,581.5051704073361,0.4494836503269122,608.255485370079,594.0368959027082,0.4706795275099696,693.3407975769506,622.3557526373868,0.029667179254372966,636.1880574176203,633.0911704100932,0.033051265704193325,623.3327919253765,655.5886526557852,0.004927136502217052,662.3713217881249,650.6550523597556,0.0048789966311724026
765.0,674.8368561677063,327.0909486133101,0.9597894639206154,671.2771512358844,315.17131181176967,0.7450203564843473,659.0967167638988,319.12240610331395,0.9685864481206696,652.0617731939686,324.95735854989397,0.14114791849630431,617.8711995220483,336.95669082657685,0.9602420462689153,686.7719817631935,405.60769183164246,0.9674228570127891,570.1279679939254,425.6225552697076,0.9780009791983727,714.1675101457287,506.4529399843351,0.7334913043445236,548.1921460465368,544.1818286751642,0.8600831792953298,727.695642949374,585.5624425856698,0.528831850941259,579.987785272202,595.0108772839392,0.7206803399335037,678.4887792654988,581.7787234194714,0.4524690143978934,608.190328795748,594.2623966362855,0.47253693152154724,693.407456887563,623.2840136804239,0.029771765356676215,636.0795305731955,634.0405886688278,0.033028743314929755,623.5182514044147,656.379206901729,0.004911666055786752,662.0876576845479,651.6913061943253,0.004848974125474231
766.0,674.7056433021895,327.11922040324214,0.960202725028921,671.241497590696,315.21911798121795,0.7478289394984282,658.9575585595946,319.10689407815914,0.9688352593202383,652.2229278948166,324.9906571621162,0.14265117255008622,617.759325828136,336.8436505911311,0.9602323934315863,686.7902459244465,405.7914205071643,0.9677175146586282,570.1448939994035,425.59986926455707,0.9780708509941336,714.0827070049473,506.5489518338067,0.735741969452006,548.3103927211731,544.0167359525267,0.8605676530808039,727.5237166117512,585.6063414659484,0.5322707260669151,580.7632096694466,594.8816407562196,0.7222733843217342,678.6638132409206,581.900270666973,0.45543303689503156,608.3510325281754,594.3050066294774,0.47477485412643894,693.3784489628025,623.8139614986582,0.030097180156291866,635.948713302087,634.4649997209091,0.03330291803512368,623.9383289419575,656.9903254624382,0.004946410525051449,662.0672102432623,652.2445283436597,0.00487532094831851
767.0,674.6313557872458,327.2253593685786,0.960102407974946,671.0981108024134,315.24952901722213,0.7467813439232032,658.821925272527,319.3113662884475,0.9687823656209305,652.1493495192668,324.90763859771096,0.14205551347079,617.6720848037708,337.14546288575536,0.9602248702851092,686.7209606397482,405.419639383984,0.967660661950461,570.3057639259214,425.78577318715077,0.9781559812739579,713.8375821682773,505.7341550466945,0.7368404814043613,548.4091298137485,544.0335456991547,0.862192971010952,727.4031696113565,584.8778455629721,0.5352828521045265,582.0503304917024,594.1937584679667,0.7259194629899356,678.7010048384533,581.5137651110533,0.4571818702315359,608.4824673152614,594.1830810030626,0.47703118611716383,693.7025355347657,623.5395276149142,0.030145158193321815,636.3672225864321,634.511046369422,0.03344545990198077,624.2488432443741,656.6752002861168,0.004933224130948337,661.9456868185716,651.8860022759561,0.004871342966328844
768.0,674.5810102999492,327.25186056567696,0.9600119974746417,671.0275019839726,315.2850914992122,0.7455093452963792,658.8423653744235,319.30348625560094,0.9687098988728314,651.974301822673,324.97596168049466,0.14148959043400294,617.7127748201126,337.1064296604954,0.9603282187765686,686.5517567646527,405.4198311937646,0.9678406241322401,570.3025998233542,425.9635629877148,0.9782507676262167,713.7069781808558,505.28552291894397,0.7386266582801547,548.573336008666,544.3163351740608,0.8632054959621761,727.3512237952796,584.466987251752,0.5382553110113331,582.9321780586603,594.0349001168202,0.728313295418944,678.7325056383869,581.4243869728938,0.4583526828522247,608.6421149457548,594.1555212563395,0.4778685034673872,694.1838628145157,623.627791271932,0.030147618111777196,637.1262977567416,634.4028261900307,0.03344405993234936,624.6142197979959,657.0464726919099,0.004906683266347432,662.7766459337813,651.6791074800581,0.004845546480000657
769.0,674.2864485393752,327.17465013152275,0.9609463255952463,670.8551195047222,315.298336194833,0.7522504207884394,658.4352620745594,319.18634015381684,0.9695478933477644,651.9784027665983,325.268110245945,0.1443453015094851,617.3044325585406,337.17812591565854,0.9606385675039202,686.6845784678598,406.0225107496049,0.967250326122894,570.1873138482481,425.81509991984086,0.9781499385648204,713.9710150840139,506.5804823885825,0.7294679641423677,548.3092191543436,544.0488170965857,0.8602578213451562,726.9998165722385,585.3459686821197,0.526093769978938,581.5339622890684,593.555709298944,0.7219510744880511,678.4742988975007,581.7983727400446,0.447778888828301,608.2191566658114,594.0983079702031,0.4699402649736513,693.5640637563939,623.1280492859038,0.02939995644125997,636.5521561432452,633.2934257650052,0.03291448563300918,624.2408215095472,656.4945363749791,0.004873719128716667,662.0390280349555,650.6581817063828,0.0048483062925963665
770.0,674.0886980251022,326.99124947798447,0.9613114913592896,670.6615097473614,315.1909549592914,0.7555037357655604,658.0418303344882,319.0934364234843,0.9700279212553414,651.8865327549572,325.45763679421486,0.1454296196646599,616.913501779803,337.5048285933058,0.9608149454691315,686.8994365498149,406.3796677767878,0.9661609509973202,570.1736989462395,425.55715382283904,0.9780182975825353,714.2145123477906,507.93758916350043,0.7175770420424776,547.9807280014451,543.5681606190224,0.8579357552815234,726.6191389685994,586.2951022564276,0.510428290560704,580.0685463208786,592.9152065787061,0.7156691440166236,678.1362296062835,582.0066712695079,0.43561559304961767,607.6757952271549,593.940686952225,0.4622505898842508,692.5749040392352,622.2851062574746,0.028408529602020942,635.6242999123353,632.1036396498996,0.03231918848360556,623.3584910285674,655.2817917314078,0.004813904876908205,660.4851465956608,649.3129619082731,0.004844249802984748
771.0,674.2641504463403,326.8277796387983,0.9597860447908938,670.6633478508509,315.1012706958406,0.7461627596976165,658.3557421566115,318.96709300301274,0.9688361176834983,651.4515376003113,325.50538318984644,0.1418293442321513,617.2658876637634,337.490559831759,0.9603733090160538,686.7925378558118,406.30464378441496,0.9658535863074853,570.175263993763,425.5710227760268,0.9779426824453095,714.0870087574594,507.87304462076753,0.7176813698141816,548.0923220828147,543.8228828837221,0.8589417796997248,726.5548569657174,586.4367346582491,0.5098694550240251,580.317481444849,593.0210417505928,0.7166195743301363,678.2248520438709,581.9058754860575,0.4358093181245153,607.8676112100198,593.8325159512021,0.46298117999535354,692.4169809405493,622.1686786311293,0.028268142165438454,635.8713144200906,631.7822932505615,0.032217481961965,622.6826647530316,655.4640168076943,0.004770477884699644,660.9920300789693,649.0312711276367,0.0048062242927888405
772.0,674.4739729039716,326.8875142077467,0.9579849726253151,670.6889303403237,315.1889295608758,0.7361466565109455,658.7339672016369,319.04136668199925,0.9674418262240444,650.9842823106253,325.6197798975369,0.1383020490887704,617.6371827612564,337.5724022071154,0.9596913315086981,686.7374538271723,406.2027864728947,0.9652380821757466,570.119947751581,425.6542416294606,0.9776419327774557,713.9497138836315,507.72306327565326,0.7157667954853705,547.9511461377994,544.0757629881307,0.8583366125913586,726.1833568142575,586.4711934340521,0.5069818224078523,579.5280486909825,592.9496431261456,0.7151420216990032,678.3593018641883,581.623435914055,0.4332034419018075,608.0537965628149,593.5449211155794,0.4608094916890527,692.2659500569811,621.4383808881739,0.028061795498666962,635.8186616216211,630.8231182001025,0.03200349836295777,621.7991033457038,655.1608338073057,0.00474817562450742,661.3822575179141,648.2270858136764,0.004786117189184192
773.0,674.7589914750164,326.7915780836317,0.956396620639824,670.8899775104926,315.13844968836634,0.726479860129534,659.2227010637358,318.8410655432356,0.9662080864962757,650.7315143779349,325.5572798638905,0.13441401825845678,617.99763989177,337.1410286648058,0.9591051412608994,686.603068877279,406.1805094123732,0.9647636510116,570.0612169652329,425.3845746314053,0.9774711318158994,713.8220965327381,507.59677828648734,0.715775649715646,547.8352494011733,543.8226377615586,0.8592482706441793,725.7598597724298,586.3491533302692,0.5080627844006516,579.023048018775,592.8356872713256,0.7172752119832423,678.7093037298633,581.3185970498444,0.4329681242372672,608.5273069575333,593.0790691647461,0.46116471596474784,692.3768041736197,620.5624216953404,0.028186131251626747,635.9109389835014,629.4542128558323,0.03218837431532902,621.8197951208165,654.7165931993936,0.004772693204113799,662.3106988305,647.212130900172,0.0048155580642195725
774.0,674.6629030564845,326.69571666992124,0.9562487704763889,670.7805179342798,315.06911243582994,0.7257701396529928,659.1998545566098,318.7206048093968,0.9658953304653982,650.5566822598192,325.58208830684373,0.13489307349013746,618.0807730759587,337.0428080258869,0.9588806126435859,686.4726538248209,406.1283304472569,0.9652681854985028,569.914703271179,425.2892659738236,0.9775710787171823,713.6406530271935,507.7433778040419,0.7202007764043866,548.0086030907368,543.9003877357493,0.860088898898807,725.3573756522671,586.3159850479357,0.513286241816305,580.2866343886504,592.1626893946003,0.7195715108997653,678.9951337772297,581.1286122653104,0.4356952635449491,608.7620179549813,592.9386120430415,0.46247638842040467,692.8080438162314,619.7312697757537,0.0284488485170351,636.3672756048879,628.7397622410338,0.0323276375295636,622.1736007325392,654.234283008143,0.004796094051411829,662.8975764812603,646.8665537730102,0.004822917010973589
775.0,674.7194043750111,326.6750537760044,0.9561020722243894,670.7825247000018,315.02883912662253,0.725177459795913,659.2891704413856,318.65373840941874,0.9657464839719566,650.3648891935647,325.5762411514554,0.13491593498267376,618.1005284953261,336.98428149962217,0.9588619622841229,686.484852158185,406.3209412016177,0.9653981893506536,569.6197949997339,425.47394915908967,0.9774099839848804,713.7501217431507,508.292473464544,0.7200346352627137,548.1195738017205,544.4917759439096,0.8581762355974246,725.2694112183975,586.6586432668641,0.5120150935757953,581.0434242132252,592.6149501618319,0.716342270861912,679.102277872863,581.6515142338897,0.432766332764177,608.7389499161005,593.4853404094222,0.4581423702005287,692.7408599085088,620.2511379863348,0.028080885753246545,636.5930196685102,629.2642429524805,0.03174637019737092,621.6567855333203,654.8805803589051,0.004729570632780602,663.7966774244462,647.5505330195256,0.004737901657414868
776.0,674.7008736778647,326.58980547676106,0.9554915906342866,670.7668447074569,315.0616212649256,0.7223308545448202,659.438918827072,318.52797514680606,0.9650898284529419,650.2257781785502,325.6867013047844,0.13493141869766784,618.3930114566614,336.7346390685453,0.958384397450797,686.5642639956311,406.32757454703875,0.9654985103847178,569.801750782739,425.04920819527797,0.9774796549179672,713.8632960082392,508.05760322961993,0.7222035865964761,548.1306192237151,543.6974916893706,0.8595899775148101,725.2637392867963,586.5156624194337,0.514749805586499,580.5995141698387,591.5904408721124,0.7189154652247806,679.3931674392771,581.3020902881811,0.4340297125522624,609.115047470686,592.8483310409804,0.45960510332419063,692.6629557456816,619.403057439895,0.028177067862247877,636.5732598733516,627.7975865264142,0.03186999761330236,621.660906813086,654.4439650488405,0.0047334095723878785,664.2017207504892,646.338271786748,0.004746520310879728
777.0,674.5745039034141,326.7354344538888,0.9554795944343979,670.6154444306896,315.14342079224434,0.7232440251316563,659.304905346158,318.7362203953043,0.9650167352646741,650.1687405551531,325.57776255719523,0.13611570719108917,618.3771907625227,336.8792111210499,0.9581633155965986,686.512435928066,406.14293713021885,0.965415271379745,570.0748516002916,425.16872398392775,0.9774704323327119,713.9533628119333,507.9604211574259,0.7205610640883764,548.5239703351197,543.873932129279,0.858698676867993,725.5626746234551,586.2611362279476,0.5123953523514198,580.2624485037664,591.8929379939652,0.7168829814583636,679.5575193032546,581.0346189891853,0.43176665104876466,609.5717387350567,592.763652764641,0.4576482347493505,692.8571422327834,618.6118486491991,0.028124369267069106,637.3672124413316,627.4220448340199,0.03185893671602701,621.5672027969886,653.3475889826069,0.004754874596802869,665.0421551081728,645.8890617873525,0.004774737010836631
778.0,674.435842224854,327.0016101294312,0.955268628572191,670.4832014002862,315.37934386875435,0.7241400023400028,659.0835563766389,318.9988186184182,0.9651252198577096,650.092434155597,325.7635635429527,0.13681906831960583,618.0986119933365,337.13489041901846,0.9579707939086535,686.7922606701297,406.9930682001876,0.9641245189922005,569.8293855042427,425.1026496646683,0.9770763462142718,714.3313079180973,509.8620778224662,0.707331984818661,547.7733094332018,543.2167191931709,0.8546791872436724,725.1563741951404,587.1747552795363,0.4964584247690028,577.916998953826,590.9519452958262,0.7089594906805997,678.8215080218353,581.3660288962136,0.418029394189625,608.6798675736928,592.6182892622703,0.4474418668019848,691.784435098795,618.0153863300558,0.027278358402865587,636.5763122789847,626.3638174151378,0.0313201440627333,619.9714702301195,652.4186312497617,0.0047247463118826084,664.7821054659445,645.1088184687832,0.0047903217717365845
779.0,674.4937370492773,327.0584123445122,0.9544382494639873,670.4302880667651,315.40793887205723,0.7206681811496288,659.193173808803,319.1151414361661,0.964349240845739,649.8846591622262,325.7819423056299,0.1363563693091455,618.3105409561513,337.33371953541297,0.9574214491550338,686.7110544354241,406.9049417543554,0.9641110559432672,569.8447060476345,425.14777015258977,0.9768197164749655,714.0483866027873,510.14429096234323,0.7087551746690499,547.7102606201163,543.3321280259437,0.8534989497604525,724.5539973620047,587.3339845020138,0.49708524838276397,577.6177963846083,590.394917402409,0.7073292600586483,678.7059543622253,581.2320301295524,0.4194986438915695,608.6028139586617,592.5838194734932,0.4474564747760249,692.0194856857886,618.4561352258717,0.02735420236718069,636.8664503437489,627.0786358796787,0.03123599946998248,619.8153425395496,652.9943793259482,0.004715587977269988,664.8038050630457,646.0560444912135,0.004762311732048682
780.0,674.6363636803156,327.1390339506725,0.9530986983830843,670.4009083904244,315.45323649399853,0.713670763104942,659.3048942301626,319.3138651433582,0.9633350375287496,649.6004208799612,325.86863564816804,0.13409642978175593,618.4260171049947,337.7824858180394,0.9570791796183851,686.8703508996196,406.8137853209142,0.9637000059801892,569.595008691232,425.3452125482071,0.9767155406672642,714.2107295596379,511.0327614084139,0.7058731044054134,547.6659408848424,544.0932078645446,0.852576756897008,724.161313205709,588.1436859520068,0.4911025165702724,576.9432368339519,591.2949017818491,0.7034997183680226,678.8919170425106,581.4256284863333,0.41757071583926314,608.5383106020536,592.9821015255834,0.44628357101667526,692.1590124934645,618.6336807404639,0.02705086176808327,637.2145833472841,627.8676464533272,0.030965497757666712,618.9545719735731,653.0354353236407,0.004669056324946119,665.1662274770949,647.1155503019318,0.004722063689669683
781.0,674.7133026611028,327.3399048024031,0.9519790241601466,670.4350086213905,315.82957222425523,0.7059150643599618,659.5622721409475,319.5686932309305,0.962635491008755,649.4022942443628,326.399942234984,0.13062125074506206,618.809225176342,338.03793785092154,0.9570801717266911,686.4651985586319,406.75481028795826,0.9632186644433148,569.8270629728762,425.2387063725769,0.9769068266346029,713.8296788650596,509.4525662394316,0.7072408911243018,547.2396032098633,542.9512665212635,0.8570837176241004,724.2311047241258,586.8806257763739,0.4949064685380004,575.397019807362,590.8681460480701,0.7109879607369316,678.5562300497849,580.7919652410151,0.42174097982760367,608.525211153485,592.275964972232,0.4529486427846983,692.196292188022,617.5754180255028,0.027338398525853125,636.8972830018718,626.5568883219075,0.031573359520495496,619.4868659191894,652.3087038896367,0.00469930432566113,664.2656534112103,645.9910441470978,0.004782085985820644
782.0,674.9244010850155,327.35624013546953,0.9506717815808281,670.6272798030201,315.95736034093943,0.6994888151096578,659.914313575619,319.5620344692258,0.9616929155281989,649.3723768784104,326.62870731247375,0.1284999567387631,619.1519209070285,337.9599308245794,0.9566276127987849,686.3641003098409,406.8681170801503,0.962464725954688,569.812404608597,425.2382132378944,0.9765558218810816,713.7992547678197,509.0579832145992,0.7037420717738121,547.2647322234517,542.6890819172263,0.855914704207083,724.0993834619568,586.7518642337446,0.4913437921433892,575.3102686258537,590.6413165760293,0.7092084541137975,678.499407746022,580.6616821457053,0.4168175163455876,608.6129428817492,592.0860980634945,0.44864256125668006,692.04562994532,616.5938127786472,0.026999462183503627,637.1965247493988,625.4197136769569,0.03125574225577155,619.1084191115067,651.477644916721,0.004675573585496255,665.097808407467,644.9677190451218,0.004764950814349329
783.0,675.0551852260728,327.578030236564,0.9509198191779924,670.8015378625599,316.12379593000463,0.7008301792619225,660.0360037521085,319.7846347750245,0.9619189820532374,649.6706572621678,326.62893794840846,0.12866417027935143,619.2429304696992,338.05598612789544,0.9566613187338007,686.4177639915523,406.585530418135,0.9624932930330916,569.9508240819266,425.3394856292599,0.9765679962574912,713.6270610916221,508.16275020913565,0.7049853933508429,547.3040449271109,542.57240723186,0.8563565113737167,724.0475570199811,586.3145289526732,0.49366007550240903,575.5972330059382,590.5767896885585,0.7104972258862589,678.5818943677232,580.5081335426979,0.42043979167021267,608.6981035776683,592.1021040490133,0.45200571543384066,692.0524397122836,616.9472241986317,0.02741399590300228,636.838975848544,626.0453790710245,0.0316818226455934,619.2754518745459,651.8957200526615,0.004740748851629935,664.5502001947361,645.514528403023,0.004825221811141171
784.0,675.0581859995638,327.7804718068008,0.95147560305093,670.8382045125883,316.2348113237972,0.7036635794101758,659.9664735166017,319.99302408373893,0.9622707921252761,649.8565681855255,326.58464791746576,0.12971006614626357,619.1364131468802,338.2178526068257,0.9567756835902576,686.5127555909429,406.4256812099959,0.9629601107752382,569.9737119376113,425.5210938998128,0.9767510690789154,713.6332537554091,507.75137924084754,0.708652069170768,547.4832229876482,542.6265662582881,0.8573644769515737,724.1985905768879,586.2569646181965,0.4981217877075519,575.9151685166593,591.002955597174,0.7123217776528445,678.7708230795594,580.3916189736187,0.4244253212967483,608.7776389752803,592.1535400007269,0.45514720974616807,691.8080325082681,616.8405073168184,0.027723384855411596,636.0718094266317,626.3667349730787,0.03190162446086422,619.0930705789538,651.4405770337114,0.004776572569160902,663.6747263304787,645.5757111746162,0.004845948933250831
785.0,675.1124843407755,327.8786261636388,0.9518449958967323,670.8904682922464,316.3102860092407,0.7051724192082818,659.9738341816901,320.1150465428992,0.9625712728534931,649.9475775108813,326.6134277270386,0.12991562139367777,619.0801935638016,338.3543747173575,0.9569955367556312,686.5450970296073,406.33388414113966,0.9631385510572728,569.9938303215189,425.63645567797374,0.9768627520859711,713.6363062251019,507.58462586131986,0.7101873899811735,547.583916499297,542.8165961166111,0.8580760516108654,724.2660953557852,586.3872167248288,0.49989269145557874,576.270051134356,591.6620546047719,0.7132900793210863,678.9992676813501,580.3518214036447,0.426005597068883,608.9352867573439,592.224589695891,0.4565518725661892,691.8685475396749,616.8858920163954,0.027773804516641257,635.7472390615583,626.6359263071686,0.03191750076651249,619.3657103978553,651.2763645326721,0.004774743227741821,663.1801599755976,645.6461780122437,0.004838851528150287
786.0,675.1763554463337,327.7842701617415,0.9519801973114908,670.9506307883485,316.26605198908504,0.7049469527765543,660.1077607085265,320.0167716800985,0.9626002945063015,649.9426965833551,326.6059681098778,0.1296995189792093,619.2264097183009,338.2175217979585,0.9571456072512777,686.4097959999178,406.20172242199965,0.9636382351426652,570.0781588275065,425.55470810568266,0.977050903467512,713.5015847651138,506.92516214198713,0.7152657476431497,547.7266282900291,542.5094019230668,0.8600257343805915,724.2677306658251,586.1119068799999,0.5063097141701479,576.5982039394011,591.6815521618017,0.7170666686267478,679.0627722747355,580.0786300758705,0.43184129126584764,609.0854818628156,591.9724712058872,0.46138985530151655,691.9122246820332,617.0505158836871,0.028195338233202007,635.4865001563853,626.8025409041109,0.03226220058477041,619.7843705687353,651.6511430964396,0.004801059574484679,662.8238226105794,645.9369016102961,0.004850103458119355
787.0,675.1407215050182,327.7842136027854,0.9522312617511148,670.9678924246849,316.27131482428547,0.7059355669069607,660.1127682058406,319.9929861842283,0.9627694895299996,650.0475914294101,326.5728200109728,0.13053641849288147,619.3096079007317,338.0970103484269,0.9573261351130719,686.461837994492,406.2927050091852,0.9639856215516933,570.0358957034181,425.5862875044835,0.9773841063159019,713.6171817013824,507.1986374118984,0.7164872014322697,547.7494360194997,542.6189862045914,0.8614341608604625,724.5388110405042,586.5691972396093,0.5072685881507498,576.2418823619317,591.7255625643292,0.7187102210390818,679.045201505728,580.081102640074,0.43345645998410814,609.0665402637834,591.9688065295164,0.4635912575639845,691.688345887253,617.151122780591,0.028251516883393127,635.3573075315605,627.0584691974587,0.03240252292507636,619.4548949773578,651.5189078653291,0.004794603349922286,663.0505230563305,646.1854102156072,0.004851538767576499
788.0,675.1182040695687,327.90508193076505,0.9526625959612872,671.0228972236882,316.34582280658594,0.7092654989382583,660.050519000093,320.0887984591143,0.9631152295038892,650.3003080805295,326.54193879205434,0.13235648733174155,619.2757946278585,338.100847587136,0.9573691477835703,686.6766422447253,406.4956814921752,0.9638971419068556,570.0017827983571,425.8301727086597,0.9774069503958959,713.8232454866019,508.1408518008958,0.7125644281455406,547.6048111872973,543.5212544644924,0.859562960684129,724.909399011931,587.5867961120766,0.501407470178618,575.8960067133321,592.3468927483261,0.71458011185862,679.071673018739,580.4832335470645,0.4270557731942228,609.069124611091,592.4056920419644,0.45779163938924955,691.5337693806183,617.0424086365305,0.027699385089550516,635.7436694057294,627.063799638068,0.03186754752075092,618.9579581872663,651.0231600706794,0.004740487832671105,663.9325443272097,645.8956399481473,0.00480805787166141
789.0,675.2139108995347,327.99640584893166,0.9536282953575386,671.2187165617255,316.4045606826336,0.7154767512882446,660.0583771352207,320.12950435613584,0.9638163845536131,650.6697014741603,326.56843747285944,0.1341687753132093,619.1482185134408,338.0901147940213,0.95744049779698,686.7445045468745,406.58492554217827,0.9639067087005014,570.1903857993252,426.0091375087022,0.9770621174778168,713.9200825081853,508.2300495668375,0.7112287853136224,547.5432573755656,544.0346754580085,0.8562055945013292,725.1099365622052,587.8218823157621,0.5002745400740508,576.3020210905931,592.6582392304781,0.7104927243153136,679.1956482354198,580.5797117620217,0.42183623770859696,609.3174808538517,592.526372620351,0.45068252331614966,691.7635956115505,616.2837043664448,0.027547052155466326,636.2384691799977,626.1321307782317,0.031468926514649095,619.6808770675552,650.6326158016384,0.004763632594038971,664.3624805392515,644.9707812620455,0.0048080395668922745
790.0,675.2841604814632,328.2569751392208,0.9552895375177243,671.4362371775129,316.6081317029321,0.723659836497205,659.9251145688029,320.37063072971057,0.9653212879754729,651.205939043553,326.7283817264165,0.13526643832195012,618.780838775061,338.3317359367204,0.9581954094649732,686.8360054948254,406.63326440164917,0.9637925846017601,570.3479179443577,426.0746545449731,0.9771110240010329,714.2626464723228,508.12656795363296,0.7092996586767168,547.4577413164426,543.8894823342154,0.8560717035838068,725.437217318518,587.7251261506291,0.5000405300774436,576.477718523903,592.5395112961979,0.7115398490819217,679.4224936056462,580.4413349725276,0.4212599781306389,609.5011636256605,592.4303861264376,0.45087915096723646,692.2756410445957,615.8209440673089,0.02784926369775177,636.2719672971385,625.7920836279466,0.031902405008826455,621.2982014125676,650.3354604997344,0.00485542170762898,663.6329143227756,644.7639177779935,0.0049092907802208005
791.0,675.2197852682388,328.32826201530276,0.9555042796968352,671.3861858559619,316.65908658326873,0.7236970874286103,659.8092943640012,320.4784424489152,0.9655629718055728,651.2581727460606,326.7094213620616,0.13484830193782607,618.6393706732389,338.4291376271302,0.9584361881410418,686.7861119181626,406.4475640334681,0.9639225765626284,570.3267033360978,426.00653549755214,0.9774316702629552,714.3666717785388,507.5580006679422,0.711816130946357,547.5693811896788,543.4733424434444,0.8593295996753522,725.7297404618234,587.2211468018005,0.504332585776181,577.2011709853397,592.6240588262393,0.716894088188688,679.4940099725917,580.4879284008402,0.4267405667049385,609.4933902894006,592.5748628300652,0.45748138875163713,692.3278972592901,616.5914108150166,0.028088958136197946,635.9452083119133,626.8385497307313,0.032316220443081634,621.6802023659677,650.5907269835336,0.004852974143128618,662.8325247498733,645.4434963390943,0.004921337541576562
792.0,675.1727385486614,328.4219692449785,0.9556628323682562,671.3939152994798,316.7359166121116,0.7246506394432092,659.7087930149238,320.5221459011003,0.9660042262906755,651.3504998445727,326.74876369705896,0.13475828597294975,618.4379741226013,338.3900749820714,0.9587025185944781,686.9286557546554,406.7818611596207,0.9628992671475944,570.2295368711204,426.08301387904373,0.977463404359715,714.6762526276799,508.74883150971317,0.7014298137563879,547.7962279870483,544.0712499387321,0.8584667865437527,725.4928753705972,587.4356168603066,0.49323857644547064,577.9209178754238,592.7127236904927,0.7143808597135066,679.9325852303888,580.9938248886316,0.41794537208571814,609.8515762466528,593.0017518119151,0.4528461847440432,692.6239748521397,617.1236689991747,0.027446233065778883,636.6791075244644,627.259599340822,0.03211928331666183,621.9819104586787,650.8912595621671,0.0048024788597755465,663.8862432693802,645.9171168379842,0.004931312830024659
793.0,675.4104931479003,327.9817319703541,0.9550460036468993,671.5802032426471,316.3985724953709,0.7208087146450309,660.0427323897547,320.04794434953135,0.965643133538049,651.30761516364,326.65551409848183,0.13386869625597123,618.8221546427446,338.01524794723935,0.9587958418553277,687.0986558568619,407.32174323941314,0.962511503926605,570.0986719099777,426.00798619223906,0.9776751912808038,714.7319333152179,510.43065590622325,0.6965143206972833,547.8741394805637,544.39566273763,0.859008100729575,724.6281685812521,588.6537775782333,0.48633240942199985,577.9536426227376,592.9567508909588,0.713188595260905,680.118626182683,581.5012193980112,0.4134635662596684,609.926291778064,593.282857090821,0.4510796448571883,692.4086183351995,617.8875693796285,0.02684862285273572,636.7992985111979,627.9248662661109,0.03175673911616333,621.2886379000666,651.5603520036913,0.004695979204768242,664.5217807730023,647.059288517192,0.004858422053160662
794.0,675.2867987143868,328.07428277775927,0.9557967853189618,671.6065193462215,316.49495721850604,0.7240008717135167,659.916382350103,320.053456724481,0.966290916947348,651.5919480178688,326.61752898554477,0.13466174760414965,618.6689331278856,337.7403863101511,0.9591144659817213,687.0820217962777,407.4642661053038,0.9627366942785228,570.2348346745277,425.64527935918437,0.9781057599552696,714.6157032242781,510.25065493712617,0.6988788440751721,547.9493926075133,543.3128654644883,0.8627388731857529,724.5082400357495,588.162452600044,0.49145092661666484,577.7639679651745,592.0918028213414,0.7201370281939995,680.1465430697709,581.3400666525607,0.42055331607756125,609.9813522090382,592.864872591964,0.4600299997087,692.1153316411018,618.7767797198612,0.027507219368085287,635.8127078329745,628.5130557551777,0.032742448279124446,621.9317907792208,652.10068097593,0.004776959339264485,663.4738379631256,647.5643982318131,0.004965692978779951
795.0,675.231435108088,328.23730304155487,0.9558181668672856,671.5552092471137,316.631053956479,0.7249777388621943,659.7898155666807,320.27750427090456,0.9662867417413269,651.6747968368991,326.7024373232401,0.13561980760283496,618.6132886781323,338.0363016965401,0.9590443861784151,687.170590460328,407.47261651734624,0.9626931729045487,570.2335615175347,425.78399730273117,0.9781288827330104,714.4348868469259,510.4736071940778,0.6974503244832256,547.6604608616889,543.4599338200774,0.8621593995249657,724.6278887087466,588.4717548577567,0.48872954418266656,577.2043405751607,591.9476645991259,0.7182954814952044,679.982811335891,581.3836348337773,0.41932447618165025,609.7728353056394,592.9690655135239,0.45914670959900833,691.6478864342506,618.7792792266048,0.02733661539487767,635.4888485228787,628.7400708807687,0.032570532766985065,621.1355246945805,651.6171153547997,0.004759215368975861,662.9780556517317,647.3315509238203,0.004950710916635786
796.0,675.1369870605753,328.38502108681615,0.956063993140383,671.5166388178257,316.68818258850325,0.7273397979702229,659.5566719492882,320.4724190720677,0.9663371193029239,651.9331212837155,326.5628431318166,0.13676439216280206,618.3220842579698,338.2033174375253,0.9586846296297514,687.4114083844306,407.397044187932,0.9629415889311894,570.4008658447982,425.91343495285196,0.978014771799325,714.475081913656,510.3929454432356,0.7003711779488915,547.4648419402032,543.5894454749985,0.8617933735318682,724.6936260645398,588.5864338367512,0.4924766900064474,576.956816982325,592.426546261888,0.7185252920853298,679.8322984230595,581.6791177665718,0.42340980673040174,609.5355449483443,593.2850024264582,0.46169749266222593,691.4111393951905,619.2840354043474,0.027827877345119486,634.840727188474,629.1849356187088,0.032942282265996214,621.1854302080138,652.0290971022258,0.004839990145380859,661.9164228574449,647.4557421122308,0.005012830002921481
797.0,675.0846593670484,328.5334179026833,0.9568547968023154,671.4947763107589,316.7305851214475,0.7324523483008436,659.3216475705377,320.6667700445869,0.9668916990084081,652.1734842708926,326.4833282897032,0.13852415883151062,618.0444437502399,338.47038344284863,0.9587182817422506,687.4473538682797,407.39248945012315,0.9631201297632808,570.60923773319,425.9993395427687,0.9778820611094525,714.3521151535805,510.7194966141155,0.7012186707795759,547.4242092551332,543.6661022377906,0.8605586158515657,724.6985226982122,588.8442006071737,0.49351757865992735,577.2991482732913,592.6014367294256,0.7172436522327663,679.7859737532254,581.9513694371062,0.42380598397070074,609.5591278771868,593.6478160802411,0.4608061576962118,691.4584088937889,620.0704382697427,0.027839919382721567,635.0493160866728,630.2245964184601,0.03280553538541196,621.5795385865769,652.3740615246473,0.004838118802697223,661.441895172978,648.0888352615376,0.004994324869527268
798.0,674.9235698756489,329.2558056161354,0.9566786074124551,671.3142536730957,317.1807921948785,0.7334569283567839,658.9646847968364,321.44004985277525,0.9665731566966467,652.262576014236,326.4977539325926,0.13971115971114514,617.6243306645264,339.1677076369124,0.9579935259927198,687.6124113759876,407.3264124901808,0.9633724149558326,570.5872794467691,426.38108590402715,0.9774789411436382,714.2102731549916,511.1321784895956,0.7044826729544115,547.4939408908731,544.1989901696304,0.8583241350456856,724.6824070980579,589.1007309993529,0.4972981969347413,578.4425363676758,592.9124644509811,0.7150581686749968,679.454730947305,582.1337016350396,0.4260971551985454,609.0807327685251,594.0517375490958,0.4598806374997032,691.3838510582428,620.3493595295093,0.02819230755735381,634.8512020795064,630.894249897486,0.032829792504965184,621.1492114302827,652.4010554583866,0.004899621536325385,661.0692402197755,648.4458946208088,0.005014767678887279
799.0,674.8731881066858,329.4175802149377,0.9568325019641221,671.2830664682015,317.279172074177,0.7343601920688697,658.9255284952051,321.5742939933218,0.9665158075006188,652.2921397045462,326.4850613473357,0.14063043918673837,617.6059268587818,339.2022058551712,0.9578830771858834,687.6257058969413,407.29935715047947,0.9641469818192601,570.5240132726638,426.4419222421244,0.9776041350836316,714.1815677432652,510.9692238221673,0.7108215600636011,547.7692714393031,544.1100601735336,0.859248181514926,724.7116001400557,589.5236007098517,0.5040699603446755,579.1444586358579,593.1425481080148,0.7171426693219968,679.5248468966128,582.1302899492537,0.4333594377768744,609.0616661594662,594.1289133363254,0.46489533276294365,691.7100969720917,620.7795025902506,0.028839162802162102,634.8467078044998,631.5358078680265,0.0333021214998057,621.3680985104126,652.8589552884952,0.004969710690328309,661.2065973637701,649.1844026949503,0.00505612794122955
800.0,674.9249234580983,329.35101922798157,0.9572733136496914,671.3477761523455,317.22556044477864,0.7357807762674348,659.0077779767419,321.458172156869,0.9668465566535078,652.3045366704547,326.4856145007106,0.14081239832243966,617.6253348428614,339.062597560012,0.9582312924671619,687.531791782224,407.17768162757056,0.9646708686784518,570.407810526364,426.4740284491318,0.9778056490664094,714.1058488680726,510.45963776925186,0.715389076456928,548.0370850981942,544.2572168734994,0.8609689516672934,724.7139404007453,589.4845416277456,0.5098076254543885,580.8662425147894,593.2717161914085,0.7205499673837749,679.7470785955304,582.3221896883948,0.43881386843199355,609.1687554079384,594.3981299586387,0.4693113726845526,691.8416223685184,622.1169113640304,0.02904242241593471,634.6172994027789,632.8760678228359,0.03340881134081724,621.7931312748666,654.2783714258219,0.004941581332219562,660.8274159157332,650.3405929464067,0.005013334876673331
801.0,674.977725212944,329.9017115663629,0.9584918587933093,671.7154420065815,317.756375744713,0.7444849465609474,658.9795094046679,321.78569816697274,0.9681120244641785,653.0420093659386,326.81415732915747,0.1435573068611482,617.3052560256318,338.8867243264125,0.9585511758223839,687.7283173698657,407.88122658127793,0.9635839594572873,570.5455187174103,426.2973053534388,0.9773809228117777,714.7115483471431,511.7687172242936,0.7031241660631239,548.4325433679402,544.0821460850036,0.8560408966030713,724.97729385974,589.9937348778725,0.4967681778442814,579.8835640847499,593.1826728367583,0.7124127341678336,679.7494888553338,582.7398292008327,0.4272431302948168,609.2728519912995,594.3506552618832,0.45998491698490623,690.9787011047732,622.8093129840107,0.02858625387267002,634.069586556009,632.9690888432864,0.033153499039989036,621.7625661545144,654.5424161826589,0.004982259835979592,660.9202951692946,650.5236620964517,0.005085757509627318
802.0,674.9319532177557,330.34503078033714,0.9599188382733193,671.9889663318246,318.1724062126833,0.7544668252084601,658.858853705012,322.03275469180045,0.9693840494820315,653.7776883119916,327.0379136704497,0.14748027015772328,617.0635606161753,338.68311307951564,0.9587630576453428,687.8805268866116,408.3592900193316,0.9628967032977771,570.8692689675016,425.871653502205,0.9771436242604705,715.0511544585231,512.6716791842053,0.6941440103214375,548.5646986823899,543.3925033514653,0.8525422095859241,725.1480980773532,590.1522078488574,0.4875083152980986,578.3792899629397,592.7453395193519,0.7067624413073126,679.5244520770399,582.753172947418,0.41883437775259263,609.2376640708527,593.886294609048,0.45349389750566943,690.336620004092,622.6534215024735,0.02842304815549162,633.5974326527434,632.1768680303004,0.033200207078275396,622.0140422091195,654.020698309959,0.0050630631538835435,660.6469675921655,649.8326020659102,0.005196841792311408
803.0,674.8837754586906,330.2795839409241,0.9606772736579705,672.0506298851785,318.1139367423032,0.7590205158096444,658.7746902504038,321.92054164342125,0.9698888334483169,654.0509474449998,327.0195966702945,0.14955995763806815,617.0456105905081,338.5459571133307,0.958869553176817,687.8544512775252,408.30891236582215,0.9631747904253946,571.0773185648405,425.6314726916388,0.9772422039480679,714.8592371636227,512.6250655647917,0.6954728932555337,548.4387487931419,543.1792282931057,0.8528107544952269,725.048127317182,589.8532644811904,0.48956278965533456,578.3938390765314,592.4551708073054,0.7077534521912008,679.3973148953661,582.662118714375,0.4195375847579902,609.200995371388,593.7027883511621,0.45388206024510547,690.4440976369615,622.4677582070442,0.028516865907685065,633.68744624059,631.7765613104608,0.03327839803830857,622.5593306520692,653.8029456441792,0.0050793093498701265,660.1973184017896,649.3208254416695,0.005212294901938072
804.0,674.9326605417644,330.08837648414755,0.9606194165283632,672.1212631932708,317.96663612896396,0.7591590979131604,658.809678523255,321.6992452243369,0.9697881338285254,654.1084742477701,327.02911006725253,0.14983029038609927,617.0704249470764,338.42038424552163,0.9587486249920446,687.8960658829907,408.5282624482436,0.9631545251362866,571.0446367585881,425.7468453371011,0.977083847415003,714.8552662164428,513.2613814195917,0.6942881646072974,548.4406119889085,543.84400754424,0.8510035841706368,724.8820672104349,589.9905517564257,0.4877351415811522,578.7928501601526,592.6688254536189,0.705003680326419,679.4758065143013,582.9822500440158,0.4159337947317497,609.2847654562482,593.9833736625333,0.44949560725214227,690.494456091122,622.3164551392875,0.028232790654379565,634.2060681749978,631.4546978717274,0.03286400815126409,622.485543996004,653.7617452366939,0.005044990184982533,660.7902953972181,649.0165414866817,0.005168453830641362
805.0,674.9660162865515,329.99326822187413,0.9602006196207977,672.0783874691168,317.86414833508235,0.7571148345003313,658.8589797117327,321.6108694672844,0.9694003555383747,653.9255302248408,326.98834949503527,0.1495197724194929,617.1254700164565,338.43593246389366,0.9585271664177187,687.9656398471411,408.6702252152797,0.9632322043888191,570.9109279357639,425.99567206224856,0.9769820236068084,714.8821587269118,513.6492746050807,0.6943627571427236,548.5243757057025,544.4777184724784,0.8498955919659565,724.7523132216197,590.1896609383596,0.4871175259614182,579.6548511404422,593.0822538066371,0.7030907322195896,679.4796149490431,583.2164636335655,0.4143581916301597,609.2241726497385,594.2579096784075,0.4470225198422912,690.324040717833,622.2988513811579,0.028084608870141317,634.3996431266861,631.3941159289917,0.03258640767795658,621.8355370754456,653.9539773865918,0.005019281325017739,661.3796504475976,649.0356796016263,0.005130303862614174
806.0,674.9224841002128,330.17558929717825,0.9598738606451761,671.9216553044553,317.9410272184634,0.7548495712447143,658.780472693547,321.90277062995676,0.9691382597681355,653.7734854933947,326.8766834130866,0.148913089903805,617.1069020890596,338.788618722536,0.958472224117549,688.0393105978526,408.50337603809703,0.9635422948820108,570.8632531034825,426.26748659792395,0.9771813352189391,714.8303319661835,513.3537060459212,0.6978653418138662,548.6119775091854,544.5308265017064,0.851975588262851,724.753206355929,590.2919577025006,0.491002567392206,580.475252877612,593.5625454882584,0.7060925077295158,679.3281760946956,583.2575603104841,0.4199379754790555,608.9716398611191,594.5357404896496,0.45240442537708336,690.2152363411136,623.0001675697084,0.028414331687539898,634.1038765127644,632.6196791765859,0.03294610344394475,621.2809257907988,654.5997755004108,0.005032756851675218,660.9891997897053,650.2953769523081,0.0051396783476938225
807.0,674.9323083404211,330.0461151712976,0.9590727600539968,671.8257535549799,317.8171161223624,0.7501447068804831,658.8251696735082,321.8308615086373,0.9685419735289401,653.5475525009762,326.7925500575177,0.1471877642303098,617.230184106488,338.83650502516764,0.9582381880178337,688.1349143839674,408.51109923978964,0.9633947910997381,570.7041171989554,426.3209542487135,0.9771886285285214,714.799533507188,513.5015580466978,0.6980701585370146,548.6529375709387,544.6374095765312,0.8529958662966539,724.5868211600803,590.3831185557116,0.4908304572015888,581.1973307948258,593.923038200496,0.7069845141650414,679.2134707785118,583.6752797808051,0.4217274105194238,608.650097734603,594.9919127881813,0.45468162619287184,690.2519032323925,623.865040686238,0.02835846104987578,633.9204861062592,633.5748266924147,0.032956713702057466,620.8749252778277,655.5506550158252,0.004994353773300941,660.9030705442935,651.4147897471995,0.005108110279637345
808.0,675.0452749478694,330.286086404549,0.9591372732510272,671.8598381212488,317.9728939539033,0.7493832440026201,658.9039236192123,322.11169273255547,0.9685722852923823,653.5053138171463,326.81116310947516,0.14637264815285328,617.252605234806,339.12032128437863,0.9584039739355966,688.1931170621842,408.5296785043717,0.9638638386702555,570.8140041823902,426.3787372543427,0.9773396108667992,714.797169930855,513.2162843239244,0.7033966527166912,548.6156638907655,544.0699122434246,0.855191589372401,724.6968925254592,590.5125768596511,0.4973684812797264,581.0297327954794,594.032845444077,0.7111750288246065,679.0609223167229,583.6221466628044,0.4274359717335452,608.4666373596912,594.9516872944679,0.4594550805175451,690.312393978449,624.1734996424923,0.028692975043734806,633.4106670504015,633.9749540127807,0.033215031193766446,621.0501997415306,655.8685635234539,0.00500223744858439,660.2696448092406,651.8644997426001,0.005099500053738446
809.0,675.0091794086022,329.63701928167757,0.958944299778532,671.743003455676,317.57191776179127,0.7472952539200003,658.9260391959922,321.5839173782683,0.9683949986543872,653.1912397467623,326.9180470880682,0.14516352426510684,617.407584350562,339.04216153439603,0.9586946936969242,688.1517630011302,408.448871372419,0.9640622056925864,570.8564951582357,426.23321924059127,0.9774846036044416,714.7057400467374,512.1511458096592,0.7055350572022401,548.5315783289042,543.3437859540719,0.856720988480953,724.4197594308254,589.9201333051535,0.4989655598515407,580.3590770058194,593.6119138094914,0.7129762957064081,678.8510509475807,583.2024634202409,0.4303298487678704,608.2193755283176,594.4074355644398,0.4624331170902821,690.2737320703504,623.4894931275969,0.02880073356387472,633.1697770543132,632.9122511575177,0.03332877156831925,620.9904346088408,655.6414449314213,0.0049999572070427226,659.5091996515305,650.8327929091826,0.00509584100444847
810.0,674.7800228690702,329.9672688238359,0.9571506662471138,671.174483193436,317.7205347058546,0.7376372543975177,658.6799191204169,322.18748073470294,0.9670715824378527,652.4169064074183,326.80906752921123,0.14234864680310944,617.4012602252827,339.9292131066592,0.957997133378434,688.3028537941999,407.99890055861306,0.9634101418753702,570.6976480115145,426.61705644430737,0.9774826133650155,714.798704688343,511.93491652621276,0.703285221733579,548.0491777726734,543.4824610011889,0.8585030432829995,724.4377738876872,589.6611138740452,0.49623465375299436,580.2894651268259,593.0029470460166,0.7148549887228328,678.7061912779479,582.8340831227221,0.42990871782537493,607.8494700005843,594.4476588612529,0.46429055918573153,690.8737241560391,622.6743319794645,0.028582740965497504,633.53490228735,632.8466941588505,0.03340377383409481,620.144731655683,655.0314458474967,0.00495713488074347,659.4249678829208,650.9363039597097,0.005087775419671313
811.0,674.6060411743815,329.37535348495334,0.9547277567760607,670.7580344200934,317.23261649702187,0.7248738007258744,658.6756309471284,321.7392926886204,0.9650770380607985,651.5944995621066,326.59182117997966,0.13859755544313462,617.7103616519221,339.84126248572915,0.9570065724995053,688.0876394494271,407.8266570632651,0.9628540161531506,570.4599665755771,426.6939217678232,0.9772465902817784,714.6779009518061,511.2274947767451,0.7025859510697517,547.5887166858802,543.0632853871095,0.8588271519905271,724.5734114352766,589.2790737289256,0.49433921542005643,578.9950887445804,592.2702968589399,0.7146237838376445,678.4534915948386,582.5882712882382,0.4301110139705216,607.6440906014162,594.3291021566077,0.4650105668628034,690.9265202988295,621.7057393437485,0.02852444565260613,633.8538088802723,632.1427613710861,0.03340982211701641,619.106142447945,654.4482603131943,0.004940456694365402,659.8530919477865,650.579349638157,0.005078224139399198
812.0,674.5597865649875,328.9469707187762,0.9548627919145838,670.7035970403581,316.912211635504,0.7255064068465252,658.6670871928105,321.3324706452388,0.9650968949887694,651.4982976681811,326.5087136698762,0.1391991308931162,617.8106367175727,339.61301466874966,0.9570978932559382,688.1138135247489,407.8782403678198,0.9630992575251343,570.4877120395505,426.52463177014187,0.9774322393222966,714.4660059853632,510.9063314113289,0.7037863427480819,547.421378358587,542.3915556188266,0.8596941115868857,723.9267009676256,589.2344920896966,0.4948904445357061,578.0180976669853,591.8900604874754,0.7153386802343112,678.3718973075536,582.4185134939662,0.43343438553849895,607.5301052590627,594.0054799493224,0.4686264390294337,690.5972302021999,621.9419679467294,0.028785914836270576,633.3126593390482,632.1838755159015,0.03371825069857225,618.7258704301371,654.8178210589564,0.004967155087002078,659.125891532467,650.7523455608693,0.0051072079138384675
813.0,674.5701921470861,328.72237474477606,0.9546367103203781,670.6780023970827,316.7989496149249,0.7236385576431262,658.6983538966459,321.14366454358645,0.9650056315688911,651.3778696919065,326.69237259078506,0.1380567594565514,617.9311180557952,339.67360681061,0.9573088331038118,688.0840528065335,407.9715129237254,0.962943408888673,570.3575752046698,426.4556206355985,0.9774904216172267,714.3503182959747,510.7900671988463,0.7029804659684136,547.4385521720442,542.1517779163349,0.8605172490267748,723.6056989695095,588.8809970821256,0.4936520845289436,578.3622541897092,591.8285033787107,0.7160708291232792,678.3336142306956,582.3804076598494,0.434442993387474,607.309063455637,593.9484155122364,0.4705038725694325,691.3092687730347,621.9251703833834,0.028800813402875696,633.6481781090947,632.1480980231833,0.033867139440889656,619.3671970771346,654.9352757286227,0.004965898949451612,659.0765646044288,650.9325388524841,0.005119970436614859
814.0,674.639412549116,328.53387408175064,0.9545451143277183,670.7012359168596,316.69507219767246,0.7218143774474103,658.8139500121351,320.95340012841024,0.9651330613035062,651.2204539332932,326.77066275413375,0.136826474669754,618.045572698696,339.5946750386247,0.9577917764285747,688.1704499222161,408.1923878721457,0.9627068057656224,570.1824221066307,426.389055238243,0.9777561325264489,714.497410057362,510.8461422745472,0.7003209193812611,547.2297344889529,541.7641586626006,0.8621509709398721,723.6003005768295,588.5434125587925,0.4904825295399832,577.3646446698615,591.5349433129478,0.7174657118645638,678.2031441990945,582.4193873066498,0.4343936870157227,606.9828918168262,593.8192075835175,0.47289532495811176,691.2145583741859,622.3560155813997,0.028635848573991006,633.0612546686314,632.3305669036707,0.0339747652226593,619.1174402687423,655.1979691468373,0.004929562568281369,658.609970140653,651.0908828004832,0.005114434433512255
815.0,674.6091662676332,328.6369341478885,0.9537984316653262,670.6463708211118,316.7499017407864,0.7186738089436755,658.7638666387235,321.072195310624,0.9647412475158854,651.1725212923654,326.7548406637991,0.13606455427060485,618.0772391502894,339.71660342295775,0.9575406153486432,688.2296576698621,408.2767600100665,0.9616460101169021,570.2211088153477,426.4590914151784,0.9776311803591918,714.6473939714938,511.8176765018717,0.6910864125157589,547.4288375501636,542.3701597874182,0.8606725787921771,723.8110777806415,588.7450816050723,0.47953713833189504,576.8837021836245,591.9526117750163,0.713039485968984,678.1787862124507,582.5788975742306,0.42461230330679633,607.0351610647707,594.0079028384563,0.46622929504750593,690.9719959675577,621.735655444776,0.02780239443055085,633.4754981365455,631.9418596755779,0.033400668213164224,618.2373787282205,654.0207337724397,0.00485164428468873,659.2065735631171,650.5755861771216,0.005079281315957572
816.0,674.560151945102,328.7285914495395,0.9537987226454824,670.6252422024227,316.8050800464585,0.7187990365033038,658.6886540547181,321.1623309378176,0.9647624682802468,651.2515689591658,326.73058715556965,0.13626795090944366,618.0419693449732,339.75902242775584,0.9575360574627259,688.1913117009109,408.20886464128813,0.9615825015430401,570.2555126325582,426.4980608792395,0.9776728126370556,714.6121926013597,512.0318392983886,0.6903522424232093,547.7591005347301,542.7370452734172,0.8607770670178191,724.0475640140985,588.7070643994484,0.47861115750869315,577.3878388181174,592.4267375783039,0.7126873267723334,678.2044817300895,582.6466577975773,0.42318846002699895,607.104465785928,594.1698490976418,0.46521557891778714,690.8540145444417,621.7378362357261,0.02757432800784292,633.5507279378368,632.2129629016827,0.033192090633329785,618.0390164343426,653.5837463298741,0.004815284978467499,659.2966680368135,650.6204060452843,0.005047652071950376
817.0,674.4800658788353,328.692861193594,0.9539117222693853,670.5524265385862,316.8044289694979,0.7188851194561089,658.6580413151829,321.1267100824508,0.9648329688454219,651.1719436323222,326.72432034206105,0.13645914519932095,618.051709357936,339.6671974870483,0.9576871969351075,688.1589162604452,408.14113804596195,0.9618748324359524,570.211667906686,426.3842213678333,0.9778854308899716,714.6800140306309,511.60516777966774,0.6926759274430473,547.8499884338449,542.3316951345572,0.8623598595551475,724.2543552474857,588.3755932944359,0.48129785686786786,577.1299768872315,592.2214604757855,0.7151144149053248,678.1454474101712,582.398841525085,0.42610204338244945,607.0152878792505,593.8787500341417,0.46832995043418263,690.7427288150442,621.6407650125798,0.027718473470050794,633.115414273398,632.0747557175977,0.03338181082721522,617.9462567228626,653.2908956950364,0.004818711539592054,658.9675555473442,650.3436189067327,0.005052959363870858
818.0,674.4455459116629,328.7213322526801,0.953801620894845,670.4296571990487,316.79907663035266,0.7172894033299722,658.6627876382768,321.19374313339216,0.9647767026585754,650.9141389135332,326.6456757098431,0.13562013452739255,618.1027985892866,339.7310702854002,0.9578617234651049,687.9827216531595,407.94030831779617,0.9620569068761281,570.2289423544801,426.35526619102353,0.9780161071585737,714.734740241293,511.12414296337744,0.6945751637025906,547.84448053772,542.0758263470568,0.863603269358519,724.8153968922433,587.8477458102162,0.4835048795987363,576.5379705879172,592.1531012500675,0.7170912127442737,677.9847140075891,582.0548683503505,0.4280578386418675,606.9770317105493,593.640306746437,0.47029028290877506,691.0278543287002,621.2705697828145,0.02779975787036547,633.3024264880272,631.9009862381359,0.033491085088479075,618.0714703193814,652.8141698547412,0.004814549076721862,659.0658559427397,650.1451652241218,0.005048843762679746
819.0,674.5312267085121,328.87411035989237,0.9544005605171766,670.4216088471914,316.82647076361764,0.7184470145410312,658.6687384822945,321.37682157241693,0.9652870757147092,650.8004880396165,326.508684282487,0.13475939182971847,617.9913670026901,339.9221130660584,0.9584280571751298,687.7605695275262,407.7941916561967,0.9626477106817718,570.2990494077218,426.4053293444565,0.9781763500976927,714.7189754597325,511.0606684751439,0.6994184153922216,547.9324209686569,542.0737904714978,0.8650248846275606,725.4540847735234,587.5602128274617,0.48936713692454925,576.5694291332945,592.5738953948699,0.7201985397498128,677.8378935098367,582.0645641501186,0.4319660057510837,606.9750511238647,593.8219607108582,0.47288679227331576,691.3607847482348,621.6447706485509,0.027966456113639,633.4833902951541,632.6456250151723,0.03353376440386169,618.6752689388854,652.9733272460427,0.004798722987511117,658.9293745368606,650.8353170478537,0.005011531434664828
820.0,674.4624376403572,329.1449103131807,0.9547016936993344,670.3633345001244,316.97546781806676,0.720559699338226,658.4584948513784,321.65477620713875,0.9656357369558536,650.8619061581776,326.4306557671116,0.1353695338655995,617.6420543148396,340.1103378813917,0.9584154251206812,687.9635300430255,408.0854631848976,0.9620996679586867,570.4222398767284,426.288162466321,0.9781124023813195,715.1324999502518,512.4508390527516,0.693542833754134,548.0512546073273,541.851505837815,0.8639557732817709,725.3500732814429,588.4601013593016,0.4829805860211025,575.7679917466614,592.3949751229765,0.7179629196749495,677.8432439483695,582.2698516756301,0.4247000723571526,607.0044015365521,593.8290697569983,0.4676807794227329,691.0122067207549,620.775811767879,0.02752733398109471,633.3539135877696,631.7212997838893,0.03327010806487293,618.2681750465676,651.6688065098905,0.004787883782869242,658.90448645178,649.9456891980614,0.005028061226472157
821.0,674.3259220037235,329.3991666804991,0.9557002658312514,670.237451931972,317.0226874847744,0.7259537842790772,658.2104117869947,321.9337439790615,0.9663286454648581,650.9720067902726,326.161397358808,0.13726299979425152,617.4029499297235,340.3114133913836,0.9586003835357043,687.9371012744117,407.7810323177706,0.9625407274832997,570.6798239346148,426.5429653391545,0.9782274064764881,715.095305028451,511.74159750123005,0.695912553135785,547.975309843254,541.7542063707449,0.8641190237586965,725.6846213598302,588.3688283123241,0.48655622129054515,575.6084348670179,592.1658845396976,0.7194696437379183,677.8982414872714,581.9368393171353,0.42718046452646674,607.264080255963,593.7758192611828,0.469279134849494,691.5273516566039,620.4806220866881,0.02789585113970766,633.905465043987,631.8827038479842,0.033619942929508546,618.8217223705109,651.4109157301358,0.004849442674350259,659.067511747396,649.9556282160567,0.00508296863032275
822.0,674.3687280929314,329.3897855048401,0.9557972848949385,670.3128907300959,317.0610065595638,0.7263325052223321,658.3019698163498,321.89326343474653,0.9664177089552334,651.0142546969853,326.2456675922399,0.1373595741810424,617.4831346524951,340.2174939847486,0.9587789591261607,687.8581385339604,407.6940971985461,0.9626263936952068,570.5651914688847,426.60819225113585,0.9782553592394011,715.1417347556998,511.452974493896,0.6957522741688682,548.2244025789245,542.0630053838554,0.8636269276595678,725.8741943609783,588.0334591901697,0.48613746816404724,575.9249876036192,592.2130732770948,0.7185117556730011,678.0707636009327,581.7188547288317,0.42554019541024546,607.4571080297127,593.6575784113162,0.4673131857410392,691.5374329558654,619.8631401098421,0.02776218580602914,634.1601729557074,631.4368408066692,0.03341540590228763,618.7159831876406,650.596534693903,0.004837445161920238,659.7401505004542,649.3267920744397,0.005064920099510851
823.0,674.398711649174,329.4105234399197,0.9558727389170065,670.381297199878,317.06676720226307,0.7262647642571726,658.4322545467106,321.8329926073447,0.9662352043919878,651.0032767216788,326.17249545395555,0.13721167236818554,617.5188061602686,339.95269733562685,0.9587184672341617,687.5037308617553,407.40338439226747,0.963749807507765,570.3635066710859,426.77723882225655,0.9781226259461322,714.6379281743044,510.12569088849716,0.7063345640638361,548.0817927790428,542.3084976445132,0.8632178626204834,725.8389543023412,587.7091967925243,0.49790913599703385,575.9602568068349,592.9357405949743,0.7198638452674825,677.8919982758231,581.4125683806727,0.43441389613106385,607.4026966846769,593.5605341784643,0.47081708063738825,691.7756406068997,620.3575076944397,0.028528034233782112,634.2358418212585,631.9904317951829,0.03362853636158045,619.0381289408041,651.4786784686539,0.00490164093710834,660.1816727759915,649.8207324957264,0.00505442865897008
824.0,674.466013329093,329.3494376380799,0.9555677353994619,670.3806034634852,317.0190011391648,0.7246950700457541,658.4779763999047,321.79895327500515,0.96603809075825,650.8612457575283,326.1911893372866,0.13654580567874894,617.5203323803327,340.0263628907225,0.9587004393377677,687.5212870174023,407.51100603133557,0.9635286905948365,570.3279966175936,426.75217181393043,0.9779680152287259,714.7192340795393,510.50744940054,0.7041206662380731,548.2658179195033,542.2583636278608,0.8619549756412307,725.8598403926735,588.030479990753,0.4943454676461852,575.9991060448311,592.9829609187768,0.7171250109880235,677.7924702280042,581.4542850624257,0.4310360751349342,607.2928643389704,593.5442267483245,0.4674676288348144,691.5874992971752,620.1364370306042,0.02819560870410334,634.280888437697,631.7356917917505,0.03324039824966952,618.5349295607488,651.141356085024,0.004863075113553124,660.3483545066324,649.5463458776503,0.00501371280758633
825.0,674.5210876578222,329.0322707815329,0.9558112219860216,670.4667568284843,316.7810374550376,0.7268251888225986,658.5575005953754,321.41188953046714,0.9662678154600576,650.8778636563061,326.1323569026346,0.13720902872130797,617.5198099770207,339.6611936185463,0.9587270232710128,687.673949965933,407.8541941572996,0.9632831105945714,570.0980433087285,426.4156445200907,0.9777074297384643,714.8235941886189,511.7245222412052,0.7005356724776061,547.8709826480642,542.2834717068605,0.8593620297311313,725.2655459381248,588.6562301111503,0.48928509657407826,575.2516858572955,592.7931850556723,0.7124776932553046,677.4860372732887,581.8255985494628,0.42645190129045996,606.7373936937391,593.5332331170757,0.4626585696710638,691.0792862738108,620.8192011255059,0.027872509025975118,633.3988583404763,631.7805231144695,0.032814963745922535,618.2230735288557,652.210294245612,0.004830779707182936,659.6593081327619,650.0742543797945,0.004975936359008509
826.0,674.5050774410743,329.13164356367525,0.9562027567531082,670.4831486964448,316.8395146308516,0.7282572370293775,658.5280285179483,321.4817689845058,0.9665870973205792,650.9303497348321,326.07638889335664,0.13745191535907939,617.4302353502429,339.6090030385596,0.9589565570500723,687.6795902596432,407.76905850407735,0.9634876591671755,570.144980630017,426.30494093066426,0.9779179913458441,714.8403566780427,511.72799667589663,0.7017224215928868,547.8804902735143,542.1710198703639,0.8606251270863321,725.3259112704075,588.651946444181,0.4909879255128124,574.647777898186,592.6576146969616,0.7145815739448841,677.5323303210232,581.7369607376211,0.42768017525827035,606.7973034612912,593.3986539791074,0.4643757709013565,690.9836013224608,620.6165404739902,0.02795658207579827,633.07599858639,631.5088344693003,0.03296099113656489,618.2422141689575,651.780951938859,0.004839716740792643,659.3635969007361,649.5965364015876,0.0049902870361944966
827.0,674.4780873175382,328.9929642376078,0.9565963651417455,670.5172804484416,316.73081494356455,0.7296285237130229,658.5797435671175,321.27484692749715,0.9669343521684742,650.9776383478811,325.94806463168834,0.13759605527867982,617.4752415897656,339.24292371523654,0.9592423191161047,687.6243228916317,407.584973725401,0.9635964012531519,570.2254063935723,426.11495653962834,0.9781338436265609,714.712281145081,510.76323556814157,0.7022567653643589,547.7339855789799,541.6138523451743,0.86203311780692,725.1555589623161,587.8346492607263,0.49286614802964257,573.8762113680632,591.9342620916987,0.717471933757916,677.5652920672662,581.2076293636285,0.4304029675831133,606.9458918259314,592.7820158622525,0.46795050401686533,691.0105317331937,620.5094737535265,0.02833934986016427,632.9513488234054,631.0428500385498,0.03350670736815354,618.4900147812417,651.9613936361607,0.0048988974147716165,659.4133253452684,649.134577193287,0.005063112706700419
828.0,674.4200100049192,329.0656332965728,0.9566005703398845,670.5031467241339,316.79429247216564,0.730572207908746,658.5278374138957,321.32706814208336,0.9669867908963915,651.0578265306648,325.93904092289307,0.13820678398314096,617.4341168103348,339.20114390786006,0.9591104121460085,687.7280128968345,407.53137906358575,0.9631755074330572,570.2545279818121,426.12247661861704,0.9779994529235421,714.7879934133188,510.49324170604126,0.698389561885397,547.7400870452175,541.5572695547789,0.8607253445192762,725.1050293590433,587.2512644559711,0.48913332525889913,573.7285680130525,591.4101517768152,0.7154576224737883,677.6453331877336,581.0237463394878,0.4268688565172984,607.0308449468038,592.584026628275,0.4652537855583745,690.9696827720273,620.2131641901829,0.028194009297026125,633.0561134668627,630.6278982216396,0.03344501594975779,618.3403655654826,651.640547961131,0.004908811237913975,659.7679543511238,648.5924072416999,0.005087097474369204
829.0,674.4227280983816,329.05246267986985,0.9565678739409375,670.5220617185776,316.8205441420407,0.7313738119549503,658.5507967236816,321.2930637994621,0.9669061154277877,651.0718732981555,326.0450853387124,0.13878330618105406,617.4772890555327,339.1850693830132,0.9589250832801541,687.7591468552545,407.57936960570913,0.9630763635400907,570.1652832802152,426.0877136950443,0.9777559523642629,714.7861288393312,510.3193489052706,0.697390258874677,547.4351156678587,541.3682670991,0.8588605808180139,725.1445405178869,586.8886013015175,0.48806043534189064,573.8878984384236,590.4555259803025,0.7132756989635386,677.7268698079891,580.8747266531578,0.424352675542169,607.069777692584,592.3993287364569,0.46180614673696135,691.0928637050076,619.6931710646558,0.028111687460315695,633.3488783867112,629.9499907247972,0.03323657402184173,618.4134158718806,651.4811864466144,0.00491441366449976,660.1909404789193,648.073283542001,0.005081664526131207
830.0,674.5175658365612,328.81329518934837,0.9562753750801558,670.5671412414491,316.67402454649374,0.729839893597432,658.689778573623,321.048344674881,0.9665765700793546,650.9386113796858,326.1511596919066,0.1381824437092559,617.6282573829886,339.11381405195993,0.9588143280002736,687.7935886480803,407.7228282398702,0.9632833114996464,570.0547319541334,426.0534961749417,0.9775742079248078,714.770789502441,510.10457486164603,0.6997072652932499,547.1552347178631,541.0003763311848,0.8580600331109512,725.0265367614353,586.7670798027915,0.4903315901873795,574.1350518753729,589.4292093857749,0.713076030474241,677.8994058606182,580.8075932601905,0.42535178704027027,607.1458881474961,592.2502709919133,0.46107885387156994,691.4456321731127,619.6050195202679,0.028180100354271424,633.7119110456634,629.5969800543443,0.03310289359176427,618.7205119226583,652.0049205828395,0.004905284572695419,660.6232266260442,648.029006712872,0.0050488264216759495
831.0,674.5460912372582,328.5558248431505,0.9563890692888964,670.6084832737187,316.4907528299661,0.7304325051962365,658.696367194124,320.7889285322185,0.9665799973378905,650.9634843842192,326.17327179853106,0.13839227350143302,617.6233530594724,339.0022568363549,0.9588421135306923,687.9441472611039,407.9393122641355,0.9635153445932978,570.0086841193107,425.9675146935239,0.9775841284184824,714.9376347884188,510.68071803633774,0.7009081301578874,547.1696893927445,540.94896804818,0.8578241825860141,724.7314319425016,587.3278174847904,0.4909322185384858,574.0868486074186,589.0953616317727,0.7128305554102835,678.1623500209566,581.0564889746686,0.4258639628395294,607.2620163917882,592.3684596018636,0.46095630494292905,691.7055981271236,619.6622281326173,0.028208347844509506,633.9085031919266,629.5002915726467,0.0330542522343811,619.0844051350788,652.2769976582232,0.004901716427458927,660.8258605212721,648.1750451052108,0.005036540276635509
832.0,674.5544233627311,328.48742246728636,0.9572122869237505,670.7177070895077,316.45080886408624,0.7348515262895796,658.6381712573454,320.6722672574779,0.9671916325701716,651.2105806260721,326.2197444039491,0.1396868419645639,617.478566484127,338.880186686179,0.9591239009724601,688.0288234174363,408.1425644705395,0.9637639326071284,569.9728368607878,425.79367281433633,0.9776516759061213,715.1242025886273,511.667180034082,0.7009918658708287,547.3417811930133,541.1628876489668,0.8573051128837109,724.4911923370032,588.0287022600104,0.4908378617469042,574.5638011881978,589.005930111646,0.7123280854215329,678.382868208426,581.3284478013787,0.42421575500579717,607.3742463257837,592.5175012225334,0.45897775306959226,692.0465835367686,619.2433779226517,0.02818257182360775,634.2179014358314,628.9976800117264,0.032993743183966744,619.8418065775894,651.9065226877489,0.004917514508369798,661.0823373346068,647.9097805327231,0.005049530468796827
833.0,674.7266804896602,328.4191545285333,0.9579532383634163,670.9751575814072,316.4126290797554,0.7388677657704483,658.8231472783441,320.4774188944749,0.967704152957676,651.44488697836,326.28584750452114,0.14074334331462426,617.5189847230788,338.59914314953056,0.9593804025136677,687.9438929795593,408.2708799011168,0.9641911666213272,569.9409642227231,425.79900573544245,0.9774290797115545,715.0286370925899,511.87479888697214,0.70338193279265,547.6350368837682,541.8303528590202,0.8551374963020638,724.4312732060868,588.0603334354565,0.4938794907508326,576.5250821713755,589.3603667458644,0.7105066780521576,678.5011387989075,581.6829027590759,0.42157457756408956,607.5276747923672,592.8359416265613,0.4534137581277551,692.416635187085,619.4038845704533,0.02792328179927885,634.9143892286676,628.7889134573211,0.032362959076197136,620.6143082649212,652.4661039006094,0.004866668463390572,662.0252402341252,647.7342315735576,0.004961254153253757
834.0,674.7456912183653,327.72824723379466,0.959494354038238,671.3529931492211,315.88778182531934,0.7499498781645536,658.9599749864384,319.5191000258393,0.9684771594097626,652.1432681935765,325.9565276752792,0.1465333916454558,617.6503045555681,337.3209153838927,0.959198795988749,687.8925350966128,408.20461740136176,0.9651529125004606,570.0260699200951,425.6711357345958,0.9770997602887985,714.7660556107967,511.82086271929086,0.7067116968062758,547.4709214032823,543.5467914863065,0.8492889236136405,724.4436040960561,588.52429423018,0.49567401448424864,576.5425813353471,591.8359756355873,0.7015113027611388,678.5398464670582,582.6930962862003,0.4168357353498849,607.8281553187974,593.6806579868795,0.44316729590437365,691.2694659275049,620.3847997757352,0.027542238467995327,634.8779307885438,628.9095958152501,0.031225807797129045,620.1160638624165,653.999703854152,0.004808877866701761,662.7215613903899,647.704534887311,0.0048311680685273325
835.0,674.9149795039937,327.46728504768066,0.9584534267741021,671.657228862467,315.778878701467,0.7465793645098707,659.1599591615573,319.24065795126705,0.9676724588240736,652.4844824376104,325.97355804167364,0.14498745178184086,617.7079169555384,336.9764020539993,0.9582883284738973,688.121892709765,407.7714760307109,0.9636974220679306,570.1146942956227,425.55003798129934,0.976198697286517,715.594059164654,510.9365710248243,0.6966522873812819,547.7193609108904,543.9145995160652,0.8428439566713009,725.1266384834971,588.0339649566528,0.4838462098510924,574.7672966592276,592.272328738618,0.6908432413276266,679.0901283692477,582.2739306087035,0.40253870022417093,608.4338061542504,593.2949614168042,0.42921128365997213,690.9202766809083,616.8604620803098,0.026908929941235414,635.0870169530609,625.3315671639085,0.03049973535516008,619.5436634358146,650.4948220465634,0.004856270952114754,663.458100920796,643.9386073379127,0.004878587404099159
836.0,674.9701558619037,327.513844636779,0.9587143023321216,671.8443305987262,315.86713257296276,0.7475161683721093,659.2733858045824,319.1338601961597,0.9680059692033717,652.7628368411848,326.09351466446003,0.1454855488335143,617.8122347956695,336.6440458470792,0.9585917292319196,688.1635646585736,408.2459137908919,0.9635842077831883,570.0173157607765,425.5221400858778,0.9765536896541046,715.6233247315862,512.0112361757402,0.6935859816576856,548.0209869617051,544.5345693991065,0.8444027426276918,725.1740063621207,588.1644772498287,0.48108409635378807,576.0570136045544,592.8424469846092,0.6923537758109711,679.2579756520205,582.734525739424,0.4012574217241787,608.538433636154,593.5729140537615,0.43029148103583004,691.0322344739786,617.6011513672571,0.026808528631449943,635.2586490028599,625.7413595911395,0.03069243399124656,619.8443254353924,650.9625385392962,0.0048453134501351015,664.0844707944437,644.3923886905491,0.00490433653735148
837.0,674.9716754077026,327.57726034812083,0.9587926740578722,672.0077968892164,315.9792658435548,0.748321932857752,659.321550801724,319.136503284913,0.9678942964012035,653.1949219914509,326.1906366644324,0.14598814090885034,617.9327209634714,336.47447374528787,0.9582752769122674,688.1803257092041,408.1509836206173,0.9640787508704743,570.2184115308693,425.6932501522051,0.9765250853556109,715.5260461723497,511.08740758620564,0.7003054960648415,548.0176071234737,544.9673176239029,0.8456062229004391,725.6681810746676,587.5105199941829,0.48981899816810903,576.6567553079683,593.7619103334852,0.6957433391356291,679.6327232741404,583.2855683023246,0.40880646999701975,608.9437655709904,594.2505393863967,0.435561772381763,691.6892308212223,618.8068971446502,0.02740309282790534,635.4916920722039,626.88702344858,0.031103301677475364,621.1729610257602,652.5175035693874,0.004897378614827307,663.9472880415907,645.55596476968,0.004929257641015934
838.0,675.0560859543277,327.5322670507619,0.9601635808308631,672.201671499921,315.8788451571614,0.755287227509859,659.2764479916858,319.13011099405554,0.9688416964191984,653.7739027075687,325.9856243608687,0.1487448570102381,617.9420591094879,336.46897915718,0.958700863709201,688.2715385334907,407.9579027425415,0.9649342698762473,570.7227409848244,425.5029417062335,0.9769997378203401,715.3938595647495,510.5978534040164,0.7070802489343139,547.9429322003464,544.141347345371,0.8489443862424009,725.8264282005198,587.2274441030787,0.4992573130497094,576.5961207746336,593.0453771304159,0.7024909866376108,679.5814881845914,582.9153460867229,0.41614320719447057,609.0645312974001,593.9212225949984,0.44228279172687707,691.5332091270703,618.6258829656559,0.027976718927214816,635.0024981412732,627.0366041114302,0.03166075794680648,621.9548016026838,651.933306405903,0.004951593767941991,662.5834418575743,645.4240523108843,0.004972633063966412
839.0,675.1262411576757,327.86144936235326,0.9609128670636082,672.2616554093169,316.051730317992,0.758862910049968,659.2349869720358,319.51231444568975,0.9692594842682476,653.974700714212,325.9196386599505,0.14994122782124325,617.8093273544299,336.8404767410313,0.9588832696897912,688.387363484907,407.51133891860644,0.9659356150901504,570.7683197362,425.6911729996193,0.9771586847711818,715.2651301447174,509.84146667960795,0.7161575212176841,547.9624926094419,544.3067451859541,0.8503235922161443,725.6860176162841,586.8844771501005,0.5105863850134368,577.4884140035492,593.063806373503,0.706656430622314,679.6094382003686,582.5529820191734,0.4235486136967084,608.9098837424522,593.8680771271755,0.4463659164627972,692.1215437427351,617.7603246618213,0.02864246876705824,634.732097992565,626.633270303954,0.03199235236181761,622.678185021715,651.2306796227426,0.005027499336462027,661.8847898593086,644.9007626825967,0.005000442432525228
840.0,675.2837342825017,328.0433824590833,0.9615672794348566,672.4661546322702,316.1530595991448,0.7620139376624994,659.298920870475,319.7472659613093,0.9696445070724325,654.4611478680073,325.84768723026065,0.15170106718447282,617.942363924381,337.0581628999971,0.9591229782997577,688.6822175511883,407.23840178114324,0.9669248503769341,571.0357240956432,425.66620061736563,0.9776081437159255,715.1080474515013,509.3655589276648,0.7249208857054473,548.0937996715313,544.158119220346,0.8539513104266171,726.0801925710689,587.1160430126043,0.5207820030470993,578.6430962470982,593.9887671563612,0.7123160722158974,679.5088374458251,582.7241161526009,0.43381833963593824,608.6418056052156,594.1706100719271,0.45498472516890226,691.8011320102494,619.0447027967974,0.029113150515630307,633.8073138640763,628.2552167754276,0.032307144346673713,622.5807645409354,652.0079531384836,0.005018871490575963,660.450308745779,646.0170275591357,0.00496761474653459
841.0,675.3852191331484,328.39038407274575,0.9615498993665987,672.4644340540609,316.3003948937395,0.7603224817603126,659.3178096585817,320.2151703949464,0.9694923998330321,654.6041902216411,325.493820444849,0.15196868782638143,618.0579017466116,337.36915619105883,0.9592245062423882,688.9506671611074,406.94583026684387,0.9680257836036235,571.3505836566363,425.5481104014236,0.9784366035150183,715.0075212454516,509.38156249534654,0.7351288194295105,548.4201266639465,543.493041364363,0.8607186384052306,726.9257540013756,587.5665469036174,0.5328554543387787,579.049315785753,594.4232786872002,0.7223118129395243,679.3598805863272,582.571478452884,0.4478997539783732,608.4616321364597,594.1559431450231,0.4690709383196234,691.1931208736562,620.0254863471291,0.02980442116190288,632.6691331200009,629.8930418671375,0.03307116398278467,621.6933226280779,651.5125496566166,0.005018998627850621,659.3610821363658,646.7096172034105,0.004964568158847656
842.0,675.5068930739999,328.5392144456091,0.9609429952134164,672.5365760174002,316.3829915366651,0.7563451047743882,659.49653795132,320.3742300235935,0.9689505926143177,654.62986189061,325.2833796978594,0.15071077975691705,618.2175838193134,337.2746708125765,0.958956033341374,689.0584119643088,406.8867522680284,0.9683302066136664,571.4449759692333,425.430408872961,0.9785869438737751,715.0460899687018,509.51620174175304,0.7392443717439805,548.7655688369962,543.1914523763032,0.86280501324387,727.1635031948857,588.0627414243934,0.5377815096613235,579.1670498049854,594.6727871694919,0.72569194656213,679.3543531398741,582.5937472206264,0.4533443474745084,608.5065030644764,594.1663718152122,0.47394726154753464,690.9871683143582,620.6258084746278,0.030139851104805333,632.4155496575876,630.6243572925065,0.0333761657114318,621.2967768156669,651.6514321481224,0.00502880362816868,659.8309393179738,647.2621832818865,0.004965249850489598
843.0,675.4634544258417,328.4684024290835,0.9617738257218724,672.7416823564745,316.36029574039327,0.7621219561784475,659.5256695379085,320.1677327892813,0.9694820441350969,655.21490171884,325.1817068765963,0.15397130808874226,618.3149995886919,336.7066063617598,0.958926155065301,689.0575936423177,406.8452055399697,0.9687726463868126,571.6555973845677,425.16592574308584,0.9786022291506546,714.9896716256003,509.310065043862,0.7418829022815115,549.0451365571251,543.1786580221251,0.8621422945181008,727.2689866558272,588.1637590524341,0.5416159175767885,579.7663396891236,594.7673016583088,0.7257442448157819,679.5029545688665,582.5449279247307,0.4562597785166454,608.8336303075479,594.0372484613927,0.4750745824063662,691.1981489570188,621.1021911254151,0.03067640807741443,632.8243052725896,630.9209582911574,0.0337627463943315,622.2524872883441,652.4270341640192,0.005113057357447551,660.5455176301996,647.8585881816674,0.005028897065910454
844.0,675.4027126429389,328.68119402709954,0.9631878904584648,672.9527774069862,316.4982158459669,0.7717424509354895,659.4546290619115,320.2351292156475,0.9704340509961119,655.9485756345088,325.0975696856344,0.1592053101646559,618.3284464148678,336.39788578432973,0.9589739980488238,689.1519199411846,406.7657547614484,0.9693711264611463,571.9539429608069,425.1329338450098,0.9786281155888781,714.9850698201298,509.14021503002647,0.7443197466502204,549.2630695571622,543.4885247333175,0.8604951160175084,727.6982272512536,587.997596886773,0.5454553545228662,580.5550662598488,594.6898215288621,0.7246602829952996,679.7003528806428,582.368916476505,0.4569473809756836,609.2044007795671,593.9215196599912,0.47349025764991776,691.5055170052289,620.6574663885563,0.031148861245011122,633.2812295519641,630.5483622856201,0.03401714199075716,623.1427506683059,652.2857814530709,0.005213754479966007,661.1132243873969,647.7526281023298,0.00510247955827766
845.0,675.6042031602477,329.0471610134987,0.9630340583078784,673.2224674105393,316.7754247302298,0.7714592404916464,659.7408349856252,320.46881747417194,0.9703073340365586,656.1978977204001,325.164040614837,0.15909278012941191,618.5379670348007,336.30824728510356,0.9587046399280437,689.3109736187087,406.79450139422056,0.9692065510006953,572.04052595273,425.3510953617582,0.9783587516880908,715.2256846843837,508.8899249742025,0.7432108257655876,549.4262481838442,543.9313591255294,0.8584943861705354,727.9339747216104,587.828946365838,0.5449576403041302,580.5617913362615,594.9151861240559,0.7224589913650297,679.948272560711,582.3965756053909,0.4529625136900371,609.5033197211886,593.9888661754771,0.4685783784988158,691.7151520227148,619.8302908173109,0.0310837139310575,633.5189651838061,629.5987624548138,0.03382546841967528,623.1171997054939,652.0953313382652,0.005241325712088068,662.1004955009939,647.2710763638006,0.005117015577410082
846.0,675.6999554933072,328.96897833202144,0.9629432642023584,673.464364077998,316.78120615942623,0.7695175816382154,660.0669471721744,320.2450576550735,0.9701915110775274,656.453178322034,325.1285730065845,0.15818821045105963,618.960810426997,335.69450328463563,0.9587875108221249,689.2041937611519,406.4293259914365,0.969608274360525,572.2717134200043,424.9939956801617,0.9788846476829498,715.1715630742614,507.4160868741185,0.7485897663334353,549.6156899088629,543.3980845257366,0.8634313966511576,728.194900323184,587.1571256214218,0.5532274072740905,579.9150679664826,595.2063931925228,0.7305248268705735,680.2341750852944,581.844220847462,0.4629047571319656,609.984763797303,593.3697253885483,0.4794262897769944,691.8756113304506,619.9461148657591,0.0320382212866451,633.2930371875241,629.4141441925203,0.034972709791951766,623.786065448055,652.5802992524925,0.005340900315642352,662.1869825526571,647.3230265366203,0.005228148913341747
847.0,675.9350429856534,329.16584002728956,0.9618005302058902,673.5924763203074,316.87861374076914,0.763970506681972,660.4119952362239,320.4776213470883,0.9690496131530356,656.4051201206343,325.03244218979114,0.15681148104177903,619.4157017661983,335.84512888450007,0.9578429066230614,689.100910891412,405.91992925623435,0.9697228348814853,572.4325301033612,425.1960881326988,0.9785369830022793,715.0102033115306,506.500066539139,0.7527261726983429,549.8175261789929,543.6797132931284,0.862235245641619,728.5023977381915,586.9579046178332,0.5580742505225496,580.309758341587,595.1569797592863,0.7296543831762178,680.1919083811512,581.3078890407171,0.46534431916583435,610.1591972657241,593.1993117597008,0.4787399499365197,691.9263780799157,618.833423802955,0.032399923812490704,633.6822371355356,628.9358581320123,0.0349496172772288,623.2056700225685,651.7584458087576,0.005389280389399897,662.7671406907976,646.9952512986368,0.00522914488953301
848.0,676.2984985135048,328.76116748423715,0.9615655699405321,673.9949769349037,316.4546739328991,0.7634163901181327,660.9062554603353,319.9728679309483,0.9688303933485991,656.7864800814006,324.5030452741393,0.1573012830054396,620.0093572991592,335.07781614177543,0.9575292981181992,689.1276386970059,405.59962530156525,0.9695603377721265,572.7288193817776,424.6678679576747,0.9783388956930172,714.8464262002514,506.2170973599745,0.7511842536756119,550.1274737273505,543.236948685601,0.8606136709244722,728.6021112154006,586.5077391149954,0.555783869034724,580.5629739192693,594.9137796225219,0.726869569478855,679.9711319216866,581.1610551797568,0.4634202173193372,610.1795410596696,593.0198557951178,0.476339049245055,692.0783535033898,619.4689543075565,0.03214407124810889,634.2726985457244,629.5919157900835,0.03464478219762462,622.8917114838115,652.0822330725108,0.0053455639151358805,663.5034940734753,647.6360850345535,0.005184253095167456
849.0,676.6248583543726,328.32009527973025,0.9620805778840162,674.0980519453869,315.91534502264614,0.7645647619248938,660.9823846751833,319.76526782969887,0.9692861866212936,656.7760174768283,324.06191800329253,0.15582584467311594,620.0182596907689,335.45195521018985,0.958177061829348,689.281585827791,405.1617377670466,0.9697790429185799,572.943578107208,424.7612512923437,0.9784324717598757,714.9965737535865,506.0558264059889,0.7525721548830143,549.5672104302298,543.1285322401517,0.8608533838795798,729.257675991362,585.6067620177515,0.5574300313760415,579.396265021337,594.0761012829402,0.727748336485691,679.9270788498035,580.745588823282,0.4638933014227459,610.0771635561579,592.9514817564658,0.4762331383180692,692.642783486893,617.8193870308912,0.03223394869247386,634.3987362199268,628.7800543861699,0.03464035211058336,623.4451281993438,650.2666958475259,0.005367363118871101,662.4319673439803,646.7048581612834,0.005189203742674794
850.0,676.7147831568484,328.59104912437857,0.9623147098141368,674.2876514991876,316.0962658017095,0.7670909758584724,661.1610579445146,319.8775358574137,0.969564546496061,657.0485325659923,324.0016647314148,0.15766090592466425,620.1718480182337,335.1682630278019,0.9580175341560078,689.4419119475667,405.203048604308,0.9693598419939047,572.986818085888,424.6540876452334,0.9782645381156735,715.2767185951121,506.08654691098536,0.7482896868851473,549.700732768399,543.1626692810125,0.8592219164130026,729.1755006287249,585.3969641028783,0.5532764973894102,580.1218650176336,594.3882273753518,0.7252401150495005,680.0463456807463,580.827185193027,0.4575611967859132,610.2063225512879,592.938506445327,0.4709564161354773,692.5588914809933,618.3871964372257,0.03160965161384379,634.4730231882846,629.0898031031628,0.03412328547484248,623.2083283899601,650.8834740230766,0.005288880294028638,663.016618693458,647.1882770038138,0.005132682403216383
851.0,676.7630195055572,328.7392024913665,0.9627545462379923,674.3490406854797,316.1629906048621,0.7683223324793155,661.2004362741919,319.9673391351414,0.9698900775654542,657.1011831623177,323.91257818707913,0.15733308406578606,620.0979881924478,335.0843063762841,0.9582885771065541,689.3486468868329,405.0653176549679,0.9698606187947031,572.9870212419361,424.3672927586815,0.9784610018840942,715.2785936807333,505.8102948138275,0.7535309727205839,549.8004958000184,542.5469330648701,0.8614535293545369,729.2816554428381,585.3725031676863,0.560798250719807,580.350024262083,594.5043520787463,0.7299361914315559,680.0337959918002,580.5192312459237,0.46464602856248094,610.1570028526224,592.6137449477592,0.4768262253668756,693.363755519644,618.3890091243162,0.032324317115593956,634.5483657185682,629.0709976351587,0.03475829356085318,624.4890717634652,650.8397029344451,0.005367466563428362,663.0126829749842,647.262031738877,0.005193412471418435
852.0,676.6514802098135,329.12501154512165,0.963651459104988,674.2653292068604,316.5328702013417,0.7725383534931372,660.9645223206265,320.42760270816876,0.9707240672043188,657.2104912356888,324.2604325423668,0.1582861041817303,619.9166910826245,335.64767786019644,0.9590326493460751,689.2956862242278,405.0470892289112,0.9700558634109118,573.1608732791175,424.3218619632165,0.9787713921662106,715.2381701592227,505.50025594036055,0.7545208801424593,549.7191614126963,541.958525473898,0.863494651754004,729.6627243056537,584.4228900115661,0.5627236939509173,579.461362563276,594.312726174418,0.7330107180311056,679.8465996115566,580.0043894843886,0.46605532147241985,609.9929387491701,592.1444653822698,0.4792886245749204,693.8240733043529,617.7317025337447,0.03229196493765076,634.5998538016686,628.6449967497529,0.03487560870244272,625.4043007483469,649.5815988950541,0.0053535747936394994,662.305765268711,646.5135119882715,0.0051953435796278985
853.0,676.7487970935401,329.2257215239662,0.9637307923487942,674.3720474463655,316.6340280388289,0.773491192383497,661.0846074063862,320.52044128846404,0.9708211119952082,657.3247830969914,324.3355003325743,0.1591071273244786,620.0739014786626,335.70702303234,0.9590854644133124,689.301959164571,404.8775832600459,0.9698846577189472,573.1917729861808,424.3955658500468,0.9787037393929425,715.0100443907796,505.2542483853793,0.7523401384989473,550.0539192083057,542.3116135600568,0.8623578689012595,729.3666891390434,584.0747302242357,0.5598415404016946,580.6153746288486,594.2768407041295,0.7307865299885439,679.9103351156831,579.9650896367638,0.46104270604034125,610.0795227041866,592.2260329851824,0.47457534802190615,693.535664082925,617.5383792345466,0.03159993012321802,634.7184740315366,628.6288955975261,0.03416342942916643,624.7923470871226,649.1166283310912,0.00525229291686404,662.6260567596346,646.1453398095637,0.005100846897721527
854.0,676.8230887213781,329.2171802196523,0.9641796692305057,674.4704180916619,316.65657750891,0.7757324279060778,661.164976514444,320.480188709501,0.9711920918571864,657.4242442610985,324.43696043967327,0.16011757783183087,620.1566254664385,335.6918899274556,0.9594512283438555,689.379838906312,404.885346452135,0.9701429910732343,573.2175275478334,424.3729607044552,0.9788770766752636,714.7312747374917,505.1519254066842,0.753401202662566,550.2138792591761,542.4277937671486,0.8630365333125516,728.9263663633157,584.0546585086695,0.5609407900583755,581.6129890510409,594.2339291383857,0.7316524384319986,679.9150177859377,580.1256533139654,0.46162598901258206,609.9817579692213,592.324827840943,0.4750753247849291,693.3802485839616,618.1110404948715,0.03140260757415083,634.4691170166018,628.9372276282431,0.03393774623778486,624.5877648677977,649.69913940703,0.005195474875469029,662.3271202792049,646.17880671747,0.00504502314565348
855.0,676.8289201547241,329.1602984417474,0.9644682342528684,674.448747818576,316.6584019668197,0.7763057397421683,661.1364827022666,320.4587266071967,0.9714366138919895,657.364182430776,324.5901416396234,0.16001291370373347,620.1554799126411,335.84329658944864,0.9598667241489922,689.5178083426285,404.90707441229955,0.9704530598572519,573.3418835789645,424.21748921440343,0.9792522665959189,714.6256237813768,504.90298262372403,0.7561046023576539,550.2412370064653,541.8529649269883,0.8660827355728107,728.6874180209882,583.7714489279427,0.5644508055529679,581.4981794055882,593.787277966664,0.7361446142120122,680.018931597657,580.0157058473154,0.4664342579830105,609.9406091901349,592.0557252508742,0.48083361162689386,693.2433064862055,618.4542447122835,0.03155631153715488,633.8112241326256,628.9458514849496,0.03420781788077804,624.6193005525962,649.8689830869318,0.005174684758454718,661.2393999617108,645.8308706938974,0.005036489491279438
856.0,676.9314248633308,329.0339353079997,0.9644489476764964,674.5393934524171,316.58664069375845,0.7759504281705437,661.2647119248085,320.31984300890576,0.9714203337873165,657.3586180198486,324.60550640691235,0.15969938649051976,620.2536274355381,335.7301388938885,0.9598840326187599,689.5474757601568,404.9280648008695,0.9703741183166803,573.4843050271248,424.0759145674797,0.9792905134065076,714.6828385813409,504.6007510055182,0.7561260660826361,550.3847311378164,541.3174231490618,0.8668105399415579,728.6052559625007,583.3173755656384,0.5653805195649735,581.524532532339,593.0508981614997,0.7377508093176846,680.2649982071842,579.7964681995675,0.46623221873777915,610.236992672897,591.7173645832277,0.48126173219979046,692.9853680436955,617.9672453480448,0.03153465946234496,633.4445656660708,628.2466190975188,0.034236113512431346,624.6370307706494,649.3297614191414,0.005170968209767517,660.9245514408983,645.0122168522565,0.005038735676117683
857.0,677.0516294533372,329.0507936450257,0.9648268940278856,674.7379321714765,316.59408208601326,0.778639883577681,661.4012608997074,320.23835959714154,0.971737261652806,657.5849892057545,324.56862948965994,0.16067725459336862,620.2610644259198,335.47570040555155,0.95991822219097,689.5065884036835,405.083159954842,0.9702640289658286,573.5157621403147,424.1548285799676,0.9790471515328432,714.7864386960877,504.62010946834334,0.7544867175121097,550.6333995568363,541.4756785934873,0.8645256823643642,728.6734991919267,583.0131640363842,0.5644945901284331,582.353500330467,592.6556248576406,0.7354646976083425,680.428114052232,579.8506603858897,0.46191831035935516,610.5184840817105,591.7505646357222,0.4760164245678156,693.0178503493987,617.4738632356599,0.03143706773587969,633.6791935054009,627.6461532515075,0.03400759094254278,625.0248794574883,649.0901233909356,0.005193675975347158,661.621005494956,644.6049067435571,0.005047690611538518
858.0,677.013842757972,329.29330735043203,0.9645533999674821,674.6769685492999,316.7320862783534,0.7773472361382194,661.2886729072826,320.5019567192843,0.9715158983781843,657.5841736479085,324.5455081732726,0.16009602190102762,620.102787136598,335.72700334711743,0.9597399787863053,689.6658617437747,404.9753053249674,0.970213246396286,573.4924168361649,424.42661290728256,0.9789194617817288,714.9013766149284,504.6691898668825,0.7543658331649971,551.0814027281144,542.0447646753686,0.8637039903446935,728.8037439557879,582.8039524939512,0.564330046677326,583.150636095743,592.8644401917148,0.7343284349607707,680.6548064700462,579.8976567004092,0.461589818727796,610.6409598496155,591.9727605595797,0.47504394138953066,693.14697960995,617.6499121761852,0.031421586885104894,633.9030192073972,628.085547171198,0.033916615224126485,624.7780398436892,649.1504496840241,0.005190979527280203,662.1062984295111,644.8755647652998,0.005036533105845791
859.0,677.0300657144804,329.4823113839992,0.9638182631379544,674.6194251741762,316.86300554519875,0.7735922584315152,661.3268377106823,320.7181825279796,0.9708824673070998,657.4472035623705,324.53049760321977,0.15859065841940384,620.1991711296412,335.8896872956637,0.9591836974402367,689.6461766424754,404.8825381536032,0.9699438100636621,573.8559240478296,424.4353777118436,0.9786915840714717,714.8734428218718,504.40820758636227,0.7543314628048058,551.118387603996,541.8727435241934,0.8633972504905837,729.1058565963525,582.2365458978112,0.5648140715215727,581.9756466032253,593.0713513086172,0.7341634271276186,680.65496900999,579.4301614240193,0.4619299766703713,610.9489596325623,591.4938618468829,0.47518220870261696,693.0122236296111,617.4070245267061,0.03159502824387378,634.0933569010937,627.7128524775965,0.03406723647712689,624.6616965607818,648.926654757807,0.00522161988898962,662.3351362236826,644.4907985669747,0.005063278651997687
860.0,677.1562665662872,329.66842871299286,0.9639379179041675,674.8328077420866,316.96046832463037,0.7752377225443109,661.4722674005759,320.7923059337211,0.9709570990315134,657.7560727770942,324.36165609684866,0.16005133956972942,620.282863461267,335.6295616916363,0.9590166830206179,689.8097909894905,404.87947500146316,0.9699380592556353,573.9456714966018,424.40706232364477,0.978617382985227,714.8448722288795,504.6747779912007,0.7525628079848794,551.1130099944963,542.2777096743382,0.8615248262300025,729.3258999341641,582.2780316084184,0.5618263407139199,581.2627806191367,593.8796107563477,0.7304424329782614,680.6479443157061,579.7094504951285,0.46032532735997905,611.0272332831436,591.7090062119047,0.4732355587387387,692.3107668096887,618.1870452520059,0.031614200651968,633.7567385409665,628.3235689824331,0.03401678776314035,623.649455979824,649.4700130620015,0.0052478971976911894,662.676436442279,644.9647593390798,0.0050825776811712405
861.0,676.8750326826798,330.8005026278067,0.9660982389062804,674.764215228008,317.61227566788716,0.7893225432467693,660.6778297261761,321.9632474145512,0.972759723113978,658.6076266463391,324.1813936886022,0.1659906733885142,619.1734310247494,336.52158468659917,0.959474692488207,690.1356122951914,404.5963833086019,0.9700346104262195,574.1058823773839,424.70540086486557,0.9784170507459766,714.8078075614986,505.2889349538145,0.7509285856170994,551.0520042975186,542.4259317367821,0.8583807357414474,728.9287131281584,582.9460192805466,0.5619909444441692,581.9398285432914,593.716343184478,0.7278369241379422,680.6620746481594,579.6105564714949,0.45490718682695536,610.88661634134,591.972659545873,0.4665716427038547,692.3163951480688,617.3720435510372,0.03147455379775504,633.3644479317629,628.5512101025389,0.0337026679102081,624.2505808223513,647.9257434388351,0.005296800228315622,661.6192606108835,644.7723799877193,0.0051096610624205814
862.0,676.8701590481447,331.0059639481197,0.9665496906144984,674.7836326112706,317.66274211558033,0.792841326244408,660.4885444330438,322.2053181460755,0.9730223432028671,658.9083991158394,324.08231025405,0.16833260939679395,619.0254655013684,336.8432854059258,0.9592488404590935,690.3666546609471,404.6000718778798,0.9701723873528698,574.2340222394239,424.5286584267779,0.9784218640577628,714.9168330724289,506.15931840187403,0.7519506863120821,550.79288257046,542.066797947711,0.8583159344000708,728.9077192505335,583.3606470972186,0.5636066288510859,582.1628243997968,593.4219987482909,0.728235214762626,680.5890718075304,579.5507133106771,0.4553561271045505,610.6515249954175,591.933595661851,0.4666515696655295,692.4260887790725,616.5510146600203,0.031656352015418235,633.076911018033,628.16024676475,0.03385030661336065,624.5539810783113,646.8259267057991,0.00534509977607656,660.5976046381718,644.5962671547371,0.005151233786170297
863.0,676.9921499314436,330.58493494305986,0.9665441978874367,674.8852020525723,317.2788449681737,0.7930493321950929,660.5674624866621,321.7836472596577,0.9729707583562582,658.9321849684985,323.8972712427152,0.16824116774412085,619.0539786187948,336.62707950439625,0.9592521010362847,690.4479872912657,404.59226298299353,0.9702049763558731,574.1807106560165,424.6417598977644,0.9782206161261088,715.0079086817976,506.17543203722175,0.7512583716119545,550.8668246665839,542.4801952366223,0.8559822902968084,729.1417407521164,583.2758227404541,0.5616027604837123,582.0396339618287,593.3299286420947,0.7245182337661233,680.6357262874623,579.686315171044,0.45330908705174866,610.6363966732838,592.1056319304852,0.4632505836046581,692.2885855037715,616.571965723918,0.031485294736781584,633.1058757198537,628.1842669043916,0.033479598389677574,624.1683061286504,646.6577181469613,0.005329993197752176,660.6674722015871,644.2259164448632,0.0051154538205259335
864.0,677.0442578041044,330.60875004843666,0.9664272763007644,674.9072760388457,317.2840351027635,0.7921398452040712,660.6109208920026,321.8163385326073,0.9728889243168053,658.9088998934238,323.87005105238626,0.16739969267370314,619.0644564274803,336.66069085364825,0.9591956974362937,690.3607429202186,404.43460772633205,0.9700899426766919,574.2811602883155,424.6554368640197,0.9781624131429215,714.9148855550856,505.8348197743333,0.7512890428405712,551.0533155125764,542.5142506271202,0.8562342202649325,729.2687926819103,582.9740214729408,0.562358444309432,582.8674921938681,593.1485576841525,0.7254575800738947,680.8025324012452,579.6539767643848,0.45313301550287366,610.893839764301,592.164233029404,0.46313508911412726,692.5188122283723,616.4655671422529,0.031437573126328396,633.4330962785723,628.128585192316,0.033443834212095964,624.5244587863937,646.4927095804593,0.005320362477573905,660.8617666163382,643.9282155618496,0.005107718099368443
865.0,677.1299331279006,330.62948902377656,0.9660266724587524,674.922732351403,317.2850530055216,0.7900754263706359,660.678948944503,321.8745835564743,0.9725984904786701,658.8505898800433,323.85528266866316,0.16609961991499977,619.1143066155608,336.7839915897694,0.958908797326437,690.310273628151,404.3660663493881,0.9696234228295224,574.5140049178913,424.78389864111574,0.9778921696744818,714.8587828344776,505.5898585784121,0.7492086420842918,551.2521999135697,542.5801524106934,0.8554974660163269,729.2209218773568,582.8058466575648,0.560733472228581,583.7264418169112,593.1309329143018,0.7249510161982708,681.1456759156398,579.5945019614751,0.4495186354991175,611.4199895022824,592.2109432110279,0.45996398675687317,692.8434898070457,616.3799142918485,0.031015725598296223,634.099696306614,628.1113493721408,0.03305861675741629,624.9763175861142,646.3508479567737,0.005257960159965027,661.3176680788229,643.6698490476136,0.005055081266652657
866.0,677.3326520178856,330.2969807348653,0.9663058029709396,675.21916684929,316.9643138846681,0.7935359264694144,660.9171909474103,321.42487663130856,0.9727148807575445,659.2380708855795,323.6129264961002,0.16902439220942175,619.4196109655343,336.23985414858544,0.9586090218903172,690.4592805499954,404.34418932116597,0.9696627234241525,574.5024064040541,424.3858285886337,0.9774839486857274,715.1862864454795,506.27157924542934,0.7477506804588566,551.5854276200405,542.7556709782738,0.8511424007449232,729.7615929278811,583.4681536370343,0.5566553844422588,584.8108115205774,593.8323953924802,0.7175129479464324,681.3607622261865,580.0359673013621,0.4458968070372187,611.5420009178688,592.6113086838868,0.45406555396815557,693.1490983480954,617.7283132680463,0.03058189966837697,634.7304672529449,629.6016929251851,0.03234482856281667,625.1590644647493,647.5666400328781,0.005191276017637151,662.0427123227358,645.477235670037,0.004964734222430879
867.0,677.4982206828546,330.43488130049883,0.9658553958321138,675.3930277561453,316.95577304193915,0.792510278988687,661.0930451898796,321.50476328529226,0.9722795069270332,659.4067795771126,323.2481041139521,0.1691010911989729,619.4770988593477,336.00352931247,0.9578885170206182,690.5745170047965,403.9633426760928,0.9694059643353531,574.3437481144697,424.1710920740266,0.9768953032291255,715.5097822948936,506.4774048692321,0.7462091002122453,551.7897925300289,542.986906323689,0.846787632447445,730.2762154910662,583.9935356996223,0.5533606370150533,584.8514941721094,594.684307111323,0.7105431646364428,681.3442518987956,580.4230435167232,0.44158808970572283,611.4385531020537,593.1298917120947,0.4475493359532821,692.6789809624612,617.9247491201241,0.03027291372549774,634.4510495351008,630.2522994912283,0.03173036434067843,624.0966663192571,647.5671600783305,0.005173890557800871,662.4405087851753,646.3387119885795,0.004914453256491656
868.0,677.5512361325596,330.95946454474677,0.9642298321673847,675.2707330064436,317.3182730641567,0.7830434622300412,661.1926389821107,322.11094311134985,0.9710185633954733,658.9937082070388,323.0888596565537,0.16371476198571705,619.3427231942202,336.31531311122086,0.956946730090429,690.4857246125929,403.47206466483715,0.9686894471902433,574.2402848474338,424.42153486972757,0.976410102946125,715.5702804316567,505.68052775090075,0.7452909092143819,551.8057911725631,543.1544381453374,0.8462766449084642,730.2876979073442,583.7424384897486,0.553561136649955,584.0164800076566,595.0560541654633,0.7105569048512359,681.2913380671001,580.4063260706004,0.43948800614640177,611.4913000054689,593.3537691346281,0.44543628169452953,692.0136578993988,616.91492221352,0.030199666518126767,633.8009034261975,629.5328206885023,0.03160805446058441,622.8086191935639,646.5458753903683,0.005187806408454927,662.5957497476276,645.4239908087217,0.004919176485685996
869.0,677.5439172997255,330.97399475396816,0.9638080904832811,675.2074119501079,317.3871974146293,0.7799638672632717,661.2677404119755,322.15261740740146,0.9706788228948813,658.794828981211,323.2059913586258,0.16196872718886313,619.4526837824055,336.3637497617949,0.956881457715098,690.374687058999,403.34888636062533,0.9688218219077562,574.1911001326654,424.36536409379306,0.9764859425922904,715.5429011771512,505.16035614221283,0.7485529524866391,551.7899706880711,543.044077135151,0.8483934122995541,730.3717711918521,583.3238211475953,0.5579355560009126,584.2061639891919,595.1855936565058,0.7140250671462804,681.1918394025366,580.3695607654067,0.44517356268793457,611.3507097682243,593.3312272748132,0.45068301568723473,692.4183288106693,617.7738707597617,0.030519461191948774,633.8318813261633,630.2507101006933,0.03191185762937605,623.3366512877478,647.5255134617591,0.0051881044059915804,662.3786432169142,646.0970433585727,0.004916177535055602
870.0,677.4482949158048,330.9114726628966,0.9645204540915491,675.0381759144885,317.28357060931046,0.7830506793716697,660.9988602137304,322.23095896453117,0.9712691446914767,658.7405305585431,323.2433587563006,0.1626247134363667,619.2778542059569,336.8638053594507,0.9574972397803679,690.3449452517092,403.08407464230197,0.9692602453558002,574.2849415836561,424.4041898886081,0.9767556263985215,715.3121579219548,504.6848341543133,0.752284110525079,551.5959312020582,542.8048478087861,0.8506201023455828,730.3780977408364,582.7821038392175,0.5627731376695174,584.7524032190283,595.0931257147645,0.7176516467679234,680.9064064016976,580.0868494725247,0.4503887776620565,610.9373347700483,593.2366429680867,0.455363454165458,692.7884178105629,618.2767192872814,0.03064860674366828,633.7429535494813,631.1219904584801,0.032002469160719034,624.0219747925128,647.8598899764174,0.005152086505603743,660.9595901621834,646.6629174301708,0.0048757325195751796
871.0,677.5451978683071,330.2209006427531,0.9624986485629186,674.7674468559577,316.72938480078335,0.7697523727980622,661.300641875726,321.70816066167794,0.9696642769176642,657.7406173102659,322.940820912729,0.1565768114410175,619.6878289160641,336.67305997607895,0.9570532236197172,690.2405130600534,402.81266238520203,0.968856696072377,574.2386456378933,424.2386317201344,0.9769429656551474,715.361439594241,504.8690980016804,0.7514640919973559,551.978220856822,542.9416866049066,0.8539189866175176,730.2504167407541,583.0320563704188,0.5608124512345313,585.4613054898041,594.3430768815175,0.7212757254407086,681.1418256312745,579.8061512922053,0.45029979009229454,611.2393172345986,592.9310056806589,0.45786732309912365,692.7044273333515,617.4868110766422,0.0303657663982823,634.0614648065829,630.1066322502543,0.032020339855928746,623.0936848725465,647.6470463277013,0.005076145015901667,661.7095970600341,645.9083087984345,0.004836751117987733
872.0,677.5065206325812,329.9078609436709,0.9622003062516638,674.7033804616243,316.4541717493728,0.7677733690026505,661.3394290206201,321.359483783163,0.9694547653296967,657.5879026278577,322.74457420667306,0.155647398061421,619.7852792903916,336.31032633046453,0.9568115087960861,690.0410230765916,402.92799568450994,0.9685091535942637,574.4661926740611,424.0328848192314,0.9769650167611814,715.3772261556628,505.10534622196343,0.7502725262402873,552.1969932121553,542.7279008992231,0.8555121950810899,730.3429047243451,583.3643135805744,0.5605780368474776,586.0988825239167,594.5892484661899,0.7238758401785721,681.1338486907147,579.9729335684826,0.4510790241146659,611.4514623405522,592.93575666493,0.46031197375267296,692.8301119189645,618.1656823757875,0.03044081344353405,634.052551886534,630.4388380295478,0.032322030798559186,623.9123458335215,648.534416389159,0.005079437283743044,661.3780815084284,646.459661205112,0.004865606619603573
873.0,677.6052341730095,329.56286579497686,0.9631810677381658,674.7479887544081,316.0281876654281,0.7718083876991424,661.1961254507827,321.0467508859336,0.9702922323780486,657.5724152860847,322.3746495514693,0.15507927013193443,619.2316616121298,336.24612143659294,0.9575922680658941,689.9015456837606,402.90186079526796,0.9688994053855445,574.3536902857097,424.32153745687623,0.9768245348827401,715.4211495718943,505.20176770886286,0.7520183313626401,552.1800082736543,543.26087183235,0.8535868701168055,730.5027092532532,583.3346629916964,0.5633514216174588,586.7641259485426,594.4697146785667,0.7228961014410551,681.2306628401708,580.0259886720801,0.4510287815707772,611.5886202847922,593.1515384373928,0.4577231860427991,692.9433448423051,617.9561101507337,0.03069298316381351,634.2516683295535,630.3605886005071,0.03225742319727476,624.5812967232181,648.4161427743923,0.005129838627675038,661.2860706265269,646.0558579897796,0.004873498771726664
874.0,677.5430356570655,329.45281316322945,0.9635815511838621,674.6983814883756,315.82508712347743,0.7740794926995904,661.0113218676133,320.9508359281387,0.9705072807783145,657.686812543526,322.13792518312385,0.15616675362144516,619.0446478121424,336.26093560019655,0.9576323989632239,689.9116056972142,402.8715535932437,0.9693450375546268,574.4039656155004,424.5457120919264,0.976854438940552,715.3768142133254,505.0727190742696,0.755303478199655,552.3072424627095,543.4633981028655,0.8535567804435232,730.7650672156784,583.1640117268576,0.5678747783524113,587.8721078965046,594.5050229980069,0.7239277742481869,681.2826372665955,580.2219626311916,0.45444421897258536,611.6547512032744,593.5278511421078,0.45929037007236656,693.1567257375522,618.3332530824613,0.03100950365091192,634.5927660412168,631.0728174430619,0.03238487766911057,624.7962225588298,648.7268597239208,0.005154545959630971,661.272741982108,646.6324730277655,0.004874174974624257
875.0,677.324616438016,329.39108209601426,0.9628445694014263,674.4778455192985,315.802961837435,0.7698651340272806,660.913949546641,320.86083659646334,0.96991491355631,657.4014305086846,322.0181305871103,0.15475779430743833,619.0030206354135,335.94321638817485,0.9572142586530977,689.6103200375367,402.9134574285864,0.9690958208990564,574.4051611981619,424.3357803950438,0.9768547621744688,715.4366222737885,505.01796458354676,0.7543764973101705,552.4786334688454,543.0280019557766,0.8545380718886989,731.1639668901422,582.998257343196,0.5674496473391178,587.7408565802701,594.1526103003672,0.7255846092186625,681.3232564012629,580.0237438952157,0.45570229823282193,612.0336111725959,593.2350330460872,0.4616961498342706,693.0448862946157,618.4404607969657,0.031327879205580965,635.1774703203334,631.0289875314318,0.032885748707114096,624.7844472782501,649.012502868981,0.0052071127522170645,662.3932657942896,646.9687448366706,0.004942716305690656
876.0,677.289374755162,329.07232674005587,0.9620441038963321,674.3562861465911,315.4978576073327,0.7653249327363436,660.9459621201341,320.5683826334963,0.9692535395934518,657.0977809723446,321.7790481033494,0.15321593494279862,619.0806566534516,335.7509484455014,0.9569242632664458,689.5847830978471,402.8893410543389,0.9688909894535477,574.2032021770179,424.66682204534607,0.9767810911829857,715.4685054855061,504.8153917719477,0.7524749717540586,552.3766417735329,543.629918772146,0.8536127367355149,731.2647415459063,582.7146247494875,0.5644238660087166,587.1426209599693,594.3708444170458,0.7234712933880627,681.2264763786669,580.0442437873203,0.453886023424936,611.9587037203664,593.3799080837525,0.46018990460316617,692.719271083447,618.2439083663712,0.03122387096161809,635.2294056307785,630.9455901845043,0.0328048762717053,623.7389950168669,648.907798915075,0.005201634605441781,663.031698243039,646.8453612526047,0.004940232394513271
877.0,676.7743456505304,328.7260299034233,0.9621806661573973,674.0022937021354,315.219297383119,0.767367311623527,660.4997508347814,320.12773842538365,0.9692130915427817,657.0121532050936,321.58574941114387,0.15567478629344575,618.8128825250666,335.19590466000795,0.9566044153214575,689.3795953338996,402.98325695107667,0.9689851293415537,573.8644979127249,424.7010435375988,0.9767925149923845,715.2910839835421,505.01765095366807,0.7512607190954569,552.1342881409307,544.2783762508849,0.852236106771867,731.1199712003227,582.3258722434024,0.5633232677886039,587.3191647031693,594.0711189364121,0.7218257158323144,681.1599078973223,580.009116168724,0.45015032762196494,611.9682186389165,593.3179353116325,0.45626811445338256,692.456665846301,617.4904434973549,0.031080524187940564,635.6981844578448,630.0133362542313,0.032654187233753365,623.4858277547955,648.3268953688663,0.005204799849718337,664.2704294184375,645.9923303909833,0.004946594233730196
878.0,676.405694702125,328.5007763686152,0.9623261367409685,673.7678213532698,315.0666718443706,0.7685984373103554,660.2145994214095,319.8058000942553,0.9692215559313273,656.9568524397995,321.4837746212402,0.15697664294595268,618.6361657599765,334.69691147112906,0.9564145228161025,689.1219953902784,402.9843020195106,0.9691472175962113,573.6431196908048,424.4654502896165,0.9768760059928792,715.1202446540287,505.05725570656034,0.7520303996971075,551.9854028193247,544.4134561559337,0.8525829018706488,731.075596796076,581.9548971629487,0.5653741551348489,588.1314074454879,593.5801969533288,0.7233561368560404,681.177859935793,579.9196995625515,0.44957133368054886,612.0841603999071,593.1446873575068,0.45555105439198496,692.5905995300086,616.8338439452478,0.03119100612740198,636.292551028852,629.0529127283671,0.03278821371447687,623.968381542593,648.0130659944099,0.005229736476767937,665.306371478868,645.2674364596483,0.004974815537046347
879.0,676.4473243750284,328.1171363413732,0.9619919683448281,673.7467656474189,314.7938094833243,0.7652228722738972,660.3310051223592,319.4377839314207,0.9689487539711893,656.7367209501241,321.4248049192777,0.15483921067174392,618.7771351197241,334.447625196984,0.9565466096038756,689.0107430119375,402.9153942847835,0.9693307074965446,573.6067682661786,424.1859960435433,0.9771288507166666,715.138461766786,504.6999234097629,0.7550339330094511,551.7922596306823,543.9486914481122,0.8556328162637601,731.1946098571221,581.771565754841,0.5693509691370118,588.1250333217208,593.4979654659948,0.7280387593638605,681.2686826724707,579.9339075618744,0.4556587032178586,612.1576086776118,593.0652126303785,0.4620879483904804,693.0247512267057,617.410567530541,0.03159878489900627,636.5004164326731,629.3494823623762,0.03329131306242744,624.6520437490159,648.886084070325,0.0052447068573270505,665.2083718545865,645.7366665086179,0.004997040687335769
880.0,676.4866525757237,327.45179512781124,0.9616118614838502,673.6942992271847,314.3240163725215,0.7614222660855179,660.4313201174002,318.8128653103499,0.9686406731508184,656.4122533347522,321.39130013987767,0.1524449906185595,618.9134826676078,334.1428047164669,0.9568130785251715,688.9739771486239,403.0642037259249,0.9695726497670085,573.5209218783809,423.9112702611326,0.9774086490578535,715.2340384077712,504.5846618365477,0.7581309631272887,551.5857623785826,543.3648325517684,0.858712200481898,731.257415938617,581.8777949530765,0.5724753239283987,587.7464247317436,593.5315109125273,0.7321148084135886,681.3854497469077,580.1206946720088,0.4634391170436389,612.1533116053535,593.0352547876827,0.470288529000933,693.2582436626667,618.9220433776734,0.03205471995959747,636.3873692494138,630.4069953796858,0.033829168174745405,625.2250752670386,650.7059873544795,0.005245364042373593,664.7231290019852,646.9909400676096,0.005003801445016724
881.0,676.5687186643432,326.90265597273293,0.961079261400542,673.6992506601405,313.94119875967385,0.7576759790155212,660.5875238763779,318.2548900835422,0.9682293112281268,656.1291096960686,321.37859823566197,0.15049843802664883,619.0404952621603,333.8103400020496,0.9569054033691762,689.0094317349188,403.36994151586316,0.9695751718572081,573.2645945302648,423.8377895749061,0.9773872931267493,715.2786168514173,504.9387269830357,0.7580661350673923,551.6335732602118,543.3993932362254,0.8588226336677796,731.1599285598891,582.1911036666501,0.5714181445369201,588.5502724340105,593.4384489235817,0.7318006672485277,681.4283580144534,580.4387468223055,0.46455137961528925,612.0052482490903,593.1412412167493,0.4713109598983139,693.0752068383986,619.7082058322998,0.03209428497701743,636.1491814072064,630.6800466150371,0.03385447682195676,625.0111539332676,652.0385873347345,0.005230933783086369,664.8904431639598,647.5955228631028,0.004987517477228207
882.0,676.6089329106517,326.671318044629,0.9602665260644107,673.7047787279735,313.8420920595903,0.7528247185535683,660.8092842662446,318.00185207721665,0.9676725875012341,655.9188046147393,321.4087780941107,0.14894662589664243,619.3673850785492,333.4914909117454,0.9567707199715422,688.9892457247824,403.55374483846833,0.9691089355715589,573.1645875213029,423.65136465838106,0.9774929439975993,715.3357427711795,505.2099821489967,0.7542166787600855,551.3730311186964,543.2453367544986,0.8597289031409034,731.0380416282197,582.4689260463068,0.5661116848571447,587.769217863796,593.5138374699627,0.7317275955918293,681.3801525067288,580.5253629729812,0.4606390712611245,612.0082789086448,593.0274506267483,0.47015216149632033,692.8665943372275,619.5955569122324,0.03159899085940064,636.2756172101325,630.1868354547561,0.033685061035033395,624.4156584020415,652.0865391482995,0.005164603120826151,665.561153771483,647.387057107397,0.0049628710401372275
883.0,676.5281173269101,326.70953934010976,0.9601450530971336,673.6650944415783,313.8906407540921,0.7534852916672801,660.7401799633718,318.0097944025698,0.9675622147189927,655.9069098310148,321.48586935061866,0.14965644524968727,619.3159411890848,333.4769170012718,0.9564910763460254,688.8440702765613,403.6137186516304,0.968729519639027,573.1122946094317,423.758496322861,0.9771005298773434,715.2937143207,505.15210792624435,0.7506311076185247,551.0049136546214,543.423863069721,0.8565002601921047,731.1911586480736,582.5263780083927,0.5611578656094566,586.7868314159224,593.2889394993497,0.7267800619679131,681.1109532024014,580.3472682674483,0.4529879793006612,611.9172862084498,592.8438984904055,0.46209078756510963,692.4827788298759,618.922662458863,0.030908805893541263,636.5221855757658,629.4453319261563,0.03289244299617279,623.8030322695068,651.2832294803441,0.00509514783323243,665.8684541880195,646.3766853918617,0.004890477788337016
884.0,676.4395305582241,327.16452791418345,0.9605500993416042,673.6176779519059,314.258802440731,0.756100648459273,660.6079061942974,318.4588194412116,0.9678693459122898,655.9887397499225,321.65517357441615,0.15076476010300066,619.1389044300486,333.78074727740324,0.9565596478849362,688.6578055391501,403.6088766985504,0.9689545017639668,573.0138142078044,423.8927852927467,0.9770509249343015,715.1483463056314,505.12674010426963,0.7522030554367213,550.9187615403089,543.4461123456441,0.8557899247025896,731.2830098597024,582.5238248127949,0.5632019357678987,586.6472628022829,593.363018645907,0.7262987298864043,680.9103085026416,580.0703377306501,0.45451538297423283,611.777817898923,592.7099195514139,0.46229479701192505,692.7083718980479,618.6309598618209,0.031208468989715007,636.6621098130778,629.5351588184184,0.03305288671939058,624.1469477165228,650.7459641781332,0.00515053156976757,665.9459801486339,646.4400046426857,0.004925534075749608
885.0,676.3637439126614,327.1716202688616,0.9610154165639588,673.5385620498215,314.28521169960175,0.7583019405925558,660.4892348647968,318.5015737807676,0.9683188026047924,655.9698983332464,321.75437440239625,0.15142925650131112,619.0870554889522,333.93252859454816,0.9569738117992102,688.7303021579922,403.70586884116994,0.9690089459948503,573.1020750225006,423.88442573709835,0.9772904447617412,715.3550532632792,505.4410514691841,0.7512468218829311,551.0859839066259,543.3779118764763,0.856770370735958,731.5829761242583,582.7601814929276,0.5613426190693571,586.3635129741418,593.2904664234003,0.7269587156315569,681.1309632253775,580.2374347450561,0.45516515876895736,611.9456078056509,592.8665483004187,0.46422283696187067,693.2769135746357,619.1083074746632,0.031165150116332085,637.094391219033,630.1009659095026,0.03319085465691149,624.7867807692663,650.9325940466217,0.005140937106128818,666.0216856956673,646.8702495745191,0.004936758397100242
886.0,676.0395124607802,327.2690404591102,0.9622971173801208,673.2383891612643,314.34986782565363,0.7654245704854017,659.9307052701504,318.70955272464806,0.9695186240264945,656.0054207480979,321.9864111835797,0.15411413604518853,618.6601374749787,334.5494270457519,0.9579143697121595,689.0105321788157,403.7461040148325,0.9690623002805578,572.8468999123849,423.94874008323063,0.9776606561876026,715.6587332821027,506.03282764441775,0.7482175530486821,550.9309376099354,543.4688629850692,0.8575748016471592,731.6039062881617,582.8264327354622,0.5565944339511555,587.1147944780278,593.5880842129678,0.7264148767243269,681.3366272343102,580.4331773940027,0.45214574756549714,611.6315610113724,593.1974439725138,0.4634683360306387,693.9983148282788,619.4050291154539,0.03050534439200401,637.3802392010688,630.9282273852735,0.032802350480572826,625.3941818116202,650.8553811281076,0.005036201785043437,665.3903374851543,647.6947987933854,0.004870158142173729
887.0,676.0165940081632,327.03954152458977,0.9620966515863265,673.1828749384341,314.2378564094829,0.7650177417491163,659.9476085677242,318.49545816166074,0.9693738673848191,655.8096155352778,322.13287789167197,0.15389647288004205,618.6819956782663,334.5096949183367,0.9577869231173877,689.0451579173005,403.8500518356746,0.9687415510937991,572.7095028908407,423.843459943033,0.9773188966664671,715.8470768537986,506.02337063094774,0.7454882053909294,550.6984188322828,543.3293008512022,0.8551926404016809,731.306295704757,582.8038210020059,0.5523794308502459,586.7755813243936,593.4303437996314,0.7224773653189374,681.2566879958484,580.4948883835779,0.44805377260342577,611.4379998332864,593.1147685240026,0.4590345572988042,694.1763453593663,619.4375204897618,0.030148153039795223,637.6272069650679,630.5540325165974,0.03238019965384712,625.4894583302777,651.3690288983857,0.0050003525155146115,665.5380440920406,647.5898568802894,0.004832685880583693
888.0,676.0768391674193,326.97839622186785,0.9624717950717002,673.27343483494,314.1602053238531,0.7675810747282127,659.9971327170848,318.3980618210053,0.9696274778371696,655.9052637919559,322.0576257624465,0.15477276579774205,618.6429687925094,334.386771333106,0.9578145599963133,689.0026183805504,403.8624597610271,0.96890439174147,572.6949613035223,423.97695428575355,0.9770653525755258,715.7885408616115,505.8477090847512,0.7459008332073784,550.3515801269058,543.6373012487783,0.8526654285578696,731.4154692008733,582.8099891504617,0.5526605556646615,586.4525978826978,593.2905438524137,0.7195661039514882,681.0410522649441,580.7042212325582,0.44727015934501224,611.2885969080052,593.3371999374224,0.4561663266689414,694.1972614044384,619.5408344727479,0.030325862310618408,637.7470584621126,630.4587179266582,0.032311507579156816,625.5604825677841,652.0112179100689,0.005047029059214167,665.5803138042138,647.6330629017748,0.004850005091759866
889.0,676.0046409647124,327.4454305720572,0.9629715937090847,673.2835571727762,314.49755843530613,0.771198899602208,659.8762448820453,318.84818820427046,0.970086640090096,656.1716188095207,322.12332643936304,0.15685603152096345,618.5594880161751,334.64119807189246,0.9578709126700826,689.0189178787919,403.88152022708414,0.9687856349550178,572.7547376098211,424.1648461643331,0.9771361216183038,715.8677017703079,506.2192419144089,0.7431392506197385,550.1213281207603,543.9406974815264,0.8519217254101081,731.774605723205,583.1190559701788,0.5495058922203917,585.9446490022259,593.0052073341324,0.718295161131469,680.8930529808084,580.6852572346843,0.44503633988303254,611.2235824233722,593.4447348516181,0.45495619744042975,694.2728647492722,619.2934496178822,0.0303583588141835,637.9482354414573,630.5973529593382,0.03248961546536444,625.550889384739,651.597745971364,0.005091019006434492,665.604501838802,647.8157498564259,0.004908698725009561
890.0,675.920992472631,327.8222980683852,0.9628494569070548,673.2272482278265,314.8466291376908,0.7715307155855856,659.8165054792399,319.23454048690496,0.9700778179757819,656.2069951733733,322.3302081092876,0.157881462596762,618.6109152069481,334.89906478514575,0.9577029621625222,689.015404520278,403.99742235602037,0.9682591027685445,572.897690311073,424.15277307325414,0.9771791032331776,715.9065789374434,506.7808005199013,0.7376819158407446,550.1032641894399,543.8676161437122,0.8515106304457872,731.9291546280184,583.6976292109147,0.5422123573916814,584.862489971127,592.7919595651816,0.7160692286594699,680.7464644752297,580.5152806481782,0.4405973790503969,611.2188010764403,593.201600019283,0.4532601607897153,693.7424473836209,619.0069984920194,0.030062890611710826,637.6592943567647,630.419309702425,0.03249749327246083,624.8881941586386,650.9585873653244,0.005090237132568507,665.3297054207676,647.6156698699652,0.004944516963912029
891.0,675.9817085037088,327.61828658360946,0.962649448260302,673.2645974578049,314.7579962866049,0.7704135161298494,659.9265821208245,319.03398683859655,0.9699219610068147,656.0995125971673,322.403562132006,0.15752988693252518,618.7225061759041,334.76731519939386,0.9577189300609616,689.0240435108966,404.1772043421445,0.9681422253673718,572.981448892557,424.00632812271533,0.9772025205641032,715.7624254385848,507.0123207028447,0.7360689541986046,550.1485374230647,543.6179738468575,0.8513337938964128,731.793059556757,584.0592688197034,0.5391990730761628,584.1429920531173,592.5931205761739,0.7147550694970732,680.6453527467786,580.5012890231781,0.4393367634447789,611.1887807064833,592.9360548938704,0.45280802368570217,692.8485909017505,618.9580111108158,0.029966701793223166,636.8949478385787,629.912669570601,0.032448431052092594,624.0590341385371,650.8945312815023,0.005088718184426045,664.8681310901393,646.9802381304371,0.004949161878380832
892.0,676.155692790933,327.5680476045934,0.9625984098897512,673.4259669816298,314.7284098815022,0.7691142977961627,660.0966014754468,318.98429829788546,0.9698427543110442,656.1941060581653,322.3781949765895,0.15651732885060565,618.7865671341535,334.7052157464893,0.9578204281578887,689.0989574920716,404.22790926139066,0.9684752828826865,572.997377624363,423.991113511354,0.9773793446384024,715.665551148551,506.93722675581296,0.7396336178789217,550.2094380098724,543.4378477077161,0.8531256437322363,731.5723793881336,583.9517548161665,0.5444754859450883,584.6194151664146,592.0870227661936,0.7185824515238767,680.6609645659173,580.4188650777461,0.44293481304194793,611.1615411512865,592.8010846884599,0.45581748355204366,692.7029091363808,618.2736962531967,0.030369167057713756,636.5549406124064,629.0960370464875,0.03279464711068476,624.0601443656091,650.1669045663058,0.005141879412920801,664.811643967153,645.9810119169508,0.004989377981389161
893.0,676.3583529737318,328.36810118873325,0.9620268618959319,673.5613274095285,315.2934752112552,0.7654993437503768,660.2565271361968,319.8248968901982,0.9693590851459748,656.3247561976331,322.4453646318958,0.1545623814370395,618.8374689292392,335.29576938008773,0.9572907538418393,688.9930603318712,403.92979986482374,0.9683803367309659,573.3099039945929,424.23599095208135,0.977272604507258,715.3967033038153,506.54308001631006,0.742979438713336,550.3855439423099,543.428164871638,0.8547365630869779,731.4194209388617,583.8781609505918,0.5509858223319702,585.0272212431775,592.06525819344,0.7230021112978489,680.4620976573148,580.0832179805461,0.4451719887571307,611.1903251353252,592.7394867116009,0.45742128349590006,692.8361012416121,616.7201649978767,0.03073357991416585,636.4302389728824,628.0810173313263,0.03310443081917737,624.1845297569806,648.3564602474883,0.005209731911291639,664.44301055292,644.7359432348487,0.0050432970044289056
894.0,676.386059456392,328.28923666472645,0.962368200626826,673.5769577432268,315.2044930041855,0.7675110971551267,660.2326620006439,319.76672614586636,0.9697338260695082,656.3339748446344,322.3756283493714,0.1549975117238633,618.7680402719992,335.30384794364915,0.9575830247250575,688.9731846070421,403.8869152333816,0.9681371371398453,573.2846362200443,424.21370213514786,0.9771945287478736,715.4630267514584,506.80909563650295,0.7394780301598232,550.3437371970177,543.547083559729,0.8531542026752722,731.3543817297499,583.8875467861897,0.5460249098298046,584.4715021685155,592.1180816387591,0.7198221954549663,680.495674313905,580.2417178588033,0.44080440571736695,611.2375324218457,592.9421377273568,0.4537607490574577,692.8383920137506,617.0259889503443,0.03025783781309892,636.6551886123965,628.5804852932513,0.03267491171313878,624.0768350040486,648.359337264594,0.005151496177984413,664.4942990973062,645.1106864062244,0.004995500219372963
895.0,676.3527603919018,328.3738645744523,0.9618238725266658,673.529218455148,315.2864515224215,0.7652854806122348,660.2452710034495,319.84990547795775,0.9694536766213362,656.2628669928303,322.4821671346372,0.15451401477379878,618.8309577383106,335.38888582817714,0.9574058791683012,689.060144817865,404.01425340694584,0.9674232890142497,572.9810271026352,424.36996630864525,0.9770114066695563,715.8028503097288,507.27486345401,0.7327885806388934,550.579627587654,543.9243514832673,0.8513513612589632,731.0993409605751,584.058551831464,0.5376553926799986,585.5358240866875,592.2318724227483,0.7159974949724602,680.6434474537213,580.0518995253834,0.434534323976886,611.2068936382944,592.8666112582399,0.4494811496449785,693.3906189617667,616.7610814542633,0.02982954898095412,637.4978234891908,628.6633913088078,0.03249641597270059,623.9863307888246,648.2772511986419,0.005127874340936602,665.6922728009964,645.7645506629822,0.005004161620360835
896.0,676.1515800833197,328.42143437991194,0.9626531726796287,673.4086402231407,315.4941798303342,0.768310178069366,660.0605031909814,319.9047909314505,0.9700568218460128,656.2200256475957,322.9145520622855,0.15474791934434987,618.6778441033324,335.5035997355981,0.9580467064032014,688.817798487086,404.1503402238657,0.9683668473858075,573.017479181624,424.08988715982065,0.9774043742660042,715.6065987392383,506.3778218508316,0.7417957413854596,550.1694550180209,542.904542547725,0.8554775477291652,731.3315930388569,583.1310067610515,0.5497735407606901,585.0162136281115,591.8769580271049,0.7238749613573711,680.2779796439784,579.9863761251718,0.44626705954122564,610.8438695622169,592.5637378926117,0.4594820414403305,693.8016458469621,617.1954830877291,0.030821816517305443,637.1335831742012,628.4600093314293,0.033371494505251315,625.4840237485267,649.2953689690486,0.005217419150654697,664.5201102905495,645.8277147627341,0.00506947179624577
897.0,676.3900308229461,328.5155198160945,0.962217684123568,673.5375133375892,315.4768079013712,0.764685400836391,660.3441678135997,319.95671371334316,0.9698485916073657,656.0563625381016,322.6052208383635,0.15215217682714363,618.6997807204772,335.29985053523615,0.9580670765847359,688.7360715351095,404.0075132443009,0.9680501603471493,573.06122176947,424.07300358268935,0.977316305037551,715.5770508295535,506.3682785032699,0.7402877356170605,550.4057385229665,542.9991622381906,0.8556434092788305,731.2159631108012,583.2913769183976,0.5489594273114287,585.3850824982608,592.0476489367784,0.7246162154374065,680.4105507737778,580.0640170597914,0.4447214885156732,611.1487109269741,592.6485800050972,0.45863548423616113,693.544593962205,617.6069314413251,0.030717103625959013,637.0392688029082,628.7185481218244,0.0333309764491232,625.1095437462059,649.7430069396536,0.005202109066454406,665.0514299715913,645.9894724052941,0.005060386564867487
898.0,676.3741499887904,328.7334738802676,0.9624653819793677,673.5110140746611,315.5122242889322,0.7664631026695105,660.2132377480893,320.1679907940102,0.9699694320769704,656.1206180878904,322.3805820803241,0.15264026138457146,618.4771396044688,335.4449967326946,0.9578561695031941,688.6773443647337,403.71921006275585,0.9681410723259822,573.2790526995002,424.1237550596051,0.9770987863428651,715.3494666779702,506.1701127059077,0.741922379701633,550.3570374679025,543.1117753403039,0.8545338537545071,731.2118994065094,583.2216436921756,0.5516008460711198,585.2300363187159,592.1164357329751,0.7241130699465994,680.3299860323152,580.038970153033,0.4453277378704961,611.2250994760971,592.7489102356664,0.4576134898224995,693.3947003881873,617.8262059084275,0.030828457839461122,636.9345357266552,629.0685484003823,0.03323461869048626,625.122478590398,649.9456524839051,0.005213997420401305,664.5619704578627,646.1108257290033,0.005048207543838687
899.0,676.4064832302229,328.48582821180077,0.9614664387082711,673.6258308649329,315.3602908442663,0.7645158086928626,660.2522741943968,319.905878518901,0.9691639828247043,656.3047652326827,322.4708755542865,0.1531203945295213,618.5404569364099,335.3375170536607,0.9568314699873018,689.0990081948274,404.1100832199698,0.9668322704077745,572.7110089941741,424.50270307429565,0.9761178363236697,715.7686759081653,507.6022055296634,0.7289271781512775,549.394933696703,544.4860931330815,0.8454183031068812,730.9611031950526,584.5910046470127,0.5337049288385493,584.1605453594958,591.8803628608842,0.7090637930196679,680.2942728699427,580.8216105472876,0.42561232633292345,610.817341988859,593.495620904327,0.4382926494514745,692.3574897008149,615.7487613525033,0.02960127828359302,636.8039212876902,627.0390236752652,0.03191795272771546,623.0921704656821,648.7304529007021,0.005173750964530038,665.5375959334011,644.8627989554175,0.005010461661567161
900.0,676.5405456396095,327.9583176078955,0.9616862317085927,673.8622325182315,314.8763182759292,0.7669138131096063,660.3635469305749,319.3287314981176,0.9692540169649861,656.6599536287893,322.1929294574335,0.154654449914919,618.634090273599,334.88370762934863,0.9567342804049331,689.3753607009932,404.02439574568734,0.9668414058248522,572.3218436970121,424.6948813973311,0.9758654688442322,716.0234430411209,507.77478580459945,0.7269062572590765,549.2126694481706,545.4468626075354,0.8415622729117059,730.7763422226516,584.6425509757083,0.5301291351154818,584.6676946327653,592.0826311869514,0.7030635059132435,680.6554709585863,581.3067310231856,0.42022504909752784,610.8138098932624,594.1739209571585,0.4313981770846327,692.2323930482597,615.2980158055949,0.029221881358829357,636.7827497117989,627.0465692336871,0.031304814268180485,622.4930709390889,648.5251559088409,0.005147926026565247,665.9227058508891,645.1657420787426,0.0049619453036196795
901.0,676.5195204246593,328.06633179421027,0.9616857829846465,673.8725206958526,314.97127139050895,0.7665306004589402,660.3949700346714,319.38903716134814,0.9692869741486273,656.689482503226,322.17111855816364,0.15472666105931898,618.6469440685147,334.74936869241805,0.9568370256154001,689.3835934811717,404.04212475223915,0.9669628815009585,572.2415008582129,424.6831012406004,0.9760679613885681,716.12375095702,507.61859996898363,0.7278519912561545,549.5404079736343,545.373315076086,0.8430575162856702,730.866712828917,584.244570077849,0.532024179784983,585.4547551646403,592.0410165123919,0.7054420177776698,680.8505153482821,581.2251859328759,0.4220450138913715,610.9778815200411,594.106139906012,0.4337059465432784,692.4041974653043,615.6231351636699,0.029304381749473467,636.8817031100718,627.4020806613426,0.031468590120896936,622.586038114842,648.600053812878,0.005140540613596208,666.4467202455784,645.4327427793352,0.004963540343641283
902.0,676.2617026494777,328.7031910899824,0.9608461493168706,673.6336776929642,315.7531811521193,0.7622522429474116,660.3461310241487,320.0034759213211,0.9688366776168919,656.3470701403893,322.8622851924063,0.15379558669805776,618.6967788527146,335.02048981046033,0.9566689935237097,689.2797315603007,404.81417191610706,0.9661442809327679,572.1564327041733,424.71014195047036,0.9762330556209677,716.3225169405882,508.41835724155703,0.7206419304187536,549.3069692750674,544.8494379842175,0.8445014364960993,731.0450666988647,584.9479360928968,0.5233736269331996,583.6236912214648,591.6908494614781,0.7056732083223916,680.6223762331921,581.241789801834,0.417536282806075,610.9428999883404,593.690900422305,0.43380546993582003,691.902397982511,615.6099708693024,0.029017744403260805,636.7673888326663,626.659053293646,0.03173097512891386,622.0122587996776,648.4735386626055,0.005138799995725739,667.3671877282748,644.8696406749289,0.0050289586649102285
903.0,676.0904126020015,329.20087624489867,0.9612565018552605,673.5545854571195,316.35752729537774,0.764119808081099,660.277589298216,320.5022306286754,0.9692464653603685,656.3792233750246,323.4469243032495,0.15497052046215298,618.7609432680184,335.3397364620512,0.9570933366288774,689.1534417106261,405.2361154124662,0.9663058738147975,572.297677989833,424.9003774862398,0.9767574345234268,716.3210376297103,508.2545743712838,0.721026051560127,549.0353636677203,544.4224218196902,0.8477132230539551,731.2561715168292,585.2876675563235,0.5236135620854676,581.269347973986,591.9450812851173,0.7092420672698879,680.5590321567524,581.2249540117346,0.42187871609567024,611.0618440387954,593.5317343542646,0.44039847593893655,691.9457118876006,616.108720115721,0.029384842666905196,636.5290930368885,627.0178363254345,0.03239991239822361,622.4294499486812,648.6294069959606,0.005190983654832099,667.0499892020554,645.1061498275177,0.0051124740746281636
904.0,676.2364575179191,329.68547065638757,0.9613837206731854,673.7000281015161,316.63077836348083,0.7638213637043144,660.3302976663937,321.03110694633114,0.9693404072817083,656.712605284304,323.36754063354186,0.15424252937496674,618.7750558300949,335.7641320823918,0.9572149367315478,689.260356908337,404.7225313569467,0.9667686739656408,572.4519841305658,425.25363712863276,0.9769660670964985,716.270596744468,507.0172903902991,0.7271105188363975,549.3277547773173,544.5428416008115,0.8503917631560628,731.6062711370417,584.6535607608636,0.5325000066969005,582.2653755071323,592.3265523623983,0.7147708351898132,680.6712063145835,580.592711815392,0.4289442808307339,611.1099103626793,593.3770396836921,0.44619147897388917,692.826469182956,615.3045336438922,0.030017995219327943,636.7492648897365,627.0733704024959,0.032957006564043004,623.0309193508474,647.5469607587218,0.005265617387320214,666.785142535122,644.84199156532,0.005167372843659384
905.0,676.1359,328.95343,0.9600955,673.3848,316.01,0.7563295,660.3708,320.34656,0.96865356,655.83124,323.00555,0.15011185,618.78406,335.28687,0.9572692,689.0366,404.74017,0.96552646,571.7892,424.8275,0.9765426,716.4644,507.7544,0.7153701,548.5601,544.282,0.84668833,731.4172,584.9227,0.51563495,579.37134,592.6288,0.70558834,679.942,580.6464,0.41955897,610.277,593.17834,0.43978295,691.87427,616.1957,0.029251963,636.2356,627.65607,0.032462478,621.02423,649.2173,0.005189717,666.86084,646.62683,0.0051291287
