frame,kp_0_x,kp_1_x,kp_2_x,kp_3_x,kp_4_x,kp_5_x,kp_6_x,kp_7_x,kp_8_x,kp_9_x,kp_10_x,kp_11_x,kp_12_x,kp_13_x,kp_14_x,kp_15_x,kp_16_x,kp_0_y,kp_1_y,kp_2_y,kp_3_y,kp_4_y,kp_5_y,kp_6_y,kp_7_y,kp_8_y,kp_9_y,kp_10_y,kp_11_y,kp_12_y,kp_13_y,kp_14_y,kp_15_y,kp_16_y,kp_0_conf,kp_1_conf,kp_2_conf,kp_3_conf,kp_4_conf,kp_5_conf,kp_6_conf,kp_7_conf,kp_8_conf,kp_9_conf,kp_10_conf,kp_11_conf,kp_12_conf,kp_13_conf,kp_14_conf,kp_15_conf,kp_16_conf
0,656.5479,657.04865,636.9065,649.76807,596.8137,691.1258,558.1972,768.9438,540.4571,856.56714,572.9117,687.58777,605.0644,721.21094,626.67285,677.5209,653.2352,336.62018,321.8216,327.55493,325.3307,341.4925,393.30652,429.5542,444.39545,536.32715,464.16785,583.18896,575.0641,596.028,604.99646,623.55457,639.75146,643.01324,0.9836918,0.9011084,0.9834734,0.2597141,0.9619473,0.9855447,0.9812256,0.88381773,0.8721428,0.7854412,0.78345895,0.6469905,0.5790668,0.052135646,0.04298094,0.006436646,0.0052360296
1,655.95685,656.4479,636.3487,649.0172,596.35114,690.998,557.85016,769.57367,539.7967,857.333,572.0169,686.9912,604.33093,719.2423,624.9164,676.5849,651.4176,335.46674,320.99097,326.42462,325.30896,340.95367,393.77893,429.24512,444.46484,535.8474,464.2046,583.43494,575.303,595.63007,605.8655,622.9666,640.8641,642.02954,0.98368645,0.9004632,0.9835129,0.25799808,0.96232194,0.985436,0.9813723,0.8829245,0.87435365,0.7844454,0.78588915,0.64306533,0.5773531,0.05032596,0.041841775,0.006148815,0.005034536
2,655.87646,656.2098,636.4272,648.29126,596.33795,690.79236,557.6804,769.15137,540.2495,857.4269,573.84375,687.3001,604.7493,718.03436,624.4746,674.61743,652.25616,335.06128,320.68268,325.9845,325.03375,340.43793,393.62616,429.23035,444.09894,536.50305,463.85962,583.3014,576.44037,596.6303,605.0327,621.2561,640.43884,639.7509,0.9827736,0.8943496,0.98258185,0.25009906,0.9615019,0.98515344,0.9810121,0.8822503,0.87399054,0.78383565,0.78584874,0.63715744,0.57117075,0.049170047,0.04084152,0.006036639,0.0049397647
3,655.7843,656.1009,636.5097,647.7927,596.31006,690.0095,557.8625,769.1421,540.7259,858.1208,574.09485,688.02325,606.2313,718.93176,627.1415,676.68414,655.0397,334.12738,320.09216,324.9798,324.9157,339.45306,393.47412,428.74585,443.31396,536.5878,462.9353,582.973,576.5258,596.54004,606.60345,621.8662,642.19666,639.82056,0.98232925,0.8903333,0.982149,0.2427437,0.961515,0.98504287,0.9809519,0.8826175,0.8753216,0.78482974,0.7885684,0.6403791,0.57489145,0.049529344,0.041256398,0.0060195625,0.0049372017
4,655.5276,655.7003,635.93066,647.70105,595.6576,690.2113,557.61523,769.1201,539.4478,857.88525,574.66174,686.64294,604.50336,718.3405,625.867,675.83704,652.66925,334.70758,320.33636,325.77063,324.77148,340.52795,393.393,429.30457,443.46375,536.6094,462.6754,582.0818,576.77313,597.0723,604.89166,620.70624,641.4992,639.3269,0.9820711,0.89070624,0.98182076,0.24317747,0.96014434,0.9846915,0.9796889,0.8817123,0.868515,0.78501517,0.78217185,0.634065,0.5634374,0.049715966,0.040670156,0.0061594546,0.0049824715
5,654.99603,655.2574,635.13806,647.3965,594.4573,689.9414,557.02686,768.8861,540.3562,857.0345,577.5247,687.7711,605.0111,721.5485,627.44946,680.2551,653.6407,334.32556,319.88672,325.28503,324.47522,340.22272,392.8042,429.20117,443.29822,538.1909,461.5338,583.33826,577.59216,598.17017,606.6979,622.2594,644.15295,640.99207,0.9831134,0.89629424,0.9829308,0.24439666,0.96149987,0.98496246,0.97961944,0.8826139,0.86650944,0.78641975,0.78045833,0.63578874,0.56249356,0.04999861,0.040542066,0.0061737,0.004964918
6,654.5156,654.7259,634.58545,646.9036,593.79297,689.246,556.24036,768.3024,540.01874,857.41406,577.87756,685.7177,603.3888,716.49036,624.83527,673.355,652.72076,335.3296,320.56415,326.28662,324.34583,340.72546,392.4729,429.3944,443.3745,538.07074,462.05237,582.00854,576.4564,597.22644,604.10834,620.6194,640.1937,638.3806,0.9829016,0.8959022,0.9827492,0.24709025,0.9611336,0.98487103,0.9794241,0.8802541,0.86318165,0.78251386,0.7752761,0.6242933,0.5502131,0.048312753,0.039047718,0.0060536563,0.004848808
7,654.5118,654.5279,634.63055,646.274,593.61615,688.56335,556.1202,767.98865,539.48584,857.1293,576.2026,685.9585,604.0974,718.54346,627.84717,675.80054,655.06384,334.65143,320.15112,325.7968,324.33386,340.56,392.31873,429.25916,441.9745,537.1611,461.5608,581.54663,576.1627,597.04944,606.2655,622.64276,643.75745,641.31067,0.98237,0.89114255,0.98245776,0.23529333,0.96173704,0.9845742,0.9787315,0.8799442,0.86155295,0.7820622,0.7747458,0.62768716,0.5519978,0.049053937,0.039474517,0.006096959,0.0048603415
8,654.6545,654.4701,634.83954,645.68695,593.6464,688.0514,555.98615,767.67633,539.50287,857.1921,576.53754,685.77637,604.0705,718.84753,628.0576,676.6539,655.20795,334.5708,320.23956,325.823,324.60156,340.7292,392.19104,428.8764,441.96667,536.83185,461.187,581.5155,575.7091,596.50476,604.9896,621.0349,642.6138,639.7595,0.982152,0.8879586,0.9823754,0.22888297,0.9624039,0.9845338,0.97902524,0.88040614,0.8650288,0.78288186,0.77912617,0.6286525,0.55487764,0.04896134,0.03966689,0.006074637,0.004862547
9,654.39105,654.0989,634.1524,645.6632,593.1206,688.56055,556.0209,767.70734,539.91925,856.81335,577.9057,687.06274,604.4263,721.426,628.4341,681.06757,653.52686,332.7243,318.6726,324.41547,324.1548,340.9038,391.734,428.94666,441.3994,536.74475,460.4403,580.50964,575.96985,597.15015,605.8834,622.7845,643.1131,640.6588,0.9828267,0.890635,0.98299813,0.2270529,0.96357155,0.98486596,0.9796039,0.8836566,0.86953115,0.7877258,0.7857918,0.641688,0.56898487,0.050379515,0.04088831,0.006148666,0.004925102
10,653.3917,653.3644,633.0568,645.3086,591.94135,687.56647,555.18976,767.37396,539.68933,857.37463,579.37897,685.9579,603.2101,720.2822,626.1893,682.2879,651.3918,333.05798,318.92688,324.52692,324.4115,340.83344,391.7433,428.64264,441.59387,536.83826,460.54968,580.99054,574.88617,595.9208,603.7416,620.4217,640.3305,637.7544,0.98372984,0.89579713,0.98398054,0.23074529,0.9644811,0.9848621,0.98003983,0.88322663,0.87275946,0.78987145,0.7913599,0.6361633,0.56596327,0.049123257,0.04029724,0.0060147047,0.0048543513
11,652.0618,652.3725,632.2826,644.45984,591.7096,686.7544,554.4486,766.7841,538.4167,857.60205,577.8011,685.71655,603.20984,717.74866,624.74066,681.17126,652.3013,333.7157,319.95837,324.82666,325.65607,340.44476,392.2583,428.51746,440.7636,537.28204,460.16052,581.0153,575.09064,595.4568,605.8083,620.4018,642.40106,636.6366,0.9831458,0.894501,0.98314404,0.23618993,0.96266246,0.98465216,0.97980046,0.88281286,0.87220275,0.78943294,0.7902193,0.6346212,0.564826,0.048339874,0.03968498,0.0058746934,0.0047596693
12,651.2236,651.60126,631.4326,643.75793,590.54785,686.1994,553.8121,766.98535,538.23016,857.15857,577.9463,686.58484,603.84485,721.25507,626.8624,686.2594,654.1219,333.789,320.0782,324.83777,325.69458,340.20862,392.10632,428.42816,440.15723,537.45245,459.3266,580.18835,575.97656,596.3949,607.31177,621.2588,645.8289,638.65717,0.9827635,0.8925347,0.98265636,0.23139024,0.96155906,0.98451424,0.97888327,0.88482404,0.869259,0.7939179,0.7900325,0.6451237,0.57139593,0.051759005,0.04189363,0.006312251,0.005065292
13,651.2316,651.4216,631.4289,642.88007,590.16583,684.96295,553.36176,766.63617,538.2984,858.0867,579.7566,685.33777,603.2238,719.7826,627.5636,685.1774,654.8624,332.87726,319.26324,323.88977,325.24396,339.5431,391.80823,428.18237,440.00696,538.24585,459.13617,580.5627,577.3254,597.7638,607.25354,620.81006,646.12683,637.82263,0.9824219,0.8882977,0.9824736,0.22109833,0.96203566,0.9841885,0.9782714,0.8833841,0.8673321,0.7925678,0.788743,0.6325292,0.55697405,0.04870203,0.03928113,0.0059277415,0.004736781
14,650.41016,651.16815,630.3003,643.74426,589.0806,684.8436,552.84106,766.46564,538.45044,857.67194,581.1692,685.50214,603.2407,720.1794,629.1565,685.93286,656.9803,332.9041,319.05566,323.63208,324.9585,339.09235,391.60315,428.11353,440.226,538.83765,459.15625,580.3032,576.95264,597.6736,605.7668,620.14404,644.5554,637.45325,0.9841826,0.901021,0.9841564,0.2359103,0.9631509,0.9845866,0.97833073,0.88157314,0.86157894,0.79009557,0.78213954,0.6200279,0.5415527,0.047169983,0.03778088,0.0058276057,0.004636258
15,649.8334,651.0393,629.35986,644.21533,587.36475,684.6127,552.124,765.7701,539.60297,857.83014,584.2695,685.56995,603.12244,718.67035,628.2812,683.75574,657.28394,333.30438,319.02814,323.53027,324.12238,338.03314,391.20837,427.8927,440.32324,540.03564,458.72693,579.56915,578.3563,598.97974,608.94763,622.5649,647.43164,638.7042,0.98502016,0.9069315,0.9850379,0.24102038,0.9637652,0.984796,0.9778069,0.87999415,0.8542924,0.78776467,0.77416354,0.6148144,0.53192604,0.04683602,0.036915958,0.0058226287,0.004578501
16,649.7772,651.0245,629.3836,643.9946,587.1817,684.5543,552.21985,765.6699,539.60876,857.105,583.51544,686.57886,604.26086,719.44824,629.1162,685.2807,658.8111,333.42505,319.281,323.53473,324.4903,337.87244,391.4776,427.74146,440.078,539.7463,458.10754,579.06903,578.17615,598.4634,608.3353,620.7877,647.12134,636.64124,0.98464125,0.90446496,0.984661,0.23668584,0.9632852,0.9844999,0.9773784,0.87944555,0.8538283,0.7883291,0.7753049,0.61162055,0.52874947,0.046547294,0.036682993,0.0058021247,0.004565716
17,649.97705,650.92786,629.4774,643.42444,586.91174,684.4874,552.2044,765.8165,539.4272,857.82336,583.5451,686.6769,604.46075,718.9065,628.7931,684.6105,658.6772,333.30103,319.03796,323.4928,324.04272,337.9284,391.08594,427.80798,439.75946,540.08655,457.40344,578.74963,578.3185,598.69336,608.1985,620.3679,647.1153,635.61206,0.9840048,0.90044713,0.98402053,0.22967482,0.9624755,0.9841988,0.9763913,0.87918836,0.84964305,0.7882743,0.7715831,0.60930854,0.5232701,0.046694785,0.036327243,0.005856037,0.004562497
18,650.59143,650.51447,630.3686,641.082,587.6789,684.34424,551.41705,766.28217,537.6929,857.7375,581.1257,685.2534,602.2719,718.2642,625.60675,683.0414,654.2593,332.40723,318.46997,323.15735,324.20325,338.77417,390.6383,427.54492,438.89478,539.21564,456.8092,579.8971,577.8423,598.0377,609.39105,620.8443,649.584,636.7624,0.98290676,0.88793,0.9834393,0.20857388,0.9644309,0.98404574,0.97762287,0.88108873,0.86361307,0.7903795,0.7861849,0.6212696,0.5431597,0.046417028,0.03707376,0.0056334734,0.0044609606
19,651.21497,650.29456,631.36255,638.6329,588.08923,683.1988,550.64685,765.6841,538.2419,857.07056,582.20374,684.7872,601.86914,717.5164,624.3215,682.1028,653.6334,330.9585,317.50494,321.90887,324.18115,338.35486,390.46393,427.4959,438.08752,539.7958,456.26038,579.8991,578.6274,598.5964,609.6858,619.7074,651.24054,635.4018,0.98075926,0.86991477,0.9815868,0.18596792,0.9641892,0.9834049,0.97658384,0.8813604,0.8635262,0.78985393,0.7862315,0.6203582,0.5406318,0.045621634,0.036109716,0.0054894984,0.004309267
20,650.9312,649.9098,631.151,637.99725,587.82166,682.70026,550.2972,766.1672,537.6016,857.99677,580.2286,684.39453,602.0637,715.5352,625.0889,679.1693,655.14294,331.02844,317.6698,322.06458,324.27338,338.40173,390.49146,427.37976,437.45056,538.84686,456.2196,580.5993,578.061,597.9883,609.715,619.8836,650.68964,635.44446,0.97959065,0.8621708,0.9804935,0.18093127,0.9633851,0.9831166,0.9762484,0.880762,0.86342704,0.7884647,0.7853161,0.6195513,0.54017353,0.045378685,0.035959095,0.005445659,0.0042749047
21,650.2919,649.29297,630.50446,637.53503,587.4006,682.46356,550.00543,765.97424,537.16315,857.6621,579.9172,684.9316,602.46246,716.88727,625.8592,680.726,655.7442,330.99408,317.5141,321.96906,324.1433,338.40637,390.50995,427.7697,437.4264,539.41614,456.1985,580.49915,578.73236,598.89667,609.9204,620.3994,651.77454,636.68195,0.97998357,0.8654747,0.98075014,0.18407711,0.96324706,0.9832343,0.9762007,0.8811351,0.8622902,0.7892631,0.7846818,0.61911356,0.5387599,0.0454925,0.035959005,0.005461514,0.004283905
22,649.7576,648.6819,629.84064,636.9249,586.6305,682.35004,549.5773,766.05347,537.111,858.0863,577.95154,685.32666,602.8071,716.5729,625.24774,679.4838,656.5176,331.62805,317.7412,322.49664,323.67896,338.5694,390.43323,428.0652,437.95947,539.6905,455.7904,581.385,578.6301,599.0022,608.67914,619.76807,649.524,635.7801,0.98019165,0.8674643,0.9808335,0.18732408,0.96304023,0.9834131,0.9763334,0.880828,0.86057997,0.7880743,0.78149897,0.61588216,0.53496385,0.045246392,0.035649538,0.005471796,0.0042841733
23,649.3879,648.63324,629.08746,637.8548,585.85486,682.6037,549.33685,765.5757,537.16296,857.05176,578.87067,685.32513,602.24066,717.33606,624.8963,681.03064,655.3659,331.62897,317.6391,322.58228,323.43402,338.7373,390.27954,427.9408,438.48462,539.556,455.45618,582.0442,579.47217,600.129,608.5738,620.84344,648.9227,637.3287,0.98141515,0.8754797,0.98195547,0.19297913,0.96380997,0.98398435,0.97710025,0.8836756,0.86311483,0.79291326,0.7852104,0.62764114,0.546813,0.047853142,0.037661165,0.0058135986,0.004544914
24,649.203,648.4504,629.1592,637.3062,585.8838,681.94617,548.84265,765.73047,537.2988,857.14795,579.34155,684.5569,601.6595,716.26086,624.2945,680.0751,654.9244,330.88287,317.1347,321.7306,323.29547,337.8177,390.08722,427.3957,437.33313,538.93854,455.002,582.134,578.7156,599.11127,609.50555,621.1239,650.3358,637.8854,0.98098534,0.87171143,0.98164904,0.18889958,0.96393216,0.98382723,0.9770479,0.88339084,0.8644159,0.7927861,0.7866038,0.6295745,0.54968095,0.04791212,0.03783962,0.0057754815,0.0045238733
25,649.1065,648.3535,628.9455,637.1803,585.46704,680.9792,548.61597,764.42395,537.0647,856.2614,579.16907,682.90125,600.19293,715.0727,622.58966,680.2335,651.5308,330.69934,316.91846,321.56476,323.12695,337.76593,389.60693,426.9568,437.30054,538.79926,455.6516,582.1317,578.8657,599.2798,613.5137,625.3181,653.18164,640.8414,0.981154,0.8712567,0.9819759,0.18519744,0.964543,0.9837506,0.97718585,0.88442504,0.86744714,0.794919,0.7908403,0.63809156,0.5595164,0.048172742,0.03816268,0.0056829154,0.0044549406
26,649.1409,647.85693,628.932,635.8341,585.19653,680.8877,548.3628,764.81177,536.7651,856.3016,579.44183,681.983,599.3369,712.6605,620.91455,677.0299,650.2068,330.0788,316.38464,321.25623,322.82623,338.1012,389.68042,427.00745,436.94775,537.7585,455.5337,581.73553,578.4328,598.61505,612.17426,623.37634,652.4634,638.9308,0.9800868,0.8634201,0.981098,0.17763692,0.964223,0.98325276,0.97626984,0.8825277,0.8648415,0.79208493,0.7875999,0.62870777,0.5488527,0.046437174,0.036597848,0.005502522,0.0042912364
27,648.766,647.67084,628.68414,635.7958,585.019,680.2316,548.5352,764.2681,536.92944,856.25,577.1089,681.9978,599.8452,712.2292,620.6949,677.8419,649.96106,330.26776,316.71106,321.35498,323.1125,337.81696,389.37592,426.25964,436.30536,536.7362,455.38916,581.4423,577.4658,597.4059,612.7754,623.68896,652.3457,638.7856,0.9803933,0.86442614,0.9814926,0.17717454,0.96486974,0.9832892,0.9768878,0.8831495,0.8693586,0.79355335,0.7931199,0.6333014,0.5567985,0.04672587,0.037244976,0.005488217,0.00431484
28,648.61847,647.5544,628.5441,635.8489,585.0549,680.17114,548.6746,762.7617,536.7991,854.32983,578.13983,681.68005,599.6314,712.10925,620.9505,677.3352,650.55286,330.11102,316.5274,321.20935,322.8822,337.6626,389.41205,426.1164,437.16364,536.98035,456.20258,580.7274,577.9223,597.77106,611.5114,622.13654,651.6583,637.4733,0.9804271,0.8646764,0.9815286,0.17751753,0.9648781,0.98326516,0.976913,0.8824166,0.8693242,0.7929065,0.7937492,0.62869877,0.55258876,0.046324223,0.037029177,0.005491346,0.0043266118
29,648.432,647.4287,628.2822,636.125,585.04114,680.0423,548.597,762.86633,535.82837,855.00635,576.9808,681.2109,599.34924,711.5557,621.11224,676.7121,650.3729,330.5097,316.7414,321.63812,322.77197,337.95618,389.13007,425.92194,437.20654,536.0954,456.78833,579.8617,576.59717,596.70374,611.44,623.2335,650.7894,638.6269,0.9810811,0.8708819,0.98203075,0.18531045,0.9648644,0.98351985,0.9771017,0.8823381,0.86763155,0.7916541,0.79075193,0.6294135,0.5526026,0.046531886,0.037101656,0.005515218,0.0043381453
30,647.86163,646.999,627.6925,636.42114,584.92206,679.983,548.8004,761.4784,535.7587,854.5463,577.9371,681.3181,599.761,711.37006,621.7102,676.0343,651.9991,331.2851,317.16748,322.3211,322.37506,337.9973,388.94104,425.6433,438.17407,535.8263,456.83667,578.76337,575.93256,596.19934,611.62115,624.116,650.0994,639.3962,0.98138213,0.8753271,0.9821172,0.19381502,0.9640962,0.98379695,0.9773612,0.88247883,0.86668605,0.7915971,0.7894851,0.6344077,0.5576276,0.048428625,0.03862828,0.0057889223,0.0045591593
31,648.11804,646.8609,628.0683,635.4697,585.0302,679.96094,548.2286,761.6838,534.8538,854.0638,575.31537,680.85724,598.9191,710.9452,620.16144,675.3043,650.9022,330.49396,316.5429,321.75018,321.9839,337.79218,388.66718,425.6377,437.83386,536.01855,456.26178,579.0206,576.433,596.65686,611.77716,623.9421,650.4097,638.97705,0.9803136,0.8656807,0.9812799,0.18217772,0.96416754,0.9834689,0.9771795,0.88287234,0.86904407,0.79261696,0.79272693,0.6354168,0.55967945,0.047961712,0.038335323,0.0056862533,0.004478365
32,647.77966,647.1323,627.4125,637.1852,584.6705,680.4175,548.6335,761.8762,535.1754,854.7818,575.75134,681.1253,599.1414,711.1959,620.91516,676.08405,650.95056,331.0774,316.91913,322.18213,322.04175,337.8979,388.59363,425.58557,438.25354,536.1159,456.8136,579.5468,576.3186,596.7987,611.59705,624.9668,648.55444,639.3077,0.98192954,0.87926865,0.9826234,0.19686246,0.9643868,0.98389435,0.977539,0.88263106,0.8665102,0.7917371,0.78869873,0.63273543,0.5558668,0.047560453,0.037916362,0.005680412,0.004470825
33,647.8577,647.12976,627.6197,636.902,585.00085,680.2565,548.54846,761.8918,534.82355,854.83624,574.3536,680.8982,598.86786,710.9926,620.26965,676.1311,650.04083,330.60693,316.66003,321.78735,322.14807,337.73877,388.4806,425.09375,438.0476,535.35657,456.72473,579.6406,575.9061,596.21606,610.5281,623.76666,647.5768,638.4523,0.9819071,0.87801075,0.98259866,0.19536704,0.96476007,0.9840996,0.978151,0.88430417,0.8705009,0.7935474,0.792786,0.6392932,0.5644925,0.04862863,0.038984597,0.0057956576,0.0045785904
34,648.0541,646.9724,628.0189,636.0883,585.482,680.23193,548.35736,761.84894,534.38696,854.7972,574.7844,681.0433,599.10876,712.05493,622.4028,676.0204,653.25055,330.14948,316.27625,321.46344,321.86853,337.61072,388.37366,425.25757,438.29785,536.2309,456.57806,579.7528,576.34924,596.8151,610.0189,623.01953,648.30133,638.4211,0.98112774,0.8726124,0.9818659,0.19083318,0.9643768,0.9838993,0.9775741,0.8828598,0.8670956,0.7902499,0.7881718,0.63134485,0.55442405,0.047386378,0.03780368,0.0056717396,0.0044654906
35,648.1376,647.03394,628.06964,636.203,585.6255,680.088,548.28345,760.96643,533.57336,853.5377,572.8511,680.1504,598.32965,711.16956,621.9378,674.6988,652.9921,330.1366,316.2179,321.5138,321.7317,337.7068,388.13068,424.86798,438.09296,535.08545,456.2177,579.01697,575.61,596.09485,608.4265,621.89984,646.2754,637.3946,0.98137546,0.8745568,0.9821006,0.19252175,0.96458364,0.983954,0.97751343,0.88256955,0.86558187,0.78946185,0.7860305,0.6282275,0.5504716,0.047065616,0.03740582,0.0056727827,0.0044510067
36,647.8287,646.81305,627.4901,636.49396,585.27,680.4636,548.46686,761.73035,533.5352,854.18823,573.0973,679.8157,597.9712,710.3113,621.98346,673.0958,652.4894,330.62665,316.38293,321.98724,321.66577,338.32166,388.3474,425.16467,438.5702,534.4616,456.34784,578.00507,575.6369,596.24097,607.5908,621.8733,644.90314,637.43384,0.98206186,0.88124144,0.9826196,0.20169654,0.96431494,0.98407745,0.9773711,0.8813343,0.86201084,0.7874704,0.78142524,0.6206946,0.54150957,0.045872808,0.036333352,0.005566269,0.0043594837
37,647.4922,646.52515,627.1267,636.4098,585.00385,680.4782,548.352,762.36743,533.7665,854.91174,572.71375,680.14575,598.14746,711.2429,622.11707,674.29004,652.42725,330.8943,316.47333,322.19568,321.5291,338.40515,388.22156,425.5327,438.44177,535.03735,456.05243,578.2846,575.79614,596.6741,608.8474,623.71967,645.8656,639.2671,0.9821464,0.88232374,0.9826067,0.2039913,0.9639148,0.9841374,0.97746146,0.88211405,0.86245644,0.7889774,0.78218627,0.62504274,0.5458657,0.046389192,0.03675592,0.0055845976,0.004377991
38,648.0454,646.42615,627.9299,635.0458,585.92065,680.04663,547.9951,761.82336,532.6631,853.7367,568.5605,680.44385,598.0811,712.8799,621.37415,677.0571,650.9215,329.56104,315.66022,321.344,321.71503,338.67957,387.75458,424.95294,438.10638,534.05554,455.24103,578.33386,574.4414,595.4026,608.27136,623.60425,645.37805,639.71234,0.9809897,0.8712513,0.9816406,0.18950155,0.96445596,0.9839699,0.97777665,0.8849599,0.86894834,0.79196304,0.78935367,0.6375998,0.56117964,0.047554404,0.037871152,0.0056156814,0.0044102967
39,647.7272,646.2059,627.7428,634.9813,585.81555,679.9188,548.0756,762.35925,533.5781,853.95544,571.28656,681.4613,598.9808,717.4864,624.8621,682.92194,653.94995,329.48248,315.65002,321.22687,321.7705,338.43127,387.4228,425.08826,437.01532,534.961,454.3681,579.28937,574.94653,596.2421,609.11255,624.2827,648.1207,641.7204,0.9809805,0.8707973,0.9816244,0.18761179,0.9642538,0.9838654,0.97755444,0.8858774,0.86972463,0.7950618,0.7924231,0.6424384,0.5654911,0.048744857,0.03891036,0.005735457,0.0045172274
40,647.7316,646.05585,627.4763,634.9103,585.62604,680.2838,548.2859,761.9409,533.3078,854.5547,571.57574,680.5597,598.42993,711.98083,622.5093,674.475,651.97266,329.72363,315.62152,321.59808,321.4228,339.05463,387.27307,425.57397,437.42188,535.41406,455.23743,578.98413,574.5333,595.8852,607.7831,623.3213,645.0354,638.61975,0.9809866,0.87267905,0.9815793,0.19320676,0.9640957,0.9838973,0.97745353,0.8827564,0.86521786,0.787714,0.7834996,0.62651557,0.5486047,0.045481533,0.036132514,0.005407542,0.0042431355
41,647.7379,646.18964,627.1989,635.37854,585.0751,680.66046,548.3324,762.2493,533.54926,854.3091,572.5565,681.4354,598.9697,713.20087,623.2635,676.3627,652.2082,329.6787,315.537,321.55322,321.391,339.1546,387.25055,425.43616,437.2823,534.8736,454.84796,578.45245,574.67285,596.0369,608.02264,623.57764,645.39777,638.926,0.9814215,0.87589455,0.9820015,0.19405437,0.96429515,0.98387676,0.97707814,0.88275236,0.8630327,0.7883731,0.78212786,0.6260782,0.54641724,0.045634747,0.03602469,0.005438179,0.0042474866
42,647.4518,645.9453,626.9632,635.28937,585.1031,680.3578,548.3659,762.07605,533.74817,854.0406,572.6739,680.0526,597.7821,711.92126,622.29456,675.02765,651.03864,329.84534,315.6855,321.75513,321.50824,339.36572,387.15326,425.30237,437.2945,534.53503,455.0504,578.19946,574.3403,595.6665,606.0955,621.89636,643.3651,637.42834,0.98142207,0.87697685,0.98189664,0.19716832,0.963742,0.9838291,0.9768839,0.8824426,0.86167777,0.7879061,0.7801058,0.62177026,0.54134136,0.045103222,0.03553179,0.005420834,0.004227817
43,647.344,646.0335,626.76447,635.83606,585.0036,680.70325,548.4107,762.2383,533.4156,854.1931,572.8149,680.1752,597.7609,711.65186,622.01794,674.40356,650.5381,330.09735,315.85486,321.93042,321.5758,339.41162,387.41968,425.2992,437.54187,534.0425,455.7577,578.1716,574.0311,595.271,605.4834,621.39716,642.42065,636.9029,0.98203564,0.88158965,0.98250735,0.20276031,0.9641912,0.9839798,0.9773179,0.88173854,0.8626081,0.78687936,0.78074205,0.6191535,0.5402328,0.04459566,0.03535548,0.0053761005,0.004213989
44,647.57806,646.3745,627.04706,636.21564,584.88885,680.5615,548.57166,761.7137,533.2064,853.5667,572.08014,680.2592,598.2017,713.13086,623.84216,675.4158,652.60034,330.81226,316.36517,322.4651,321.37762,339.11316,387.13977,425.3379,437.12567,534.6467,455.61206,577.81824,574.8204,596.14606,607.1498,622.54553,645.008,638.2599,0.981892,0.8809684,0.98239404,0.2007724,0.9637661,0.9839238,0.97664475,0.88186884,0.8586293,0.78762853,0.7777171,0.62215924,0.54000103,0.046200603,0.03622821,0.0056097507,0.00436303
45,647.2383,646.1802,626.63995,636.3622,584.6625,680.6105,548.5128,762.01086,533.04486,854.3237,570.144,679.6759,597.6117,711.40857,622.34076,673.4161,651.1592,330.8736,316.36224,322.4945,321.26813,339.0606,387.15344,425.0982,437.32507,533.9715,455.70917,577.8859,574.7652,595.95514,606.90125,622.61804,643.6516,637.94604,0.9824006,0.8843565,0.98284376,0.20559525,0.96416354,0.9842187,0.9773977,0.88237107,0.8613837,0.787729,0.77954435,0.6235129,0.54350084,0.04592991,0.036265194,0.0055581927,0.0043445528
46,647.4465,646.3614,627.04956,636.22595,585.063,680.38745,548.47595,761.64636,532.69324,853.87646,569.9062,679.95276,598.0215,711.86523,622.93884,674.74146,652.44763,330.45618,316.2367,322.06366,321.5155,338.65845,387.38873,424.67407,437.2351,533.3249,455.6897,577.53784,574.6542,595.56445,606.33594,621.37067,643.60846,637.06824,0.9819336,0.8808918,0.9824221,0.20110565,0.9639492,0.98395216,0.97701955,0.88196355,0.86114496,0.78768504,0.78015053,0.62062234,0.5404516,0.045482576,0.03589973,0.005508393,0.00430426
47,647.8358,646.74225,627.57227,636.31946,585.4905,680.4285,548.4049,761.6503,532.8234,854.5412,569.15375,679.51086,597.46313,711.2982,621.9985,673.7673,651.7236,330.58057,316.47296,322.13715,321.8562,338.64594,387.3958,424.71442,437.13098,534.0038,456.34515,578.744,575.2167,596.0233,606.8517,621.4695,644.2638,636.95166,0.98115814,0.8762937,0.981632,0.19691053,0.963149,0.9837618,0.9762695,0.88220686,0.85782945,0.7864119,0.77494097,0.62069124,0.5376122,0.045572698,0.035535783,0.00553903,0.0042891204
48,647.88354,646.8823,627.623,636.4556,585.33514,679.8485,548.1272,761.6003,533.092,854.0313,570.7725,679.76306,597.82135,713.3537,623.50446,677.05115,652.97595,330.60962,316.4917,322.05988,321.94617,338.466,387.5609,424.82446,436.9486,533.78906,456.33887,578.2504,574.9311,595.98,606.19727,621.4461,644.1135,637.86487,0.9816159,0.8780954,0.98218656,0.19570243,0.9638756,0.983758,0.9764339,0.882468,0.85932565,0.7888939,0.7791319,0.6225027,0.5400543,0.04629886,0.03625235,0.0056313574,0.004370272
49,648.52496,647.4104,628.34534,636.4622,585.72766,680.4968,548.0158,761.5685,533.20325,853.8288,570.86584,680.82385,598.49005,714.2451,624.4384,677.00775,655.7099,330.0904,316.2104,321.5448,321.9735,338.06024,387.70227,424.71588,437.17664,534.4661,456.45404,578.73975,575.50336,596.3007,604.26013,618.3388,642.9561,634.6218,0.9811648,0.8739867,0.98181355,0.18980122,0.96419525,0.9837693,0.97616076,0.88210994,0.85714257,0.7869038,0.7759761,0.6173532,0.5331167,0.046015203,0.035776556,0.0056755245,0.0043812096
50,648.53925,647.4448,628.38855,636.3905,585.6393,680.38055,548.10565,761.51825,533.4873,853.68665,571.24054,680.276,598.16675,713.101,623.717,675.6273,655.11005,330.1692,316.22992,321.5216,321.91516,337.8899,387.8794,424.8628,437.15466,534.7415,456.625,579.1311,575.5756,596.1953,604.7014,618.2006,643.9071,634.61664,0.9811883,0.8741884,0.9819164,0.18963525,0.96430564,0.9836245,0.9758632,0.8806672,0.85531384,0.78517705,0.7737771,0.6111343,0.5264257,0.044988334,0.03493607,0.005555898,0.004284948
51,648.50006,647.4121,628.485,636.2606,585.73157,679.95306,547.8355,761.31525,533.654,853.1071,572.1264,680.5612,598.31854,716.2199,625.4751,679.7291,656.1492,330.15796,316.35767,321.50433,322.2657,337.8772,388.02448,424.98468,436.78278,534.8439,456.53308,579.35864,575.545,596.34985,606.70605,620.3849,646.6616,637.64594,0.98103416,0.87247264,0.9818542,0.18640208,0.9644666,0.9835478,0.9756999,0.8818234,0.8564401,0.7875027,0.77642345,0.6197043,0.5346242,0.046352297,0.036007285,0.0056650043,0.0043694675
52,648.26044,647.27563,628.1256,636.5604,585.54504,680.22925,548.1262,761.4616,533.14764,852.78796,571.0049,680.84564,598.5291,715.87695,624.72015,679.5055,654.23096,330.4571,316.48755,321.78656,322.14343,338.06378,388.00708,424.88873,437.0746,534.2794,456.8213,579.3885,575.93835,596.7055,608.28296,622.2328,647.6014,639.2949,0.9813511,0.87559366,0.98204845,0.19117206,0.96407974,0.9836597,0.9761039,0.88268846,0.85882056,0.7891976,0.7792109,0.62566286,0.5423605,0.047011882,0.036707968,0.005702406,0.004419118
53,648.2247,647.29626,628.0881,636.85657,585.88995,680.2259,548.14703,760.7735,533.48346,853.1987,573.1625,680.6559,598.4297,714.86316,625.0812,677.7786,655.112,330.3957,316.4884,321.80383,322.30804,338.29083,387.80664,424.91614,437.22266,534.7281,457.107,578.8141,575.0173,596.02856,606.053,620.7473,644.5718,637.1228,0.9811697,0.8758147,0.9818061,0.19380516,0.96372384,0.9835484,0.975796,0.8809806,0.8556159,0.7853776,0.7740425,0.6157571,0.5312863,0.045274615,0.035252333,0.005544603,0.004287541
54,648.1167,647.2737,628.00055,636.94226,585.7604,680.67944,548.0629,761.3042,532.99005,853.0895,571.3532,680.7638,598.1843,714.9896,624.08777,677.7771,654.262,330.51312,316.56952,321.81696,322.25983,338.0608,388.1358,424.61475,437.50635,533.82684,457.12793,578.7635,575.2467,595.8534,607.0342,620.9995,646.12085,638.13245,0.98149073,0.8784732,0.9820944,0.1970464,0.963813,0.9837322,0.97593963,0.8814359,0.85557586,0.78572214,0.7736285,0.6198457,0.5354036,0.046248198,0.03597629,0.0056631863,0.0043792427
55,648.0815,647.21936,628.0144,636.8804,585.92065,680.92334,548.106,761.95264,532.652,853.7578,570.4519,680.641,598.0775,713.8947,623.43677,676.104,653.6556,330.4286,316.47723,321.72748,322.15594,337.9566,388.2082,424.43317,437.7104,533.31067,457.25098,578.4398,574.75964,595.1929,606.5775,620.43384,645.6595,637.8292,0.9813824,0.878618,0.9819095,0.19978145,0.9634243,0.9837783,0.9760508,0.88104594,0.8553604,0.7843946,0.7722703,0.6192478,0.53531194,0.046243876,0.036019295,0.0056698024,0.004390508
56,648.04626,647.1746,627.9169,636.9729,585.98035,680.55615,548.28864,761.3705,533.19666,852.70337,572.1793,680.58234,598.3692,713.6876,624.3968,675.94653,653.99023,330.41864,316.44373,321.8155,322.1648,338.23315,387.91333,424.49286,438.0017,533.71533,457.6551,578.71356,574.0104,594.7861,605.8558,620.7128,644.021,637.6669,0.98158276,0.8799398,0.98209137,0.20200941,0.96359205,0.983787,0.97640675,0.88054585,0.8566886,0.7836476,0.77332175,0.6167876,0.5342978,0.04542604,0.03559816,0.005557835,0.00432232
57,648.0081,647.24854,627.7567,637.20294,585.5799,680.6953,548.2354,761.45544,533.53625,852.4898,573.3148,680.9762,598.64667,714.27747,624.7901,676.5253,654.6064,330.70966,316.5622,321.94257,322.09192,338.16852,388.28192,425.01703,438.44165,534.6307,457.77295,578.8839,575.15906,595.9698,607.0493,621.6857,645.3718,638.4514,0.9820183,0.8828457,0.98254144,0.20373237,0.96386874,0.9838348,0.9762729,0.87993276,0.8547513,0.7836078,0.7720623,0.61382294,0.53025216,0.045096427,0.035239547,0.0055267215,0.004290819
58,648.1117,647.2771,627.85236,637.075,585.5751,680.34625,548.1604,761.35046,533.5637,853.0365,573.9302,679.8379,597.65344,713.4846,623.90845,675.95447,653.49164,330.78668,316.54004,322.01392,321.9666,338.2326,388.29138,425.23694,439.06543,535.58704,458.41852,579.56,575.7008,596.58606,606.6301,621.3647,645.003,638.04736,0.9817371,0.88064367,0.98229873,0.20049578,0.9635664,0.98367846,0.97590536,0.8798672,0.85381836,0.7841253,0.7715759,0.61126506,0.5266023,0.044864774,0.034941226,0.0055226386,0.004273534
59,647.9789,647.17975,627.5137,637.275,585.2682,680.42755,548.23785,761.0464,533.54565,852.6686,572.9109,680.0359,597.7627,713.68164,623.64056,676.32684,652.8633,330.87,316.47815,322.1541,321.8083,338.5401,388.18207,425.367,439.42535,535.5382,458.4709,579.2451,575.2683,596.3567,605.7759,621.27466,643.2296,637.4694,0.9822444,0.88398063,0.9827539,0.20347896,0.96393704,0.98389673,0.97628486,0.88062537,0.854666,0.7852155,0.7726837,0.6139003,0.529612,0.045465678,0.035416156,0.0056121647,0.004342377
60,647.82837,647.00635,627.379,637.3186,585.40674,680.348,548.146,761.49365,531.88104,853.6979,568.76514,679.3824,597.4097,713.0337,623.8829,675.4047,653.7086,331.27026,316.68286,322.63544,321.5288,338.7574,387.85675,424.91003,439.8446,534.2208,458.755,578.2302,574.1024,595.3567,602.41583,619.0897,639.4741,636.14215,0.9820884,0.88486475,0.982432,0.20740649,0.96286225,0.9838054,0.9757235,0.8800655,0.85028696,0.78396475,0.7674612,0.60682344,0.52026635,0.045121133,0.034871787,0.005653918,0.004349053
61,647.2334,646.6488,626.5192,637.9633,584.7332,680.70593,548.6113,761.5177,531.8996,853.4769,569.71313,679.03625,597.0313,714.1018,624.1849,677.02246,652.82886,332.25214,317.3045,323.62848,321.48346,339.44623,387.94104,425.44397,440.09137,534.5131,458.77185,577.8256,574.2776,595.74115,603.75006,620.7792,640.8843,637.8595,0.983276,0.8937737,0.9835259,0.21889287,0.9631723,0.9841932,0.9763349,0.8807945,0.8515568,0.78645915,0.77018106,0.6134469,0.52768236,0.04667625,0.0362539,0.005850494,0.004521847
62,647.5174,646.8889,626.84686,637.59155,584.3792,680.39935,548.4518,761.5282,532.39966,853.84717,567.54156,679.33325,597.46924,712.2026,622.2016,675.4916,651.4048,332.35822,317.52832,323.56842,321.672,339.03076,388.1021,425.1753,440.44965,534.9121,459.4203,578.7402,574.7472,595.68616,607.32825,623.0017,643.3258,638.3976,0.98284006,0.88907725,0.98327875,0.20999593,0.9636936,0.9841393,0.97649163,0.88159114,0.85439557,0.7869066,0.7727909,0.62070477,0.536326,0.04721847,0.036695927,0.0058333576,0.0045063198
63,647.5325,646.94006,626.92633,637.733,584.66626,680.7167,548.5583,761.45966,532.4334,853.5377,567.6265,679.6644,597.5719,712.6812,622.06445,675.8976,651.2698,332.29553,317.56885,323.5332,321.89856,339.1007,388.28662,425.03223,440.56604,534.38025,460.19543,578.99896,574.33984,595.1405,606.6719,622.2073,642.94037,638.0165,0.98272634,0.8885517,0.9831158,0.21090022,0.96352977,0.9842315,0.9767864,0.882469,0.85655224,0.7875993,0.774752,0.6254048,0.5421761,0.048149765,0.03754881,0.005952865,0.00461179
64,647.4944,646.84015,626.9247,637.5679,584.5577,680.6869,548.38116,761.6565,532.17456,853.3298,567.95483,679.72876,597.69617,712.305,622.25146,675.22644,652.0812,332.7334,317.94153,324.00677,321.92346,339.29382,388.1504,425.03857,440.56757,534.33405,460.3529,579.0153,574.28046,595.15814,605.98083,621.6671,642.18994,637.5152,0.9823712,0.8864221,0.98276997,0.20950797,0.9630337,0.9840921,0.9766805,0.8821707,0.8567612,0.7877861,0.7754737,0.6242115,0.541377,0.04818067,0.037635,0.0059795678,0.00463745
65,647.06036,646.289,626.5381,636.99493,584.35004,680.3648,548.323,760.62744,531.2066,852.0697,565.56775,678.665,596.7521,708.9416,618.40375,671.5229,647.6752,333.20062,318.31067,324.58362,321.9369,339.76025,387.94623,425.0818,440.52002,534.04865,461.06763,579.92737,574.214,594.96216,607.2322,622.90466,642.46906,637.8597,0.9821726,0.8850356,0.98259294,0.21046561,0.9628396,0.9840954,0.9774132,0.88291204,0.8624084,0.7888589,0.78070664,0.6300206,0.55144477,0.048246235,0.03810945,0.0059209764,0.00462988
66,646.6516,645.85364,626.11926,636.74457,584.2538,680.35767,548.3285,760.8202,531.16003,852.39905,564.74976,679.10474,596.92126,711.6144,619.612,674.97107,647.862,333.0116,318.17505,324.52277,322.01074,340.01172,387.83508,425.08545,440.63123,534.1305,461.1031,580.28485,573.93774,594.8819,608.20264,624.3014,643.5812,639.6842,0.9825641,0.8868669,0.98293936,0.21223727,0.9633994,0.9844359,0.9782009,0.88518786,0.8671272,0.79165107,0.78611314,0.6413619,0.5649915,0.049811155,0.03968191,0.006034732,0.0047508776
67,646.6623,645.80914,626.1792,636.56006,584.4287,679.88684,548.2865,760.9474,531.081,853.16516,565.42145,679.35425,597.36957,712.9534,621.2029,677.6522,649.1748,332.84778,318.13965,324.39935,322.3269,340.1477,387.8996,424.87085,440.5761,533.4461,461.18005,579.3106,573.27515,594.33344,607.9997,624.55115,643.6676,640.53125,0.982516,0.8863002,0.9829049,0.21025383,0.963454,0.9843137,0.97797805,0.88535225,0.86710465,0.7924064,0.7872684,0.6417837,0.56504446,0.049859226,0.03972608,0.0060168505,0.004735112
68,646.55994,645.6874,626.17163,636.2761,584.3497,679.4852,548.1576,760.2078,531.50635,852.32684,567.73773,679.15454,597.3912,712.3545,621.26807,676.86707,649.7417,333.08264,318.377,324.56665,322.5005,340.15594,387.97565,425.22302,440.72375,534.642,461.4046,579.4851,573.54364,594.6405,607.89856,624.06824,643.7945,639.62244,0.9822571,0.8846321,0.98271734,0.2086252,0.9633124,0.9840745,0.9776869,0.88376707,0.8658029,0.79070866,0.78608894,0.634358,0.5573819,0.04844877,0.038631946,0.005865991,0.004619807
69,646.56805,645.6556,626.12146,636.2436,584.2977,679.43915,548.1841,759.9047,530.99567,851.6274,566.2261,678.6689,597.0056,710.6763,619.9483,674.9021,648.2795,333.25513,318.47913,324.78577,322.4549,340.36694,387.87463,424.96265,440.88593,533.79846,461.47217,579.118,573.2053,594.19934,607.36017,623.7365,642.50116,638.9598,0.9822458,0.88470244,0.98273075,0.20913154,0.9632833,0.983984,0.97773623,0.88321257,0.86630213,0.7900288,0.786325,0.63141876,0.5554434,0.047614574,0.038056612,0.0057654977,0.0045467615
70,645.9478,645.13025,625.53503,636.01636,583.88184,679.0373,548.0426,759.6732,531.0045,850.949,565.93335,677.49713,596.0315,710.16345,619.19525,674.0689,647.3527,334.16577,319.13733,325.612,322.58856,340.75696,388.07794,425.23993,440.74774,533.27014,461.46893,579.12976,573.09155,594.11475,607.2577,623.9372,642.6169,639.91425,0.9824112,0.8862308,0.98287404,0.21283293,0.9630082,0.9840467,0.9780581,0.88354564,0.8684366,0.79190135,0.7895191,0.63512987,0.5608423,0.048592925,0.039117277,0.0058877766,0.004668385
71,645.8047,645.09424,625.31744,636.1929,583.6926,678.994,548.1337,759.1913,531.6302,850.1245,566.7266,677.92017,596.5206,710.5383,619.8496,674.50256,648.3423,334.24487,319.17438,325.65564,322.6261,340.82642,388.07135,425.60345,440.93176,534.2372,461.14587,579.2196,573.26605,594.488,606.1413,623.11584,641.49005,638.99713,0.9828859,0.8892431,0.9832998,0.2159026,0.9634433,0.984251,0.97836375,0.88362896,0.86833227,0.79220116,0.78954196,0.6332255,0.558878,0.048580945,0.039107114,0.0059212744,0.0046963096
72,645.69836,645.04736,625.1591,636.27405,583.52,679.39307,548.2025,759.51135,531.25885,849.49756,565.4098,679.20264,597.5227,711.21313,619.7245,675.421,647.7844,334.15668,319.0963,325.54578,322.6172,340.76477,388.12463,425.55017,440.6833,533.80743,460.78345,579.9512,573.1041,594.2438,607.0272,623.849,642.78235,640.314,0.983112,0.8903552,0.9835436,0.21675006,0.96380997,0.9843503,0.97886205,0.8843951,0.8716645,0.79381603,0.79358447,0.6387358,0.5669023,0.049334347,0.040002912,0.0059622824,0.004757017
73,645.5186,644.7596,625.06836,635.77576,583.5625,678.9003,548.04596,759.13696,530.7967,848.7917,564.60205,678.86096,597.0488,712.3887,619.46423,678.0075,646.0431,333.54016,318.7052,325.0722,322.71027,340.71954,387.93994,425.23553,440.13678,533.3551,460.052,580.4494,573.298,594.42957,609.25836,626.03094,645.70667,643.25287,0.9833292,0.88982403,0.98386526,0.21307862,0.9647552,0.9845339,0.97958577,0.8869463,0.87801015,0.79828787,0.8019185,0.6527034,0.5841473,0.05121085,0.041956455,0.0060710907,0.0048781335
74,645.2545,644.69434,624.67505,636.3405,583.4176,679.20026,548.1113,759.28296,530.7356,849.10504,564.17737,678.4364,596.51807,711.5844,618.61383,676.7151,645.15265,333.9923,318.96948,325.4873,322.65765,340.9546,388.07452,425.27826,440.60876,532.8747,460.64978,580.5382,573.0104,594.1933,608.2565,625.7626,643.518,642.64685,0.98381436,0.8946862,0.98421675,0.22204706,0.9644953,0.9846848,0.9797114,0.886408,0.8765896,0.7968695,0.79904294,0.6493703,0.5804955,0.05057758,0.04141277,0.006036818,0.004851103
75,645.2574,644.58795,624.6384,636.0478,583.27325,678.86255,548.20734,758.63184,529.8784,848.3098,560.6344,677.782,596.0639,710.11475,616.7422,675.8305,642.59924,333.88293,318.9375,325.5445,322.62518,341.1369,387.8412,424.80334,440.2,531.46783,460.39142,580.4917,572.7867,593.7688,608.36426,625.8182,643.02356,642.4066,0.98382753,0.8923296,0.98440707,0.21576208,0.9654678,0.9847254,0.980575,0.8879278,0.8841287,0.8002703,0.80881906,0.65754896,0.5940314,0.05132535,0.042718768,0.006052643,0.004915029
76,645.43933,644.68585,624.8457,635.8627,583.3435,678.632,547.89404,758.276,529.6882,847.9639,559.73755,676.73865,595.272,707.98645,616.0571,672.37634,643.1095,333.8982,318.90344,325.53296,322.49445,341.0526,387.9662,424.84064,440.6244,531.4557,460.7105,580.3434,572.4994,593.4194,606.3353,623.90656,640.4331,640.1702,0.98345125,0.8904506,0.98404497,0.21445522,0.96507484,0.984524,0.97991836,0.88582027,0.8790143,0.79609704,0.8014374,0.6452967,0.57873565,0.049435467,0.040707707,0.0059153736,0.0047619045
77,645.36633,644.66516,624.7062,635.9233,583.1269,678.3615,547.6403,758.37823,529.9686,847.88574,561.9937,676.90753,595.4912,708.72675,617.90796,672.94824,644.68164,334.05,319.01624,325.64178,322.59247,341.1181,387.74786,424.68933,440.43158,531.47705,460.14282,580.1092,572.6282,593.77405,606.8517,624.8791,641.0796,641.4727,0.9834674,0.8916253,0.9840356,0.21583706,0.96472967,0.98436975,0.97920173,0.8847291,0.8742827,0.7942953,0.7958404,0.63908803,0.56914586,0.048353344,0.03942272,0.005799651,0.0046355426
78,645.3029,644.6843,624.72437,635.9811,583.1807,678.4555,547.5152,758.1335,530.6797,846.516,565.1939,676.116,594.44775,709.49774,618.1513,673.43066,645.05414,334.0376,319.01324,325.54272,322.73065,341.03027,388.09796,425.09338,440.7566,532.70905,459.609,580.36725,573.3463,594.4116,605.7397,623.07416,641.43616,640.5496,0.9834647,0.8912102,0.9840673,0.21518919,0.9647614,0.98435813,0.979249,0.88445413,0.8748902,0.795563,0.7978524,0.6371232,0.56737685,0.048586458,0.03975767,0.0058703125,0.004705876
79,645.4787,644.9347,624.75037,636.40027,583.0595,679.04236,547.515,758.1243,529.6072,846.2556,561.59863,675.94366,593.9347,709.05054,616.89874,672.49945,644.005,334.01007,318.96393,325.53027,322.6372,341.03833,388.37732,424.77795,440.6958,531.1846,459.7105,580.90356,573.48755,594.218,604.9652,621.9361,640.6987,639.8015,0.9839902,0.89422226,0.98464644,0.21661231,0.96566504,0.9846015,0.97953504,0.8848753,0.8753896,0.79552096,0.7977376,0.6379419,0.56848925,0.04896581,0.04003188,0.0059531033,0.0047664046
80,645.67584,645.008,625.05273,636.1003,583.34454,678.62756,547.50916,757.8335,529.9387,845.62756,563.0225,675.396,593.54144,707.9519,615.8465,671.8765,642.1992,333.50415,318.60565,325.05627,322.62555,340.80237,388.39056,424.49963,440.412,530.6317,459.63416,581.3485,573.3457,593.92645,606.9087,623.72925,642.826,641.9105,0.9834894,0.8898437,0.9842799,0.21045136,0.9656637,0.98434496,0.9795228,0.88503695,0.87823796,0.79664385,0.8014895,0.64217085,0.5746845,0.048962206,0.04027617,0.0058631897,0.0047109723
81,645.38806,644.9211,624.5155,636.65625,582.91815,678.74097,547.6549,757.5288,530.1549,845.3307,564.67255,675.4446,593.53076,707.7637,615.8333,671.7899,641.3287,333.86615,318.73907,325.3778,322.56226,341.15167,388.2323,424.86084,440.34222,531.15344,459.37762,581.31384,573.3713,594.2607,607.43945,624.97815,643.01196,642.8805,0.9842859,0.8957274,0.98498726,0.21778661,0.9660659,0.98465437,0.9800143,0.88561857,0.87922794,0.7981037,0.8029828,0.64559877,0.578827,0.049663484,0.040956825,0.0059398413,0.004783362
82,645.5226,645.00165,624.7512,636.6145,583.3912,678.6711,547.78705,757.1585,529.3858,844.3596,561.7436,675.15656,593.3608,706.1629,614.6508,670.0641,639.25006,333.07965,318.30017,324.80774,322.6305,340.99176,388.0489,424.22058,439.55725,529.5309,458.4784,581.34656,572.9574,593.6347,607.71045,625.3843,642.79626,643.4305,0.9841002,0.89379644,0.9848613,0.2156415,0.9664012,0.98464525,0.9804326,0.88625985,0.88276815,0.79835,0.8059891,0.649352,0.5854275,0.04938662,0.041032374,0.0058403313,0.0047258735
83,645.8092,644.95825,625.2366,635.6984,583.6314,678.7552,547.56165,757.1603,530.02435,844.4404,564.8335,676.4765,594.66284,706.4748,615.9028,669.3968,642.46234,332.71814,318.09155,324.4204,322.6411,340.69513,388.36847,424.62708,440.0196,530.8979,459.536,581.50775,573.65405,594.21606,607.1476,623.6904,642.8779,641.04974,0.98281294,0.885099,0.98362154,0.2067619,0.9653952,0.98419356,0.97957623,0.88444734,0.87929356,0.79485154,0.8016769,0.63958853,0.5734365,0.047740936,0.03938961,0.00568524,0.004579067
84,645.7381,644.9123,625.2031,635.698,583.7382,678.7079,547.462,757.4122,530.04584,845.2593,565.2549,675.9483,594.0862,705.825,615.1354,668.9121,641.8892,332.52332,317.94836,324.22192,322.62115,340.5578,388.5437,424.4375,440.51953,530.59045,460.16394,581.1512,573.58093,594.0126,605.72186,622.3275,640.9844,639.51917,0.9827665,0.8851681,0.98354256,0.20787597,0.96518123,0.9841017,0.9794816,0.8837188,0.8788413,0.79367185,0.8008338,0.6339581,0.5678543,0.046568185,0.038476825,0.0055705607,0.0044909418
85,645.7791,644.982,625.0788,636.015,583.685,679.1007,547.6098,757.7931,529.9187,845.80096,564.4422,676.641,594.8146,706.3785,616.70715,668.9794,644.146,332.57343,317.8697,324.2926,322.4566,340.74207,388.40674,424.4308,440.55115,530.05176,460.48352,580.11334,572.6337,593.2665,603.56506,620.8518,638.55585,638.0413,0.98298526,0.8882092,0.9835991,0.2126784,0.96481824,0.9841832,0.97903454,0.88292444,0.87374675,0.7911864,0.79416,0.6274203,0.55798,0.046144426,0.037682503,0.0055915713,0.004471004
86,645.94336,645.065,625.26196,636.02686,583.9963,679.1928,547.75916,757.79016,529.28845,846.81067,563.37274,676.58905,594.7853,705.88385,616.3185,668.463,643.4081,332.3991,317.6715,324.1585,322.29315,340.74005,388.18292,424.49493,440.3789,530.2626,461.17114,579.738,573.1596,593.8846,605.4244,622.84656,640.3386,639.55994,0.9827622,0.8869356,0.98335576,0.21138367,0.9645145,0.98411596,0.97885466,0.88311034,0.87322974,0.7906906,0.7932478,0.62890774,0.558914,0.04588595,0.037372828,0.0055146813,0.0044008195
87,646.2083,645.1666,625.66425,635.6535,584.2791,678.9587,547.6716,757.9493,529.7497,846.7709,564.8755,676.79065,595.1546,707.0044,617.7391,669.57733,645.27924,331.94745,317.27155,323.6684,322.04944,340.30334,388.2921,424.71527,440.4417,530.99194,461.07355,580.0727,573.155,593.9727,606.18945,623.43604,641.3486,640.1622,0.9822628,0.8826945,0.98292494,0.20618558,0.96440905,0.98392993,0.97868526,0.8825799,0.87332314,0.7904216,0.7939532,0.6276532,0.5576866,0.04543534,0.03707719,0.0054223835,0.004332572
88,646.5845,645.2775,626.3975,634.8795,584.98517,678.94806,547.35175,757.78577,529.51874,846.79364,563.7084,676.96173,595.165,706.8109,617.41077,668.7191,646.18384,330.95856,316.60266,322.68726,321.86102,339.49402,388.08038,424.44843,440.38916,532.06335,460.88953,580.57556,573.53046,594.10425,606.5091,622.59686,642.40826,639.1342,0.9810622,0.8738145,0.98179007,0.19709677,0.9638978,0.98369706,0.97824574,0.8824614,0.87224346,0.7886335,0.7915157,0.62605685,0.5549208,0.044978917,0.03650108,0.0053558648,0.004262179
89,647.0003,645.3904,626.9057,634.2511,585.2528,678.6006,547.1767,757.1058,529.84314,846.20526,564.4549,677.1207,595.6914,705.3884,617.9657,665.68933,648.17737,330.51794,316.17072,322.30048,321.3188,339.08142,387.56323,424.1399,440.5099,532.4336,460.84448,581.0917,574.0631,594.7582,604.82947,621.0399,640.43677,637.2274,0.97998273,0.86675054,0.98073334,0.19100153,0.9631029,0.9833166,0.9773079,0.8804079,0.8668637,0.7839817,0.78356886,0.6123826,0.5381745,0.042837948,0.034351766,0.0051631033,0.0040706694
90,646.9115,645.4904,626.8315,634.73114,585.4099,678.74457,547.3094,757.75037,529.5534,846.32904,564.20294,676.71844,595.3232,706.23834,619.05975,666.7036,648.3194,329.95874,315.6726,321.70312,321.1018,338.62378,387.6322,424.07037,439.2859,531.1638,459.7223,578.7297,574.19934,594.8958,606.01245,622.39966,642.8991,639.86383,0.9804306,0.8712143,0.9810252,0.1960643,0.9627951,0.9834662,0.97695154,0.88094425,0.8636781,0.78532284,0.7811428,0.617313,0.54043555,0.044266045,0.035202354,0.005329311,0.004178107
91,646.8035,645.50867,626.4646,635.2717,584.97253,679.00903,547.5085,757.8017,529.9556,845.4207,564.1447,676.6284,595.2949,706.5452,619.61365,666.12897,648.6697,330.37274,315.7021,322.08173,320.57037,338.78992,387.52252,424.4464,439.2033,530.86084,459.6651,578.4821,574.23596,595.2656,605.51355,622.957,641.9682,640.62805,0.9813307,0.8773873,0.9818924,0.20191169,0.96333134,0.9837317,0.9773115,0.8806908,0.8631326,0.78570306,0.78096426,0.61648726,0.53968096,0.044477522,0.035415083,0.005381942,0.0042223334
92,647.18494,645.7259,626.9675,634.92975,585.34515,678.80585,547.1086,757.68243,529.6314,845.365,564.009,676.7294,595.08276,706.19867,618.5419,666.2867,647.3438,329.95343,315.50592,321.72125,320.79272,338.70343,387.09906,423.9715,439.1709,531.1535,459.1974,578.26636,573.7363,594.7216,605.95807,623.26196,642.49976,640.8716,0.98111856,0.8739437,0.9818208,0.19612616,0.9640681,0.9838092,0.9778513,0.8820771,0.86749184,0.78730655,0.7858107,0.62371874,0.54911554,0.0451712,0.036161512,0.00540787,0.004255235
93,647.3407,645.8609,627.09576,635.1062,585.5359,678.8093,547.3159,757.5713,529.89655,846.14685,564.7172,676.42114,595.2391,706.1156,620.3748,665.3787,650.4504,329.7425,315.23962,321.5127,320.3982,338.43567,387.0072,423.82245,439.12897,530.8843,458.80664,577.80066,572.82214,593.9066,603.0882,620.5967,639.46606,638.1765,0.98132294,0.8766681,0.9818846,0.20050642,0.9638611,0.98395073,0.977373,0.88069355,0.86112607,0.78378713,0.7772675,0.6146487,0.5361502,0.04479921,0.035419732,0.005476862,0.004270911
94,647.2245,645.9166,626.94507,635.4355,585.25653,679.04285,547.34766,757.6887,530.6468,846.56396,567.31024,676.3549,594.8658,705.6561,618.9283,665.118,648.4483,330.016,315.46948,321.648,320.516,338.34302,387.2646,424.4187,439.42468,532.9126,458.7019,579.1644,574.5514,595.5615,606.27386,623.01807,642.73334,639.8064,0.98146886,0.878042,0.98207486,0.20165244,0.9638083,0.983886,0.9772231,0.8802347,0.86050594,0.7837576,0.7764889,0.61453664,0.5356724,0.044332474,0.035019785,0.0053869486,0.004201472
95,647.06256,645.88556,626.68866,635.7066,585.07,679.1079,547.56555,757.6423,530.74713,846.0174,566.9905,677.16034,595.7058,705.58405,618.98175,665.52,647.9415,330.01453,315.4807,321.65448,320.58795,338.41138,387.05127,424.2072,438.72852,532.0053,458.4834,578.91595,574.04095,595.0926,606.48456,623.59814,642.7613,640.48987,0.9819474,0.8808489,0.98256916,0.20386183,0.96437716,0.98398453,0.9777881,0.88069546,0.86395675,0.78513765,0.78088117,0.6175407,0.5412936,0.044393033,0.035367727,0.005354315,0.0042023957
96,647.0796,645.90704,626.67426,635.76794,585.0222,679.1008,547.706,757.65576,530.914,845.78424,567.42255,676.8973,595.42017,705.3524,618.3127,666.1175,646.83777,329.96808,315.43744,321.61572,320.58398,338.43616,386.97327,424.1654,438.93994,532.32367,458.61316,578.9182,573.95935,594.94714,607.2558,624.15076,643.171,640.44965,0.9819071,0.88044405,0.9825295,0.20309219,0.96422297,0.98389244,0.9778099,0.8809758,0.8652657,0.78643,0.78312635,0.6197006,0.544197,0.044485033,0.03552562,0.0053369105,0.0041963756
97,646.90436,645.6798,626.3983,635.80505,584.9264,679.37854,547.7298,757.9941,530.8125,846.0034,566.9326,676.2776,594.756,704.8816,618.006,664.8486,646.69806,329.9325,315.23828,321.69568,320.12067,338.57733,386.89703,424.31976,439.23682,532.14874,458.6914,578.9836,573.7597,594.91406,606.27716,623.8674,641.7637,640.2563,0.9822098,0.8838474,0.98270416,0.2090851,0.96395665,0.9840585,0.9776759,0.8805073,0.8619074,0.78465724,0.7778826,0.6165295,0.53909516,0.04434827,0.035184115,0.005368173,0.004201412
98,647.1165,645.8694,626.7046,635.72577,585.1797,679.3198,547.63275,758.0527,530.2773,845.939,565.597,675.90753,594.2801,704.30035,617.11206,664.9209,645.51874,329.3252,314.9027,321.12378,320.27075,338.253,386.89392,423.6787,438.9878,531.1321,458.815,578.2713,573.5188,594.2939,606.3779,623.2968,642.3451,639.9643,0.98210514,0.8823365,0.98268485,0.20550647,0.9643239,0.98398864,0.97763634,0.8808123,0.86303884,0.78495276,0.7793782,0.6179173,0.5409617,0.04436636,0.03521779,0.005351454,0.004187256
99,646.9954,645.8297,626.52484,635.93677,585.12286,679.72845,547.813,758.043,530.47595,845.7742,566.6001,676.60333,594.7536,705.06726,617.5199,665.7671,646.0027,329.30188,314.85065,321.05402,320.26898,338.24835,386.9937,423.83374,439.19434,531.6759,458.67773,578.5167,573.626,594.3824,606.41736,623.02856,642.43945,639.42267,0.98239446,0.8847922,0.98289275,0.20908168,0.9643277,0.98410076,0.9778076,0.88075304,0.863069,0.7848545,0.7793139,0.61721146,0.54047126,0.044211596,0.035140812,0.0053346157,0.0041828156
100,646.9429,645.8563,626.42914,636.2533,585.2557,679.6462,548.187,757.66345,530.6087,845.1092,566.0488,676.5126,594.652,705.24695,616.83203,666.846,643.4913,329.13934,314.70728,320.96307,320.21814,338.3059,386.68146,423.59735,439.00586,531.432,458.2827,579.0624,573.8399,594.6825,609.5059,626.6177,644.61475,642.609,0.9828172,0.88604987,0.9833774,0.2093682,0.9651051,0.984341,0.9790289,0.8831713,0.8719385,0.78948,0.7902082,0.63223314,0.5609492,0.045413196,0.036772132,0.005341023,0.0042442083
101,647.0166,646.03845,626.65094,636.1063,585.1755,679.1057,547.8835,757.5735,530.6006,845.4311,565.1929,677.053,595.3731,706.1655,617.8637,668.972,645.2888,328.8604,314.62097,320.458,320.45447,337.6142,386.885,423.3598,438.6571,531.52264,458.4342,579.2362,573.9735,594.605,610.75397,627.0742,646.6484,643.428,0.9828006,0.8850674,0.9834604,0.20478421,0.9655259,0.98419964,0.97860086,0.8828018,0.87009716,0.7891869,0.78894925,0.6302693,0.55738646,0.04518208,0.0363836,0.005298078,0.004192114
102,647.15063,646.2599,626.7998,636.26355,585.1287,679.38403,547.7898,757.99963,531.12683,845.827,565.4011,677.4015,595.46735,705.86646,617.191,668.5045,645.0169,328.68066,314.56824,320.2055,320.5863,337.33313,387.07416,423.35168,438.6712,531.88275,458.75287,580.0322,574.3851,594.7948,610.5919,626.30725,646.6796,642.55505,0.98253334,0.8832407,0.9832308,0.20217669,0.96541905,0.9840726,0.9782716,0.8823285,0.8686198,0.78796285,0.7865857,0.6270938,0.5531947,0.044652104,0.035802186,0.005254805,0.0041445494
103,647.04565,646.1538,626.7492,636.07227,585.05084,679.3072,547.586,758.2291,531.3197,845.703,564.92114,677.49585,595.5168,705.8257,616.95605,668.2999,645.1298,328.78076,314.68005,320.2744,320.69824,337.33417,387.2152,423.44128,438.6419,531.7167,458.88556,580.10913,574.08936,594.4773,610.25714,626.07135,646.4022,642.638,0.9823024,0.88184404,0.98300046,0.20130989,0.96519184,0.9840102,0.97816056,0.88228637,0.8682574,0.787799,0.78599167,0.6273923,0.55333096,0.04483518,0.035909772,0.005280137,0.0041608512
104,647.0958,646.2245,626.8559,635.9933,585.01953,679.15814,547.431,758.5274,531.46356,846.3506,565.5243,677.5528,595.5042,705.4478,616.3773,668.42474,644.1334,328.5735,314.62488,320.04657,320.88995,337.15894,387.28223,423.49207,438.70764,532.3982,459.29517,580.23157,574.5133,594.8054,611.8655,627.29663,648.193,643.59314,0.9821377,0.8801255,0.9829386,0.19819379,0.96540225,0.9838768,0.97808075,0.88201535,0.8689141,0.78741264,0.7868018,0.6274088,0.5538079,0.04433608,0.035567224,0.0051799417,0.0040852427
105,647.06256,646.09106,626.90247,635.7795,585.108,679.0873,547.5506,758.5509,531.46265,845.3347,566.1577,678.46106,596.3751,707.515,617.8024,670.79175,644.4053,328.52917,314.583,320.0918,320.7401,337.1518,386.67554,423.32886,437.47217,531.8871,457.81726,578.98,574.4965,595.0602,614.22375,629.96216,651.457,647.02893,0.98191124,0.8775678,0.98273325,0.1952107,0.96531534,0.9839997,0.9786344,0.88480085,0.8744481,0.7931,0.795501,0.64555633,0.57467514,0.047463506,0.038399994,0.00545308,0.00432837
106,647.04315,646.15674,626.7395,636.1096,585.0076,679.2632,547.4995,758.5519,530.90454,846.34814,564.75555,677.89197,595.7062,706.33875,616.56415,669.6016,643.49786,328.42938,314.42096,319.98645,320.60236,337.16943,386.79413,423.13165,438.04218,531.2681,459.20807,578.7754,573.9808,594.4267,612.25323,628.2333,648.58734,644.689,0.9823815,0.88150615,0.983116,0.19956085,0.96551055,0.9841321,0.97860175,0.88413894,0.87223196,0.79076433,0.7916508,0.6396078,0.56753904,0.046552777,0.03748876,0.005407572,0.004276365
107,646.77,645.9633,626.3427,636.3122,584.8142,679.5822,547.7059,759.14014,530.7233,847.4514,563.46375,677.9428,595.60956,706.6701,616.1287,670.6207,642.76697,328.38586,314.3388,320.002,320.557,337.3521,386.9912,422.99835,438.43335,530.3445,460.1184,578.46826,573.5347,593.8795,611.25775,627.4838,647.5205,644.2795,0.9827148,0.8847388,0.98334,0.20368758,0.9653535,0.9842172,0.9785235,0.88448477,0.87138903,0.79089975,0.7905537,0.6396158,0.5668632,0.0468013,0.03759864,0.005461067,0.0043120384
108,646.7645,645.95306,626.2421,636.4895,584.86975,679.56104,547.75854,758.841,530.4959,847.4706,564.6339,677.3895,595.03815,706.40314,615.9295,670.3435,641.93866,328.34875,314.2196,320.02698,320.47144,337.5949,386.98096,423.09033,438.80878,530.3904,460.64862,578.18713,573.52966,594.0198,610.66907,627.40204,646.9227,644.31177,0.9829569,0.88672715,0.9835534,0.20618123,0.96541244,0.9842457,0.9785252,0.88416237,0.87086767,0.7904401,0.7899449,0.63711214,0.56408477,0.046331704,0.03722331,0.005419612,0.004278511
109,646.83746,645.98376,626.4248,636.30273,584.98175,679.56915,547.60706,759.1455,530.33,847.8114,563.8073,677.3911,594.9948,706.46234,615.7183,670.00836,641.8473,328.36365,314.2625,319.99976,320.53076,337.4823,387.0954,423.35376,438.52765,530.7167,460.90063,578.1023,573.6726,594.13776,611.5612,628.0322,648.31134,645.0903,0.9826388,0.88474774,0.9832679,0.20429504,0.9651857,0.9841492,0.97822636,0.8839077,0.8694067,0.7895995,0.78801584,0.63731056,0.5632625,0.046426773,0.037151247,0.005421579,0.004267782
110,646.79315,645.971,626.31,636.38934,584.8568,679.419,547.57104,759.03186,530.30286,848.0848,564.537,677.33484,595.1456,706.7848,617.314,669.9335,643.5324,328.4176,314.239,320.0385,320.4732,337.5606,386.95837,423.72144,438.48022,531.7362,460.95184,578.0873,574.0155,594.77576,611.34973,628.1504,648.1842,644.91504,0.98277986,0.88626885,0.9833676,0.20581827,0.96511424,0.9841496,0.97784334,0.88295996,0.8655306,0.78771853,0.7833587,0.6312016,0.5545977,0.045651644,0.03626758,0.0053659678,0.004202366
111,646.7638,645.884,626.2794,636.2119,584.7814,679.50867,547.3242,758.96606,530.24866,847.71375,565.7125,676.6808,594.26984,706.0477,616.3469,668.4678,642.4551,328.25354,314.0432,319.87347,320.30615,337.47687,387.08936,423.91443,438.73468,532.2767,461.13538,578.60834,574.43945,595.1241,611.84564,628.3007,648.89703,644.96313,0.98269534,0.88578224,0.9833331,0.20565963,0.96513665,0.9840986,0.9777052,0.882177,0.8645292,0.7863969,0.78165734,0.6282309,0.5512014,0.045023263,0.035734862,0.00529629,0.004144758
112,646.9087,645.97955,626.5379,636.0046,584.9755,679.3407,547.1851,758.93976,530.8315,847.7809,567.47723,677.0274,594.59625,707.0498,617.50055,669.32886,643.87256,327.97363,313.8957,319.5523,320.4339,337.24335,387.17572,424.08246,438.6314,533.0825,461.20233,578.9445,574.9565,595.6985,611.97516,628.1661,649.4414,644.79987,0.9823515,0.8831146,0.98304105,0.20197496,0.9650718,0.98392856,0.9773299,0.88152045,0.86301506,0.78520364,0.7799611,0.6242006,0.54603505,0.044228286,0.0350188,0.0052061975,0.0040671825
113,646.8047,645.8034,626.4749,635.84845,585.125,679.05426,547.4843,758.0828,530.5203,846.6869,566.2399,676.7767,594.6628,706.206,616.7666,668.786,642.5287,327.91443,313.82562,319.59668,320.2627,337.31323,386.8188,423.80786,438.2694,532.32477,460.96887,578.5198,574.42633,595.20154,613.33746,629.85236,650.1333,646.10034,0.98258543,0.8838241,0.9833152,0.2029995,0.9655854,0.98406684,0.9781896,0.882414,0.868518,0.78695136,0.78638303,0.63142514,0.5572778,0.04467398,0.035832286,0.00518319,0.00408715
114,646.5761,645.4059,626.29517,635.2435,585.04095,679.2378,547.447,757.9747,530.5537,846.8969,567.62177,676.9175,594.6702,705.7573,616.4125,667.94727,643.02295,327.74847,313.6233,319.4616,320.0197,337.26874,386.65393,423.823,438.69653,533.2175,461.55725,579.05927,574.64166,595.3186,612.46173,628.23157,649.86865,644.23553,0.9821026,0.8810983,0.9827821,0.20165595,0.964927,0.98390067,0.97784114,0.88153005,0.8670392,0.7851534,0.7841315,0.62494284,0.5500545,0.04362026,0.034922183,0.005087793,0.0040097535
115,646.46954,645.3228,626.0494,635.47235,584.9523,679.44775,547.5406,758.20654,529.8799,847.2014,564.82965,676.57074,594.30023,706.26276,616.6982,668.11633,642.9306,327.89514,313.60583,319.6883,319.81946,337.58563,386.5921,423.92078,438.8062,532.7159,461.56116,579.14856,574.0697,594.9351,611.7832,628.3428,648.6014,644.44434,0.9828141,0.88625103,0.98343027,0.20755258,0.9654511,0.9841933,0.97818184,0.8816497,0.86641634,0.7843436,0.7823521,0.6245239,0.5494258,0.04355356,0.03485483,0.005089462,0.0040102303
116,646.09204,645.05066,625.5098,635.684,584.6428,679.7933,547.3761,758.67847,528.8291,847.85693,560.9952,676.32227,593.7447,704.8532,614.5619,666.86084,640.753,328.11383,313.72754,319.98767,319.75806,337.91217,386.5783,423.46375,439.39026,531.1959,461.61096,579.0451,572.96234,593.70233,610.51776,627.8323,646.05676,644.04193,0.9835007,0.8909256,0.98403144,0.21443143,0.9660122,0.9846321,0.97926474,0.8830663,0.87100697,0.78566825,0.78634423,0.6312503,0.55962485,0.044436008,0.035907418,0.0051773787,0.0041078925
117,646.29565,645.0256,626.04663,634.7195,584.8044,678.96985,546.9729,758.7927,528.80774,847.4688,560.3495,677.1604,594.6879,707.9916,616.8737,671.5482,642.8889,328.07025,314.02893,319.96484,320.44507,337.86823,386.4726,423.54224,438.4478,531.96875,460.71277,579.0924,573.50885,594.3259,613.3536,629.921,650.94946,647.3016,0.98258305,0.88238084,0.9833257,0.20021957,0.9660678,0.9843552,0.97890586,0.885064,0.8733883,0.7898655,0.79173267,0.6436649,0.5718981,0.046696097,0.03768885,0.0053590536,0.0042455494
118,646.16925,644.8603,625.8331,634.60376,584.55133,679.1162,546.8764,758.7373,528.65906,847.44086,559.2494,676.8543,594.4107,706.2465,615.81647,668.6078,642.7491,328.67078,314.41663,320.54718,320.34796,338.17627,386.45654,423.37903,438.85413,531.1859,461.02698,578.9895,573.36005,594.082,612.2009,628.96484,648.80444,645.8832,0.9826138,0.8838618,0.9832757,0.20406833,0.9656721,0.98438746,0.97870433,0.884109,0.87046456,0.78717375,0.7866703,0.63756484,0.564488,0.045788437,0.03674826,0.005307436,0.0041880608
119,646.07776,644.79785,625.91895,634.48083,584.8282,678.8751,546.90204,758.7627,528.663,847.38983,558.3995,676.8965,594.7004,705.1261,615.2113,667.7205,642.3524,328.45624,314.37146,320.3263,320.4508,337.87885,386.6327,423.18988,439.0121,530.8981,461.0995,579.5018,573.36804,593.9389,612.4833,629.29224,648.489,646.16644,0.982194,0.8814771,0.98284656,0.20350301,0.9651674,0.9841862,0.97865546,0.88362396,0.8712759,0.7865206,0.7870348,0.63534904,0.5634483,0.044938058,0.036204547,0.00518474,0.004103601
120,646.4338,644.6442,626.721,632.73944,584.778,677.987,546.18884,758.43286,527.7848,845.8737,558.55994,676.53467,594.47174,705.9964,615.20264,669.79736,643.7598,328.26062,314.63324,320.22803,320.8479,337.48035,387.10504,422.6347,437.98022,529.3396,460.51868,579.6311,575.0702,594.90845,613.58044,627.8074,652.4324,646.2118,0.97994095,0.86224747,0.9810053,0.1800093,0.964478,0.9834387,0.97780013,0.88540703,0.8756808,0.7927192,0.79687476,0.64532775,0.57442534,0.04725933,0.0381521,0.005428046,0.0042943954
121,646.26996,644.4487,626.7174,632.311,584.964,677.31055,546.07245,757.7438,528.7095,845.4525,559.9297,676.98035,595.29956,704.714,615.3888,668.3213,644.2372,327.97778,314.56,319.96155,321.1178,337.35718,386.71027,422.50354,437.3567,529.6341,460.42163,579.4823,574.163,594.17444,612.8859,627.6138,650.5665,644.9222,0.97922266,0.8574116,0.98033965,0.17718628,0.9641458,0.98313487,0.977715,0.88441515,0.8762908,0.790763,0.79672474,0.6406506,0.57094705,0.045710146,0.037053257,0.005231291,0.004150152
122,646.0849,644.2449,626.83276,631.6284,584.861,676.7099,545.66364,758.18243,529.3722,845.00507,561.45087,676.4572,594.8018,705.40564,615.60284,669.4865,644.2826,328.297,315.04352,320.16705,321.7068,337.24866,386.6892,422.35126,436.41327,529.746,459.6886,579.7063,574.2924,594.07837,613.83765,627.51294,653.56683,646.24963,0.97808343,0.84905595,0.97939813,0.16966912,0.9634204,0.98269343,0.97702473,0.8848874,0.8766899,0.79326886,0.7990005,0.64511347,0.57483095,0.04693979,0.038003743,0.0053564906,0.004244536
123,645.81006,644.15564,626.7162,631.7209,584.91785,676.4035,545.5325,758.0413,529.71545,845.64526,562.1999,676.5831,595.42224,703.9402,616.34955,667.4533,646.8877,328.529,315.25775,320.19012,321.75354,336.80792,386.86395,422.52692,436.66443,530.4503,460.37012,579.3904,573.7517,593.5582,612.67615,626.44586,651.09705,643.93964,0.9778185,0.84938556,0.9790985,0.17273974,0.9627825,0.9823089,0.9764697,0.8811492,0.8722508,0.7875601,0.79280126,0.62660736,0.55538356,0.043506652,0.03523165,0.0050034225,0.003968358
124,645.75244,643.89966,626.634,631.2537,584.72955,676.3428,545.38715,757.98065,529.853,845.2559,564.92206,676.37054,595.205,703.9977,616.9465,666.87134,647.45544,328.58594,315.19885,320.35107,321.57654,337.12073,386.57233,423.14203,436.3888,531.83514,460.35876,579.07697,574.0171,594.1449,612.4238,626.2002,651.7333,643.5404,0.9772394,0.84566146,0.978629,0.1696954,0.96237606,0.9819754,0.9758408,0.879745,0.86988926,0.78644323,0.7910661,0.62030923,0.5477028,0.04271424,0.034488797,0.004934579,0.0039044619
125,645.9308,644.01904,626.9732,630.8544,584.7316,676.05304,545.13513,757.50024,529.69617,845.1353,562.67505,675.6169,594.4878,703.0121,614.9628,665.9167,646.67615,328.6449,315.3542,320.30463,321.68268,336.75775,386.9474,422.68274,436.72546,530.9834,460.77588,579.2201,574.11816,593.6809,610.41766,623.03033,650.394,640.96423,0.976609,0.8398297,0.9781434,0.16380617,0.96241033,0.98191273,0.9756725,0.88052475,0.8706287,0.7876817,0.7923546,0.62207407,0.549243,0.04385385,0.03529051,0.005130321,0.00404492
126,645.7602,644.124,626.7296,631.4613,584.6132,675.1716,545.02594,756.64496,530.0897,845.4164,564.00775,675.9255,595.6086,704.9436,620.0956,668.1894,652.741,328.59265,315.25977,320.1765,321.52563,336.43658,386.2459,422.4994,436.35632,531.53357,460.7976,578.162,572.654,592.9759,607.6019,621.93866,647.0111,639.86316,0.97737235,0.84522617,0.9787866,0.1666756,0.96287215,0.9820657,0.9755356,0.8793644,0.8665563,0.78564614,0.78822285,0.6136999,0.5383005,0.04327959,0.034665525,0.0051306486,0.0040288568
127,645.3518,644.16345,626.03687,632.3904,583.7704,675.7988,544.8368,756.0399,529.69556,844.0681,564.41077,675.4414,594.6646,703.08844,618.1161,665.3924,651.19965,329.90424,316.20496,321.1577,321.8731,336.81317,386.85217,422.74414,437.32343,531.7733,461.59326,578.5585,573.3068,593.2518,608.77313,622.32007,647.6826,639.5575,0.97884995,0.8576643,0.98014045,0.1774953,0.9632818,0.982381,0.9756024,0.87762904,0.86262,0.78275275,0.78256667,0.60651374,0.5298898,0.042344064,0.033753216,0.0050679147,0.0039711
128,646.11914,644.79614,626.95447,632.2923,584.0941,675.9601,544.50134,756.4233,529.69855,843.27905,563.50616,676.0024,594.8861,704.6028,618.2343,666.8262,652.21423,329.95825,316.34534,321.12476,322.04016,336.5631,386.9845,422.63312,436.9787,531.4102,461.56714,578.78284,573.2496,593.0266,607.956,620.8734,647.9834,639.06195,0.9779656,0.8492639,0.9794965,0.1678932,0.9634062,0.98216254,0.9753845,0.8786069,0.86424947,0.785132,0.7859591,0.6115874,0.53502744,0.043670565,0.034763187,0.0052351654,0.00409323
129,646.3929,644.79346,626.9231,632.2202,584.00793,675.79034,544.71265,756.2335,528.66907,843.64124,560.68207,674.8201,593.8058,704.6379,617.7086,666.7676,649.68976,330.1051,316.18872,321.58118,321.66882,337.5609,386.43677,423.0929,437.3567,531.8153,462.3827,578.83905,573.1655,593.5295,607.68384,622.15735,646.782,639.7067,0.9788039,0.85328186,0.98042333,0.16814438,0.96455395,0.9823221,0.9757937,0.8787706,0.8653479,0.7847762,0.7868335,0.61013854,0.53419137,0.04280162,0.03414607,0.005111277,0.0039967
130,646.2819,644.7006,626.9093,632.08887,584.05634,675.8551,544.47437,756.0853,528.7693,844.10126,560.1489,674.485,593.29236,703.87366,616.8562,665.66284,649.5391,330.06396,316.28204,321.52197,321.84766,337.42853,386.58435,423.02454,437.85864,532.4013,463.07013,579.3534,573.42474,593.5713,608.94324,622.8565,647.259,639.36725,0.9781525,0.8499426,0.979728,0.167391,0.9638585,0.9822936,0.97544503,0.8789909,0.86345243,0.78315985,0.78298664,0.61217386,0.53464925,0.042963564,0.034043044,0.0051264763,0.003990233
131,645.7611,644.5143,626.0767,632.92706,583.3089,676.1176,544.8138,756.04956,528.582,843.94806,559.6164,674.341,593.16254,703.58453,616.2134,666.03845,648.17834,331.0937,316.96313,322.49097,321.88312,338.0196,386.51038,423.1563,438.12402,532.12274,463.3487,579.3266,573.03925,593.31287,608.19696,622.7365,646.0499,639.2561,0.9793922,0.8596063,0.9807848,0.17546466,0.9640148,0.9826366,0.97605056,0.87991273,0.86508256,0.78596264,0.7858809,0.6168096,0.5404455,0.044340968,0.035274,0.0053283274,0.0041614175
132,645.53125,644.2963,625.6573,633.1717,583.1968,676.18384,545.3126,755.47925,528.09424,843.38654,558.451,675.0838,594.10364,704.15356,617.07355,667.0274,647.9663,331.36847,317.1344,322.95416,321.8817,338.68536,386.14685,423.3058,438.36548,532.3352,463.32385,579.7777,572.701,593.36365,607.4439,623.0291,644.3,639.0158,0.979727,0.8616164,0.980989,0.17813537,0.96406573,0.9828955,0.97704196,0.88171995,0.87051123,0.78900236,0.7924539,0.6243356,0.5514421,0.045288026,0.036443412,0.0054130554,0.0042652786
133,645.40656,644.45886,625.51465,633.8962,583.0781,676.06213,545.24603,755.3074,527.6356,841.875,557.65356,674.33704,593.3039,704.3211,616.36755,667.8063,646.2058,332.12897,317.83594,323.6433,322.33203,339.00513,386.3899,423.47827,438.16943,531.9383,462.83038,579.8185,572.8171,593.53564,608.06976,624.1713,644.8292,640.7835,0.9805646,0.8681814,0.9817723,0.18400958,0.96427536,0.9830631,0.97730434,0.88246095,0.8710769,0.79150784,0.7939447,0.6293522,0.55676275,0.04647684,0.03742495,0.0055609345,0.004384786
134,645.995,644.6762,626.33484,633.00604,583.424,675.56433,544.8522,755.00977,527.0841,841.1967,555.4974,674.66205,593.7331,703.1901,614.9736,667.13586,645.59467,332.06958,318.04187,323.67145,322.72357,339.03918,386.37183,423.0105,437.63947,530.6864,462.7232,579.9513,572.0565,592.4828,608.98846,624.5335,645.25964,640.73065,0.9786282,0.85263276,0.98018175,0.16925204,0.96373034,0.9824152,0.9769245,0.8831303,0.87483644,0.7932155,0.79916143,0.6358438,0.56552184,0.046984076,0.03796944,0.0055432916,0.004374385
135,646.10016,644.7468,626.6367,632.7412,583.6012,675.4701,544.53485,755.61096,527.32306,841.92584,556.58875,675.37445,594.44684,704.7746,616.99084,667.9719,648.1577,332.12915,318.2292,323.6568,323.00403,338.82886,386.73834,423.37927,436.9878,530.7841,462.8614,579.61487,572.69916,593.17944,610.3578,625.6508,647.14856,642.0482,0.9779655,0.8476037,0.97964585,0.16564295,0.9635892,0.9822495,0.97670263,0.8826293,0.87458897,0.7922894,0.799219,0.6360423,0.5655845,0.046766818,0.037864834,0.0054854155,0.0043352246
136,645.71265,644.6563,626.28314,633.288,583.545,675.68713,544.5803,756.0039,527.0163,843.6924,555.59454,675.6126,594.72473,704.42255,617.02026,667.44025,648.71576,333.1801,319.13843,324.5462,323.41388,339.0735,386.75348,423.16315,437.29785,530.5091,463.73743,579.6373,571.70496,592.13135,610.3425,625.84937,646.4831,642.1476,0.9781737,0.8509995,0.97970676,0.1714764,0.9631208,0.98245275,0.9771229,0.8828094,0.87555766,0.7915934,0.7991919,0.6392267,0.5700745,0.04743603,0.038603693,0.005564779,0.00441885
137,645.8717,644.8613,626.6858,633.05756,583.8708,675.0403,544.4808,756.12524,527.651,844.2144,555.54266,675.386,595.0674,703.4164,617.79486,665.9844,650.18896,332.91107,319.1137,324.14886,323.73175,338.5584,386.88586,423.12488,437.0044,531.0125,463.83618,579.88,571.75543,592.06555,608.1354,623.3197,643.9306,639.13776,0.9773279,0.8451401,0.9789442,0.16738793,0.9626662,0.9820351,0.97654086,0.88084733,0.87314045,0.7884344,0.7957516,0.6260341,0.5558926,0.04501143,0.036563724,0.0053254664,0.004222065
138,645.7629,644.9353,626.42847,633.7356,583.87775,674.85815,544.7082,754.989,527.5701,842.96326,555.7151,674.3261,594.09607,702.88196,616.90594,666.0307,648.43445,333.49994,319.54834,324.75153,323.9779,339.146,386.87164,423.15875,437.52405,530.8536,463.79822,579.4542,571.20197,591.6876,607.5151,623.6223,642.4219,639.2735,0.9783042,0.85265505,0.9798175,0.17331323,0.9630038,0.98221207,0.9768193,0.8809872,0.8732206,0.78923285,0.79598475,0.62592185,0.55600244,0.04502946,0.0366081,0.005343318,0.0042378902
139,645.8679,644.9709,626.43195,633.7241,583.7645,675.0423,544.45496,755.0509,527.3697,842.91376,555.4062,674.48285,593.97723,703.7257,617.1602,666.23895,648.82434,333.6848,319.5746,324.94495,323.86847,339.3982,386.95416,423.47278,437.99194,531.1989,463.9015,579.4636,571.12933,591.818,607.0874,623.6736,642.45,640.01,0.97861624,0.85490096,0.9801128,0.17451853,0.96332395,0.982404,0.9766987,0.8810241,0.8707404,0.788346,0.79259706,0.62568325,0.5537784,0.045529425,0.036737412,0.005434096,0.0042850077
140,645.96783,645.09467,626.52716,633.92163,583.8195,675.2899,544.4666,755.7416,527.65955,842.5315,557.2141,674.7948,594.06995,704.7969,617.80334,667.44617,648.83417,333.82593,319.6767,325.0841,323.96454,339.5395,387.08356,423.76337,438.02917,531.468,463.81238,579.08405,571.58997,592.3997,607.9268,624.7283,644.2872,642.0807,0.97868276,0.8553808,0.980196,0.17472765,0.9632524,0.9823614,0.97667253,0.8812205,0.8712443,0.7898432,0.7944213,0.62765,0.55590814,0.04591486,0.037121296,0.0054546297,0.004307866
141,646.19635,645.42975,626.5618,634.7067,583.8291,675.8693,544.91766,755.94104,528.03424,842.90906,558.95886,673.7346,592.98834,703.6547,616.8407,665.069,647.3151,334.1942,319.71362,325.41138,323.49658,339.67194,387.02728,424.26666,438.3512,532.48627,464.3103,579.6172,572.4164,593.3556,607.36554,624.30225,643.2558,640.8509,0.9792808,0.86054474,0.98067665,0.18041581,0.9631013,0.98253417,0.9767262,0.8803842,0.8691858,0.7886975,0.79148555,0.6228617,0.5500864,0.045407802,0.036624283,0.0054556727,0.004302919
142,646.32245,645.6453,626.6721,635.0956,583.8843,675.6938,545.02893,755.9899,527.86414,842.9606,558.7043,674.2108,593.47925,706.50024,618.4206,669.03625,648.1606,334.44763,319.85687,325.59027,323.43848,339.5971,386.98724,424.04413,438.0807,531.60004,463.84894,579.27203,572.2809,593.4131,608.0097,625.5414,644.3832,643.26917,0.9798465,0.86349624,0.9812908,0.18047816,0.9636514,0.98256385,0.97685784,0.8812124,0.87081313,0.7915392,0.7953149,0.62774825,0.55556256,0.046352208,0.037531316,0.0055395067,0.0043802857
143,647.3732,646.45154,627.90955,634.7141,584.54535,675.4237,544.97906,756.18695,527.94135,843.1613,556.323,675.14575,594.43097,706.86694,618.4141,670.5891,648.2113,332.99908,319.03735,324.20013,323.65857,338.7013,387.11902,422.9109,438.101,530.38074,463.73102,579.28723,572.45337,592.96497,608.0513,624.3264,644.56854,642.04846,0.9784554,0.85112655,0.98017704,0.1658957,0.9637867,0.9821316,0.9761228,0.8822348,0.8711071,0.7920182,0.79584205,0.6305579,0.55725574,0.04660213,0.037424386,0.0055448115,0.0043506026
144,647.2486,646.54755,627.845,635.05994,584.5988,675.46735,544.98627,756.21484,528.11304,843.13605,555.6511,675.3141,594.3599,707.42224,617.7129,672.32306,647.1684,332.74768,318.97577,323.85394,323.93878,338.36853,387.26074,422.54602,438.0019,529.9343,463.78754,578.8352,572.1892,592.44226,608.7067,624.60175,645.45953,642.61273,0.9790393,0.8553364,0.98065937,0.16878837,0.96412575,0.9823859,0.97642684,0.88353,0.872155,0.79359937,0.7970544,0.6373425,0.56425136,0.047903895,0.03844005,0.005683154,0.0044587553
145,647.40607,646.75964,628.2085,635.1737,584.99084,675.1459,545.4273,755.81335,528.4698,843.62683,555.29596,675.4791,595.1077,707.5399,618.7551,673.0559,648.70844,332.7942,319.1161,323.80872,323.90564,337.8579,386.93457,422.12573,437.77722,530.2938,463.9682,579.2344,571.8986,592.04443,610.1698,625.4977,646.11475,642.39996,0.9787338,0.8514216,0.9804452,0.1656231,0.9643086,0.9824091,0.97720623,0.88436306,0.877761,0.7953976,0.8040481,0.64391124,0.5747829,0.04842353,0.03943929,0.0056702793,0.0044980943
146,647.6572,647.0376,628.60596,635.30005,585.39496,675.41284,545.74225,756.21277,528.42615,844.1415,555.4582,675.26715,594.7811,708.209,618.13293,674.2025,647.73004,332.63306,318.99402,323.5053,323.8955,337.44153,387.3026,422.146,438.31775,530.95087,464.39014,579.25354,572.80804,592.5939,610.43634,624.55725,647.1909,641.5423,0.9786881,0.85153246,0.98036015,0.16598326,0.963936,0.9822608,0.97688854,0.8837863,0.87667406,0.7950448,0.8032559,0.6399549,0.5701188,0.047741592,0.03883943,0.0056043863,0.0044472516
147,647.8381,647.0329,628.7755,635.0065,585.41174,675.76495,545.67377,756.7754,528.45435,844.1431,555.61285,675.02454,594.28577,707.96906,617.23035,673.055,646.9526,332.6532,318.86243,323.54938,323.5384,337.45728,387.34363,422.12427,438.46027,530.51526,464.2721,579.65955,573.08203,592.75946,610.77826,624.6813,648.11,642.3601,0.97881,0.85216486,0.98051673,0.1664966,0.9641516,0.9823749,0.97690773,0.8836739,0.8760758,0.7944478,0.8018892,0.64021665,0.5699903,0.047941267,0.038927317,0.0056355596,0.004465282
148,647.84576,647.1477,629.07306,635.0266,585.98474,675.8219,545.6266,757.01154,528.4754,844.5155,555.5284,674.79724,593.9737,706.9785,616.30255,672.1467,646.5955,332.37653,318.8368,323.15845,323.82562,336.937,387.55872,421.78607,438.59705,530.62744,464.2246,579.6095,573.8684,593.16797,610.7815,623.92377,648.2311,641.62964,0.97812855,0.84789824,0.97979903,0.16520464,0.9633897,0.9822132,0.97690904,0.8838202,0.87754035,0.7948008,0.8033776,0.6388636,0.5697056,0.04721704,0.038499773,0.0055309236,0.004398763
149,647.75775,647.1314,628.9788,635.1067,585.9466,675.90686,545.63165,756.79065,528.1902,844.596,554.40106,674.0717,593.2832,704.9585,614.42975,669.831,645.2838,332.59265,319.0315,323.31342,323.9466,336.98865,387.97852,421.86102,439.01636,530.3666,464.3324,579.5334,574.1448,593.15125,609.973,622.72485,646.9232,640.03625,0.97809863,0.84810615,0.9797547,0.16630843,0.9632497,0.9821597,0.9769484,0.88305116,0.87752503,0.7938129,0.8028859,0.63370275,0.56516016,0.04615262,0.037694395,0.0054249465,0.0043196976
150,647.5855,647.7877,628.9831,636.92786,585.91235,676.0062,545.40485,757.031,528.6199,843.85834,557.5471,677.00635,595.36646,714.6119,619.66797,683.34924,649.0729,332.38898,319.0603,322.64062,324.1792,335.4596,387.96704,421.39795,437.55096,530.5886,463.09033,579.6908,575.1615,594.4666,614.4786,627.16895,654.6484,647.7792,0.97927177,0.85534286,0.9806912,0.16820672,0.9634484,0.9829224,0.97769165,0.8904445,0.8832409,0.8082439,0.8154432,0.6755546,0.6071521,0.056789458,0.04633668,0.0066086054,0.005266875
151,647.7736,647.7181,629.09875,636.65796,586.2349,676.0474,545.9476,756.9209,528.5629,844.891,555.807,675.7685,594.3386,710.44495,615.3962,679.7968,644.37335,332.2077,318.93884,322.74573,324.1106,335.97565,387.865,420.6953,438.22552,528.7696,463.9508,579.81854,574.1581,593.05835,614.03265,626.9137,651.9408,646.1174,0.9791702,0.85240555,0.98084307,0.16527215,0.96435535,0.9826634,0.9785714,0.88943857,0.8902454,0.8070035,0.82235354,0.67068577,0.6089616,0.053112596,0.044365883,0.0060700774,0.00491333
152,647.9508,647.9237,629.29364,636.83044,586.4785,676.34375,546.0416,757.28845,528.4273,845.59314,554.7946,676.6367,595.2573,710.49066,616.0224,679.786,646.2461,332.13293,318.90204,322.60394,324.18604,335.85492,388.10327,420.71924,438.10583,528.1384,464.26508,578.94934,573.2716,592.11145,612.2794,625.2071,649.4964,643.8491,0.97927725,0.85347044,0.9808785,0.16686997,0.9644337,0.9826728,0.97867596,0.88853204,0.8896797,0.8052606,0.8213831,0.66501904,0.60358167,0.051885515,0.043409735,0.0059500337,0.0048235357
153,647.9249,648.26495,628.99396,637.9166,586.0372,676.46594,545.7858,757.64905,528.3861,845.4172,556.5955,676.78394,595.1816,711.5136,617.4583,680.44604,646.5819,332.6504,319.1695,322.94403,324.2262,335.98016,388.1831,421.19897,438.3557,529.0738,463.9657,579.0813,574.3365,593.6285,613.07336,627.15405,650.4995,646.51746,0.9806974,0.86514115,0.9821247,0.17554757,0.96490335,0.98303723,0.97846603,0.8881672,0.8847691,0.80463445,0.8155928,0.66177905,0.5964118,0.051975727,0.042942107,0.006014645,0.004832804
154,647.8021,648.27344,628.7141,638.474,586.0575,676.9597,546.07935,757.94617,528.8525,845.2109,556.99976,676.51526,594.6026,713.0241,618.0753,681.5184,645.63116,332.41608,318.8153,322.77747,323.96277,336.12836,388.20862,421.65546,438.41876,529.6188,463.31738,579.0504,574.8376,594.41223,614.6561,629.43646,652.9215,649.9084,0.98162496,0.8720683,0.9829134,0.18212774,0.9654641,0.98359823,0.9789907,0.8897831,0.885104,0.80637705,0.8156283,0.67145514,0.6056671,0.05437699,0.044849962,0.0062686503,0.005032599
155,648.0537,648.36664,629.13947,638.14374,586.4409,677.69116,546.19934,758.46204,528.8334,845.6239,556.76166,676.0408,594.0066,711.1885,616.89514,677.84644,646.0337,332.05597,318.48657,322.3664,323.57086,335.59595,388.45587,421.74457,438.77814,530.3538,463.57635,579.2656,575.8775,594.94824,614.1922,627.2677,652.9238,647.036,0.98052245,0.8656517,0.98176235,0.179636,0.9641242,0.9833619,0.9783058,0.88838583,0.8814988,0.8032179,0.81015015,0.6639254,0.5958222,0.05318114,0.043513775,0.0061939657,0.0049487352
156,648.3198,648.7627,629.47705,638.4755,586.7628,677.76013,546.4083,759.09564,529.17334,847.6941,556.9441,676.5654,594.65735,710.74255,616.9417,677.8406,646.2708,331.97485,318.58203,322.14197,323.98676,335.33838,388.61157,421.5462,438.70447,530.61804,463.64435,579.245,575.4487,594.29565,612.9717,625.4874,651.37024,644.6187,0.98038554,0.8649279,0.98161554,0.17891729,0.9640347,0.983251,0.9781291,0.8877214,0.8806337,0.80174863,0.8086413,0.65863264,0.590064,0.052033424,0.042525887,0.006085962,0.004859656
157,648.2917,648.78253,629.4609,638.52734,586.72723,677.50653,546.2912,759.1859,529.1835,847.8643,557.13617,676.35706,594.74036,711.1687,618.6741,678.1684,648.499,332.1305,318.75787,322.28748,324.1787,335.43774,388.6725,421.75165,438.724,531.03723,463.19775,578.4797,574.97205,593.9877,611.5127,624.30505,650.1672,643.70844,0.9803865,0.8654623,0.9816086,0.17939371,0.96395135,0.98316425,0.9777349,0.8864603,0.87738895,0.799971,0.80512583,0.65195173,0.5813581,0.051372796,0.041784734,0.006063193,0.0048237145
158,648.12476,648.70764,629.2219,638.7114,586.50574,677.22687,546.2665,758.3496,528.79047,847.13904,557.5536,676.0309,594.5731,710.4153,618.17975,677.91266,647.96545,332.41998,318.90967,322.51355,324.10773,335.52142,388.46973,421.93927,438.33575,531.32574,463.14142,578.46155,574.92505,594.117,612.42615,625.485,650.40735,644.01544,0.9807159,0.86764514,0.9818959,0.18130165,0.9640299,0.9832382,0.9780779,0.8868921,0.87910557,0.801706,0.80796343,0.6551814,0.5858681,0.051777273,0.042272687,0.0060804784,0.004851371
159,648.00195,648.6136,629.0664,638.84924,586.45703,677.6887,546.21936,758.49414,528.2475,846.8827,557.9082,675.5144,593.94604,709.97986,618.4797,676.1309,648.8648,332.46045,318.82727,322.5476,323.7995,335.44867,388.59552,422.05353,438.4862,531.41315,462.59753,578.4025,575.3683,594.4947,610.9102,623.65857,649.68713,642.8053,0.9808205,0.87006354,0.98192704,0.18520677,0.9635916,0.9831948,0.97753847,0.8850536,0.87433434,0.7988688,0.80192065,0.6446763,0.5726145,0.05049926,0.040932685,0.006022811,0.0047833025
160,648.08093,648.5183,629.43066,638.1624,586.7774,677.3258,546.1287,758.21,528.503,846.6818,557.3327,675.96295,594.6894,709.90466,619.0123,675.24475,650.31757,332.5031,318.98877,322.57263,323.85168,335.16632,388.4886,421.96967,438.45532,531.9312,462.60522,579.13855,575.94525,595.01434,611.40356,623.71423,650.1727,642.69946,0.97998303,0.8639234,0.9811387,0.18107712,0.96313477,0.983062,0.97747743,0.8849155,0.8747541,0.7975749,0.8013145,0.6435717,0.5719172,0.049918443,0.04050395,0.0059357584,0.0047198534
161,648.03564,648.6807,629.2605,638.9084,586.70966,677.3887,546.6463,757.62225,529.0372,846.3828,558.2613,676.07605,594.9166,711.0984,619.57434,677.0624,649.92694,332.55725,318.91504,322.59326,323.52216,334.99725,388.12964,421.8755,438.4214,532.31635,462.3684,579.08844,576.0137,595.2865,612.03357,624.7261,650.68243,643.62976,0.9810667,0.8712299,0.98211384,0.18691134,0.9638176,0.9835068,0.978135,0.8862618,0.87642974,0.7998247,0.8036778,0.65119743,0.58029073,0.051800758,0.04213515,0.00616616,0.0049141347
162,648.022,648.6977,629.21484,638.92194,586.4859,677.4302,546.49817,757.69165,529.14136,846.2451,559.6837,676.7439,595.6781,711.7191,621.1977,677.44885,652.7553,332.64978,318.92523,322.56366,323.39038,334.77502,388.23657,422.10956,438.38452,532.7646,462.18005,578.6011,575.929,595.2825,611.2177,623.70844,649.7296,642.0909,0.98089886,0.87054473,0.98191,0.18657881,0.9634391,0.98335683,0.9777616,0.8849583,0.8738489,0.79864895,0.8015835,0.64472157,0.57246107,0.050956756,0.041330934,0.006104827,0.0048574805
163,648.1398,648.94904,629.4939,639.13354,586.6361,677.40466,546.2218,757.8897,528.9031,846.7291,560.4514,675.7922,594.7132,710.83813,620.3052,676.25525,652.4891,332.73022,319.00458,322.42438,323.35382,334.18262,388.56152,422.03735,438.58337,533.15393,461.9721,578.4026,576.2214,595.2633,611.2903,622.87964,650.88916,642.00446,0.9808091,0.8708613,0.98181194,0.18773422,0.9630353,0.9833338,0.97727597,0.8842182,0.8703107,0.79780436,0.7976545,0.6424457,0.5677165,0.05158952,0.0414972,0.006242901,0.004937917
164,647.87964,648.96704,629.12286,639.6524,586.40375,677.3956,546.20135,756.9352,529.0095,845.85034,560.4165,675.66327,594.56366,709.51794,619.4204,674.70135,651.7648,333.05103,319.31116,322.62714,323.7166,334.3424,388.9015,422.21838,438.47522,532.96954,461.9206,578.7746,576.4197,595.39197,611.838,623.5581,650.5736,642.0716,0.9814737,0.876027,0.9824579,0.19286802,0.9635959,0.9834344,0.9774726,0.88320196,0.8695646,0.79599273,0.79577625,0.6374115,0.5630219,0.050028026,0.0402824,0.006047368,0.0047881603
165,648.0106,648.8988,629.4424,639.18054,586.7039,677.3077,546.09827,756.827,529.2617,845.6096,562.0989,676.5035,595.15234,712.7567,621.1585,678.3439,653.1915,332.7934,319.1277,322.38947,323.57135,334.0609,388.75812,422.24353,438.05206,533.60956,460.5443,579.5813,577.3651,596.50305,615.199,626.57306,655.03046,645.874,0.98091125,0.8708992,0.98199224,0.18666664,0.96348405,0.983408,0.9775158,0.88516,0.87249625,0.7995888,0.8003947,0.65049326,0.57678854,0.05232972,0.042248845,0.006226212,0.004941076
166,647.7894,648.8154,629.2115,639.3605,586.6019,677.1647,546.168,757.71387,528.8524,847.22906,559.0096,675.63226,594.3926,711.5052,619.3976,678.15155,650.84143,332.9303,319.29858,322.51587,323.73145,334.09406,388.81787,421.7918,437.8189,532.17084,460.42944,579.5124,576.75323,595.65625,615.00806,626.61475,653.82825,645.7852,0.98121357,0.873248,0.98224604,0.18913916,0.9634714,0.9834418,0.9777269,0.88585913,0.8742462,0.80088985,0.8021456,0.65296453,0.580479,0.052387476,0.042435378,0.0062060356,0.004935533
167,648.2889,649.142,629.6626,639.36646,586.7358,677.69476,546.1212,757.64197,529.12524,846.74426,560.10126,676.183,594.54034,711.95166,619.3059,677.3564,651.0413,332.8092,319.03735,322.40405,323.23242,333.93353,388.4756,421.91504,437.81793,533.02155,460.0255,579.97034,577.9425,596.9675,616.5984,627.9813,656.13696,647.3087,0.9803821,0.8678243,0.9814422,0.1838136,0.962649,0.98330617,0.9769982,0.88638055,0.8711608,0.80109096,0.79859126,0.6567677,0.5813064,0.053724438,0.042954803,0.0063785017,0.005023271
168,648.2134,649.21106,629.5945,639.569,586.7078,677.34467,545.90924,757.3053,529.1718,846.58685,561.08044,675.8629,594.358,711.5318,619.7409,676.9775,651.55206,332.79016,319.05963,322.28912,323.3947,333.79266,388.44208,421.94507,437.73523,533.55695,459.36493,579.588,577.9705,597.10535,615.63605,627.2516,655.18396,646.6145,0.98062503,0.8702606,0.98162985,0.18612632,0.9626085,0.9832761,0.9766494,0.88539624,0.8677919,0.7996656,0.7946341,0.6500161,0.57241225,0.05267504,0.04184881,0.0063005984,0.0049393773
169,648.40063,649.2103,629.76074,639.15356,586.68445,677.343,545.8527,758.1214,529.2313,847.2652,560.3824,676.64746,595.0284,713.0918,620.575,679.22736,652.3003,332.78424,319.1173,322.37244,323.64368,334.13635,388.52435,421.92297,437.77594,533.0143,459.42786,579.2147,577.288,596.4557,614.38196,626.1183,654.24146,645.9626,0.9804741,0.8679657,0.98154783,0.18220678,0.96294934,0.9832298,0.9767362,0.88603103,0.8695532,0.8008051,0.797398,0.65195537,0.575153,0.053118438,0.042310417,0.006344706,0.0049810708
170,648.3545,649.14874,629.78235,638.78156,586.5656,677.212,545.659,758.4317,528.3993,847.58154,556.5003,676.6259,594.66815,712.82776,618.00085,680.16095,648.4799,332.70862,319.302,322.2962,324.31494,334.3017,389.00623,421.77222,437.5451,532.1309,459.4768,579.44354,577.4356,596.1084,616.0991,626.9076,656.0723,646.72473,0.98039436,0.86654997,0.9815663,0.17908287,0.9633274,0.98318124,0.9768185,0.8874022,0.87218904,0.80246127,0.80021197,0.6596389,0.58423316,0.05401185,0.043045282,0.006380111,0.0050102174
171,648.50604,648.9739,629.88635,638.1518,586.4989,677.52997,545.3422,758.49915,528.0165,847.3102,556.6498,675.90515,593.6149,711.67426,616.4943,677.7891,647.7449,332.79773,319.26624,322.52313,324.12195,334.73456,389.09662,421.96765,437.742,531.7717,459.5708,579.0301,577.2151,595.7903,615.2505,625.75916,655.3364,645.39014,0.97978425,0.8621909,0.98108387,0.17555878,0.96314657,0.9829713,0.9764278,0.886335,0.8708248,0.8006712,0.7983241,0.65523815,0.5791869,0.053153753,0.042258114,0.0063055754,0.004939109
172,648.2105,648.66455,629.3393,638.1921,585.8724,677.4446,545.5306,758.7977,528.5011,846.90137,559.135,676.5385,594.25714,714.8259,619.34,681.63806,649.0005,332.94995,319.26593,322.83112,323.95227,335.22314,388.646,422.1195,437.2755,531.97186,458.90234,579.9695,576.97894,596.0723,615.0004,626.29895,656.31555,647.2536,0.9805198,0.8672989,0.98175585,0.17831895,0.9635066,0.983173,0.9764086,0.8873433,0.87014616,0.80287695,0.7986671,0.66066587,0.5833505,0.055279076,0.043818295,0.0065945387,0.0051555037
173,647.92786,647.8313,629.03503,636.9143,585.697,677.39734,545.47687,758.323,529.0251,846.57367,562.4469,676.8735,594.60266,714.44226,619.8228,679.83276,649.3983,333.07825,319.31854,323.41003,323.66455,336.14594,387.9173,422.57043,437.44507,533.3611,458.8418,580.8295,576.9044,596.5061,616.937,628.77405,657.744,648.7077,0.97976696,0.86056584,0.98114896,0.17450595,0.9636991,0.9833205,0.9773942,0.8882928,0.87640357,0.80309606,0.8045016,0.66990304,0.5970938,0.056058377,0.045122534,0.0065768957,0.0051983297
174,647.80237,647.7532,628.633,636.99255,585.159,677.2323,545.62396,757.82874,529.07684,845.59296,561.1145,676.1989,593.9857,713.04254,617.91504,678.79047,646.348,333.4245,319.54242,323.7774,323.93292,336.79498,388.3012,422.80035,437.8625,532.7616,458.85022,581.0433,576.5221,595.996,616.19574,628.2204,655.9688,647.5672,0.98065746,0.86526895,0.98207426,0.1767075,0.96485466,0.9836134,0.9783028,0.88910174,0.8806266,0.8050069,0.80961573,0.67397654,0.6044232,0.05674401,0.04609832,0.006651491,0.005289167
175,647.6676,647.4972,628.77515,636.44305,585.4418,676.88214,545.433,757.0894,528.8006,845.0882,561.6857,674.89435,592.72076,711.8195,615.7369,676.97394,644.0953,333.81525,319.94257,324.12994,324.10663,336.8037,388.6906,422.88098,437.73938,532.4207,458.6919,581.297,577.1215,596.2968,618.55554,629.8201,658.8524,649.57043,0.98009664,0.8613795,0.9816103,0.17544419,0.9644667,0.9835614,0.9784421,0.88960683,0.88295543,0.8059475,0.81205726,0.68098325,0.6132237,0.058033258,0.04738319,0.006746143,0.005384773
176,647.6302,647.34515,628.6887,636.1423,585.25195,676.79114,545.7093,756.89526,528.4675,844.91644,558.71576,675.11707,593.2605,710.70337,614.9745,675.8743,643.2228,334.00073,320.1128,324.42078,324.09418,337.06818,388.5785,422.72864,437.7605,531.83655,458.7245,581.71924,576.7424,595.7963,618.7185,629.8841,658.1692,648.9629,0.9797989,0.8587953,0.9813894,0.17307222,0.964457,0.9834564,0.9785601,0.88971716,0.88461375,0.8059704,0.8136485,0.6819405,0.61577266,0.057837307,0.04738787,0.0066977143,0.0053584278
177,647.74274,647.17316,628.8264,635.3337,585.30817,676.30817,545.72266,756.9855,528.623,845.9905,556.8628,675.22833,593.69324,709.3712,614.2319,674.8284,642.3291,333.54675,319.8617,324.15466,324.24518,337.28687,388.32617,422.52728,437.16766,531.2032,458.58154,581.79376,575.697,594.7334,618.9336,630.25977,657.5535,648.5732,0.9795456,0.8551072,0.9813758,0.1679616,0.965402,0.9831911,0.9785731,0.88834107,0.88570595,0.8027579,0.81346893,0.6745701,0.60984355,0.05431369,0.044733614,0.006196201,0.004970461
178,647.61096,646.9009,628.3812,635.362,584.9347,676.845,545.8025,757.9633,528.3046,846.90045,557.2292,674.8924,593.13074,709.1403,613.8208,674.02026,641.30316,333.49634,319.49982,324.30188,323.6256,337.8197,388.26025,422.96716,437.71954,531.0983,458.72388,581.312,575.36633,594.7271,617.01227,629.39294,655.8156,648.30774,0.98018163,0.86090696,0.98185956,0.17355305,0.96538794,0.9833776,0.97847164,0.8877554,0.88291276,0.80165696,0.8098321,0.6706674,0.6041127,0.054332823,0.044491917,0.0062737465,0.005010456
179,646.9901,646.604,627.04425,636.5682,583.65625,677.636,546.19934,758.03015,528.0375,847.25696,557.87866,674.8707,592.8768,710.36707,614.9791,674.9183,641.47253,334.2636,319.5984,325.0952,322.85345,338.54236,388.12762,423.42468,438.2083,530.7272,458.57642,580.49567,575.591,595.45996,616.1269,629.9413,654.6427,649.0881,0.9822958,0.8784844,0.9836219,0.18920243,0.96586514,0.9839974,0.97838604,0.88761693,0.87692064,0.8015691,0.8033004,0.6683086,0.5973707,0.055533707,0.044849187,0.0065482557,0.00518018
180,647.2306,646.36725,627.47473,635.22437,584.03516,677.21875,546.00916,757.09906,528.8661,846.3549,561.95215,675.3044,593.7339,708.3976,616.44696,672.1251,645.4292,333.31268,318.96185,324.30023,322.87115,338.38074,387.9812,423.23615,438.01172,530.981,458.72437,579.96027,575.13336,594.86487,614.3981,627.3287,652.6377,645.0335,0.97999704,0.8609427,0.9816596,0.1730696,0.96492255,0.98291576,0.9773398,0.8838749,0.8764869,0.79695916,0.8034041,0.6480193,0.5778446,0.04979998,0.040512443,0.0058290064,0.004630834
181,647.01056,645.91156,627.26154,634.35834,583.6441,676.3297,546.0692,757.19727,529.48413,846.95764,563.1845,675.6472,594.85474,707.28204,617.3763,671.8469,646.65906,333.46637,319.16925,324.6314,323.0069,338.79346,387.45007,423.193,437.12903,530.60345,458.94977,579.5602,573.9088,593.90234,613.7708,627.2295,651.03467,643.79736,0.97978914,0.8579354,0.981642,0.16921481,0.96541667,0.98259723,0.97748506,0.88260293,0.87891304,0.79611254,0.806877,0.6420441,0.57446414,0.04781851,0.03931725,0.0055576563,0.0044451356
182,646.79333,645.79895,626.92224,634.63806,583.4197,676.6966,546.3046,757.40576,528.76666,847.00183,558.70593,675.063,594.0875,706.31287,614.8408,671.18726,643.4512,334.1931,319.7704,325.37878,323.32446,339.41876,387.7616,423.12274,437.11432,529.0213,458.82513,579.4061,573.16064,592.85974,614.528,628.00134,650.7821,644.3096,0.9805739,0.8633218,0.982364,0.17392445,0.9660269,0.9830013,0.9784013,0.8844069,0.8831471,0.7986283,0.81133974,0.65277714,0.58832794,0.04951209,0.041027337,0.0057110786,0.004594147
183,646.7404,645.673,626.7527,634.394,583.0413,676.3502,546.10767,757.0907,528.61584,847.13965,559.07574,674.81854,594.0198,706.20557,615.3421,671.01434,644.52686,334.57068,319.94385,325.71106,323.22064,339.66345,387.83038,423.40125,437.84814,529.654,459.23254,579.27124,574.07184,593.94385,613.4425,627.1907,649.73364,643.4479,0.98056364,0.8641937,0.98226315,0.1742025,0.96551096,0.9828879,0.97758067,0.8835429,0.8778192,0.79721427,0.80542177,0.6441673,0.57555044,0.048608482,0.039706796,0.0056854784,0.0045255423
184,645.8286,645.25494,625.4487,635.3935,582.3069,676.86145,546.36896,757.0831,527.87225,847.1935,557.96954,674.41547,593.2809,705.902,614.15265,671.4864,641.8974,334.91895,319.99524,325.93243,323.21082,340.04108,388.22754,423.42078,438.30298,528.4615,459.3656,578.473,573.658,593.455,613.1011,627.4867,649.73474,644.89014,0.9826528,0.88100076,0.9839877,0.19111538,0.96626,0.9836159,0.9783933,0.88440657,0.87787724,0.79861397,0.80531394,0.64737046,0.57913506,0.04969269,0.040650338,0.0058336854,0.004654914
185,645.36145,644.9674,624.9558,635.5209,582.0758,676.45465,546.6167,756.1714,528.156,847.10046,558.57184,673.52124,593.0254,703.3315,613.9596,668.3438,641.69336,335.09393,320.12738,326.0633,323.22534,340.04028,388.17297,423.64813,438.78558,529.7438,460.34216,579.4522,573.7041,593.51935,613.4466,627.79266,649.18243,643.99506,0.9826481,0.88193417,0.9839402,0.19456825,0.96596295,0.9835522,0.9784564,0.8826946,0.87706065,0.7954425,0.80289114,0.63949513,0.5718431,0.04775256,0.039210588,0.00560838,0.0044896305
186,644.7102,644.692,624.4157,635.59875,581.6111,676.0515,546.0102,756.4806,528.4842,847.5147,559.974,674.0416,593.0881,704.13104,613.0953,671.63153,640.4949,335.07953,320.45044,325.84668,324.16174,339.7987,388.85596,423.57898,438.5536,529.5996,460.61658,580.1821,573.9319,593.4327,616.6359,630.42487,652.9131,647.2899,0.9833642,0.8856306,0.9847204,0.19609287,0.9671456,0.9837861,0.97934884,0.8843945,0.8832017,0.7991525,0.811075,0.65058154,0.58692473,0.048811793,0.040656984,0.0056096315,0.0045387447
187,644.55066,644.6076,624.24677,635.72296,581.52905,676.1534,545.94965,756.51263,528.4428,846.9314,560.2276,674.3018,593.1566,704.6897,613.42444,672.5104,640.4406,335.04956,320.44177,325.8141,324.20447,339.80286,388.6817,423.739,438.61523,530.5019,460.39343,580.0973,574.45294,594.08984,617.9302,631.7938,654.12854,648.29926,0.98333347,0.8866153,0.9845476,0.1986967,0.9664546,0.983854,0.979145,0.88532424,0.88159764,0.8002225,0.8092625,0.65523493,0.58985746,0.049909234,0.0412637,0.0057299435,0.004615724
188,644.3414,644.4762,623.9191,635.9443,581.405,676.0983,546.03687,755.50146,527.83704,845.1531,557.2087,674.4834,593.3237,704.52325,612.4871,672.30383,638.7686,334.88147,320.1374,325.6728,323.77887,339.72327,388.29834,423.31152,438.38794,529.1035,460.22174,579.82104,573.41724,593.1706,618.2877,633.10913,654.1437,650.291,0.98414487,0.8923876,0.98524666,0.20540583,0.9671434,0.98433375,0.9798688,0.8869835,0.88339007,0.8016651,0.81048733,0.66486704,0.600837,0.052001804,0.04301405,0.0059482455,0.004793018
189,643.954,644.1829,623.4874,636.07214,581.1812,676.4326,546.1345,755.9874,527.697,845.85535,555.68365,674.0845,592.7297,704.14374,610.95,671.9468,637.41925,335.3526,320.40503,326.11652,323.5962,339.87335,388.49493,423.30237,439.19843,528.75494,460.53912,579.8399,573.9275,593.563,617.28723,632.28644,652.9979,649.94885,0.98423105,0.89488494,0.9851488,0.21156386,0.96614385,0.9843917,0.97956145,0.8873946,0.8809492,0.802114,0.8072685,0.66429573,0.59834623,0.05265513,0.04322219,0.006091416,0.0048854053
190,643.8749,644.1947,623.2703,636.5487,581.01373,676.8084,546.07574,756.66437,527.32587,846.1427,555.0858,674.4674,592.786,707.6121,613.0521,675.2877,638.9733,335.69708,320.5515,326.4876,323.42664,340.11865,388.761,423.5761,439.5042,528.279,460.09656,579.54407,574.29407,594.26013,616.3165,632.26733,653.0005,651.77893,0.98474395,0.89999306,0.98549795,0.21875569,0.9658035,0.98466724,0.97908413,0.888355,0.87585765,0.8031199,0.80181706,0.6679275,0.59744686,0.05529353,0.044688612,0.006505877,0.005161494
191,643.4027,643.93304,622.75507,636.8247,580.84265,676.7637,546.21924,757.23474,527.1922,848.3083,554.0161,674.3314,592.8888,706.9716,613.1908,674.7513,638.9669,335.98175,320.84625,326.7744,323.68292,340.3225,388.67688,423.30017,438.8233,526.96356,460.54504,578.6597,572.85004,592.81195,614.75934,631.2027,650.8522,650.5762,0.9852901,0.90461093,0.9859668,0.2269777,0.96612525,0.9848636,0.9794096,0.88783765,0.8758143,0.8012474,0.8005027,0.6652106,0.5953992,0.05460289,0.04430288,0.0064478517,0.0051319003
192,643.11475,643.8926,622.4122,637.453,580.71704,677.07996,546.2682,758.25354,528.1327,849.4386,558.7387,674.73914,592.9641,709.62366,615.16205,678.12573,640.46423,336.65356,321.36017,327.34735,324.03503,340.72644,388.88538,424.03442,438.91028,528.3002,460.95276,578.6471,573.3888,593.7658,615.4265,632.45605,652.24786,652.36523,0.9858827,0.90998256,0.9864633,0.23624378,0.96595323,0.98493135,0.9792038,0.88728034,0.8731742,0.80144864,0.79848343,0.6624547,0.5907111,0.05432093,0.044000417,0.006433636,0.0051213205
193,642.8685,643.8126,622.27344,637.7124,580.92285,677.4707,546.0964,759.2414,527.9913,850.4581,558.6644,675.3394,593.20197,711.5193,616.5163,679.3804,641.52496,336.73187,321.49536,327.37982,324.30713,340.71558,389.00824,424.15674,438.94562,528.7516,460.76196,579.11816,573.1759,593.686,614.0184,631.35156,652.2688,653.02454,0.9860824,0.91323864,0.98651963,0.24485102,0.9654178,0.985102,0.9787375,0.88707966,0.86757827,0.7992604,0.7903516,0.6598669,0.5841578,0.05503857,0.04401478,0.0066179335,0.005226195
194,642.846,643.8537,622.34424,637.68225,580.7505,677.1929,545.65576,759.8377,528.8777,850.988,562.666,675.5343,592.9248,715.1984,617.69885,683.3425,640.66113,337.02856,321.90344,327.649,324.896,340.9261,389.45386,425.1023,439.0003,530.84314,460.79584,579.1946,574.5028,595.3174,615.70715,632.9704,656.4437,656.4072,0.98628426,0.91373444,0.9867743,0.24343362,0.9659851,0.9854821,0.97908705,0.889959,0.86974204,0.80372906,0.7943672,0.67715675,0.60114306,0.060385108,0.048197985,0.0072743595,0.005734831
195,642.7571,643.7893,622.15027,637.8691,580.76025,677.1514,546.3487,758.948,528.56494,851.2669,559.67596,674.1224,592.2007,710.4009,614.41736,678.8068,638.69116,337.51605,322.16284,328.12122,324.63434,341.1314,389.42755,424.4485,439.62744,528.9244,462.18658,578.71826,573.36096,593.69855,614.19965,631.353,651.8157,652.31134,0.98636705,0.91427827,0.98689103,0.2457777,0.96601486,0.98519397,0.9794209,0.88755906,0.8726963,0.8011403,0.79717165,0.66308004,0.59095126,0.055268288,0.04480067,0.0066215396,0.0052775443
196,642.881,643.8725,622.50885,637.54956,581.0224,676.79803,546.1751,759.1914,529.54443,850.64844,562.741,674.49817,592.5947,711.7252,615.37915,680.25824,639.4113,337.82056,322.53284,328.29773,325.10236,341.13397,389.84308,425.20752,440.24963,531.12225,462.563,579.9408,574.48346,594.96155,615.4743,632.37177,653.6946,653.5742,0.985852,0.91038364,0.9863666,0.24129388,0.9653624,0.9851574,0.9796525,0.88888764,0.8757716,0.8040715,0.8017888,0.6709044,0.600271,0.05714786,0.04657477,0.0068083704,0.005451381
197,643.30304,644.2487,622.9791,637.5934,581.31036,676.8109,546.1544,758.86005,529.9161,849.27734,563.6298,674.4799,592.51385,711.1961,615.1223,679.632,639.17926,337.44617,322.35876,327.93872,325.36658,341.06946,390.04492,425.52295,440.1806,532.06177,462.43994,581.0038,575.06104,595.4811,615.4286,631.91016,653.3596,652.3523,0.9853418,0.9064126,0.9859367,0.23409235,0.96516776,0.9848385,0.97933364,0.8882307,0.8757194,0.8037188,0.80195916,0.66636914,0.59561336,0.055547625,0.045248747,0.006603062,0.005283147
198,643.4497,644.2649,623.2514,637.278,581.54193,677.043,546.1007,759.50543,529.6042,849.868,562.9746,674.9987,592.6386,711.5187,613.4712,681.3687,638.0322,337.18872,322.20166,327.65845,325.34393,340.82343,390.25366,425.29004,440.62256,531.6094,462.91992,579.9202,575.5547,595.6619,615.32,631.17993,652.7699,650.92676,0.984692,0.90222144,0.98520535,0.22900632,0.9639689,0.98452187,0.97898567,0.8892218,0.87715006,0.8063983,0.80527604,0.6683647,0.59804684,0.055508703,0.045209527,0.006562412,0.0052528977
199,643.83044,644.4316,623.8245,636.7831,581.92395,676.7721,546.0018,759.5821,529.8837,849.97314,564.111,675.57935,593.3674,713.39606,615.68835,683.253,640.75684,336.76862,321.91516,327.23273,325.28015,340.45514,390.2165,425.4099,440.3744,532.2827,462.84326,579.35925,576.1261,596.3382,615.99536,631.474,654.52576,651.5951,0.9840207,0.89669394,0.9846251,0.21964261,0.9637768,0.98428655,0.9785394,0.88923407,0.8765635,0.8067825,0.8059452,0.6684915,0.5970782,0.055671304,0.045237303,0.0065591335,0.005239129
200,644.28467,645.0781,624.0576,638.0531,582.14795,677.5775,546.53094,759.6797,529.4744,848.9964,563.55347,674.5821,592.27075,711.668,613.85504,680.8967,638.68805,337.53308,322.25574,327.88672,324.9204,340.71826,390.3407,425.5985,441.2934,532.3346,463.06055,580.35297,577.0021,597.22394,615.244,631.25085,653.1269,651.4666,0.984282,0.9009248,0.98471737,0.2279987,0.96249026,0.9841145,0.9776991,0.8877927,0.87024456,0.80550003,0.7983877,0.65851796,0.5832158,0.054224253,0.043455422,0.0064858496,0.0051316023
201,645.0059,645.4004,624.87317,637.3766,582.4296,677.3683,546.57556,759.7987,530.3756,849.36743,565.8475,674.6134,592.3734,711.7302,613.51965,680.34735,638.05634,337.69232,322.38562,328.091,324.9143,340.88007,390.29456,425.88446,441.36774,533.28815,463.11914,581.1174,578.0603,598.29254,617.2916,632.71484,655.56036,652.6066,0.98347807,0.8930804,0.9841838,0.21448159,0.96288717,0.98386014,0.9777869,0.8881713,0.87428856,0.80671525,0.8037594,0.66268146,0.58961457,0.054309428,0.043852568,0.0064157248,0.0050969124
202,645.59546,645.72424,625.5235,636.9227,582.78326,677.2765,546.5449,760.2009,530.98065,850.4824,568.0537,674.25824,592.27576,710.11957,613.4584,677.62476,638.79584,337.49677,322.24347,327.888,324.97986,340.86523,390.5495,425.95874,441.80408,533.62634,463.6535,581.2023,577.819,597.87024,615.3208,630.1605,653.5969,649.60175,0.9827285,0.8873758,0.98359764,0.20724985,0.9628258,0.9834542,0.97718406,0.88565934,0.87190986,0.8026544,0.80033004,0.6486639,0.5745429,0.051269144,0.041343182,0.00609982,0.0048363805
203,645.906,646.0632,625.8224,637.2485,582.9871,677.1504,546.4148,760.1085,530.9257,850.65393,568.6467,675.011,592.779,712.60925,614.4817,680.5921,638.29926,337.21265,322.03027,327.61768,324.995,340.73694,390.2832,425.94568,440.89764,533.5226,463.1598,581.56134,577.47217,597.8737,617.6491,633.1764,656.9846,653.88477,0.98331153,0.8903625,0.9842377,0.20797628,0.96399117,0.9838781,0.9776554,0.8879694,0.87350035,0.8051547,0.80213153,0.6641475,0.58998644,0.054835677,0.044082105,0.006470412,0.005115181
204,645.7513,646.1758,626.0077,637.2815,583.2488,676.9567,546.06696,759.94617,530.5855,850.78955,565.0309,675.42175,593.3023,712.3874,614.5615,679.724,639.8312,336.92572,322.01093,327.04285,325.19574,339.66162,390.59155,425.60327,440.55774,533.5795,463.11304,582.6751,577.7639,597.76746,617.2625,631.86725,656.95087,653.01794,0.98308265,0.88965034,0.9839156,0.20911664,0.9635732,0.98401266,0.9774766,0.88812816,0.870723,0.80335766,0.79700816,0.66409767,0.5880345,0.05565071,0.04434651,0.0066328943,0.0052154064
205,646.213,646.4811,626.56,637.2197,583.747,677.6527,546.4333,760.3698,529.86005,851.1881,561.60474,674.7095,592.4322,708.3994,610.04535,675.8679,636.5329,336.69757,321.94,326.91095,325.1441,339.57642,390.60522,425.08734,441.11737,533.2209,463.52972,584.0432,577.8778,597.1895,614.6018,627.904,652.896,647.3943,0.98235345,0.8851044,0.9831746,0.20569521,0.9626744,0.9835926,0.9771917,0.8868736,0.87103987,0.80134034,0.7956822,0.6523442,0.57726324,0.05235389,0.041748315,0.0062847137,0.004945636
206,646.31604,646.6591,626.5841,637.64966,583.9102,677.85864,546.81256,760.78625,530.0555,851.98206,561.1466,675.1177,592.97015,709.42615,611.4604,676.8583,637.5133,336.97803,322.14728,327.20392,325.32178,339.94305,390.65424,425.57605,440.75623,533.5616,463.49646,584.3021,578.1926,597.80444,615.0486,628.9895,653.026,648.2603,0.98244303,0.8866264,0.9831776,0.2081896,0.96232116,0.983565,0.9768955,0.88668066,0.8687223,0.80069673,0.79277503,0.650589,0.5738801,0.05186522,0.04116401,0.0062223673,0.0048823357
207,646.59955,646.9787,627.03577,637.6695,584.35266,677.8648,546.73773,761.29865,530.776,853.2374,562.2864,675.983,593.7478,711.1139,612.8585,679.0647,639.48553,336.19104,321.63074,326.32208,325.3507,339.19708,390.78516,425.3836,440.77026,533.99854,463.05762,583.2943,577.77747,597.2989,614.4437,627.9722,653.30524,647.88654,0.9826824,0.8861505,0.98346126,0.20576492,0.9635027,0.9839417,0.9778216,0.8879078,0.8729503,0.80209595,0.7980013,0.6569703,0.58262676,0.05325252,0.042645454,0.0063537657,0.005016923
208,646.7634,647.2742,627.10815,638.1182,584.3365,677.76605,546.7312,762.15894,530.7922,854.7623,562.4675,675.45734,593.58124,710.99414,614.50256,677.83624,640.9239,336.8974,322.1949,326.91528,325.70984,339.5536,391.20355,425.6142,441.2036,534.07227,462.2968,583.77045,577.95374,597.6,611.8535,625.92535,651.2155,647.1312,0.98297405,0.89042497,0.9836315,0.2121881,0.9629222,0.98396146,0.9767146,0.8861272,0.863134,0.79821646,0.785353,0.64454156,0.56363195,0.05252534,0.04119286,0.006441772,0.0050100684
209,646.77106,647.3168,627.2646,638.13153,584.682,677.6165,546.9006,762.36237,530.75006,855.24426,559.8863,675.8668,594.10614,712.29584,614.68994,680.1753,640.892,336.7174,322.15607,326.722,325.8593,339.34363,391.35278,425.4508,441.089,533.4546,461.93597,583.3021,576.9852,596.57574,612.5374,626.7936,651.68036,648.3806,0.9832398,0.8918694,0.98385346,0.21425945,0.96332943,0.9842105,0.9772942,0.8875934,0.8658618,0.7998307,0.78819907,0.65385926,0.57458293,0.054367334,0.04280418,0.0066099763,0.0051570237
210,646.76697,647.5277,626.89636,639.293,584.42444,678.89355,547.5322,762.95056,531.1489,856.2808,562.41766,675.77545,593.9538,710.41516,615.21124,676.9147,642.8367,337.4566,322.47778,327.49835,325.4237,339.88263,391.02594,425.9414,441.74036,534.5465,463.76648,583.0018,577.39294,597.2266,610.241,624.90356,648.09375,644.54517,0.98356354,0.8951623,0.9840681,0.22093987,0.9628699,0.984159,0.97744155,0.885027,0.8645829,0.7966902,0.7866224,0.6373303,0.55863774,0.050606877,0.040134877,0.0062156916,0.004878521
211,647.3934,648.0577,627.52594,639.53015,584.7297,679.11224,547.595,763.157,530.4237,855.19867,560.33167,676.126,594.1672,709.5384,613.61926,676.87286,640.98834,337.43848,322.5479,327.53967,325.55524,339.96924,390.95947,425.7088,441.59595,533.63293,464.18536,582.13495,576.9757,596.66315,610.9831,625.6629,648.29645,644.8505,0.983159,0.8925617,0.9837126,0.21641311,0.96241534,0.9838207,0.97694385,0.88514423,0.86400926,0.7976414,0.7869706,0.6387644,0.5597328,0.0506714,0.039982647,0.0061929524,0.004839182
212,647.37634,648.0106,627.66797,639.3762,584.96484,679.11487,547.3005,764.2337,530.2491,855.87244,560.51355,676.71375,594.4663,712.48254,615.49243,680.3272,642.56525,337.45026,322.66644,327.5688,325.80737,339.96863,391.1181,425.68726,441.45862,533.3326,463.92017,582.3026,577.3619,597.1998,611.05566,626.1056,649.882,647.33234,0.9829627,0.8917632,0.98345757,0.21574321,0.9618786,0.98381245,0.97653604,0.8863106,0.86258423,0.79934144,0.78606606,0.64377105,0.56276655,0.052310377,0.04103872,0.0064026713,0.004983604
213,647.37366,648.0657,627.5421,639.7018,584.8327,679.0365,547.6299,763.3076,529.9869,855.18756,559.92474,677.0882,595.03357,713.12915,615.8184,681.3165,642.3232,337.953,323.03418,328.0536,325.83038,340.2223,391.0492,425.40283,441.0017,531.89215,463.25732,581.3658,576.63434,596.48413,612.46063,627.7317,650.51105,648.5801,0.983509,0.89482963,0.9839931,0.21907437,0.96254027,0.98419356,0.97743607,0.88827205,0.867208,0.80264497,0.7921473,0.6578181,0.57969147,0.05530995,0.043715537,0.0067193806,0.005258441
214,647.55835,648.3847,627.7726,639.8471,584.8218,679.069,547.3902,762.4428,530.6878,853.38965,561.2316,677.2901,594.9885,712.7235,615.4674,680.0146,642.3028,337.78687,322.9886,327.719,326.13196,339.94037,391.34583,425.98547,440.37476,533.23285,462.6377,582.21454,578.3651,598.14355,614.02856,628.52966,653.1309,649.4773,0.9832324,0.8921325,0.98383427,0.21336317,0.9628382,0.98407304,0.9771782,0.887928,0.86638796,0.8025085,0.79148376,0.65609515,0.5771057,0.054713458,0.043080628,0.0066291094,0.005172193
215,647.45215,648.42377,627.7071,640.2647,585.1036,679.317,547.6665,762.1482,530.31415,852.92755,560.19305,676.0079,593.7138,710.54254,613.4153,677.3847,639.6484,337.89514,323.10547,327.82373,326.23346,339.99554,391.40265,425.7091,440.11572,532.3534,462.67273,582.37067,578.14526,597.6203,615.0432,629.2634,653.59924,649.8768,0.9834086,0.89412624,0.9839933,0.21826187,0.9627398,0.98411876,0.9774841,0.8877206,0.86793983,0.8020476,0.7921177,0.6573632,0.5800906,0.054343373,0.0430277,0.006550938,0.0051338673
216,647.3201,648.34174,627.72046,640.3116,585.22925,679.51575,547.527,763.1577,530.6858,853.5101,562.4831,676.9529,594.644,712.69867,616.20386,679.37335,643.76465,338.32343,323.42352,328.16077,326.26508,339.96277,391.49738,426.25262,440.3844,533.44836,462.91913,581.06024,578.4666,598.29443,613.392,628.07056,653.16656,649.722,0.9830136,0.89370286,0.983484,0.22044015,0.9612697,0.98372245,0.9762231,0.88542724,0.8603687,0.79966605,0.78501356,0.64405346,0.5622888,0.052748233,0.04132837,0.006453842,0.0050248206
217,647.1313,648.2259,627.63007,640.24286,585.21857,679.4672,547.45605,763.2807,530.6026,853.9203,561.7945,675.8704,594.0771,708.7124,614.8941,673.4034,643.9877,338.8003,323.7998,328.5492,326.24976,339.90295,391.66577,426.33026,441.24213,533.91846,464.26172,581.26776,577.9573,597.5525,609.9236,624.3856,648.91284,645.34875,0.9825959,0.89292395,0.9829594,0.22510394,0.96012115,0.98359144,0.9758438,0.8826772,0.8555557,0.7942834,0.77718925,0.62849164,0.54537946,0.05053836,0.039437175,0.0063266456,0.004913062
218,647.3873,648.35626,627.9507,640.0319,585.4513,679.4958,546.9133,762.83374,529.9109,852.72284,562.54443,675.4537,593.1521,709.76025,614.6302,674.08325,643.3411,338.31244,323.46423,328.09625,326.3589,339.81244,392.24426,426.5746,441.59344,534.15283,463.43207,581.67914,578.7675,598.2694,611.01526,625.0758,651.14404,647.1077,0.98230827,0.8914878,0.98272145,0.22268787,0.9599948,0.9834664,0.9749963,0.8822756,0.8508231,0.7931576,0.7716235,0.6277251,0.54114056,0.050777137,0.039122313,0.0063711703,0.0049011707
219,647.31335,648.32385,628.0465,639.8921,585.5704,678.74316,547.00696,762.3483,530.9261,852.6518,564.84357,676.5523,594.65497,712.56775,617.5025,678.09045,646.0604,338.41815,323.66608,328.13458,326.5681,339.58942,391.84747,426.412,440.98706,534.5548,463.51843,581.89166,578.34534,598.1929,611.7455,626.22845,652.41016,648.81775,0.9823022,0.8899944,0.9827677,0.21923801,0.9604654,0.98356676,0.97565657,0.8839698,0.8561976,0.7964734,0.779153,0.63795125,0.55392283,0.052733094,0.0410538,0.006556213,0.0050816536
220,647.43164,648.49347,628.15173,639.79517,585.411,679.14746,546.8513,763.12115,530.61786,854.61426,563.13965,676.09894,593.9443,708.96423,613.77014,674.30774,643.385,337.96277,323.28882,327.46222,326.44946,338.9225,392.37238,426.11658,441.35303,534.3489,464.104,582.9065,579.0779,598.1254,611.7658,624.521,651.5156,645.5732,0.98180497,0.88689697,0.9823104,0.21526748,0.9600413,0.98322403,0.97505563,0.8822911,0.8542658,0.7936878,0.7757406,0.62649566,0.5419122,0.04967764,0.038532138,0.006179273,0.0047768652
221,647.486,648.532,628.2299,639.7005,585.38446,679.2268,547.0108,763.3119,531.3927,855.32587,563.92444,676.99,595.3016,707.56665,615.2546,671.8784,646.6033,337.85815,323.18768,327.3131,326.15796,338.54382,391.96588,426.22852,441.33545,535.7526,463.93835,583.2185,579.0066,598.1782,611.34973,623.9239,649.7915,643.14417,0.9811604,0.88266206,0.9816257,0.21256807,0.9594836,0.9830893,0.9751779,0.880791,0.8541777,0.7908659,0.77456254,0.61893034,0.5353651,0.0478127,0.03724739,0.0059396625,0.0046086907
222,647.7406,648.49115,628.3274,639.51215,585.5652,679.42706,547.1402,763.98303,531.30206,855.819,564.11096,676.5156,594.51556,708.5836,614.8972,673.0059,644.92914,337.92963,323.08936,327.6615,325.9983,339.3869,391.6324,426.2459,441.3927,534.9268,464.1305,583.35126,578.97375,598.5081,610.41125,624.2584,649.33234,644.6863,0.9816519,0.88515806,0.9821643,0.2132237,0.9602018,0.9832175,0.9753017,0.8816674,0.8549509,0.7919112,0.77526975,0.6200233,0.5361959,0.047786146,0.037208885,0.0059342086,0.0045977533
223,647.72906,648.51215,628.35095,639.5014,585.5439,679.50415,547.064,763.9996,531.3448,855.3824,564.22644,676.6857,594.53436,708.79285,614.54724,673.7139,645.06836,337.9143,323.1115,327.60175,326.0813,339.28607,391.7785,426.0984,441.56946,534.51874,464.1635,582.2483,578.74615,598.1074,609.43036,622.9652,648.4895,643.47363,0.98162496,0.8843277,0.9821882,0.21146339,0.96038306,0.98313475,0.9755306,0.881581,0.8574079,0.79310745,0.7794644,0.61957717,0.5375682,0.04772818,0.03742078,0.005927801,0.0046152472
224,647.4709,648.3297,627.8941,639.7441,585.26605,679.3638,547.4223,763.09186,531.3821,854.6039,564.5195,675.97815,594.10535,708.11127,614.4566,672.9744,643.95074,337.88678,322.9879,327.65918,325.95508,339.59393,391.5138,426.12512,441.26,534.377,464.1411,582.26324,577.9318,597.4255,609.0132,622.87634,648.11206,643.2901,0.9826329,0.89107597,0.9831532,0.21890867,0.96137476,0.983516,0.97600484,0.88156736,0.8569451,0.7922927,0.77797055,0.6198426,0.5377331,0.047982007,0.037597716,0.00598225,0.004655868
225,647.5606,648.2476,627.88196,639.38806,585.02795,679.513,547.133,763.7334,530.71704,855.15735,563.88794,675.32526,593.26013,706.5273,612.95496,670.8629,641.9237,337.3449,322.4499,327.21222,325.56952,339.47455,391.58325,426.16864,441.3203,534.2859,464.18555,582.8383,578.2745,597.6187,610.43774,623.9684,649.6804,644.3053,0.9823891,0.8892988,0.98298275,0.21613398,0.96141124,0.98341525,0.9756689,0.88100874,0.8554214,0.79087126,0.7753907,0.6186816,0.5356692,0.047432095,0.03700143,0.0058826804,0.0045604706
226,647.0044,647.79974,627.39026,639.3345,584.70935,679.5843,547.27405,763.60925,530.7109,855.2639,562.76654,675.8604,594.18335,706.3076,613.60126,670.21765,644.4041,337.8172,322.7425,327.57758,325.14142,339.1026,391.5957,425.81586,441.38336,533.14514,464.16046,582.45435,577.2833,596.4918,609.40735,622.85583,648.12195,643.2589,0.9824771,0.8916682,0.9828828,0.22359577,0.96054524,0.9835781,0.97572607,0.8806776,0.85356283,0.7900653,0.7727779,0.6190282,0.5356621,0.0484989,0.03778416,0.0060804486,0.0047153533
227,647.1601,647.8175,627.32605,639.1868,584.3875,679.1849,547.2032,763.14935,530.5055,854.9304,561.99255,675.01764,593.44415,706.59216,613.8834,670.52875,643.7208,337.71082,322.5728,327.64856,325.02313,339.5539,391.31567,425.84967,441.3332,533.06824,464.01257,582.9412,577.6157,597.08093,608.0517,622.131,646.63776,642.5512,0.9827215,0.8918805,0.9832665,0.21926263,0.9614462,0.98349226,0.97547686,0.8802711,0.8525028,0.7895884,0.7718506,0.6132941,0.52890223,0.047314912,0.03674999,0.005961448,0.0046057403
228,646.6387,647.4609,626.75256,639.2782,584.04175,679.14545,547.1627,762.746,530.1894,854.9742,561.3189,673.99207,592.2892,704.6866,611.1139,669.0125,640.37396,338.16052,322.97943,328.06317,325.32233,339.8694,391.5313,425.7588,441.515,532.5577,463.85907,582.3922,577.109,596.2792,608.7152,622.46985,646.6102,642.3154,0.9832946,0.8957535,0.9838109,0.22563946,0.96190596,0.9838269,0.97643733,0.8813962,0.85724133,0.7914841,0.7768065,0.6218231,0.5405822,0.048649818,0.038148016,0.0061012506,0.0047477484
229,646.82605,647.15454,627.25964,637.48944,584.15717,678.1382,546.48865,761.98004,530.28735,853.8174,563.1983,674.6407,592.9865,706.1326,612.12726,671.22894,641.78937,337.4854,322.79193,327.5031,326.12335,339.9959,392.034,426.31036,440.84705,533.4735,463.7777,582.5509,577.3762,596.4282,609.2111,621.6083,648.9739,641.7123,0.98198044,0.8837841,0.98288596,0.2060616,0.9626375,0.9832411,0.9760982,0.8809373,0.8611786,0.792006,0.78334284,0.6210296,0.5418429,0.047846884,0.037810355,0.0059295595,0.004634112
230,646.3412,646.5821,626.8096,636.9968,583.935,677.7799,546.6267,761.59875,530.77313,853.67377,563.0233,675.86066,594.4577,707.07526,613.63074,672.8987,643.0491,336.8941,322.2472,327.03082,325.56622,339.6126,390.9129,425.95007,440.24255,534.25336,463.2995,582.31995,576.8094,596.26306,611.6232,624.59937,651.11523,644.1476,0.98164386,0.88192856,0.98244643,0.20465523,0.9620414,0.9832644,0.9760573,0.88242227,0.86172837,0.7933862,0.7839061,0.63008523,0.55055916,0.04915148,0.038740516,0.0060082674,0.0046893954
231,643.60693,645.24634,623.5873,639.46423,582.34576,678.671,547.3913,761.88025,531.36426,853.04016,566.21533,675.6324,594.1833,706.8561,614.54694,672.8385,642.87134,339.1795,323.65277,328.83698,325.62616,340.2931,391.23407,426.60596,440.85608,534.1282,463.98035,582.44,577.1955,597.1004,610.86835,626.0027,649.7152,646.76794,0.98494923,0.91134536,0.9849256,0.258057,0.9603865,0.984249,0.9767519,0.88124555,0.8542354,0.79284316,0.77427953,0.62099814,0.5391151,0.048706263,0.03833759,0.00609082,0.004779935
232,640.4929,643.29974,620.26544,639.96423,579.96106,678.55975,546.7619,761.819,531.4056,852.6175,565.86365,676.5323,594.36725,707.33655,613.2298,676.3625,641.5857,340.13843,324.331,329.19757,326.0434,339.90094,391.58356,426.27545,441.48077,534.1723,464.45154,582.9879,577.4073,596.9331,613.5764,628.2959,652.1334,649.3924,0.9870007,0.9260794,0.9866812,0.2905622,0.96064544,0.98505175,0.9785118,0.88324916,0.8608706,0.79789436,0.7827096,0.6303364,0.55351424,0.049743682,0.039961934,0.0061265826,0.0049039423
233,639.5237,642.79065,619.76733,639.7069,579.9047,677.7197,546.4782,761.2273,532.09503,851.9955,564.71967,678.4249,596.78125,707.22534,614.4789,678.3381,645.3811,338.80048,323.47058,327.49207,325.831,337.80682,391.31714,425.4605,440.74902,534.4314,464.47974,582.25226,576.7176,595.96515,612.99817,627.06134,651.9237,648.3552,0.98680043,0.92550313,0.98625505,0.29289252,0.95957875,0.98501873,0.9786129,0.8836508,0.86137724,0.79890096,0.78399384,0.6307658,0.5546671,0.050228328,0.040410012,0.0061768293,0.0049589276
234,637.88965,641.4542,618.25415,638.94366,578.1749,677.43085,546.2214,761.6307,532.33514,852.176,563.6932,679.47144,598.5443,709.07324,617.58575,679.3822,651.9713,339.51215,323.77405,327.86127,324.73944,336.63794,391.65985,426.435,441.08014,536.58417,464.45514,582.27466,578.27795,597.5498,609.0864,621.87933,649.46875,643.50714,0.9859525,0.92242396,0.9850626,0.29392993,0.9559119,0.9845567,0.9772558,0.8813164,0.8534435,0.7988218,0.778807,0.61563516,0.53546596,0.0503076,0.040107965,0.006409645,0.005127907
235,631.29395,637.98267,610.61646,642.4669,572.66797,678.8579,546.4457,762.2335,531.76324,852.27893,559.3338,681.1227,598.6761,709.1138,614.00244,684.49524,644.7793,341.83905,325.35413,329.0202,325.68127,336.46204,392.9148,426.58044,441.5603,536.0604,465.87634,583.05756,579.79443,598.1457,614.3552,626.1265,652.75885,646.32983,0.9896314,0.9519677,0.9878039,0.4004549,0.9503319,0.98585725,0.9773493,0.8835535,0.8395982,0.80234194,0.7621122,0.62149245,0.53475857,0.052004606,0.04052621,0.0066726506,0.0053278506
236,626.86084,634.1868,607.52716,639.7778,572.18414,677.5639,545.8049,762.28613,531.8642,852.0929,559.4892,682.18146,600.19275,708.9823,614.5701,685.9689,648.60065,342.6181,326.81592,329.47034,327.56018,335.91504,394.0241,426.15656,440.79077,534.6598,466.03192,581.0548,579.253,596.57904,611.52124,620.9514,650.8851,642.0896,0.9888325,0.95182514,0.985986,0.43755382,0.94181335,0.9857292,0.97787964,0.884547,0.8457146,0.8042835,0.7677406,0.62078786,0.5397696,0.0512172,0.040967673,0.0065437853,0.005381435
237,620.3443,630.01666,600.9475,641.8832,569.96466,678.8146,546.35223,763.05084,531.6304,852.8454,556.2043,681.3579,598.2168,706.3979,610.5559,686.98035,641.77563,342.08154,325.94073,328.60632,327.47046,335.57452,393.8327,425.3109,442.09015,533.20154,467.24097,580.52734,576.8457,593.939,611.27734,622.79504,645.6677,641.943,0.9901781,0.9670728,0.98519516,0.57269657,0.91959286,0.9866271,0.9758358,0.88829327,0.8145056,0.8031741,0.72407734,0.6267207,0.52912915,0.053312242,0.0400576,0.006929785,0.0055432618
238,615.69183,626.4472,597.29083,640.8325,569.1061,678.78534,545.59814,762.6941,531.8502,852.30005,556.1095,680.6013,596.95496,703.14575,606.9039,683.8165,641.3558,341.7492,325.74792,327.89996,327.3446,334.0033,393.9419,424.66052,442.33777,533.28394,468.06757,581.3806,576.9711,593.28845,610.67,620.8843,643.38776,638.9137,0.989954,0.9704329,0.983233,0.6375491,0.90050083,0.98688006,0.9750798,0.8892847,0.80185384,0.80136025,0.7035642,0.62559074,0.5232309,0.053448886,0.039503187,0.0070434213,0.0056347847
239,610.01776,621.8336,592.8415,638.4874,567.46234,677.93475,544.81067,763.5475,531.3618,852.9385,553.6381,679.2085,595.58496,700.2445,603.1909,683.3776,640.90533,342.39917,326.51526,327.96106,327.81995,332.5526,394.29364,423.31903,442.32227,531.6844,468.4591,579.98615,576.59265,591.415,610.9125,617.9532,644.5156,636.86,0.9897571,0.9736649,0.9809506,0.69932294,0.8751395,0.98699033,0.97392744,0.8905529,0.7896968,0.8020848,0.6867401,0.6240562,0.51734936,0.05349058,0.039031595,0.007055968,0.0056714714
240,605.6521,617.7944,589.2291,636.98364,567.2314,678.39636,545.0318,764.18896,530.37,854.3926,551.55927,677.16077,593.0634,698.34924,600.42395,682.382,638.45966,342.83057,326.87183,328.89856,327.95453,333.70508,393.5926,422.64862,442.53888,529.6013,469.51282,579.89825,575.3635,590.09534,614.6584,622.5194,642.50903,637.11145,0.98958707,0.97745204,0.97790945,0.76633596,0.83910775,0.98741305,0.97207403,0.8941392,0.76597893,0.79986596,0.6503996,0.63935214,0.5220041,0.055694968,0.039009422,0.0073309243,0.0057961047
241,599.6702,613.3533,584.76514,636.14075,566.55365,678.66394,544.57947,765.5698,530.2719,854.234,550.5449,676.5103,591.9558,695.641,597.0794,681.6022,639.7293,344.37726,328.17035,329.70258,328.72284,332.76392,393.95422,422.40833,443.21564,530.03174,469.8562,579.50696,576.02686,589.96497,613.2505,619.83405,637.2982,631.6388,0.9892279,0.980948,0.9727899,0.83148277,0.77595216,0.98754776,0.969862,0.89647466,0.7387688,0.8024213,0.61732244,0.6378886,0.5107114,0.05641204,0.038181067,0.0075573027,0.005942136
242,595.97516,610.4138,581.3984,635.22363,564.8905,677.86926,544.5817,765.0564,530.6059,854.4482,549.7281,677.213,592.4395,695.49725,595.63416,685.7386,636.00037,343.9215,327.9137,329.50208,329.89874,333.78632,394.17352,422.85565,442.8806,529.8815,469.7724,579.7884,575.27576,589.2223,616.59534,623.4396,637.8146,632.4711,0.98948276,0.9829597,0.9711263,0.85510164,0.74526083,0.9876273,0.9686191,0.89974594,0.7283491,0.80650103,0.6050532,0.65127903,0.5195168,0.058178246,0.038511455,0.007643491,0.0059612095
243,593.64764,608.44574,578.7752,635.2325,563.2898,678.6687,544.7155,765.5089,530.2021,853.9519,547.45154,676.20215,591.1272,691.78296,592.1959,681.02246,633.1795,345.22876,328.3407,330.867,329.03424,334.82587,393.91516,423.59302,443.86096,529.7533,469.96216,580.7641,576.82666,591.1018,616.4269,624.9383,634.67175,632.3539,0.9895281,0.98421675,0.96951544,0.87157345,0.716827,0.9876228,0.9674411,0.9000182,0.7152944,0.8076236,0.5908233,0.6479848,0.51203084,0.057784706,0.03761649,0.007662922,0.005931169
244,591.0973,606.34125,576.6746,634.6762,562.4687,678.7494,544.86285,765.5387,530.7448,853.99493,545.9547,678.0472,592.42755,697.4807,594.0206,689.43036,634.90753,344.4433,327.50018,330.12103,328.1245,333.836,393.27234,423.274,443.61176,530.00183,469.32544,580.58154,577.9426,592.4326,620.4781,629.0559,637.0324,634.96466,0.98976934,0.985255,0.9683483,0.88380456,0.693568,0.98802006,0.96803784,0.9048283,0.7188764,0.81562907,0.59599113,0.67342776,0.5381367,0.0631955,0.041089445,0.008210033,0.006388396
245,589.5755,604.7655,575.3348,633.7703,561.9217,678.7363,545.1014,766.2354,531.18,853.98846,545.4825,677.60785,592.2731,697.9299,594.40424,689.4545,635.83325,344.14978,327.02094,329.9419,326.94434,333.2367,392.956,423.02997,443.94617,529.52216,469.29822,580.5645,579.0515,593.5437,620.5095,629.3182,636.7567,635.51855,0.98967683,0.9855262,0.9672065,0.88973737,0.6795224,0.9880898,0.9677788,0.9053284,0.7158727,0.8166784,0.59294236,0.67472994,0.53853613,0.06400931,0.041594684,0.008350968,0.006512165
246,585.8847,601.4729,572.5645,632.05505,561.3639,678.63055,544.7822,765.9646,530.4701,854.6782,545.51166,676.5726,591.2621,693.2483,590.5442,684.1404,634.245,344.22552,327.28882,330.0971,327.5006,333.284,393.75122,423.2553,444.55518,529.44104,470.0691,580.44275,579.71075,593.4408,618.2323,625.5326,631.8322,628.7208,0.9891819,0.9858296,0.9631029,0.90359914,0.6411386,0.98808074,0.96787715,0.9053668,0.71458,0.8162467,0.5878063,0.6695237,0.53455746,0.06195411,0.04048547,0.0081245005,0.0064134
247,584.6559,600.2261,571.07605,631.64716,560.4048,679.4167,544.9338,766.0394,529.8538,855.21124,544.5449,677.8604,591.874,695.171,591.4351,686.22644,634.1867,344.1886,327.104,330.589,327.7541,334.9712,393.75494,424.0667,444.9394,529.3993,470.11353,579.5971,578.91943,593.06665,615.87775,623.961,628.8503,626.1652,0.98933494,0.9864774,0.96248823,0.9089296,0.62866807,0.988222,0.96716666,0.9064596,0.7063097,0.8166247,0.5793327,0.67141086,0.5328443,0.063260555,0.040737063,0.008388102,0.0065659583
248,580.75195,596.8119,567.58026,630.15186,558.63824,678.9603,544.8416,765.82996,530.5448,855.2843,544.61237,677.95544,592.24677,692.5595,590.1785,683.56726,633.68524,345.11688,327.83942,331.5166,328.26025,335.66748,393.83527,424.59912,445.14874,529.9874,471.46387,580.0569,579.2515,593.2735,616.7403,624.6199,626.7681,623.6262,0.98912376,0.9870338,0.95904166,0.9194174,0.59226656,0.98832816,0.96722645,0.9078588,0.70473754,0.818454,0.5756164,0.67576945,0.53774416,0.063274026,0.040765166,0.008308023,0.0065502822
249,578.62024,594.7195,566.0725,628.8449,558.56323,678.97754,544.5958,766.2875,530.13196,855.79596,543.54944,677.02954,591.85846,687.766,588.6337,675.7991,635.0046,346.09668,328.91992,332.43585,328.70178,335.6996,394.32233,424.42633,446.01672,529.935,472.32318,581.2722,579.8096,593.24896,614.90674,621.95624,623.25146,619.7625,0.9884453,0.9869174,0.95466757,0.92588663,0.56470793,0.9883417,0.9664459,0.90654224,0.6931063,0.81316,0.55751014,0.66500616,0.52391815,0.061078697,0.039023817,0.008155972,0.0064209998
250,574.5829,590.334,563.2126,626.1803,559.42566,679.4317,545.5811,765.9946,529.4848,855.1363,541.39465,676.5887,591.9682,685.0938,586.7732,671.0524,635.1064,345.9013,328.5628,332.7085,328.07568,336.286,394.09564,424.57312,445.84003,528.0254,472.5182,580.17365,579.5062,592.9424,613.5161,621.47766,619.58594,618.0026,0.9873112,0.9868038,0.94527215,0.93640363,0.5063745,0.9883238,0.9658096,0.90805197,0.68752074,0.8140376,0.54766524,0.6698233,0.528465,0.06172344,0.039348155,0.008193672,0.0064953268
251,571.995,587.9103,561.00336,624.7879,558.4565,679.6303,545.47,766.8066,529.06683,854.5365,540.182,676.6466,591.70703,684.42017,584.8874,670.82465,633.1041,346.2033,328.73706,332.88226,328.35577,336.49823,394.7495,425.01373,446.2763,528.22894,472.82263,580.2737,580.74927,593.67163,615.9495,622.60645,623.7539,620.2012,0.9871485,0.98724836,0.94225466,0.94091785,0.4805886,0.9883093,0.9643916,0.9090594,0.67827934,0.81647843,0.5402752,0.6740778,0.529448,0.06361157,0.04003191,0.008408815,0.0066330433
252,569.83673,585.91864,559.484,624.1549,558.7375,679.8554,545.4277,767.1949,528.96124,854.7461,539.8325,677.06665,592.095,686.3348,587.1252,672.19775,637.16614,346.52112,328.94147,333.18903,328.40955,336.5957,394.54816,425.5462,446.51318,529.7113,472.47925,580.1545,580.8215,594.21045,614.156,621.75415,619.73785,617.50256,0.98651266,0.9873524,0.9357318,0.9457526,0.44346583,0.9881382,0.9624268,0.9089395,0.6616126,0.81574583,0.52414113,0.666869,0.5162662,0.061943352,0.03836146,0.008234888,0.006458372
253,568.0841,584.39185,558.06885,623.26855,558.13666,680.0789,545.5415,767.7538,527.696,854.6154,532.6427,677.6781,592.1003,685.6498,583.0476,673.70197,631.53296,347.35913,329.922,334.063,329.76263,337.6477,394.66492,425.7873,446.6601,530.45557,472.88934,580.9926,580.9016,593.76184,617.2352,623.4826,621.8803,617.5419,0.986609,0.98753095,0.93480515,0.9475262,0.43442935,0.9882378,0.96433747,0.9117219,0.68005276,0.8209029,0.54038334,0.6814138,0.53826445,0.06282133,0.039598495,0.008070588,0.006435424
254,568.60126,584.78827,557.96204,623.23615,556.91724,679.8618,544.64307,767.75775,526.8822,854.78394,536.01447,677.2559,590.91144,687.18243,582.7565,676.2511,629.5866,347.3214,329.71436,334.18298,329.59576,338.2995,394.5434,426.438,446.2091,531.0973,473.01355,580.9005,580.87897,594.16364,616.88275,623.3862,623.2815,618.2243,0.9871501,0.98764384,0.9395351,0.94484055,0.45482504,0.98819053,0.96504426,0.9114003,0.68910646,0.82295847,0.55349433,0.68105763,0.54055375,0.062500715,0.03986913,0.008010834,0.006424278
255,568.85095,585.0713,558.1464,623.2782,556.70844,679.5652,544.3863,768.0522,524.5158,856.5155,532.91895,676.6031,590.135,685.72046,579.81793,678.2469,626.7042,347.57312,330.0841,334.43408,330.06708,338.49072,394.78662,425.12177,446.0675,527.3821,474.11877,579.7768,579.06384,591.61865,616.3266,621.9403,621.911,616.44635,0.98744214,0.9875648,0.94172865,0.9431537,0.4647244,0.988158,0.9672211,0.9128598,0.713598,0.8282558,0.5806471,0.6906364,0.56000626,0.06322947,0.041579217,0.007943898,0.0065027177
256,566.802,583.0094,557.4793,622.4216,558.47034,679.60895,544.67474,766.2318,522.121,854.3847,532.1826,675.39996,589.02704,684.3029,575.85187,677.38025,625.3348,349.2143,332.01947,335.78204,330.90668,337.86774,395.1302,422.40344,445.25916,521.66425,473.10284,578.60724,579.26056,590.3566,617.3018,620.80927,621.6337,615.5085,0.9860213,0.986431,0.9323813,0.9442359,0.42878193,0.987971,0.9680659,0.91666824,0.7348034,0.8377913,0.6051893,0.71668655,0.59622896,0.070186645,0.047367662,0.008701146,0.0072818696
257,566.59314,582.95825,557.27356,622.4032,557.9961,679.37756,544.14136,765.3551,517.7927,854.3397,538.2929,674.0123,587.3912,680.7247,572.7502,679.1955,623.7671,349.30267,332.20276,335.79028,331.57507,338.11914,395.64697,420.97388,444.896,517.13934,473.97778,569.8641,577.7565,587.6618,612.35706,612.92957,619.828,608.29016,0.98683274,0.98675793,0.9366877,0.9434231,0.43794551,0.98778856,0.97092795,0.91649485,0.76618993,0.8463851,0.65209234,0.71387535,0.607111,0.068434775,0.048793882,0.00835371,0.0072772205
258,567.1538,583.47064,557.3331,622.19836,556.81024,679.1628,543.6176,765.64594,516.50244,855.7536,541.2959,674.98694,588.02814,681.8588,573.2872,682.6494,624.399,350.0287,332.8811,336.32886,332.02502,338.4184,396.01813,420.51196,444.79297,515.99634,474.0149,568.5599,578.3397,587.7876,612.6959,611.41174,623.104,608.3303,0.9876951,0.9871343,0.94266146,0.941134,0.46341342,0.98802745,0.972748,0.91708654,0.78192735,0.8497927,0.6735067,0.7174267,0.6172023,0.06913909,0.050527573,0.008366853,0.0074103177
259,566.38873,582.2964,557.0557,621.42706,557.8471,679.4109,543.6532,765.48016,513.1643,855.734,548.10803,675.82666,588.8859,683.57117,575.6432,686.3971,628.5354,350.95496,333.84406,337.36646,332.55408,339.15594,396.0503,419.87506,444.8169,513.4391,474.62775,559.44366,577.22864,586.60345,607.9848,606.3503,619.07477,602.6738,0.9871844,0.9863744,0.9392742,0.94045997,0.45188278,0.98784924,0.97483313,0.9181863,0.8062158,0.85754913,0.7112294,0.7244264,0.636629,0.07075298,0.054432064,0.008447647,0.007782519
260,566.6253,582.5617,557.3467,621.65985,557.85583,678.8886,542.4111,763.7111,510.51025,854.63477,562.1682,677.0928,589.9679,684.3727,579.96967,688.2672,634.0894,350.78784,333.95062,337.10748,333.03314,338.83362,396.11322,419.37714,445.2237,513.691,475.32764,551.13824,576.9828,586.43005,604.56934,601.8691,617.8666,597.65405,0.98691857,0.9857147,0.93925446,0.93725944,0.45764166,0.98731863,0.97520554,0.91500604,0.8146829,0.8582214,0.73101354,0.709191,0.6262174,0.06643769,0.052808493,0.007941097,0.007489592
261,568.37616,584.12317,558.4735,622.5197,557.6557,679.5316,541.7523,764.1433,509.00797,854.35364,573.17694,678.39197,590.3008,687.7568,583.4257,692.6951,637.16296,351.6582,334.6386,337.83893,333.36108,339.44397,396.33594,419.35583,445.77588,512.85583,475.5703,540.3345,578.5442,588.07697,604.89465,601.36835,621.49304,597.92267,0.9876878,0.9861771,0.9447001,0.93540114,0.48078188,0.9873868,0.9761408,0.913922,0.8225469,0.8606287,0.7493602,0.706862,0.62781143,0.06592727,0.053608805,0.007839203,0.007504672
262,567.7857,583.96,558.504,622.40875,557.7752,678.10034,540.9658,764.3329,505.63702,855.2103,570.85223,677.34436,588.9275,690.9018,581.8899,704.9568,636.86127,352.12323,335.44147,338.1081,334.30994,338.904,396.3371,418.31873,446.6759,510.68256,476.37762,520.38,580.1858,589.1212,600.3096,595.76636,617.3551,590.6644,0.9878628,0.9849811,0.94685984,0.9270796,0.49370492,0.9868009,0.97988534,0.9163666,0.8658216,0.8768718,0.8163861,0.7173421,0.6632663,0.06524649,0.058892578,0.00738135,0.007617563
263,567.67944,583.94543,558.66516,622.319,558.09814,678.3639,541.5065,765.36755,505.07724,855.62683,563.3698,677.4549,588.5141,695.96735,580.455,714.16394,635.3325,352.3744,335.7531,338.34082,334.7096,339.0406,396.23285,418.27527,447.06213,509.85364,475.05573,507.17932,578.9958,587.61566,590.99634,585.6946,610.6916,581.68774,0.98775715,0.98491347,0.94540596,0.9261662,0.48148087,0.98657197,0.97920495,0.9183644,0.8652387,0.8829899,0.8245355,0.719607,0.6637995,0.07031092,0.063002676,0.008224636,0.008451074
264,568.85657,585.255,559.50085,622.8558,557.5399,677.55316,541.42365,763.8595,506.89752,853.7129,563.0495,675.599,587.0441,693.11615,577.1763,710.6863,631.33673,352.75262,336.27228,338.4201,335.08398,338.59662,396.35822,418.31036,447.41528,510.23444,474.09106,494.56592,577.90247,585.923,588.52374,581.7026,606.8913,573.9298,0.9877274,0.98522943,0.9462279,0.92555535,0.48473057,0.9859797,0.9763663,0.9136411,0.8437563,0.8761666,0.8053602,0.6925991,0.6250012,0.06485802,0.055743784,0.00785622,0.007812679
265,569.26843,585.7577,559.6874,622.9855,557.009,677.28864,540.95,764.148,509.53082,852.7341,560.15405,676.2771,587.7447,697.0137,581.88544,712.70306,635.92926,353.17828,336.6007,338.65057,335.0996,338.38654,395.75165,418.84875,447.57776,511.63123,472.95563,483.15027,576.7656,585.3337,595.1809,589.3344,614.77045,581.7749,0.98782825,0.9856849,0.94616127,0.92713743,0.48503342,0.9868815,0.975323,0.91661984,0.82714236,0.87582064,0.79011387,0.7207674,0.6429552,0.07751763,0.06349176,0.009393156,0.00900045
266,568.9188,585.2041,559.48236,622.4144,557.4914,677.2545,541.26044,763.6344,513.38074,851.1245,560.0683,676.323,588.29956,696.6431,584.52625,707.13617,638.36395,353.6635,337.01288,339.36035,335.3083,339.21527,394.64978,419.74298,448.88867,515.09314,473.4563,477.3072,573.51306,582.9474,593.4446,589.80176,610.8849,580.0593,0.98711514,0.9849324,0.9429723,0.9273484,0.48231006,0.9870335,0.97546047,0.9150631,0.821491,0.8698535,0.78074384,0.71682084,0.63753307,0.07621983,0.062274188,0.009242445,0.008833736
267,569.917,586.393,559.9081,622.9702,556.53564,677.2083,541.54205,763.6991,518.2434,852.5185,563.1134,673.6907,585.9954,692.0356,582.6387,698.69293,636.70404,354.67517,337.87506,340.04242,335.5011,339.09387,394.54456,419.11707,450.55872,514.0507,475.31873,457.92944,574.99634,583.4592,592.21204,586.9353,609.454,574.0292,0.9867479,0.9841502,0.94304323,0.9223428,0.49362183,0.9870246,0.97454536,0.912673,0.81355023,0.86530447,0.7774199,0.70654374,0.62324876,0.074524224,0.060347497,0.009215087,0.008705914
268,569.90326,586.673,560.1931,622.7827,556.84894,676.5503,542.62756,764.2075,522.01715,852.9068,566.5141,673.3983,586.6972,691.0139,584.6396,698.9166,638.1293,354.64716,338.10266,339.62396,336.57867,338.7663,393.69324,419.47327,451.43726,518.32855,476.28735,442.40918,573.6848,581.79755,589.16644,581.6308,607.59534,564.968,0.9862166,0.98351586,0.94006974,0.920852,0.4833302,0.98662,0.97367346,0.91040695,0.8082776,0.8635597,0.7788666,0.6891116,0.60340273,0.069579124,0.05639273,0.008584857,0.008134186
269,569.25726,586.31537,560.2624,623.05554,558.08746,676.1887,544.0748,764.7744,526.0872,853.05634,569.8265,674.3627,589.25653,691.755,590.1028,699.64417,645.3514,354.13654,338.02032,338.97516,336.7547,337.5006,393.4555,418.12396,451.0863,516.3925,476.19934,437.8332,571.62103,579.3905,588.51587,581.0261,602.717,561.06433,0.98520106,0.9820596,0.93411976,0.9201496,0.4675479,0.986591,0.97527975,0.9116858,0.8229887,0.86651635,0.7941587,0.7010554,0.6241083,0.07124245,0.05978754,0.008587688,0.00836274
270,569.579,586.2649,560.5147,622.9591,558.7291,676.7151,545.2351,765.8917,529.3533,854.0068,571.1128,673.3075,588.1504,693.4497,590.2992,699.85223,643.0826,354.54462,338.43018,339.78772,336.92816,338.58807,393.35767,417.659,451.71704,514.24744,475.7754,433.89496,572.3784,580.09326,590.2009,583.63336,602.3821,562.70764,0.9845392,0.9816292,0.93067515,0.92054105,0.45624578,0.98655915,0.9738796,0.913059,0.8154955,0.86601925,0.7859428,0.71086717,0.62925386,0.07454291,0.06136614,0.009052247,0.008684069
271,569.4064,586.2758,560.65717,622.82166,559.0362,676.11615,545.82056,765.9292,532.3686,853.964,572.28845,673.6308,589.0545,694.39746,591.83484,701.0045,644.55945,354.53967,338.66083,339.48346,337.33777,337.7749,393.42786,417.01764,451.5105,513.675,475.57178,429.8128,573.5495,580.8088,591.82074,584.3911,602.8984,562.0071,0.9833442,0.9798357,0.92546153,0.9157059,0.4473876,0.98624456,0.9736764,0.91415614,0.8211931,0.86868703,0.7940909,0.7189171,0.6399964,0.076340705,0.06346598,0.009170502,0.0088605285
272,569.3506,586.2323,560.60345,622.45166,558.76984,676.0568,545.8201,766.78613,533.9828,855.2163,575.7183,674.61694,589.57825,696.3656,591.4804,703.80695,642.4978,354.3824,338.65485,339.25977,337.8097,337.77246,393.86023,416.87872,451.10425,512.4379,475.23584,426.08875,573.72296,580.6411,592.945,584.73865,605.46014,563.2432,0.9833635,0.9791346,0.9268081,0.9118265,0.45836025,0.9863583,0.9752072,0.91600364,0.83647144,0.87293196,0.811126,0.732877,0.66191846,0.07977098,0.06815332,0.00938651,0.009244889
273,569.8806,586.7726,560.8304,622.9696,558.55365,676.898,546.08563,766.9779,535.01105,855.2436,577.98236,675.65247,590.50507,696.7676,593.134,702.1737,645.27545,354.77307,338.87,339.64435,337.7942,338.16357,394.39746,417.57343,451.16382,512.26697,475.72522,425.1454,573.9526,580.9193,591.593,583.28723,604.8557,562.116,0.98403037,0.9798311,0.93060803,0.912539,0.47189257,0.9866022,0.9757658,0.91450423,0.83600605,0.8704668,0.81030273,0.7255072,0.6547637,0.07782179,0.06683695,0.009247243,0.009135932
274,570.39996,587.46173,561.4667,623.28705,558.91406,676.632,545.8392,766.31604,536.9082,854.945,580.847,676.08435,590.8007,697.52484,593.82465,702.03125,646.6274,354.83984,339.185,339.55426,338.60596,338.03302,395.076,417.21375,450.44788,510.224,475.7461,424.1963,573.9209,580.60754,591.5492,583.07825,604.6804,562.386,0.98417044,0.9800268,0.9316064,0.9128225,0.4777663,0.9866892,0.97540665,0.9141103,0.8319613,0.8682829,0.8049456,0.72383785,0.6507219,0.07724717,0.06574333,0.009233415,0.009054184
275,570.12726,587.08765,561.6359,622.93427,559.902,676.90967,547.0037,766.8249,539.7491,855.3062,583.7307,676.7114,591.8186,697.58765,593.46906,701.7728,646.24,354.99786,339.4596,339.6463,338.844,337.85657,395.16864,417.0741,450.3991,509.716,475.57904,420.13733,573.72797,580.09033,591.13257,582.18634,603.998,560.96625,0.9830006,0.9779829,0.9268233,0.9085809,0.47182196,0.98637116,0.97648907,0.91454554,0.8460542,0.8710692,0.820407,0.729588,0.66503346,0.07721332,0.06800023,0.009033501,0.009089798
276,569.3589,586.24786,561.3951,622.60205,560.9481,677.4193,547.6928,767.2643,541.5593,855.7239,584.6062,677.0182,592.2452,697.8531,593.72406,700.2295,647.57916,355.50427,339.9779,340.10394,339.1112,337.95728,395.20575,417.2998,450.53577,510.28296,475.7791,419.50433,574.3611,580.74786,590.5082,581.8872,601.06006,558.6632,0.98155844,0.9765943,0.91904414,0.90929186,0.45001084,0.98590016,0.97557145,0.91343224,0.84266734,0.86913425,0.816249,0.7218392,0.65602195,0.07319188,0.06447947,0.008542091,0.008618504
277,569.30145,586.2584,561.70447,622.38513,561.5648,677.107,547.9008,767.51495,542.9536,855.9927,586.394,677.9163,593.05493,699.7454,594.16846,703.41364,647.3086,355.27124,340.08313,339.81628,339.83667,337.7589,395.24548,416.75555,450.2041,509.68134,475.54114,418.43372,574.12054,580.28906,589.79694,580.81366,600.727,558.1028,0.9808424,0.9752916,0.9160881,0.90615654,0.4470173,0.98567486,0.97592455,0.91459477,0.8500304,0.87168485,0.82440245,0.72761744,0.665609,0.07400519,0.06611526,0.008544296,0.008714676
278,569.46027,586.0546,561.65845,621.3193,560.89264,676.5077,547.5643,766.1286,543.8817,855.2883,586.78613,677.4851,592.87714,699.14185,594.29944,700.97925,647.9369,355.10406,339.976,339.8053,339.3623,337.6134,394.95593,416.3332,449.56207,508.60962,475.41663,417.9303,573.9775,579.9835,593.0579,583.436,604.74274,561.03723,0.9807533,0.9743967,0.9183241,0.901616,0.4660105,0.98604035,0.9767842,0.9152076,0.85483146,0.8707152,0.8273822,0.7386018,0.67942125,0.07756823,0.06977713,0.008898616,0.00909701
279,570.4718,587.0045,562.44403,621.4546,560.7078,676.16626,547.4678,766.4945,544.21564,856.2279,586.7925,676.9299,592.46454,698.97314,594.0971,701.6173,647.92645,355.89966,340.7815,340.40613,339.70978,337.61462,394.74908,415.98492,449.88074,509.36115,475.7848,417.30737,573.9282,579.6974,592.8113,582.19745,605.08936,559.6499,0.9812499,0.9741564,0.9228256,0.896803,0.48602462,0.98610914,0.9777605,0.91487086,0.86168325,0.8709401,0.834677,0.73653525,0.6810941,0.07597208,0.06952572,0.008674949,0.00896439
280,570.7044,587.3854,562.5832,622.1373,560.77814,676.99695,547.7381,767.50867,545.27155,856.6925,588.0534,677.5381,592.61707,699.33386,593.44055,701.4134,647.5637,356.78918,341.52295,341.13892,340.03784,337.90448,395.19788,415.8512,450.21484,508.2444,475.7484,417.07678,575.129,580.66125,591.7843,581.17957,604.3117,559.61707,0.98120964,0.97401035,0.92286944,0.89590967,0.48563284,0.98600054,0.97780097,0.91476583,0.8636423,0.87184083,0.8373583,0.73473084,0.6804935,0.075348854,0.069378436,0.00863409,0.0089598
281,571.29,588.0571,562.7649,622.703,560.1836,676.8015,548.03705,767.10785,545.9093,855.94257,587.7025,676.9664,592.37854,698.1916,593.1192,701.2068,646.9409,357.18756,341.75537,341.53986,339.839,338.09717,394.66382,415.45197,449.85132,507.6662,475.02716,417.2094,574.8659,580.42,593.3511,582.83636,606.6023,562.08044,0.9824228,0.97562003,0.92832965,0.897455,0.49796146,0.9863856,0.97817284,0.91546834,0.8630574,0.8725665,0.83661294,0.73955035,0.6846237,0.07781303,0.07116261,0.00892362,0.00920096
282,571.1442,588.1703,562.5336,622.9922,559.64404,676.32733,548.0311,766.6705,546.8556,855.86566,588.3184,676.137,591.8643,697.85614,593.5053,700.88806,646.99194,357.29065,341.85822,341.49286,339.88477,337.7514,394.4395,414.99445,449.25488,507.2506,475.2721,416.99744,574.1811,579.5449,593.94714,582.8815,607.1044,561.6853,0.9828814,0.9764403,0.93009317,0.89922035,0.50009865,0.9865322,0.97787714,0.91541415,0.8593859,0.8716868,0.83256817,0.74004054,0.6827118,0.078673035,0.07125619,0.009071976,0.00928548
283,570.53656,587.29285,562.6012,621.9028,560.6343,675.7409,548.139,766.2313,547.48645,855.84296,588.10876,675.78674,591.9926,697.7534,593.6582,699.95355,647.6119,357.27692,342.30908,341.59167,340.25244,337.3158,394.10876,413.65363,449.42273,506.12708,475.3988,416.669,572.94696,577.8871,594.03644,582.4861,605.7257,560.56274,0.98105115,0.9739481,0.92254114,0.8962062,0.4864401,0.986181,0.97753143,0.9156203,0.86151934,0.87066793,0.832954,0.7442818,0.68868923,0.079297036,0.07230368,0.009103358,0.009371072
284,570.46857,587.15155,562.7065,621.52783,560.92706,675.387,548.19183,766.05194,547.97986,855.8245,588.3908,676.38074,592.7852,698.40814,594.5153,700.7915,648.35297,357.22827,342.4062,341.55475,340.55115,337.3216,393.9629,413.5938,449.15173,506.2331,475.32336,415.70142,572.37476,577.3979,594.5719,583.16956,605.9438,560.87555,0.98065394,0.97315365,0.9210564,0.89457923,0.48655874,0.98617065,0.9779376,0.9161787,0.865164,0.8712855,0.83651507,0.7485777,0.69527984,0.0799526,0.07349187,0.009081811,0.009406894
285,569.17834,585.826,561.78815,621.2733,561.558,676.30444,548.5383,766.3008,548.4006,856.88995,588.4007,676.42584,592.7055,697.1945,594.5871,696.132,648.4355,356.47845,341.64026,341.12152,340.04883,337.41815,394.14874,414.169,449.77197,506.44995,475.7276,414.27435,573.1603,578.41724,594.76874,584.5918,604.72156,561.4294,0.9782264,0.9702875,0.9091686,0.89365745,0.45897585,0.9858217,0.9771178,0.9161836,0.86298776,0.8704971,0.8337014,0.75167966,0.6977677,0.0810917,0.07436824,0.009187371,0.009507149
286,569.25397,585.4492,561.701,620.6682,561.74005,676.4988,549.24835,766.7731,548.83356,858.24255,588.1467,677.14014,593.7279,697.88525,595.7785,696.55316,648.9395,356.6723,341.71338,341.62732,339.8011,338.23737,393.76727,414.19177,450.09937,505.83386,476.37054,412.94147,573.0303,578.6012,594.88086,585.6742,604.17883,562.0678,0.97647727,0.9673371,0.90271866,0.88720214,0.45309618,0.9854562,0.976953,0.91675615,0.8671266,0.87157863,0.83868635,0.7562439,0.7046797,0.08192,0.07579675,0.00918746,0.009558469
287,569.43646,585.95447,561.6588,621.1816,560.9531,676.4012,548.86487,766.6639,549.02734,857.6148,588.32135,676.8354,593.14764,697.1029,594.5385,696.28687,647.7911,356.7473,341.7447,341.47888,339.81927,337.82025,393.96094,413.83582,449.89355,504.99,476.4361,412.37695,573.9158,579.10046,594.84436,584.82965,604.9974,561.8448,0.97777367,0.96891356,0.908798,0.88773197,0.46390882,0.98560345,0.9772474,0.9164692,0.8678653,0.87200236,0.8402165,0.7533357,0.70206714,0.08093691,0.07501757,0.009110302,0.009483159
288,570.1785,586.61084,562.095,621.4856,560.70636,676.45636,548.87537,767.48175,549.3982,859.29645,588.39496,677.00745,593.3064,697.04694,594.45465,696.7002,647.65027,357.35242,342.24493,342.04224,339.75244,337.96313,393.66388,413.49658,449.97406,504.71375,476.83875,412.75867,574.07275,579.29443,596.15796,586.35205,605.8798,563.21606,0.9778211,0.96821254,0.9109335,0.88290316,0.47504422,0.9855602,0.97774756,0.91660035,0.87259716,0.87263536,0.8452009,0.75566936,0.7071128,0.0806196,0.07554805,0.008984864,0.0094099045
289,569.9692,586.39386,561.78546,621.25635,560.34314,676.47076,548.81104,767.15546,549.5148,857.94934,588.8377,677.79346,593.594,698.6075,593.88776,699.758,646.09265,357.28766,342.12445,342.04236,339.92462,338.39508,393.66272,413.5036,450.3222,504.5625,476.23596,412.7539,573.73364,578.99036,596.60364,586.86865,606.93274,564.4997,0.9781197,0.96842754,0.9122064,0.8822552,0.4768873,0.9855247,0.978091,0.91750467,0.8765329,0.8750731,0.8501897,0.7603689,0.7141056,0.081686944,0.077094615,0.009002954,0.009483457
290,569.792,586.1999,561.5688,620.9346,560.0476,676.29956,549.0404,766.9066,550.2966,857.7025,588.2595,678.4305,593.99927,699.9717,592.80023,702.32965,643.9681,357.43317,342.27252,342.26758,340.14594,338.7813,393.35474,413.53723,450.68585,505.3778,475.79785,412.37262,573.8468,579.1607,594.197,584.40295,605.15454,562.39026,0.9785218,0.9686018,0.914055,0.88095593,0.4817844,0.9856311,0.97873104,0.91875494,0.88136077,0.87751657,0.855744,0.76354754,0.71979004,0.08323634,0.07921654,0.009221315,0.009776026
291,569.5154,585.8691,561.43463,620.84564,560.3672,676.54376,549.32935,767.30817,550.48596,858.0919,588.4883,678.50275,594.1189,700.23444,592.7737,702.4147,644.1387,357.27716,342.08722,342.12012,339.9052,338.623,393.47058,413.58423,450.6596,505.01178,476.05054,412.38855,574.1637,579.4713,593.87244,584.2564,604.5475,562.19434,0.97782946,0.96801126,0.91032887,0.88166165,0.47053948,0.9853867,0.9780358,0.9184579,0.8786022,0.87721646,0.85319054,0.7610631,0.715592,0.08237183,0.07794508,0.00914529,0.009661853
292,569.1914,585.3485,561.1906,620.0957,560.2979,676.40295,549.3303,767.7977,550.8684,858.93335,588.69305,677.933,593.71674,700.3754,593.2016,701.65045,644.8849,357.3169,342.13245,342.17902,339.72955,338.54163,393.49353,413.67468,450.63275,505.2848,476.1801,412.0652,575.29407,580.53516,592.6145,582.63873,604.4468,561.3424,0.97622514,0.96540093,0.90443856,0.8760184,0.4627499,0.9849795,0.977237,0.91804194,0.87760067,0.87706196,0.85299855,0.7570069,0.71040094,0.08127913,0.07684684,0.009074509,0.009575784
293,569.1793,585.66656,561.2766,620.3686,560.12494,675.8669,548.8911,767.4945,550.9687,858.31116,588.80725,677.938,593.74866,700.89923,594.055,702.7491,645.78,357.66132,342.65662,342.29553,340.6712,338.5053,393.76862,413.52148,450.55945,505.70532,475.97382,412.77887,574.3186,579.37427,591.61707,581.02167,603.389,559.60095,0.9779077,0.9680929,0.91085124,0.881546,0.472864,0.9854171,0.9778235,0.9178955,0.87654245,0.87599266,0.8508424,0.754194,0.7069777,0.08047801,0.07595882,0.009040266,0.009536922
294,569.1939,585.8642,561.07135,620.75006,559.5496,675.83984,548.68506,767.12964,550.0458,857.9243,588.90533,677.80176,593.28253,701.5554,593.50055,704.8153,643.9961,357.17395,342.17517,341.90808,340.7979,338.77484,394.3321,413.9085,450.62073,505.3562,476.11224,413.67517,573.9717,578.9806,591.08185,580.26697,603.6676,559.46844,0.9790804,0.96982604,0.91570693,0.8836679,0.48000422,0.98552406,0.9778933,0.9179065,0.8762404,0.8767688,0.85132444,0.75382054,0.70622075,0.081030875,0.07630801,0.009145588,0.009629399
295,569.17426,586.02734,560.87445,621.09973,559.0052,675.9085,548.4199,767.4695,550.08075,858.0747,589.1409,677.68286,593.0765,701.02527,593.5509,704.328,644.3758,357.51593,342.4378,342.11914,340.96875,338.8225,394.61206,413.97266,450.73926,505.11646,476.4048,413.36877,573.7374,578.6211,592.1707,581.1274,604.20105,559.7339,0.98011005,0.97162807,0.9196841,0.8876185,0.48537403,0.98574287,0.977916,0.9172288,0.8732654,0.87536144,0.8479479,0.75087655,0.70174754,0.079897285,0.07483813,0.009020746,0.0094617605
296,569.72723,586.69336,561.1823,621.5345,558.5997,675.68335,548.0184,766.8493,550.093,857.3797,589.4258,676.5564,591.91364,699.9812,592.9863,702.3424,643.6452,357.78345,342.7013,342.2826,341.15845,338.81305,394.7743,413.77087,450.3302,504.39954,476.688,413.7303,573.42316,578.091,592.6499,581.0889,604.3799,559.21106,0.9810246,0.9730992,0.92395735,0.89003074,0.49583364,0.98607874,0.97779,0.9169239,0.86871904,0.8732984,0.84200686,0.75029856,0.69817317,0.080625564,0.07448605,0.0092226565,0.0095641315
297,569.42957,586.3701,560.96216,621.53973,558.72107,675.7144,548.24756,767.07587,549.8866,858.1195,589.4157,676.2689,591.7282,699.7742,592.4332,702.5716,642.55725,357.94788,342.83246,342.4643,341.08563,338.82147,394.81232,413.33832,450.2527,503.08466,476.74384,413.5855,573.1675,577.6926,594.5835,583.12646,605.59143,561.06946,0.9805081,0.97266793,0.92141944,0.8902385,0.48654035,0.98585606,0.97722363,0.917138,0.86777854,0.8738777,0.8414138,0.7541875,0.70169437,0.0817548,0.075321555,0.009286821,0.009613961
298,568.87427,585.8303,560.5821,621.4882,559.0208,676.3436,548.65204,767.15894,549.8126,858.13446,589.3822,677.08075,592.00726,701.5249,592.06177,704.88306,641.51636,357.41602,342.33508,342.1718,341.0495,339.14392,394.81897,413.42456,450.27924,502.63135,476.46558,413.20416,573.6633,578.2516,592.004,580.7926,603.7409,559.4988,0.97980785,0.97201544,0.917493,0.89000636,0.4719555,0.98542285,0.97633725,0.9171783,0.8664329,0.8750807,0.84150296,0.7509333,0.69738543,0.08104873,0.07447815,0.00928387,0.0096048415
299,568.7336,585.81134,560.2755,621.66614,558.55975,676.28815,548.7301,767.1266,549.8002,858.44763,589.4634,676.8788,591.9132,701.10504,592.0742,704.8359,641.57635,357.5473,342.3164,342.2223,340.9182,339.16504,394.69745,413.36163,450.03882,502.4276,476.69623,413.64288,573.55396,578.1284,592.2003,580.8304,603.6635,559.03796,0.9810029,0.9741271,0.9216615,0.8952186,0.47515664,0.98563194,0.97616565,0.9164181,0.86177695,0.87336385,0.83619726,0.7444127,0.6881259,0.07849097,0.07148859,0.009019136,0.009278148
300,568.37274,585.3136,560.1711,621.1062,559.016,676.20374,548.6062,767.54956,550.6388,858.5317,589.50824,676.35535,591.75714,699.3959,593.14136,700.7342,643.7363,357.59058,342.50647,342.3078,341.05927,339.12402,394.43066,413.23535,450.1775,502.92065,477.43915,414.00812,573.0653,577.70374,593.5501,582.5691,602.7588,558.9098,0.981037,0.9748028,0.92040545,0.90117306,0.4706839,0.9860522,0.97634524,0.9159894,0.8564367,0.86891836,0.82646537,0.74225307,0.6834281,0.07651886,0.06903678,0.008765459,0.0089688
301,568.4054,585.4322,560.1658,621.09924,558.7835,675.68286,548.382,767.5575,551.0142,858.5367,590.1324,677.27167,592.6038,701.52954,594.35297,704.3225,644.2602,357.87146,342.81226,342.472,341.4635,339.2066,394.36432,413.27905,450.03735,503.21234,477.2049,413.34534,573.11566,577.9764,594.36365,583.7971,603.13184,559.83167,0.98113036,0.9746145,0.9210572,0.8993325,0.47335863,0.9860426,0.9767697,0.9171068,0.86092347,0.871452,0.8323674,0.7482324,0.69166875,0.07782519,0.070747375,0.008819938,0.009075046
302,568.48645,585.37714,560.16223,620.9277,558.7232,675.7185,548.4195,767.30725,550.99786,858.0129,590.00256,677.6741,592.7787,702.4269,593.70087,705.77124,642.9171,357.75275,342.61523,342.45905,341.2179,339.39514,394.23987,413.62927,450.18994,503.70343,476.8296,412.77216,573.3098,578.4098,594.77155,584.68506,603.9409,561.08966,0.98072475,0.9735908,0.9201914,0.89540553,0.47536904,0.98586404,0.9770646,0.9176563,0.86592215,0.87362945,0.8388189,0.7526996,0.69905066,0.07895237,0.0725002,0.008864492,0.009181231
303,568.4526,585.4491,560.0627,621.00446,558.43976,675.5805,548.34784,766.8467,550.82837,857.47314,590.11975,677.64935,592.80786,701.4116,593.1435,705.0625,642.5585,357.79877,342.63953,342.4107,341.30396,339.33362,394.20703,413.6264,449.93408,503.76373,476.78613,412.284,573.30347,578.296,594.7988,584.2817,603.9414,560.1337,0.981001,0.9739838,0.9213313,0.8958994,0.4769187,0.9858357,0.97707593,0.91718245,0.86559296,0.87335974,0.8388285,0.74959123,0.6959101,0.07755229,0.071225405,0.008698553,0.009012252
304,568.6594,585.6098,560.1253,621.02155,558.2409,675.37665,548.12897,767.42773,550.8751,858.35144,590.26654,677.43866,592.57587,701.5242,593.3147,705.3901,642.0941,358.0586,342.86578,342.662,341.40375,339.5182,394.17615,413.54913,450.3208,503.81238,477.09753,412.22333,573.3889,578.474,595.93506,585.8356,604.7339,561.70105,0.98111784,0.97414553,0.92213416,0.8956237,0.47939736,0.98589754,0.9769449,0.9174562,0.8644688,0.8732122,0.83749664,0.75168824,0.6970834,0.07829365,0.0715791,0.008768201,0.009046465
305,569.26495,586.1534,560.4592,621.0921,557.91235,674.8669,547.93414,767.03467,551.113,858.0642,589.6693,677.65125,592.9609,701.97687,593.73376,706.52814,642.4235,358.17548,342.88788,342.78406,341.26617,339.62897,393.9582,413.6963,450.42523,504.15875,476.8073,412.29596,572.7722,578.17944,595.0282,585.72375,603.8914,562.0841,0.9813735,0.97367144,0.92489696,0.8908527,0.49398524,0.98593056,0.9778161,0.9177054,0.87059647,0.8746442,0.84448117,0.75388175,0.70286256,0.07889211,0.07313183,0.008797914,0.009148657
306,569.0698,586.17114,560.3378,621.5861,557.9364,675.11426,547.7936,767.2389,550.71155,858.50867,590.5561,677.2942,592.31494,701.7971,592.9716,706.5215,641.3273,358.42676,343.18634,342.9441,341.67957,339.67505,394.4265,413.63483,450.7732,503.89972,477.4928,412.5473,572.6171,577.77295,596.20166,586.45465,603.85406,561.6226,0.98198885,0.9751519,0.9264567,0.8963039,0.4906984,0.9860377,0.97753465,0.91722775,0.8665838,0.873172,0.83958197,0.7518027,0.69866496,0.077748716,0.07149735,0.008678794,0.008984178
307,568.913,585.7993,560.5035,621.33624,558.85297,675.0827,548.15393,766.8956,550.3956,857.6615,590.4865,676.5514,592.0318,701.761,594.1476,705.3047,642.5806,358.68262,343.5359,343.37097,341.81824,339.95367,394.27478,413.4021,450.68176,503.17053,477.5689,411.5594,571.917,577.1589,595.3089,586.07495,602.87366,561.5962,0.98073757,0.97371835,0.9208633,0.89540964,0.4772626,0.9857416,0.97678554,0.9169976,0.8641625,0.87259245,0.83722264,0.7523655,0.6980349,0.078853786,0.07225031,0.008856654,0.009144694
308,569.41724,586.1877,560.81165,621.27435,558.6264,674.8518,548.13586,766.303,550.6712,857.63904,590.70013,677.3186,592.9441,703.18396,595.7262,706.8812,644.6469,359.00037,343.80414,343.70477,341.81122,340.15216,394.11078,413.82086,450.36768,504.09692,477.34973,411.87048,572.098,577.6575,595.79333,586.6953,603.5419,561.9342,0.9807695,0.97288656,0.9227201,0.8901835,0.49103975,0.98578566,0.9776681,0.917192,0.8704535,0.8735659,0.8441882,0.75482,0.7041141,0.078886956,0.07339123,0.008781344,0.009156615
309,569.76227,586.5549,561.1086,621.37897,558.5721,674.2793,548.1095,764.6454,551.5489,855.74084,591.14764,677.109,593.0874,703.1214,596.114,706.22516,645.5581,359.38855,344.19885,344.04413,341.98053,340.19598,393.99103,413.85034,449.69818,504.04626,476.26184,412.27087,571.9563,577.6465,595.7644,586.8311,603.4716,562.1689,0.98106885,0.97318923,0.92444015,0.88990223,0.4980483,0.9860294,0.9778225,0.9176936,0.8694031,0.8736024,0.8425791,0.75877225,0.7072339,0.08168879,0.07546836,0.009189963,0.009523004
310,570.0628,587.0075,561.0739,621.8397,557.8818,674.36707,547.72815,765.077,550.5644,856.1863,591.0079,676.8805,592.66223,702.6784,595.8637,706.4001,645.06537,359.27905,343.98004,343.8578,341.9325,340.24,394.51202,414.347,449.85815,504.22595,476.87317,412.95453,572.27136,577.92285,596.0546,586.8421,604.49963,562.5263,0.9822568,0.9749756,0.9294182,0.8926032,0.5077104,0.98627007,0.9778683,0.91720414,0.8666019,0.8729804,0.8400879,0.7554339,0.7020493,0.08124846,0.07454035,0.009199858,0.009479076
311,569.97235,586.9938,561.1638,621.87506,558.2125,674.47595,547.7431,764.8854,551.042,856.41766,591.3561,676.6863,592.6149,702.18256,596.2994,704.6774,647.0046,359.66333,344.40747,344.08978,342.38068,340.26105,395.00012,414.73907,450.12756,505.20856,477.26306,414.4632,572.28827,577.81775,594.5854,584.85376,602.1689,559.4795,0.9822077,0.9753654,0.9284481,0.8959037,0.5030197,0.9863331,0.9773847,0.9160687,0.86026454,0.86978316,0.83190966,0.74675876,0.68968827,0.078549355,0.07123506,0.009018391,0.009224832
312,569.69025,586.6475,561.21716,621.50757,558.8072,674.34357,547.60004,764.8928,550.56244,856.02673,591.6385,677.1996,592.96014,703.8924,596.82214,706.3534,646.51746,359.59192,344.57758,344.07288,343.1571,340.5907,395.9176,415.25153,450.44818,505.35266,477.0965,416.01056,572.5731,578.0896,595.11755,585.46924,603.3477,561.3103,0.98155236,0.9747598,0.9252424,0.89631784,0.4940609,0.98618615,0.9767662,0.9165093,0.8579788,0.86988205,0.82917005,0.74937695,0.6908248,0.079832494,0.0718911,0.009164691,0.009336263
313,570.3148,587.02277,561.5693,621.68134,558.83276,674.4715,547.5143,765.3282,550.385,856.6539,590.9443,676.4244,592.4366,702.1673,596.3734,703.47107,647.0459,360.26007,344.98535,344.79883,342.7096,340.9303,395.88635,415.5551,450.7882,505.15222,477.36243,416.57837,572.5294,578.3544,595.477,587.0617,602.35254,562.5354,0.9813359,0.9741106,0.92560494,0.8936236,0.50071317,0.98617786,0.97712016,0.9159678,0.8598784,0.86929965,0.83069503,0.74956906,0.6925098,0.07978675,0.07229015,0.009157777,0.009347349
314,569.9687,586.656,561.2443,621.44257,558.6734,674.3428,547.6782,764.8476,550.234,856.5415,590.5753,675.9606,592.2268,701.0517,595.8693,702.15405,646.4611,360.60815,345.26318,345.11224,342.73987,341.05884,395.76715,415.61755,450.84766,505.75653,477.30597,416.6446,572.6826,578.42773,597.333,588.4562,604.2141,563.38855,0.9812434,0.9741217,0.9250002,0.8943218,0.49806544,0.9862048,0.9770368,0.9159881,0.85910106,0.8690657,0.8296448,0.75118685,0.69386506,0.08022994,0.07254064,0.009162277,0.00934273
315,570.02,586.6533,561.20123,621.6374,558.63464,674.70886,547.661,764.9793,550.0213,855.98267,590.4994,676.0537,592.1897,701.0762,595.7958,701.5728,646.7697,361.0807,345.54053,345.56738,342.47467,341.20386,395.5973,415.76648,451.16162,506.07507,477.52728,416.62915,572.6348,578.56195,597.3631,588.98395,604.37354,564.26306,0.9810678,0.97404754,0.92429316,0.89439094,0.49503005,0.9861094,0.9766797,0.91552234,0.8567972,0.8686458,0.82772636,0.74981195,0.69140244,0.08041102,0.07242668,0.009218186,0.009370625
316,569.9406,586.4082,561.3071,621.3863,559.06866,675.1681,547.6601,766.1036,549.5047,857.3594,589.689,676.0034,592.1115,699.9576,594.8418,699.84766,646.88495,361.11298,345.5954,345.5537,342.19836,340.83038,395.95038,415.84467,452.12134,506.57764,477.96564,416.29144,573.7699,579.48444,597.4313,588.7986,604.6162,564.36725,0.979426,0.9715402,0.9179812,0.8892806,0.4844645,0.9857271,0.9762701,0.91537994,0.8584745,0.86940515,0.830421,0.75009954,0.69274485,0.0807955,0.07313132,0.0092460215,0.0094282925
317,572.21985,588.9217,562.95636,622.8163,558.23914,674.6178,546.791,766.2884,548.91486,856.9116,589.2874,675.393,591.41595,699.5969,593.98456,700.54333,646.1622,364.23657,348.69525,348.1244,344.052,341.64215,396.59558,415.70184,452.11902,507.12317,477.6587,419.04504,574.358,579.6529,596.7879,586.7514,606.1993,564.3765,0.9801154,0.9713056,0.9253527,0.8787955,0.5152472,0.985527,0.976115,0.9142593,0.8595561,0.8696406,0.8332577,0.7448615,0.6872361,0.080887645,0.07315233,0.00943771,0.009569228
318,571.3988,588.1613,562.18854,622.4922,557.9252,674.86664,546.6206,766.47034,546.7171,856.61395,589.02325,675.71765,590.8995,701.36176,592.19946,705.9073,642.6651,362.99304,347.4646,347.01184,343.79572,341.6341,396.80414,415.9696,452.68152,507.86267,477.2141,420.34875,574.16235,579.3993,597.4504,586.75574,607.9295,564.7707,0.9814391,0.9738176,0.9283224,0.88661957,0.5093435,0.9857831,0.97641605,0.9159516,0.8604474,0.87315005,0.83530134,0.7501881,0.69260776,0.082689196,0.07452816,0.009563625,0.009706229
319,571.5265,588.36554,561.80554,622.9789,557.12836,675.4524,545.88837,766.651,546.09344,855.6229,589.78076,677.02454,591.24786,705.7628,596.0094,710.47534,646.5549,360.88416,345.0334,345.1812,342.13623,341.271,396.34106,417.33734,452.94946,510.1325,477.5929,421.4793,575.2423,581.7266,597.3878,588.84045,608.5846,567.38464,0.983549,0.97757566,0.93488157,0.8966344,0.51410747,0.9864495,0.97581464,0.9158176,0.8460758,0.8708315,0.8207282,0.74367285,0.6768764,0.08198744,0.07145667,0.009639531,0.009554356
320,570.43616,587.0772,561.00476,622.99634,558.2324,676.7835,546.7944,766.17316,543.4601,854.3999,589.24084,677.16925,590.81506,706.14795,594.08167,712.1293,643.2192,359.49292,343.40326,344.3722,341.20715,342.04883,395.9903,417.88843,452.83984,509.70197,476.3246,424.0669,573.3573,580.41425,595.8552,588.8514,607.0123,568.09937,0.9836906,0.97902834,0.93134046,0.9076321,0.4833089,0.98662674,0.97547925,0.9180839,0.84226394,0.87424743,0.81654537,0.75393516,0.6854708,0.087519735,0.0751338,0.010317951,0.010157257
321,569.5633,586.5888,560.87616,623.1596,559.0762,676.5536,546.5443,766.2422,541.677,854.7175,590.3217,678.2229,592.0168,706.32043,595.53345,713.79663,645.459,359.60126,344.04114,344.2569,342.3579,341.40698,395.91125,416.52643,452.93787,510.38214,475.9715,430.52393,572.6415,579.27783,593.64996,585.41516,606.7267,567.14606,0.9832473,0.97954893,0.92669404,0.91334134,0.458048,0.986354,0.9734836,0.91737926,0.8285704,0.87177384,0.8006819,0.74268854,0.666288,0.084974945,0.070964575,0.01018852,0.009873211
322,568.723,586.18567,560.88074,623.8226,560.1327,676.1005,546.1547,765.2766,535.7362,853.8313,588.9087,677.24677,590.97314,704.6367,592.5843,716.2084,640.1076,359.85455,344.82043,344.20197,343.30475,340.33917,395.6991,414.2837,452.71014,510.53076,475.01556,441.15295,572.42334,578.1235,598.6254,587.8537,613.3859,571.8343,0.9825083,0.9788598,0.9219588,0.9134154,0.43710682,0.9859795,0.9737592,0.9201145,0.8397967,0.8783001,0.811486,0.7600641,0.68989545,0.09075472,0.07681537,0.010585487,0.010397315
323,569.69617,587.0169,560.9624,624.6332,558.9103,676.747,545.7468,765.06696,532.90436,852.6626,588.8019,678.4026,591.50507,705.1808,591.58777,718.45685,638.77045,359.9048,344.3814,344.45258,342.1864,340.88318,395.8103,415.3971,453.1349,511.64813,474.66125,447.35608,573.44507,579.8399,599.6737,589.96375,616.0724,576.0386,0.98458743,0.9810614,0.9327202,0.91488636,0.46421847,0.9863887,0.97522855,0.91978526,0.84440005,0.87951577,0.816183,0.7584219,0.6907042,0.09015083,0.076897174,0.0104958415,0.010351658
324,570.05023,587.3549,561.29926,624.72974,558.84735,677.5473,544.5529,764.55383,527.7164,852.40344,583.0297,680.2736,592.16156,705.77386,589.58545,719.71185,637.96,359.52417,344.1551,344.09167,342.4234,340.8775,396.52948,415.7126,453.6754,513.59344,475.15393,461.56146,573.18274,579.44086,599.4247,588.5056,616.61566,575.9577,0.98537964,0.98237824,0.93677926,0.9178072,0.47414455,0.9862982,0.97457206,0.91752917,0.83610773,0.87434065,0.8021425,0.7412206,0.66888523,0.08268431,0.06940737,0.009742439,0.009518981
325,570.7724,587.86334,562.05817,625.1451,559.51996,678.5611,544.3141,765.0121,521.95966,851.6788,579.3624,682.6986,594.5577,705.99255,591.05145,720.1784,641.0021,359.51892,344.14307,343.96667,342.18658,340.58643,397.6903,417.56104,454.1526,517.6863,476.1311,473.89014,575.3637,581.9514,600.8541,589.1749,619.2375,577.3783,0.9853692,0.9820416,0.9376137,0.91576326,0.4816541,0.98614043,0.9757216,0.91626155,0.843505,0.8745061,0.80849314,0.7335889,0.66591907,0.0790129,0.067708224,0.009245038,0.009189606
326,572.3956,589.13025,563.28973,625.7698,560.0819,678.49115,544.14526,763.9464,517.74426,851.76355,578.7989,683.17126,595.08954,705.4933,590.65393,722.0864,641.9477,359.7118,344.14532,344.3623,341.97253,341.36322,398.60266,418.19373,454.4854,516.74805,476.51355,482.02484,578.2851,585.3601,598.0293,587.71967,616.8115,577.9501,0.9856067,0.9815992,0.94076145,0.90946466,0.49851313,0.98549116,0.9760531,0.91422355,0.8511626,0.87566435,0.8180151,0.71603376,0.65247834,0.07193902,0.06297642,0.008468449,0.0085247755
327,571.81177,588.4541,563.45825,626.0173,562.09686,679.6554,544.08215,763.8954,513.7586,851.719,576.85,683.9207,595.4311,703.75073,588.41113,719.8626,643.23724,359.2823,343.7862,344.13055,341.81958,341.3609,399.95154,418.4342,455.16833,515.5281,477.53613,496.75146,579.83905,587.004,591.5985,582.80133,608.27814,574.7858,0.98519206,0.9812497,0.9373897,0.91278666,0.48204654,0.98520255,0.9771359,0.91385776,0.85983014,0.8766644,0.8226961,0.70372915,0.64635634,0.06702143,0.0601964,0.008007377,0.008235484
328,571.3622,588.155,563.2444,626.15625,562.4033,679.6759,543.7579,765.23096,511.62775,850.7838,578.89825,684.48395,595.76324,702.1384,587.8937,720.49927,640.5391,358.6139,343.2848,343.40063,342.11713,341.1303,400.4121,418.51392,453.8009,514.91583,478.12677,506.50366,581.6646,588.8207,603.2726,594.7146,619.76086,587.867,0.98564863,0.9813715,0.9393315,0.9133265,0.4874334,0.9854251,0.97967595,0.91676843,0.8795326,0.8825835,0.84160435,0.7285643,0.68398046,0.06784606,0.06373158,0.007468015,0.007953346
329,571.7291,588.45917,563.64075,626.4196,562.95544,679.50995,542.86664,763.5825,517.1249,848.2582,588.11707,682.7856,594.8388,697.7869,591.3181,703.61017,645.115,358.83972,343.64612,343.6004,342.5398,341.2082,401.0714,418.617,452.51843,515.8762,478.346,532.88513,576.72327,584.3952,600.8778,594.2688,617.56683,592.63336,0.9848479,0.9818933,0.9348072,0.9222435,0.47743243,0.9868052,0.9772121,0.91732734,0.8455049,0.86894464,0.78288174,0.7395737,0.6729795,0.08170074,0.06933302,0.009964734,0.009818286
330,573.8199,590.25226,564.8873,627.18933,562.6038,679.71045,543.4176,761.7098,517.37805,848.73975,576.8867,681.9675,593.9449,697.6408,587.6909,701.798,640.0198,359.71497,344.06213,344.55023,341.8589,341.89038,401.485,419.74408,451.95477,517.04517,478.7998,550.2578,580.117,588.14343,614.6383,608.7261,628.70667,606.6587,0.9858991,0.98270184,0.9419406,0.91978467,0.5118533,0.9876112,0.9778402,0.920215,0.84421337,0.8664846,0.7692861,0.76244354,0.69452894,0.08737776,0.07225487,0.010423094,0.010032266
331,573.76025,590.32367,564.7252,627.1206,562.14636,679.2329,543.9218,761.63947,516.8248,848.9297,564.8218,683.10266,595.5904,701.4476,589.551,707.94165,641.05365,359.23932,343.70264,344.33118,341.9843,342.20734,401.43646,420.22668,451.0999,516.7541,478.5194,553.65845,577.61145,585.97595,612.9918,607.933,627.12244,606.9436,0.9860102,0.9826869,0.9419406,0.9188142,0.513314,0.9880331,0.9782992,0.9241451,0.8465664,0.8707166,0.77096766,0.78198075,0.71512365,0.099431604,0.08129209,0.0119901,0.011428475
332,573.51263,590.3301,564.749,626.94104,562.31854,679.0619,544.71686,761.7109,517.222,848.781,538.6502,680.8668,593.4418,698.90295,579.6377,702.6736,627.36676,359.86945,344.40216,344.7707,342.51434,342.10913,401.88007,420.5766,450.20642,517.73566,477.66168,571.27576,578.05505,585.7006,617.1341,611.73505,628.5181,611.48944,0.9854268,0.98297715,0.9390986,0.9216201,0.5003264,0.9879066,0.97488976,0.92498296,0.81916773,0.86284333,0.72184515,0.7808295,0.6996554,0.099128306,0.075139314,0.012237012,0.011036575
333,573.55566,590.38605,564.82806,627.08746,562.62524,679.6158,545.46106,762.71405,519.1204,848.0788,526.8792,679.98663,592.56177,698.0703,575.5435,698.48175,620.6572,359.6803,344.09753,344.64685,342.1183,342.13904,401.88147,422.33655,450.21265,521.89246,476.9032,581.9198,578.66724,586.7419,619.45886,615.25757,630.0481,615.8267,0.9848447,0.98318654,0.9360621,0.92465025,0.48720753,0.9877691,0.97155064,0.9240695,0.7893368,0.8549792,0.67590064,0.77349293,0.67791295,0.09757754,0.069563866,0.012325138,0.010632098
334,573.0234,590.0442,564.52966,627.0472,562.8354,679.6236,545.8212,764.0863,520.19214,848.93164,521.1354,681.2757,594.7549,699.63605,580.6996,698.1868,627.1062,359.646,344.1504,344.42957,342.3324,341.73315,402.10352,423.2171,450.97742,524.2736,477.0205,579.5987,578.4747,586.8699,619.4449,615.8608,628.8997,615.2434,0.9841087,0.98326176,0.93054956,0.9285657,0.46465778,0.98782384,0.9686668,0.9232141,0.75977695,0.84918094,0.6411381,0.76675737,0.6581375,0.098412424,0.06702554,0.012711734,0.010627657
335,572.7692,589.74335,564.57697,626.852,563.4312,679.73254,546.1542,764.62,521.26685,849.1844,519.80975,682.508,595.9122,703.52246,583.31165,701.5829,628.65875,359.58563,344.2323,344.39038,342.50745,341.62457,401.85486,423.8026,451.11444,526.8513,477.09253,581.17255,579.7883,588.6312,623.396,620.25635,632.0137,618.64514,0.983686,0.98310757,0.92762977,0.9298376,0.45535067,0.9879654,0.9680134,0.92459434,0.7531302,0.8487947,0.63124824,0.7751396,0.664388,0.101884246,0.06844342,0.013075262,0.010838985
336,573.0139,589.83496,564.82007,626.61707,563.4857,679.6211,545.9296,765.0672,522.5079,847.83093,521.74054,684.83264,597.7657,712.3639,589.4855,710.12354,632.4693,359.30365,344.05536,344.21985,342.47363,341.59662,401.41107,424.70538,450.91644,529.742,476.0067,580.53345,579.9701,589.8151,624.1336,622.0845,636.1415,623.4192,0.9835434,0.9827758,0.9269769,0.92823976,0.45832983,0.98855346,0.9686998,0.9286714,0.7557368,0.8546297,0.63683003,0.8009098,0.6934742,0.122766286,0.082059145,0.016100734,0.013243675
337,571.9749,588.98175,563.9732,626.16223,563.12396,679.42896,545.7196,765.33215,523.75006,846.94495,524.05896,685.96045,598.86554,714.13837,592.3527,711.52673,634.84686,358.51288,343.40497,343.41382,342.57117,341.28186,401.47107,425.22803,451.30237,531.6227,475.99957,579.8779,580.1152,590.20154,625.4058,623.4717,637.86017,624.7501,0.98365384,0.98327076,0.9256573,0.93150854,0.4489505,0.98879504,0.96845967,0.92925155,0.7486603,0.8542244,0.6286362,0.80453575,0.6951724,0.12659049,0.08380267,0.016627312,0.0136009455
338,572.2442,589.1857,564.0263,626.0194,562.74756,679.2039,545.903,765.4487,524.76135,847.3342,525.5754,685.9309,599.0365,713.15594,591.9496,710.41583,633.5017,358.54474,343.44104,343.44348,342.57544,341.3324,401.5146,424.9176,451.59113,531.1997,476.48352,580.54083,580.42065,590.287,627.18445,624.88776,639.8075,626.3998,0.9838654,0.9831321,0.92786705,0.9297746,0.46070173,0.9888618,0.9694794,0.9291816,0.75713956,0.8539238,0.6362341,0.80592906,0.7001847,0.12497732,0.083797425,0.016181976,0.013351828
339,572.312,589.2368,564.1644,625.9934,562.8996,679.1385,545.8987,765.8337,525.1057,847.66754,525.1317,686.8727,600.1335,714.628,593.73206,711.1843,635.1932,358.72778,343.65405,343.53058,342.57507,341.08313,401.414,425.47803,451.99652,533.5333,476.46167,580.9678,581.31946,591.5227,627.882,625.90155,640.57275,627.22986,0.98352325,0.9826224,0.92649555,0.9284557,0.46114525,0.9889546,0.9699342,0.929702,0.75936586,0.8543463,0.63842416,0.8091946,0.7047863,0.12762901,0.085849464,0.016525716,0.013663381
340,572.41504,589.42847,564.31494,626.113,562.9316,679.02203,545.75964,766.322,526.03564,848.82214,528.8973,686.54645,599.83234,713.8235,593.45245,710.96277,635.87244,358.72003,343.70776,343.40375,342.75,340.84747,401.766,425.38165,452.47388,533.9865,476.90503,583.3788,581.19336,591.2245,627.24884,624.8822,639.4426,625.9967,0.98385334,0.9828705,0.9285114,0.92871857,0.46730012,0.98879385,0.9701543,0.9278424,0.7608167,0.8516476,0.6382756,0.7976705,0.692044,0.11691195,0.07929745,0.0149487555,0.012465
341,572.41473,589.4723,564.28973,626.32367,562.90796,679.23193,545.68304,766.2968,525.834,849.0069,530.55786,686.51196,599.61255,713.613,593.25977,710.6342,635.75836,358.7987,343.72217,343.43494,342.7635,340.90674,402.00238,425.9673,452.79822,535.39233,476.9876,583.89417,582.39154,592.52527,627.93524,625.3967,640.08014,625.8568,0.98396516,0.9830672,0.9289031,0.92915374,0.46609375,0.9887501,0.9698459,0.9273719,0.7579959,0.85137665,0.63617504,0.79449004,0.6871301,0.115055084,0.07779026,0.014739186,0.012270063
342,572.493,589.5597,564.3542,626.35986,562.9491,679.1504,545.9156,766.4403,526.5621,849.57715,530.9597,686.7351,600.11194,713.4909,594.1848,710.59546,637.27234,358.8319,343.77826,343.4723,342.80035,340.8994,401.85352,425.6548,452.60645,534.71277,476.90265,583.2096,581.99396,592.10114,627.7103,625.2645,638.7457,624.8129,0.984071,0.9832524,0.9293617,0.929795,0.466798,0.9886507,0.96952575,0.926298,0.7547771,0.8490673,0.6318325,0.78770924,0.6783193,0.109516084,0.07394171,0.013954878,0.01162076
343,572.5928,589.6715,564.5064,626.5239,563.39514,679.3246,546.6991,766.06433,527.36115,850.8364,532.4667,684.1598,598.4857,703.5416,588.95276,699.6634,634.53357,358.9787,343.93707,343.57886,342.93347,340.98425,402.32825,424.96857,453.23712,532.869,478.4922,583.55554,581.65045,590.74854,626.84045,623.1889,634.19244,619.1443,0.9834501,0.98245776,0.9271147,0.92897475,0.4645993,0.9881121,0.9696723,0.9223976,0.7591629,0.8430669,0.63263476,0.76466763,0.6557656,0.09197214,0.063182205,0.011443913,0.009673625
344,573.0391,590.1382,564.69434,626.76044,563.0463,679.4719,547.0336,766.48004,528.3914,851.7521,532.31195,683.736,598.17017,701.5022,586.9574,697.7253,632.4855,359.26312,344.14612,343.8534,342.9594,341.19476,402.50342,424.98254,453.7362,532.76263,479.01373,583.363,581.9964,590.8082,626.5265,622.4553,634.2089,618.59735,0.9838202,0.9826231,0.9298055,0.92795694,0.47520605,0.98815644,0.97014606,0.92186224,0.7621099,0.84225625,0.63524127,0.761575,0.6536741,0.09044263,0.062425375,0.0112706125,0.009547293
345,573.29407,590.4783,564.8991,627.3014,563.28186,679.9531,547.1201,767.28125,528.4128,852.4605,531.99316,683.60645,597.6445,702.4008,586.80347,698.6663,631.5141,359.50842,344.3405,344.1317,343.31006,341.67505,402.88452,425.29895,454.14136,532.6623,479.3075,583.23535,582.29315,591.1499,626.6417,622.9698,634.13086,619.311,0.98391765,0.9828372,0.9301056,0.92853236,0.4736429,0.9881191,0.9697763,0.9219179,0.7598329,0.84239244,0.6331357,0.76158935,0.6526024,0.09042239,0.06218967,0.011278629,0.009528041
346,573.3866,590.59766,564.83545,627.4686,563.0699,680.1304,547.2446,767.438,528.258,852.9238,532.4957,684.0418,597.78455,704.0766,587.27405,701.72455,631.3512,359.305,344.07996,344.0556,343.36884,342.08435,403.01385,425.1275,453.96704,531.1081,479.16736,582.2783,581.58105,590.4298,625.73126,622.19977,634.0749,619.5754,0.98437214,0.9833026,0.93210495,0.9288327,0.47655794,0.98812675,0.96977425,0.92236185,0.7615764,0.84422386,0.6373762,0.7632036,0.65474695,0.091483265,0.06301725,0.011413038,0.009648591
347,573.7575,590.8986,565.1344,627.656,563.2224,680.176,547.31903,767.2493,527.903,852.96387,531.93976,684.0574,597.7843,704.41815,587.0706,702.44635,630.87726,359.34412,344.10138,344.1927,343.35547,342.3352,402.9818,425.4391,453.91736,531.5391,479.00012,583.10846,581.18054,590.24005,625.6681,622.512,634.09534,620.0542,0.98452866,0.98334485,0.93316615,0.9283627,0.48144576,0.9882097,0.9702908,0.9228213,0.76488006,0.8451536,0.6408242,0.76655596,0.65972257,0.09316817,0.064379364,0.011620104,0.009836912
348,573.68146,590.98755,565.1188,627.854,563.1957,680.0209,547.3131,767.3353,527.94403,853.14655,531.5957,684.02026,597.7991,705.21185,587.81525,703.87976,631.55005,359.00415,343.83264,343.81586,343.37396,342.03748,402.93866,425.14386,453.50592,530.8361,479.12494,582.5508,580.6479,589.63416,624.3985,621.1339,632.9717,618.84717,0.9845457,0.983433,0.93298584,0.9285628,0.47851455,0.98807585,0.9697368,0.92242616,0.7620853,0.8448709,0.63882315,0.7628091,0.6542885,0.09163749,0.0631437,0.011459768,0.009686887
349,573.5764,590.9679,565.1465,628.00226,563.5538,680.07776,547.3603,767.03235,527.8014,853.0443,531.70386,683.68097,597.2652,704.28217,586.4013,703.3278,629.28064,358.18988,343.13464,343.14386,343.42737,342.07422,403.0354,425.3363,453.72327,531.1785,479.32642,583.19025,580.38605,589.4035,624.66675,621.6637,632.51733,618.7477,0.98481023,0.9838997,0.9332517,0.93098485,0.47524,0.9882039,0.969979,0.9228822,0.76130044,0.8447467,0.63583887,0.76462543,0.65605354,0.091760725,0.06299251,0.0114373565,0.009649128
350,574.13666,591.4596,565.5848,628.6243,564.1588,680.66925,548.059,767.0711,528.0169,852.6707,532.8612,684.37286,597.7384,705.97705,587.07404,705.9213,628.5191,357.502,342.3235,342.73645,343.1471,342.63757,402.83508,425.9787,453.4585,531.3987,479.17316,583.54987,579.6411,589.21826,624.53735,622.7869,632.70264,620.34265,0.9853116,0.98455673,0.93501073,0.9328332,0.47602335,0.9882392,0.9700352,0.9230163,0.7601384,0.8453147,0.6350006,0.7657873,0.6569675,0.0921939,0.06314275,0.0114584565,0.009652644
351,573.77997,591.13477,565.53894,628.7751,564.862,681.0233,548.5607,766.35767,527.9518,851.32324,531.792,685.067,598.52496,707.3053,587.8704,706.6796,629.42145,357.42566,342.2721,342.7201,343.1598,342.64337,402.84778,426.18652,452.94073,531.1914,478.01758,582.9246,579.1803,588.9099,624.17285,622.772,632.65753,620.8523,0.98509103,0.9846997,0.93254894,0.9351977,0.46345702,0.98833466,0.9694342,0.9238993,0.75365806,0.846207,0.628094,0.7718672,0.6613477,0.097424835,0.065920115,0.01224491,0.010231614
352,573.9776,591.31213,565.8095,629.09644,565.40045,681.29004,549.06775,766.0586,528.8165,851.0819,533.40955,684.8884,598.60535,706.1155,587.9237,704.59375,629.6062,357.14624,342.0299,342.55273,343.07245,342.69385,402.95343,426.40332,453.25885,531.6562,477.7486,583.34436,579.33826,589.12134,623.9514,622.8312,631.3845,620.03754,0.98472476,0.98432636,0.931038,0.9347117,0.46074525,0.9880869,0.9690187,0.92235166,0.75159043,0.84373754,0.62489194,0.7642454,0.65267813,0.09282878,0.062948346,0.011635721,0.009744108
353,573.8721,591.335,565.5836,629.3884,565.0604,681.3448,549.59106,766.0041,529.6095,850.2888,535.03064,685.4073,598.8982,708.06665,587.45667,709.09216,627.35583,356.9491,341.81262,342.46143,343.19458,343.0357,402.85394,426.4077,452.5747,530.8634,477.4491,582.9319,578.5057,588.30554,623.9481,622.7325,632.1384,620.41693,0.9852406,0.9848275,0.93310356,0.9352623,0.46172044,0.9880842,0.96942663,0.92365694,0.7583364,0.8481413,0.6356559,0.7715888,0.6632134,0.09612781,0.0656136,0.011979103,0.0100797415
354,573.87756,591.4518,565.5167,629.7483,565.0292,681.64813,549.9146,767.716,529.9918,853.01654,535.30664,684.51074,598.054,705.1216,585.2321,706.4746,624.2654,356.91217,341.79224,342.4386,343.37274,343.21198,403.1648,426.46967,453.04895,530.83093,477.78558,582.74457,579.5375,589.0531,624.02136,622.65216,630.9762,619.1805,0.9853309,0.9850722,0.93316925,0.9362744,0.45744208,0.9878838,0.9688387,0.9224305,0.7548643,0.8463061,0.6310994,0.76236975,0.65176934,0.09027743,0.061483413,0.011203647,0.009422451
355,574.53314,591.97644,566.07587,629.8464,565.2161,681.61816,550.0927,768.55334,530.63074,854.5826,535.9303,684.90405,598.568,705.7914,585.8835,707.9554,625.2793,357.03723,341.98285,342.59576,343.38763,343.21887,403.07562,426.37872,453.23206,530.901,478.21722,582.0951,580.00836,589.6028,623.57947,622.43286,630.201,618.6731,0.9852332,0.98473287,0.9337285,0.93409824,0.4639983,0.98773134,0.9688814,0.92193705,0.7576817,0.8459945,0.63522345,0.758542,0.64842606,0.087860525,0.060191065,0.010887057,0.009187877
356,575.0941,592.57776,566.419,630.1645,564.9477,681.6637,550.08936,769.1775,530.9851,855.42755,535.4694,685.1686,598.90625,705.1113,585.6218,707.0821,625.1292,357.69073,342.54468,343.05005,343.48322,343.15137,403.02112,426.40503,453.4272,531.68756,478.32,582.5302,580.8195,590.34705,624.58594,623.1304,631.7095,619.65515,0.9855392,0.98489034,0.9360954,0.93301666,0.4741599,0.98778504,0.96915096,0.9214208,0.7581864,0.84499234,0.63534343,0.7554991,0.6452515,0.086387426,0.059253275,0.010692835,0.0090250075
357,575.0921,592.4178,566.5321,629.7659,565.1193,681.29877,550.1767,769.4068,530.6808,855.21844,534.42596,685.9884,599.6446,709.0739,587.14264,712.9965,625.1894,357.44617,342.43158,342.94446,343.45984,343.1267,402.73273,426.14777,452.5702,530.77905,477.66675,582.5432,580.6685,590.4345,625.99445,624.9645,634.90515,623.64795,0.9854058,0.9845803,0.93563247,0.9313441,0.47407025,0.9878783,0.96955514,0.9241595,0.76626205,0.8505568,0.6469329,0.77269197,0.6666845,0.094950825,0.06544998,0.011698455,0.00989455
358,575.1134,592.3878,566.813,629.87756,565.8512,681.46075,550.34216,768.52167,530.2892,854.7539,534.615,685.84906,599.594,708.97614,587.0869,712.38794,626.0962,357.39014,342.4594,342.93726,343.42023,342.96008,402.74927,425.82935,452.685,530.21985,477.8349,582.1577,579.92267,589.605,624.03613,622.9947,632.3905,621.3498,0.9847914,0.9838069,0.93278885,0.9299533,0.46874344,0.987797,0.96992946,0.9245678,0.7717364,0.85183823,0.6536466,0.7759177,0.6727022,0.09718865,0.06759179,0.01204294,0.010246873
359,575.6041,592.88153,567.2696,630.11176,566.125,681.48206,550.46796,768.8975,530.54346,856.3058,533.8648,685.00824,598.9638,705.89856,585.33514,708.5529,624.40155,357.48816,342.61896,343.00208,343.59106,342.961,402.7874,425.71204,452.60913,530.14374,478.31525,582.7584,580.6179,590.078,625.75244,624.489,632.8377,621.58185,0.9847417,0.983655,0.9331483,0.9293852,0.47332343,0.98777807,0.970139,0.9238701,0.7724124,0.8494512,0.65119314,0.77218294,0.6690588,0.09305188,0.064804226,0.01141116,0.009717077
360,575.8665,593.4793,567.81146,630.5259,566.66327,681.11646,550.60785,768.6763,531.3839,856.9029,535.7627,683.07306,597.81537,698.2575,582.48035,699.7982,622.83887,357.44623,342.90503,342.59174,344.3977,342.23657,402.91132,424.56897,452.33246,529.23334,480.0556,582.0239,579.8144,588.1996,626.0443,622.7584,631.13086,617.0065,0.9845734,0.98356557,0.9323205,0.9305574,0.47203225,0.98760974,0.9701624,0.9213598,0.7703975,0.8436098,0.644207,0.7575289,0.65321773,0.08372003,0.058489054,0.01015839,0.008685917
361,576.7652,594.67725,568.788,631.51105,567.19727,681.27966,550.6305,769.6302,531.9469,858.3297,534.8992,683.79,598.6232,698.6333,583.2646,699.5729,623.99304,358.06635,343.67755,342.8181,345.15216,341.73077,403.52832,424.05927,453.0443,528.8114,480.90057,581.0338,579.5263,587.456,623.9564,620.0998,629.42804,615.23334,0.9846492,0.98351634,0.93341064,0.92953074,0.47932854,0.98767376,0.9703555,0.92088675,0.7701161,0.8421221,0.6435648,0.7546679,0.65009665,0.08404246,0.05879429,0.010340661,0.008841425
362,577.196,595.05896,569.3794,631.8567,567.8526,681.50287,550.7177,770.20355,531.9984,858.1991,536.32916,685.0779,599.5478,702.25903,584.7357,704.5342,624.48364,357.71143,343.4671,342.50018,345.0642,341.37268,403.375,424.01892,453.18103,529.4873,480.41248,581.0659,579.55566,587.7704,625.1516,621.7781,631.20105,617.7965,0.984452,0.9831519,0.9327569,0.92802715,0.47875687,0.9875982,0.9706538,0.9220028,0.7760646,0.8453501,0.6525742,0.76298517,0.6614346,0.08726609,0.061532974,0.010641903,0.00914979
363,577.9465,595.82,570.24054,632.5549,568.8348,681.63934,551.0122,769.8607,531.6485,858.0215,535.8144,684.55,599.04486,702.6298,584.65356,705.06305,624.15356,357.71252,343.51404,342.53186,345.33807,341.56207,403.66992,424.1037,453.29364,529.05066,480.21765,581.2517,579.5242,587.8131,624.6304,621.76117,629.5625,617.2908,0.9845912,0.9834695,0.93291056,0.92946064,0.47648185,0.9876164,0.97034466,0.92207783,0.77220595,0.8448876,0.64735144,0.76204145,0.6585847,0.08685601,0.060780793,0.010642797,0.00910148
364,576.8131,594.9214,569.66095,632.3698,569.4078,681.83606,551.3572,769.97253,532.1577,858.06616,536.1992,685.4581,600.09344,702.72205,585.38293,705.30664,625.6728,357.02527,343.0227,341.7746,345.53967,341.04486,404.0788,424.3109,453.48157,529.6256,479.71765,580.57263,579.78754,587.9203,624.9745,621.81085,628.55945,615.9561,0.9838863,0.9829606,0.92788464,0.93098766,0.4578401,0.9873662,0.97013485,0.92166376,0.7729316,0.84504163,0.6485965,0.75898343,0.65635943,0.08377868,0.059005886,0.010102481,0.008711964
365,576.00665,594.22546,569.18317,632.12573,569.65076,682.06335,551.43427,770.088,532.56006,858.0835,536.79083,685.24994,599.8023,701.6816,584.3148,703.2725,625.02057,356.63293,342.66937,341.27448,345.31763,340.43195,404.25134,423.95093,453.24115,528.7976,479.74585,580.64276,580.75696,588.5425,625.00244,621.3933,629.0082,616.1472,0.98322177,0.98236704,0.9239532,0.9309232,0.44566894,0.9872252,0.96971965,0.9218985,0.77332854,0.8459294,0.64932626,0.7597704,0.6574444,0.084077716,0.059286773,0.010126978,0.008748472
366,578.9469,596.9244,571.2045,633.4139,569.4566,682.3133,551.47424,769.3101,533.1296,857.508,538.4581,685.2731,600.07086,700.0057,585.29736,699.76984,626.5932,356.49414,342.37524,341.18066,344.43292,340.21545,403.78638,423.99664,452.82666,528.9135,479.0326,579.903,581.1308,589.1749,624.8066,621.359,629.47095,616.1719,0.98393965,0.9822644,0.9312697,0.9252883,0.4819739,0.9874215,0.9707048,0.92027175,0.77591455,0.8427726,0.65184826,0.75440836,0.65262747,0.08281553,0.058634847,0.010101199,0.008702666
367,579.4143,597.43146,571.5167,633.8019,569.4332,682.5493,551.3982,768.59985,533.188,856.6719,539.6779,685.173,599.8107,699.3013,585.1328,698.1157,626.6666,356.2823,342.1056,340.97034,344.2091,340.12268,403.63477,423.8977,452.48175,528.61523,478.63055,579.5051,580.87195,588.90295,624.3355,620.7215,629.43335,615.6789,0.984318,0.9825207,0.9333739,0.925177,0.49022886,0.98762316,0.9714124,0.92025685,0.77836597,0.84255403,0.65405154,0.7555381,0.65501,0.08360553,0.059393883,0.010229766,0.008826643
368,579.4853,597.6495,571.4393,634.4448,569.382,682.93024,551.68085,768.792,533.2777,856.8484,540.119,685.01227,599.6511,698.536,584.7589,697.77954,626.35345,355.80994,341.437,340.53674,343.66467,340.03918,403.51117,424.26318,452.57068,528.86755,478.9425,578.8209,580.2925,588.5484,623.58704,620.61945,627.9997,614.86584,0.98494387,0.98336667,0.93525934,0.92790794,0.48989365,0.98778075,0.9718176,0.9201309,0.7774219,0.84284747,0.6535501,0.754169,0.65339726,0.08318463,0.059057713,0.010175645,0.0087789595
369,581.8214,599.88446,572.9177,635.733,568.9021,683.34985,551.51807,769.03076,533.3279,856.9466,540.6621,684.5879,599.0997,697.64246,584.7628,695.7917,626.5019,356.46375,341.7959,341.10144,343.2121,340.21234,403.2953,424.44586,452.38702,529.0917,478.8421,579.34045,580.6786,589.10583,623.29626,620.39905,629.213,615.80005,0.98600006,0.9840157,0.9426527,0.9246123,0.5229794,0.9880284,0.97246206,0.9188125,0.77711976,0.8404894,0.6531129,0.74904215,0.64742905,0.082707345,0.058668166,0.010280758,0.008822143
370,581.2473,599.6152,572.68427,635.7943,568.985,683.2302,551.344,769.70807,533.4547,857.1907,541.47833,684.928,599.39276,698.6053,585.31256,697.5486,627.5214,356.9641,342.38983,341.19714,343.8307,339.68835,403.62134,424.54602,452.698,530.8012,478.97693,579.89496,581.43176,589.614,623.3234,619.3566,629.8625,614.76855,0.9859922,0.9842891,0.94174826,0.9265157,0.5136425,0.98788726,0.97175825,0.91812575,0.77167094,0.8399929,0.64813215,0.74184895,0.6372558,0.08003011,0.056477666,0.009950787,0.008533031
371,583.4415,601.69495,574.7044,636.98047,569.9947,683.2972,551.42346,769.6643,533.3977,857.1591,541.1657,684.36646,599.1449,698.2289,586.1314,695.81964,628.5749,357.0326,342.49573,341.04865,343.36975,338.74316,403.4311,423.6565,452.52185,529.79706,478.51196,580.0329,581.8297,589.8819,625.2277,621.27985,631.8423,617.5372,0.98599267,0.98391354,0.9436817,0.9227079,0.5302762,0.98790306,0.97177255,0.91735053,0.7708726,0.83779263,0.64600325,0.7417286,0.6367158,0.080236435,0.05653894,0.010002494,0.008538812
372,586.10004,603.98083,576.6138,637.6685,570.05695,683.152,551.48804,769.6245,533.4743,857.477,541.5716,683.70325,598.52423,697.21124,585.45776,695.93115,626.8842,357.4251,342.91467,341.758,344.01,340.19727,403.7243,424.16254,452.75977,529.2478,478.64648,579.34625,580.8606,589.11304,624.2484,620.87177,632.76227,618.98706,0.9867314,0.98391175,0.94984114,0.9160837,0.568248,0.9879552,0.97286934,0.9164338,0.77947116,0.836937,0.6563659,0.7393788,0.63758177,0.07951239,0.056682497,0.009932578,0.008497983
373,587.2085,605.4353,577.495,639.03503,570.26636,683.449,551.4083,769.74756,533.67804,857.79816,541.10266,683.4551,598.0774,696.58386,585.0771,695.2435,626.3462,356.26312,341.64288,340.35272,343.29773,339.1211,404.01166,424.3637,453.24512,529.876,479.26154,579.8822,581.6737,589.92847,625.50964,622.3418,634.2015,620.8104,0.98745525,0.98468316,0.95287526,0.9167856,0.57919,0.98814416,0.9730861,0.91570807,0.7757954,0.8352812,0.65154284,0.7349317,0.6311515,0.07762009,0.054987818,0.009661853,0.008219957
374,589.35254,607.4814,579.228,640.0624,570.6647,683.47534,551.2543,769.5801,533.51825,857.5187,541.5916,683.0717,597.5818,696.567,585.271,695.614,626.4115,356.55487,342.01855,340.62793,343.8266,339.537,404.32172,424.3852,453.37384,529.55945,479.23193,579.71375,581.0367,589.2803,624.59534,621.4202,633.54694,620.18054,0.98790747,0.9847373,0.9564099,0.91220224,0.6035274,0.9880955,0.9734272,0.91428566,0.77783555,0.8332883,0.6542827,0.72822833,0.62478364,0.075146735,0.053449064,0.0093943775,0.007987499
375,592.3901,610.1049,581.80383,640.9796,571.5616,683.2236,551.08856,769.0758,532.84644,857.5001,541.4257,682.9247,597.47485,698.0945,586.5575,696.9029,626.53784,356.51367,342.2057,340.73676,344.2,339.92456,404.58875,424.60535,452.94666,529.2362,478.91418,579.8811,580.8187,589.34674,624.0336,621.375,633.86444,621.1049,0.9880918,0.98390234,0.9597083,0.9014983,0.6384982,0.98821974,0.97473943,0.9147201,0.78979385,0.8341491,0.6685608,0.73453146,0.63585556,0.07748628,0.05589956,0.009717375,0.00829199
376,594.6988,612.39496,583.6825,642.0953,571.85895,682.875,550.4929,769.36554,532.6017,857.39954,540.86053,682.8568,597.006,699.6321,586.6814,699.8896,625.74036,356.18213,341.9762,340.25323,344.39618,339.65826,404.6104,424.276,452.58972,528.49164,478.90332,579.77545,580.4371,589.10266,623.1677,621.1271,633.8237,622.24744,0.9886749,0.98404783,0.9632919,0.8944123,0.6636109,0.98816824,0.9748697,0.9142617,0.79169226,0.8341973,0.67261934,0.7308031,0.63175744,0.076003164,0.054785848,0.009543002,0.0081014335
377,599.5051,615.97284,587.4601,643.1608,573.20074,683.3651,550.19495,769.18567,531.2991,856.7351,541.17993,681.2983,595.76495,698.6935,587.2717,695.01086,628.3115,356.2635,341.3404,340.33948,341.58325,338.89697,403.64954,424.323,452.78387,528.1614,478.5094,579.81506,580.8909,590.5569,623.7149,624.2702,636.0968,628.4248,0.98884535,0.9828099,0.9673397,0.87592876,0.70988905,0.9880931,0.9755081,0.9104421,0.7944981,0.8286209,0.67665416,0.7184338,0.62023914,0.07255182,0.0528329,0.0091536045,0.0077429414
378,604.51855,620.0618,591.60144,644.526,574.7226,683.17444,550.16394,769.5924,531.2605,858.2118,542.8768,680.56573,595.5883,699.8036,589.8327,694.64197,630.76294,355.39484,340.23694,339.48462,340.0451,338.24927,403.27448,424.55383,453.0774,528.69714,478.75623,579.63385,580.2376,590.78955,621.49756,624.1378,636.9298,631.9304,0.9890652,0.98143446,0.9711484,0.8509943,0.75368977,0.9877072,0.97505957,0.9054587,0.79167664,0.8214297,0.67601264,0.69520617,0.5942771,0.06666666,0.04859361,0.008508265,0.0071213245
379,608.85315,623.3481,594.6898,645.2135,575.06354,683.0243,550.6026,769.23615,530.918,859.35944,543.8379,682.09155,596.9627,702.4829,591.629,698.49756,627.426,354.315,339.43115,339.23364,340.32092,340.1577,402.61957,424.66162,452.2309,527.5692,478.8377,578.73724,578.21436,589.5685,619.6764,623.98987,636.6975,632.7015,0.9894381,0.97916764,0.97525734,0.8110368,0.8023858,0.9875523,0.9773458,0.9057245,0.8196985,0.824288,0.71264166,0.7028209,0.61453104,0.06667936,0.050688267,0.008342415,0.0071068704
380,613.87335,627.6377,598.6577,646.96594,575.78613,682.7019,549.92584,768.8168,530.6687,859.7432,545.2939,682.65466,597.6063,705.3762,595.7424,699.07074,630.10596,354.07025,339.08234,339.00482,339.61365,339.99634,401.9405,424.693,451.932,528.42194,479.10925,579.2048,578.0018,590.38196,618.8963,625.2896,638.25696,636.52765,0.9897243,0.97660816,0.97877264,0.76229376,0.8438974,0.9874288,0.9783797,0.9033829,0.83084,0.8219862,0.7294922,0.6964396,0.6124533,0.06481135,0.05024293,0.008086026,0.006889224
381,621.43036,633.7734,603.91846,649.54913,576.1181,683.93195,550.62524,768.78076,529.9754,858.9973,545.71234,684.52625,599.3143,708.3904,599.9692,699.6295,630.13794,352.529,336.95892,337.97015,337.85547,341.2785,401.5617,426.1178,451.9441,529.0664,478.80396,579.27356,578.99414,592.784,614.30835,623.3206,639.46814,639.1605,0.99039125,0.97251785,0.9834524,0.667783,0.89233625,0.9869814,0.97954303,0.89934146,0.8478018,0.822254,0.7601924,0.6776624,0.6009288,0.06048253,0.048324555,0.007551521,0.0064359903
382,625.1969,636.4149,606.8132,649.8862,576.3594,685.0779,550.61285,768.8534,529.9556,858.4631,545.5805,686.22375,600.6437,713.5026,603.66595,700.54315,634.2155,352.18335,336.00958,337.71753,335.67914,340.89746,401.36047,427.3158,452.52362,531.2907,477.8463,579.7607,581.1958,595.777,616.07605,625.4142,645.6295,644.41046,0.9906757,0.9697356,0.9854091,0.6129299,0.913025,0.9874548,0.9809417,0.89965105,0.8575845,0.8239354,0.77584255,0.6885253,0.61600786,0.065436006,0.053050935,0.008188039,0.006980121
383,629.1357,639.084,610.6897,649.0891,578.032,684.4176,550.78107,768.7408,530.249,859.1727,545.3209,686.77545,601.6018,715.2999,604.66235,701.73944,633.0781,350.95068,335.56293,337.04858,336.29932,341.2989,401.29773,427.07275,451.91064,531.3478,478.15387,580.1658,580.062,594.55646,614.2638,622.6593,646.3812,642.8085,0.9904288,0.96336496,0.9866187,0.53701746,0.93176013,0.98751795,0.9832727,0.9010167,0.8817164,0.82703894,0.8070242,0.70302045,0.6450554,0.068187594,0.058126926,0.008397907,0.0073421896
384,634.6222,642.85535,615.79486,648.62494,580.26544,684.6061,551.0788,769.36255,529.43097,859.75574,546.0199,687.0527,601.9848,718.54004,607.586,703.3678,633.71277,348.77423,333.85858,335.4574,335.82532,341.47827,401.25952,427.20587,451.95966,532.2782,477.1007,580.5671,580.0586,594.6906,612.0636,619.35254,647.83105,641.0385,0.98968047,0.9533641,0.9872282,0.44208378,0.9456221,0.9867557,0.9834616,0.8976619,0.89122343,0.82458115,0.82271695,0.69188976,0.63975847,0.06437275,0.056278646,0.007874727,0.006924063
385,636.5739,644.4169,617.59515,649.2885,580.9583,684.3119,551.7871,768.6204,529.3741,859.1896,545.15857,686.1262,601.73724,719.6753,607.4168,704.8989,633.0792,349.75092,334.45312,336.42963,335.2448,341.64264,401.1223,427.32397,451.325,531.1416,476.5512,580.37427,580.50964,595.3934,614.13,621.9532,650.0824,644.22375,0.98974246,0.9509103,0.9877696,0.41705674,0.94934785,0.9867855,0.9842706,0.89945763,0.8996443,0.83082604,0.8366976,0.70789003,0.6613942,0.06910837,0.061549842,0.008357555,0.0074158907
386,637.65015,645.28876,618.60474,649.90875,581.86914,684.1751,551.9962,768.442,528.8158,859.1317,544.25073,685.27,600.82837,722.1438,608.2164,708.4144,632.43,349.98334,334.63,336.8213,335.41748,342.26855,401.14453,427.28625,451.4496,530.2203,475.557,580.161,580.2531,595.5498,615.18494,624.48474,650.3314,647.2656,0.9900024,0.95155126,0.9881996,0.4127226,0.95082116,0.9868356,0.98435086,0.9005879,0.9006752,0.8330209,0.83877754,0.71427715,0.6676932,0.07043937,0.06269255,0.008444935,0.007475257
387,639.3682,646.58795,620.3115,649.3686,582.0274,683.8404,551.4844,769.06964,528.83136,859.2811,543.82355,686.65405,602.1026,724.47656,610.0967,710.9401,634.10065,349.52466,334.45215,336.17792,335.83612,341.81195,401.56738,427.78772,451.45667,532.67444,474.66235,582.06635,581.9493,597.0998,618.36847,625.8817,655.7533,649.2028,0.9896603,0.9466894,0.9883385,0.37454963,0.95465696,0.98640573,0.9839514,0.8989675,0.9010109,0.8315681,0.8406974,0.7075447,0.6605147,0.06742671,0.059979558,0.007957041,0.0070173144
388,640.7202,647.493,621.36584,649.50085,582.34564,684.35223,551.5985,769.9493,529.0473,860.1687,545.1025,685.85046,601.5421,722.303,610.9309,705.62317,634.96436,349.05408,333.80005,335.91583,334.95898,341.89246,401.32562,428.44025,450.94153,533.3932,473.81366,582.8502,583.5436,599.0655,620.2533,628.28125,656.83276,650.37897,0.9892385,0.9437848,0.98807895,0.3609463,0.95528054,0.98607385,0.9831269,0.89599395,0.8953768,0.8263662,0.83277524,0.6944237,0.64328253,0.06317955,0.055466115,0.007458061,0.006495297
389,642.7468,648.4666,623.38153,648.4088,583.4713,684.50745,551.6636,770.5961,528.9173,859.7235,545.48737,685.38464,601.33044,722.61896,612.0595,704.0448,637.0094,347.85687,332.52985,335.09613,333.7793,341.83057,401.1225,428.7486,451.47034,533.62274,473.9793,583.33826,583.8818,599.70245,617.8772,626.2558,656.8824,650.5284,0.98856604,0.9371314,0.9877293,0.33060783,0.9574106,0.9857861,0.98280346,0.8946201,0.8950555,0.82460034,0.8331959,0.68772674,0.63576466,0.06266922,0.05489123,0.007470757,0.006463617
390,643.6662,649.48157,624.49963,648.8064,583.9145,683.94666,552.079,769.0069,529.52795,859.566,545.1855,684.317,601.61475,715.97205,609.8068,695.5054,636.9735,347.7113,332.59656,334.73682,333.54578,340.6593,401.37598,428.97473,451.24475,535.31866,473.9173,585.07886,585.612,600.93866,618.48425,625.21716,655.71497,646.56836,0.98770183,0.93112165,0.9868895,0.31758863,0.9569256,0.9855918,0.9828421,0.8933873,0.8955301,0.8225973,0.83253676,0.6818621,0.630805,0.061131686,0.053514212,0.0073255897,0.006326884
391,644.23706,649.92114,624.85376,649.102,583.95764,683.64557,552.3466,769.2876,529.4689,859.72156,544.72455,685.05884,602.3853,718.686,611.16315,699.83185,635.66046,347.9345,332.81134,335.0932,333.9104,341.35486,400.9547,428.69904,450.6255,534.2654,473.44232,584.4793,584.1729,599.8817,619.97595,627.83826,657.523,650.077,0.98805106,0.93285966,0.98736954,0.3147131,0.95797354,0.9855505,0.9825115,0.8942938,0.89428544,0.8237716,0.83179957,0.6890165,0.63623524,0.06302303,0.054697692,0.0074968934,0.0064256787
392,645.57935,650.33606,626.16974,648.1964,584.9338,683.4337,552.5158,769.0178,529.04645,859.1216,543.04694,686.8866,603.7326,727.6085,615.2313,710.6001,637.2471,346.73553,331.91956,334.66302,333.72107,342.32233,400.04852,429.0514,449.80255,534.51135,472.1848,584.0431,582.33594,599.18524,616.78674,626.56006,655.43066,649.9338,0.98744,0.92651105,0.986922,0.28911084,0.9591797,0.9854186,0.98230183,0.89805883,0.8970623,0.82904893,0.837569,0.707862,0.65445316,0.06978837,0.06018403,0.008357078,0.0071080625
393,646.5674,650.9579,627.1793,648.0734,585.5635,683.72455,552.51245,769.1789,529.0867,859.5486,543.15454,686.5984,603.1814,728.0359,613.6632,711.1786,636.5949,346.23846,331.39575,334.279,333.21466,342.1612,400.45392,429.23096,450.75854,534.3201,473.02332,584.1266,582.20355,598.9916,614.51025,624.3566,653.085,647.9215,0.9871744,0.92325485,0.98682094,0.27850854,0.96003425,0.9852871,0.9823991,0.8978491,0.898881,0.829538,0.84052676,0.70727885,0.6551567,0.07032663,0.060901284,0.008496195,0.007232845
394,646.78485,650.9658,627.42175,647.8448,585.87665,683.82153,552.52734,769.5043,529.0006,860.24365,542.5536,686.6044,603.23083,728.24744,614.152,709.9237,636.6909,346.15814,331.1734,334.30273,332.7251,342.16608,400.08417,429.23035,451.21008,534.7596,473.1317,584.57074,582.0753,599.1357,615.34326,625.914,653.4186,649.48517,0.98693264,0.9219583,0.9866214,0.27788252,0.9599501,0.9851875,0.98221266,0.8967501,0.8973063,0.82657987,0.8371705,0.7025256,0.6496163,0.068051994,0.058862746,0.0081704855,0.006948352
395,646.5728,650.92725,627.28973,647.9817,585.8431,683.80304,552.50433,769.25775,529.15784,860.4063,544.15814,686.1857,603.1866,726.20996,614.6493,706.718,638.63074,346.06354,331.016,333.99982,332.41876,341.5066,400.073,429.20685,451.28052,535.6258,472.9696,584.45416,582.62573,599.5404,614.7368,624.64856,653.43823,648.2429,0.98690474,0.92279685,0.98653245,0.28227755,0.959357,0.985093,0.98174417,0.8944359,0.8928027,0.8230922,0.8312841,0.68883246,0.6330793,0.064839214,0.055702686,0.00785771,0.0066538155
396,645.7723,650.3434,626.6499,648.0701,586.0101,683.76575,552.7759,769.1586,529.45337,861.1122,544.62726,687.261,603.7327,729.17566,613.4014,712.708,635.7585,345.30573,330.49585,333.2718,332.386,341.0169,400.0382,428.39807,451.2362,534.11,473.89978,584.891,581.522,598.2929,615.62976,625.8375,653.59265,649.6263,0.9876144,0.9273139,0.9870881,0.29496995,0.95969975,0.98560953,0.9830687,0.8982404,0.9011703,0.82843745,0.84108895,0.7091526,0.65952104,0.06915051,0.060581774,0.0082398355,0.0070950687
397,645.5472,649.904,626.4744,647.7307,586.413,683.6309,553.1886,768.87537,529.3179,861.30286,544.8107,686.90186,603.62256,730.1996,614.7066,714.071,635.9095,344.71545,330.0893,333.07153,332.3625,341.49194,399.81055,428.41895,451.14246,533.86346,473.72607,584.4561,580.6235,597.68115,614.72186,625.6745,652.52014,649.45734,0.9872178,0.9261061,0.9865452,0.296479,0.95838267,0.98544514,0.98251665,0.8984287,0.8986853,0.8277097,0.8376461,0.70965624,0.657676,0.06970376,0.06057051,0.008345902,0.0071453154
398,646.4853,649.9982,627.08997,646.8976,586.7501,684.4978,553.2598,768.6416,528.6528,861.24365,543.9252,685.1204,601.41516,726.08813,610.4886,706.8384,632.2876,344.31958,329.34833,333.20673,331.18237,342.40753,399.3341,428.39703,451.44482,532.3006,473.58502,584.25323,581.36273,598.4649,612.77203,624.37225,649.76953,647.5411,0.98663706,0.92143655,0.9861129,0.28464872,0.9588156,0.9853255,0.9822748,0.89794743,0.89819837,0.82589465,0.8356908,0.7044741,0.65175515,0.06779882,0.05856949,0.008187681,0.006955087
399,646.8023,649.9082,627.0479,646.17395,586.3153,684.6774,553.19257,768.3623,528.39166,861.4292,543.4923,684.7489,601.2351,721.17346,608.51636,700.14716,631.2951,344.1172,328.96606,333.17004,330.85303,343.02484,399.13214,428.3429,452.22327,532.0603,473.9856,583.5865,580.65594,597.5912,611.5502,622.9952,647.40015,644.56604,0.9863791,0.9189179,0.98603356,0.27669987,0.95976835,0.98504484,0.9820421,0.8947774,0.8964769,0.82024574,0.83211946,0.68682903,0.6340967,0.06170255,0.053310096,0.0074325204,0.0063011646
400,646.85583,650.01086,627.0602,646.12354,586.0218,684.42896,552.829,768.59265,527.8631,861.286,543.03,685.2311,601.846,722.10474,610.621,701.6709,634.12366,344.26764,329.1518,333.2174,331.1939,343.06555,399.14,428.27185,451.4757,531.40515,474.17822,582.47015,579.6625,596.6355,611.1236,622.44196,648.3382,645.0155,0.98639286,0.918607,0.986092,0.27268267,0.9600965,0.98499537,0.98176366,0.89461,0.8949244,0.8204643,0.8316235,0.6872205,0.6330241,0.06283924,0.054013073,0.007588744,0.006404698
401,646.8867,649.7125,627.15765,645.49774,586.3755,684.1495,553.07623,768.3441,527.46234,860.6179,543.4286,685.1494,601.83844,723.7268,611.47266,704.2529,633.2768,343.52026,328.5924,332.81128,331.0943,343.37872,398.77332,428.38635,450.96222,531.65875,473.4864,582.88745,579.49445,596.76807,611.8646,623.5222,649.9631,646.6827,0.9863515,0.9174586,0.9861065,0.2688371,0.960593,0.9850004,0.9820264,0.8958328,0.89792866,0.8226696,0.8357905,0.6940075,0.64154243,0.06405282,0.055399746,0.0076566637,0.0064905584
402,647.10394,649.9209,627.29156,645.6354,586.33905,684.3286,553.0474,768.8168,527.4999,861.27893,544.4166,685.09985,601.75616,722.45795,611.10754,702.28845,632.77893,343.62683,328.59326,332.84515,330.97882,343.33942,398.73773,428.37744,451.27808,532.09686,473.63885,583.5884,580.2726,597.5112,613.0502,624.6155,651.0445,647.6036,0.9862698,0.91711086,0.98607385,0.2676778,0.9605144,0.9848243,0.9816967,0.8944864,0.8960811,0.8205601,0.83298266,0.68663955,0.6330872,0.061455578,0.053013057,0.007319063,0.0061909556
403,647.0768,649.8275,627.2917,645.5404,586.55005,684.636,552.9643,769.1632,527.0811,861.20593,544.0099,684.38226,600.69,720.47046,608.6046,700.0252,629.4328,343.3415,328.4281,332.69586,331.09387,343.54602,398.62244,428.1997,451.18225,531.9488,473.3131,584.69666,579.7678,596.834,613.4518,624.88257,651.3427,647.92645,0.986153,0.91675305,0.98592937,0.26948214,0.96028394,0.9848788,0.98188984,0.8951099,0.8974212,0.82066834,0.8330891,0.6904333,0.6379493,0.061820775,0.05338666,0.007322043,0.006199032
404,647.1582,649.87506,627.3736,645.45917,586.4951,684.70355,552.6819,768.72217,527.1509,860.9634,546.05444,684.35596,600.4819,721.3652,609.8249,700.17145,631.2176,343.34607,328.388,332.6333,331.06958,343.49274,398.7295,428.7884,451.3601,533.745,473.3133,584.86523,580.82446,598.04663,615.0723,626.0238,653.7705,648.8119,0.98611856,0.9164357,0.98595375,0.2675529,0.96055204,0.98485124,0.98157007,0.89400053,0.89468575,0.81863725,0.82979006,0.6864226,0.6317507,0.06093639,0.052324325,0.007221967,0.0060897768
405,647.2733,649.78143,627.5381,644.90845,586.6429,684.6555,552.5603,767.74744,527.6216,860.36633,547.3131,683.32684,599.8998,715.4647,607.4512,691.3198,630.9473,343.00397,328.0232,332.31042,330.53882,343.12817,398.4311,428.51245,451.3164,533.65735,473.187,584.75946,580.68225,597.6228,614.3202,624.7908,651.2073,645.45917,0.98543626,0.9123441,0.98530376,0.26482302,0.9601754,0.9846418,0.98146474,0.891158,0.8931277,0.8129034,0.82522714,0.67206526,0.61779386,0.056413084,0.04849428,0.0066949725,0.0056455135
406,647.19556,649.812,627.615,645.0882,586.77594,684.69336,552.5068,768.1768,527.7421,860.19116,546.63214,684.18146,600.34033,720.73926,609.53577,698.28485,632.71814,342.85187,327.9486,332.09357,330.50482,342.6772,398.60645,428.1947,451.20715,532.87225,472.90198,584.59753,580.74316,597.71313,614.14136,624.65564,652.556,647.4209,0.98568106,0.9132,0.98556817,0.26299104,0.96049726,0.98472285,0.9815614,0.89306366,0.8951625,0.81711864,0.8298532,0.6819575,0.6281439,0.05957398,0.05138594,0.007072389,0.0059809685
407,647.7377,649.908,628.36816,643.99506,587.2104,684.36975,552.52924,767.72864,528.1122,860.4895,546.3226,683.8102,600.55646,716.0095,607.0358,692.14343,632.63495,343.12915,328.3565,332.4359,330.77905,342.8697,398.63116,427.68774,451.18707,531.5442,473.6355,583.66583,579.65326,596.0616,611.4048,620.90247,648.1376,641.673,0.9845438,0.9036108,0.9846808,0.2477009,0.96091354,0.98431635,0.98203546,0.891544,0.900724,0.8151559,0.8361087,0.67362195,0.6256111,0.056206375,0.049473822,0.006647408,0.0056940615
408,647.24,649.4761,627.80646,643.6228,586.5373,683.92395,552.50146,767.1396,528.5653,859.872,545.97784,683.57007,600.7386,713.68054,605.94385,689.223,631.9583,343.03607,328.1073,332.24103,330.2503,342.45648,398.26898,427.78668,450.77014,532.1858,473.6847,584.855,580.18445,596.609,611.6023,620.96576,648.21027,641.2929,0.9846745,0.9041172,0.9848374,0.2480337,0.9611443,0.9842925,0.9821409,0.8906096,0.90079904,0.8141053,0.83571887,0.6675853,0.6203153,0.054502934,0.04808688,0.0064412057,0.0055265725
409,646.84595,649.31165,627.2528,644.099,586.28735,684.1471,552.83746,767.304,528.3648,860.26666,545.72266,683.88745,600.96375,714.3568,606.34985,690.96313,630.9716,342.82935,327.9303,332.05304,330.40057,342.61847,398.22443,427.68372,450.67694,531.9243,473.7467,584.05383,579.4812,595.9003,611.62756,621.0756,648.6515,641.6595,0.9850627,0.90810096,0.98505116,0.25555736,0.9606092,0.984396,0.9819503,0.8911699,0.89910877,0.81463313,0.83381903,0.67007774,0.62116987,0.055444837,0.04859993,0.006558478,0.0056069493
410,646.58936,649.2618,627.00916,644.3001,585.99457,684.17206,552.631,767.5089,528.4505,860.0608,545.856,683.6151,600.70245,713.2748,606.1954,689.5948,631.299,342.87183,327.9818,331.9521,330.44897,342.31195,398.32367,427.91284,450.72766,532.8584,473.77405,583.51855,580.05536,596.3789,611.9656,620.9967,649.00555,641.05865,0.9849378,0.9083407,0.9848596,0.25726244,0.95983195,0.9842372,0.98146576,0.8899646,0.8958569,0.8131536,0.8300394,0.6639218,0.6128382,0.054451585,0.0473893,0.0064758062,0.005510062
411,645.9551,649.0378,626.2286,645.00903,585.4885,684.3162,552.6205,767.4267,528.303,859.52795,545.8275,683.8987,600.7436,715.06525,607.33984,692.2837,631.65265,342.5846,327.61896,331.53442,330.21942,341.927,398.22766,427.84277,450.1989,532.57153,473.3543,582.87335,579.89594,596.3537,612.3148,621.7031,650.0948,642.6141,0.9857812,0.91475236,0.9855731,0.26766407,0.9598844,0.9844857,0.9814522,0.8904553,0.8941158,0.8145104,0.82884085,0.6664647,0.6137748,0.055669606,0.048226416,0.006637424,0.0056350827
412,645.8733,648.8604,625.8396,645.19574,585.3426,684.8972,553.13586,766.96716,528.25793,858.5325,544.9355,682.87,599.3243,712.81323,603.55414,689.7225,626.0101,342.60748,327.58716,331.88367,330.29694,342.9663,398.4071,427.97034,450.09723,531.01245,473.30176,583.30225,580.0541,596.34955,612.5531,622.31134,648.6328,642.00195,0.9864993,0.9187983,0.98631215,0.27519152,0.96106994,0.9849235,0.9825045,0.8922009,0.89951986,0.81652373,0.8340672,0.67505133,0.62669456,0.05620575,0.049282312,0.0066478252,0.005692363
413,645.0802,648.26996,624.9635,645.3969,584.9379,684.7662,553.1968,766.80396,528.3314,858.45874,546.14246,683.3103,599.67773,714.9011,605.1606,692.8241,626.65155,343.0783,327.9472,332.39697,330.4864,343.42896,397.88373,427.71777,449.44287,530.3744,473.07886,582.8476,578.7189,595.3773,612.90674,623.6007,649.0026,643.77637,0.9871605,0.92381394,0.9868751,0.2868243,0.9611853,0.985244,0.98295355,0.8935602,0.90112853,0.8186017,0.8363304,0.68348587,0.6362349,0.058190674,0.051291943,0.006850928,0.005896777
414,644.63007,648.11316,624.4245,645.9381,584.72906,685.32043,553.1615,767.163,528.4536,858.298,547.65027,683.3107,599.4764,713.1835,604.85266,690.11096,626.76184,343.26605,328.04346,332.48865,330.53992,343.4618,398.02216,427.85864,449.81573,530.7098,473.318,582.7186,578.89453,595.5021,612.7087,623.5199,648.65576,643.66473,0.9876256,0.9282452,0.98722017,0.301391,0.9608869,0.98544633,0.983065,0.8921549,0.89880055,0.8157207,0.83199364,0.6758715,0.6278968,0.056341916,0.049604982,0.0066619515,0.005737543
415,643.95404,647.9296,623.47363,646.77875,583.78674,685.5276,553.1516,767.48724,528.7976,858.5646,549.3566,684.1145,600.0682,714.4093,605.7981,692.53613,627.4865,343.43414,327.99292,332.3711,330.33868,343.07788,398.17236,427.87744,450.34106,531.2145,473.09137,582.0817,579.43646,596.07825,612.5544,623.42426,649.2974,644.3516,0.9884883,0.93506473,0.98794305,0.31706896,0.96058846,0.98565865,0.9826263,0.8916868,0.8932842,0.8157268,0.82622373,0.67039025,0.6179404,0.05646494,0.04897502,0.0067645907,0.005772114
416,643.94495,647.90344,623.6076,646.47046,583.9318,685.1522,552.9875,767.76526,528.76154,859.5228,547.8087,683.82367,599.7996,714.4525,605.08374,693.4618,626.59674,343.16895,327.92334,332.0619,330.65344,342.89362,398.28308,427.74207,450.13458,531.2846,472.70544,582.1645,579.2071,595.68604,612.9935,623.4986,649.807,644.41833,0.98838323,0.9345788,0.98783225,0.31484082,0.96048665,0.98552656,0.98219115,0.89150965,0.8910473,0.8147532,0.8229612,0.6680331,0.6135316,0.055678874,0.047898233,0.0066535175,0.0056430995
417,643.9057,647.7941,623.50726,646.3377,583.9127,685.38525,552.93524,767.41235,528.4622,859.079,548.15454,684.2679,600.238,713.1391,605.0152,691.46234,627.55396,342.72125,327.4843,331.67712,330.3302,342.76215,398.13092,427.67273,450.79016,531.7726,472.78967,581.7332,578.912,595.39636,610.2831,620.79175,646.79395,641.2026,0.98826134,0.9343302,0.98761445,0.3167277,0.9599732,0.98550093,0.9820563,0.8903624,0.8888572,0.81237656,0.8195964,0.6592624,0.60377073,0.054280907,0.046506464,0.0065701604,0.0055577755
418,644.1466,647.8279,624.02625,645.6024,584.31714,684.84717,552.68427,766.96576,528.30255,858.88904,547.996,683.44995,599.7081,711.61725,604.1362,689.2843,626.69867,341.88617,326.97534,330.8683,330.2837,342.09045,398.12262,427.21143,450.07867,531.229,472.38013,581.19293,578.4985,594.59265,610.9133,620.3411,648.44727,641.1632,0.9877032,0.9301483,0.9871806,0.305485,0.96032804,0.98527396,0.9818616,0.889585,0.8894032,0.81069875,0.8197777,0.6586876,0.60378826,0.053942174,0.046286315,0.006497413,0.005495906
419,644.04504,647.6052,624.13873,645.20624,584.65656,684.2152,552.83105,766.5011,528.0773,857.5159,547.52936,683.1622,599.41925,714.79114,604.77216,695.0282,625.70184,341.35486,326.70087,330.49902,330.3086,341.87122,397.76843,426.16724,449.235,529.0443,471.13953,580.4601,577.77576,593.7587,612.1443,621.5646,650.18207,643.5734,0.98763376,0.92836607,0.9871436,0.29862523,0.9605944,0.98531294,0.98249817,0.8932967,0.8974049,0.8184238,0.8320751,0.6795014,0.62921864,0.057958513,0.050535172,0.0068425536,0.0058551133
420,644.89197,648.1832,624.9885,644.9099,584.79535,684.3241,552.93243,766.9673,528.3674,858.2173,549.2609,683.97437,600.1762,716.5082,605.0018,697.57404,627.1888,341.14117,326.33093,330.1643,329.82532,341.48718,397.82416,426.62793,448.4475,529.29016,470.7566,579.1357,578.51526,594.5531,608.60925,617.31525,649.7844,641.1706,0.987357,0.92368245,0.9871162,0.27844858,0.96178615,0.9849825,0.9825456,0.89319307,0.901204,0.8226373,0.841211,0.67623234,0.62833583,0.0585441,0.051592708,0.006976843,0.0060032904
421,644.2997,647.8592,624.2139,645.444,584.46344,684.6061,553.02313,767.4281,528.36816,858.54834,547.9086,683.2372,599.3319,714.52094,603.5306,695.3993,625.03516,341.12158,326.18298,330.15234,329.61005,341.55243,397.52667,426.03888,448.19348,527.5921,470.83948,579.05444,577.4221,593.3921,609.0028,618.59546,648.67865,642.14526,0.9878043,0.92816615,0.9874119,0.29224724,0.9612312,0.9851899,0.98259985,0.8933707,0.89977026,0.8217392,0.83780813,0.6773429,0.62874913,0.05833122,0.051209718,0.006933242,0.0059525967
422,644.261,647.9299,624.0428,645.6261,584.25934,684.8139,552.88763,767.5204,528.56085,858.7616,549.1308,682.15405,598.4208,710.15546,602.18005,689.018,624.7413,340.93274,325.92523,329.8592,329.37323,341.29346,397.61572,425.86133,448.72327,527.6589,471.28027,579.00055,577.84033,593.50476,607.16187,616.3618,645.7191,638.655,0.9879172,0.929808,0.98746586,0.29934368,0.9610014,0.98518205,0.9823164,0.89049584,0.8952981,0.8161333,0.83019006,0.6586381,0.60786974,0.053857207,0.046966612,0.006482184,0.005538255
423,644.1491,647.8396,623.9105,645.5419,584.12225,684.47894,552.83765,767.4004,528.597,859.30707,549.01465,682.3515,598.9342,709.5693,602.47095,688.3356,625.5001,341.29822,326.17194,330.13367,329.3825,341.34576,397.46985,425.80182,448.61517,527.58575,471.24542,579.7299,577.31616,593.1176,606.37714,616.0092,644.577,638.3646,0.98800707,0.93078274,0.9875102,0.30282402,0.96083355,0.98523355,0.98225033,0.89015883,0.89377064,0.81507,0.8275707,0.6559705,0.6042379,0.053621173,0.046565026,0.006488025,0.0055271983
424,644.3348,647.9038,624.1925,645.4895,584.5219,684.541,552.7281,767.699,528.73206,859.46936,548.21027,681.9402,598.4594,710.26715,602.8909,688.2464,626.1977,341.214,326.09845,330.1858,329.17212,341.36816,397.23248,425.7921,448.614,527.6139,470.97412,580.3654,576.9932,593.0453,605.3804,615.81903,642.97644,638.3345,0.9878384,0.9297012,0.98732996,0.30199882,0.96071,0.98527336,0.98231554,0.89040935,0.89376473,0.8145596,0.82656384,0.6567189,0.6048002,0.05374071,0.04666546,0.006516814,0.0055488646
425,644.62134,648.04425,624.4902,645.4348,584.5709,684.92993,553.0449,768.5143,528.75104,860.02356,547.3399,682.6068,598.88776,711.85187,602.5465,690.62964,625.3292,341.32288,326.1501,330.3418,328.80267,341.1765,396.86328,425.03497,448.74255,526.61176,470.57117,580.0077,577.14636,592.96985,606.71765,616.6419,644.6906,639.6817,0.9877151,0.92819387,0.98727846,0.29613274,0.960813,0.98524654,0.9825052,0.8920407,0.8972963,0.8180138,0.8321508,0.6668958,0.6170653,0.055870384,0.0488351,0.006721914,0.005750656
426,644.6682,647.9443,624.5295,645.29065,584.7545,684.84607,553.0112,768.7207,528.9086,860.1428,548.0641,681.7477,598.2223,711.24426,602.86584,689.1815,625.9353,341.0794,325.80878,330.2329,328.28174,341.14722,396.55725,424.98608,448.62805,526.1212,470.4402,579.30115,576.7026,592.77625,605.59766,616.44086,642.9867,639.4763,0.98791474,0.92904997,0.98749006,0.29909745,0.96134174,0.98546946,0.98297787,0.8920708,0.8987552,0.81785834,0.8335257,0.6671517,0.618717,0.055818528,0.049113184,0.006718695,0.005771339
427,644.9489,648.0882,624.7665,645.3364,585.0109,685.1631,553.1911,768.7991,529.1838,860.3339,548.67535,681.6487,598.41296,710.4601,604.237,686.4798,628.376,340.79858,325.37256,330.01025,327.62354,340.97217,396.46265,425.60236,449.10333,527.5746,470.60577,579.2979,577.43274,593.8242,605.07825,616.3634,641.9286,638.5657,0.9876469,0.92798793,0.9871516,0.29968384,0.9606687,0.9853988,0.9825673,0.8902312,0.89440703,0.8141435,0.8272662,0.65658486,0.60531026,0.053837717,0.0469729,0.00653705,0.0055805445
428,644.8677,648.0334,624.6472,645.28235,584.8982,684.96094,552.7755,768.6776,528.9518,860.1272,550.062,681.0989,597.7779,709.0407,603.569,684.7598,627.65753,340.84772,325.43488,330.04138,327.8944,341.21216,396.3852,425.82507,448.92877,528.1118,470.8921,579.1183,576.87317,593.3863,604.3115,615.85944,641.2722,637.91797,0.9877697,0.92882645,0.98730457,0.30149847,0.96102715,0.9853895,0.98257864,0.88920176,0.8935175,0.8123679,0.8256147,0.65114856,0.59970593,0.052511305,0.04579878,0.0063833594,0.00544554
429,645.12146,648.2202,624.9984,645.25757,585.2591,684.9556,553.075,769.10254,529.3443,860.2521,550.0993,681.98926,598.77435,711.41296,605.6634,687.7865,629.2396,340.6989,325.4359,329.94067,328.13916,341.2359,396.4441,425.91638,448.90906,528.4972,470.57404,579.1489,576.86847,593.48676,604.72705,616.2489,642.02435,638.5743,0.98762137,0.92770106,0.98714477,0.29834145,0.96091044,0.98531836,0.9824938,0.88966167,0.89381266,0.81309783,0.82648474,0.65351874,0.6019014,0.052924216,0.046177953,0.0064055026,0.0054688156
430,644.9294,648.00385,624.859,645.17816,585.3993,685.4638,553.2541,769.4208,529.2784,860.624,550.0199,682.8491,599.4837,711.1963,605.87146,686.6549,629.5813,340.5556,325.30573,329.85095,327.94183,341.13843,396.22565,425.87695,448.49194,528.4121,470.65192,579.4961,577.1492,593.76404,606.53094,617.92786,643.2149,639.4682,0.9875514,0.9273431,0.98703855,0.30103403,0.96081525,0.9854573,0.983039,0.890141,0.89702505,0.81301475,0.8293878,0.6583566,0.60976666,0.052847028,0.046624035,0.00631544,0.0054419637
431,644.9453,648.0052,624.7947,645.2113,585.33527,685.677,553.3284,769.1354,529.06006,860.56494,550.9927,683.33093,599.8715,710.8749,605.9617,686.4382,629.9399,340.37457,325.12378,329.6975,327.88898,341.21368,396.0362,425.99487,448.1637,528.8207,470.3269,579.15356,577.2743,593.9568,605.8807,617.0579,643.00165,638.32104,0.98739076,0.9265499,0.98683846,0.2990954,0.9604008,0.98530114,0.9827764,0.8895918,0.89594066,0.81269443,0.82858837,0.6542969,0.6049517,0.0521124,0.045838594,0.0062449574,0.005370766
432,644.87506,647.8941,624.80457,645.1261,585.4866,685.8674,553.0162,769.5566,528.50165,860.76044,551.4534,683.12366,599.4623,711.34094,606.841,686.2767,631.4669,340.2525,325.01007,329.6336,327.7226,341.13684,395.79718,426.02063,448.41248,529.5515,470.27637,578.7435,577.6161,594.4697,603.8484,615.2101,641.6292,636.95123,0.9872509,0.9267632,0.9865901,0.30232465,0.95946884,0.9852222,0.98223627,0.8885863,0.89149606,0.81061816,0.8228633,0.64597243,0.5932137,0.051318377,0.044664383,0.006250322,0.0053369105
433,644.8329,647.96545,624.75195,645.4158,585.5561,686.21436,553.02203,769.7865,528.6032,860.97266,549.83826,682.9988,599.2832,710.3843,606.19916,684.66925,631.7897,340.1659,324.87622,329.47278,327.56256,340.92242,396.07,426.2096,449.07898,529.8651,470.7279,578.6385,577.544,594.3145,602.7555,614.2461,639.7659,635.5313,0.98724526,0.9277899,0.9864428,0.3081845,0.95869887,0.9853042,0.9819957,0.8880391,0.8879366,0.80854607,0.81734747,0.6415889,0.58646005,0.05100423,0.043964237,0.0062764585,0.0053242147
434,645.09906,648.11127,625.109,645.1759,585.7214,686.108,553.12006,769.4893,528.41046,860.948,550.8064,683.5561,600.02856,710.7292,607.2856,685.1649,632.9779,339.63214,324.50708,328.95398,327.3817,340.45734,395.71954,426.0763,448.35925,530.48785,470.5511,578.4687,577.81946,594.5504,604.1939,614.8087,641.79254,635.4463,0.9870154,0.9254607,0.9862883,0.30056322,0.9591298,0.9852078,0.9820707,0.8878939,0.8895395,0.8085882,0.8198978,0.64262366,0.5886365,0.05073884,0.04393536,0.0061908364,0.005269021
435,645.11694,648.1726,625.1247,645.37335,585.79047,686.15625,553.0385,769.5073,528.36237,861.1676,550.93207,683.653,599.8842,712.2533,607.4356,687.0616,632.9216,339.53442,324.3282,328.81317,327.12244,340.24103,395.66827,425.93652,448.5603,530.3548,470.46606,578.68616,577.88007,594.7237,603.91235,614.9144,641.95935,636.4579,0.9872426,0.9269711,0.98652405,0.30268812,0.9592817,0.9852364,0.9819402,0.8879781,0.88843954,0.8088587,0.8187959,0.64204,0.586937,0.050879925,0.043919057,0.00622499,0.0052859783
436,645.1383,648.3567,625.11816,645.79675,585.7277,686.30426,552.98096,769.6273,528.3891,861.33374,551.4177,684.08777,600.1863,712.5269,607.8945,687.07776,633.24084,339.72437,324.45935,328.88092,327.11432,340.06024,395.4848,425.9511,448.37427,530.95654,470.38147,579.0071,578.79425,595.7449,605.50684,616.5789,643.821,638.22327,0.9873953,0.9287246,0.98664653,0.30670792,0.958973,0.9852127,0.9814859,0.8873413,0.88451326,0.8073005,0.8135849,0.63839436,0.5803667,0.05020508,0.042889625,0.0061511397,0.0051872134
437,645.21216,648.5316,625.2752,646.01874,585.8096,686.09436,552.66394,770.17615,529.03534,861.323,553.76794,684.27545,600.28046,714.1514,609.497,689.11945,634.84155,339.68445,324.5033,328.7771,327.23712,339.7956,395.41498,425.86017,448.05396,531.01294,469.96216,578.6893,578.6644,595.8153,605.5858,617.151,644.0205,639.3098,0.9873986,0.9287199,0.9866563,0.30616686,0.95890677,0.98518574,0.98138815,0.8876264,0.88420033,0.8084875,0.81413734,0.6405523,0.5818297,0.050838977,0.043409735,0.006225556,0.005246848
438,645.53625,648.7075,625.6236,645.69904,585.89636,686.1524,552.77216,769.97363,529.318,860.4424,553.61304,684.2028,600.3331,712.9348,609.22815,686.88684,634.5473,339.35596,324.2954,328.47327,327.22833,339.64673,395.39868,425.8302,447.99615,531.54395,469.75897,579.5745,579.16223,596.06726,606.3013,616.906,645.018,638.6356,0.9870714,0.9263343,0.98637825,0.30006278,0.9590227,0.98508394,0.98119193,0.88694197,0.8832257,0.80655766,0.81194025,0.63762075,0.5783503,0.050084263,0.04262325,0.006132096,0.0051546395
439,645.3917,648.65924,625.5073,645.85455,585.8919,686.23083,552.75195,769.89935,529.0927,860.9441,554.0569,683.9241,600.0086,712.4391,609.1877,686.38525,634.72925,339.52332,324.45282,328.58728,327.23206,339.51648,395.1797,425.2392,447.80444,530.71204,469.9386,578.9249,579.14575,595.85657,607.64716,617.8943,645.9091,639.1229,0.9870111,0.92604494,0.9862992,0.30075386,0.9587678,0.9851076,0.98139423,0.88738024,0.88526505,0.8072605,0.814486,0.6415546,0.5837753,0.050256103,0.04303351,0.0061019063,0.005153835
440,645.38794,648.5985,625.4925,645.7306,585.83417,686.3978,552.7821,770.44666,529.5069,861.5537,555.3958,683.92035,599.83984,711.7187,608.0837,685.6952,633.2746,339.28662,324.2079,328.36658,326.9353,339.28033,395.03705,424.91522,447.59363,530.1804,469.71204,579.42816,579.51074,596.0739,609.56256,619.5925,647.83673,640.95825,0.98699796,0.9253733,0.98636013,0.29869223,0.9591491,0.9851063,0.98173213,0.8877163,0.8885694,0.80823946,0.81831646,0.645589,0.5903741,0.05012998,0.043325484,0.0060046017,0.00510484
441,645.1654,648.215,625.0906,645.3259,585.3841,686.45294,553.03186,769.58813,529.42975,860.1805,554.4651,684.13983,599.63696,711.5375,605.21246,686.93286,629.345,339.35144,324.30554,328.68097,327.0927,340.04614,394.76398,425.0125,446.537,529.4933,468.6692,580.6731,580.70087,597.25793,610.1601,620.0602,648.0503,640.696,0.9874213,0.9261923,0.9868866,0.2950045,0.9605379,0.98536056,0.9827421,0.89098847,0.89683205,0.81457955,0.82938266,0.6593763,0.6093634,0.05174753,0.045376122,0.006125331,0.005261034
442,645.181,648.26337,624.96277,645.5065,585.1822,686.6806,552.91034,769.85486,529.318,860.5586,555.44995,683.8213,599.17316,711.0007,605.3093,685.413,628.8673,339.47473,324.34363,328.7998,327.14673,340.30066,394.956,425.4447,446.5149,530.0211,468.23315,580.6662,581.3874,598.02527,611.3904,621.31744,649.7041,642.10583,0.9875608,0.9274032,0.9870412,0.2975257,0.9607007,0.985453,0.9825686,0.8904955,0.8945567,0.81326425,0.82607174,0.65787554,0.6060185,0.051528692,0.04490155,0.0061000884,0.00521484
443,645.77057,648.50476,625.6874,644.82007,585.63464,686.53906,552.8458,769.8392,529.2407,860.99304,554.838,682.9072,598.36304,710.4224,605.25525,683.8846,628.83844,338.6264,323.76746,328.09503,327.0291,339.9831,394.85876,424.98645,445.96643,529.5123,467.93427,580.943,581.7725,598.07556,611.5575,620.36786,651.31116,641.82495,0.98702955,0.9228295,0.9866533,0.28386945,0.96130025,0.98531866,0.9821576,0.8903017,0.8934647,0.8115413,0.8239561,0.6565567,0.6030112,0.051311433,0.044419616,0.0060817003,0.0051653385
444,645.5478,648.49036,625.386,645.2878,585.4689,686.49023,552.8647,769.8481,529.2838,861.45886,555.32416,683.72253,599.2727,710.9236,606.39703,684.94324,630.22156,338.91235,323.97266,328.31116,327.07605,340.0036,394.48853,424.69214,445.54517,528.8969,467.99908,580.31305,580.6229,597.16614,610.68823,620.3398,649.83356,641.72125,0.9873137,0.92479646,0.98688626,0.2885142,0.9613779,0.98546815,0.9825518,0.8909129,0.89523184,0.81283635,0.8265626,0.66020703,0.6082208,0.052147686,0.045406193,0.0061742067,0.0052672923
445,645.67267,648.656,625.51355,645.4264,585.6048,686.00946,552.847,769.56616,529.3746,861.36035,556.4417,684.079,600.02954,711.8449,608.8627,686.8914,632.9986,338.59607,323.8136,328.0119,327.3271,339.97253,394.38208,424.68414,444.84058,528.6771,467.8819,579.6021,579.51196,596.3237,609.9873,620.1962,649.0594,641.4852,0.98734176,0.92464244,0.98696643,0.285584,0.96180046,0.985273,0.9823309,0.88978875,0.89420605,0.81189775,0.82624763,0.654419,0.601925,0.05078119,0.04423982,0.005996436,0.0051138997
446,645.9115,648.776,625.76807,645.3739,585.73596,685.8846,552.97974,769.83417,529.4532,860.8481,556.398,684.95026,600.6796,715.93097,610.4569,693.2971,633.7657,338.294,323.6018,327.8236,327.29407,339.97302,394.076,424.22858,444.62463,527.76,467.24164,578.0455,578.5312,595.5006,608.54846,619.1107,648.54803,641.57043,0.98730993,0.9232826,0.98700166,0.2774107,0.9621209,0.98511934,0.98233306,0.8915192,0.89722747,0.8168652,0.83311594,0.66279906,0.6115368,0.053035498,0.046442896,0.0062503815,0.0053470433
447,646.29553,648.8374,626.2455,644.7215,585.9555,685.7501,552.5781,770.1477,529.4848,861.01855,556.29724,685.3339,600.81384,716.7423,610.37775,693.8465,634.16455,337.86786,323.2489,327.52014,326.96826,339.76465,393.6599,423.722,444.21533,526.7434,467.35663,578.03326,578.3106,595.3476,607.7194,618.6129,647.80115,641.56244,0.98683035,0.91840863,0.98668605,0.26451677,0.96271336,0.9848732,0.98245203,0.89162076,0.9004712,0.81738055,0.83745956,0.6627787,0.6140057,0.052156,0.04610911,0.0060974956,0.0052435696
448,646.22473,648.7468,626.22656,644.4923,585.9349,685.39417,552.67206,769.48303,529.4993,860.59717,556.6032,684.9237,600.7199,716.23535,610.72656,693.29224,634.1351,337.8219,323.30377,327.472,327.23462,339.84448,393.71594,424.0785,444.09515,528.02454,466.80017,578.0651,578.6593,595.68097,608.5776,618.83014,648.96796,641.1307,0.98658925,0.91740066,0.9864131,0.26325208,0.96219444,0.9847382,0.9819472,0.8910388,0.897524,0.81617105,0.8337611,0.66024154,0.6089249,0.051981688,0.0455164,0.006097883,0.005209714
449,645.9728,648.46497,625.8398,644.4135,585.577,685.33276,552.89514,768.875,529.4838,859.8191,556.48663,685.2137,601.0333,717.7422,611.36237,695.34546,634.40186,337.93884,323.2434,327.63995,326.90033,340.00153,393.6308,424.1178,443.91748,527.4175,465.94653,577.37964,579.04736,596.21576,609.08093,619.61487,649.48804,642.0927,0.98692966,0.9188652,0.98679745,0.2634766,0.96277905,0.98483217,0.9823164,0.8917718,0.9002145,0.81882215,0.8385699,0.66445607,0.6151802,0.05265844,0.046500295,0.0061419904,0.005280286
450,645.9444,648.29395,625.88184,643.64716,585.3826,683.9748,552.2303,767.9913,530.0839,858.8601,558.40265,684.1038,600.6819,713.33685,610.61597,690.0487,633.7751,337.80548,323.22052,327.4995,327.1537,340.0453,393.03833,424.4253,442.40845,528.1388,466.16266,577.5652,578.1649,595.68396,611.38916,622.69403,650.46814,643.4757,0.98619056,0.9129559,0.98624825,0.25193882,0.9629679,0.9843646,0.9821491,0.8900387,0.9009835,0.8164747,0.83897555,0.6601666,0.6124141,0.05018857,0.044531107,0.0057433844,0.004942268
451,645.54456,648.0448,625.3944,643.8564,585.07654,684.35754,552.5181,767.9645,530.27563,858.9458,559.67847,685.5095,602.22894,713.80115,612.52716,689.789,636.5167,338.01538,323.27344,327.61255,326.9359,339.958,392.89844,424.70007,442.54797,529.14417,466.0327,577.50586,578.4521,596.144,609.83954,621.07306,649.0976,641.5204,0.98640573,0.91609687,0.98626935,0.261172,0.9621217,0.9844558,0.98190325,0.8888122,0.8971963,0.81417894,0.83395815,0.6512962,0.6012423,0.049277008,0.04341355,0.005725503,0.0049118996
452,645.5873,647.9408,625.5562,643.46124,585.3129,684.21234,552.30396,768.265,530.1866,859.3842,560.3561,685.44946,602.1026,714.7598,613.3335,690.52747,637.12524,337.78864,323.15997,327.4663,327.03796,339.9922,392.8933,424.7384,442.3321,529.2367,465.84802,577.6101,578.25305,596.03845,609.6298,620.93274,649.53107,641.98724,0.98619604,0.91445106,0.98611176,0.25800318,0.9622457,0.9843668,0.98178697,0.8885505,0.89710426,0.81348014,0.8336694,0.6501737,0.5999225,0.0489372,0.043152213,0.005676985,0.0048719943
453,645.3051,647.6545,625.2045,643.40674,585.01636,684.19556,552.1744,768.54565,530.018,859.47003,559.8587,685.09033,601.73627,714.7594,613.3916,690.3033,637.02527,337.96564,323.16473,327.67493,326.6983,340.06738,392.5072,424.84546,442.27362,529.61487,465.6931,577.4642,577.98474,596.0232,610.21277,622.0782,649.7527,642.9197,0.9863601,0.9166179,0.98618054,0.26385036,0.9617317,0.9844564,0.9815352,0.8884992,0.89421546,0.81278026,0.8297105,0.6503436,0.5977079,0.049286634,0.04307905,0.0057319105,0.0048900843
454,645.46814,647.76794,625.3493,643.3936,585.1059,683.77167,552.25574,768.1483,530.01587,859.1358,559.0171,685.64044,602.37506,717.3406,615.11053,693.8824,637.4994,337.84064,323.1029,327.60718,326.84686,340.19098,392.28668,424.6588,442.01624,529.3877,465.14398,577.68585,577.4192,595.7088,611.21356,623.6366,650.85876,644.9864,0.986533,0.9167655,0.9864638,0.25981408,0.9625939,0.9844455,0.9816097,0.8892784,0.8955498,0.8141085,0.8319567,0.65550756,0.6033564,0.049993902,0.043791473,0.0057627857,0.004921317
455,645.89233,647.995,625.9627,643.10034,585.539,683.5393,552.115,768.53174,529.92346,859.4535,558.5589,684.9916,602.00555,718.32825,616.573,694.3059,639.3344,337.77325,323.1129,327.58997,326.8291,340.0592,392.23065,424.74377,441.49615,529.4724,464.7799,577.4346,576.43353,594.8152,610.8701,623.1764,651.65796,645.4869,0.98604405,0.9133775,0.98605376,0.25341785,0.96242654,0.98429203,0.9811038,0.88880694,0.8930274,0.8130349,0.8290783,0.6567107,0.60222054,0.051304966,0.044599324,0.0059509575,0.0050489604
456,645.87085,647.9833,625.8816,643.16614,585.4116,683.67554,552.33606,768.3285,530.30096,859.256,559.1565,685.4938,602.5706,717.89624,616.2911,693.9421,639.0365,337.75128,323.0661,327.55115,326.70996,339.97607,392.29126,424.7151,441.47736,529.2305,465.18994,577.81433,576.2378,594.51587,613.0701,625.14014,653.2404,646.74585,0.98614913,0.91362333,0.98619944,0.25390077,0.9628645,0.9844193,0.98159224,0.8892249,0.89585936,0.81355155,0.8321955,0.66332185,0.61141646,0.052055597,0.04562366,0.0059687197,0.005095184
457,645.8766,647.93146,625.96686,642.83984,585.4063,683.6817,552.0907,768.1196,529.9724,859.1372,558.0189,685.1013,602.10565,715.857,614.4161,691.4626,638.0925,337.63293,323.0263,327.38403,326.66742,339.68176,392.38257,424.22943,441.8495,528.60474,465.68628,577.75696,576.0544,593.88947,613.11206,624.3821,652.2061,644.8852,0.9859446,0.91175413,0.9860351,0.25170565,0.96302205,0.98440075,0.9819124,0.88888645,0.89802635,0.8125072,0.83391905,0.661899,0.6123488,0.05093068,0.044968992,0.005809754,0.00498572
458,645.70593,647.76215,625.74194,642.84644,585.2205,683.85205,552.1993,768.1102,530.27826,858.7532,559.31494,685.8923,602.7165,717.6964,615.8088,693.82855,639.12463,337.74225,323.1187,327.54688,326.6933,339.85974,392.0681,424.1186,441.87756,528.9906,465.55664,577.8738,575.69244,593.66254,614.2063,625.43646,653.428,645.8252,0.9861273,0.91274273,0.9861972,0.25312334,0.9632238,0.98459375,0.98228085,0.8901315,0.90013564,0.8143621,0.83689284,0.6700862,0.62179834,0.05255699,0.04663092,0.0059568584,0.0051341653
459,645.78296,647.5744,625.8242,642.4629,585.67487,683.4735,552.3375,767.51,530.48706,858.87366,559.20306,684.2003,601.3732,716.4313,615.53076,691.3917,638.1684,337.4137,322.8224,327.5221,326.60553,340.41858,391.89594,424.38135,441.61078,528.7383,465.57782,578.0785,575.3905,593.68066,613.4386,625.7757,651.87665,645.856,0.98596454,0.9115795,0.9860489,0.25256878,0.9633765,0.98464465,0.98230505,0.8899887,0.8997333,0.81250715,0.83474946,0.66899556,0.6202655,0.051891446,0.04598975,0.005886376,0.00506258
460,645.8336,647.6805,625.76227,642.7867,585.7156,683.412,552.45496,767.378,530.01166,858.59796,557.8923,683.9873,601.11975,716.2049,614.8744,692.3596,636.59406,337.33435,322.79236,327.5609,326.76666,340.74805,391.53455,423.89856,441.50983,527.68835,465.7456,577.2683,573.9189,592.2596,612.217,625.2251,650.02374,645.2446,0.9863272,0.91292757,0.98641694,0.25322765,0.9641236,0.984916,0.98315203,0.89205647,0.9049413,0.81607586,0.8417827,0.6793712,0.63454044,0.05380982,0.04827386,0.006060213,0.005254954
461,645.81335,647.7804,625.7672,643.00665,585.7698,683.5991,552.414,767.35547,529.73236,858.6021,557.1525,684.16864,601.1161,716.52515,614.84644,692.82446,636.7721,337.13287,322.68927,327.28955,326.84692,340.4687,391.71277,423.615,441.89124,527.52405,465.51758,576.4391,574.30676,592.4185,611.27386,623.82983,649.72284,644.39844,0.98653924,0.91480255,0.986573,0.25602746,0.9641301,0.9850262,0.98299086,0.89209104,0.9030752,0.81565166,0.83944607,0.6770336,0.6304251,0.053966135,0.048082292,0.006134033,0.005294442
462,645.90436,647.8368,625.7224,643.1179,585.7361,683.4888,552.89264,767.19586,529.51544,858.58344,554.8798,684.4353,601.91064,715.76196,615.2484,692.31824,636.9672,337.05048,322.51508,327.26953,326.6089,340.58972,391.48572,423.46277,441.9655,526.93463,465.68555,576.3447,573.19794,591.4034,610.09174,623.20514,647.8806,643.54333,0.98670727,0.9163165,0.9867147,0.25848153,0.9641683,0.9849454,0.9828216,0.8909602,0.9012294,0.8136136,0.83666253,0.67057765,0.6232711,0.05268979,0.04679057,0.006011039,0.0051748753
463,646.0837,648.0175,625.858,643.43726,585.77484,683.67816,552.8598,766.59985,530.38257,857.8744,557.9073,685.93665,603.10345,720.2935,618.909,696.20514,640.5392,337.21228,322.50183,327.3695,326.35114,340.54352,391.02502,424.24487,441.28998,529.1599,464.94684,576.8823,573.98834,592.9626,612.5585,626.297,651.0281,646.521,0.986719,0.9170585,0.9867213,0.25814366,0.96398747,0.9849107,0.98212373,0.8906944,0.89615357,0.81264764,0.83090174,0.6717124,0.61951405,0.05355048,0.046804667,0.0061247647,0.0052158833
464,646.0031,647.94604,625.7142,643.41724,585.57056,683.58044,552.8222,766.46204,530.5997,857.8795,558.1869,685.13477,602.59265,718.8214,618.9987,693.6539,641.26654,337.35437,322.50427,327.4646,326.1032,340.5,391.04724,424.56403,441.37842,529.8195,465.04944,577.56506,574.55115,593.59784,612.73267,626.50415,650.7348,646.1172,0.9866072,0.91733855,0.9865474,0.2606662,0.9633542,0.984801,0.9815353,0.88902247,0.8912623,0.8093467,0.8238994,0.66256756,0.6069698,0.05183369,0.04479444,0.005974531,0.005046606
465,646.4803,648.3436,626.2183,643.5191,585.7014,683.5508,552.98865,766.45386,530.3798,857.6346,556.4554,685.42456,602.9689,720.27374,619.8028,695.26514,641.4124,337.38245,322.5896,327.51447,326.0727,340.37207,390.83344,424.56946,440.8015,530.1847,464.84668,578.7541,574.97986,594.0724,614.7416,628.14014,652.88556,647.5023,0.9863728,0.91491234,0.9863944,0.2533214,0.96352947,0.9847547,0.9814434,0.89016724,0.89201677,0.81088316,0.82512456,0.67043495,0.6145699,0.05345732,0.046067804,0.006125748,0.005161822
466,646.59735,648.40094,626.2599,643.6138,585.641,683.59705,553.2578,766.38214,530.44684,857.3662,556.67505,686.525,603.768,724.11646,620.69714,701.0943,641.1506,337.24255,322.43878,327.45557,325.93976,340.43634,390.67273,424.3496,440.45306,529.3546,464.40082,578.38245,574.59436,593.841,615.048,628.6788,654.02783,649.031,0.98672116,0.91602993,0.98680717,0.25063002,0.96430105,0.9848379,0.9817953,0.8921162,0.8957966,0.81536317,0.83179116,0.6820016,0.6282527,0.05625108,0.048808396,0.006408781,0.0054270923
467,646.6102,648.3828,626.27716,643.42773,585.6249,683.8523,553.0436,766.1453,530.65063,857.4387,557.621,685.13776,602.6707,717.40356,617.6352,691.44104,640.272,337.08502,322.2351,327.22314,325.55127,340.02893,390.7621,424.03162,440.71216,528.8076,464.71924,578.056,574.6055,593.3152,614.1091,626.9671,651.57556,645.65283,0.9862029,0.91297954,0.9863248,0.25011647,0.96393514,0.98470026,0.9818356,0.88933957,0.89502907,0.8103061,0.8285879,0.6685987,0.6160334,0.052580148,0.04581794,0.006013006,0.0051032007
468,646.65686,648.38873,626.33636,643.36176,585.70764,683.88605,553.19867,766.16174,530.5166,857.3928,557.9496,685.73206,603.34937,718.47046,619.15625,693.1177,641.839,336.79517,321.969,326.9419,325.41943,339.88257,390.42047,423.91815,440.4812,529.1498,464.79456,577.42114,574.19257,592.9978,614.5606,627.2285,652.7719,646.0575,0.986132,0.91208696,0.9862256,0.24784818,0.9638905,0.98475134,0.9819635,0.89019,0.8962579,0.8119323,0.8310855,0.6733618,0.62129796,0.053759307,0.046935022,0.0061145425,0.0051981807
469,646.8153,648.43207,626.5457,643.1134,585.8097,683.6239,552.94385,766.29456,530.3711,857.17444,557.6681,685.97577,603.53613,719.4532,619.6552,694.68134,642.64307,336.58954,321.8402,326.79736,325.39893,339.83545,390.2516,423.7835,440.30298,528.94385,464.4057,577.7138,574.1552,593.1287,612.9016,626.0467,651.13965,645.30634,0.9860599,0.9107821,0.9862073,0.24333796,0.96416384,0.9846201,0.9819323,0.8901935,0.8969432,0.8126731,0.8325193,0.6707897,0.619073,0.05317974,0.04651472,0.0060656965,0.0051599145
470,646.6849,648.3489,626.4802,643.11145,585.9128,683.94635,552.98883,766.6113,530.22766,857.9757,558.12,684.8087,602.5321,715.6308,617.5916,689.73206,642.1692,336.65295,321.83508,326.763,325.16333,339.52502,390.5963,423.42633,441.01636,528.09546,464.89526,576.41296,574.5469,592.9773,611.61224,623.9684,649.4166,642.786,0.98586476,0.9106134,0.98595536,0.24734432,0.9634135,0.9844527,0.9817002,0.88784766,0.8950173,0.8093327,0.82947576,0.6572396,0.6054035,0.050230682,0.043998897,0.005771935,0.004916221
471,646.6232,648.2296,626.3877,643.0306,585.6703,684.00653,552.8616,767.41754,530.65576,858.056,558.97516,686.4074,603.6144,722.17676,621.05255,697.2813,644.4204,336.79724,321.81226,326.91113,324.89813,339.55096,390.2646,423.74976,441.0713,529.2178,464.23688,576.81586,575.32605,594.37854,612.1416,625.2779,652.1778,646.45264,0.98616964,0.91281796,0.98616874,0.2481114,0.9632083,0.9846912,0.9813138,0.8904159,0.89251673,0.81323016,0.82815814,0.66874635,0.61275136,0.054276794,0.04686007,0.0062814355,0.0052990615
472,646.6417,648.15894,626.5136,642.96747,585.926,684.3341,552.70245,767.89136,530.31213,857.8248,558.0642,686.5735,603.1302,726.3421,622.23816,701.48737,644.0632,336.5055,321.6247,326.75732,324.8896,339.5918,390.27502,424.03625,440.55603,529.5875,463.80505,577.8076,575.8057,595.08264,614.39386,627.6095,656.0752,650.33655,0.9859948,0.91245145,0.98593783,0.24771693,0.9626465,0.9847778,0.9807638,0.8923735,0.88983047,0.81479037,0.8247602,0.6815236,0.6219313,0.05803168,0.04938057,0.006716132,0.0056097507
473,646.66504,648.3099,626.57184,643.0448,585.8949,684.063,552.5204,768.41327,530.5271,859.19,557.9834,686.2715,603.20996,724.63464,622.5066,699.34973,645.61304,336.47174,321.64282,326.5799,325.07123,339.3388,390.65997,424.23773,440.78516,529.92175,464.22607,577.61414,576.00793,595.2095,611.20026,624.4469,652.7112,647.059,0.9858588,0.9124189,0.98581576,0.24763653,0.96229887,0.9843331,0.97976077,0.8886039,0.8831506,0.8092629,0.8163812,0.6572267,0.5937678,0.052945316,0.04462701,0.0062369704,0.0051712394
474,646.76636,648.3109,626.7661,642.80664,586.1098,683.99945,552.7325,767.8012,530.33875,858.68,557.38,686.0799,603.1881,724.18286,622.0674,699.007,645.4374,336.38483,321.69073,326.56604,325.24878,339.40723,390.8189,424.07593,440.37305,529.1312,464.01086,577.5221,575.81635,594.75964,611.10284,623.6702,652.94934,646.29565,0.9855854,0.9099916,0.98563457,0.2428362,0.96251297,0.98416674,0.9797933,0.8883147,0.8849988,0.80930734,0.81883013,0.65718085,0.59535044,0.05270648,0.044674426,0.0061948597,0.0051553845
475,646.69434,648.2644,626.6331,642.7689,585.85284,684.05963,552.70776,767.7175,530.57495,858.4839,558.0563,686.90936,603.95135,724.1781,622.25195,698.9066,645.73816,336.43823,321.70056,326.55255,325.18372,339.30505,390.75598,424.03973,440.35095,529.2985,464.2257,578.2726,576.1574,595.086,612.6298,625.03015,653.8657,646.9335,0.98565435,0.91008294,0.98574126,0.2424123,0.96281016,0.98414826,0.9800024,0.8880429,0.88639736,0.8089343,0.8202177,0.6562313,0.5958172,0.05155781,0.04392916,0.0059992373,0.005013615
476,646.8639,648.39105,626.90204,642.59045,585.91345,683.197,552.56415,767.54266,530.69763,858.17737,557.74927,686.51764,603.69183,727.1873,623.7473,703.6526,645.4514,336.06097,321.52625,326.21997,325.38605,339.1355,390.49066,423.97522,439.69708,529.84766,463.32123,578.448,576.2517,595.4312,613.5952,626.18,656.03284,649.1258,0.98570526,0.90927535,0.9858643,0.23599064,0.9632609,0.98417854,0.9797514,0.890262,0.88656485,0.8128228,0.8221135,0.66745615,0.6052098,0.054682195,0.04624322,0.00635463,0.0052767694
477,646.61755,648.1128,626.5975,642.43866,585.85223,683.0201,552.552,767.2328,530.50323,857.71704,557.35205,686.54004,603.62646,726.8266,622.98834,703.91064,643.4515,335.83276,321.41565,326.1562,325.59033,339.49817,390.2492,423.67474,439.22168,528.8678,462.89465,578.62067,575.2093,594.4562,614.6781,627.8291,656.6833,650.8907,0.9859748,0.9107491,0.98611474,0.23870572,0.9637873,0.9844898,0.9804946,0.8923042,0.8907126,0.8151231,0.8262596,0.679961,0.6205276,0.056868702,0.04840675,0.006526619,0.005444795
478,646.3422,648.1217,626.3033,642.93097,585.6293,683.3059,552.52924,767.21735,530.76434,857.2377,557.7069,687.5178,604.227,728.6648,623.7804,706.06165,643.8104,335.72937,321.40747,325.95068,325.69275,339.14673,390.17126,423.34656,438.90063,528.69116,462.74207,578.9076,575.2761,594.44403,614.87994,627.7529,657.19995,651.117,0.98635185,0.913692,0.9863653,0.24426183,0.96375823,0.9848789,0.98089325,0.89433146,0.89185834,0.81744444,0.82749873,0.69046444,0.6312675,0.060052782,0.05104059,0.006916374,0.005770892
479,646.41376,648.13855,626.277,642.8923,585.7845,683.32465,552.95197,767.2612,530.753,858.2964,555.1066,685.9214,603.47296,721.90247,621.1261,698.6362,643.73303,336.057,321.67334,326.37146,325.86853,339.71277,390.33795,422.85254,439.74048,526.8436,463.6443,577.6591,573.35077,592.0536,609.5209,622.63416,649.3522,644.38336,0.98597014,0.9113025,0.9860995,0.24187014,0.9637007,0.9842025,0.9805829,0.8891618,0.8907516,0.8107307,0.8250524,0.65893096,0.60178244,0.051605612,0.044384003,0.00598827,0.005030185
480,646.1889,648.1898,625.96655,643.3911,585.7013,683.96564,553.32776,768.1144,531.2273,859.35406,556.4183,685.403,602.9945,715.76874,616.5495,692.3687,640.1358,335.52454,321.18237,325.68738,325.5503,339.05475,390.68927,422.28113,440.51562,525.93774,464.93555,578.1511,573.1493,591.06195,607.0014,619.24,644.5844,639.00287,0.98651135,0.91466546,0.9865836,0.25158942,0.9642441,0.9843775,0.9819118,0.88757515,0.8970698,0.80924284,0.8310455,0.64659476,0.5968852,0.047376186,0.041859955,0.005468428,0.0046880543
481,646.2376,648.15247,625.92773,643.28735,585.49176,683.845,553.4064,768.2489,531.308,858.8291,555.30426,685.88055,603.36694,717.5515,616.7468,694.9461,639.202,335.72974,321.27008,325.92078,325.44348,339.24945,390.4447,422.167,440.63257,525.78973,464.34888,578.4346,572.9925,591.06805,608.1369,620.8075,645.865,641.18274,0.98659384,0.9153366,0.9866712,0.25073153,0.96415997,0.98430157,0.9815811,0.88826764,0.89584726,0.8104843,0.8300246,0.65043306,0.599147,0.048196167,0.0422875,0.0055415034,0.0047269166
482,645.67926,647.95233,625.272,643.6081,584.89246,683.6166,553.2976,767.92755,531.4811,858.4763,556.0957,686.40625,603.81665,718.74866,617.7076,697.5044,639.75464,335.78522,321.34564,325.7367,325.82025,339.06818,390.6745,422.14862,440.4364,525.96875,464.26105,578.31555,572.5437,590.51355,608.91266,621.11554,646.52783,641.0401,0.987098,0.91881514,0.9871124,0.25583643,0.96443915,0.9844636,0.98184454,0.8888258,0.8968775,0.8121537,0.8322284,0.65388405,0.6033081,0.048749596,0.042919785,0.005574703,0.0047730803
483,645.30743,647.6486,624.9188,643.6439,584.8217,683.55945,553.2824,767.735,531.5467,858.07654,556.0004,686.34094,603.6196,719.7906,617.62915,698.9976,639.43823,335.79187,321.2284,325.72528,325.50726,338.9386,390.39917,422.02417,440.21704,525.61664,463.7572,577.796,572.1427,590.2873,609.3115,622.0936,646.47345,642.05963,0.9873937,0.9209993,0.98735607,0.2609635,0.9644401,0.9846092,0.98217976,0.8896453,0.8985397,0.81402224,0.8347205,0.6587639,0.6094591,0.049465865,0.043783605,0.0056245923,0.0048377216
484,644.705,647.29517,624.90894,643.08136,584.833,682.7764,552.9128,766.97864,531.76654,857.3688,556.3495,687.6989,605.1902,722.3181,619.44775,703.67975,643.36694,335.56598,321.4939,325.19354,325.96942,337.5539,390.41876,421.32196,439.1986,525.9183,463.50262,577.68787,572.49866,590.1533,610.0895,620.7671,648.87933,641.1705,0.98671615,0.91571116,0.986637,0.2516434,0.9636061,0.9844544,0.98233306,0.89179385,0.9028292,0.8189904,0.8423724,0.6708616,0.6239706,0.052506447,0.04689586,0.0059432685,0.0051544905
485,643.7452,646.7909,624.2371,643.23395,584.255,682.1222,552.35815,767.0182,531.56696,856.9669,555.86426,688.99286,606.3302,729.3927,623.7489,711.6779,646.70294,336.2979,322.02808,325.47095,325.83954,336.5904,390.2436,421.83447,437.81677,527.4382,462.3299,577.8491,574.2074,592.407,615.72205,626.4956,657.5628,649.6409,0.9875746,0.92183924,0.9873309,0.26265374,0.96366036,0.9853977,0.9829662,0.8970435,0.9039916,0.8267882,0.8457672,0.7038891,0.65545434,0.062763035,0.055640817,0.007072091,0.0061187446
486,643.1044,646.34814,623.1543,643.5717,583.11304,682.6089,552.2432,767.44006,531.70123,857.0703,556.817,689.24817,606.1586,728.4407,622.72974,710.7361,645.55347,337.02148,322.30304,326.10114,325.64923,337.20105,390.21106,422.25323,438.36243,527.8618,462.52832,578.2104,574.73096,593.1085,616.66095,627.99445,658.10815,650.8737,0.9880089,0.92639375,0.987743,0.2712967,0.9632584,0.98509413,0.98212194,0.8941321,0.8981567,0.82325697,0.8386402,0.6875159,0.6354478,0.058014363,0.0509001,0.0065413713,0.005620271
487,641.5205,645.51807,621.4696,645.2123,582.6801,684.1271,552.68726,767.9451,531.44135,856.73157,556.1189,688.6581,605.46313,727.3458,622.9981,706.9907,648.0624,338.17133,322.70575,327.04694,324.34283,336.813,390.08093,422.49036,438.84753,527.0799,462.6925,577.223,574.96313,593.63654,614.2897,627.21796,654.7375,650.81866,0.9887065,0.936217,0.98782253,0.3150732,0.95945394,0.98580086,0.9821106,0.8943158,0.89064485,0.8225031,0.8280199,0.68731123,0.63054526,0.061006695,0.05269888,0.007115662,0.006074369
488,639.39154,644.2279,619.57605,645.547,581.80945,683.7025,552.9105,766.5917,531.2766,856.2589,554.3931,688.6723,605.80774,726.871,622.4884,708.6173,648.1768,338.51172,323.27673,327.10986,324.94043,336.18542,390.51935,421.92993,438.6468,526.37134,462.70312,576.582,574.78894,592.81506,614.7478,626.31775,655.00183,649.5895,0.98937815,0.9417374,0.9882363,0.3393485,0.95848525,0.98635924,0.98317826,0.8965801,0.89542913,0.8261524,0.83369625,0.6988165,0.64618266,0.06420696,0.05627191,0.007473916,0.0064764023
489,638.0375,643.41547,618.4987,645.9287,581.48334,684.1567,552.89716,766.6466,531.10596,856.19006,553.036,688.6944,606.23303,724.244,622.4179,704.76605,652.1356,339.02252,323.56274,327.31213,324.26685,335.13953,390.50293,421.82153,439.12415,526.62384,463.61523,575.85034,574.54834,592.35175,611.2085,622.4676,650.68,645.20197,0.9889436,0.9428704,0.9872165,0.3628103,0.9534223,0.9862881,0.9824269,0.8951043,0.8876238,0.8236656,0.8235786,0.68859994,0.63136214,0.06430888,0.055487573,0.0077314377,0.006650239
490,635.90063,641.9522,616.59937,646.09216,580.5969,684.0904,552.8894,766.05853,531.08563,856.1365,553.4475,689.327,607.0046,723.86536,622.70105,705.13684,653.95325,340.49347,324.99908,328.52338,325.0086,335.22345,390.7503,421.68585,439.05682,526.3882,464.18933,575.0017,574.5673,592.08777,612.4325,623.0652,650.63904,644.4844,0.9891113,0.947155,0.9869777,0.39311522,0.9495494,0.9862857,0.9820347,0.89430016,0.8832404,0.8221898,0.81763864,0.6852417,0.62624514,0.06365538,0.05471307,0.007705182,0.006644249
491,634.8955,640.82996,615.5465,644.9414,579.3687,684.30835,552.7527,766.05383,530.803,857.0795,553.1273,688.91626,606.93317,718.59863,619.92456,698.2393,654.1403,341.14246,325.37903,329.09583,324.42706,335.09222,390.58978,421.72302,439.52563,527.1937,465.14325,574.7828,575.1169,592.0371,611.93567,620.5117,649.4186,639.47955,0.9884931,0.9443573,0.9862807,0.38921928,0.94799066,0.9858047,0.981696,0.89045,0.8824274,0.81751204,0.81628215,0.6663351,0.6090867,0.058316052,0.05059433,0.007089466,0.006161481
492,631.12213,638.6318,612.07904,646.3567,578.48615,684.18695,552.87384,765.6638,530.76965,856.29297,552.19507,688.5063,606.344,717.03656,618.34906,699.2524,651.73505,342.9961,327.2799,330.56024,326.3037,335.74487,390.9098,421.13336,439.44507,525.47144,465.70123,573.6884,573.31055,589.97986,611.50507,621.24927,645.732,639.2099,0.98946893,0.9554981,0.9863329,0.46585804,0.9394168,0.9862243,0.9815421,0.89169955,0.8753373,0.8174989,0.8043674,0.66809756,0.6076281,0.05847183,0.050159514,0.007155508,0.0062296093
493,629.5799,637.58826,610.327,646.6434,577.21246,683.973,552.75275,765.64905,531.0532,856.04785,552.4072,689.3641,606.9294,719.4737,619.03375,703.2821,651.33203,343.33673,327.3169,330.7204,326.03992,335.67596,390.57892,421.1908,438.80945,525.16266,465.4005,574.1307,573.2595,590.31537,611.4697,622.2665,645.66254,640.89417,0.99000496,0.959211,0.9866648,0.48705497,0.9369785,0.98642623,0.9814075,0.8934418,0.87316686,0.8208153,0.80274665,0.67385745,0.61131334,0.060335428,0.05136335,0.0073945224,0.0064203143
494,626.9509,635.746,608.22034,646.1153,576.4863,682.8119,552.50336,764.67,532.0038,855.02625,553.0412,689.74506,606.9538,720.1998,616.8925,708.8082,647.964,343.88483,328.5182,331.1466,328.34033,336.19653,390.9956,420.6203,438.2755,524.6934,465.1458,574.5075,573.0267,589.5333,611.4633,621.3297,644.0509,638.5453,0.99017984,0.96183497,0.98630625,0.5140885,0.9315337,0.9864459,0.9815571,0.896995,0.8766978,0.8265139,0.8067484,0.68518525,0.62433153,0.061817944,0.052794367,0.007519871,0.0065840185
495,624.2548,634.1762,605.9718,646.62054,575.532,681.96106,551.82556,764.9685,532.2104,855.1889,552.4199,690.1083,607.1592,722.34863,617.73425,713.1026,648.4031,345.20917,329.80554,331.89795,329.28986,335.6516,390.76,420.302,437.61255,525.19,465.16516,574.3213,572.6898,589.33887,612.4517,622.9514,643.83606,640.0072,0.9904218,0.9662813,0.9856833,0.5613675,0.92088896,0.9865743,0.98035216,0.8988435,0.8650003,0.82789385,0.79192674,0.6900065,0.6210613,0.064324826,0.053304195,0.007906258,0.006823361
496,623.63385,633.7632,605.5379,646.78577,575.3851,682.33514,551.4127,764.8657,532.006,854.6726,551.9513,690.3791,606.9812,724.42566,617.86566,713.5116,649.51,346.13855,330.3495,332.51843,328.6609,335.02277,390.70312,420.54468,437.50018,525.8418,464.6682,575.96234,574.1326,590.9733,615.7224,626.3897,648.1305,645.07465,0.9904825,0.9674657,0.9855267,0.5768764,0.9178126,0.986943,0.98025537,0.900486,0.861289,0.8291106,0.7863206,0.7016728,0.63010454,0.0689396,0.056447834,0.00850147,0.0072900355
497,623.10175,633.2675,605.1675,646.79816,575.6755,682.61554,551.4315,765.0757,531.89343,854.47455,552.40063,690.83044,607.4232,725.0349,619.05164,713.2083,651.6089,346.4469,330.45282,332.84406,328.18787,334.95398,390.12347,420.6181,437.6861,526.38574,464.90582,575.6113,574.06,591.3691,615.3162,627.16846,647.2628,645.9829,0.9903463,0.9684285,0.9848722,0.5957538,0.91195726,0.9869734,0.97954744,0.9001974,0.85308915,0.8270558,0.77522457,0.69889474,0.6226501,0.06919187,0.05574116,0.008627355,0.0073305666
498,621.7494,632.44476,603.83954,646.98694,574.9363,682.4946,550.9265,765.6915,532.09827,854.4442,554.8781,691.36597,607.22406,727.2814,619.8102,717.056,649.8823,346.5453,330.71783,332.799,329.29742,335.3495,390.7072,421.14062,438.10266,527.70013,465.07727,575.8677,574.89954,592.2527,617.99457,629.7536,650.14264,648.55255,0.99069077,0.97080654,0.9847324,0.62033254,0.90643084,0.9876833,0.97989357,0.90554583,0.85231787,0.8333268,0.7739219,0.7251703,0.6471825,0.07892993,0.06256676,0.009839624,0.008291155
499,620.8125,631.7092,602.85754,646.918,574.3051,682.6977,550.7031,765.2351,531.6311,854.88947,554.35803,691.27234,606.7383,727.3059,618.85626,717.1056,649.1993,346.36407,330.41467,332.57355,328.84802,335.03802,390.33588,420.68433,437.6812,527.0238,464.8769,575.34485,574.3942,591.62036,618.2739,629.66205,649.80005,647.58,0.99073386,0.97165734,0.98455864,0.63068414,0.9032674,0.9876724,0.97942305,0.90541995,0.84830534,0.8325112,0.7687279,0.7243352,0.6441603,0.07859123,0.061793268,0.009815812,0.008237034
500,620.4321,631.39404,602.3344,646.8329,573.8351,682.84546,550.8736,765.5281,531.21387,855.4209,552.5714,691.0154,606.6598,725.0844,617.6596,714.7468,648.0492,346.41913,330.30457,332.5475,328.6161,335.01575,390.33527,420.49353,437.76172,526.48926,464.94153,575.67084,573.9171,590.8663,618.94464,629.88947,649.78296,647.0814,0.990673,0.97178364,0.98447824,0.63259697,0.90210426,0.9873458,0.9788227,0.903075,0.8449054,0.8294282,0.76438224,0.7127896,0.6314432,0.073655605,0.057881117,0.009142697,0.0076757073
501,619.47266,630.599,601.3532,646.66296,573.28296,683.01587,551.13824,765.969,531.97125,856.19147,552.4403,690.37805,606.3227,721.9673,615.8923,711.9094,648.66003,346.8996,330.49933,332.94397,328.18488,334.99255,390.15515,420.30804,438.2666,526.0857,465.1184,575.19507,573.6564,590.4252,616.13,627.138,645.18384,642.9714,0.99048394,0.97213626,0.9839035,0.64306605,0.8962297,0.98673743,0.97761387,0.8988967,0.836902,0.82459676,0.75507915,0.68635833,0.6017745,0.065125585,0.0510332,0.008148164,0.0068433285
502,618.8004,630.0172,600.80756,646.189,573.1235,682.9691,551.50696,766.0576,532.4475,857.0813,552.8036,689.19666,605.87177,716.67444,614.494,705.85406,649.1245,346.76727,330.43536,332.72937,328.182,334.68317,390.30994,419.71362,438.7328,525.42017,466.0078,574.5684,573.2197,589.2292,615.5375,625.02167,643.153,638.8439,0.99022806,0.97182494,0.98331994,0.64964217,0.8929944,0.98646104,0.9773712,0.8956182,0.8346665,0.8191732,0.75024533,0.6685203,0.58453375,0.05930227,0.046789825,0.007406473,0.0062632263
503,618.4417,629.64514,600.4579,645.91016,572.8404,683.1964,551.35675,766.0362,532.8606,857.07245,551.95166,689.77783,606.35376,717.12775,614.9925,705.35486,650.9267,346.41046,330.02783,332.37933,327.5606,334.18762,390.1338,419.71338,438.94202,525.83936,465.91614,575.02185,573.0889,589.151,615.2612,624.74524,642.24835,638.0477,0.99020886,0.97182935,0.9831904,0.6524785,0.8926599,0.986649,0.9776397,0.8957342,0.8341323,0.8180558,0.7480822,0.6692175,0.58513,0.059577435,0.046977073,0.0074544847,0.006305337
504,617.79944,629.19275,599.86896,645.8508,572.44824,683.2435,551.32153,766.2887,533.2795,857.25183,553.2946,688.9145,605.65295,715.27057,614.0328,703.2605,651.3576,346.62085,330.09302,332.41595,327.21674,333.73578,390.0656,419.38013,439.35364,525.8598,466.3086,574.99646,572.8247,588.5903,612.8851,621.7358,640.5688,635.64307,0.9901706,0.9723141,0.9828503,0.6617897,0.8886683,0.9866215,0.9772177,0.89470065,0.8294995,0.81670916,0.74247134,0.66080105,0.57452464,0.0586541,0.04598868,0.0074430406,0.0062790215
505,617.27216,628.5863,599.43085,645.4683,572.50507,683.4346,551.5249,765.7591,533.0158,856.7443,551.8278,688.35913,605.30566,712.7775,612.8088,699.47186,651.04706,346.78113,330.1892,332.71692,326.96265,333.9317,389.8097,419.2298,439.14832,525.1484,466.32678,575.21106,572.7667,588.43634,613.8358,622.72577,639.98145,635.33386,0.9900181,0.9723649,0.98237586,0.67046165,0.8855561,0.9866743,0.9774114,0.89430976,0.82926744,0.8145902,0.73927253,0.6605613,0.57522,0.057787657,0.045402586,0.007306725,0.0061821938
506,616.68964,628.02545,599.0647,645.10144,572.604,683.584,551.56775,765.7187,533.298,856.93494,553.2236,687.96857,605.0508,712.04504,613.28906,697.7448,652.7853,346.73303,330.20734,332.68817,326.8954,333.73853,389.8769,419.27405,439.13635,525.51404,466.03662,574.8418,572.9713,588.48584,613.3545,621.5655,639.5894,633.7919,0.9898746,0.9724761,0.9818764,0.6789362,0.8821322,0.98674595,0.977299,0.8936442,0.8263237,0.812613,0.73449266,0.656922,0.57043934,0.05728486,0.044928372,0.0072924793,0.006174296
507,616.2846,627.7373,598.78345,644.8735,572.38196,683.2516,551.50494,765.40594,533.1798,856.8552,550.2307,687.52527,604.7282,709.37744,609.9236,695.6657,649.8175,346.69543,330.1947,332.5183,326.5843,333.03296,389.60938,418.07092,438.5711,523.0006,466.17554,575.01874,572.4662,587.4047,615.1543,622.92236,639.3221,634.03186,0.98986757,0.9720322,0.9819291,0.6773317,0.8830792,0.9868114,0.978626,0.89511716,0.8389437,0.8157273,0.74806666,0.6682551,0.5896184,0.057940125,0.04653701,0.007216513,0.006216079
508,615.7693,627.38635,598.3462,644.9884,572.44525,683.7762,551.31177,765.6888,532.5849,856.80786,550.1774,687.0531,603.7825,707.7356,608.0214,693.52966,648.4078,346.91522,330.29065,332.62677,326.6521,333.11072,389.78137,418.0484,439.00085,522.8263,466.33618,574.8682,572.7766,587.50745,615.37537,622.94324,638.7467,633.4361,0.98983216,0.9728428,0.9814125,0.69153064,0.8770595,0.9868854,0.9783764,0.8953157,0.8350834,0.81516105,0.7420249,0.66816217,0.5877111,0.05793014,0.046157867,0.0072375834,0.0062134564
509,615.4656,627.1755,598.1704,645.0844,572.5779,683.9041,551.2597,766.2648,532.52844,857.42737,550.62823,687.3108,603.9057,709.18427,609.0652,694.7156,648.999,347.21204,330.49597,332.80933,326.57513,332.91785,389.39893,417.9394,438.8537,523.4918,466.02454,574.765,572.6308,587.5416,616.938,624.67645,641.0688,635.9118,0.989792,0.97362804,0.98108816,0.7012047,0.87239075,0.98680174,0.97722924,0.89463055,0.82495046,0.8128364,0.7295582,0.66517735,0.5791172,0.05789244,0.045284748,0.007261932,0.00616315
510,615.27356,626.8383,598.1392,644.5398,572.50824,682.87823,551.0532,766.1853,533.00946,856.7104,553.1164,687.70325,604.4895,713.5272,612.402,701.17426,650.41943,346.77838,330.2917,332.5108,326.39465,332.47058,388.6256,417.25494,437.85156,523.25385,464.7755,575.2634,572.5848,587.8882,622.3858,630.642,646.978,642.7212,0.9898951,0.9731283,0.98163295,0.6919381,0.8770369,0.9868481,0.97814435,0.8970367,0.83649826,0.8185146,0.7454053,0.68429804,0.60376036,0.06069383,0.048487127,0.007350087,0.006329119
511,614.88605,626.3744,597.79553,644.13745,572.2729,682.7663,550.90576,765.77295,533.09937,856.8281,553.9481,688.0823,604.55664,713.85046,610.9191,701.6323,648.64404,346.9953,330.43988,332.79004,326.14587,332.4865,388.1173,417.00262,437.68726,523.3348,465.05133,576.12665,573.4791,588.89453,622.905,631.3751,647.6315,643.6415,0.98989344,0.9729532,0.9817084,0.69025064,0.87756133,0.98684204,0.9785842,0.89782274,0.841717,0.8200991,0.7512815,0.68843937,0.6108738,0.061045587,0.049248397,0.0073665082,0.006389439
512,614.5767,626.12854,597.46246,644.0492,572.1101,682.8644,550.75,766.1554,532.6315,856.77454,553.6763,687.5691,603.9284,712.4701,610.09845,700.1234,647.47736,347.1577,330.60376,332.94788,326.55615,332.89716,388.5343,417.18976,438.0821,523.04614,465.61432,575.516,573.37024,588.598,623.2805,631.58093,647.8896,643.7082,0.98985106,0.97328496,0.98150086,0.69568396,0.8751439,0.98673546,0.97812325,0.8969419,0.83802485,0.8183837,0.7464706,0.6836299,0.60436726,0.059592813,0.047816575,0.007182777,0.0062102675
513,614.5865,626.03845,597.40857,643.85,571.9684,682.88776,550.4602,765.84174,532.70966,856.746,554.2227,687.2785,603.4673,711.5808,609.3026,698.2045,647.0636,347.11707,330.48303,332.94708,326.26642,332.89526,388.30597,417.24292,438.0719,523.35913,465.61334,575.7069,573.6735,589.0062,623.59216,632.1088,647.7749,643.748,0.98978424,0.9729929,0.98150456,0.69322705,0.87625647,0.9866893,0.97807187,0.8960854,0.8372791,0.81656504,0.7446629,0.6802515,0.6008645,0.05839029,0.046859056,0.0070400834,0.00608328
514,614.525,626.0061,597.3886,643.8462,572.01526,682.7971,550.4171,765.8469,533.16675,857.09064,555.77185,686.65247,602.8582,710.2317,608.2928,697.02295,646.2406,347.0406,330.46527,332.8891,326.33026,332.87012,388.08496,417.02466,437.63293,523.1327,465.54077,575.52527,572.95654,588.21814,623.13116,631.55896,646.71454,642.49524,0.9897653,0.9727399,0.9814864,0.6925869,0.8767611,0.98675966,0.97869384,0.89664257,0.8423712,0.8179016,0.7504573,0.68481565,0.6084937,0.059112817,0.04792592,0.0071001947,0.0061785877
515,614.2742,625.8262,597.115,643.9129,571.89526,682.9328,550.6822,766.31934,533.1874,857.0414,554.99713,687.3544,603.5528,711.12067,608.74817,698.7535,646.2855,346.9756,330.32623,332.78918,326.13757,332.75897,387.8836,416.93744,437.3628,522.8584,465.22266,575.593,572.99536,588.32355,623.8833,632.49524,646.91797,643.083,0.9898196,0.9731165,0.981382,0.6967929,0.87432003,0.98672736,0.9787277,0.8972199,0.8432517,0.8194679,0.7521012,0.6871159,0.6114172,0.059123933,0.048019856,0.0070456862,0.0061481
516,614.24243,625.7335,597.0904,643.79425,571.8658,682.8738,550.6658,766.2734,533.22327,856.8407,554.8033,687.8657,603.9922,712.58777,609.5324,700.183,646.5159,347.01892,330.39392,332.9052,326.12122,332.8371,387.75757,416.9292,437.3775,522.97327,464.96106,575.7936,573.2511,588.73755,624.43207,633.3443,647.84015,644.4969,0.98983955,0.9731941,0.9814423,0.6965257,0.8746657,0.9867679,0.978624,0.8977066,0.8425051,0.81972027,0.7510973,0.6896782,0.61325234,0.05992022,0.048514366,0.0071415305,0.0062178075
517,614.33484,625.7955,597.14453,643.8458,571.81476,682.6676,550.6547,766.006,533.05707,856.7796,554.9494,687.78284,603.8724,713.4045,609.33655,701.6532,645.446,346.9922,330.35962,332.91187,326.02234,332.8269,387.5011,416.85266,436.86023,522.87805,464.3556,575.8403,573.0443,588.671,625.3621,634.4704,648.8627,645.69653,0.9899093,0.97325087,0.9816313,0.69462323,0.875595,0.98679215,0.9786948,0.8985944,0.8439932,0.82155895,0.75363564,0.6957479,0.6198094,0.061442405,0.049738556,0.007291019,0.0063441694
518,614.447,625.92065,597.21027,643.9622,571.703,682.5369,550.58636,766.4145,533.14294,857.42285,556.2451,688.9177,605.12634,715.4679,611.74255,704.76013,648.2942,347.0932,330.40558,332.9275,325.91553,332.64728,387.274,416.9225,436.67706,523.3909,464.03174,575.2809,572.57056,588.521,625.84485,635.3583,649.8757,647.0288,0.99002254,0.9733481,0.9818257,0.6928954,0.87660563,0.98693776,0.97904295,0.8996923,0.84623337,0.8241426,0.75825155,0.7024697,0.6274498,0.06375423,0.051760107,0.007527292,0.0065627396
519,614.64923,626.154,597.3834,644.058,571.8179,682.46106,550.7411,766.332,533.1787,857.7117,555.4933,688.43616,605.15186,712.39343,611.4707,701.1122,649.0303,346.76056,330.1316,332.57,325.86438,332.44678,387.26746,416.74896,436.64435,523.08276,464.47644,574.8801,571.88806,587.63464,624.8291,634.1255,647.74756,644.5665,0.98995954,0.9728001,0.981779,0.6895758,0.8782333,0.98694754,0.9796668,0.898726,0.85002697,0.8226458,0.761819,0.69814664,0.62618303,0.061790377,0.050769746,0.007260561,0.0063807666
520,614.5939,626.1477,597.34973,644.1187,571.82684,682.6187,550.63074,766.2674,532.8934,857.68115,554.81323,687.64355,604.1179,711.9397,610.177,700.5038,647.724,346.6551,330.0522,332.43896,325.93933,332.41162,387.62732,416.77814,436.92786,522.99414,464.5747,575.271,572.1816,587.67444,624.5105,633.2725,647.6554,643.82404,0.9899396,0.9731053,0.9817048,0.6921477,0.87687016,0.9868044,0.97886515,0.8976444,0.8439559,0.82045066,0.75399673,0.690889,0.6152455,0.060256153,0.04890734,0.007141143,0.00622195
521,615.08405,626.6006,597.6968,644.3125,571.67114,682.56726,550.6127,765.70105,532.66583,857.4695,553.4298,687.7796,604.31836,711.8419,610.074,699.959,647.65826,346.52344,329.85254,332.23602,325.5124,332.0055,387.40955,416.68835,436.68597,523.29626,464.24316,575.717,573.12384,588.6189,625.8871,634.389,649.12897,644.69336,0.98999333,0.9726222,0.98212266,0.6820764,0.88112295,0.9867781,0.97903883,0.89730984,0.845906,0.82035446,0.75684905,0.6904963,0.61591,0.059764504,0.048673213,0.007051438,0.006148994
522,615.1469,626.6883,597.73914,644.41974,571.70624,682.3466,550.5247,765.5379,532.8539,857.64185,554.2112,687.856,604.3773,712.62427,610.744,700.7533,647.6553,346.4433,329.78705,332.18335,325.5722,332.07855,387.149,416.7898,436.5553,523.9641,464.0061,575.703,573.17334,588.9548,625.19006,634.24084,648.77734,644.8734,0.9900184,0.97274685,0.98214173,0.6817346,0.8809796,0.9867858,0.97876096,0.8975099,0.84344745,0.8202634,0.7540389,0.6899671,0.61344504,0.060118467,0.04862097,0.0071336925,0.006187111
523,615.24225,626.7855,597.91003,644.40094,571.7726,682.8028,550.44824,766.057,533.048,858.2867,554.383,687.511,604.1748,710.9149,611.13727,697.0913,650.27344,346.53564,329.83032,332.15094,325.1325,331.4557,387.05188,416.32727,436.87726,523.832,464.28552,575.138,573.399,588.8251,624.2115,632.34064,648.06866,642.9401,0.9898696,0.9722953,0.9818918,0.6819851,0.8808963,0.98690385,0.97895885,0.89643186,0.8426397,0.8177266,0.75184286,0.6848143,0.6083415,0.05939856,0.04816714,0.0071080923,0.0061775446
524,615.45715,626.95483,598.0955,644.46875,571.7065,682.8872,550.46454,767.066,533.17596,858.67786,553.44806,687.8393,604.53345,712.49475,612.0922,699.4863,651.619,346.60474,329.88513,332.2127,324.93158,331.25232,387.00488,416.04126,436.6996,522.90485,464.1054,574.9359,572.53864,587.9621,623.25134,631.56866,647.21356,642.8525,0.9899671,0.9722053,0.9821386,0.6789076,0.8826401,0.9870498,0.979507,0.8978523,0.84729767,0.82094824,0.7588189,0.6927091,0.6185495,0.061942786,0.05060792,0.007407129,0.006467819
525,616.1588,627.3591,598.7957,644.43146,572.3335,683.22375,550.8153,767.1001,532.69977,858.68896,552.43744,687.672,604.3012,712.18854,611.0299,698.69366,650.05237,346.76678,330.03375,332.53864,324.99072,331.758,387.11884,416.33337,436.46313,522.56793,463.8711,575.31573,573.18616,588.64166,624.1057,632.50757,647.7772,643.479,0.98991793,0.97171116,0.98226357,0.67390454,0.88492525,0.98701525,0.97980654,0.89794135,0.8506318,0.8212019,0.7623801,0.6945902,0.62254095,0.06168303,0.050718874,0.0073411465,0.006434709
526,616.1938,627.44006,598.7882,644.7014,572.313,683.3268,550.7884,767.1784,532.6328,858.85,553.05554,688.42896,604.71466,715.5426,612.6654,702.652,650.6996,346.81396,330.0547,332.5949,325.03546,331.8589,386.88165,416.51166,436.13916,523.19916,463.3781,574.7788,573.2229,589.0271,624.00806,632.7765,648.7433,644.50244,0.99002934,0.9724268,0.9823525,0.6767159,0.88360393,0.9870086,0.97897744,0.89849496,0.84417605,0.8217012,0.7560526,0.69578457,0.618974,0.063224226,0.051097363,0.007595539,0.0065778494
527,617.01196,628.1282,599.27905,645.07886,572.3608,683.38367,550.9698,767.4792,532.8478,859.18994,552.71704,689.18506,605.3184,717.76917,614.13293,705.4243,650.5862,346.13538,329.29736,332.00067,324.73126,331.97913,386.72308,416.53723,436.45856,523.2688,463.18695,575.2601,573.12744,589.2962,622.883,632.63367,648.2327,645.39856,0.9901875,0.9724876,0.98281705,0.66790503,0.8868568,0.9868838,0.9783326,0.89815533,0.84020853,0.82117254,0.75246423,0.6901017,0.60998785,0.06195247,0.0495179,0.0074625313,0.006397873
528,616.9279,628.2539,599.20074,645.4916,572.4153,683.4307,551.0627,767.73114,532.6505,859.4311,553.7857,688.63,604.86597,716.0311,613.2087,704.67267,650.34094,346.35095,329.46893,332.05487,324.95544,331.92938,386.94556,416.20935,436.82605,522.6171,463.77197,575.1709,572.703,588.5889,620.95984,630.4283,645.813,642.9274,0.990191,0.97275937,0.98265636,0.67243814,0.8842398,0.98668385,0.97820973,0.89711714,0.8402368,0.8210809,0.7532141,0.68157935,0.6019311,0.059463233,0.047727913,0.007172942,0.006173998
529,617.68896,628.891,599.79114,645.8047,572.8098,683.5708,551.59296,766.73,532.80194,858.7982,553.68494,688.71497,605.1,713.724,611.8811,702.1161,647.8711,345.83826,329.1178,331.7453,325.17383,332.3269,386.84625,415.8404,436.5592,521.5469,463.81873,575.3696,571.9339,587.62744,621.9323,631.3092,645.6552,642.6288,0.99018073,0.97188365,0.98293966,0.66201663,0.889117,0.98673046,0.9792627,0.89762616,0.8496213,0.8216481,0.7630464,0.68794876,0.6142832,0.059363395,0.048488528,0.0070424676,0.0061267614
530,618.10504,629.2371,600.1423,645.92487,572.93195,683.6654,551.4498,766.4221,532.62354,858.3589,554.4237,689.00323,605.05585,714.7593,612.0426,703.2394,647.1998,345.70923,329.08643,331.67065,325.55933,332.67432,387.0641,416.4171,436.51776,522.64264,463.67432,575.1658,572.1667,588.0055,622.81915,632.071,647.0359,643.1255,0.9902099,0.9718061,0.98314273,0.65726835,0.8910984,0.98668176,0.9789471,0.8974556,0.84754264,0.82119167,0.7612084,0.6878315,0.6125029,0.05943021,0.048220605,0.00705114,0.0061000884
531,618.84296,629.827,600.85974,646.1116,573.41736,683.4169,551.4446,766.0945,532.23236,857.8788,553.17883,689.1643,604.99005,717.8066,612.9142,707.42566,646.40137,345.45367,329.05872,331.60364,326.10834,333.1353,387.32434,416.16058,436.29272,521.1158,463.52057,574.61694,571.2372,587.1483,621.81366,631.6331,646.3948,643.7391,0.9903158,0.97135454,0.98367,0.64502436,0.89603937,0.98661804,0.9791527,0.8985021,0.8521383,0.8234645,0.76824486,0.69308716,0.61965525,0.06046745,0.04937461,0.00714615,0.0061955154
532,619.5753,630.42554,601.4931,646.3806,573.7788,683.49146,551.76697,766.11053,532.05914,858.0156,553.02185,689.8061,605.6564,718.7433,613.3098,708.8493,645.7679,345.57623,329.2412,331.82446,326.48315,333.63684,387.46075,416.32947,436.07306,520.80164,463.38818,574.7555,571.257,587.28906,621.4801,631.5925,646.8091,644.47253,0.9903914,0.9711182,0.9839926,0.6375464,0.8989431,0.9866153,0.9793194,0.89909935,0.8545779,0.8247826,0.7719705,0.69593817,0.6235395,0.061331928,0.050183773,0.0072446167,0.0062813163
533,620.16125,630.86786,601.994,646.7288,574.23364,683.7118,552.1658,766.62177,532.12335,858.3701,553.1554,689.6739,606.08997,718.9404,616.1386,708.067,649.5597,346.12537,329.57275,332.39728,326.28278,333.95813,387.35266,416.61505,436.5105,521.18726,463.48126,574.63696,570.8899,587.2857,621.33844,632.2918,646.1147,645.0582,0.99030864,0.9710165,0.9838289,0.6388344,0.8981537,0.9865776,0.97903657,0.8977816,0.85057247,0.8224297,0.7670175,0.6897199,0.615267,0.0600937,0.04898128,0.007115394,0.006150484
534,620.39014,631.072,602.2474,647.04944,574.6498,683.98956,552.4126,766.58246,531.99115,858.08356,553.0471,689.5671,605.99036,718.6727,615.685,708.066,649.4347,346.2544,329.63953,332.5683,326.22253,334.11737,387.32422,416.67273,436.72418,520.9932,463.71478,574.1765,570.1557,586.6328,620.9517,632.32983,645.27124,644.9429,0.9903047,0.97126245,0.98371434,0.64323205,0.8967854,0.98659956,0.97905946,0.89796424,0.850067,0.8227452,0.76639986,0.6916716,0.61717045,0.06090808,0.049568325,0.0072230697,0.0062378347
535,621.31274,631.75635,602.9778,647.37964,574.90405,684.42566,552.5241,766.7777,532.0448,857.75757,553.6438,689.84576,606.1058,719.51733,616.0401,707.7521,649.77625,347.0381,330.19043,333.42017,326.15112,334.72876,387.17017,417.0605,436.74707,521.2966,463.68597,574.8448,570.6905,587.52545,620.04535,632.15234,645.32214,645.9244,0.99029726,0.97081983,0.983963,0.63511217,0.89946485,0.9865782,0.9790113,0.8977215,0.849904,0.82271683,0.7667419,0.69043225,0.6155014,0.061348885,0.049854785,0.007338196,0.006318152
536,621.3376,631.7955,602.9985,647.5929,574.9888,684.46875,552.78955,767.3023,531.93195,857.61536,552.6947,690.1287,606.1099,722.42944,616.1533,711.9416,647.5821,347.10846,330.2719,333.56958,326.3081,335.01172,387.1742,417.36853,436.59845,521.5823,463.54675,574.829,571.3513,588.4116,620.73663,633.2776,647.00104,648.0955,0.9904747,0.9717809,0.98408437,0.64064354,0.89766693,0.98672163,0.97858477,0.900139,0.84715706,0.8262082,0.76474977,0.701432,0.6236489,0.065580755,0.052524894,0.007898629,0.0067332685
537,621.3078,631.88745,602.93054,647.8668,574.8996,684.6279,552.7451,766.9078,532.0956,857.2554,553.831,690.70825,606.4691,722.5856,615.9604,711.527,646.94366,347.3661,330.48694,333.72607,326.4875,335.05908,387.32214,417.60864,436.50842,522.02655,463.5097,575.33124,572.1235,589.2131,622.3222,634.758,648.6072,649.4003,0.9905144,0.97212255,0.984043,0.64463496,0.89673746,0.9869002,0.9786478,0.9011599,0.8464512,0.826901,0.76324165,0.7078091,0.6294664,0.06759924,0.053841293,0.008139402,0.0069149137
538,621.15894,631.79565,602.87994,647.7888,574.92505,684.58887,552.71814,767.2129,532.197,857.48346,553.6332,690.62683,606.45135,722.26184,615.6104,711.4564,647.074,347.56775,330.7343,333.8548,326.80334,335.10736,387.6211,417.90063,436.43884,522.3092,463.62744,575.1487,571.6115,588.5996,621.17267,633.30774,647.01886,647.3285,0.9904698,0.9720056,0.98394793,0.6455505,0.8962499,0.98684406,0.978819,0.9008381,0.84794664,0.8271071,0.7653728,0.70596796,0.6288042,0.06706178,0.053706974,0.008089781,0.0069040656
539,621.17206,631.88245,602.9115,647.86035,574.8238,684.84576,552.81683,767.5007,532.1218,857.7373,553.17474,689.67505,605.7098,720.569,615.22705,708.8779,647.98364,347.95404,331.06458,334.11548,326.85388,334.99658,387.90668,417.87146,436.59784,522.3401,463.93097,575.2578,572.0344,588.61255,619.75256,630.7215,646.80664,645.3379,0.99039435,0.97193515,0.9838406,0.64593124,0.89559627,0.9867319,0.97827584,0.8990954,0.8432935,0.82448375,0.7597798,0.6949935,0.6152028,0.06491029,0.05168718,0.007929474,0.006740421
540,621.2319,632.1519,603.0572,647.89795,574.7055,685.2607,551.88983,766.99,532.43713,857.08954,553.9819,689.313,604.9206,717.3552,613.8828,702.995,650.19324,347.98584,331.20453,333.85815,327.40222,334.71008,389.12036,418.73608,438.01868,524.4962,464.13892,575.355,573.2252,589.3329,616.4537,626.0621,643.7776,640.1323,0.99015784,0.9712291,0.98359525,0.6422455,0.896568,0.9864846,0.97754085,0.8944887,0.83458626,0.8167361,0.7480782,0.66743004,0.5837915,0.058563054,0.04627326,0.007317126,0.006183356
541,621.2361,632.22144,603.1376,647.84485,574.6116,685.1847,551.69806,766.84314,532.0544,856.6102,552.4323,690.379,606.145,718.73865,616.14105,704.2785,653.68585,348.18866,331.4709,333.9209,327.5763,334.42096,389.27075,418.7271,437.88464,524.49634,463.9068,574.2848,573.1887,589.2521,617.1992,626.3853,644.85315,640.5094,0.9901951,0.97124356,0.9836057,0.64202356,0.89709103,0.9867218,0.9778291,0.8954468,0.8347248,0.81760424,0.7488885,0.6732974,0.5894944,0.06060511,0.04779443,0.0075623393,0.006384611
542,621.16846,632.1568,603.10864,647.7637,574.72156,685.16766,551.68805,767.1406,532.1356,857.189,551.7425,689.7648,605.8334,715.68097,614.94366,700.6061,653.5673,348.19922,331.47882,333.92444,327.54987,334.401,389.2945,418.74005,438.1407,524.3758,464.79388,573.9741,572.553,588.5058,616.50366,625.87744,642.36383,638.46606,0.99010396,0.9709346,0.9833923,0.6445049,0.89661825,0.9867526,0.9784523,0.8947071,0.83796394,0.81598127,0.7508606,0.66989005,0.5889714,0.058762163,0.046824545,0.007291794,0.006203294
543,621.49554,632.4305,603.36395,647.83844,574.777,685.0272,551.66016,767.3494,531.2658,857.2498,549.37836,689.9369,606.1383,717.4284,616.7224,702.9747,655.1074,348.23987,331.5617,333.99683,327.81122,334.64252,389.57727,418.5681,438.0122,522.96136,464.5774,572.74536,571.9136,587.8596,615.54553,625.13513,642.3982,639.10376,0.99021614,0.9712323,0.98359084,0.6425847,0.89758956,0.9868357,0.97805226,0.8954699,0.8345924,0.81682587,0.7483673,0.67228436,0.58860284,0.06053722,0.04771909,0.007559389,0.0063742995
544,621.3925,632.3748,603.19305,647.86646,574.4929,685.2207,551.6021,767.9618,531.4386,857.5182,549.15753,690.3342,606.39185,717.29517,615.88934,702.80286,654.462,348.46808,331.64624,334.14282,327.63977,334.58447,389.77472,418.72156,438.47052,522.90906,465.11108,572.9335,572.15125,588.06213,614.3339,624.09595,641.7535,638.9945,0.99027205,0.97127837,0.9836941,0.6424755,0.89784884,0.9868947,0.97841525,0.89587045,0.83748496,0.818315,0.75236356,0.67353714,0.59158474,0.061330616,0.048620373,0.0076850057,0.006505668
545,621.5809,632.5747,603.29535,648.0715,574.537,685.55927,551.5585,768.23596,531.40314,858.0833,548.6709,690.44586,606.3544,716.75555,615.72565,700.9866,654.3655,348.35638,331.43518,333.98407,327.45435,334.53717,389.80756,419.08545,438.88458,523.9297,465.46503,573.0852,572.81793,588.8328,613.5277,623.4467,641.25366,638.38513,0.99021685,0.9715711,0.9835628,0.6449096,0.8966284,0.9867463,0.97730947,0.89384115,0.82710546,0.81376636,0.7393268,0.660452,0.57294786,0.058910012,0.045856774,0.0074921846,0.0062595606
546,621.7864,632.72626,603.383,648.17395,574.49475,685.5128,551.6679,768.86865,531.4065,858.57684,548.83026,690.7404,606.6606,718.1056,616.71326,703.21765,654.4986,348.38464,331.417,334.0675,327.48248,334.78247,389.80487,418.96118,439.1366,523.3091,465.99377,572.8447,572.3789,588.51953,613.2726,623.7538,641.2689,639.44214,0.9903159,0.97161365,0.98379546,0.6418977,0.8978429,0.9867399,0.9774887,0.8944488,0.8298518,0.8154326,0.7437069,0.6631328,0.5767701,0.059372544,0.04643619,0.0075102746,0.006291449
547,621.72534,632.67755,603.3477,648.0005,574.27997,685.1814,551.59247,768.89905,531.659,858.7548,549.3069,690.2865,606.0713,719.4033,616.32086,705.63116,653.27686,348.43506,331.52136,334.08105,327.66016,334.7484,389.8426,418.88672,439.14398,523.6271,466.06116,572.8583,573.1165,589.1455,613.2116,623.15216,642.1594,639.32367,0.99038845,0.9716068,0.984004,0.6372996,0.8986938,0.9866687,0.9772552,0.89504254,0.8304261,0.8173139,0.7460642,0.66421825,0.5772838,0.0598813,0.0467785,0.007595569,0.0063551664
548,621.86206,632.78955,603.4553,648.01965,574.3553,685.40674,551.7356,769.2007,531.90186,859.388,549.663,690.1127,605.87225,717.9842,615.11005,703.9898,652.24896,348.45612,331.526,334.09143,327.72528,334.85834,390.06506,419.02747,439.5221,523.80426,466.4201,572.84595,573.41583,589.27893,612.8082,622.44965,641.7622,638.43744,0.990365,0.9714743,0.9839722,0.6369399,0.89883256,0.9866818,0.9774054,0.8948134,0.83135724,0.81690073,0.74664587,0.66244966,0.5762143,0.059390157,0.04648626,0.0075434446,0.006319642
549,621.7527,632.6713,603.3461,647.98254,574.3412,685.54675,551.6051,769.6959,532.15155,860.44556,551.06506,690.306,605.945,718.9035,615.8744,704.47876,653.2093,348.38702,331.4259,334.0448,327.7202,334.96692,390.35315,419.71948,439.89978,525.0253,466.60803,572.76904,573.3332,589.4369,611.0113,620.95483,640.382,637.1394,0.99035156,0.9716246,0.9838896,0.63953996,0.89817095,0.98670685,0.97714764,0.8942456,0.8279135,0.8157543,0.7428544,0.65799093,0.5697463,0.05923897,0.046141952,0.007609725,0.006354034
550,621.7237,632.65533,603.36816,647.97815,574.3013,685.2627,551.652,769.78784,531.78143,860.83167,550.02295,690.1057,605.95233,720.0804,616.53094,705.7286,652.6172,348.32422,331.50006,334.05408,327.8766,334.9364,390.46082,419.68195,439.96448,525.1497,467.0298,573.2137,572.82587,588.9126,609.4725,619.2832,640.41046,636.94995,0.9903681,0.9719459,0.98393214,0.6405361,0.8979317,0.9867281,0.97638774,0.8944371,0.8217997,0.8149617,0.7359396,0.65818065,0.56590456,0.061327457,0.047077894,0.008034289,0.0066346824
551,621.7022,632.62726,603.3651,647.99054,574.41437,685.5094,551.7705,770.053,531.93964,860.76013,550.24176,690.769,606.5947,721.08374,617.9645,706.4857,654.3803,348.31744,331.48804,334.06128,327.87805,334.97546,390.39667,419.6621,440.22717,525.34717,467.2951,573.3351,572.3935,588.552,608.91876,618.8015,639.9048,636.5729,0.99035025,0.97200125,0.9838096,0.6431018,0.8972126,0.9867867,0.97649115,0.89443576,0.8214992,0.8143537,0.7350391,0.6572889,0.56495976,0.061083317,0.046928465,0.007996917,0.006613314
552,621.6004,632.5235,603.32184,647.9818,574.5303,685.46387,551.78754,770.3159,531.98816,860.8852,550.92365,690.81323,606.49005,722.66656,618.38586,708.4459,653.49243,348.14746,331.4159,333.974,328.0202,335.06055,390.52557,419.69507,440.0998,525.09186,467.203,573.40607,572.2894,588.5145,609.50494,619.59216,641.30725,638.3937,0.99044645,0.97243035,0.98386014,0.64717984,0.8967223,0.98707354,0.97675085,0.896826,0.8228795,0.8172753,0.73657,0.67122066,0.5786431,0.065545976,0.050171077,0.00859794,0.007091403
553,621.7262,632.70575,603.4787,648.09686,574.72833,685.4064,551.6591,771.0611,531.95886,861.7587,549.72614,690.8443,606.6494,722.218,619.12036,707.8153,654.345,348.12463,331.5099,333.96588,328.5418,335.36377,390.96588,420.37213,440.36133,525.9285,467.6991,573.2052,572.2829,588.67065,608.83563,619.47546,640.43567,638.22076,0.9904214,0.9723649,0.98384297,0.6465719,0.89720273,0.9869929,0.9765514,0.8956589,0.8201237,0.81490993,0.73286474,0.66334915,0.56959593,0.06319937,0.04827386,0.008286238,0.0068217516
554,621.73755,632.67633,603.43164,648.1292,574.69794,685.6013,551.4972,771.1507,532.1032,862.25916,550.6582,690.4734,606.0893,721.9043,618.8049,706.43976,654.0686,348.28644,331.578,334.1679,328.43018,335.53577,391.0841,420.54626,440.59583,525.9093,467.86255,573.3483,572.61847,589.08044,609.503,620.43805,640.62646,638.9538,0.9904015,0.97235435,0.98381233,0.6482383,0.89722574,0.9871079,0.9766932,0.89582753,0.82003915,0.81431746,0.73166025,0.66594213,0.57213545,0.06376928,0.048692107,0.008361399,0.0068794787
555,621.6084,632.53296,603.3529,648.03925,574.7677,685.6483,551.5868,771.05493,531.8609,862.349,549.91504,690.4565,605.876,722.1017,617.6784,706.75183,651.74854,348.2644,331.66888,334.24933,328.67413,335.76868,391.25293,420.63446,440.47827,525.7836,467.66724,574.03955,573.3082,589.687,610.8899,621.6555,641.83,640.0075,0.9904538,0.9726888,0.9837767,0.6527696,0.89639556,0.987326,0.97696626,0.8977355,0.8215605,0.81596935,0.7319085,0.6765143,0.58302027,0.066440016,0.05056277,0.008695155,0.0071413517
556,621.6763,632.525,603.37683,647.9235,574.71716,685.4719,551.7483,770.2982,532.04944,861.7364,550.2077,690.4109,606.1791,721.63245,618.3911,706.1055,653.29285,348.36414,331.6892,334.35156,328.49274,335.78638,391.03674,420.65076,440.55908,526.15967,467.49646,573.62494,573.1464,589.6053,610.51917,621.23254,641.15674,638.9531,0.9904093,0.972373,0.9837688,0.64937496,0.8970883,0.9872619,0.9769854,0.89696145,0.82165754,0.8152789,0.73266196,0.67247117,0.57927394,0.065374434,0.049874872,0.008563399,0.0070435405
557,621.7037,632.56305,603.3867,647.91693,574.6395,685.7158,551.36646,770.7261,531.92,861.8447,550.82117,691.00366,606.4082,723.16486,619.83984,706.44714,654.4408,348.44757,331.75726,334.39307,328.6297,335.8709,391.1557,421.2312,440.5907,527.58594,466.922,574.0408,573.9667,590.67426,611.27405,622.0413,642.9673,640.45435,0.9904245,0.97260344,0.9837191,0.65187,0.8967328,0.98748195,0.97678804,0.89765084,0.8171915,0.81483626,0.72690713,0.67638713,0.5802281,0.067501664,0.05091721,0.00889647,0.007260233
558,621.6882,632.58655,603.41705,647.9039,574.5682,685.5017,551.4596,770.4266,531.87933,860.97217,550.0504,690.77637,606.31573,723.2986,619.2359,707.426,653.82544,348.47205,331.80896,334.33887,328.60492,335.60522,391.21265,420.9427,440.04193,526.61914,466.4204,573.812,573.54004,590.0283,611.2794,621.58875,643.0478,640.13354,0.9904913,0.9725751,0.9838599,0.65010077,0.8973981,0.9875407,0.97722876,0.8988264,0.82201385,0.81800365,0.7337591,0.68372446,0.58998823,0.06978667,0.05297178,0.009175748,0.007520497
559,621.7639,632.5689,603.5189,647.80884,574.70245,685.259,551.7151,769.3609,531.63806,860.24646,548.9884,690.1229,605.81177,722.4624,617.5832,708.1219,652.6517,348.47345,331.85815,334.45563,328.5752,335.73224,390.92444,420.26288,439.54785,525.0116,465.786,573.5348,572.471,588.7491,611.1504,621.266,641.92786,639.0879,0.99048555,0.97204673,0.98403394,0.64292806,0.89932567,0.9873626,0.9777516,0.89896333,0.8299801,0.82024586,0.7440164,0.6855768,0.5964861,0.06889722,0.053124607,0.008951336,0.0074139833
560,621.6631,632.4276,603.4597,647.61566,574.70795,685.28296,551.6593,769.30023,531.9238,859.93787,549.2041,690.23865,606.0287,722.10944,618.13464,707.3178,654.247,348.62616,331.98218,334.5921,328.56848,335.76215,390.79706,420.30615,439.62744,525.39136,465.8584,573.66736,571.943,588.2701,610.93756,621.05835,641.29535,638.411,0.99038947,0.9718809,0.98384637,0.64406574,0.89867795,0.98729897,0.97760934,0.8979733,0.8279805,0.818269,0.7409398,0.68058294,0.59084,0.06728321,0.051843524,0.008738607,0.0072377324
561,621.75433,632.5184,603.5763,647.7077,574.83514,685.1825,551.687,769.29254,531.73737,860.4342,548.42865,690.2947,606.1379,722.2122,617.87317,707.82666,653.95966,348.65497,332.04694,334.64062,328.59924,335.73853,390.85834,420.1056,439.91223,524.9241,466.1593,573.416,571.88605,588.1882,610.47784,620.8502,640.38635,638.171,0.99040496,0.9719937,0.983837,0.6449538,0.8983481,0.987329,0.97757375,0.89841676,0.8276515,0.8186155,0.7404883,0.6822586,0.5921916,0.0680711,0.052327186,0.008876622,0.0073375106
562,622.07,632.7483,603.946,647.6663,575.04364,684.7951,551.64197,769.1527,531.54834,860.35986,549.4877,689.7063,605.75183,721.58234,617.4138,707.604,652.8993,348.5849,332.05084,334.5827,328.64844,335.659,390.79413,420.1408,439.59778,525.11597,466.4287,573.3145,572.22736,588.56696,611.3516,621.7125,641.62854,639.0991,0.9903718,0.9716082,0.9839593,0.6394093,0.8997718,0.9871919,0.97753847,0.89800143,0.82917964,0.8189157,0.7432153,0.68154144,0.5922893,0.06754935,0.052113175,0.008778304,0.0072675943
563,622.0715,632.64526,603.9685,647.4665,575.04224,684.8744,551.64557,768.9765,531.75604,860.22705,550.02625,690.05597,606.0901,722.2618,618.05756,707.736,654.05646,348.7292,332.15668,334.77332,328.4793,335.67108,390.70172,420.20337,439.82678,525.5144,466.27063,573.48987,572.5936,589.0242,611.3719,621.7247,641.5629,638.97217,0.9903109,0.9713119,0.98388165,0.63813925,0.90000963,0.9872596,0.97775453,0.8982129,0.8304174,0.8190092,0.7444136,0.6831452,0.59457046,0.06814885,0.05271831,0.008872807,0.0073610246
564,622.2832,632.87134,604.03796,647.7799,574.83875,685.2891,551.2874,769.4009,531.61383,860.3618,551.4052,690.82184,606.0747,725.03174,618.4928,709.65027,652.63367,348.92322,332.21252,334.9204,328.3321,335.71246,390.6902,420.6905,440.10895,526.94543,466.20245,574.5048,574.5487,591.3092,614.4318,625.07874,646.1831,643.6686,0.9905282,0.97201353,0.9841585,0.64104325,0.90049016,0.9877895,0.97808766,0.90178156,0.8304169,0.8228159,0.74406755,0.7033073,0.61335874,0.07559359,0.057788312,0.009863317,0.008109361
565,622.5051,633.0575,604.161,647.9078,574.8919,685.2865,551.3284,769.84296,531.4816,860.5763,550.72723,690.8997,605.96423,726.09985,618.39526,711.8129,651.57355,348.79602,332.08862,334.86993,328.4931,336.05255,390.768,420.7387,440.43823,526.6972,466.56567,574.58813,574.2583,591.13837,613.22485,624.4448,645.2551,643.7375,0.9906542,0.9722331,0.9843545,0.6394162,0.9011618,0.98786044,0.9782319,0.9030694,0.83223784,0.82518214,0.7470719,0.7078541,0.6182917,0.07754788,0.05923477,0.010141224,0.008325726
566,622.5181,633.0375,604.16254,647.89667,574.9613,685.2451,551.61365,769.32074,531.58685,860.45593,549.8315,690.7099,605.9805,725.5725,618.2602,711.0539,651.1788,348.67242,332.0041,334.83374,328.42114,336.08997,390.61438,420.4829,439.96326,525.8857,466.78174,575.0089,573.8835,590.682,614.4773,625.61444,645.59357,644.0488,0.99063957,0.9719502,0.9843818,0.6375535,0.902185,0.98794675,0.97876495,0.9037793,0.8368355,0.825752,0.7513225,0.71390605,0.62721545,0.07846397,0.060411155,0.010167509,0.00839287
567,622.7077,633.24603,604.31903,647.9575,574.9418,684.8666,551.47925,769.1689,531.45233,860.27734,550.57806,690.9889,606.2886,726.23834,618.7913,712.268,650.5773,348.63507,331.98456,334.71216,328.5813,336.03387,390.5464,420.52234,439.93024,526.3611,466.58618,574.54114,574.1637,591.0929,615.68207,626.98096,646.86664,645.3258,0.99069834,0.9718338,0.9845042,0.6340445,0.9030976,0.9880613,0.9791522,0.9051988,0.8404002,0.82847285,0.75663626,0.7220465,0.63708735,0.081158966,0.06267837,0.010446876,0.0086379945
568,622.9506,633.37573,604.5895,647.7684,574.92615,684.86975,551.3977,769.3416,531.7296,860.7241,550.53424,690.7993,606.32855,725.8526,619.0936,710.8707,652.3503,348.7915,332.07153,334.8236,328.26636,335.76306,390.63647,420.708,440.11475,526.8005,467.05658,574.7711,574.4258,591.32947,614.1113,625.15686,645.8171,643.813,0.9906237,0.9712478,0.98453665,0.6284201,0.9047695,0.98804724,0.9792112,0.9041219,0.84005016,0.82680655,0.75617003,0.7159585,0.63074934,0.07982612,0.061797917,0.010369241,0.008581132
569,623.03674,633.45374,604.70605,647.7194,574.9328,684.95465,551.1973,769.54614,531.6559,861.1782,550.60297,690.62915,605.9614,725.6546,618.29297,710.71826,652.0232,348.7931,332.09436,334.78168,328.3261,335.67883,390.94568,420.7777,440.34827,526.77515,467.14807,574.70374,574.7915,591.5382,614.0276,624.74713,646.1646,643.7872,0.9906119,0.97097063,0.9846569,0.6242535,0.9060965,0.9879472,0.97919255,0.9033515,0.8408928,0.8262241,0.75755006,0.7118373,0.6271125,0.07801968,0.060635477,0.010113955,0.00838995
570,623.85596,634.23517,605.5567,648.16534,575.7361,684.7452,552.02673,769.11066,532.3666,862.5037,549.17926,689.6476,606.095,721.0775,617.3153,705.8645,653.2172,349.02765,332.3125,334.9408,328.39197,335.59216,390.99445,419.72467,440.61707,524.3154,467.86053,574.28625,572.68384,588.92694,611.23724,621.94385,640.0452,638.752,0.9902303,0.96941066,0.9844751,0.61182165,0.9076735,0.98686725,0.9781868,0.8955909,0.83794826,0.816123,0.7530805,0.6705374,0.58682543,0.06239474,0.049319953,0.00801453,0.0067234337
571,623.7715,634.2411,605.50977,648.2343,575.57166,684.83563,552.1771,769.52563,532.55975,863.0143,549.19684,689.57806,606.0372,720.8291,616.55927,705.70544,652.22614,349.11334,332.37042,334.89917,328.20697,335.167,391.01025,419.65155,440.3308,524.53284,467.84857,575.0754,573.893,589.91064,612.7847,622.7063,642.02423,639.5171,0.99026,0.96951425,0.9845321,0.6121144,0.90737313,0.986849,0.9781629,0.8957163,0.838592,0.8168252,0.75401986,0.67139983,0.58797354,0.06237057,0.04935637,0.007990152,0.006712824
572,623.8933,634.3622,605.6645,648.256,575.53906,684.75995,551.9531,770.11755,532.4944,863.3425,548.8916,690.2663,606.54535,722.3152,616.6523,707.97064,652.0192,349.08527,332.35876,334.8039,328.16205,334.91595,391.1272,419.77747,440.5575,524.9012,467.7943,575.09235,573.88776,590.00806,613.0943,623.2803,642.77246,640.8219,0.9903313,0.969553,0.9846904,0.60990995,0.908202,0.98693335,0.97838527,0.89680636,0.8405693,0.8190862,0.7573937,0.67795026,0.5952686,0.06458369,0.051161915,0.008265346,0.0069464743
573,623.75006,634.3086,605.53845,648.4485,575.5219,684.9587,552.0526,769.9138,532.27124,861.88947,547.8174,690.0206,606.0873,722.3883,615.43695,708.6824,650.7023,349.11163,332.36115,334.8011,328.0805,334.80927,391.11237,419.36584,440.14514,523.437,467.49902,574.7256,573.66486,589.5588,613.1208,623.12634,642.92993,641.1571,0.99041224,0.97011137,0.9846794,0.61510855,0.90667605,0.98701936,0.978403,0.89826477,0.8412237,0.82189405,0.7589116,0.6859224,0.6033768,0.06735614,0.053192854,0.008641571,0.007249832
574,623.77576,634.26746,605.5702,648.33234,575.566,685.12146,552.08417,769.7654,532.4112,861.89246,547.91846,690.1207,606.2152,721.8114,615.49634,707.35315,651.62476,349.21313,332.41797,334.92554,327.97308,334.87378,390.9992,419.62177,440.32,524.2696,467.5027,574.5403,574.07605,590.0496,612.6453,622.5786,641.8955,639.6583,0.99031794,0.96987045,0.9845153,0.61521983,0.90622336,0.9869517,0.9782788,0.89718354,0.83936936,0.81985176,0.7561621,0.6792299,0.59598756,0.065274775,0.051505774,0.008399785,0.007045865
575,623.8115,634.3069,605.5597,648.3778,575.5985,685.05383,552.27936,768.9763,532.36475,861.63763,547.595,690.2015,606.4863,720.9839,615.3863,706.75305,651.96985,349.20886,332.41113,334.92072,328.0254,334.94598,391.0288,419.2495,440.7047,523.54254,467.6316,573.79443,573.43616,589.2387,612.4938,622.2599,640.817,638.52423,0.9902874,0.9696336,0.98450446,0.61329544,0.9067012,0.9868691,0.97843325,0.8965621,0.8411741,0.81911635,0.75824624,0.6766564,0.59499955,0.06393054,0.050744504,0.00818786,0.006896764
576,623.7354,634.2457,605.5148,648.3204,575.653,685.1202,552.29114,769.82446,532.56506,863.59546,547.0678,690.4636,606.938,721.21484,616.8203,706.17285,653.87604,349.25598,332.44635,334.94348,327.9745,334.8335,390.97736,419.0255,441.0337,523.3653,468.3191,573.46356,573.05383,588.8658,611.5418,621.50104,640.0559,638.2433,0.99027115,0.9698692,0.9843663,0.61778617,0.90586346,0.987015,0.9782469,0.8963589,0.83732206,0.81672627,0.75216067,0.6740768,0.59012246,0.06388274,0.050358325,0.008238494,0.006906867
577,624.01154,634.4942,605.74054,648.5017,575.7335,685.2958,552.16956,770.03345,532.54504,863.4248,547.3646,689.96234,606.37897,719.5332,615.4968,703.56525,652.8837,349.27417,332.34424,334.9308,327.6587,334.71985,390.938,419.29102,441.0711,523.75635,468.44946,573.7041,573.66907,589.5626,611.0924,621.3876,639.5287,638.14954,0.99022734,0.96969825,0.9843583,0.6166737,0.9060018,0.98692495,0.97813284,0.8952878,0.8359597,0.81546104,0.7503215,0.6682571,0.58394134,0.06240654,0.049154907,0.00807932,0.0067647696
578,623.82104,634.3379,605.6234,648.4813,575.8468,685.30963,552.2533,769.6328,532.5129,862.5215,547.2888,689.8995,606.23395,719.36523,614.9088,703.85864,652.27576,349.09998,332.2445,334.8244,327.66302,334.70026,390.7624,418.98358,440.7882,523.02466,468.32214,573.27545,573.4691,589.2903,610.8003,621.1249,638.9084,637.7263,0.990258,0.9696739,0.9843395,0.61815476,0.9057932,0.9870417,0.9788293,0.8966651,0.8418846,0.81814474,0.75741947,0.6757451,0.5948104,0.06387642,0.050830215,0.008226335,0.006941706
579,624.018,634.4737,605.7901,648.5313,575.9313,685.297,552.1818,768.95624,532.2109,860.7886,546.7607,689.9183,605.9248,720.16943,614.0561,704.63464,650.08826,349.05334,332.17664,334.81128,327.63763,334.80225,390.53284,418.8745,440.40198,522.5941,468.35474,573.0287,573.5899,589.47656,612.5403,623.0669,640.87085,639.87537,0.99029815,0.9697194,0.984476,0.61601514,0.9065188,0.9870577,0.9788141,0.89770997,0.8429142,0.819688,0.7589999,0.6834185,0.602774,0.06565687,0.05212778,0.00840807,0.0070796013
580,623.8178,634.2816,605.6315,648.3981,575.9057,685.22284,552.3749,768.4417,532.441,858.362,547.7443,690.9058,606.92694,721.3956,615.0995,706.4783,650.37885,349.05646,332.23706,334.83252,327.88177,334.96863,390.5067,418.97394,440.57214,522.93085,468.60876,572.9361,573.2959,589.24316,613.4222,623.91797,642.00037,640.80963,0.9903157,0.9697418,0.98446393,0.61722213,0.90627307,0.98706746,0.97924626,0.8984593,0.8470736,0.8217051,0.7647625,0.6886597,0.61075264,0.0665645,0.053320616,0.0084401965,0.007160932
581,623.6346,634.1974,605.4993,648.4156,575.778,685.0077,552.1774,768.0309,532.5051,857.6172,548.0548,690.89966,606.8354,721.80255,615.2136,707.0231,650.11194,349.02808,332.2873,334.76263,328.0017,334.80212,390.45935,418.88647,440.24524,522.96747,468.48004,573.10785,573.7341,589.67474,615.1476,625.53973,643.7788,642.42334,0.99035007,0.96978545,0.9845184,0.61710346,0.906511,0.9871769,0.97947764,0.89957833,0.84904194,0.8233294,0.7671747,0.69604427,0.6190202,0.068399936,0.05486074,0.008622557,0.0073227882
582,623.72327,634.2403,605.6372,648.4137,575.98846,684.88196,552.20917,767.2761,532.38153,856.8031,548.71045,690.2639,606.17365,721.61224,614.66675,707.16254,649.3025,348.8955,332.23767,334.70532,328.05603,334.84998,390.3073,418.6228,439.62305,522.303,467.94543,573.19324,573.45105,589.33307,616.28705,626.4984,644.72363,643.10474,0.9903586,0.9695661,0.98457414,0.6151622,0.9073218,0.9872764,0.9799167,0.9008069,0.8532383,0.82550484,0.7722059,0.7047682,0.6300555,0.07047853,0.056854695,0.00881961,0.0075182617
583,623.9789,634.45245,605.90375,648.36664,576.1106,684.9695,552.09094,767.3389,532.5294,857.1597,548.3181,690.3292,606.4115,720.7429,615.4742,704.9814,651.2522,348.87366,332.2519,334.6656,328.16394,334.8648,390.5835,419.15924,440.1136,523.6581,468.10303,573.6081,573.83136,589.77356,615.36365,625.4557,643.96454,641.8795,0.9902339,0.9691025,0.98446095,0.61201245,0.90809464,0.987204,0.97955835,0.89890325,0.84860206,0.82151866,0.7655808,0.6937308,0.61648995,0.06766865,0.05425352,0.00853765,0.0072421134
584,624.0705,634.547,606.0579,648.42413,576.3215,684.9685,552.24854,767.4233,532.56116,856.9121,547.2669,690.72076,606.885,721.17725,615.723,705.8088,651.5659,349.03027,332.46082,334.84222,328.36646,334.97876,390.5078,418.96277,439.99756,523.10535,467.92133,573.2267,573.1358,589.07495,614.4249,624.71967,642.8124,641.30927,0.9902318,0.9690958,0.984414,0.6128503,0.9078381,0.98723567,0.97975814,0.8994813,0.8501813,0.8224488,0.767493,0.69622827,0.61999136,0.06852263,0.055065125,0.008648604,0.0073500574
585,624.22614,634.66895,606.1316,648.45966,576.2206,685.03546,552.52423,767.2102,532.26825,857.0131,544.8402,690.4481,606.70874,720.22015,614.0421,705.3461,650.042,349.22302,332.60516,335.03906,328.36694,335.10138,390.69983,418.52435,439.73694,521.0966,467.78784,572.3075,572.74243,588.30457,613.8085,623.7117,642.3759,640.7516,0.9902625,0.9689655,0.98461837,0.6078655,0.9091619,0.9870701,0.97959745,0.8989302,0.85109156,0.8226036,0.76953757,0.6937592,0.61835283,0.06784281,0.05464241,0.008571923,0.007288754
586,624.2199,634.6853,606.2007,648.4846,576.34827,684.9068,552.65796,766.9949,532.12024,856.5073,544.3832,690.2597,606.5094,721.3821,614.22644,707.4512,649.5077,349.10406,332.61145,334.95813,328.5785,335.10498,390.66644,418.24707,439.43518,520.62427,467.66437,572.3435,572.0934,587.5408,613.51886,623.0785,642.5665,640.4917,0.99032325,0.96902597,0.98471093,0.6069677,0.9095261,0.98717314,0.9798656,0.9004719,0.8541279,0.82536054,0.7739132,0.70215666,0.6280649,0.070803195,0.057180613,0.008952409,0.0076268017
587,624.433,635.0112,606.3538,648.77374,576.31256,684.69025,552.7606,766.90137,532.4476,856.415,545.492,690.58307,606.9826,721.5442,614.93646,708.96155,650.45355,349.28168,332.86383,335.04376,329.11664,335.3012,390.7527,418.1593,439.35583,520.61523,467.66687,571.90216,571.4757,586.8773,611.90967,621.30255,640.8229,638.34674,0.99035907,0.9689647,0.98483366,0.6024935,0.91015834,0.9869018,0.9795723,0.89922845,0.85360324,0.82495564,0.7749041,0.69315684,0.61879116,0.067807704,0.054871053,0.008574188,0.007313788
588,624.4138,635.0341,606.35956,648.8332,576.3701,685.03705,552.83575,768.3407,532.598,857.7319,545.4683,690.6261,607.3337,720.0117,615.9708,706.8402,653.0095,349.37836,332.97583,335.09607,329.2599,335.3274,391.11578,418.54675,439.97937,521.2861,468.3567,571.1338,571.218,586.53546,609.9399,619.1814,638.8496,636.0067,0.9901819,0.9690573,0.9844187,0.60825294,0.907529,0.9866551,0.9786128,0.8962691,0.8445923,0.8198941,0.7638394,0.6751684,0.59627694,0.06369212,0.050961733,0.008157283,0.0069074333
589,624.8082,635.33234,606.67676,648.9258,576.43585,685.3187,552.59247,768.50256,532.39294,857.7389,545.60565,690.2075,606.4906,720.81976,615.7206,707.0736,652.3483,349.15692,332.78772,334.95288,329.26215,335.4583,391.44806,418.93396,440.1313,521.7301,468.10815,571.6726,571.97363,587.3103,610.3584,619.4553,639.8342,636.6425,0.9902327,0.9688393,0.9846629,0.60258985,0.9097589,0.98673916,0.9786476,0.89656657,0.8447454,0.8201209,0.7640624,0.67713225,0.5977086,0.06435609,0.051391214,0.008254945,0.0069715083
590,624.9908,635.46423,606.83765,649.01135,576.5518,685.4968,552.7468,768.45166,532.50397,857.8391,545.0692,690.67523,606.8686,721.3749,615.56,707.9465,652.1993,349.06677,332.7187,334.90747,329.2052,335.46973,391.3269,418.78888,439.97522,521.3761,467.98303,571.4796,571.31055,586.6471,610.2988,619.4347,639.775,636.6663,0.9902582,0.968814,0.9847205,0.60116416,0.91038465,0.9868325,0.9788219,0.8974338,0.8460566,0.8211645,0.76563483,0.68292475,0.6040753,0.06627554,0.052902848,0.008505136,0.0071777105
591,624.86694,635.39264,606.7626,649.019,576.5106,685.5348,552.58,768.9467,532.3576,858.20056,544.5222,690.93384,607.06903,721.973,616.29956,708.0321,652.8677,349.33636,332.94836,335.10773,329.24872,335.41107,391.34583,418.94995,439.79456,521.5773,467.5465,570.90546,572.06177,587.49756,611.8047,621.11536,641.33215,638.4852,0.99024606,0.96906793,0.98465097,0.6044356,0.9094018,0.9868455,0.9785498,0.8973558,0.8433064,0.8206815,0.7624732,0.68329704,0.6028785,0.06639862,0.052734822,0.008505702,0.007156223
592,625.0985,635.518,606.96405,649.09656,576.6795,685.85736,552.5562,769.22614,532.23065,858.2033,546.8565,690.81024,606.5128,722.658,615.7928,707.81525,650.50684,349.29803,332.9148,335.18488,329.21387,335.62695,391.31842,419.18256,439.45062,521.89575,467.28436,571.8723,573.2987,588.8493,613.71655,623.01306,644.1297,640.9993,0.9902631,0.969028,0.98469925,0.6048105,0.9097863,0.9870995,0.9789865,0.89941704,0.84670615,0.8232862,0.7658633,0.6964281,0.6172919,0.07027146,0.055878043,0.008983821,0.007563591
593,625.19696,635.5406,607.08215,649.01215,576.75653,686.09143,552.38806,769.7085,532.1747,858.5348,546.86426,691.4826,607.1538,723.21027,617.094,707.4789,652.7554,349.38855,332.9496,335.2765,329.05292,335.59668,391.16248,419.56073,439.64868,523.12885,467.21545,572.29956,573.2922,589.12836,613.04047,622.67596,643.90515,641.00433,0.9901968,0.9690534,0.98456097,0.6066383,0.9092488,0.98708034,0.97858655,0.8982458,0.84149325,0.8204968,0.7589377,0.6893737,0.6073628,0.068882406,0.054322988,0.008866996,0.00742352
594,625.2983,635.5656,607.11804,649.11487,576.8823,686.19257,552.9112,769.4139,532.1743,858.135,546.0686,690.9628,606.61786,723.17334,615.5053,708.6702,650.2817,349.30743,332.8199,335.31403,328.87976,335.80127,391.09064,419.11987,439.40454,521.46326,466.7373,571.8424,573.17975,588.8268,613.45624,623.0649,644.21765,641.65576,0.9902948,0.96918416,0.9847299,0.6052295,0.9095324,0.98711234,0.9789176,0.8998897,0.84648424,0.824368,0.7660561,0.6988195,0.6194325,0.0715366,0.056755215,0.009169638,0.007705629
595,625.3451,635.69116,607.1792,649.1851,576.85675,686.14526,552.7166,769.36646,532.4623,858.6155,546.4248,691.02637,606.81744,721.41785,615.20245,706.438,651.60376,349.6341,333.11237,335.51123,329.07648,335.7799,391.27167,419.18127,439.57324,521.4109,467.39197,571.25745,573.06836,588.6329,612.8468,622.48126,642.6479,640.17365,0.9901854,0.9687201,0.98465544,0.6025238,0.9099763,0.9868671,0.97880346,0.8975624,0.84576356,0.8212126,0.7649604,0.6864624,0.6075826,0.066906095,0.053380817,0.008548796,0.007211834
596,625.36365,635.6757,607.2044,649.26886,576.9366,686.43085,552.5439,769.7388,532.29297,858.4568,546.4574,691.3246,606.8279,723.13434,616.3086,707.6281,652.7035,349.66583,333.07288,335.5628,328.846,335.73425,391.00745,419.29297,439.596,521.97144,467.25903,571.13354,573.0965,588.9298,613.0002,623.0543,643.52246,641.4869,0.9902216,0.9693942,0.9845555,0.60903513,0.9083278,0.98702484,0.9782454,0.8982028,0.8392308,0.82073456,0.75700784,0.6895144,0.6062687,0.06926349,0.05434358,0.008944094,0.007457465
597,625.7844,635.94965,607.52325,649.326,577.10004,686.4375,552.7653,769.26776,532.3905,858.4242,547.12634,690.8119,606.58057,721.2899,615.47253,705.3647,652.3964,349.5893,332.93237,335.58075,328.5963,335.86945,390.92737,419.25665,439.78735,521.71387,467.40527,570.96466,572.88715,588.7212,611.49634,621.732,641.6,639.77496,0.99013853,0.9686853,0.9846201,0.6018069,0.9100425,0.98680604,0.9783035,0.8963938,0.8407401,0.8188834,0.75887525,0.6799615,0.5982017,0.06604913,0.052223414,0.008538187,0.007149309
598,625.6979,635.9348,607.455,649.4119,577.08594,686.4718,552.68164,769.0598,532.5199,858.2792,547.31354,691.4573,607.1325,722.7434,616.8195,706.5014,653.7306,349.36865,332.73206,335.3239,328.5172,335.6593,390.9131,419.53595,439.81104,522.5856,467.46008,570.85693,573.23413,589.2648,611.763,622.1312,642.164,640.18933,0.9901937,0.9690753,0.98454547,0.6057979,0.90919805,0.9870597,0.9783084,0.89767265,0.8384365,0.8195528,0.75596297,0.6860194,0.6023076,0.068675965,0.053819686,0.008924365,0.0074287355
599,625.9945,636.3134,607.75684,649.71796,577.18384,686.483,552.5482,769.5657,532.5705,858.2555,547.6781,692.6731,608.18555,724.944,618.4147,708.9228,654.4451,349.37317,332.7663,335.19794,328.7409,335.51288,391.1115,419.99902,439.76117,523.5941,467.42358,571.06934,573.6161,589.89087,613.2905,623.95215,644.35486,642.6045,0.99027455,0.96917886,0.9847106,0.60372865,0.91012883,0.9871525,0.97842854,0.8985525,0.83902526,0.82104135,0.7575573,0.69179326,0.6080636,0.07049841,0.055181146,0.009106696,0.007573515
600,626.6957,637.1026,608.25757,650.5323,577.49054,686.3159,553.48486,769.1173,534.40125,858.9949,552.14386,692.962,609.4765,723.9347,621.12714,708.4983,658.3562,349.32202,332.56567,335.0501,328.54785,335.45825,390.6427,420.1056,439.97742,525.07935,467.71765,571.47845,572.0502,588.6832,608.8678,619.9897,639.3592,637.6259,0.9902544,0.96846133,0.98480594,0.5945935,0.9116678,0.98683333,0.97860956,0.8957046,0.84108245,0.8192476,0.76170254,0.67396367,0.5920495,0.065490544,0.0519844,0.008508444,0.0071414113
601,627.11743,637.3449,608.6711,650.6266,577.85223,686.9086,553.77844,769.40894,534.37805,858.5536,551.2352,693.04926,609.1376,724.43604,619.5776,708.54364,655.6897,349.232,332.43854,335.1161,328.21417,335.54535,390.54517,420.02356,440.1681,524.6805,467.83405,571.9454,572.9984,589.5664,611.1752,622.33417,641.86273,640.4245,0.99027854,0.9680978,0.9849668,0.5909741,0.9132482,0.9870304,0.9794073,0.8976831,0.8481548,0.8221408,0.76936686,0.68743414,0.6094403,0.068424195,0.05486563,0.008790672,0.0074280202
602,627.24536,637.38947,608.7968,650.6178,577.9332,686.8099,553.7564,769.4977,533.9357,858.3013,550.4942,693.4463,609.4375,727.07764,620.896,711.7863,655.92926,349.169,332.43372,335.17303,328.31573,335.77246,390.63068,420.3083,439.9369,524.6583,467.85724,572.0747,572.984,589.8246,611.7207,623.38074,643.6186,642.80176,0.9904156,0.9685884,0.98517907,0.5912909,0.9139116,0.9871834,0.97925246,0.89914834,0.8466398,0.82384485,0.76830757,0.69533473,0.6155811,0.07182413,0.05710858,0.009257168,0.0077702105
603,627.7221,637.67175,609.27,650.50775,578.1663,687.10925,553.7682,769.25726,533.939,858.29895,551.37805,692.953,608.8469,726.12213,620.0413,709.4977,655.5265,349.23822,332.5025,335.30402,328.29913,335.93213,390.9386,420.7256,440.2088,525.353,467.883,572.0325,573.93976,590.65137,611.80707,622.81274,644.2926,642.0802,0.9903023,0.96780384,0.9852426,0.5836609,0.9159131,0.98709226,0.9791696,0.89774024,0.8462442,0.8217057,0.76765907,0.68936527,0.6095833,0.070111424,0.05585128,0.009080291,0.007623732
604,628.2739,638.0115,609.7386,650.444,578.3899,687.238,553.72705,768.90533,533.77216,858.5419,551.79395,692.0259,608.00256,723.72705,618.54755,706.11066,655.09546,349.3374,332.53516,335.49835,328.17694,336.1975,391.23767,420.73877,440.6187,524.64636,468.09692,572.38635,574.1505,590.70593,611.0251,622.0127,643.19653,641.2712,0.9902134,0.9665811,0.9854283,0.5721333,0.919179,0.98699677,0.9797753,0.89641416,0.8519541,0.82062286,0.7739589,0.68397534,0.6082373,0.0675807,0.05472344,0.00871554,0.0073884726
605,628.4592,638.2611,609.9113,650.5521,578.22253,687.11224,553.48816,769.73346,533.9818,858.774,553.0226,692.7362,608.30676,725.5854,618.37573,709.12354,653.47485,349.7287,332.95923,335.7721,328.66888,336.34924,391.41394,421.03174,440.39148,525.2853,467.99615,573.19336,575.5179,592.1682,612.6393,623.62024,645.82446,643.7808,0.9903666,0.966794,0.9856926,0.56890327,0.92000806,0.98713267,0.98007894,0.8987341,0.8556657,0.82508546,0.77976733,0.69522786,0.6206503,0.07085407,0.05743456,0.009088039,0.007708907
606,628.9001,638.53766,610.3558,650.63135,578.6141,687.14624,553.5501,769.40936,533.8621,858.24817,553.65643,692.9746,608.28467,727.91785,619.0918,712.0282,653.17334,349.6579,332.9364,335.84125,328.68616,336.55847,391.33124,420.72614,440.5251,524.5244,468.04395,573.2661,575.41174,592.18463,614.35986,625.7438,647.92694,646.75806,0.990476,0.9667356,0.9859167,0.5654449,0.9215894,0.98741,0.98067576,0.9013847,0.8607175,0.8287178,0.78604615,0.7114112,0.6391927,0.07587996,0.06176856,0.009655178,0.008206964
607,629.12933,638.55066,610.5733,650.4098,578.90094,687.5442,553.9199,769.5796,533.74884,858.8071,552.3961,692.32806,607.87866,725.76,618.1135,708.733,653.088,349.6184,332.8794,335.97656,328.54138,336.87164,391.71002,420.852,441.01355,523.8848,468.2104,573.52893,575.50446,592.03064,613.65576,624.756,646.9416,645.6535,0.99029744,0.96599114,0.98577094,0.5625299,0.9220817,0.98724806,0.9805585,0.8994709,0.860001,0.8254834,0.7839273,0.7021167,0.63020307,0.07249999,0.059240967,0.009243369,0.007874072
608,629.57886,638.8316,611.0132,650.41736,579.365,687.62604,554.18756,769.4944,533.3323,859.23816,551.0165,691.3325,607.1885,723.59796,617.1599,706.1753,652.7413,349.35754,332.69354,335.87732,328.47784,337.03345,391.7782,420.36157,441.08295,522.24304,468.3188,573.1188,574.6831,590.95215,611.411,622.5178,643.9893,643.19214,0.9901899,0.96533823,0.98571825,0.55816656,0.92296475,0.9871136,0.98056066,0.8982295,0.86056346,0.8234627,0.783773,0.6947335,0.6236166,0.069966346,0.057412952,0.008960307,0.0076464415
609,629.7444,638.96246,611.194,650.2926,579.25006,687.48914,553.95935,769.7447,533.9182,858.749,551.9932,691.77277,607.5271,724.14636,617.67236,706.17346,652.6294,349.35992,332.75372,335.8507,328.5622,336.93048,391.76056,420.7785,441.32098,523.8883,468.03442,573.62146,575.9311,592.36,613.23486,624.3107,645.60175,644.42957,0.99008656,0.96480465,0.9856343,0.55403066,0.92318904,0.98707235,0.98041606,0.89811,0.8594706,0.8229865,0.7823309,0.6948903,0.6229384,0.069657564,0.056979418,0.0088918805,0.0075705647
610,629.65674,638.9354,611.3246,650.1888,579.457,687.46576,553.73987,769.7653,534.4471,858.61847,553.79645,692.6404,608.2616,725.3367,618.82446,706.8656,653.9749,349.11523,332.66827,335.51587,328.60474,336.4054,391.73932,421.12085,441.0785,525.5682,467.60577,574.37756,576.7018,593.2615,615.44116,626.17224,647.5896,645.54456,0.98999333,0.96440554,0.9854325,0.5554955,0.92282,0.9872674,0.9808935,0.89919704,0.86188185,0.82390726,0.7843758,0.7025709,0.6320326,0.07138848,0.05862701,0.009034783,0.0077248216
611,629.8494,639.12646,611.56104,650.2267,579.63916,687.2757,553.6808,769.6859,534.15906,858.6635,552.23615,692.5793,608.34814,724.96075,618.8495,706.70087,654.19495,349.12683,332.77283,335.54553,328.8452,336.46417,391.8329,420.92523,440.701,524.5886,467.64185,574.5077,576.06573,592.5648,615.6688,626.61835,647.0467,645.73065,0.98989785,0.9634758,0.98544395,0.5481098,0.9241843,0.987152,0.9812546,0.89900374,0.8662213,0.82424307,0.78962404,0.7028389,0.6354463,0.07011396,0.05826676,0.008766919,0.0075538754
612,630.24677,639.28253,611.8988,650.01166,579.6849,687.32135,553.69965,769.7218,534.0403,858.6583,551.6466,692.9936,608.7256,726.0376,619.3001,707.5091,654.235,348.94635,332.5736,335.4961,328.55005,336.54266,391.49158,421.32306,440.55115,525.8577,467.00537,574.8491,576.1737,592.98865,615.9255,627.0625,647.8699,646.2122,0.9898642,0.96307755,0.9855026,0.54204214,0.9252566,0.98717654,0.9810394,0.89919853,0.8642219,0.8240759,0.7873895,0.70451,0.63539004,0.071511626,0.058956772,0.008990467,0.007694483
613,630.51465,639.5286,612.1334,650.27716,579.9445,687.46466,553.88556,769.91626,533.6493,858.47345,550.55194,692.97943,608.5733,727.7253,619.7406,710.0661,653.9397,348.94116,332.58673,335.52948,328.74084,336.7898,391.5551,421.15735,440.6172,525.235,467.01855,574.8251,575.2499,592.07,614.583,625.8707,647.03937,645.8023,0.9899396,0.96379805,0.985499,0.54539764,0.92429185,0.98718333,0.98047346,0.8998852,0.85994506,0.8246077,0.78267217,0.7059636,0.6334445,0.07330254,0.059593022,0.00931111,0.007888287
614,631.2369,639.98615,612.8473,650.1508,580.3751,687.45325,554.0581,769.3862,533.6526,858.80505,550.6743,692.64996,608.61285,725.24963,618.6777,707.1608,654.44165,349.04395,332.7069,335.6994,328.78247,336.9981,391.8246,421.14868,440.76904,524.5325,467.41956,574.6751,574.8921,591.5253,614.7734,625.8535,646.51483,645.04,0.9897711,0.962427,0.98559254,0.53327364,0.9269351,0.98685277,0.9804175,0.8970293,0.8608869,0.82078916,0.7833586,0.6937074,0.6228452,0.068238676,0.055974722,0.008608133,0.007326007
615,631.6616,640.3599,613.2553,650.59546,580.9201,687.64667,554.67633,770.2384,533.5283,859.4383,549.4008,691.80225,607.82446,726.15106,618.04285,709.33325,652.38354,349.1208,332.7243,335.89923,328.75024,337.32184,391.77856,420.75854,440.56158,522.6848,467.67847,574.34436,574.2657,590.8701,613.426,625.12506,645.9092,645.9613,0.9899559,0.96297765,0.9857911,0.5349687,0.92690194,0.98704636,0.98085296,0.8996372,0.8652932,0.8256371,0.78976613,0.70596063,0.6370248,0.07275236,0.0599114,0.009197414,0.007843018
616,633.1369,641.37164,614.60266,650.5847,581.58704,687.5657,555.41833,769.82324,533.3837,859.50555,548.8496,691.5565,607.8404,725.6072,616.2591,710.04004,648.37494,347.78137,331.66302,334.90454,328.3282,337.15552,391.7716,420.30505,439.79102,520.93726,467.3291,574.4818,573.65955,589.97125,615.4453,626.6099,648.0995,647.3246,0.98990285,0.9598036,0.9863842,0.5014102,0.93393314,0.9869119,0.9823389,0.9007189,0.88192606,0.8301599,0.81182253,0.7177457,0.6599414,0.07335159,0.062763214,0.008961529,0.007823706
617,634.3461,642.2988,615.71326,651.3582,582.65424,688.26373,555.8367,770.14276,533.089,859.81287,550.66876,691.26306,607.93286,725.95605,619.6195,706.86847,651.97675,348.11224,331.62476,335.38654,327.56122,337.48352,391.4607,421.34546,440.33264,523.0148,466.80817,574.43286,574.93225,592.13855,615.4654,628.3169,648.4895,649.55096,0.98963344,0.9596162,0.98594093,0.50584763,0.93193054,0.9868489,0.9812303,0.8983368,0.87022686,0.82473624,0.7965367,0.70639443,0.64079607,0.0718998,0.060012966,0.008957714,0.0076747835
618,638.06793,645.76013,618.48364,653.5537,583.1877,688.67615,555.5499,770.27405,533.61835,859.37585,556.83264,691.8528,607.6813,731.10095,623.8505,710.89417,651.83014,347.41968,330.6897,334.60846,327.6671,338.1292,391.82202,423.01282,440.68036,526.62683,466.05286,576.6206,576.8651,595.22626,616.4215,630.78845,651.6863,653.29443,0.99010825,0.9589457,0.9873229,0.46702918,0.94024277,0.9865972,0.97994566,0.8961638,0.8613417,0.82243013,0.7894548,0.6935592,0.61945075,0.0687702,0.05584398,0.008605719,0.0071721673
619,641.568,647.5105,621.73596,651.0386,583.6098,687.4865,555.1381,769.87225,534.2922,859.2868,560.48615,691.5419,607.73706,732.6258,624.6431,711.30505,651.00397,346.17578,329.74365,333.88898,327.5517,338.84338,392.16034,424.0617,440.3225,528.4573,465.31274,578.08704,578.1559,596.5773,618.2343,630.6304,656.8997,653.56946,0.98941576,0.9482824,0.9878713,0.38086912,0.9517461,0.98597825,0.9806271,0.8941119,0.87556815,0.8222507,0.80979913,0.6893281,0.623005,0.0652163,0.05458504,0.007940292,0.006692946
620,645.0908,649.2138,625.11566,649.464,585.50635,687.9486,555.54694,770.40247,534.149,860.1299,559.49945,689.5791,606.1188,730.82983,623.01764,705.0918,649.3991,343.59503,327.05005,332.21265,324.93512,338.66528,391.4651,424.46973,441.0005,528.4419,465.66144,578.0381,578.56506,597.4335,614.44214,627.6824,654.6027,651.6424,0.98788834,0.9352819,0.986847,0.32541633,0.9550117,0.9853617,0.9799646,0.89184654,0.87607527,0.8179094,0.8101577,0.6794401,0.6124796,0.06322497,0.05273813,0.007781148,0.0064822435
621,647.3113,650.6787,626.7675,649.445,586.0387,688.29785,555.9552,770.30566,533.83044,860.6093,558.526,688.9353,605.3083,728.57587,620.4252,702.3674,644.59766,342.1328,325.62744,331.20618,324.39545,339.33862,391.4126,424.55212,441.219,527.49493,465.49683,577.66284,578.4326,597.328,614.2908,627.93604,653.3556,650.45874,0.98783624,0.93118966,0.9872886,0.29839543,0.95886755,0.9851384,0.9800843,0.89110094,0.87934357,0.81671566,0.8141779,0.67527086,0.61000913,0.06036058,0.050453067,0.007336408,0.006085247
622,649.5353,652.2809,629.25165,649.07355,587.71063,688.03064,555.9449,770.41516,534.09564,860.9258,559.5938,688.823,605.32794,729.56915,621.53986,703.68195,646.06067,340.73645,324.8067,330.01898,324.78467,339.0569,391.46716,424.12378,441.08606,527.46313,465.61487,577.29816,576.98047,595.701,611.30896,624.1677,651.8605,647.4,0.98700106,0.9229046,0.9868399,0.2695709,0.9608598,0.98450744,0.97932607,0.8889543,0.8784414,0.81322384,0.813564,0.6626206,0.59612745,0.057125032,0.0476003,0.006952882,0.0057305694
623,650.3365,652.6106,629.9768,648.74963,588.46216,688.39795,555.96313,770.8773,534.4006,860.7945,560.03986,688.4695,604.78357,729.26245,622.0891,701.5053,645.426,339.5025,323.81232,329.29163,324.536,339.5407,391.18817,424.57947,441.57153,528.5055,465.7218,577.6958,576.5961,595.7637,609.1831,623.19104,649.509,646.3316,0.986009,0.91648567,0.9857797,0.25985414,0.96,0.98448277,0.9789898,0.89009523,0.8768388,0.81220615,0.8098728,0.6684325,0.5997619,0.05924812,0.04882109,0.007278681,0.0059391856
624,650.5947,653.361,630.1534,650.5905,589.18243,689.10126,556.4054,771.2976,534.2677,861.50696,559.39404,688.0814,604.2358,729.26306,621.70447,701.2444,644.4342,339.7434,323.7376,329.25507,324.12695,339.08484,391.1836,424.2339,442.03113,527.6454,465.64246,577.5202,575.83453,595.1659,609.94006,625.4439,649.26276,649.4448,0.9873444,0.9262345,0.98699,0.2822026,0.9606952,0.98514986,0.9798759,0.8904542,0.8762751,0.81181514,0.80743873,0.671283,0.6029469,0.059868723,0.04941228,0.0073344707,0.005998224
625,650.64545,653.2976,630.4321,650.1968,590.00116,688.7532,556.6629,770.36945,534.44403,861.46954,559.51086,686.6029,603.27545,723.2971,618.2206,694.56067,641.515,339.2218,323.62585,328.9389,324.6819,339.29425,391.4762,423.7459,441.92957,526.05457,465.70203,576.77936,575.37427,594.17395,608.03204,623.3081,644.9491,645.36414,0.9867656,0.9215865,0.98646677,0.27711046,0.9608696,0.98502016,0.9810029,0.89013875,0.88546824,0.81149185,0.8166975,0.66932356,0.6089207,0.057155937,0.048481554,0.0069248974,0.0057711005
626,651.7588,653.9839,631.7223,649.55206,590.6469,688.7939,556.8985,770.9431,533.8513,861.5473,557.30383,687.0548,604.0862,721.6509,617.56354,693.0001,641.6821,339.4682,324.17456,329.28894,325.51392,339.78357,391.8838,423.7481,441.61658,525.49243,465.47693,576.6,575.08215,593.3854,606.8308,620.6185,644.4907,642.5361,0.98559844,0.91275704,0.9854761,0.25804335,0.9606291,0.98440075,0.98047376,0.8890873,0.88643456,0.8107183,0.8186306,0.66414917,0.60473967,0.055924356,0.04748249,0.006773442,0.005641103
627,652.4735,654.4715,632.2987,649.7652,591.1369,689.28455,557.19165,771.1288,534.4332,861.56366,558.32294,687.63336,604.2739,723.1565,617.76166,694.3091,640.9385,339.2301,323.8797,329.20673,325.40802,340.20673,391.80048,423.92053,441.89014,525.5561,465.2528,576.8506,574.89386,593.4536,607.6581,622.1565,645.1438,644.25806,0.985881,0.913041,0.9858895,0.25491935,0.9620141,0.98463225,0.9810692,0.89021146,0.8897754,0.8118912,0.82235634,0.6706822,0.61329174,0.056607425,0.048370212,0.006780058,0.005666852
628,652.74023,654.37317,632.5478,649.13385,591.56836,689.22736,557.2737,771.0518,534.5055,861.4908,559.6512,686.8414,603.5609,720.7835,616.6033,690.72644,639.0271,338.9547,323.7088,329.2409,325.6737,341.04712,391.70306,424.24963,441.79663,525.62164,465.55573,576.9958,574.70526,593.40027,606.2412,621.2063,643.0574,642.4946,0.98536515,0.9091289,0.9854562,0.24987379,0.9620875,0.9843676,0.98116744,0.8889203,0.89154303,0.8093102,0.8230955,0.6628437,0.6075601,0.053447932,0.0460535,0.0063684285,0.005350262
629,653.1878,654.65717,633.03876,649.24445,592.19867,689.3225,557.571,770.9154,534.3395,861.31836,559.5187,687.2294,603.9869,722.2331,617.66205,692.72375,639.86755,338.84344,323.64978,329.26532,325.7616,341.34082,391.60583,424.31213,441.71393,525.4369,465.37268,576.75903,573.9905,592.9281,606.1447,621.7103,642.61005,642.9136,0.98541284,0.9088667,0.9855286,0.24860582,0.96247804,0.9844242,0.9814563,0.8896208,0.89344937,0.81041574,0.8257128,0.6672193,0.6132117,0.054162025,0.046880186,0.0064213276,0.005411029
630,653.2698,654.6204,633.1855,649.1092,592.61707,689.4729,557.3901,771.4482,533.5443,861.5585,556.9685,687.3887,603.6845,723.36487,617.35693,694.671,638.35144,338.04926,323.15198,328.70618,325.83807,341.31647,391.40436,423.32153,442.0949,523.7934,465.03076,576.2368,572.8833,591.66785,606.61646,622.6393,643.0899,644.97327,0.9855486,0.90944946,0.98566556,0.2488988,0.9630048,0.98469794,0.9818462,0.89179254,0.8958802,0.81199706,0.82775414,0.67941,0.6265846,0.056661308,0.049111575,0.0066634715,0.005618036
631,653.2009,654.45325,633.295,648.659,592.63354,689.38446,557.5719,771.31555,533.6877,861.57153,556.9612,687.7103,604.273,723.9454,618.0049,695.59393,639.76996,338.23047,323.46082,328.89893,326.05066,341.24976,391.71582,423.34247,442.14966,523.87366,465.1267,576.3175,572.88605,591.3828,606.73364,621.6061,644.25037,644.3065,0.9846529,0.90380526,0.9847933,0.24119797,0.96191514,0.9843253,0.981267,0.8916626,0.8952674,0.8125964,0.82811725,0.68062425,0.62709355,0.05780697,0.049981833,0.006826967,0.005746931
632,653.51807,654.7764,633.66846,648.7359,592.7387,689.12537,557.5101,770.96234,533.9427,861.4171,557.53894,687.5257,604.0159,725.29535,618.04663,697.66266,639.2831,337.87653,323.26953,328.50348,326.14673,340.9101,391.74036,423.2348,441.48755,523.91064,464.6693,576.4942,572.81104,591.2245,606.89105,621.1988,645.33655,644.30994,0.9848021,0.90371704,0.98505306,0.23699239,0.9627216,0.98438424,0.9811926,0.8924159,0.8952769,0.8138878,0.8287862,0.68567675,0.63131356,0.0597122,0.051409364,0.0070804656,0.005937338
633,653.7887,654.9106,633.737,649.18384,593.38025,689.88806,557.98303,771.73816,534.0356,861.91736,557.93646,687.5299,603.67114,726.54663,618.7489,698.2302,638.2768,336.84222,322.10352,327.72046,325.3636,341.05157,391.57306,423.46167,442.0694,523.8425,464.58716,577.07544,572.49255,591.39746,607.09064,623.1496,645.3041,647.1953,0.9857278,0.9104444,0.98582727,0.24936074,0.9634651,0.98493904,0.9817337,0.8930475,0.8945638,0.8125798,0.82566255,0.687151,0.63213414,0.059382766,0.051033556,0.0069926977,0.0058588088
634,654.15424,654.8736,634.41437,648.44434,594.5153,689.7306,558.38025,771.05304,534.01807,861.8737,557.7588,686.18774,602.77905,723.1569,616.63153,693.80444,636.309,336.21558,321.81226,327.4182,325.47223,341.19812,391.52667,422.7622,442.05804,522.13873,464.89697,576.2466,571.1168,589.59607,605.885,621.5721,643.2878,645.0902,0.9846071,0.90244555,0.9847826,0.24171138,0.9629807,0.98468566,0.98209715,0.8928356,0.89926517,0.81122446,0.8299147,0.68877566,0.63823116,0.058558196,0.051098973,0.0068368316,0.005786419
635,654.13293,654.8281,634.53125,648.1347,594.5238,689.2278,558.38416,770.56104,534.4487,861.702,558.08746,686.3945,603.4251,722.4702,616.8724,693.057,637.6898,337.568,323.0746,328.649,326.2395,341.80774,391.6272,422.73828,442.13898,521.86926,465.28656,576.2195,570.64935,589.0712,605.2291,620.8339,642.0382,643.9914,0.9843707,0.8997317,0.9846864,0.23750478,0.96331775,0.98458695,0.9825903,0.8927244,0.9033872,0.8121721,0.8356986,0.68891996,0.64231634,0.058137298,0.051526695,0.0067642927,0.0057884157
636,654.59894,655.08276,635.0422,647.9933,595.1135,689.40594,558.5135,770.5808,534.6631,861.8741,557.5537,686.1181,603.3227,719.4791,615.17847,688.71356,637.03375,338.1833,323.68726,329.40485,326.7423,342.66553,391.72394,423.0133,442.41107,521.6046,465.67517,576.4111,569.6632,588.1269,602.4297,618.67865,637.0686,640.3057,0.98388124,0.895666,0.9842472,0.23509127,0.9633862,0.9845836,0.98331016,0.8924888,0.90752715,0.811274,0.83955777,0.6871197,0.6449838,0.056783676,0.051089466,0.0066072643,0.0057118237
637,655.11694,655.4168,635.53796,647.9316,595.14453,689.39465,558.2703,771.00885,534.2201,862.21265,557.6692,685.9409,603.12976,719.40765,615.24854,688.45715,637.1494,338.06378,323.54797,329.3352,326.3457,342.41376,391.46954,422.90027,441.8526,521.4183,464.85223,576.7306,570.21826,588.76666,605.11505,621.3387,639.8134,642.9675,0.9836684,0.89347243,0.9841479,0.22998267,0.9636025,0.9845394,0.9831017,0.89280176,0.90679014,0.8117744,0.8388047,0.6914238,0.6480938,0.05760914,0.05152744,0.0066466928,0.005715281
638,655.675,655.5547,636.5475,646.97473,596.0738,688.70575,558.25323,770.6743,534.6506,861.9425,558.96216,685.1048,602.8597,718.67413,615.5338,687.36523,638.1894,338.15717,323.9331,329.5719,326.8158,342.53326,391.4018,422.86035,441.0799,521.42474,464.46344,576.96405,569.87537,588.3474,605.4463,621.08453,640.65454,642.79254,0.98157203,0.8784933,0.9822527,0.21366963,0.96221006,0.9838557,0.982532,0.8927487,0.90804505,0.8123994,0.84101963,0.694446,0.6517545,0.058231324,0.052199543,0.0066829324,0.005748421
639,655.5989,655.63007,636.3009,647.6941,595.9524,689.3724,558.36395,770.87524,534.2158,861.3937,558.9452,685.3491,602.4876,720.88074,615.57214,689.6239,636.7761,338.39355,324.01868,329.85663,326.7151,342.8294,391.46082,422.99225,441.21387,521.12646,463.76,576.2269,570.19696,588.8233,605.85345,621.966,642.04285,644.98224,0.98226595,0.88510454,0.9827969,0.22176594,0.96191275,0.98407185,0.9822352,0.8935082,0.9051549,0.8134314,0.8376839,0.6993752,0.6537955,0.06075135,0.05381632,0.007038504,0.0060071647
640,655.8038,655.7664,636.4949,647.5813,596.02,688.96716,558.2573,769.9569,534.6396,860.59595,560.80536,685.0396,602.54846,719.4448,615.974,687.1032,637.7574,338.49664,324.0946,329.95404,326.76154,342.9449,391.28033,423.23328,440.69763,521.53076,463.50616,576.3555,570.1313,588.9787,605.3604,621.80115,641.38367,644.43835,0.9821802,0.8841741,0.982789,0.22041771,0.96229494,0.9840214,0.9821596,0.89220583,0.90381217,0.81097054,0.8352405,0.6931528,0.64690197,0.059065044,0.052214503,0.0068623126,0.0058431923
641,655.7022,655.72845,636.2981,647.7669,595.82043,689.01294,558.3685,769.97046,534.3637,860.73755,558.8618,685.4308,602.88696,721.3826,617.14526,689.55383,638.362,338.4992,324.07,329.9958,326.71344,343.03186,391.23236,423.30554,440.7035,521.6398,463.23956,576.7187,570.2736,589.276,605.78345,622.4983,641.9289,645.4262,0.9826584,0.8870573,0.9832405,0.22200933,0.96277845,0.98424435,0.9823097,0.89318025,0.9039,0.81207395,0.8354963,0.6979654,0.65132016,0.060630262,0.053497225,0.0070500076,0.005996108
642,655.78217,655.73,636.4769,647.732,596.061,689.26514,558.3439,771.02136,534.1577,860.81494,558.82837,686.4469,603.31305,726.94293,619.6042,696.20264,638.87634,337.8551,323.5929,329.48047,326.55835,342.77875,391.1145,423.3863,440.41913,522.12616,462.72852,576.9978,571.23755,590.5276,607.3826,624.2589,645.8608,649.389,0.9828572,0.8891278,0.9832695,0.22386968,0.96234465,0.9845102,0.9819598,0.89586747,0.9017849,0.81512105,0.8333887,0.7116681,0.6615455,0.06574181,0.057155132,0.007668644,0.006459862
643,655.0206,655.5146,635.4962,648.68036,595.0946,689.75494,557.9095,771.4374,533.64984,860.5143,558.59814,686.37866,602.6542,728.2704,619.555,698.2499,639.5962,338.3548,323.74432,329.62866,326.14575,342.25452,391.27612,423.18152,440.6134,521.5692,461.9331,575.9047,571.30554,590.49445,607.3368,624.1658,646.3046,650.2461,0.98460305,0.90226465,0.98478734,0.24169499,0.96287227,0.9851754,0.98232603,0.89671266,0.89965796,0.8173391,0.8317124,0.7146742,0.6627138,0.06834668,0.059036523,0.008059382,0.0067681074
644,654.32117,655.2805,634.95374,649.2454,594.9736,689.4968,557.83636,770.6743,533.18005,859.71533,559.0236,686.448,602.9272,728.1883,620.12714,699.1195,640.84235,338.6618,324.08966,329.66016,326.38873,341.7132,391.36438,422.89746,440.3045,521.4505,461.591,575.18506,570.8843,589.9343,607.7602,624.2642,646.7484,650.378,0.9851179,0.90723145,0.9851521,0.25261652,0.9624256,0.98530054,0.9825009,0.8965349,0.8994186,0.8181184,0.8320641,0.71453875,0.6629503,0.068725616,0.059533447,0.008111507,0.0068392754
645,654.1255,655.1865,634.8999,649.0391,594.68695,688.9261,557.90424,770.6697,532.9708,859.4266,556.40686,686.6325,603.35474,728.82056,619.24585,702.2884,640.00696,339.21936,324.7854,330.09216,326.95062,341.63525,391.47833,422.14697,439.97852,519.8783,461.61823,575.2135,569.9725,588.5493,607.67957,623.3005,646.57776,649.5955,0.98489714,0.905062,0.9849696,0.24708393,0.9621356,0.9850755,0.9825715,0.89791834,0.9030475,0.82220614,0.8384125,0.7222139,0.6733099,0.07119736,0.06212929,0.008369088,0.0070955455
646,654.0012,655.10864,634.4315,649.27673,593.9771,689.1371,557.8933,771.06396,532.90027,859.7146,556.52,687.4169,603.96375,729.95325,620.19666,704.04425,640.54065,339.25507,324.6327,330.15796,326.72284,341.9369,391.38788,422.49463,440.50342,520.64954,461.47485,575.125,570.03906,588.9188,606.93243,623.1051,646.0918,649.57214,0.98557246,0.9101458,0.98558533,0.2524108,0.9624816,0.98520267,0.9821751,0.897479,0.8987385,0.8213725,0.8334317,0.71705204,0.66439766,0.07071483,0.06085792,0.008396983,0.0070474744
647,653.163,654.3959,633.2701,649.29004,592.9112,689.50586,557.956,771.1247,532.33636,860.0602,555.5193,687.28326,603.55615,730.95264,620.2072,704.3504,639.6934,339.6714,324.53754,330.49377,325.96533,342.1222,391.03778,423.24023,440.6972,522.51764,461.38477,576.28,571.5415,590.7674,607.804,624.0112,647.4724,650.16376,0.9862716,0.91661114,0.9860728,0.26523674,0.96178627,0.9854382,0.9817133,0.89713204,0.892992,0.820042,0.82574904,0.7122853,0.6549506,0.070126444,0.059378445,0.008414328,0.006993711
648,653.23474,654.4769,633.0918,649.21405,592.19104,689.591,557.521,771.64954,532.9418,860.3867,555.75226,687.3118,603.3315,728.8258,618.96783,701.56573,638.67896,339.2807,324.1222,330.06024,325.70184,341.89618,390.8753,423.24463,440.7494,523.0368,461.66992,576.6096,572.3584,591.4993,609.0295,625.0729,647.782,649.918,0.98627776,0.91605127,0.98621833,0.25982827,0.9624435,0.98525655,0.9812766,0.89561844,0.890314,0.8173959,0.8219826,0.70379543,0.64453125,0.066699386,0.05608791,0.007979214,0.006589383
649,652.9437,654.31506,632.88947,649.2857,592.1657,689.3761,557.5233,771.3664,532.56647,860.6481,555.1119,687.4282,603.3707,729.75037,618.6764,704.05963,638.0472,338.89484,323.84302,329.61,325.56317,341.37347,390.6756,422.7881,440.24536,522.5716,461.63983,576.5511,572.4171,591.45355,610.6581,626.4092,649.1825,650.889,0.9863168,0.91660535,0.9861951,0.2606403,0.962039,0.9851903,0.9811652,0.89655626,0.8910445,0.8193835,0.8236502,0.70834845,0.64922774,0.06738451,0.056641787,0.007992178,0.006603062
650,652.18634,654.0821,632.2318,649.8538,591.71844,689.4658,557.57214,771.93915,533.12115,861.1616,553.59,687.8143,603.73175,728.86206,617.4338,703.8666,637.11176,339.2168,324.22412,329.66876,325.6725,340.64648,390.80206,421.97937,440.60596,521.5938,462.1908,576.636,572.63275,591.15454,610.5645,625.83154,647.9912,650.0466,0.9860423,0.9160319,0.9856936,0.2652735,0.9602835,0.98524773,0.9815142,0.8984258,0.89446527,0.822901,0.82811964,0.71832055,0.6620093,0.07073876,0.059904903,0.00840354,0.0069915354
651,651.7892,653.93396,631.8017,650.18585,591.31104,689.4846,557.68414,771.92676,533.13354,860.97107,553.1228,688.1422,604.2982,728.4852,617.9932,703.8386,638.61,339.5432,324.4035,329.81024,325.4314,340.25708,390.68262,421.79755,440.6112,521.5233,462.1198,576.0443,572.8295,591.2825,610.25867,625.3606,647.11456,648.9889,0.9860338,0.91692746,0.9855642,0.26877207,0.95924354,0.9851364,0.98127604,0.89804953,0.8931973,0.8236737,0.8277842,0.71514064,0.65808886,0.07028699,0.059438646,0.008386642,0.0069771707
652,651.51697,653.7863,631.33496,650.36584,590.8972,689.61273,558.22394,771.18243,533.5034,861.4625,552.51483,688.2754,604.91223,724.4707,615.96497,700.00275,638.3248,340.00995,324.66858,330.18317,325.32733,340.4344,390.41107,421.40247,440.81885,520.7941,462.31885,574.4791,571.39606,589.5464,606.6422,621.3921,640.7859,642.0782,0.98565865,0.914592,0.98515356,0.26625615,0.9584532,0.9846871,0.98140943,0.89600706,0.8958395,0.822785,0.83197176,0.70217353,0.6485724,0.065502614,0.0562177,0.00783357,0.006588757
653,651.61694,653.49854,631.6688,649.1187,591.1178,689.5928,557.595,771.49457,533.0624,861.41736,552.47064,688.9143,604.87573,726.4949,615.6529,702.24414,638.1846,338.81262,323.71423,329.03363,325.01465,339.79187,390.40826,421.127,440.60242,520.823,462.12976,574.85876,571.9966,589.91815,608.0944,621.76733,644.3177,643.77405,0.98539436,0.9112239,0.9850275,0.25651205,0.9594412,0.9846738,0.9814327,0.89668655,0.8974679,0.8231112,0.8339067,0.70547634,0.6524048,0.06567326,0.056438327,0.007763028,0.0065342486
654,650.77405,652.7831,631.0038,648.4988,590.73926,689.0782,557.3728,771.3848,532.9995,861.40686,552.5623,689.5078,605.5632,727.3403,616.3234,704.6975,639.3234,338.59827,323.7589,328.76562,325.50085,339.61267,390.7168,421.0556,440.09332,520.4126,462.37622,574.67773,571.61426,589.3187,607.74744,620.7282,643.96313,642.369,0.98544836,0.9109144,0.9850719,0.2565589,0.95967984,0.98464906,0.9820266,0.8971504,0.90224624,0.8250969,0.84076905,0.7074456,0.6584742,0.06518546,0.056997567,0.007627487,0.006510675
655,649.95654,652.27484,630.02563,648.8358,590.1253,689.28296,557.31586,771.4276,532.6674,861.48303,552.8076,690.52997,606.1675,729.68823,617.5712,708.1145,639.46405,338.31006,323.425,328.3791,325.4145,339.4489,390.8271,421.401,440.17615,521.28516,462.03992,574.3463,572.537,590.43774,610.0362,623.1796,646.63275,644.87445,0.98620903,0.9175285,0.98562163,0.2694328,0.95925874,0.9849465,0.9818293,0.89794743,0.89907503,0.8257606,0.8371115,0.71009004,0.65813845,0.06603527,0.05710557,0.007701993,0.006536454
656,649.2423,651.8258,629.3099,648.7914,589.7121,689.04083,557.3521,771.342,532.9971,861.8005,553.90027,690.1146,605.9095,727.5486,616.65576,707.02405,638.73724,337.76678,323.12164,327.79132,325.67902,339.14136,390.94702,420.81714,440.11163,520.5038,462.32086,573.4081,572.1106,589.5442,608.23395,620.60724,644.541,641.6994,0.98668027,0.9203083,0.9861383,0.2741322,0.96002954,0.9849097,0.9822388,0.89648336,0.90131754,0.8245349,0.839942,0.7006964,0.6515644,0.06249106,0.054815352,0.007285267,0.0062506497
657,649.0126,651.81757,629.15857,648.8217,589.5988,688.7355,557.5439,771.596,533.6547,861.918,553.9198,690.90717,606.9335,728.15625,617.85095,709.2623,639.6172,337.17175,322.95032,327.12933,326.33783,338.77667,391.3838,420.41504,439.99487,519.90295,462.59167,572.6151,571.5651,588.5667,608.13635,619.604,644.10876,640.0881,0.98697835,0.9212663,0.986531,0.2731415,0.961159,0.98480034,0.98260623,0.89537406,0.90400684,0.82340527,0.84351766,0.69513154,0.6491195,0.05954805,0.053011864,0.006859958,0.0059531927
658,648.60706,651.4036,628.6798,648.6953,589.42255,688.8595,557.9122,771.09595,533.4714,861.5905,554.23645,691.97327,608.04156,729.06555,619.0214,710.5944,639.835,336.75623,322.60638,326.86163,326.26685,338.94574,390.98077,420.62225,439.42426,520.6605,462.60962,573.125,571.24384,588.47314,609.4413,620.87024,645.6236,640.73596,0.986887,0.92125416,0.98634696,0.27465302,0.96065974,0.9847606,0.98256695,0.8956986,0.9041984,0.8233832,0.84353304,0.69804955,0.65223575,0.059794784,0.053239882,0.0068347454,0.0059397817
659,649.1156,650.9924,629.13104,646.9174,589.44507,688.27026,557.94836,770.3487,533.1017,860.9198,554.2871,692.0198,608.19366,730.8113,619.18396,712.50146,638.3139,335.94177,321.8003,326.57397,325.48816,339.44788,390.12598,420.802,438.76196,520.9516,462.0111,573.4016,571.232,588.90906,612.3872,624.00604,649.47705,643.85583,0.9863988,0.91453797,0.9861349,0.25501966,0.96232903,0.98483145,0.9831518,0.89841294,0.91047764,0.82735264,0.8522466,0.71532375,0.6732569,0.0631803,0.056840926,0.0070490837,0.006158322
660,648.96875,650.19135,628.52856,646.0961,589.33185,689.0758,558.794,769.31165,533.002,860.8715,550.54974,691.65204,607.82227,729.2565,618.27936,708.6833,637.09827,334.95044,320.52026,326.29938,324.01056,340.3849,389.05212,420.73853,439.31067,520.0937,461.97656,571.7067,570.763,588.8511,612.2549,625.2623,646.81366,642.6712,0.98662436,0.9157491,0.986303,0.25786233,0.9630797,0.9852718,0.98359865,0.8989736,0.91070294,0.82455796,0.84998775,0.7161739,0.67442524,0.06194082,0.055653453,0.006870538,0.0059906244
661,648.9229,649.86755,628.5135,644.9088,588.96204,688.1044,557.94556,768.68365,532.78674,860.7197,552.10864,690.86975,607.01556,728.6885,617.9553,707.8691,636.3759,334.64832,320.344,325.9942,324.31018,340.5041,389.1209,421.02985,439.0381,521.1333,461.92603,572.7164,571.4547,589.5696,613.65894,626.1156,648.4912,642.9412,0.98655087,0.9127686,0.98649025,0.24724278,0.9647033,0.9852016,0.98388803,0.8983918,0.913237,0.8236246,0.8530315,0.71381277,0.67413765,0.059696257,0.05415532,0.006531298,0.005726725
662,649.34985,649.9427,628.9228,643.9579,588.5009,687.1858,557.82947,767.9188,532.9874,859.9262,552.7664,690.9823,607.41327,728.55786,617.199,709.07263,634.3211,334.3963,320.3072,325.87262,324.45667,340.52948,388.78632,420.8365,438.40063,521.5487,461.85596,573.4779,572.0839,590.03864,616.7774,628.0818,652.6715,644.677,0.9859133,0.90451765,0.9862727,0.22498739,0.9660675,0.98473406,0.9839281,0.89884484,0.9179354,0.82625127,0.860893,0.7200234,0.6839282,0.060044885,0.055131435,0.006433785,0.005676627
663,648.0065,649.18274,627.19525,644.7483,587.1915,687.519,557.5654,768.3404,532.62787,859.8876,553.66626,691.3384,607.07007,730.5545,617.2775,712.7492,633.09467,334.4557,320.09668,325.7533,324.28027,340.55054,388.98297,421.11212,438.61432,521.5331,461.6565,572.6641,572.23724,590.3894,616.16296,628.1607,652.796,645.8241,0.9874235,0.9173701,0.9874495,0.24666643,0.9659592,0.9853897,0.9841683,0.90043217,0.9159802,0.8291468,0.85920477,0.72530293,0.6869221,0.06298569,0.057302415,0.006823778,0.005995691
664,647.37366,648.6925,626.1207,645.0208,586.19104,688.0005,557.15894,769.7059,532.29675,859.1245,555.48505,693.492,608.5334,736.35376,622.04846,718.3768,635.9497,334.8368,320.0197,326.1009,324.12708,341.3554,389.0603,422.7516,439.1875,524.07996,461.98413,574.24475,572.9253,592.23486,615.9528,629.97046,654.8822,650.19366,0.9884352,0.92660314,0.9880816,0.26733518,0.9652679,0.98620856,0.9841003,0.9029026,0.91029906,0.8308434,0.8517231,0.7353643,0.6907708,0.06920904,0.061302274,0.007636845,0.0065992773
665,646.48816,648.3641,625.21466,645.7833,585.8351,687.75146,557.2393,769.19476,531.9528,858.7765,554.8072,692.89746,607.92584,735.46436,620.9593,719.5989,634.2298,334.7069,320.052,325.86597,324.52057,341.1189,389.03027,421.9129,438.70355,522.5002,461.85413,573.93146,572.2974,591.3054,615.3013,629.3756,653.69464,649.7218,0.98921514,0.9323989,0.9888494,0.27929354,0.9658161,0.98627603,0.98444825,0.9026309,0.9120525,0.8317807,0.85427046,0.73123425,0.68863374,0.06672624,0.05972299,0.0073212385,0.0063812435
666,646.3484,648.2134,625.12103,645.4565,585.8134,688.0686,556.98505,769.80554,531.87463,859.1219,555.2672,693.87555,608.4153,736.0852,621.35834,720.3601,633.63947,332.8783,318.69098,324.15033,324.2768,340.2583,389.09216,421.87708,438.64935,523.62354,461.7962,574.5178,573.37726,592.1969,617.7681,630.9107,657.97955,652.03394,0.9893129,0.93287873,0.98884,0.2806134,0.9660915,0.9867549,0.9847255,0.9048673,0.9121313,0.8325051,0.85300934,0.74277735,0.69922096,0.070614904,0.06263697,0.0076978803,0.00667125
667,645.6249,647.9819,624.563,645.68036,585.3366,687.72675,556.8476,769.97034,532.43384,858.354,554.45294,695.1959,609.5685,738.6848,621.9914,725.15015,634.6467,332.88824,318.80402,323.76227,324.6194,339.41632,389.43066,421.5852,437.89972,522.9576,461.4475,574.5402,573.9518,592.49634,616.2851,628.82007,657.2893,650.90094,0.98967206,0.934991,0.9891454,0.2831816,0.96609056,0.9868026,0.98500293,0.90635884,0.91493607,0.8374143,0.858908,0.7455567,0.7038421,0.07194045,0.064334154,0.007856786,0.0068612397
668,644.9359,647.5122,624.0187,645.3026,584.90955,687.26526,556.3661,770.1237,532.93665,858.47394,555.2162,695.8322,610.1327,739.933,623.216,727.1741,636.29663,332.67578,318.77472,323.33893,325.0484,338.9746,389.56836,421.495,437.61664,523.5693,461.14014,574.6467,573.39075,591.8202,615.8193,627.76483,657.95856,650.62115,0.98973405,0.9357946,0.9891827,0.28479993,0.9660319,0.9867579,0.98474157,0.9058377,0.9131274,0.8365332,0.85674554,0.742369,0.6990916,0.07152012,0.06368911,0.007837653,0.006829709
669,644.673,647.4004,624.01965,644.73175,584.53516,686.5151,555.1329,769.89124,533.13306,858.3601,554.881,696.19934,610.51996,739.3612,623.6127,724.8688,638.45874,332.85193,318.97668,323.04852,325.19788,337.98743,389.71106,421.86487,437.19836,525.5418,460.73413,576.1577,573.6527,592.0923,617.1334,628.45496,659.71155,651.32886,0.9894217,0.93422985,0.98885006,0.28269497,0.9656376,0.9867662,0.9842373,0.9049789,0.90833235,0.8334161,0.8492783,0.7401657,0.69291234,0.07219809,0.063188225,0.007984519,0.0068714023
670,644.2629,647.314,623.74365,644.7506,584.1333,685.7946,554.74884,769.8079,533.6133,858.56836,556.1654,696.1358,610.8218,739.56067,625.4772,725.53674,640.6682,332.9322,319.28137,322.859,325.81525,337.48785,389.84766,421.81366,436.7987,526.68445,460.9041,576.8865,573.64685,591.94244,617.31714,627.74,660.4541,650.43365,0.98941076,0.93450797,0.9887768,0.2837574,0.96532184,0.98683286,0.9840207,0.9051192,0.9062948,0.83308405,0.84667313,0.7403754,0.6909992,0.07331273,0.063675076,0.008164704,0.0069921315
671,643.8192,646.955,623.48663,644.84924,584.48413,685.1756,555.0636,768.78076,533.80133,857.55615,557.19586,694.5546,609.7739,737.8495,624.28406,725.1134,639.53394,333.15448,319.59717,323.2608,325.9679,337.72845,389.3424,420.96704,436.3318,524.80286,461.2221,576.26,571.6797,589.9641,615.0226,626.2582,657.1792,648.9925,0.98942083,0.9349666,0.988764,0.28862894,0.96492255,0.98671424,0.9843546,0.9052619,0.9096945,0.8347372,0.85126066,0.7410353,0.6949118,0.07305282,0.064350575,0.008134991,0.007037461
672,643.39294,646.4717,623.45087,644.1633,584.903,684.6351,554.6123,768.27,533.6416,857.44037,558.6687,694.0342,609.60693,737.6567,625.3674,723.7275,642.2377,333.12177,319.62537,323.1444,325.89197,337.27325,389.63513,421.30444,436.46515,525.5904,461.31262,577.0391,572.16425,590.56494,614.36127,625.6299,657.6124,649.639,0.9891752,0.9337946,0.98833406,0.29357737,0.96404207,0.98709214,0.9848172,0.9066962,0.91078854,0.8357104,0.85162413,0.7491706,0.70373476,0.07760584,0.068452656,0.008721888,0.007560998
673,642.94464,646.05493,623.0797,643.70966,584.52856,684.0397,554.5281,768.2115,533.8738,858.0411,556.7757,692.1255,608.2412,734.871,623.42993,720.759,641.15894,333.16144,319.55188,323.08032,325.47498,336.80457,389.5489,420.8202,436.18915,524.4662,461.42175,576.6669,571.4287,589.46155,613.8672,624.7101,656.44293,648.33655,0.98908037,0.9330517,0.98836327,0.29108703,0.9642235,0.9867157,0.9844905,0.9040762,0.90981597,0.83278036,0.8503409,0.7363867,0.6910614,0.072125465,0.06397936,0.008076638,0.007024169
674,642.67255,645.86615,622.8167,643.5539,584.10126,683.82605,554.24774,767.9682,534.1214,858.2426,558.5718,692.748,608.8425,735.3928,624.18195,721.1577,642.45264,333.674,319.95947,323.4071,325.64923,336.77545,389.4995,421.20715,436.14984,526.04144,461.43433,577.05475,572.09766,590.2626,614.5463,624.98315,657.7201,648.34845,0.9890803,0.9335892,0.9883871,0.29140317,0.9640226,0.98655355,0.9839577,0.90278476,0.9063456,0.83106244,0.84637225,0.7291157,0.6809248,0.07031071,0.061831325,0.0079217255,0.006849706
675,642.4004,645.7027,622.63794,643.4087,583.82416,683.5586,554.141,768.2336,533.95996,857.88776,558.8882,692.80066,609.1717,735.69666,625.10474,721.45105,643.5436,333.99927,320.21277,323.5428,325.58575,336.38635,389.64685,421.17297,436.27997,526.1643,461.7527,577.16925,572.7209,590.7541,614.9737,624.8622,659.21155,649.1533,0.9891341,0.9337467,0.9882988,0.2949284,0.963508,0.9870212,0.9846595,0.9056352,0.9098045,0.8355693,0.8513557,0.7448034,0.69888085,0.07736254,0.068344295,0.008754611,0.0076037645
676,642.61816,645.76416,622.9504,642.92786,583.8994,683.4128,553.87933,768.18616,534.21716,857.8031,560.0075,692.56287,609.0877,734.4232,625.2878,719.0659,644.7423,334.0191,320.31073,323.52966,325.7469,336.33435,389.71594,421.23407,436.1172,526.4811,461.5526,576.4092,572.72375,590.60657,614.88995,624.0925,659.73145,648.2977,0.9887915,0.93139434,0.9880285,0.28897452,0.96358895,0.9867948,0.9842366,0.90373665,0.9073007,0.8322544,0.8478707,0.73671985,0.68915135,0.07471585,0.06572506,0.008481145,0.007338226
677,642.5379,645.7065,622.88104,642.75104,583.601,683.36743,553.68494,767.9118,533.7583,857.3397,559.33484,692.9492,609.3633,735.7262,626.05786,720.6675,645.98956,334.12115,320.45477,323.54504,325.8896,336.19647,389.9405,421.11517,436.17053,526.2715,461.76343,575.917,573.0733,590.7311,614.2737,622.5885,660.0562,647.1455,0.9887819,0.9307203,0.98803973,0.2848807,0.96381485,0.98686767,0.9843433,0.9044484,0.90840155,0.8337585,0.85029083,0.7410579,0.69413036,0.07748249,0.06826505,0.008867353,0.007681817
678,642.6869,645.7416,622.94684,642.49097,583.4306,683.15265,553.2979,767.5379,533.38165,857.4016,558.3385,693.1271,609.5939,734.6564,625.85864,718.5665,645.84467,333.86835,320.16046,323.26685,325.6286,336.03156,389.93866,421.48718,436.258,527.1468,461.68018,576.667,573.5784,591.41296,617.32385,625.90625,662.2637,649.5436,0.98889285,0.9310492,0.9881872,0.28481847,0.9645304,0.987138,0.9845752,0.9048735,0.9078667,0.8324774,0.8481084,0.7455168,0.69817215,0.078379154,0.068681926,0.008885026,0.0076621473
679,642.3937,645.5886,622.84375,642.255,583.3664,683.2216,552.52954,769.2997,533.2762,858.4757,558.99207,692.54895,608.83466,734.30945,626.7483,716.69714,647.6788,334.16162,320.54065,323.3601,326.18835,335.91492,390.9394,422.1007,437.00476,528.0131,461.91058,576.7766,574.9353,592.5764,615.40704,623.5801,661.85486,648.8743,0.9886449,0.93116,0.9877901,0.29058057,0.9631587,0.9870306,0.98375887,0.9029362,0.9009613,0.82847404,0.8385808,0.7339531,0.6812275,0.07646567,0.06593388,0.0088633,0.00756073
680,642.3861,645.31866,623.1536,641.4626,583.8874,682.9463,552.48553,769.35944,532.75543,858.9165,555.51135,692.76483,609.1903,734.01965,625.4096,716.70526,646.94867,333.70282,320.17102,322.992,325.7215,335.40356,390.4096,421.5354,436.92078,527.4787,461.83765,576.28143,573.7674,591.3519,614.773,623.1109,660.64386,648.3069,0.98804456,0.9266094,0.9872098,0.28183496,0.962801,0.98675954,0.983907,0.90307295,0.90440214,0.8291503,0.8429641,0.7347686,0.68515253,0.075555384,0.065886945,0.008658856,0.007445365
681,642.45245,645.5082,623.1821,641.7265,583.8739,682.7976,552.6944,768.81165,532.6479,858.7543,553.8596,693.361,609.9862,733.7337,625.40564,717.28894,646.9121,333.6106,320.21478,322.8568,326.08032,335.41016,390.45465,421.4298,436.5558,527.20593,461.72986,575.83746,572.9926,590.47864,614.51245,622.6847,659.77356,647.07434,0.98808634,0.9268029,0.987294,0.27992404,0.96310246,0.9866141,0.98375034,0.9024625,0.90384114,0.82838833,0.84252197,0.73163605,0.6818677,0.07418206,0.064608514,0.008489132,0.0072913766
682,642.4324,645.55786,623.12256,642.13684,584.02057,682.85333,552.71735,768.3098,532.91626,858.64154,556.8346,692.907,609.36707,733.657,624.82794,716.9265,645.84546,333.79907,320.24622,323.03906,325.85706,335.45593,390.28888,421.27417,436.54218,526.80676,462.0984,576.52954,572.7092,590.3587,615.1461,623.96844,659.3193,647.8644,0.98833454,0.9280454,0.9876578,0.28284854,0.9637541,0.9865788,0.9842297,0.90174323,0.90721667,0.82828027,0.8465823,0.7300127,0.68365705,0.071763575,0.063551545,0.008118868,0.00705871
683,642.74927,645.4466,623.4806,641.212,584.1613,682.77203,552.7558,768.5063,532.6712,858.6356,556.8193,691.9491,608.25464,731.93823,621.81775,715.4701,641.73047,333.7207,320.27856,323.19403,326.00677,335.9558,390.4027,420.94543,436.67834,525.6006,462.2221,576.52277,573.1765,590.386,616.72864,624.6959,661.24585,648.74084,0.9878962,0.9229051,0.9873525,0.2703688,0.96437633,0.98661685,0.9850651,0.90394783,0.91537803,0.83237505,0.8572689,0.744919,0.70517755,0.075252235,0.06806898,0.008363396,0.0073767006
684,642.9276,645.5168,623.68787,641.09784,584.41376,682.6004,552.9619,768.75757,533.03656,860.0853,554.29034,691.5232,608.29236,730.6564,621.8197,714.09607,642.82214,333.3233,319.9524,322.90784,325.78564,335.81586,390.0465,420.48285,436.64203,524.95233,462.36914,575.78094,571.1027,588.2997,613.59467,622.03973,656.6454,645.06415,0.987536,0.9211031,0.987158,0.2644933,0.9644119,0.985829,0.9838517,0.8991025,0.9092169,0.8250122,0.8488709,0.71759117,0.67391205,0.06579748,0.05902326,0.0073674917,0.0064466
685,642.80194,645.6047,623.66327,641.35736,584.38025,682.27246,552.84766,768.56665,533.25073,860.54193,553.8098,691.7416,608.8755,729.807,622.03,713.0384,644.2683,333.59546,320.1458,322.93378,325.6761,335.25665,389.8664,420.3216,436.35156,525.07605,462.29285,575.14905,570.7071,587.9469,612.38873,621.0349,654.8886,643.69403,0.98752093,0.9221581,0.98704714,0.2686343,0.96368814,0.98573905,0.9833839,0.8980899,0.90537393,0.8233175,0.8439565,0.7098038,0.6631272,0.06436351,0.057113856,0.0072802007,0.0063219666
686,642.73865,645.85864,623.54535,642.0096,584.1528,682.3945,553.01465,768.42694,533.7334,860.25055,554.109,691.5641,608.7013,729.61194,621.8124,713.2187,644.12024,333.89752,320.43933,323.05682,325.96167,335.1322,390.0288,420.3026,436.44745,525.4879,462.61902,575.3919,570.8384,587.8721,611.4124,619.4657,654.5183,642.34766,0.987658,0.9235718,0.98714066,0.27091494,0.9633902,0.9857323,0.9831395,0.8979399,0.9036074,0.8234904,0.84213984,0.7079702,0.6596844,0.06495136,0.057278514,0.00743106,0.006425768
687,642.59406,645.7489,623.31885,642.0391,583.91266,682.1555,553.3983,767.98517,534.18665,859.9109,555.8705,692.40454,609.67004,730.2853,621.99896,715.5455,643.3714,333.93054,320.50134,323.09753,326.07574,335.22662,389.85864,420.02026,436.2126,525.12085,462.4131,575.5652,570.947,587.96625,612.7854,620.7128,655.4065,642.9767,0.98780656,0.9240074,0.98732865,0.26947457,0.9636489,0.9856258,0.98336387,0.89858454,0.9067989,0.8260541,0.84733456,0.7108015,0.66503227,0.064486325,0.057416767,0.007279843,0.0063424706
688,642.5664,645.6196,623.1395,641.9517,583.6132,682.24005,553.33624,767.73755,533.92957,859.60065,556.84155,691.48975,608.72217,728.5678,620.746,713.41394,642.276,333.9914,320.37372,323.23322,325.5918,335.34283,389.44373,419.8916,436.43677,525.24927,462.36304,575.0979,571.1579,588.2088,612.42554,620.3506,654.6459,641.90826,0.9878128,0.9245061,0.9872896,0.27144846,0.9632256,0.9856163,0.9831476,0.8983004,0.90513396,0.8257258,0.8453034,0.7077142,0.66040504,0.06384513,0.056489885,0.007244855,0.006281525
689,642.3835,645.6347,622.9387,642.2563,583.43097,682.30817,553.5315,767.84863,534.5134,859.7781,557.4065,692.1847,609.4434,729.521,621.93494,714.5571,643.07227,334.18976,320.60022,323.33044,325.8061,335.23822,389.42072,419.71448,436.32227,525.3291,462.401,575.4457,571.4073,588.38586,614.11865,621.74384,656.16534,643.05273,0.9879998,0.92555726,0.9874734,0.27346718,0.9634737,0.98578507,0.98351616,0.8990778,0.9071171,0.8266986,0.84766567,0.713308,0.66762656,0.06485605,0.057749867,0.0072995126,0.0063639283
690,642.3697,645.6936,622.9758,642.5691,583.76306,682.99036,553.42426,768.11975,534.18286,860.3664,557.59076,691.08875,608.4548,727.69604,623.02747,710.80396,647.455,334.0832,320.41534,323.16235,325.53625,334.9942,389.72565,419.77386,436.7508,525.36536,461.73145,574.0004,570.5082,587.31494,609.2224,616.4687,651.53754,637.8439,0.9875802,0.92537344,0.98700726,0.27698082,0.9620608,0.985037,0.98165387,0.89238745,0.8947071,0.81692916,0.8319452,0.6753078,0.62160563,0.056607515,0.049391836,0.0065766573,0.005648583
691,642.6396,645.8362,623.21985,642.3971,583.7609,683.1251,553.36847,768.8479,534.1564,860.8132,557.7854,690.82227,608.27814,727.3162,623.39136,709.63275,648.1035,333.9124,320.18658,322.9828,325.26215,334.8352,389.7375,419.8319,436.81195,525.5195,461.76135,574.0432,570.216,586.97,607.87085,614.83167,650.9756,636.75006,0.987429,0.9242501,0.9869149,0.27372426,0.96214926,0.98488164,0.981302,0.89083636,0.8924335,0.81470656,0.8291565,0.66774654,0.6127322,0.055526197,0.04829684,0.0065060556,0.005571842
692,643.0308,645.9396,623.45166,642.30286,584.03925,683.3581,553.5474,768.5206,534.21234,860.8748,557.7427,690.6378,607.9544,727.32684,622.9613,709.0775,647.4297,333.55945,319.76038,322.91553,324.88977,335.32263,389.57452,420.02454,437.01294,525.1845,461.9729,574.4177,570.1674,587.23285,607.1399,615.1432,649.56445,636.87524,0.9876257,0.92441976,0.98724365,0.27108365,0.9633881,0.9849534,0.98166764,0.8904918,0.8941962,0.81359637,0.83047616,0.66494936,0.6115138,0.054023355,0.04728192,0.006307006,0.005417317
693,643.3026,646.0846,623.5554,642.4262,584.0713,683.2731,553.8718,768.26654,534.50037,860.57635,557.58484,690.7074,608.0049,727.8633,622.6285,710.4558,645.6551,333.42633,319.61658,322.99664,324.78625,335.74896,388.95026,419.742,436.7843,524.8198,461.79248,574.5288,569.35535,586.6838,607.2119,616.0431,648.38,636.8918,0.987805,0.92435455,0.9875234,0.26743925,0.96429205,0.9849828,0.98221993,0.8915635,0.89860046,0.8156344,0.8360567,0.67074925,0.620593,0.054157168,0.047919005,0.006249249,0.0054051876
694,643.5364,646.313,623.6429,642.578,583.9325,683.3358,553.74426,768.2964,534.58966,860.7714,557.2205,690.42596,607.5113,727.9914,622.05457,710.18024,644.42865,333.0741,319.22656,322.65558,324.62122,335.7401,389.0412,420.273,436.68298,525.7724,461.89282,575.62933,569.8511,587.3517,606.88837,615.94183,648.27203,636.75476,0.988024,0.92510164,0.98785263,0.26487875,0.96520287,0.98496354,0.9820996,0.8907216,0.8972646,0.8141377,0.8340361,0.66495156,0.6136929,0.052718848,0.046479136,0.006098509,0.0052556098
695,643.60254,646.4205,623.60315,642.9774,584.0152,683.7942,553.8334,768.6748,534.0023,860.75916,556.09576,690.2605,606.81683,728.4286,620.8436,711.41187,641.87024,332.82202,318.9594,322.4895,324.44586,335.8014,388.95233,419.96338,436.77087,524.9446,461.81995,575.6329,570.79224,588.23267,610.22034,619.54803,651.56177,640.7631,0.98835754,0.92707515,0.9881942,0.26726657,0.96559364,0.98516715,0.9824573,0.8926009,0.8998903,0.81701505,0.83741057,0.6753277,0.6254217,0.053857416,0.04764071,0.006116301,0.0052837133
696,643.477,646.3987,623.5261,643.14655,584.0383,683.82263,553.92523,768.71094,534.0218,860.5515,556.6914,690.56006,607.1634,728.94293,621.35065,712.0304,642.1645,332.76508,318.914,322.36993,324.35498,335.52216,389.03503,419.98517,436.8662,525.1438,461.82983,575.55725,571.2735,588.7052,610.6555,619.88745,652.2071,641.29816,0.98842,0.9278989,0.9881486,0.27142346,0.96512413,0.9853699,0.9826677,0.89381886,0.90054584,0.8187759,0.8384206,0.6816003,0.6317965,0.055697262,0.049242765,0.006330073,0.005472064
697,643.7596,646.6674,623.85266,643.3139,584.24945,684.26056,553.90234,768.5193,534.74445,859.99994,559.1419,691.0196,607.10706,729.87537,620.67633,711.98346,641.10236,332.45435,318.53644,321.96973,323.89996,335.0113,388.71112,420.02295,436.1765,525.7727,461.45343,576.4437,571.978,589.46387,612.4586,621.2972,654.96204,643.08374,0.9884442,0.9276095,0.9881887,0.27051175,0.96539164,0.9856056,0.9829668,0.8953005,0.902157,0.8205266,0.8400718,0.6910921,0.6417984,0.05790475,0.05118072,0.0065477192,0.00566113
698,643.76044,646.4984,623.5407,643.21265,583.9167,684.7446,554.0162,768.782,534.9631,860.45856,559.62665,691.0126,607.0273,728.06775,620.61255,709.1366,641.25476,331.95953,317.98077,321.74884,323.53796,335.53192,388.12244,420.44843,436.21344,527.04736,461.26532,575.84955,571.3595,589.18945,610.19977,619.56287,652.1195,639.9631,0.98837566,0.9284026,0.98807466,0.27270937,0.9649979,0.9853323,0.98196876,0.8921895,0.8943398,0.8143024,0.82906514,0.6715862,0.61682624,0.053634733,0.04652387,0.0061554015,0.005247116
699,643.93915,646.7138,623.617,643.5282,583.856,684.77856,554.0447,768.2439,534.6253,860.2209,558.7784,690.80554,606.70654,728.07434,619.98096,708.8991,639.7063,331.79755,317.74036,321.55957,323.1703,335.2663,387.79706,420.07428,436.1009,526.8189,461.0542,576.2273,571.7251,589.54425,612.2075,621.5732,654.2682,642.1565,0.9885449,0.9295788,0.98825216,0.27352038,0.96521217,0.9855229,0.9818815,0.89330935,0.8931626,0.8149223,0.82711065,0.678949,0.6225364,0.055578947,0.047771186,0.0063724816,0.005394131
700,644.08606,646.6971,623.6761,643.32074,584.0006,684.577,554.5222,767.8607,534.8581,861.04126,557.47595,689.7451,606.44763,723.42346,618.3487,703.95135,639.8207,331.7417,317.5854,321.61066,322.89294,335.5027,387.56158,419.92834,436.0561,525.9646,461.04822,574.69,570.683,588.4032,609.3627,619.08215,648.76514,637.1249,0.98827565,0.92728496,0.9881338,0.2674092,0.9655138,0.9848485,0.98160845,0.888749,0.8930658,0.81005836,0.8272323,0.6523079,0.5984074,0.048321754,0.042096466,0.0055323243,0.0047201216
701,644.1211,646.8265,623.7683,643.44965,583.9727,684.9955,554.5476,768.42737,534.6511,861.3947,556.578,689.5156,606.13367,722.87256,617.7661,702.86664,640.19025,331.79724,317.65442,321.53772,322.87463,335.15833,387.95325,419.86322,436.18726,525.7824,461.1845,574.79285,571.01117,588.3066,607.4915,616.09216,647.7727,634.59564,0.988287,0.9277077,0.98812366,0.26905906,0.9653233,0.984848,0.98139936,0.88786876,0.89108366,0.80878687,0.82470536,0.64605004,0.59096354,0.04799953,0.041656017,0.0055786967,0.0047489703
702,643.95123,646.7393,623.44965,643.9463,583.96075,685.4284,554.8484,768.6639,534.1126,861.58777,554.4404,689.1226,605.4441,722.4675,616.16876,702.8556,637.2324,332.02893,317.7641,321.91803,322.72296,335.56195,387.5838,419.24414,436.44977,524.3025,460.98804,574.35144,570.6532,587.91846,608.74927,618.11847,647.8138,636.49316,0.98856133,0.9300499,0.9883697,0.2754413,0.96524495,0.98494506,0.9817095,0.88880575,0.8931881,0.81004226,0.82668114,0.65202665,0.59874195,0.048277944,0.042123467,0.005551547,0.004745394
703,643.5733,646.72186,623.29486,644.26874,583.9702,685.5469,554.58936,769.0997,534.13965,861.9834,554.47064,688.9529,605.5645,719.6741,616.0132,698.8494,639.9667,332.75525,318.41815,322.2704,322.8329,334.87402,387.96558,418.6952,436.82678,523.336,461.2309,573.77466,571.1788,587.9384,607.72766,616.4617,645.6824,634.4157,0.9884251,0.9298852,0.98814845,0.28155786,0.96441346,0.98488796,0.98205703,0.8869381,0.8943894,0.8080926,0.8276215,0.64178306,0.59142786,0.04595393,0.04063949,0.005294621,0.004575789
704,643.4027,646.6017,623.1236,644.5624,583.9781,685.2489,554.6236,768.29425,533.94507,861.2931,554.2536,689.7979,606.0694,724.5048,617.3735,705.40704,639.3489,332.79248,318.38965,322.3676,322.6427,334.89954,387.34515,418.79004,435.7224,523.5226,460.21478,574.0065,571.0049,588.41425,610.9437,620.8334,648.7716,638.9479,0.98872226,0.9322134,0.98836505,0.28536716,0.9641842,0.98511785,0.98200554,0.8904182,0.89459383,0.8132291,0.8290266,0.66188556,0.6094547,0.0498918,0.0437029,0.0056839883,0.004883349
705,643.4741,646.6875,623.4202,644.4292,584.1293,684.95984,554.3226,768.08826,533.9541,860.90234,554.4849,689.9709,606.28674,726.0304,618.4248,707.1124,641.51385,332.72546,318.34473,322.12817,322.31226,334.0451,387.10254,418.09253,435.18542,522.72595,460.02454,574.44885,570.70917,587.9942,611.6304,621.0792,649.75665,639.72925,0.98860824,0.93095565,0.98827493,0.2819267,0.9642291,0.9851811,0.9821694,0.8914583,0.8963189,0.81520927,0.8317683,0.66917604,0.6175201,0.051690966,0.045419276,0.0058760047,0.0050600767
706,644.0641,646.90094,623.98956,644.0528,584.48157,684.6604,554.4223,767.8662,533.7107,860.14624,554.21826,689.4309,605.69965,727.032,618.0712,708.4424,639.2241,332.4677,318.12555,322.16083,322.1048,334.42084,386.37762,417.8186,434.81714,522.67523,459.30518,575.3556,570.88446,588.4729,612.4204,622.46735,651.25977,642.0308,0.98858935,0.92943543,0.98833627,0.2745738,0.9649545,0.98537886,0.9825633,0.89419055,0.8998022,0.818846,0.83604777,0.68298435,0.63249147,0.054584324,0.047993153,0.006159842,0.005299926
707,643.8467,646.71716,623.61804,644.3485,584.4999,684.71277,554.9405,767.5875,533.9983,860.8281,553.6022,689.29016,605.7706,725.7902,616.6302,707.58014,637.1941,332.5244,317.93225,322.24756,321.61877,334.55084,386.2561,417.73077,434.98395,521.5936,459.17224,574.78143,570.35394,588.08307,614.157,625.3213,650.592,643.55585,0.9889091,0.9319196,0.9885904,0.2828853,0.96491766,0.98554695,0.98312664,0.89474607,0.9025291,0.8198478,0.83892334,0.6884586,0.64088696,0.054587424,0.048455477,0.0060696304,0.005260706
708,643.75006,646.72156,623.534,644.61053,584.49084,684.9712,555.06573,767.8821,534.2967,861.0233,555.0907,688.943,605.41895,725.4723,616.9082,706.87164,637.93005,332.596,317.89703,322.2386,321.2807,334.22235,386.05933,417.47308,435.24207,521.88824,459.40137,575.2628,571.18494,588.837,614.18646,625.0578,650.9496,643.4954,0.988868,0.9324863,0.98848295,0.2863727,0.9641433,0.9854487,0.982739,0.89388883,0.9000037,0.81873393,0.8356659,0.6825607,0.6330384,0.053523928,0.047279775,0.0059910417,0.0051778257
709,643.6858,646.6405,623.4966,644.61993,584.5641,685.24866,555.11536,768.1018,533.8234,860.91876,554.34424,688.68427,604.9517,725.5755,616.03,707.6056,637.3655,332.42664,317.73163,322.09552,321.0227,333.99878,386.2281,416.82568,435.3225,519.8832,459.4005,574.6446,571.0359,588.3356,614.74744,625.30884,651.3337,644.1686,0.98895574,0.93265706,0.9885889,0.2869382,0.96434844,0.9855068,0.9831781,0.8946481,0.90368,0.8208482,0.8408506,0.6881875,0.6418306,0.054216504,0.04846245,0.006013185,0.0052424967
710,643.9665,646.7879,623.89734,644.4657,584.90027,684.8989,554.75995,768.0348,533.2454,859.6195,555.5854,689.8016,605.60846,730.1051,617.5405,713.7655,636.77655,332.07898,317.539,321.81836,321.1507,333.93915,386.15857,416.9073,434.71027,519.7497,458.62543,575.1797,571.4405,589.161,617.76697,629.05865,656.71686,650.72015,0.989219,0.93316853,0.9887637,0.2862748,0.96485937,0.98631436,0.9842613,0.901392,0.9101267,0.83055425,0.85018444,0.7258316,0.68201494,0.06509653,0.05823207,0.007119864,0.006213367
711,643.874,646.67065,623.8423,644.3304,584.9705,684.8584,554.70465,767.61487,533.0742,859.6062,556.6274,688.97943,605.1126,727.8799,617.7326,709.8345,637.66583,332.22095,317.57672,321.9168,321.01624,333.9372,385.943,417.1978,434.91956,521.21155,458.52173,574.9981,571.3633,589.1575,617.4055,628.4138,656.291,649.26624,0.98905766,0.93312776,0.9885619,0.29018453,0.96426773,0.98620546,0.9838425,0.899094,0.90594906,0.8261342,0.8437332,0.71445477,0.6679385,0.062248528,0.055262864,0.0068657994,0.0059612393
712,644.0846,646.769,623.9145,644.2814,584.8541,684.9323,554.8514,767.4746,532.9203,859.8511,555.94867,689.4213,605.40216,727.8702,616.6699,710.405,635.77814,332.0575,317.4107,321.84656,320.9248,334.1012,385.72754,416.86414,434.77954,520.39777,458.42267,574.5537,570.855,588.5794,617.6709,628.6853,656.27795,649.2699,0.9891361,0.9325858,0.98877287,0.28441504,0.96521217,0.9861421,0.9841019,0.8993372,0.908858,0.8270904,0.8479109,0.7166434,0.67266047,0.061980218,0.055490494,0.0067765415,0.005914241
713,644.08386,646.78937,623.8632,644.50635,584.86224,685.08026,554.7382,767.8239,532.6402,860.1355,556.1165,689.79407,605.6708,729.7781,618.5164,712.4602,638.1534,332.15295,317.3452,321.9242,320.65686,334.1089,385.50018,417.05212,434.87958,520.73987,458.48633,573.3304,570.4698,588.5737,616.29974,628.0911,654.97656,648.85486,0.98927265,0.93405366,0.9888408,0.28819078,0.96486604,0.9861435,0.9838183,0.89891255,0.90615153,0.82671684,0.8453473,0.7125833,0.6662058,0.06164053,0.054818183,0.006789267,0.005898237
714,644.0758,646.79095,623.80164,644.4012,584.5157,685.1449,554.38837,767.9916,532.8724,860.2648,557.619,690.3849,606.1305,730.2099,619.363,712.03503,639.5559,332.224,317.2815,321.84113,320.4419,333.85364,385.55237,417.5656,435.287,522.5504,458.53723,574.1267,571.2228,589.4884,616.9437,628.47656,656.4952,649.4846,0.98919857,0.9340967,0.98873574,0.28852665,0.96451056,0.9861257,0.9833019,0.8979603,0.9016936,0.8245461,0.83943737,0.7079578,0.65783685,0.061418086,0.053870916,0.0068222582,0.005869657
715,644.23267,646.64355,623.8211,644.05695,584.5382,685.14044,554.4656,767.44995,532.95764,859.4803,561.6078,689.7138,605.53253,729.5314,619.88464,710.34454,639.24976,332.05914,317.036,321.95,320.13403,334.40265,385.16272,417.979,435.22778,523.44977,458.29932,574.09204,571.80994,590.4518,617.6292,629.52,657.69684,650.3623,0.9892074,0.9337305,0.98871005,0.2891283,0.96466625,0.9864745,0.9838021,0.89958286,0.9038197,0.8263749,0.8418635,0.7174028,0.6682552,0.06430006,0.056494057,0.0071358085,0.006144911
716,644.1343,646.6491,623.72754,643.96466,584.16095,684.63367,554.1057,767.34045,533.4865,859.04504,564.13763,690.1632,606.10767,730.4665,621.443,711.5797,640.80066,332.0492,317.06744,321.778,320.26007,334.06635,385.29114,418.10986,435.51245,524.4518,458.37518,574.1099,572.3457,591.0664,617.5639,629.26086,658.42346,650.58545,0.9892316,0.93349105,0.9886968,0.28756773,0.9646576,0.98665607,0.98394907,0.90076447,0.904328,0.8284626,0.84340876,0.7230238,0.6735599,0.06705958,0.058790267,0.0074778497,0.0064296126
717,644.2916,646.78687,623.8651,644.0857,584.31683,684.8274,554.3858,767.65454,533.16754,859.3809,562.0654,689.8672,605.73303,729.65106,619.84143,711.52856,638.4762,331.8802,316.99292,321.69055,320.35443,334.15332,385.17816,417.5498,435.02997,522.8577,458.10968,573.21906,571.6272,590.04333,618.08374,629.5178,658.5624,650.6284,0.98919463,0.93300647,0.98872733,0.28463715,0.9648777,0.98648393,0.9839219,0.90072244,0.9058299,0.8289825,0.84558105,0.7240414,0.67607427,0.066443086,0.05851823,0.007345587,0.006333679
718,644.34125,646.8141,623.8961,644.16406,584.3957,685.04095,554.4122,767.7626,533.7919,859.50464,564.9195,689.937,605.74927,729.6064,620.5919,710.7804,639.6682,331.8628,316.9242,321.67676,320.23718,334.17255,385.09595,417.83868,434.96558,523.6437,458.07373,573.25244,571.9951,590.5789,618.25665,629.76526,658.6157,650.36566,0.9891517,0.9332334,0.9886701,0.28672227,0.9646213,0.98637396,0.98363507,0.89928734,0.9034685,0.82666683,0.8422762,0.71696115,0.6673994,0.06415689,0.056336462,0.007106513,0.0061164796
719,644.3701,646.9178,624.14954,643.8766,584.42065,684.54297,553.9931,767.87134,534.34045,859.0574,567.4454,689.9104,605.79156,729.9885,621.1801,711.0991,640.5611,331.8817,317.07593,321.45,320.52832,333.59393,385.5255,417.8565,434.635,523.82825,458.07648,574.0317,573.2292,591.5909,619.2254,629.8968,660.74,651.40314,0.98908746,0.9314017,0.98860407,0.28216824,0.96497035,0.98674136,0.9844924,0.9021258,0.90925497,0.83168685,0.8503535,0.73206854,0.68627495,0.069064856,0.061367422,0.0076134205,0.006610632
720,644.1744,646.9656,624.0275,644.5342,584.62,684.85333,553.81335,767.3026,534.86816,859.09955,569.3964,688.9003,604.69745,728.90015,620.7545,708.6254,641.6982,331.7105,316.82574,321.1806,320.0739,333.01233,385.80743,418.17896,435.1681,524.8561,458.17047,574.85425,573.1764,591.6031,618.5072,629.44916,659.51794,650.7679,0.9889413,0.9317541,0.98850065,0.2859729,0.9644823,0.98638415,0.98373955,0.8984983,0.90386844,0.82650936,0.84284216,0.7147748,0.66556853,0.06418708,0.056679666,0.007152945,0.0061804056
721,644.2894,647.07605,624.10095,644.69666,584.7477,684.75836,554.0556,767.1176,534.48926,859.1031,568.0313,689.6077,605.4429,729.1669,620.32043,709.78577,640.21173,331.73193,316.87555,321.26013,320.17126,333.1875,385.49292,417.91016,434.89478,524.282,458.1142,574.8496,572.6101,591.14813,618.8742,630.3506,658.846,651.03876,0.9890586,0.9321402,0.9886043,0.28629443,0.9646892,0.98649025,0.9842223,0.9000492,0.9073981,0.8289454,0.84734225,0.7226738,0.676284,0.06565425,0.058402896,0.007250339,0.0062995255
722,644.137,646.9634,624.01013,644.5729,584.7634,684.6117,554.0015,767.42084,534.5573,860.0474,566.5432,689.61694,605.6935,728.72815,620.83105,709.3429,641.79626,331.68866,316.88483,321.20392,320.26385,333.1034,385.50665,417.62463,434.7953,523.5028,457.74017,573.7222,571.44977,589.90674,616.3418,627.9995,655.9976,648.8045,0.98888904,0.93117404,0.98851085,0.2831918,0.9647393,0.98607117,0.98372245,0.89725053,0.9050888,0.8254601,0.8446774,0.7066742,0.6593919,0.06090659,0.054277837,0.0067517757,0.005869895
723,644.29083,646.85345,624.1161,644.1038,584.6915,684.3042,554.0425,767.228,533.7499,860.7564,563.6531,688.4252,604.625,726.906,617.9343,708.1698,638.4261,331.7627,316.80096,321.39532,319.78473,333.2224,385.0561,417.11255,434.38226,521.99005,456.873,572.41016,571.3136,589.6414,618.1017,629.8637,657.0084,650.2106,0.98876494,0.9292481,0.9885094,0.2754528,0.9651556,0.98593795,0.9838704,0.8980769,0.9082706,0.82797146,0.84963363,0.712121,0.6672789,0.061205685,0.05491039,0.0066783726,0.0058247447
724,644.29407,647.0156,624.0475,644.3555,584.30865,683.94666,553.86914,767.5288,533.68024,860.7085,564.08374,688.1853,604.3892,727.5116,617.9053,709.6091,637.1708,331.86853,316.83392,321.33032,319.64294,332.81775,385.10498,416.83484,434.41736,521.70074,456.53113,572.9855,572.76105,591.01587,620.7605,632.4354,660.35205,653.83563,0.9891306,0.9308973,0.98878694,0.27771068,0.9653465,0.9865582,0.9846298,0.9024346,0.9122725,0.8346119,0.8554302,0.7341733,0.6909766,0.06827116,0.061259925,0.0073951483,0.006452054
725,644.65906,647.35144,624.3103,644.8554,584.67444,684.5979,554.35846,767.8512,533.5802,861.1322,561.03735,688.12274,604.37335,727.5382,617.9533,709.47314,638.2386,331.46967,316.34412,321.01935,319.16705,332.73907,385.0064,416.61987,434.67993,520.88696,456.40527,571.9688,570.86255,589.088,617.0802,629.15894,656.05145,650.3799,0.98906523,0.9316729,0.98878944,0.2779229,0.96512425,0.98591185,0.9833354,0.89774144,0.9044161,0.8279567,0.8455261,0.7082548,0.65989655,0.061327726,0.054279357,0.006756246,0.0058303773
726,644.57983,647.19934,624.3953,644.34863,584.71277,684.44666,554.19183,768.01575,533.4889,861.8447,559.7517,687.40344,603.33124,727.0751,615.3148,709.4867,634.9029,331.50128,316.5937,321.08685,319.59045,332.77472,385.22754,416.18298,434.18408,519.86646,455.7505,572.7492,571.63525,589.3574,618.03955,629.05566,657.3605,650.60254,0.98895484,0.92935,0.9887603,0.2708671,0.96577966,0.98613954,0.9841535,0.90073806,0.9114132,0.8326309,0.85423386,0.7236656,0.6801853,0.06474972,0.05814928,0.0070565343,0.0061522126
727,644.70905,647.22394,624.6077,644.09106,584.78925,684.0818,554.03784,767.7527,533.2745,862.1423,559.5365,687.8668,604.0346,727.2352,615.82965,709.69037,635.995,331.3805,316.5052,320.98193,319.38416,332.50793,384.9652,416.06982,433.8025,519.8368,455.31866,572.6554,571.3103,589.1961,617.134,628.4313,656.17804,649.8084,0.9887366,0.92729664,0.98860127,0.2653285,0.9658809,0.985986,0.98413277,0.90038186,0.91206944,0.8326788,0.8555407,0.7220399,0.67926306,0.06441131,0.058021158,0.007032484,0.0061407387
728,644.56384,647.1457,624.48535,644.20544,584.8729,684.0008,553.99457,767.96826,533.44434,861.58875,560.292,688.2554,604.3095,728.4555,616.4804,711.47675,636.2888,331.57867,316.67157,321.16608,319.588,332.7323,384.94855,416.24066,433.69873,519.69885,455.7588,572.57385,571.1912,589.3351,616.37225,628.501,655.03754,650.0167,0.98886544,0.9284315,0.98862886,0.26962644,0.96552384,0.9861002,0.9844161,0.9015514,0.9136313,0.83479726,0.8578935,0.7261596,0.68446153,0.06539518,0.059141964,0.007124901,0.006244391
729,644.6028,647.2139,624.49493,644.4032,585.00586,684.3776,554.02466,767.6371,533.11304,861.73645,557.6127,687.29285,603.288,725.8003,614.25854,707.35266,635.12146,331.58942,316.60217,321.20233,319.349,332.72443,384.8802,416.10498,433.99158,519.5171,455.58875,572.6998,570.83826,588.79504,613.8522,625.95953,651.06647,646.31354,0.98867166,0.92795557,0.98851347,0.26966757,0.96532035,0.9855808,0.98371816,0.89742863,0.9093974,0.8284565,0.8511692,0.70324326,0.6596965,0.058443516,0.05268702,0.0064373016,0.00562492
730,644.45526,647.1269,624.4626,644.4109,585.12836,684.3595,553.5991,767.3755,532.5346,861.03754,558.8862,686.75287,602.5083,726.36584,614.72687,707.3935,635.5901,331.67218,316.7536,321.25684,319.64294,332.79498,385.2837,416.68146,433.9939,520.39905,455.62,572.41046,571.7837,589.8308,614.79675,626.7613,653.1079,647.7518,0.98876476,0.92917943,0.98854816,0.27439314,0.9651247,0.98578644,0.9836787,0.89791125,0.90787745,0.82860196,0.8492129,0.7061832,0.66085327,0.059828997,0.053586245,0.006613642,0.0057553053
731,644.5429,647.22577,624.41644,644.6854,585.0908,684.54407,553.8574,767.0955,532.41516,860.43115,558.46515,687.03076,602.7139,726.90045,614.90796,708.40076,635.1787,331.67413,316.7447,321.32837,319.69055,333.0661,385.23975,416.68927,433.95837,520.07825,455.62067,572.0514,571.70825,589.80945,615.51056,627.64496,653.0517,647.84564,0.98884934,0.9301295,0.9885787,0.27655667,0.9649005,0.98577213,0.9835527,0.8981731,0.9071209,0.8287764,0.8483213,0.7072337,0.66115785,0.059660226,0.053223312,0.0065691173,0.005702436
732,644.3757,647.12555,624.1839,644.8292,584.9564,684.28265,554.04156,767.146,532.7008,860.9989,558.6813,686.5657,602.5812,726.47876,615.00287,708.578,635.29443,331.73773,316.70612,321.3933,319.53918,333.12323,384.90216,416.75006,433.9889,520.61316,455.43738,571.5652,570.5473,588.8672,612.67957,625.3575,649.4015,644.8121,0.9889388,0.9311321,0.9886514,0.2789158,0.9646621,0.9855388,0.9832922,0.896485,0.9054315,0.8273326,0.84667736,0.69629073,0.649475,0.057132423,0.050988674,0.006347358,0.0055111647
733,644.4071,647.0698,624.1877,644.7773,585.0576,684.5323,554.1891,767.0568,532.75854,860.9229,556.832,686.5072,602.3675,725.8747,613.4394,707.3054,633.522,331.75085,316.60437,321.47253,319.22668,333.21594,384.76154,416.84808,434.04236,520.3949,455.61682,571.552,570.78546,589.15485,613.4077,626.4945,648.8482,645.0111,0.98881257,0.9305613,0.9884975,0.2794261,0.9643022,0.98545724,0.9832678,0.896327,0.90548265,0.8264773,0.84589887,0.6957199,0.6493398,0.056068122,0.05005467,0.0061923563,0.0053785443
734,644.86523,647.32684,624.5264,644.605,584.80725,684.3991,553.89764,766.8274,532.8772,861.2345,559.1738,687.1152,602.7161,727.05347,613.60657,707.9408,632.7716,332.04736,316.69373,321.71515,318.89545,333.2256,384.39642,417.3239,434.00226,522.20215,455.41888,572.38293,572.3742,591.1168,617.1438,630.2349,651.97253,647.34705,0.98857665,0.927933,0.98833036,0.27078515,0.96442986,0.98547995,0.9833683,0.897697,0.90716517,0.8285753,0.8485786,0.7055754,0.65964895,0.057771355,0.05154726,0.0063003898,0.005468011
735,644.6619,647.5812,624.44604,645.2709,584.87177,684.1164,553.7978,767.45715,533.0063,861.8409,559.60126,686.24567,601.9654,726.3209,613.4701,708.17566,632.04767,332.11816,316.95306,321.4928,319.55975,332.77185,384.9287,416.9721,433.89648,521.70624,455.21893,571.9823,572.7208,591.05237,617.8235,630.34534,653.3848,648.4739,0.98902404,0.9313686,0.9887491,0.27855363,0.9646586,0.9856311,0.9834723,0.89768255,0.9068347,0.82899714,0.8482667,0.7045188,0.6582973,0.057442278,0.05128309,0.006247103,0.005427748
736,644.55164,647.75995,624.61456,645.4508,585.09375,683.641,553.9069,766.8788,533.0366,862.97766,557.29236,685.25397,602.00085,721.6334,612.6661,703.8734,635.5807,332.65155,317.6397,321.7229,320.1375,332.2751,385.07196,416.2157,433.7414,520.9056,455.62085,570.55365,570.438,588.0842,612.3108,623.5659,646.2091,639.7053,0.9885054,0.9287214,0.9883971,0.2725187,0.9642041,0.9843681,0.9821447,0.88930917,0.90075743,0.819183,0.8410544,0.659065,0.61193925,0.047154546,0.042322665,0.005233705,0.0045595467
737,644.59406,648.0967,624.9567,645.67554,585.5027,683.182,553.9161,766.39484,533.33826,862.5004,556.6575,685.5349,602.519,721.245,612.71356,704.69275,636.0973,332.6604,318.05823,321.49792,321.17438,331.8756,385.55353,415.7495,433.1411,520.2711,455.33374,570.87537,570.18066,587.31006,612.55804,622.73096,646.40234,638.77856,0.98830986,0.9261481,0.988301,0.26514935,0.96472526,0.9841971,0.98267996,0.8897518,0.9061924,0.8212899,0.848444,0.6617607,0.6194854,0.046705186,0.042695284,0.0051137805,0.004514575
738,644.24316,648.27234,624.8153,646.4673,585.6335,683.3345,553.551,766.5291,533.2819,863.17914,558.03033,684.6077,601.5241,719.2262,612.10095,701.67883,636.7489,333.47028,318.88428,321.85492,321.87952,331.4524,386.23193,415.76886,433.6023,520.96,455.51788,569.86035,570.9766,587.65137,613.224,622.3629,646.9771,637.9948,0.9883201,0.929235,0.98811173,0.2794106,0.96297747,0.9841144,0.9817263,0.88730085,0.89816034,0.81657374,0.83741736,0.64927244,0.60131055,0.045146406,0.040483564,0.0050224364,0.0043819547
739,644.23413,648.447,624.875,646.77686,585.68677,682.9256,553.62195,766.0133,533.23315,862.7519,557.48376,684.9719,602.0095,719.71686,611.98425,703.82355,636.17395,333.80676,319.4646,322.167,322.69708,331.66052,386.40063,415.36078,433.40027,520.1053,455.4757,569.7683,570.13306,586.6373,612.2769,621.3293,645.2075,636.54535,0.988351,0.92879945,0.988184,0.27676228,0.963313,0.984034,0.9821458,0.8882986,0.9022925,0.8191036,0.84324497,0.653858,0.6092088,0.04553458,0.04129848,0.005040258,0.004433483
740,645.82007,649.1401,626.2245,645.9407,585.9515,682.8931,553.8147,765.91766,532.8621,862.5982,557.1647,684.515,601.8333,718.0143,610.8958,701.45496,634.64215,333.51624,319.14453,322.38287,322.10364,332.37616,385.73822,415.28387,433.44922,519.8066,455.41455,569.5449,569.9219,586.5839,613.50916,622.6329,645.96466,636.73,0.98743254,0.9197224,0.9876033,0.25051612,0.9643216,0.9836368,0.9819769,0.88879466,0.90498996,0.8200963,0.8474052,0.6612378,0.61794156,0.04668632,0.04235947,0.0051263273,0.004490167
741,646.054,649.23334,626.4929,645.6246,585.84937,682.6534,553.51263,765.8318,532.8427,862.23254,558.1311,685.428,602.57306,720.61444,612.60455,703.74036,635.4422,333.60162,319.2868,322.49512,322.2237,332.42572,385.40918,415.5398,432.95093,521.09906,454.4167,570.0023,570.59155,587.57886,614.2162,623.23785,648.01996,638.013,0.987249,0.91832113,0.98739606,0.24647143,0.96412647,0.98382396,0.98167884,0.8908659,0.9032444,0.82205063,0.8455757,0.67125946,0.624589,0.049747884,0.04446575,0.0054968894,0.0047641397
742,646.9285,649.89124,627.3666,645.7281,586.2151,682.6326,553.6663,765.50024,532.55005,862.4469,556.4253,684.3371,601.80505,718.0432,610.3188,700.2468,633.95044,334.28082,319.74683,323.14575,321.97345,332.52625,385.28888,415.20477,433.0714,519.99316,454.92242,569.6959,570.2854,587.0555,614.80115,623.7047,647.6774,637.8859,0.9871038,0.9155791,0.9874783,0.23865867,0.9650984,0.9837241,0.98206663,0.890174,0.90616167,0.8215501,0.84899694,0.6713205,0.6278461,0.049191296,0.044421196,0.0054026544,0.004706621
743,647.2605,649.92267,627.8516,645.03357,586.4351,682.08716,553.70416,765.7316,532.98285,863.78723,556.7337,683.9817,602.0134,717.54443,610.682,699.74677,635.76636,334.59778,319.9519,323.44788,321.72308,332.427,384.9897,414.84497,432.69147,519.1974,454.8236,569.6507,569.7565,586.5235,613.34015,622.21765,645.5296,635.9367,0.9864398,0.9091943,0.987009,0.22641996,0.96514297,0.98317635,0.9820261,0.88872147,0.9088967,0.8213661,0.8533639,0.6640825,0.623756,0.047104508,0.043168455,0.0051519573,0.0045293868
744,647.2505,649.98535,627.8756,645.3557,586.4417,682.1121,553.4296,765.72986,533.0249,862.2753,559.2425,684.66156,602.45166,722.31396,614.7142,702.4988,637.66296,335.17328,320.30878,323.937,321.5481,332.4048,385.03906,415.66748,432.549,520.9165,453.50458,571.4223,572.206,589.6725,618.1309,627.8408,652.7567,644.3393,0.9868914,0.9138677,0.9871578,0.23832661,0.9644016,0.9844005,0.982366,0.89454556,0.90668166,0.8267355,0.84985995,0.6965375,0.6507068,0.05649489,0.05049935,0.0062077045,0.005372435
745,648.06244,650.6755,628.6857,645.5254,586.5222,682.3728,553.42554,766.05023,533.11816,863.3789,559.1732,684.0508,601.99817,720.1521,613.438,699.53296,637.9913,335.53326,320.65503,324.28955,321.547,332.37805,384.96216,415.69556,431.5467,520.63934,453.32385,571.2179,571.77856,588.995,617.14777,625.8891,651.88586,641.5437,0.9861915,0.9070389,0.98683685,0.22234726,0.96510947,0.9837203,0.9818995,0.8917762,0.9070523,0.8248342,0.8515096,0.6858459,0.6412363,0.053917825,0.048510134,0.0059461594,0.005155444
746,648.7178,651.1444,629.05096,646.08984,586.8741,683.01215,553.86523,766.0471,533.28186,863.7002,562.0848,684.6101,602.6592,722.03,617.41266,700.883,642.57996,334.93304,320.02203,323.95166,321.13556,332.70972,384.56946,415.66553,431.92548,520.959,453.47107,570.6045,569.9027,587.572,613.7417,623.2147,648.53345,638.6147,0.98644114,0.9098147,0.98705673,0.22525457,0.965413,0.9836823,0.98105574,0.88921887,0.8998732,0.81971943,0.8423723,0.6710516,0.62071866,0.052026927,0.046004802,0.005867213,0.005019456
747,648.57196,651.197,628.77136,646.69336,586.9812,683.5072,554.0656,765.9529,533.35944,863.2304,562.2442,684.6623,602.61664,720.4574,617.45856,698.57916,642.5913,334.67017,319.80322,323.7353,321.24335,332.87994,384.4668,415.5661,431.89795,520.73157,453.71875,570.70337,569.4438,587.14056,613.28796,623.2528,647.7217,638.5612,0.9866525,0.9128618,0.98720306,0.23214468,0.9652529,0.9835926,0.9807054,0.8870906,0.8962554,0.8155216,0.8364637,0.659741,0.60772544,0.04931721,0.043390453,0.0055783987,0.00475657
748,649.2224,651.9179,629.2284,647.40027,586.9214,683.971,554.11414,766.077,533.81305,863.54285,562.6275,685.2479,603.0483,720.5333,617.9774,697.6474,643.6239,334.82233,319.768,323.75952,320.8938,332.65448,384.41626,415.93164,432.40186,522.11847,454.52344,571.73944,571.1509,589.0256,615.0131,625.10175,649.33435,639.9579,0.98668504,0.91334295,0.987273,0.23027262,0.965316,0.983451,0.9798867,0.88534284,0.8903241,0.8118481,0.8286588,0.64984405,0.5932813,0.047401726,0.041023493,0.00538671,0.0045355856
749,649.57935,652.50824,629.6383,648.05853,587.02216,684.1323,553.92847,766.4723,534.5412,863.7822,565.2771,685.2803,603.1322,720.6248,619.436,696.8945,646.4835,335.13544,320.03442,323.78918,320.97577,332.1396,384.5891,415.97522,432.30127,522.6227,454.67322,570.9539,571.57666,589.39435,613.65186,623.3316,648.658,638.4582,0.98646116,0.9129447,0.98699665,0.23061222,0.9644504,0.9832922,0.97895336,0.883932,0.8841355,0.81007075,0.8221499,0.6421296,0.5808113,0.04742822,0.040415913,0.005500138,0.004579395
750,649.09644,652.42694,629.3681,648.8243,587.3522,684.3877,554.1538,766.48676,534.5658,864.2388,563.0136,687.40063,605.5616,722.62836,623.03906,698.86615,651.92316,335.576,320.68744,324.14972,321.4245,331.83234,384.63513,415.4773,432.0103,521.4042,455.13538,570.19324,570.3079,588.21204,613.4462,623.8863,646.90857,638.63654,0.98650587,0.91599053,0.9867977,0.24246359,0.9632559,0.98344356,0.978757,0.88361084,0.8802358,0.807189,0.8159734,0.64196503,0.5787113,0.047781736,0.04046908,0.00557518,0.0046319067
751,648.9608,652.56635,629.4115,649.0002,587.5047,684.26086,553.6412,766.7738,534.81744,863.9341,563.64557,686.64764,604.2613,722.7048,621.5978,699.9314,650.64026,335.41443,320.8141,323.8258,322.19037,331.60968,385.12488,415.2102,432.00018,521.23315,455.61456,571.94824,571.0453,588.57965,611.42334,621.3015,646.152,637.6322,0.9867729,0.9164296,0.9871316,0.24050534,0.9641646,0.9835268,0.9793973,0.88452256,0.88505524,0.8094709,0.8216456,0.6407112,0.58042526,0.047017068,0.040307343,0.005482167,0.0045933723
752,649.37744,652.7775,629.83295,649.00275,587.99945,684.7364,553.62823,767.0194,534.47644,863.73474,562.2261,687.2525,604.3904,724.842,622.2118,701.6547,650.95294,334.97656,320.37982,323.55554,321.8299,331.62494,384.71405,414.9242,432.01233,520.67206,455.3916,571.27246,570.57336,588.3295,610.9628,621.5263,645.96606,638.5887,0.9868389,0.9165993,0.9871548,0.24042025,0.9644139,0.9838714,0.9796642,0.88665587,0.8856267,0.810973,0.8218646,0.6509912,0.5899633,0.049393117,0.042137474,0.005764693,0.0048117638
753,649.85846,653.354,630.4342,649.5228,588.40125,685.062,553.49524,767.86145,535.3859,863.97925,565.68616,688.5311,605.9793,727.7301,628.4448,701.97516,659.1693,335.2301,320.45337,323.56116,321.51837,331.04468,384.5727,415.81854,432.47833,523.9277,455.83362,571.4198,571.53217,589.9548,609.68506,620.6588,645.823,638.10187,0.9864285,0.91620713,0.9865732,0.243821,0.96276295,0.9836637,0.9779453,0.88317215,0.8715104,0.8041538,0.8049829,0.6304655,0.5597181,0.047323555,0.039234728,0.005669892,0.0046423674
754,650.5109,653.6458,631.247,649.2357,589.03375,684.9139,553.53217,768.2307,534.2529,863.89856,559.30676,688.9784,606.32916,730.22253,627.8011,706.08093,658.31903,335.10645,320.40552,323.7115,321.1433,331.0241,383.81476,414.64807,431.771,520.62836,456.10034,570.08356,569.51044,588.023,608.918,621.0875,644.11914,639.24255,0.9860159,0.91172934,0.98618835,0.23390651,0.96280015,0.98377967,0.97863483,0.8878853,0.87917346,0.81106114,0.81512815,0.6556832,0.5884635,0.052340776,0.043667108,0.0062030256,0.0050923526
755,650.33405,653.34033,631.1395,649.164,589.323,685.31573,554.4298,767.2937,534.3389,863.1879,561.14465,687.505,605.65955,724.9252,626.0878,699.11487,657.4794,335.61584,320.82397,324.44904,320.94336,331.4879,383.8307,414.74872,432.03918,520.4937,456.6104,570.1817,569.4321,587.58386,610.9111,622.20276,645.25336,638.8646,0.98485893,0.90400606,0.9852047,0.22794601,0.9617596,0.9831903,0.9791168,0.88544273,0.8859167,0.8098344,0.82307434,0.65286624,0.59307194,0.05045286,0.043347895,0.0058883727,0.0049367845
756,649.7669,653.4679,630.3167,650.8853,588.8255,686.21704,554.71106,767.9416,533.8362,863.01733,556.58795,688.4005,605.9528,727.26196,625.271,702.80865,656.2622,336.01666,320.89014,324.54663,320.37848,330.8603,384.04053,414.08698,432.27966,518.078,456.05853,570.0397,569.1743,587.2073,611.22046,623.5475,644.7587,641.6515,0.98659444,0.91719854,0.98663944,0.25052795,0.9620893,0.9840985,0.9800458,0.8884134,0.88657427,0.81426024,0.82385874,0.6670507,0.60743016,0.05436009,0.04658541,0.006367773,0.005340278
757,648.9752,653.4002,629.5332,652.2603,588.5381,686.73206,554.68085,768.38007,533.522,863.27655,557.1212,688.8094,606.18964,727.7418,625.50055,703.98883,657.69543,336.59637,321.2525,324.674,320.19122,329.97656,384.53284,413.31873,432.19653,515.56976,456.76282,569.7438,568.0749,585.75244,611.30066,623.7935,644.8158,643.41406,0.9875412,0.9247148,0.9874474,0.26932317,0.9621324,0.9845494,0.9809793,0.88878536,0.8896707,0.8163314,0.82802594,0.6722901,0.61610806,0.055838972,0.048575073,0.0065239966,0.0055423975
758,648.6413,652.8519,628.6738,652.7581,588.166,688.10266,555.4331,768.9818,533.3848,862.4039,559.1752,689.9329,606.4786,733.27045,627.7909,709.3364,657.1887,337.51703,321.55078,326.07104,319.61365,331.8368,384.086,414.7511,433.08105,517.1206,456.52826,570.2363,568.5243,587.40857,611.4874,626.3392,646.1882,647.5348,0.98829734,0.9316099,0.98779935,0.29068613,0.9607499,0.9856009,0.9815587,0.89470184,0.8889619,0.8234142,0.8275037,0.70181453,0.6427362,0.06631136,0.056735367,0.007867783,0.0066200197
759,647.69745,652.4622,627.6407,653.69257,587.71246,688.1802,555.6085,769.1646,533.63745,863.39575,560.33154,690.3048,607.1779,734.3319,630.33167,710.56934,660.86035,338.04657,321.7397,326.318,319.2235,331.422,383.97644,414.69128,432.97186,516.73303,457.09857,569.84564,567.6449,586.8423,609.11115,625.04346,643.5022,646.80457,0.98882556,0.9365244,0.9882012,0.30719346,0.9599869,0.9855577,0.9814348,0.8923267,0.8859354,0.82135594,0.8246055,0.68858826,0.62859905,0.06327629,0.054400742,0.007581353,0.006413281
760,647.477,652.1673,627.2406,653.6089,587.4414,688.65497,556.12384,769.7333,533.96747,862.9787,559.8687,690.0666,606.5454,734.12726,627.801,710.1831,655.27515,337.97095,321.56207,326.414,319.0362,331.8841,384.04883,414.90228,433.03705,516.4515,456.77716,571.2545,568.74854,587.8196,611.96594,627.8091,646.3753,649.79834,0.9892157,0.93845963,0.9885808,0.3132882,0.96054924,0.98605824,0.9825475,0.89567447,0.89292145,0.82585114,0.83188987,0.7073681,0.65209866,0.067323744,0.058569044,0.007940382,0.006781578
761,646.3261,651.58795,626.6053,653.78467,587.7398,688.3241,556.0421,770.7095,534.4442,864.0825,560.3069,690.93756,607.3825,736.482,629.01886,714.97656,656.99,337.60394,321.56982,325.68805,319.4505,330.5766,384.45782,414.0077,432.92554,515.5735,456.2544,571.5245,568.94775,587.58813,611.6326,626.9333,646.32184,650.29504,0.9895306,0.9410447,0.9885305,0.3302667,0.95906556,0.98679113,0.98397005,0.900973,0.9011637,0.8339663,0.8421755,0.7310753,0.68121696,0.075252056,0.06659755,0.008825362,0.007664025
762,645.939,651.46814,626.1481,654.4002,587.72485,688.5534,556.2083,770.3518,534.69165,864.2376,559.71814,691.9429,608.24725,738.674,630.48395,716.8867,658.1363,337.85138,321.65588,325.86475,319.46106,330.7599,384.4655,414.98785,433.1703,517.6426,456.31714,572.3879,569.1549,588.4211,610.5769,627.10156,645.0158,650.4104,0.98984927,0.94388944,0.9886847,0.34222662,0.958442,0.9871199,0.98412865,0.9020729,0.8993681,0.8345354,0.83937955,0.7339304,0.6823561,0.077383876,0.06797898,0.009163767,0.0079270005
763,645.5804,651.3856,626.07007,654.6998,588.2062,688.635,556.5954,770.3605,534.75,865.14014,558.4772,691.3011,607.81177,737.1306,629.0275,716.1412,657.5955,337.56757,321.53876,325.40936,319.5044,330.0041,384.58496,414.05902,433.28345,516.39056,456.67493,571.55133,568.39185,587.02686,609.098,624.66974,642.9541,647.5941,0.98969257,0.9441097,0.9884274,0.34810284,0.95707965,0.9867469,0.98366857,0.8999509,0.89748514,0.83193934,0.8367569,0.7218641,0.6697931,0.072722256,0.0640485,0.008634448,0.00749442
764,645.29926,651.32935,626.0439,654.78894,588.471,688.5561,556.6796,770.89294,535.3136,866.81885,558.40344,691.36584,608.5327,735.70386,631.2035,713.5016,661.9805,337.5987,321.6596,325.22577,319.5362,329.297,384.58887,414.0158,433.4513,517.49994,457.07715,571.1503,568.44037,586.95825,608.61304,623.68463,641.4994,645.2987,0.9894632,0.9437955,0.98809445,0.3534396,0.9559866,0.9864843,0.9831958,0.8962926,0.89261246,0.8255303,0.8293254,0.70228016,0.6479218,0.066087544,0.058160633,0.007860541,0.00682953
765,645.4305,651.2217,626.3281,654.3873,588.93567,688.9028,557.27094,771.1538,534.99817,867.1278,556.8373,691.29456,608.68866,733.8015,629.525,711.3327,660.2588,337.73938,321.87054,325.54364,319.568,329.5741,384.38483,413.71112,433.23096,516.6495,457.21808,570.3653,567.69946,585.87744,609.1195,623.451,641.149,643.82526,0.98904943,0.94123006,0.9876635,0.34978616,0.95547825,0.9863312,0.9836213,0.8963946,0.8974958,0.8260601,0.8349639,0.70583904,0.65611947,0.06585783,0.058888018,0.0077464283,0.0068129897
766,644.5656,650.8367,625.26544,654.93604,588.05334,689.12177,557.4204,771.3639,535.47327,867.2292,556.7605,691.6168,608.69727,733.54364,628.2146,711.782,657.44,337.82605,321.83826,325.3719,319.53247,329.23132,384.42114,413.4626,433.46033,516.7824,457.21124,570.5222,568.49036,586.38,611.02673,624.80884,642.7309,644.73944,0.9895052,0.945135,0.9879054,0.36600953,0.95418227,0.98671484,0.9837399,0.89861095,0.89667225,0.8286761,0.8336006,0.71604514,0.66512513,0.069286615,0.061408013,0.008152783,0.007141888
767,644.01154,650.46063,624.64386,655.2047,587.8603,689.27515,557.8162,771.3233,535.3693,867.1808,556.7718,691.8856,609.06665,733.3205,628.37384,712.1702,657.2063,337.74823,321.7331,325.3042,319.45758,329.26337,384.279,413.4016,432.9944,516.25183,457.2547,569.75574,568.5446,586.4581,610.8167,624.7619,641.34717,643.3936,0.9896357,0.9474447,0.9878727,0.37861624,0.9525005,0.98649895,0.98315006,0.89718914,0.8924359,0.8267623,0.82843256,0.7072631,0.65382326,0.066346735,0.058383018,0.007844329,0.006849289
768,642.79865,649.65125,623.93787,655.122,588.2119,689.13025,557.93317,770.7267,535.9027,865.7669,558.2574,691.95667,609.2816,732.1843,627.7939,711.5404,657.56366,337.8587,322.1588,325.28345,320.063,328.79663,384.53278,412.98425,432.76538,515.9188,456.83978,570.2751,568.35284,585.8506,611.39954,624.6165,641.5055,643.24115,0.9895468,0.94837,0.9874907,0.39641017,0.95019513,0.9866247,0.9838071,0.89801776,0.89654124,0.8281824,0.83218384,0.71259975,0.6632794,0.06694737,0.05985427,0.007846981,0.006959468
769,643.1113,649.75574,624.3252,654.73474,588.412,689.0977,558.174,770.62,535.8326,865.62115,557.8696,691.0774,608.7866,730.0542,626.8695,709.43243,658.2062,337.86487,322.13727,325.2824,319.8352,328.62097,384.5572,412.3446,432.8131,514.4198,457.1931,569.4082,568.149,585.14874,610.817,623.0435,640.7732,641.2667,0.9891864,0.94606125,0.98729813,0.38519406,0.9504932,0.98590827,0.98313105,0.8938975,0.8950441,0.82409114,0.83124375,0.6923606,0.6434992,0.060282946,0.05430892,0.0070483387,0.006278038
770,643.8034,650.7579,624.91797,652.5221,588.1376,687.3293,557.134,772.73706,537.9477,865.84515,560.2682,687.7534,605.61646,730.91504,625.5931,718.30945,661.7804,338.6371,322.21216,325.65454,319.84912,330.12402,385.5738,413.08582,436.37073,504.7688,466.0409,552.0731,560.2163,576.8477,581.22485,592.3158,583.56177,584.6117,0.98299295,0.9476538,0.97653055,0.6052184,0.90052754,0.98643875,0.97576535,0.89537275,0.8179908,0.80310535,0.7217553,0.70580477,0.61419654,0.07807529,0.05729261,0.011313438,0.008867919
771,642.2584,649.66223,623.2484,652.8236,587.2207,687.8024,557.3973,772.4447,537.50134,864.9323,558.0927,688.32385,606.0104,730.6359,625.7136,718.25085,661.7028,339.04797,322.385,325.98328,319.71985,330.2397,385.25195,412.7055,436.8896,504.56158,466.5999,551.60645,559.80804,576.32947,581.2831,592.407,583.4904,584.67224,0.98355925,0.9510102,0.9766873,0.6239815,0.8965261,0.98680294,0.9760822,0.89719903,0.8173149,0.8054887,0.72084576,0.71347934,0.6219519,0.08193958,0.059950233,0.011942953,0.009362012
772,641.5761,649.2508,622.70386,652.87555,586.9285,687.7084,557.31494,772.42773,538.2185,864.5221,560.8921,688.75385,606.3971,731.1638,626.9984,719.6896,663.8756,339.774,323.1471,326.5318,320.33118,330.29828,385.27264,412.41058,437.09235,505.01556,466.73328,551.8474,560.2236,576.5829,582.93854,593.42664,585.0217,585.27246,0.9836129,0.952156,0.9764105,0.633238,0.8934051,0.98685324,0.9757489,0.89770204,0.81425273,0.80628407,0.71769935,0.7143003,0.62096125,0.082064986,0.05970207,0.011919618,0.009324461
773,640.3987,648.4833,621.5592,653.2436,586.47766,688.021,557.7383,771.4665,538.73346,860.97394,561.8233,689.77246,607.33777,732.077,628.45374,721.39966,665.12177,339.57776,322.97498,326.27905,320.30237,330.0324,385.05438,412.17145,437.25867,505.3623,467.04742,551.73206,560.21075,576.4996,584.2334,594.4756,586.6913,586.4153,0.9839995,0.95474124,0.97631085,0.64961636,0.88879824,0.9870597,0.97571063,0.89912003,0.81188506,0.80854434,0.71562135,0.71982014,0.6255421,0.08463633,0.06122777,0.012274772,0.009590387
774,640.84436,648.96783,622.1842,653.1816,586.6656,687.97076,557.25214,772.3262,538.4263,861.91455,560.58795,690.343,607.7412,733.46735,629.1808,722.975,666.6628,339.32446,322.846,325.76807,320.2478,329.10034,385.1391,411.56763,437.79944,505.3263,468.9569,551.8833,559.8989,575.8503,583.8187,593.1825,588.4013,587.0738,0.983891,0.9538079,0.97640085,0.6427908,0.8909695,0.9870801,0.97579306,0.8988577,0.812592,0.80727303,0.71629786,0.7202797,0.62640375,0.0860042,0.06235701,0.012531459,0.0098000765
775,640.0305,648.5059,621.44556,653.3541,586.41547,687.963,557.2716,772.1908,538.1686,861.6071,559.5747,690.1351,607.6425,732.1896,629.2051,721.84045,667.1441,339.60333,323.0553,325.83014,320.45,328.89636,385.13416,410.92438,438.81177,505.0938,470.29626,551.5584,559.1935,574.7914,582.3552,591.31696,586.7811,585.27686,0.98386806,0.954898,0.9758376,0.65452135,0.88639385,0.98716235,0.9756001,0.89896035,0.809078,0.8065052,0.71146876,0.7183877,0.6230385,0.08630252,0.06226155,0.012674183,0.009894729
776,639.6482,648.31537,621.0718,653.5209,586.2035,687.95776,557.16235,771.6762,538.14276,860.7787,559.8008,690.0327,607.4411,731.11475,628.4941,720.9107,666.5545,339.73743,323.1549,325.8694,320.5039,328.79657,385.03552,410.89258,439.31104,505.82104,471.1875,551.64526,559.7047,575.244,584.02185,592.86743,587.9978,586.15906,0.9839351,0.95534223,0.97567904,0.6596024,0.8849296,0.987362,0.9761002,0.9002392,0.8115888,0.8080374,0.71365285,0.7244086,0.6304902,0.087873906,0.06350559,0.012796998,0.010010332
777,638.21704,647.2615,620.0445,656.9011,586.87305,689.3422,558.0466,768.0932,536.15314,857.9297,558.55457,694.3652,611.52734,729.6866,626.76025,713.25354,660.54803,339.80255,323.88287,325.88074,320.69647,326.53564,383.9156,409.94763,434.5854,513.63025,462.7281,567.6042,566.6891,582.7775,616.38336,627.8285,641.9627,642.96466,0.9898846,0.9575112,0.98639274,0.48133126,0.93573844,0.9866452,0.98361135,0.89900506,0.8922763,0.83036107,0.8265837,0.7195516,0.67081296,0.068092376,0.06087807,0.00788945,0.0071074963
778,637.98895,647.06335,619.79675,656.8623,586.65204,689.3653,558.1472,767.8618,536.08984,858.0114,558.32574,694.6318,611.80676,729.8807,626.2429,714.18445,660.5075,340.02625,324.02258,326.07428,320.56787,326.49072,384.02734,409.60547,435.5064,512.9611,464.05865,566.532,566.2096,582.0986,615.25964,626.5331,641.069,642.0367,0.98995554,0.95779806,0.9864118,0.4836744,0.93541306,0.98685384,0.98398465,0.90054953,0.8948728,0.8328831,0.8306534,0.72740334,0.68033636,0.07176176,0.064409524,0.008372396,0.0075653493
779,637.9168,647.0087,619.78845,656.806,586.59344,689.5243,557.79364,768.76764,536.0379,858.69727,558.3057,695.0356,612.11115,730.634,627.49243,713.4947,662.1941,340.25616,324.1474,326.22357,320.2782,326.1867,383.94427,409.80408,435.91962,513.885,464.58984,567.2195,567.1509,583.2458,615.3176,626.9669,641.6373,643.2717,0.9898797,0.9576283,0.98621976,0.48667338,0.93462914,0.98707676,0.98413765,0.9012449,0.8943331,0.8327502,0.8291472,0.7300824,0.68234634,0.07334092,0.065672725,0.008595496,0.0077578723
780,638.8576,648.1863,620.65454,657.8451,586.6835,689.9718,557.6878,770.4155,536.47125,861.0521,556.69916,695.82135,613.0224,732.0327,630.25574,714.08527,666.9863,340.1927,324.08722,325.85437,320.09686,325.27545,384.1349,409.98596,435.88782,515.1312,465.38666,568.77124,567.32996,583.45306,612.1994,623.55676,638.3607,639.48,0.9898833,0.9572804,0.9864626,0.47611398,0.9363212,0.98662245,0.9831449,0.89671063,0.88648915,0.8260778,0.8195021,0.70255977,0.64962345,0.06542686,0.057965547,0.0078028142,0.0069767237
781,640.0117,648.9986,621.5098,654.5253,586.3747,688.8638,557.32446,772.8854,539.1747,861.46423,558.7272,690.72485,607.8057,733.96783,630.81366,723.3882,671.3391,340.86072,323.9903,326.5713,320.3053,328.11194,385.0595,410.6668,440.97876,507.5183,473.5912,553.1792,561.35284,576.72876,585.96436,594.1135,588.48553,585.9765,0.9841323,0.95566934,0.97605133,0.66152555,0.88627374,0.98755765,0.9767536,0.9002405,0.81390387,0.8074622,0.71570396,0.72455555,0.6319486,0.08724803,0.06361529,0.012683988,0.009998709
782,640.0039,649.0761,621.4006,654.72656,586.03674,688.96246,557.11707,773.30005,539.19995,861.94617,559.13074,690.6157,607.5786,732.4608,629.55237,721.4165,670.0578,341.06897,324.08746,326.67578,320.17834,328.00623,384.93616,410.85034,440.05255,507.57812,472.79028,554.0553,561.8644,577.28827,587.1804,595.3843,589.10156,586.578,0.9841504,0.9556789,0.9761595,0.65991473,0.88617873,0.9874469,0.9765711,0.899779,0.8134476,0.8076828,0.71541595,0.72254086,0.62971395,0.08573708,0.062457502,0.012401193,0.009767175
783,639.4721,648.9386,620.9744,654.9301,585.67664,688.79297,556.9004,773.45306,538.66925,862.6914,558.4075,690.83026,607.75476,731.4524,628.7295,721.2084,669.3462,341.1886,324.34778,326.46576,320.6651,327.43628,385.14343,410.12976,439.21667,506.44812,471.9032,554.05225,561.56165,576.4143,586.28766,593.2013,588.9595,584.97095,0.98449767,0.9569833,0.97658527,0.6643276,0.8856779,0.98733914,0.976459,0.8988458,0.813313,0.80726933,0.7156264,0.71537566,0.62258136,0.08268568,0.06040314,0.011940837,0.009441227
784,639.3188,648.8041,620.88184,655.18744,586.0118,689.1059,557.7741,773.89136,539.2242,863.5992,558.7897,690.16595,607.4307,729.85925,627.4922,719.3066,667.1595,341.39502,324.48804,326.74768,320.51617,327.54346,384.8302,409.87915,438.0553,505.61487,469.83167,554.23,561.955,576.6977,587.95764,594.7682,590.1422,586.1919,0.9844189,0.95692635,0.97628045,0.66631806,0.8834914,0.9874356,0.9766482,0.9008286,0.81694067,0.81151396,0.7201609,0.7227675,0.631198,0.08443415,0.06175977,0.012054086,0.009540677
785,639.2273,648.8428,620.9614,655.59906,586.6625,689.5004,558.5331,774.7787,539.44214,865.4367,556.96625,690.45435,607.908,728.762,625.8037,718.626,665.09076,341.74207,324.90167,327.073,320.99384,327.8017,385.02692,410.2555,437.21185,505.79633,466.95178,553.92816,561.7025,576.406,587.6184,594.5149,588.0135,584.4878,0.98444027,0.9576326,0.9759855,0.6745057,0.8810016,0.9874879,0.97685134,0.9016186,0.81780076,0.8132881,0.72037107,0.72369695,0.6326189,0.08376747,0.061229885,0.011886954,0.00941968
786,639.06274,648.73987,621.0281,655.71094,587.2145,689.58105,558.96326,776.0537,539.4159,868.4524,556.46155,688.9448,606.8382,725.4151,623.0553,715.0926,662.44995,342.06396,325.2743,327.38013,321.17902,327.7547,385.0393,409.64648,436.1344,503.6548,465.97656,552.2437,559.9669,574.2446,585.73047,592.3959,585.69727,582.4626,0.9844091,0.9580108,0.9757444,0.6814693,0.8792625,0.98759747,0.9771291,0.9020872,0.8194766,0.81406486,0.72134006,0.7260206,0.6360967,0.085173756,0.062425464,0.012127012,0.00962618
787,637.30084,647.61334,619.9133,659.0234,587.96625,691.3948,559.27356,776.48596,538.76416,871.8101,554.7511,690.9224,608.8379,715.1676,616.00183,696.5096,654.9499,342.98157,326.87488,328.08038,321.56982,325.29675,384.90625,408.6624,432.7799,510.09875,457.7561,568.2538,567.83057,581.8986,613.442,622.85034,633.51013,635.6507,0.98963684,0.96038324,0.98541725,0.5332191,0.92553836,0.98615885,0.98349047,0.8923707,0.8885201,0.8219567,0.81485724,0.685379,0.63971484,0.05673641,0.051710516,0.0066512525,0.0061157644
788,636.6317,647.1948,619.4136,658.83154,587.823,691.0941,559.224,777.49536,539.271,874.91516,555.9842,691.27295,609.4141,715.1945,617.02185,697.1605,656.0895,343.4497,327.40594,328.292,322.26373,325.2547,385.54193,408.9895,433.12964,511.27197,455.89215,568.23065,568.81464,582.7345,615.5489,624.325,635.8739,637.37384,0.9896537,0.96116316,0.9852323,0.54280835,0.9234029,0.98618495,0.9833025,0.8918345,0.88623506,0.8208848,0.8112979,0.68235826,0.63531196,0.055621833,0.050566614,0.0064631104,0.005946249
789,636.8004,647.38184,619.6315,658.86145,587.9803,690.7438,559.479,777.1553,539.4572,874.8246,556.4273,691.1059,609.5896,713.2221,615.7082,694.76917,653.3209,343.99994,327.98828,328.78387,322.7506,325.54395,385.51202,409.13995,432.0901,511.3808,453.687,568.90234,569.6805,583.5665,618.7301,627.31213,638.6909,640.00525,0.98956203,0.96066904,0.98519087,0.5409591,0.9235751,0.9860898,0.9834925,0.8917727,0.88856363,0.8213116,0.81351334,0.6862547,0.64141965,0.055385053,0.05065933,0.00633803,0.0058585107
790,636.47974,647.13007,619.29724,659.02875,588.1753,691.4509,559.6836,777.7404,539.94916,875.8202,556.5082,690.12305,608.38226,709.8626,612.9573,689.59485,650.95105,344.00336,327.89514,328.8346,322.54352,325.6626,385.74402,408.8512,432.47632,510.05896,453.18567,569.05896,570.1913,583.7449,618.4088,627.14075,637.41766,639.8867,0.9895452,0.9618076,0.9849125,0.55702966,0.9207826,0.98622,0.98329115,0.8910771,0.88485086,0.81815845,0.80556834,0.68258804,0.6358629,0.054594755,0.049511224,0.0063031316,0.0057962537
791,636.7175,647.1885,619.4304,658.97485,588.43713,691.70917,559.8509,777.7743,539.9437,875.00635,557.72375,690.8007,609.0075,711.64026,615.43,690.58923,652.4002,343.83435,327.79602,328.92462,322.91418,326.51514,385.82733,409.55804,432.48535,511.1936,451.52234,570.2299,569.29584,583.3201,616.1624,625.5681,636.345,639.5526,0.989553,0.96204984,0.9848708,0.55908847,0.9209436,0.9864012,0.98311996,0.8918023,0.8819729,0.81816643,0.80130905,0.68297875,0.63326013,0.055992573,0.05019027,0.0065401196,0.0059638023
792,636.7193,647.18616,619.4945,658.9088,588.5398,691.71204,559.8676,778.01086,540.00854,875.47864,557.6949,691.3335,609.3526,711.574,614.62317,691.34735,651.09503,343.99652,328.07727,329.10437,323.3059,326.70758,385.6256,409.38165,432.04858,511.1754,451.01447,570.3434,569.2656,583.2455,618.15515,627.42285,637.27594,640.27325,0.9895628,0.9619748,0.9848757,0.55926657,0.92101884,0.98643035,0.9834983,0.89279366,0.88550305,0.8195375,0.8053453,0.6900471,0.64289755,0.056438267,0.050971597,0.0064990222,0.0059631467
793,636.6869,647.1459,619.4223,659.06934,588.5918,691.92725,559.9669,777.2062,540.24677,873.96436,558.0979,691.086,608.8532,710.9191,613.3193,689.87366,648.808,344.33307,328.40015,329.56726,323.52863,327.25037,385.47528,409.73865,431.82086,511.94043,450.18152,571.60767,569.61865,583.74536,620.24023,629.735,638.527,641.75476,0.98954725,0.96200454,0.98487103,0.56132436,0.9210148,0.9865295,0.983783,0.8936286,0.8873726,0.8202251,0.8064681,0.69775814,0.6520015,0.05770582,0.05224219,0.0066021085,0.006070167
794,636.8755,647.2848,619.5627,659.09515,588.5954,692.10803,560.16174,776.9437,540.38043,872.9049,558.6524,690.6896,608.327,710.42004,612.2,689.5674,647.3387,344.656,328.79053,329.97192,323.97968,327.75873,385.78998,409.5537,431.6195,510.79242,449.01453,571.3139,569.63617,583.42975,619.77185,628.61096,638.5968,641.1914,0.98953044,0.9616296,0.9849693,0.5570961,0.92194647,0.98644644,0.9838508,0.8937526,0.88945377,0.8216123,0.8098887,0.6984389,0.6541339,0.05775526,0.052541077,0.006601006,0.006087452
795,636.77655,647.37836,619.6802,659.12396,588.4924,691.45416,559.6887,776.9449,540.5861,874.1647,559.8027,691.0386,609.0546,711.6061,614.2715,690.4667,650.679,345.77185,329.93878,330.82556,324.65833,327.6494,386.05243,409.7887,431.6245,511.85437,449.20837,571.30096,569.52216,583.43005,618.0092,626.7093,637.49384,639.87134,0.9894086,0.96084523,0.9849342,0.5521026,0.92260444,0.9863543,0.9838916,0.89274454,0.88991153,0.8209696,0.8114068,0.69321686,0.6495238,0.057288677,0.052451193,0.0066099465,0.0061222315
796,637.0629,647.53864,620.14014,659.02234,588.8712,691.807,560.02106,777.56683,540.16113,874.6998,558.4206,690.7998,609.0729,710.0539,613.13275,688.1011,650.4467,346.72766,330.87915,331.80237,324.95813,327.97345,386.33246,409.80914,431.42725,511.05603,449.76892,571.69275,570.1123,583.6856,618.1207,626.10864,638.468,640.05273,0.98921394,0.9597957,0.98482,0.54842293,0.9231212,0.98630786,0.9842124,0.89251995,0.89326817,0.8212879,0.8156368,0.6937138,0.6530797,0.05741927,0.053189844,0.0066278577,0.0061899126
797,637.0387,647.53937,620.09485,658.8867,588.79114,691.6641,559.7311,778.1421,540.2769,875.5775,558.5856,689.9805,608.04193,709.027,611.8964,687.42316,648.92267,346.67877,330.943,331.74597,325.42908,328.20435,386.74677,409.47784,431.72827,509.93842,450.0127,571.4758,570.2921,583.54443,617.47906,625.2857,637.7914,639.6567,0.9892521,0.9599288,0.9849286,0.54737955,0.92362416,0.98618793,0.98396385,0.891836,0.8922111,0.82005376,0.8138218,0.68760633,0.64618534,0.055417,0.051231384,0.006396383,0.0059598386
798,636.8563,647.43976,619.8199,659.0288,588.523,691.77716,559.8686,777.88965,540.35187,874.92566,558.5923,689.96094,607.96814,709.1714,611.4023,688.05804,648.4248,346.90515,331.0871,331.9436,325.5196,328.419,386.90704,409.55035,432.11133,509.96436,450.2149,571.8042,569.77216,582.94763,615.52136,623.165,636.6733,638.33875,0.9893485,0.96076536,0.9849638,0.5517702,0.9226401,0.9861809,0.9836181,0.89186275,0.8894497,0.8203363,0.8106719,0.68538785,0.64166135,0.056195885,0.05144623,0.0065784454,0.006088257
799,636.9162,647.5477,619.84955,659.2853,588.57935,692.3136,559.89264,778.62976,540.5959,876.7721,558.84204,690.73834,608.63336,709.11914,612.21954,686.12305,649.5486,347.13965,331.21893,332.10638,325.39008,328.33795,387.0061,409.89496,432.35303,510.66455,451.5332,572.30597,570.578,583.8601,617.0708,624.8445,637.6535,639.25397,0.9892503,0.9611194,0.98471344,0.5584611,0.9211985,0.986269,0.98323196,0.89106864,0.88455546,0.81642306,0.8021649,0.68211746,0.63506645,0.055481315,0.05018255,0.006523937,0.0059898198
800,637.06445,647.6174,619.90594,659.32544,588.5868,692.20557,560.1266,778.8463,540.4411,876.69946,558.033,689.9508,608.1056,708.12756,611.6982,685.47626,648.3803,347.24255,331.2561,332.32635,325.29205,328.63672,387.04755,409.8532,432.6256,510.01373,451.774,572.5427,571.00476,584.2943,618.12726,626.3518,639.0039,641.6113,0.9893662,0.9612812,0.9849129,0.55777216,0.9219233,0.98639095,0.9835255,0.892028,0.8868021,0.8181358,0.8051671,0.6877663,0.6420226,0.05666262,0.05143714,0.0066184998,0.0060871243
801,636.3752,647.2231,619.1327,659.71674,588.42175,692.5332,560.7018,778.8398,541.5443,875.2287,561.8661,690.7435,608.41766,708.5082,610.65186,688.4218,645.6919,346.7348,330.71967,331.79828,325.41687,328.86353,387.1344,410.65527,433.10437,512.20996,452.21033,575.04047,573.87366,587.4039,620.7023,629.17426,641.8695,644.23254,0.98958504,0.963086,0.9847707,0.57219374,0.9175494,0.98631644,0.9833635,0.89340544,0.8864951,0.8216201,0.80536735,0.6903453,0.6438736,0.05626732,0.050870866,0.006504178,0.005985081
802,636.5011,647.2643,619.0873,659.78864,588.213,692.6669,560.9571,778.70013,541.77734,875.31714,562.6944,690.37024,608.1032,707.54474,609.5592,687.5769,644.64087,347.03052,330.8515,332.16388,325.1457,329.12048,386.95056,410.39288,433.56293,511.7223,452.35992,574.92035,573.6998,587.16766,619.4621,627.9796,640.5249,643.09015,0.9896131,0.9630462,0.9848496,0.57078743,0.91774833,0.98627424,0.98342663,0.8931771,0.8874614,0.82197505,0.8069594,0.68900955,0.64342153,0.056233764,0.05098915,0.006533742,0.006021172
803,636.77075,647.4385,619.28534,659.8464,588.3072,692.8254,561.21686,778.807,542.2457,875.7336,561.80005,689.75604,607.65216,706.35205,608.58105,685.60425,643.59265,347.29413,330.9909,332.4604,325.06555,329.37665,387.29053,410.68542,433.82654,511.3459,452.34326,574.5935,573.8608,587.24286,621.6113,630.2491,642.54016,645.53406,0.9896337,0.9628693,0.9850147,0.5684499,0.91914237,0.98637307,0.9835949,0.89317775,0.88826334,0.82158977,0.8074862,0.6935999,0.6488016,0.057223618,0.05197817,0.0066046715,0.006086886
804,636.53937,647.4206,619.17194,660.0363,588.2592,692.54047,561.30756,778.88916,542.2049,875.85406,561.51575,689.1484,607.2826,706.13727,608.32874,685.928,642.7326,348.01044,331.73047,333.00067,325.74542,329.55695,387.77222,411.05884,433.71582,511.80084,452.3739,574.11426,574.19653,587.3995,622.90704,630.9544,644.21405,646.2124,0.98965496,0.9633698,0.9849565,0.5733001,0.91769075,0.98637056,0.9834174,0.89357775,0.88715243,0.8226998,0.80680287,0.69648325,0.6506729,0.05832395,0.05276665,0.0067281127,0.006188929
805,636.4893,647.4863,619.14465,660.0709,587.9423,692.44727,560.74066,778.9555,542.0666,875.479,560.3436,689.8521,607.81256,707.4181,609.44336,685.84357,643.8528,348.6889,332.37592,333.50427,326.13593,329.57996,387.9035,411.45557,433.55176,512.7624,452.2483,574.46497,574.25543,587.61194,623.7743,631.86597,645.90186,647.86664,0.9896536,0.9637232,0.98497164,0.57499886,0.91775537,0.9864979,0.9829755,0.8936393,0.8820673,0.82101667,0.7994482,0.6970999,0.6472348,0.05956289,0.052998126,0.006922841,0.006291926
806,635.94745,647.29004,618.5587,660.298,587.5057,692.5234,560.5248,779.1384,541.83246,875.5807,559.5201,691.89307,609.3354,708.3228,609.5288,688.1746,643.38586,348.98602,332.86267,333.64276,327.22015,329.95648,388.01367,411.4193,433.28827,513.0947,451.93872,574.9374,574.46606,587.75977,623.0945,630.9735,643.6929,645.2737,0.9897383,0.9648064,0.9848449,0.5829445,0.91530246,0.9863249,0.9825783,0.8936426,0.87960047,0.8206258,0.7959254,0.69133765,0.6398714,0.05721599,0.05053574,0.006653428,0.006030172
807,635.6112,647.182,618.2514,660.5806,587.4306,692.4883,560.6386,779.7696,541.73193,876.5099,558.2354,692.41296,609.7701,709.4225,609.6418,690.55817,642.6593,349.19843,333.12933,333.78613,327.71967,330.1532,388.12347,411.4367,432.9431,512.7357,452.01257,574.5672,574.015,587.3352,622.0635,630.21185,642.6849,644.7651,0.9898385,0.9660311,0.98473203,0.5926919,0.9124055,0.9862915,0.9819882,0.8943558,0.87517405,0.82128704,0.79065883,0.6916317,0.6366355,0.058120638,0.050590664,0.0068200827,0.006124586
808,635.6771,647.3434,618.4039,660.62976,587.518,692.3771,560.41705,780.92,541.7864,878.93726,557.979,692.1473,609.76904,709.1798,610.9029,688.98627,643.92896,349.463,333.45435,333.92126,328.20636,330.18958,388.66144,412.2765,433.08484,514.42926,452.23938,574.52844,574.25525,587.66956,620.77454,628.7949,642.4625,643.91833,0.9898127,0.9661722,0.9846739,0.5948324,0.912396,0.98645246,0.9816891,0.8937613,0.87030447,0.818788,0.7835797,0.68701446,0.62843597,0.058443666,0.050290793,0.0069631934,0.0061996877
809,636.1214,647.59106,618.7137,660.65015,587.7483,692.79254,560.6233,781.36676,541.63855,879.84973,556.9893,693.14294,610.6038,709.89307,611.68317,689.4476,644.4092,349.29395,333.27686,333.9109,328.18463,330.6068,388.3949,412.3943,433.26587,514.7423,452.75513,574.6128,573.8602,587.5104,621.06824,629.58795,641.97723,643.82605,0.98981875,0.96609056,0.9847063,0.59278405,0.913289,0.9865054,0.98169744,0.8938591,0.8696033,0.81734383,0.78157747,0.6869179,0.6277936,0.057889402,0.04965639,0.0068733096,0.006103605
810,636.43225,647.94196,619.0563,660.65405,587.80273,691.61694,560.2826,781.2526,541.90765,879.3125,556.1327,691.8679,609.5125,713.1059,613.57745,694.7958,644.0773,348.93652,333.22778,333.6593,329.0724,331.01764,388.67285,412.8374,432.66846,515.2772,452.54602,575.4457,572.6381,586.64166,619.6295,628.8682,641.3104,644.15735,0.98998106,0.96568704,0.9851632,0.5800388,0.916662,0.98651105,0.9817745,0.89568746,0.8721874,0.82114923,0.7869419,0.69387007,0.63458097,0.059948683,0.051423788,0.0071009398,0.0062903166
811,636.57666,647.9544,619.2014,660.4897,587.9361,691.59033,560.4816,780.7511,541.453,879.09656,555.5434,691.0358,608.96844,711.5671,612.7296,692.9258,643.73865,349.06726,333.30096,333.8604,328.96497,331.21332,388.7483,412.98523,433.13684,515.5582,453.4936,575.8852,572.81177,586.72534,618.80225,627.73206,640.95886,643.11646,0.9899106,0.96545434,0.9850543,0.57977974,0.9164531,0.9865109,0.9816742,0.89521825,0.8709025,0.81996965,0.7847821,0.69031304,0.63020766,0.059558332,0.050917923,0.0071061254,0.0062775016
812,636.2165,647.7483,618.87805,660.48206,587.73956,691.5222,560.52856,781.4861,541.2283,879.7065,555.21545,690.4756,608.71783,710.14294,612.97406,691.65796,643.9505,349.25494,333.523,333.9182,329.2846,331.16736,389.27924,413.0683,433.23242,515.2041,453.55237,575.23505,573.1313,586.7146,621.1432,629.3913,643.01904,644.3458,0.98991156,0.96602786,0.98491514,0.58765334,0.91459584,0.9864905,0.9814124,0.8945877,0.86831343,0.81886226,0.78130853,0.68845814,0.6270768,0.05862418,0.0499413,0.006934017,0.0061178207
813,636.18365,647.6752,618.77747,660.6315,587.83484,691.9681,560.7613,780.4298,541.2405,877.4999,555.0495,691.47925,609.31464,711.1643,612.5598,692.8275,643.1655,349.21497,333.409,333.9801,329.1364,331.43506,388.9911,413.05157,433.59265,515.42676,452.72858,574.85034,572.79565,586.52466,622.33936,630.90015,643.89636,645.6489,0.989966,0.9665582,0.9848653,0.5927936,0.91356003,0.98662424,0.98151624,0.8958319,0.86836714,0.8203075,0.78121424,0.6969591,0.6356504,0.06096813,0.051717103,0.0071882904,0.0063289106
814,636.2069,647.6188,618.76056,660.6697,588.01135,692.42487,561.34296,780.38336,541.7918,876.9498,555.79474,691.7413,609.5665,710.0682,611.35175,691.8209,641.9055,349.07086,333.2522,333.99268,329.02087,331.73535,389.22546,413.3578,433.92346,515.2659,452.98877,575.1124,573.8137,587.467,622.97034,631.55273,644.2799,646.078,0.98996294,0.9665017,0.9848486,0.5940516,0.9133735,0.98656666,0.98182005,0.895602,0.8713529,0.82065773,0.7847463,0.69612277,0.6373569,0.059851974,0.051238477,0.007011771,0.00621742
815,635.92377,647.3715,618.513,660.5239,587.9438,691.70905,561.36487,779.58594,541.79803,876.72705,554.9297,690.9502,608.9763,708.8782,609.40125,692.5564,639.08997,348.95856,333.22565,333.95233,329.14355,331.8125,388.8883,412.7409,433.44177,513.88776,452.93835,574.8849,572.8083,586.402,624.7761,633.84674,644.7855,647.7627,0.990079,0.9663894,0.98506236,0.5916642,0.9145316,0.9867002,0.9827486,0.89798,0.8800733,0.82523763,0.7962267,0.71230423,0.65933913,0.06292209,0.05478722,0.007232696,0.006487608
816,636.2583,647.57635,618.8296,660.5176,588.11615,691.96924,561.8041,779.59796,542.018,876.3047,555.24286,691.5054,609.4916,710.06726,609.4624,694.6029,639.1923,348.82422,333.12286,333.8911,329.04016,331.82526,389.0423,412.53503,433.3518,512.83405,452.90564,574.45685,572.9422,586.3468,624.1659,632.78613,644.6631,647.09247,0.9901263,0.96595895,0.98525894,0.5850511,0.91619647,0.98665655,0.98310435,0.8985357,0.8846197,0.82765746,0.80369705,0.7145265,0.6645338,0.06319344,0.05567074,0.0072342157,0.0065420866
817,636.4966,647.76953,619.0595,660.6272,588.2716,692.14484,561.9324,779.69104,541.97833,876.2589,555.34863,691.7821,609.74634,711.3581,610.4525,695.7364,640.29236,348.90485,333.1654,333.96924,329.0509,331.90118,389.14514,412.59082,433.2658,512.5387,453.3252,574.4067,572.6684,586.10474,622.977,631.56067,644.46967,646.75464,0.9901045,0.96592486,0.9852849,0.58293355,0.9164207,0.9865272,0.982686,0.89776415,0.88206863,0.82666194,0.8010652,0.7093583,0.65744317,0.062462896,0.054737628,0.007206887,0.006490022
818,636.2038,647.5125,618.78754,660.61035,588.34344,692.97284,562.0346,780.4151,541.9566,876.0836,555.2538,691.91986,609.6397,709.4687,609.9664,691.82,640.2155,348.8247,333.0855,333.92456,329.03333,331.98816,389.55792,412.83984,433.90613,512.6618,453.69592,574.59265,574.0172,587.1865,624.11017,632.2505,645.17944,646.9679,0.9899661,0.96619356,0.98491436,0.59285647,0.9140382,0.9865412,0.9824946,0.8965389,0.87900126,0.8232573,0.7948844,0.7027621,0.6496093,0.060077727,0.052469403,0.006930679,0.0062368214
819,636.5035,647.63477,619.1118,660.63025,588.72565,693.07404,562.2784,779.8761,541.99036,875.36444,555.2888,692.5054,610.29016,710.593,610.41394,693.3813,641.30096,348.76044,332.9563,333.9768,328.64722,331.99628,389.18347,412.70007,434.151,512.5347,454.0019,574.4754,572.7123,586.1333,622.7768,631.5771,643.4603,646.2817,0.9899534,0.9658973,0.98491764,0.59095216,0.91462463,0.9866032,0.9828807,0.8972,0.8818461,0.8246282,0.7989706,0.70724684,0.6561276,0.06162229,0.0541676,0.0071183443,0.006433457
820,636.6722,647.70544,619.2892,660.5126,588.82635,693.173,562.20166,779.97076,541.81995,875.3342,555.2898,692.0528,609.724,709.4676,609.10065,691.9783,640.077,348.66095,332.86346,333.9214,328.511,331.94995,389.26392,412.47284,434.51794,511.9096,455.02417,574.41754,573.1708,586.3966,623.31635,631.9783,644.1575,646.95703,0.9899137,0.9654323,0.9849676,0.58727944,0.91566956,0.98659503,0.9831101,0.89716053,0.88420963,0.8245653,0.8017334,0.7077644,0.65844494,0.06115055,0.05411005,0.0070295334,0.0063785613
821,636.7544,647.79156,619.51654,660.6421,589.181,693.4141,562.3706,780.69354,541.7392,875.8632,555.3715,692.4076,610.26184,710.3927,610.489,692.9586,642.62683,348.7697,332.90875,333.9485,328.2412,331.59332,389.23212,412.58954,434.56494,512.2178,455.70648,574.1301,572.9268,586.2464,622.41565,631.1211,643.54596,646.3209,0.9898678,0.96555316,0.9847865,0.59161437,0.91420513,0.9866015,0.98307776,0.8968852,0.883236,0.82450044,0.80105424,0.7057435,0.6559122,0.061265916,0.054225296,0.0070786774,0.0064305663
822,636.5956,647.74536,619.4234,660.90094,589.33124,693.9127,562.44464,781.646,541.8494,876.9351,554.7897,692.007,609.6817,709.2689,609.19604,690.9172,641.5909,349.01593,333.07495,334.12866,328.14087,331.48004,389.3181,412.47803,434.81415,511.82092,456.86682,574.532,573.1692,586.31323,621.9761,630.6788,642.72107,645.84546,0.98981035,0.9662503,0.98447394,0.60284686,0.9110963,0.9866371,0.9826998,0.8966022,0.8790936,0.8224937,0.79390365,0.7030505,0.6505599,0.06101185,0.053438574,0.0071202815,0.006426871
823,636.47754,647.70386,619.37885,661.015,589.41125,694.0361,562.5142,782.37964,542.30164,878.20435,554.4201,692.5968,610.24585,710.5819,610.20447,692.32947,642.69464,349.16248,333.21008,334.232,328.1527,331.36798,389.06555,412.41003,434.74365,512.1343,457.3081,574.2551,572.45886,585.7436,621.7073,630.70776,642.536,646.05493,0.9898174,0.9665862,0.9843881,0.606749,0.9100702,0.9867023,0.9825891,0.89692456,0.8775269,0.8221047,0.7915175,0.7047594,0.6510813,0.061945766,0.054032266,0.007249981,0.0065282583
824,636.64984,647.8043,619.58344,660.9355,589.481,693.9842,562.5646,782.3317,542.49384,879.25116,554.84656,692.5681,610.3057,710.37573,609.9662,691.5607,642.5245,349.34717,333.36267,334.39136,327.97656,331.1875,388.82062,412.18945,434.83386,512.4135,458.10925,574.7398,572.75903,586.0062,622.38654,631.13574,642.94763,645.96063,0.9897851,0.96613765,0.9844581,0.6031292,0.9113363,0.98674315,0.98285925,0.89683527,0.8796387,0.821335,0.793426,0.705369,0.6532204,0.061558098,0.054037273,0.007184297,0.0064967573
825,637.1242,648.2494,619.97894,661.3348,589.82715,694.35095,562.726,782.5007,542.2511,879.6504,554.4415,693.4095,610.9583,710.78564,610.25073,691.9292,642.4497,349.1239,333.18823,334.2249,328.04834,331.30963,388.99738,412.2168,435.0099,512.00336,457.7478,574.0528,573.29474,586.5961,623.1753,632.3053,643.19934,646.88196,0.9897809,0.96620977,0.9844506,0.6024433,0.9114106,0.9866962,0.9826387,0.8966311,0.8779166,0.82049155,0.79105467,0.7043966,0.6511281,0.060964584,0.05323395,0.0070995986,0.00639382
826,637.6816,648.7336,620.5358,661.5725,590.1706,694.3269,562.75635,782.63617,542.30005,879.8849,554.27637,692.5459,610.32526,710.2729,610.6567,690.52704,643.1083,349.04694,333.1488,334.18988,327.9552,331.2115,389.07214,412.09143,434.83386,511.43365,457.67896,574.0739,573.2913,586.56476,622.2733,631.53625,642.5461,646.64886,0.98972327,0.9658222,0.98450035,0.5980037,0.9125857,0.986626,0.9823383,0.8955748,0.875371,0.8184417,0.7873596,0.6986883,0.64364135,0.059860677,0.05201128,0.0070206523,0.006290108
827,638.5374,649.36975,621.3557,661.66644,590.59644,694.6644,562.5107,782.3081,541.85693,879.51306,553.6473,692.08936,609.6385,709.39636,609.9264,687.6389,642.89526,349.05908,333.13568,334.2516,327.7976,331.2442,389.10815,412.1255,435.0077,511.46765,457.8238,574.3505,573.73047,586.96436,622.47327,631.6323,642.91077,646.8305,0.98959935,0.96487856,0.98460203,0.588845,0.9152914,0.98657084,0.9822186,0.8941411,0.87389505,0.8150792,0.7841314,0.69281125,0.6370536,0.05817023,0.05042371,0.0068412125,0.0061067343
828,638.78754,649.5578,621.7437,661.4264,590.7702,694.4685,562.51105,782.11053,542.31415,879.1353,554.3644,692.57965,610.31354,710.0277,610.6473,688.26514,644.4796,348.95605,333.1643,334.05603,327.92615,330.8864,389.36353,412.04614,434.4865,510.91693,457.6953,573.59485,573.50793,586.53766,621.88635,630.35803,642.62006,645.5023,0.9895197,0.9639196,0.984625,0.58121103,0.91709554,0.9865679,0.9826056,0.89415133,0.8776089,0.8158858,0.78982055,0.693635,0.6404796,0.058125764,0.050917447,0.0068117976,0.0061247945
829,638.8288,649.5804,621.83575,661.4023,590.89264,694.4067,562.61194,782.06464,542.53265,879.38477,554.7505,692.84906,610.7045,710.1145,610.9945,688.4371,644.8626,348.91827,333.1773,334.0393,327.93542,330.82184,389.24365,411.97076,434.41504,510.98187,457.84106,573.3448,573.15393,586.2131,622.2303,630.7213,642.379,645.219,0.9894675,0.9635822,0.98453355,0.5806906,0.917143,0.98664796,0.9829333,0.89480376,0.8800299,0.81670165,0.79281896,0.69815373,0.6466533,0.0589664,0.051936924,0.006878525,0.0062105358
830,639.0712,649.7187,622.0512,661.4412,591.0378,694.3233,562.8549,781.8722,542.4021,879.2411,554.0844,693.1119,610.9508,711.3926,610.74896,690.5767,643.49915,348.77057,332.96844,333.94946,327.64862,330.80017,388.9702,412.17987,434.31537,511.61798,457.77203,573.65173,573.39294,586.7001,623.6847,632.54333,644.0576,647.14124,0.98958385,0.9635168,0.98476183,0.57676065,0.9183359,0.9867864,0.9833797,0.896623,0.8840077,0.8201154,0.7989272,0.7089876,0.6596419,0.061640084,0.054589003,0.007129431,0.006460488
831,638.8283,649.50854,621.8424,661.4071,591.1195,694.6573,563.12585,782.14355,542.2519,879.4219,553.3839,692.8772,610.46094,710.6874,608.7256,690.7056,641.1468,348.43396,332.6964,333.6706,327.63788,330.7893,389.30457,411.79907,434.69623,510.12122,458.6809,573.0218,573.46936,586.34076,623.0346,631.4247,643.1348,645.9602,0.9896269,0.9638283,0.98471034,0.58114076,0.9173463,0.9868121,0.98362565,0.89752954,0.8869239,0.82190037,0.80292255,0.71202755,0.6647396,0.06199345,0.055264324,0.007155061,0.006520003
832,638.7228,649.5003,621.72107,661.59576,591.1311,694.64374,563.1541,782.3805,542.4308,879.52405,553.187,693.1831,610.83453,711.057,609.8119,690.75696,641.9012,348.36047,332.63568,333.60596,327.7389,330.86243,389.22876,411.9621,434.65222,510.41577,459.2149,572.9942,573.49585,586.573,622.25775,631.2389,642.337,645.89105,0.9895873,0.964213,0.98455095,0.58490527,0.91586804,0.9866954,0.9830991,0.89666224,0.8825051,0.8198089,0.7967515,0.70598704,0.6557241,0.060798764,0.05366063,0.007073581,0.006400734
833,638.8845,649.67584,621.9361,661.59644,591.17883,694.4246,563.0055,781.96814,542.9853,879.28345,555.4329,693.54126,611.2119,711.0922,609.80817,690.876,642.57715,348.24585,332.55267,333.37982,327.62036,330.4278,389.22522,411.76758,434.7992,510.67596,459.02863,573.51575,573.8174,586.8642,621.2699,630.0977,641.37537,644.8407,0.98953384,0.96366394,0.9845393,0.5804123,0.91650355,0.98662066,0.98322153,0.8961886,0.88393104,0.8198483,0.7989085,0.70297295,0.65385056,0.05996892,0.05320999,0.006995529,0.006352693
834,639.03754,649.7577,622.2036,661.47687,591.45154,694.315,563.1849,782.1098,542.9352,879.7218,555.05286,693.9202,611.73236,711.8915,610.12134,692.35736,643.07336,348.45856,332.8056,333.5575,327.7373,330.36536,389.2307,411.43726,434.84766,510.09247,459.30566,573.407,573.5242,586.4588,621.3875,630.0032,641.07434,644.4988,0.98949724,0.9635477,0.984458,0.5807506,0.9161237,0.9865824,0.9832479,0.89642376,0.88470674,0.82015836,0.7999845,0.7037115,0.6551386,0.05982867,0.053197294,0.0069583654,0.006332338
835,639.38,650.00885,622.4966,661.5487,591.50854,694.6386,563.0397,782.0963,543.09235,879.2756,555.43134,694.28613,611.81177,712.7915,610.3403,692.4351,643.8251,348.45624,332.67773,333.50714,327.35767,330.1521,389.2464,411.461,435.19885,510.15308,459.85022,573.76624,573.9233,586.9039,621.9949,630.6756,642.25714,645.8432,0.9895241,0.9633361,0.9845981,0.57715905,0.9174309,0.98669004,0.98334074,0.8966665,0.8848989,0.8201364,0.80016,0.7058539,0.6571595,0.060617536,0.053854078,0.007050693,0.0064079463
836,639.5688,650.1605,622.62134,661.6462,591.54205,695.06213,563.0629,782.2915,543.27515,878.9,556.3474,694.3,611.7843,712.277,611.1041,690.49115,645.1865,348.74854,332.96338,333.82898,327.61298,330.5017,389.58252,411.4994,435.32092,509.43677,460.1618,573.03925,573.81116,586.6266,621.4337,629.8248,642.37524,645.579,0.98943675,0.9633415,0.9844968,0.5785178,0.91727614,0.9866314,0.9828875,0.8951819,0.88068485,0.81684506,0.7939733,0.6985985,0.64734703,0.059246093,0.052213818,0.006944537,0.0062727034
837,640.09973,650.6211,623.1802,661.86316,591.8786,694.96594,563.3824,782.2375,543.61224,878.2423,556.66064,694.86017,612.08105,715.6786,611.5396,695.8091,643.7467,348.794,333.08447,333.8885,327.87122,330.62067,389.45734,411.46912,434.9414,509.65356,459.6454,573.498,574.21625,587.1477,624.06555,632.3838,645.633,648.60657,0.9896387,0.96336067,0.9849354,0.57119024,0.9194123,0.9867039,0.9832428,0.89762354,0.8855393,0.82183444,0.8021183,0.71185577,0.66274834,0.061938137,0.0549134,0.0071406066,0.006476611
838,640.21405,650.745,623.2378,662.00476,591.90814,695.1923,563.50116,782.5136,543.28204,878.77734,555.5867,695.4042,612.4509,716.6715,611.75476,697.244,643.6371,348.83038,333.12463,333.91315,328.0708,330.80658,389.64264,411.49713,434.9699,509.3144,459.91028,573.2813,574.1181,586.99255,623.7495,631.9503,645.42267,648.1758,0.98970497,0.9637506,0.98503935,0.571215,0.9194961,0.9866116,0.9829245,0.89728653,0.8836658,0.8212246,0.8000413,0.70878613,0.65828097,0.0611749,0.053970188,0.007071227,0.0063914955
839,640.25574,650.7873,623.2939,662.1398,592.1299,695.1393,563.7045,782.0741,543.0224,878.7499,555.1314,694.8428,611.9838,716.12024,611.1649,696.6902,642.4097,348.84967,333.16443,333.99664,328.15344,330.9912,389.46484,411.4677,434.8025,509.4444,459.84448,573.49005,573.9857,586.90063,623.7901,632.068,645.2434,647.95056,0.98970747,0.9640485,0.9849837,0.574245,0.9187741,0.98660856,0.98276186,0.89735246,0.8822237,0.8206595,0.79745567,0.70890725,0.65731704,0.061277032,0.05378443,0.007102996,0.006397575
840,641.0416,651.45715,623.9404,662.6566,592.34344,695.84845,564.0716,782.3867,543.29974,878.0775,556.92694,695.81415,612.6299,717.69855,611.9313,697.324,641.6112,348.7177,332.9289,333.92023,327.60168,330.8131,388.958,411.8708,434.39288,511.30072,458.6106,575.2804,575.675,588.9216,627.8931,636.0241,650.766,652.5762,0.98975444,0.96391386,0.9851619,0.5701447,0.9199631,0.98675025,0.9828237,0.89832306,0.8822975,0.8218334,0.79730237,0.71668196,0.6644934,0.06315109,0.05516079,0.0072362423,0.006495148
841,641.2245,651.6375,624.0857,662.82764,592.39764,695.96436,564.0608,783.0359,544.063,879.10657,558.80896,697.28156,613.9766,719.80554,614.1312,699.6226,644.06146,348.80304,332.9516,333.94672,327.49628,330.71802,388.24976,411.84784,434.2475,512.6124,458.79028,575.4414,575.0285,588.7403,627.0329,635.8225,649.38025,651.64734,0.98976934,0.9641133,0.98513585,0.57063675,0.9195703,0.9866694,0.98259413,0.89764524,0.87999105,0.8203027,0.7942122,0.71171814,0.6579538,0.061679244,0.05368194,0.007083088,0.006344825
842,641.32336,651.85364,624.10956,663.32465,592.5207,695.995,564.4455,783.52673,544.3701,879.62244,560.6156,697.80756,614.7745,720.31616,615.72144,701.4823,645.681,348.5871,332.7531,333.729,327.50348,330.6942,388.15576,411.781,434.16467,512.4118,458.77777,574.57544,574.4411,588.3241,624.9065,634.20276,647.0298,649.9131,0.9898534,0.96469283,0.98510754,0.5743807,0.91816735,0.9865646,0.9824257,0.8973541,0.87898433,0.82122624,0.79454374,0.70778084,0.6533228,0.061157525,0.053192228,0.0070655346,0.0063287914
843,641.71497,652.2115,624.3839,663.6051,592.4681,695.9775,564.6964,783.031,545.28876,879.01746,560.8634,698.1519,614.9701,722.5098,616.0866,704.0055,644.71405,348.4726,332.59778,333.64703,327.24792,330.57947,387.8546,411.5857,433.8593,512.2687,458.3683,574.7997,574.60046,588.60754,627.43304,636.8907,650.1226,653.20624,0.9900118,0.9647461,0.98547137,0.5681012,0.92029893,0.9868076,0.98261964,0.8997284,0.88093835,0.8245293,0.79773474,0.7225796,0.66832143,0.06571621,0.05693531,0.007549256,0.006734282
844,641.4902,652.1172,624.20874,663.7753,592.5453,696.1303,564.8358,782.6832,545.63995,878.4872,561.377,697.57007,614.43,720.50037,615.06116,701.5991,644.1437,348.53168,332.68134,333.66394,327.37854,330.56927,387.84796,411.47717,433.97668,512.315,458.66486,574.2418,574.75543,588.54944,628.03394,637.1151,649.58575,652.0226,0.989896,0.96493274,0.9851405,0.57494646,0.9179549,0.98675203,0.982409,0.8991716,0.87885666,0.8231231,0.7942066,0.72052175,0.6653526,0.064858824,0.055976212,0.0074632466,0.0066457093
845,641.5588,652.1987,624.3482,663.8766,592.7771,696.28424,564.8456,782.61255,545.34235,877.7449,560.24414,697.07214,613.9588,719.6002,614.7335,699.56384,643.6874,348.641,332.78937,333.7774,327.36658,330.54633,387.82135,411.54114,434.13855,512.7353,458.95142,575.26196,575.19574,588.9531,629.0762,638.0971,650.3444,652.8227,0.9897959,0.9648552,0.9849529,0.578138,0.91707337,0.98676014,0.9823228,0.8987529,0.8772652,0.8213208,0.7904804,0.71910375,0.6631834,0.06409794,0.05515036,0.0073658526,0.0065477192
846,641.6466,652.30005,624.44446,664.07007,592.93964,696.5679,564.9902,783.43463,545.46936,878.6748,561.4103,696.75415,613.62366,719.5986,614.85815,699.49744,643.9655,348.6162,332.72113,333.74152,327.18213,330.40076,387.89496,411.18268,434.40857,511.85486,459.5479,574.9712,574.9591,588.5608,627.5158,636.47656,649.3952,652.1434,0.98981345,0.96494675,0.9849497,0.5798765,0.9167049,0.9867766,0.9824109,0.8986871,0.87817776,0.8216596,0.79193676,0.7175524,0.6621891,0.06397581,0.0552828,0.00738132,0.0065818727
847,641.9113,652.638,624.71423,664.5124,593.15125,697.2029,564.82745,784.05347,544.9966,879.48914,561.7379,696.98206,613.34753,720.644,615.2009,699.5334,644.0233,348.62848,332.7179,333.68677,327.136,330.20312,388.0974,411.1034,434.56128,511.69263,460.0415,574.7237,575.6969,589.1764,628.9489,637.55005,651.79706,654.00085,0.9898505,0.9653181,0.9849862,0.582783,0.9165852,0.98697186,0.9822917,0.89944446,0.8762958,0.82156277,0.78910685,0.7225308,0.665443,0.06605518,0.05664447,0.00764212,0.006777525
848,641.917,652.6697,624.75385,664.4783,593.16504,697.26715,564.79565,783.7245,545.22437,878.4459,562.0657,696.7106,613.23047,718.95575,615.0447,697.29193,645.207,348.64417,332.76617,333.64948,327.22003,330.1194,388.20068,411.073,434.5569,511.58313,460.11,574.18756,575.43024,588.7096,628.1093,636.2545,650.47754,651.9562,0.989743,0.96476483,0.98489296,0.5803027,0.91691846,0.98685974,0.98242664,0.8981645,0.877311,0.82032377,0.7905831,0.71701515,0.66132635,0.06422171,0.05547592,0.0074385405,0.006630987
849,642.33984,653.14685,625.0617,664.7654,593.0338,696.93933,564.6694,783.3051,545.3134,878.0103,562.6568,696.8556,613.2961,720.22186,615.3148,700.00824,645.0555,348.4878,332.68787,333.4109,327.4884,330.07275,388.5595,411.2079,434.4226,511.51385,459.75232,573.974,575.7596,589.02875,628.64954,636.6581,651.09186,652.2749,0.98991567,0.96474606,0.9852892,0.57192934,0.9191816,0.98680377,0.9824072,0.89856553,0.8784516,0.8222766,0.793963,0.7180604,0.662454,0.06414795,0.055403322,0.007384509,0.0065740645
850,642.5493,653.5158,624.9374,665.47107,592.68353,697.2681,565.0818,782.82,545.574,876.9917,560.3145,697.0158,613.2309,718.7585,612.6698,699.1487,641.3087,348.32202,332.4391,333.29413,327.5055,330.45697,388.61896,411.74854,434.1607,511.77588,459.93964,574.9312,576.2665,589.5995,627.7429,636.19086,648.1296,649.70996,0.9901105,0.9650855,0.9856105,0.56843126,0.9202034,0.9867401,0.98272824,0.8991055,0.88166666,0.82434076,0.7986417,0.7190773,0.6657753,0.063673705,0.055264175,0.007335633,0.0065484345
851,642.71857,653.6664,625.1145,665.5721,592.8074,697.3002,565.10156,782.6785,545.42285,876.80786,560.0253,697.28125,613.4535,719.72034,612.87054,700.33527,641.5591,348.2799,332.3405,333.21564,327.34723,330.33496,388.5097,411.90143,434.10754,512.2551,459.76196,574.8421,575.6629,589.1408,626.7074,635.2933,647.5066,649.1154,0.99017704,0.9651067,0.9857358,0.5668504,0.92095494,0.986814,0.98294044,0.8995851,0.8829561,0.825591,0.80101883,0.7213792,0.6687856,0.064907044,0.056453913,0.0074971616,0.006701678
852,642.77594,653.775,625.2163,665.65063,592.8415,696.9428,565.0598,782.29565,545.17847,876.78394,559.6887,697.69183,613.7815,722.48376,614.0182,704.4437,641.4504,348.2763,332.50476,333.22308,327.80627,330.4165,388.76294,411.65112,433.6772,511.21106,459.6748,574.6351,575.4624,588.9069,628.6457,637.1592,650.6894,652.4081,0.9903625,0.9655962,0.9860204,0.56552565,0.9221908,0.9870734,0.9830572,0.90221757,0.8843746,0.8290608,0.80368257,0.73549014,0.6826781,0.06970596,0.060316086,0.008001685,0.0071230233
853,642.704,653.6877,625.1864,665.54755,592.8161,697.39606,564.4228,782.65186,545.44464,876.81006,560.74725,698.7789,613.77875,726.2325,614.6261,705.7634,639.5459,348.5091,332.65198,333.4154,327.8584,330.53198,388.83856,412.74823,434.31384,514.51953,459.46442,576.9337,578.31366,592.28687,634.3514,643.2483,658.78125,660.5462,0.99054396,0.9666024,0.98607814,0.57544744,0.9220216,0.9880663,0.9836159,0.90784276,0.88377947,0.8329847,0.79984057,0.7651228,0.7103333,0.08224523,0.06965566,0.009440303,0.0082806945
854,642.84064,653.8252,625.2677,665.7538,592.863,697.4953,564.52936,782.7772,545.3007,876.4642,559.82294,698.6516,613.63184,726.7202,614.73505,706.8612,639.60205,348.5428,332.72028,333.52307,327.9831,330.7353,388.90442,412.40063,434.2904,513.20325,459.33423,576.388,577.0936,590.9696,632.7888,641.8767,656.90955,659.4313,0.9905838,0.96665037,0.9861613,0.5742281,0.9223976,0.9880402,0.983673,0.90810966,0.8849157,0.8340211,0.8020189,0.76633584,0.71230495,0.083102375,0.070568144,0.009563178,0.008399725
855,642.7604,653.792,625.24963,665.6494,592.8475,697.45215,564.5462,782.7922,545.2947,876.89355,558.91785,698.4635,613.74335,724.8299,614.58105,704.11115,640.5307,348.9098,333.07947,333.76422,328.21106,330.6953,389.01056,412.2198,434.1947,512.8884,459.58075,576.3202,577.01495,590.6204,632.7947,641.3219,656.2478,658.041,0.9903649,0.9662197,0.98595965,0.57258433,0.9217619,0.9875165,0.9827803,0.9040981,0.8792391,0.8277329,0.7938143,0.74661094,0.68961054,0.074304074,0.06289968,0.008539379,0.00748685
856,642.6647,653.7206,625.19965,665.444,592.67303,697.1017,564.32587,783.34393,545.2688,877.10205,559.84314,699.347,614.5505,727.0008,616.06635,706.88995,640.49054,348.86316,333.12012,333.6548,328.427,330.57544,388.94763,412.46417,434.20392,514.2418,459.1914,577.0117,577.76965,591.59436,634.2531,642.7875,658.6182,660.1573,0.9904907,0.96647656,0.98605585,0.5736521,0.9219985,0.9878531,0.9832859,0.90672445,0.8822689,0.8314462,0.7980375,0.7588538,0.7031708,0.07913315,0.06702542,0.0090455115,0.007940024
857,642.8599,653.89056,625.32544,665.5017,592.62744,697.36066,564.03876,783.4454,544.9103,877.2629,560.2389,698.58844,613.5069,725.11017,614.28516,704.0425,638.77734,348.90118,333.10907,333.66248,328.37817,330.58313,389.20142,412.32947,434.4276,513.6069,459.30994,576.87665,578.3713,591.92175,635.4697,643.6235,660.19495,661.38635,0.990483,0.9662746,0.98612356,0.5720371,0.9228497,0.9879738,0.9834692,0.90706265,0.88334644,0.8316077,0.79885757,0.7623937,0.70749235,0.080510795,0.068228215,0.009187281,0.008059412
858,643.2404,654.1038,625.7871,665.11597,592.64154,697.1746,563.7767,783.60034,544.8423,877.5852,560.4426,699.5411,614.56635,726.853,616.7146,705.5469,641.7694,348.63538,333.10657,333.46527,328.60687,330.3861,389.34076,412.15564,434.2038,513.4208,459.2754,576.1236,578.0762,591.527,635.33887,642.82886,660.758,660.7407,0.9903086,0.96465445,0.9861433,0.5567912,0.9257054,0.9879526,0.98370063,0.9069948,0.8862854,0.8316082,0.803666,0.76391447,0.71081007,0.08122864,0.06943315,0.009253025,0.008157104
859,644.9823,655.08215,627.33484,664.9004,593.505,697.34076,564.03705,782.92053,544.8506,876.46204,561.0897,699.64075,614.87573,727.8944,618.46185,704.41223,643.1165,347.75153,332.16687,333.11804,327.51575,330.66882,388.65247,412.50848,434.16724,513.8164,458.83167,576.5977,578.39764,592.59894,634.47345,643.49133,660.5243,662.2333,0.99000335,0.96163344,0.9861251,0.5309987,0.9300406,0.98806655,0.9841825,0.90786254,0.8903003,0.8324529,0.80907506,0.770552,0.719591,0.08484769,0.072909534,0.00970605,0.00854826
860,647.2062,656.13403,629.397,663.8293,594.2005,697.5099,564.0487,782.3409,543.8881,875.3071,560.14545,698.8429,614.2447,726.56177,616.71106,701.6774,643.113,348.0194,332.1999,333.85815,326.7085,331.50916,388.27094,412.56842,434.72058,513.10034,459.24225,576.32275,577.70667,592.0066,632.31903,641.3064,659.6207,660.8766,0.9895421,0.95631856,0.98640203,0.4857016,0.93721545,0.9876915,0.9847201,0.90599066,0.8982695,0.83217555,0.82183945,0.76571447,0.7204464,0.082627445,0.0728021,0.009435505,0.008406907
861,646.8213,655.8797,628.75006,664.4492,593.77795,698.0712,564.58685,781.6982,543.50226,874.99304,559.3722,699.68616,615.044,726.62256,616.1081,702.8595,643.8512,349.07953,332.98004,335.02222,326.7843,332.42773,388.05847,412.62872,434.75476,512.2643,459.1681,576.14703,575.9242,590.43,626.46027,636.1951,650.8889,653.32886,0.9894347,0.95707643,0.9861772,0.49187797,0.9344194,0.98692095,0.98378843,0.902106,0.89393353,0.82908213,0.8177497,0.74339694,0.69632375,0.0744814,0.06564692,0.0086937845,0.0077580214
862,648.7558,657.2725,630.2609,665.1177,594.41113,698.2236,564.6892,781.6324,543.56195,874.308,561.3965,699.4611,614.9602,728.0977,618.8478,701.8519,644.63916,349.34418,332.81464,335.6151,325.95038,333.25525,387.4198,413.7312,435.3977,514.4045,458.50916,576.8846,577.6651,593.45526,630.39105,642.88885,655.20416,661.06445,0.9892957,0.95581996,0.98628616,0.4773283,0.9362517,0.98682857,0.9829929,0.9011242,0.8872136,0.8263341,0.80888855,0.74227834,0.68976665,0.074512124,0.064251274,0.008659303,0.007572025
863,651.3791,658.91223,633.14075,664.12,595.97424,697.36395,564.41364,780.5677,543.32117,873.87854,560.7215,698.40295,614.3302,727.61755,618.48193,701.25543,645.2176,348.86517,332.93225,335.60785,326.81842,333.9348,387.79797,413.51898,435.54492,513.6391,458.9093,576.674,576.348,591.9104,628.2781,640.1208,653.5238,658.3122,0.98825276,0.9465749,0.986012,0.41863102,0.94311225,0.9860047,0.98304623,0.8984072,0.89452124,0.82360184,0.8196355,0.73190665,0.68436694,0.06898531,0.06085998,0.007918298,0.0069858134
864,653.9862,660.2939,635.6886,662.6325,596.7241,696.5724,564.09814,780.6898,543.62494,873.5277,560.2537,697.93256,614.6777,727.9988,621.1387,699.3574,649.0061,348.59814,332.65698,335.7492,326.5569,334.67926,387.79657,414.72748,435.5559,515.33704,458.45392,577.307,576.8189,592.98596,627.1121,639.3508,654.31433,658.57904,0.9868808,0.9351969,0.98526335,0.36226895,0.94730294,0.9852439,0.9821316,0.8957162,0.8929962,0.8203909,0.8196967,0.7205937,0.6709241,0.06639621,0.05821386,0.0076474845,0.006662965
865,657.9041,663.07404,639.52155,662.9788,598.92914,697.004,564.15704,780.68616,543.7728,873.2953,561.07367,697.6321,614.2596,730.204,622.93866,698.72784,650.9933,348.71753,332.62598,336.37976,326.08148,335.6089,387.34583,414.95673,436.13806,515.1001,458.59888,577.9673,577.45166,594.4504,628.1799,642.47736,656.4227,663.79083,0.98605293,0.9255088,0.98527515,0.317486,0.95240307,0.98481536,0.98184085,0.89433837,0.8941122,0.8177329,0.82142144,0.71817255,0.6683025,0.065030366,0.056972533,0.007423222,0.0064078867
866,659.8358,665.1198,641.33765,664.2487,599.41516,696.91907,563.7578,781.389,544.2789,873.77594,563.098,700.06433,616.16675,735.375,626.0023,705.5262,653.36487,348.79675,332.82794,336.10822,326.6181,335.09454,387.50488,415.0622,436.61584,516.97534,457.80988,578.64087,579.184,596.56573,627.2887,641.9,656.39026,664.07367,0.98583066,0.9221598,0.98515415,0.2977966,0.95306486,0.98466486,0.9811554,0.89632165,0.8918444,0.82187784,0.8216505,0.7223107,0.6683149,0.06781462,0.058292627,0.007814765,0.0066388845
867,659.555,664.86316,641.2709,664.2389,599.923,696.95056,564.2034,780.82056,544.0353,874.19025,561.0405,700.3255,616.72064,734.4119,625.429,705.34656,653.8088,350.05188,334.2688,337.54443,327.95233,336.38013,387.7185,415.25116,436.70416,516.811,458.125,578.8933,577.1298,594.46027,624.176,638.95734,651.04205,659.23956,0.9845655,0.9152231,0.9838785,0.28921255,0.9511462,0.983939,0.98124635,0.895599,0.8972691,0.8227917,0.8291867,0.7204199,0.67167777,0.06645545,0.05837643,0.0076605678,0.006613821
868,663.40594,667.0498,645.93445,661.8268,602.5539,696.00287,563.75006,780.72144,543.1091,874.9749,559.9367,699.3508,616.84625,731.40564,625.8736,699.3792,657.4729,349.377,334.20038,337.25806,328.27295,336.22278,387.73578,415.0783,436.23126,517.2749,458.23676,579.10315,577.67444,594.511,624.9874,637.1816,654.046,657.45404,0.9790733,0.873067,0.9797175,0.2149877,0.95233214,0.9817418,0.9796105,0.8918288,0.9011303,0.81900305,0.8363144,0.70933664,0.66311157,0.062093437,0.05510497,0.0070358515,0.006064713
869,665.0079,668.5661,646.76337,663.18164,602.54596,696.2751,563.6591,780.61835,542.9038,875.22,559.122,697.02405,614.4995,728.64655,624.9477,693.3744,653.7593,348.2282,332.63184,336.18036,327.19434,336.35925,387.80298,416.32837,436.88507,519.01843,459.08582,580.04083,578.4407,595.9765,627.25824,641.50183,655.5375,661.21106,0.98255503,0.8912326,0.9835284,0.22454679,0.9589887,0.9831325,0.98061657,0.88995826,0.8959788,0.81151557,0.82567656,0.7004746,0.6502881,0.059136778,0.051653832,0.0066984,0.0056810975
870,664.73083,668.61096,647.04144,663.72546,603.6825,696.102,563.1009,779.6352,542.95306,873.8766,561.2344,696.29346,613.80286,729.7208,627.003,692.74304,658.3807,348.69702,333.0725,336.38312,327.1515,335.56995,387.833,416.34442,437.94354,520.606,459.4607,580.9017,579.06793,596.9824,626.693,642.0277,656.3824,664.4606,0.983187,0.8981477,0.98392665,0.24151492,0.95854986,0.9834794,0.980583,0.8875196,0.89002925,0.80547726,0.8151146,0.68699104,0.6333427,0.056411624,0.048964977,0.0064568818,0.0054621696
871,663.59247,667.9908,645.8917,664.21515,603.1167,696.35455,563.3136,779.20636,543.0484,874.21545,561.34204,695.6475,613.4023,724.8799,624.27014,688.0322,657.8335,349.156,333.45654,336.5896,327.11877,335.12378,387.67438,415.3581,437.76453,518.949,460.12537,579.97974,577.8235,595.0724,623.5336,638.0216,650.5497,657.90265,0.9834223,0.9018452,0.98397785,0.25371277,0.95730555,0.9832214,0.98092794,0.8847345,0.8919145,0.8032322,0.8171524,0.67174816,0.62211746,0.05220136,0.046138942,0.006026566,0.0051758885
872,663.5964,667.99567,646.0597,663.8285,603.2282,695.5137,562.9473,778.8894,543.2511,873.9563,562.1597,695.74567,613.81586,725.48773,625.6934,689.0,658.96735,348.6952,333.23022,336.0595,327.482,334.82916,387.85236,415.59674,437.42468,519.6105,459.89496,579.1224,577.8577,595.23,623.45276,638.01685,651.1573,658.2905,0.98294514,0.89844936,0.9835585,0.24735093,0.9571766,0.98294,0.980463,0.8841101,0.89032066,0.8025445,0.81596017,0.66785,0.6167764,0.051315695,0.045171052,0.005905509,0.005053878
873,664.009,668.1602,646.50226,663.42444,603.4627,695.3085,562.8965,779.1998,542.82184,874.09595,562.3415,696.7235,614.7586,728.74347,628.3233,693.1781,660.87244,348.2271,332.9074,335.69562,327.6023,334.9181,387.937,415.87964,437.37036,520.1255,460.0636,579.18835,578.33484,595.95703,623.7992,638.38416,652.611,659.28015,0.9824063,0.89391863,0.98300517,0.23852289,0.9569156,0.9829109,0.9802742,0.8861966,0.8911094,0.805622,0.81845427,0.6764452,0.6242904,0.053464353,0.04684034,0.006124705,0.005222529
874,663.7307,667.97424,646.3502,663.4642,603.8241,694.83105,562.94147,778.27936,542.3949,873.3346,562.3987,695.13574,613.35394,727.46686,626.97186,692.62036,658.959,348.03625,332.776,335.50446,327.68152,334.86426,387.7954,415.5066,436.96484,519.2893,459.83154,578.78284,577.812,595.3734,623.73816,638.5728,652.4698,659.7771,0.98287785,0.89736325,0.983397,0.24519128,0.95706075,0.9830043,0.9805753,0.8862376,0.89231336,0.8059298,0.81951964,0.6756071,0.6245853,0.05258578,0.0462991,0.0059869885,0.005125582
875,663.4444,667.64307,645.8964,663.56323,603.7812,695.14606,563.41766,778.41406,542.78534,873.457,562.30975,695.29834,613.35376,727.8042,626.3103,693.4092,656.66986,347.75665,332.44873,335.44354,327.43134,335.24805,387.61304,415.28326,437.07935,518.0949,460.23206,578.43726,577.44995,595.10626,625.7461,641.431,654.1837,663.0369,0.9831321,0.9003999,0.9834466,0.2526248,0.9564223,0.9833363,0.9806853,0.8885144,0.89245284,0.8076862,0.8187264,0.6890267,0.63743925,0.055576175,0.048644185,0.0062841475,0.0053596795
876,663.2256,667.22144,645.408,663.4564,603.47015,695.9114,563.9606,778.7842,542.72925,874.08093,561.6844,695.51025,613.29346,727.6113,624.62036,693.2741,654.8444,347.62274,331.9803,335.52582,326.51355,335.5943,387.0957,415.17065,437.55304,517.5576,460.74768,578.0027,576.5897,594.3485,622.95416,639.0742,651.3879,660.6766,0.9833795,0.90352386,0.98352873,0.25908202,0.95555425,0.9833063,0.9802464,0.8879965,0.8892314,0.80668294,0.814474,0.6842602,0.6305265,0.05557385,0.048205942,0.006396383,0.005422324
877,662.7331,666.79315,645.0651,663.1555,603.4447,696.2289,563.7571,778.9397,542.2196,874.9999,559.9213,694.88574,612.7699,723.91797,622.7783,687.91736,655.06805,347.58374,332.03644,335.4491,326.56042,335.37457,387.48883,415.3474,437.67017,517.611,461.34888,577.41046,576.4552,593.78503,621.06,636.30774,648.1179,656.0612,0.98247683,0.89942163,0.98252416,0.2593146,0.95399106,0.98304594,0.9801214,0.8860985,0.88865066,0.8032495,0.8124286,0.67499197,0.6222085,0.053324044,0.046460718,0.006190121,0.0052678287
878,663.2714,666.47595,645.71625,661.68384,604.4242,696.7363,564.4249,778.9524,541.9835,874.76,558.2444,693.38324,611.8215,720.16296,621.77765,681.7482,655.5525,346.62347,331.24207,335.11426,326.1673,336.18225,387.7588,415.72382,438.52405,517.1924,461.7218,577.4708,575.5505,592.6124,617.2968,631.99304,643.8075,650.7816,0.9799536,0.88399106,0.9799713,0.24435928,0.9519161,0.9825102,0.9797897,0.88501453,0.8898344,0.8002511,0.8122034,0.66915286,0.6177914,0.052057624,0.04555717,0.0060842037,0.005186796
879,663.30896,666.3206,645.6929,661.6157,604.8557,696.78973,564.8164,778.3769,542.0989,874.2443,558.7166,692.8171,611.4543,720.1183,621.9923,681.6338,655.75464,345.6828,330.2661,334.43958,325.3379,336.0572,387.23413,415.18225,438.73175,515.957,461.78137,576.68463,573.4562,590.7243,613.4918,629.264,639.5349,648.4696,0.9803454,0.8851774,0.9803163,0.24683651,0.9527912,0.9828322,0.9807504,0.885702,0.8942898,0.80120814,0.8175015,0.6711856,0.6234714,0.052486718,0.04659444,0.006146699,0.0052910745
880,664.52936,667.3398,646.44495,661.91547,604.8036,697.20465,564.8688,778.7134,541.65607,874.1549,559.29675,693.5553,611.75464,720.58777,621.9531,682.2069,653.6159,343.07526,327.71558,331.74255,324.19598,334.88904,387.52612,415.43933,438.39136,516.3442,461.5564,577.0858,574.73035,591.88745,615.4977,630.5209,642.6133,649.4448,0.9817403,0.8900813,0.9820047,0.24059504,0.95651037,0.983159,0.98073184,0.8851457,0.8919659,0.79967016,0.81483257,0.666005,0.615651,0.0507859,0.044560373,0.0058992505,0.0050248504
881,663.86816,666.4321,646.0664,660.4739,604.57166,696.6477,564.5825,777.6711,541.1703,872.9889,559.0812,692.8866,611.35803,717.9264,620.38324,679.5316,653.1569,343.1823,328.08405,331.98895,324.7188,335.20197,387.4583,415.3897,438.03503,516.68066,461.3499,576.1396,574.42615,591.1614,615.9138,629.31177,643.3342,647.06934,0.980595,0.8828383,0.9809612,0.2339516,0.95575035,0.98274726,0.9806529,0.8842205,0.8941254,0.7988105,0.8177713,0.6638414,0.6159519,0.049827844,0.04409319,0.0057583153,0.004937619
882,664.47327,667.3408,645.48596,662.57947,603.5339,698.15765,565.029,779.2088,541.3943,873.959,559.56744,693.1962,610.79297,719.57855,621.306,681.0638,650.4948,340.64374,325.1629,329.5288,322.75342,334.54315,387.53003,416.31702,438.49146,517.7086,460.9403,576.8275,575.3157,592.7026,615.3348,630.5707,642.4429,648.1322,0.983463,0.9008688,0.98360777,0.24905947,0.9583448,0.98376894,0.9804656,0.88487387,0.8851141,0.7979622,0.8059617,0.6617464,0.60543,0.0508461,0.043547332,0.005982429,0.005002439
883,663.3776,666.23517,644.2456,661.8714,602.47473,697.87415,564.6238,778.1987,540.97815,872.7484,559.93665,692.5898,609.99066,719.07446,620.0943,680.7622,649.30255,340.10425,324.4276,329.03845,321.77686,334.14062,386.90662,416.0498,438.2057,517.5666,460.635,575.8628,575.35254,592.79047,616.86487,631.9541,644.42096,649.4061,0.98434305,0.90751326,0.98437965,0.25995696,0.95865864,0.9840038,0.9802982,0.8840693,0.8813787,0.7960665,0.8007839,0.6579591,0.5992939,0.0499869,0.042457074,0.005874723,0.004888445
884,664.1659,666.3337,645.2985,660.42,603.38745,697.3829,564.5851,778.09985,541.6282,872.2687,562.348,692.5455,609.97064,720.4992,621.2514,682.80365,649.77856,338.0915,323.07227,327.45392,321.85162,333.90936,387.19293,415.82855,437.7705,517.03125,459.99426,576.8167,575.49756,592.72766,617.5226,631.7575,646.1144,649.7197,0.98309845,0.8946421,0.9835919,0.23392925,0.96045744,0.9835808,0.9808125,0.88486326,0.89068735,0.7982652,0.8133873,0.66282225,0.6101134,0.048920125,0.04254836,0.005594492,0.004723072
885,663.755,665.6778,644.66736,659.852,602.8512,697.0037,564.72705,777.2849,541.1738,871.2413,561.83,692.13745,609.6376,721.0491,620.757,684.0162,647.78064,338.6023,323.33362,328.23273,321.70062,334.89093,386.70868,415.54297,438.05237,515.8237,459.95593,576.19257,574.60986,592.08136,618.1364,633.27783,646.8419,651.9638,0.98403215,0.8998393,0.9845761,0.23879421,0.9618257,0.9839654,0.98152786,0.8862088,0.8940508,0.80020154,0.81769204,0.6706396,0.62039566,0.05016902,0.04398179,0.00569129,0.004830599
886,662.5416,664.90753,643.1016,660.3886,601.5979,697.1137,564.94104,777.12213,541.05493,871.32916,560.68976,692.00055,609.68207,720.14624,620.4572,683.12604,647.1718,339.15692,323.60394,328.73456,321.49835,335.16083,386.6718,415.65497,438.29553,515.5137,460.2495,575.5936,573.79816,591.3277,613.70807,629.37195,641.6467,647.61176,0.98479605,0.906865,0.98507684,0.25262022,0.9610882,0.9842184,0.9816822,0.8860797,0.89270043,0.80087614,0.8164985,0.6668141,0.61618817,0.05100158,0.044677198,0.0059423447,0.0050474405
887,662.3894,664.8031,642.66614,660.464,600.9433,696.7459,564.7977,776.4454,541.7303,870.8058,561.07324,692.1997,610.3624,719.5524,622.3672,681.57196,649.8686,338.54718,322.79968,328.1173,320.62457,334.7162,386.33655,415.9933,438.71716,516.6222,460.71368,575.7157,573.3684,591.3699,612.4141,629.18256,639.5314,646.78894,0.9851626,0.9079223,0.9855194,0.2509851,0.9622859,0.9844252,0.9820342,0.8850336,0.8924173,0.7991544,0.8161506,0.66170543,0.6113773,0.05034545,0.044215262,0.005897075,0.005010128
888,662.74243,664.6637,643.1331,659.1752,601.3077,695.9139,564.4889,776.0139,541.26996,870.65564,561.0081,691.3664,609.57874,719.4297,622.0154,682.746,648.2192,336.88794,321.649,326.77673,320.83777,334.72656,386.01508,415.73608,438.00244,516.73505,460.3009,574.59766,572.261,590.18494,612.29535,628.4299,640.07196,645.45996,0.9849472,0.9040834,0.9855161,0.23892084,0.963776,0.9842559,0.9819608,0.8849751,0.8937012,0.79815507,0.81777185,0.6597502,0.609703,0.048830688,0.0429042,0.0056464076,0.0047899187
889,662.796,664.0438,643.29065,657.3119,601.3732,695.2859,564.26855,775.08234,541.1016,869.80273,561.6074,691.6047,609.53784,721.54565,622.25745,686.233,647.4458,336.04523,321.23547,326.35413,321.35284,335.42413,385.92755,415.29425,438.1554,516.26904,459.52014,573.6807,571.93964,589.6465,612.5708,627.61664,641.2996,644.59125,0.98439217,0.8978094,0.9852123,0.22441518,0.96482056,0.98396564,0.9818193,0.88560355,0.8965992,0.7985909,0.822065,0.661425,0.6127187,0.048030764,0.042404324,0.005482346,0.0046625137
890,662.24646,663.303,642.4281,656.701,600.4233,694.7783,564.1731,774.54803,540.60583,869.4949,561.2288,690.38666,608.5178,719.955,620.7557,684.9743,645.0005,336.11353,321.04346,326.65057,320.7702,335.9394,385.60095,415.1103,438.185,515.08997,459.53998,574.43445,572.05554,589.87805,612.57764,628.3002,639.8546,644.40015,0.98442346,0.8965042,0.98537004,0.22029656,0.9652355,0.9838135,0.9822166,0.88587344,0.90120775,0.80108887,0.8289925,0.66313684,0.61838704,0.047413588,0.04249981,0.0053670704,0.0046082735
891,661.7136,662.69763,641.5616,656.7412,599.7735,694.8336,564.24225,774.1973,540.24335,870.06177,561.9253,689.58936,607.9022,719.06537,621.0793,683.48413,645.56165,336.45422,320.88367,327.12683,319.66577,336.19067,384.51813,414.46796,438.39185,514.08594,459.0724,573.0681,570.7659,588.9919,611.80835,628.84607,637.63275,644.22186,0.9849137,0.9014797,0.9856539,0.22994027,0.96468,0.9841388,0.9822811,0.8862041,0.899323,0.80107135,0.8262824,0.6657809,0.61953986,0.048613578,0.04334414,0.005547315,0.004745394
892,662.48816,662.71014,642.77094,654.7403,600.7152,693.8859,563.54004,774.1786,539.9111,869.87524,561.4566,689.1227,607.47986,719.8823,621.83344,684.3096,646.7434,335.29932,320.2932,326.23883,320.2489,336.2884,384.3377,414.27063,437.2738,514.07294,457.43982,572.78516,569.97534,588.1343,609.7561,625.93756,636.8239,641.6681,0.9833331,0.8878372,0.98435587,0.20873511,0.96480924,0.98356986,0.9816346,0.8862276,0.8995086,0.8003187,0.8265895,0.6618496,0.6145074,0.0472773,0.04195565,0.005365461,0.0045649707
893,660.78326,661.5106,641.11707,654.4585,599.66986,693.19696,563.2276,773.4954,539.94977,869.133,560.9613,688.5552,607.04785,718.2517,620.6336,683.2865,645.1729,335.31732,320.3225,326.02026,320.4704,335.95514,383.8761,414.26898,435.71155,514.66156,456.81396,573.27185,569.3053,587.4176,607.76855,623.55096,634.5475,638.3227,0.9837719,0.89222234,0.98461545,0.21694422,0.9642775,0.98352253,0.9819596,0.88572603,0.90133387,0.8012979,0.8292515,0.65648377,0.6116382,0.04596296,0.041241974,0.0052350163,0.0044995546
894,659.0359,660.215,638.83124,654.90924,598.1387,693.125,563.61206,773.958,539.42456,871.1802,558.4321,687.24536,605.63806,717.83044,618.53217,685.47205,640.0488,334.63428,319.50122,325.52515,319.84607,336.11853,383.4737,413.64014,435.15564,512.3479,457.00378,572.35864,567.2896,585.3739,606.2721,623.02466,630.839,636.43304,0.9853544,0.9044641,0.98583764,0.23536682,0.9644729,0.9841796,0.98288935,0.88860965,0.90517837,0.80603075,0.83441764,0.6692879,0.627098,0.04809493,0.043560505,0.005461961,0.0047334135
895,659.31226,660.5741,638.87115,655.38916,597.8044,693.16846,563.3412,774.5138,538.99164,871.90485,557.1603,689.834,607.7657,722.34045,620.9192,691.8125,641.81573,332.92212,317.6582,323.6643,318.23022,334.4911,382.2409,413.01984,434.19934,512.41016,456.63745,571.4851,566.63794,585.3656,606.81085,624.84534,631.1414,638.1394,0.98642576,0.9106324,0.98688436,0.23696145,0.9659161,0.984393,0.98290634,0.8890047,0.9034771,0.8068918,0.83362556,0.6689349,0.6247775,0.047849774,0.0430198,0.005398065,0.0046524405
896,659.126,661.1439,639.23486,652.9371,597.65594,689.1106,562.83594,776.0371,541.868,868.36536,559.0603,687.93054,607.5252,733.65674,621.39734,716.0036,641.6932,332.55536,317.2699,322.50458,317.95624,333.5251,383.62006,413.93683,433.98016,500.60736,462.47925,554.422,552.9777,571.4409,575.30975,591.723,578.1626,586.7881,0.9784223,0.9162593,0.97501284,0.46159175,0.926449,0.98475647,0.97626734,0.8912971,0.8395542,0.7883878,0.73567265,0.7183955,0.63949347,0.07686499,0.057719946,0.010852724,0.00845933
897,658.629,660.73895,637.97345,653.8921,596.62415,690.4189,562.91766,776.6612,540.81067,868.72754,556.2676,685.7889,604.6058,729.35614,617.86145,709.77313,636.32947,332.3238,316.42682,322.6604,316.58765,334.38544,382.49133,414.19946,434.05237,500.47955,462.31995,553.66345,553.4025,572.3997,576.21533,594.73157,575.6478,586.8827,0.9796679,0.92131627,0.97626376,0.47079846,0.9265912,0.9851744,0.9770789,0.8931028,0.842929,0.7918531,0.7395306,0.7217245,0.64413637,0.07586649,0.057103187,0.010579228,0.008246571
898,659.00525,660.5728,638.88965,651.8747,596.9976,689.04266,562.2022,776.1798,540.5992,868.7419,556.94293,686.5516,605.9464,728.71265,617.75806,709.67786,638.1266,331.2812,315.85144,321.51672,316.28485,332.9442,382.13013,413.61023,433.34967,501.42804,461.97406,554.93274,554.42,573.0929,577.7897,594.5023,577.8125,586.00903,0.97784495,0.910969,0.9745338,0.44478163,0.9275427,0.98481965,0.97722864,0.8934864,0.8491765,0.79266816,0.7472225,0.7189676,0.6438248,0.07231897,0.054904193,0.009842217,0.007719815
899,656.91565,659.0743,636.77673,652.0875,595.64606,689.55206,561.3199,776.1098,540.2398,868.3815,559.2946,688.4933,606.8154,732.6765,620.51544,715.0799,643.36926,331.58862,315.83392,321.49976,315.74567,332.26685,381.43994,413.65417,433.74103,504.19373,461.13525,555.77435,555.47955,574.64795,578.9388,595.8539,578.7567,586.60034,0.97926855,0.91943,0.97547495,0.46768174,0.9248136,0.98520434,0.9771886,0.89461744,0.8450153,0.79590434,0.74430096,0.7191475,0.6409895,0.073313,0.055260718,0.010032743,0.007859796
900,656.9121,658.94434,637.18585,651.22034,595.7522,688.4894,560.7845,776.0275,539.5933,869.6468,559.9937,689.1499,607.75586,732.45087,619.31836,716.93256,642.5777,329.94812,314.60193,319.646,314.79004,329.96204,380.61304,412.30273,431.984,503.9187,460.25653,556.986,555.8579,574.6824,580.7499,596.28766,581.2819,586.9425,0.97787225,0.90988445,0.97412544,0.43733454,0.92509353,0.98493665,0.97790635,0.89815456,0.85914755,0.8054281,0.7655027,0.7318551,0.66022676,0.07545811,0.058015436,0.010026693,0.007957101
901,655.9005,658.505,635.9523,652.2434,594.9511,688.7906,560.4625,776.12524,539.9475,869.8132,563.40137,688.3612,606.652,732.04456,620.79724,716.46075,644.81573,329.8908,314.2638,319.36932,314.2367,329.4276,380.1327,411.85083,431.7928,503.8261,459.16113,554.3368,556.959,575.9601,582.21497,598.39294,582.3606,588.7136,0.97997856,0.91999745,0.9762707,0.4572583,0.925359,0.9853474,0.9779669,0.8976894,0.8549516,0.80617654,0.76243925,0.7264728,0.6519599,0.07380518,0.056506306,0.009809792,0.0077673197
902,655.5543,657.90533,635.6057,651.6831,594.9139,688.3596,560.4597,775.6047,540.02545,868.8136,565.58264,688.0852,606.8823,734.2598,624.63025,717.681,649.2302,329.3625,313.46307,318.97766,312.92773,328.94727,379.02216,411.33655,430.53552,502.68945,457.10876,552.3728,556.56824,576.19965,581.8775,599.3205,583.44434,591.5088,0.98026186,0.92001075,0.9765625,0.45566505,0.92619514,0.985782,0.9788245,0.8997296,0.85957164,0.81078863,0.7704625,0.73890233,0.6669262,0.07975209,0.061637998,0.0106090605,0.008447111
903,654.94745,657.8221,635.0821,652.28766,594.8022,688.09607,560.1894,774.983,538.9349,868.9102,563.0862,686.3971,605.30725,730.6279,622.2936,714.03455,646.4798,328.50012,312.86688,317.91223,313.0243,328.02222,379.35303,410.87134,430.01758,502.22998,456.89917,553.6593,557.2059,576.3126,582.68243,599.38763,585.0905,592.523,0.9811665,0.92387414,0.9776633,0.4632576,0.92774415,0.98593384,0.97915125,0.89900255,0.8600604,0.80939555,0.7693368,0.7329515,0.6612772,0.076649904,0.059423387,0.0101266205,0.008082956
904,654.85016,657.3383,634.79736,651.52734,594.4386,688.42645,559.9923,774.7611,537.9527,868.06793,562.15393,686.81354,605.2233,731.59625,621.555,715.05066,645.2183,327.0824,311.38953,316.73193,311.79767,327.6053,378.92352,410.7459,429.72498,501.6183,456.09937,552.3842,556.95215,576.15466,581.94086,598.6244,585.22314,592.1055,0.9812113,0.9225723,0.97777176,0.45375624,0.9286935,0.9860681,0.9795175,0.9009852,0.864516,0.8138383,0.7771881,0.7398873,0.6700198,0.07929474,0.061680377,0.01043272,0.008338302
905,654.196,656.5685,634.01953,650.92004,593.76025,688.91956,559.25824,774.803,535.81226,868.05634,560.7694,686.0504,603.5757,728.98376,618.06323,712.40564,641.368,324.9937,309.41687,314.8423,310.26904,326.36658,378.08417,409.5959,428.8827,500.47314,454.7735,552.3269,557.78156,576.5844,584.15405,599.8975,589.161,594.39343,0.9815302,0.92231756,0.9781991,0.44620547,0.930194,0.9863347,0.98002917,0.90345085,0.8699955,0.81841505,0.78456414,0.74514484,0.6771145,0.079107314,0.061709702,0.010143399,0.008114606
