frame,kp_0_x,kp_0_y,kp_0_conf,kp_1_x,kp_1_y,kp_1_conf,kp_2_x,kp_2_y,kp_2_conf,kp_3_x,kp_3_y,kp_3_conf,kp_4_x,kp_4_y,kp_4_conf,kp_5_x,kp_5_y,kp_5_conf,kp_6_x,kp_6_y,kp_6_conf,kp_7_x,kp_7_y,kp_7_conf,kp_8_x,kp_8_y,kp_8_conf,kp_9_x,kp_9_y,kp_9_conf,kp_10_x,kp_10_y,kp_10_conf,kp_11_x,kp_11_y,kp_11_conf,kp_12_x,kp_12_y,kp_12_conf,kp_13_x,kp_13_y,kp_13_conf,kp_14_x,kp_14_y,kp_14_conf,kp_15_x,kp_15_y,kp_15_conf,kp_16_x,kp_16_y,kp_16_conf
0.0,635.4122697515902,215.65821615874034,0.9914634,648.490804740187,203.4613257640109,0.9627285,617.0830405223259,201.12265991659618,0.9784521,667.404624887153,212.711928599604,0.7061037,597.937891226272,214.06720650070045,0.8825462,693.9490846735167,310.05763735931555,0.9943058,559.872976600781,304.6390228912469,0.9974642,721.6188318670592,420.9679020990099,0.9535583,531.7514895291583,418.40805209519,0.98207045,719.4486821251954,517.31847540885,0.8907121,541.6589768843286,521.9029851352815,0.943942,668.7483276357838,537.0213469620008,0.95834637,578.0045152340537,541.1761326139476,0.9658034,663.1635754209026,674.1454156583961,0.20354372,575.8708388492621,677.9561633212536,0.25326255,627.33276,690.3402,0.01200518,596.6445,703.0821,0.015040606
1.0,634.5704784795843,215.49474724271883,0.9914137,648.5278149284514,198.6537182766308,0.9623744,619.5665209726257,197.22490979527427,0.9785805,663.454211691375,215.2165934823853,0.7039881,590.7800669283355,208.0042129661926,0.8824376,696.227110744863,302.5552993229223,0.994246,559.6085455236317,306.7698187926192,0.9974638,721.5947455819862,425.59247989024334,0.95340043,527.8041189978466,413.46082947636665,0.9824294,715.5681068365421,520.3211690825096,0.89279413,525.9367137158235,530.5626986577606,0.94586146,666.2887496867679,539.8580436293474,0.958872,569.0056719415275,538.7747367347454,0.96646667,663.1951987688963,675.6188596192274,0.20761895,577.6582038845538,679.8110960926637,0.25970727,624.4356,692.781,0.012254357,593.60596,706.2225,0.015429348
2.0,627.9496557522259,215.8485074987538,0.99135244,647.9448446284084,199.44349196439796,0.95993936,614.4802411121938,200.07169343619867,0.9792701,654.5978660400716,214.23119984309724,0.68389505,594.1033680192002,215.08586301168026,0.89200324,692.6274670432055,308.05236100515094,0.9942893,552.837418556155,310.2390103764301,0.99762464,716.9065172003197,427.1835277829385,0.9533105,529.638105777923,418.12650471046805,0.9839362,718.3712453761218,515.990607989776,0.8925141,540.3229235771798,521.691727018646,0.94954014,665.5039135684608,542.8358498074604,0.9590656,570.8899281783902,539.9870666738208,0.9675423,660.0421384379724,680.7399618897481,0.20271823,577.4147769726043,686.6550289326395,0.2598294,622.84705,692.23004,0.011750877,594.6448,705.92285,0.015059918
3.0,625.5695756857504,206.91651010597124,0.9913335,642.8303059941608,197.47433896999567,0.9589513,618.2807787360798,200.9741041622973,0.9794438,656.5409911037738,207.75829239154174,0.6774469,593.6830137028649,213.18785523893345,0.8950987,691.582443641304,306.21133157582807,0.99434555,557.3276204738455,304.53210206913644,0.99772096,713.2779901667258,421.8603020131862,0.954036,529.9331855289817,416.9197038189676,0.98485184,713.833226625818,517.8342251371541,0.89434636,523.6198246912471,526.6341980521191,0.9521314,660.551389378512,546.6535832765995,0.9604334,574.037934830682,542.5097159449095,0.96905184,651.1486672808227,672.2028169550429,0.2061432,574.2816153610406,683.6534005662154,0.26627034,621.34515,692.3038,0.011900425,591.5085,704.78186,0.0153615475
4.0,625.7496045210738,210.54217436833466,0.9914342,640.4256853256446,200.3527979169976,0.9603245,612.4444498484041,196.64007798436478,0.9792645,654.6296200338869,211.68751832321436,0.68710923,588.8350424665251,214.18168972792225,0.89128983,688.5718880537232,310.84035432509074,0.9943689,551.2501954537529,304.17520714113135,0.9976767,709.5181447378432,423.7321266505935,0.9545778,526.5041443330049,417.1246484902257,0.98446524,707.5860689672603,519.4088530023406,0.8959253,531.4611818929837,519.891426745835,0.9515177,665.0723252108284,532.1523177998228,0.96120405,574.8019644949713,537.8350471325965,0.96929574,664.3339485756426,674.4970233995734,0.21190861,569.2505493781603,684.5101839381388,0.2707488,623.3428,693.26044,0.012309253,590.79224,704.9632,0.015788436
5.0,630.0009189295849,214.81263731183412,0.991431,638.2667206510381,199.16716331159816,0.9610702,610.9317166678237,199.12409987787845,0.9791738,666.2759510899282,209.33897672770044,0.6910769,592.5140723228692,207.9392237075747,0.8890897,688.938013243793,309.8810087494441,0.99427366,552.3152050926396,309.2277990218306,0.99755096,714.490736374652,418.6799618483002,0.95416534,527.2157955220748,415.1895567838774,0.9836143,708.7037178716848,515.4820519787414,0.894639,533.8222117871258,517.4644780294434,0.94931155,660.5277134306804,537.193931127059,0.96004915,574.0623008913475,538.3987830083274,0.9678998,662.023289212432,673.4694199546203,0.2079992,567.1618087407264,681.3948862686013,0.2629246,622.98694,692.61304,0.012170047,586.43896,704.19763,0.015434563
6.0,625.321048135666,211.5190669858277,0.99143875,638.1817127707714,196.36019827424607,0.96064985,612.2968926764894,195.3314467405179,0.97926307,657.9948659769326,210.3615701849439,0.6905928,589.5010449354942,214.0404121877992,0.8912635,682.8835682922863,307.06907715986756,0.9944066,548.687413543792,304.61730054609444,0.9976466,710.551374255655,420.97928754588514,0.95449543,528.6609429273782,419.93919817632,0.9841509,712.4272174708193,513.7066123043164,0.89460963,533.9525676063315,520.6912305880323,0.95012367,656.0706214530625,535.6294816438209,0.9610637,565.6032247039096,538.5862527627761,0.96898526,654.3754430823471,679.9266096703086,0.21203059,569.2111700590858,681.0137336454328,0.2694183,620.5149,693.3095,0.012393475,585.58136,706.02893,0.015803754
7.0,627.1203216284929,212.98573989008617,0.9913815,635.3913271572454,198.31884629071195,0.9620892,612.0627088036308,197.02026403824183,0.9784387,659.767878454747,216.40234947905182,0.70752084,585.0971059123324,215.02122906613326,0.88385785,683.5941282775234,306.3740560557222,0.9944336,553.2679434117489,309.277075459159,0.99753636,707.0789940106596,422.1352413849694,0.95461905,527.7856911951972,420.6864878440488,0.982979,707.3747370980021,515.807771451058,0.89278734,530.4104109192634,520.771992985107,0.9463153,663.4624208586131,538.3250641490278,0.960643,565.792485209807,535.1229025899073,0.96793437,658.4636401589239,681.5313766168333,0.20914206,565.9795257729163,681.6434833862554,0.261406,618.3414,693.24854,0.012241513,583.91406,706.29895,0.015396416
8.0,622.75076237617,210.72748121857165,0.9914485,639.5976572106762,198.2058137925143,0.9611987,609.6937460581645,195.9876830052626,0.97910357,656.254045218899,210.30034228481696,0.69568634,589.1772046498207,209.51480114330207,0.88994086,684.973269545999,303.7392900367859,0.9945158,544.3680639169594,306.0749491892822,0.9975953,705.7369800109171,424.1011122038555,0.9547931,521.3162284794116,417.4450436357858,0.98343396,711.9999042021792,514.1785427876827,0.8930547,519.3464022417312,529.1720805759161,0.9475707,652.8186999924038,535.1845437810753,0.96122324,569.6557277496851,541.3897562524913,0.9685682,648.4461659424254,678.9474163798936,0.21306199,563.259515566888,683.4851205673791,0.26700163,616.59576,693.3076,0.012540519,583.836,706.9127,0.015778482
9.0,619.9758291692549,214.95643967382472,0.9914931,640.7772213270754,199.5925454049977,0.9599408,615.1680775072848,206.00306613441046,0.9796246,649.5139968129619,217.12885000403537,0.6832222,588.9929229025838,214.42223808217148,0.89512295,690.7368461596939,308.33447313380196,0.9944695,546.4174890666854,301.49650522865574,0.9976953,703.1743927464554,426.78713324135373,0.9546504,523.8160762928131,420.18057999747253,0.984535,701.5226745315586,512.3874963651255,0.8930229,521.8846744050953,522.3132270169131,0.95030034,654.0882158850669,537.2305227626758,0.9603706,566.119948674557,542.3762923472245,0.96862996,647.8098815959319,675.8346155437764,0.20218861,568.9380317661031,685.0931080777975,0.2589721,617.7502,691.7589,0.011625111,584.60876,704.86993,0.014861226
10.0,619.8536239830522,210.16420809637341,0.9916051,634.0284555364707,198.31644207222695,0.9600229,604.9043326094364,201.9880204137352,0.9799397,656.4102389036238,210.10864276433318,0.680356,580.4316701283008,208.17167442208043,0.8971931,684.8058905257142,307.63758476091436,0.9945172,547.3694553953576,310.4400631663271,0.99772644,703.274212494615,427.157811898356,0.9550457,523.8782228461317,418.31586794845134,0.9847219,706.2419792454865,516.4628564052956,0.89328194,519.185557334613,523.3523370360347,0.95055866,654.6347398888352,536.3050288216532,0.9606167,567.9847520957071,540.2653961687517,0.9688492,656.4675928681735,675.6431311718073,0.20067084,568.1826962783674,682.8173589130904,0.25728136,618.8945,691.8616,0.011439115,584.9816,705.7261,0.014621437
11.0,618.0032592345764,213.70166660749257,0.9916283,637.9344961613307,196.97924350540444,0.95715934,608.5157643837064,199.21342542022384,0.9810753,649.0690538937731,214.54534871408237,0.6513812,579.9637558129618,212.4447808364278,0.9089959,684.1429265587827,307.4773421651061,0.99456155,545.0644733795403,306.93712943267377,0.99787223,700.8914827559095,428.23667641084046,0.95479345,522.6452599963104,416.35257025467706,0.9860362,702.6413234569457,519.9023601774144,0.89304936,513.4786202207862,523.7776856534999,0.95427287,658.9172735622853,538.9416037122699,0.96065605,558.5742479212126,535.6291567378865,0.96974206,655.5850005928684,676.9834892596899,0.19871956,563.1860153506038,681.464246548979,0.26015234,616.3325,693.44635,0.011159301,583.73486,706.0284,0.014451921
12.0,621.3524105973592,211.78498618684495,0.991691,632.7947387576168,194.41051841124593,0.9565812,604.0872502905991,193.14726299380712,0.9815401,651.2214803326119,214.82926579729752,0.64135957,581.1959170647697,212.35038348805728,0.91272366,680.13482009022,311.0155296730856,0.99452794,543.4785155302324,307.1087226008656,0.99787825,698.6487482787437,429.20288801416933,0.9546021,514.3849385407771,421.42293188069743,0.98620915,700.9857159453959,520.7122390503856,0.8923962,518.9502299329401,520.6837947915417,0.9547863,655.9593621962719,536.6724298413735,0.9599043,561.648892384642,538.7377301954174,0.9692872,651.1107263675285,677.7747405615044,0.1930537,560.3898587986042,678.6875631797534,0.25372773,615.93665,692.4904,0.010759741,581.7596,704.3898,0.013926387
13.0,621.9778470975862,212.46772525274213,0.9917928,634.6597923815638,199.67188828365335,0.95878005,600.5415695403293,201.85716085253353,0.98115885,650.6273988281825,209.58665061239876,0.65738934,584.0392644803785,213.05090594301197,0.9068639,678.8295801883772,309.52391538837554,0.9945525,546.2428292343865,303.3325651965866,0.9977739,700.7315102014522,424.17030570149876,0.9550593,514.9746355148468,419.67705123004356,0.98521686,699.1697725726503,522.1144782384287,0.8931435,513.9398935648887,530.4025405137482,0.95204747,656.8929914003227,538.0392001849456,0.9603801,567.3121002287711,542.8902030859073,0.9688845,651.6904248356552,673.9201432190573,0.19920838,563.1875216442492,677.1607633421762,0.25590295,615.5976,692.673,0.01130259,579.9636,704.87805,0.014387846
14.0,618.1447258977656,210.17971752773687,0.9918225,628.8296490040098,193.97523634206945,0.95875466,598.29372595699,192.66566250121397,0.9811699,649.008049650423,209.66788938966144,0.6571852,585.4632435421343,210.57106040645735,0.90652335,678.1130455113237,307.2269815407556,0.9944972,544.7340417429299,305.8088506346725,0.9977973,697.2048190818175,421.0552900846176,0.9549812,512.4681957552835,417.59082488311265,0.98556876,697.9687574065506,521.7202834725,0.89368093,513.6450659681793,520.1747786837757,0.95329285,656.2006618033062,535.9289782847585,0.9599047,566.0835270261017,540.2322336710105,0.96882296,656.0183046552582,677.6828394353105,0.1946209,561.336003913275,686.0721466301527,0.2523275,616.7833,692.2147,0.010890931,579.5185,705.14026,0.01396215
15.0,621.007733638702,209.68631776037688,0.9917836,632.3449047001014,195.83179899137605,0.95800173,604.6265708884504,191.27415635150126,0.9813539,648.4301689573689,212.8078924514189,0.65034986,579.0770712304771,210.4641629884856,0.90891373,678.6233222351518,309.6564956638376,0.9944639,542.9661460584599,304.6600888377736,0.99778926,700.8272547366049,426.27946801673284,0.954382,514.8930170573803,422.8245310045798,0.98550963,696.5137548386328,517.8605739388358,0.89167976,513.0888080696203,533.4529883398818,0.9526648,655.6462010026767,535.4031988348137,0.9586013,562.6892366390717,541.857970150054,0.9678714,647.2695233210142,678.6805432491159,0.18584946,562.6792427792346,680.1293381299579,0.2423284,615.01904,691.3345,0.0102906525,580.19916,705.25366,0.013203114
16.0,620.6841416944042,209.864688373856,0.99180144,627.9566755692995,193.34318128058968,0.9583696,599.3920475191194,192.79602371301783,0.98141706,646.4702055908533,217.07092125401843,0.65323585,579.7585433359689,212.07889687441158,0.9085867,682.6300968508965,312.825075117778,0.99446964,539.239783974801,311.80779576241474,0.9977778,702.3424256987521,421.69263784790485,0.95448804,515.4012546586513,415.3208680522665,0.985461,699.0709984554231,517.3915849745952,0.89178395,507.1842341424695,530.0908701456417,0.95232975,651.0105629966266,542.0610575751349,0.9589987,557.5533905574742,543.640671500933,0.96811354,651.8553575942612,680.0882605380338,0.18648574,568.3956315357025,683.6820862338254,0.24278376,614.5908,692.12317,0.010305107,578.38513,707.00806,0.013207316
17.0,613.7046909983062,201.57654813227396,0.99175334,624.7991203136145,194.81743774046447,0.9576154,600.5493185262752,189.40182093797185,0.9813738,642.956137270921,211.9014838609206,0.6511772,576.0625429015539,210.4673789002599,0.91020846,675.3412995178089,309.22679368339806,0.99453294,541.33820454618,307.1536450082214,0.997851,698.3776456342947,423.6758815058209,0.9543643,512.3347568521402,416.0773072819346,0.98584807,698.0952467059657,517.1050005520385,0.89105415,505.88505870193757,528.8148666663906,0.95323074,652.6458608392429,543.8032312452787,0.95875514,561.9525004017927,539.6349756790058,0.9682604,658.3873645515648,675.9849340240152,0.1839461,557.3853759258217,685.0219262961924,0.2419264,613.7915,690.2722,0.0100824535,581.1253,706.16235,0.013023913
18.0,616.1761131689732,208.21326301425935,0.991753,627.5260168579434,194.88421855546136,0.9584054,599.3828763363813,194.07769093010305,0.98103154,647.2249276202613,216.65815899050793,0.6602447,579.3130238539782,214.24960860119253,0.9064613,676.0672802096385,307.38685224750543,0.9944403,535.3588619997317,302.85889265166566,0.99782515,700.2935886838019,430.05627908397673,0.9541018,515.0708232147122,420.6385381973663,0.9857756,706.2701558836985,522.0465739758031,0.8910569,510.44369001997575,528.7644430000486,0.95309687,648.4494632660031,539.3792866649247,0.9576032,563.437938943284,539.2619648171506,0.96746624,655.184999373512,677.0225482451572,0.17650086,559.2581494509598,684.0598802734966,0.23335731,614.6111,687.76984,0.009576052,579.61383,704.16113,0.012422025
19.0,611.2124521068937,205.89134137975572,0.9917759,628.0045879534882,195.54853665438407,0.9587165,600.025219238645,195.7998763130518,0.9810096,647.4604300768426,206.03220076291126,0.6628615,574.7055068482877,210.80175709231526,0.9060753,671.3459085710724,311.346170316436,0.99444264,534.5018893989946,306.8148330548314,0.9978174,704.3229867315714,425.24135627743374,0.95424604,513.4333458886425,413.796173804998,0.9857694,702.1092052875899,518.5825028708921,0.8910972,510.2037862757674,529.423358710294,0.9529908,652.5438594640544,540.7156553518435,0.9576981,559.8627417332184,547.0018744013271,0.9675077,648.3846986249906,673.4784844567732,0.1742357,556.3447711404525,681.7084651304187,0.23050565,615.42096,687.7586,0.009377003,579.33057,704.0595,0.012170613
20.0,617.3918257348205,207.42690554632813,0.9917954,624.9546744598528,192.8097196744468,0.95849895,600.7308947707586,195.8816677108712,0.9812236,645.184560185648,210.69018715084528,0.66052675,582.6648131656975,209.9453134970868,0.90764034,678.528012909882,302.9597323536579,0.99445206,540.6860536770473,307.8866279834707,0.99784136,701.8999491122673,422.0505159646504,0.95449823,515.5751077295812,415.35525639762983,0.9861201,701.6880372674485,515.1767387378039,0.8923267,509.20548453276626,535.36332953993,0.95407915,646.4002909509159,536.4853417026276,0.9585993,557.3948010867856,544.516429140392,0.96836543,648.2233281061984,678.8918338202051,0.17859903,557.505817058216,683.0040871897119,0.23680189,615.8971,688.81396,0.009627253,577.2232,704.68427,0.012530357
21.0,610.9085396135499,209.4541990126693,0.9918647,623.5777759847238,192.39313885311682,0.9587958,596.9925658558255,197.41357084560502,0.9814166,642.238493944369,212.03102070373757,0.65927166,572.146881037116,209.76095254363895,0.90840995,674.8440687197992,308.79452870658463,0.9944596,542.4576882112286,308.3407716676597,0.9978274,699.9026286428333,420.0812739440518,0.9549855,509.42683592509695,416.3784826992243,0.98613137,700.2171928221878,517.113928544322,0.89288485,507.05579610766597,527.2416354328737,0.95401555,648.5762569232421,537.2537058014689,0.9593211,554.8249863336855,537.2841147934786,0.96878576,653.1492041443872,681.8401194140121,0.17923594,559.2794372686278,681.9930163479032,0.23671967,617.86414,689.9674,0.00960964,575.70605,705.6152,0.012468904
22.0,608.0066362023167,205.84542660819633,0.99181473,625.7532888767332,192.63976493282618,0.95845896,604.6096132506365,192.68570305962564,0.9813328,648.7468771492767,210.3764583631498,0.65881884,575.5434683113376,207.57190070284412,0.90852106,682.265756635675,305.7909731849205,0.9944447,537.5561584465615,304.3932359173765,0.9978406,703.1620663850013,414.6326925551658,0.9546571,511.13731912720095,419.7626266161587,0.98621416,706.5090877363684,516.4482987531528,0.89216375,510.7286378654743,525.1938408620108,0.95421904,649.9905231401569,546.5966865912145,0.95873535,560.2952355561852,534.6707200195265,0.96849227,655.8099721771091,675.1056946391387,0.17726901,559.0298327956492,682.7741500104183,0.23526922,617.1345,689.8506,0.009490579,576.8943,705.15857,0.012359858
23.0,615.776910934276,211.75028489863035,0.991821,630.74545336787,187.83691861295236,0.9584769,598.1767719000136,191.99685122804874,0.98133653,646.7003351790992,214.64064232280722,0.6592255,583.2062373046109,207.63410729432815,0.90794945,676.5263435951626,308.44514131055547,0.99441975,540.6772343245751,301.0796028895668,0.99785566,700.7539684391586,423.17541653610954,0.9545506,510.13005900742974,419.8926374718403,0.98640585,694.9425065287936,515.3253449796495,0.89297736,508.96357165563427,526.0927351649001,0.95515513,650.8974033782788,536.2884952722009,0.95867246,555.6274474442747,542.6402727044915,0.9686359,651.7216003178114,674.7525740766771,0.1773592,558.2280211515821,686.8279764075015,0.23672575,617.82855,690.1316,0.009465754,577.738,705.35657,0.012397796
24.0,614.2285058291493,205.13296134482596,0.9917292,622.3119676564118,194.0044365270298,0.9573421,597.1876525726886,200.44371407310777,0.9813733,639.2664681184235,211.09067067157042,0.6535889,574.9799581962068,208.99469474801924,0.9096315,680.220028102839,307.86825415850257,0.99435174,530.5959395907579,304.52627163105376,0.99791414,700.7621933400528,419.8802737552035,0.95415914,509.5862516141399,420.26566610237904,0.9870119,704.8622750983586,519.0071250922304,0.89252234,505.35991787214465,530.53979928256,0.95665544,650.3798591239781,538.6377158079664,0.95791984,556.2239154286648,536.9829831074134,0.9686513,654.7236668195111,677.7743957457741,0.17084914,557.9329446551152,684.9125457424005,0.23219407,617.47034,687.78076,0.00900656,576.96936,704.19775,0.011951745
25.0,609.9252331632346,205.0908945837809,0.9917243,627.9617712290881,193.2772894663014,0.95704395,600.3897824838784,190.44248100216626,0.9814159,644.8547116626077,205.75590668109896,0.651933,575.1766665124405,210.09720109812588,0.91037744,676.3308289845835,305.0810226785333,0.9943985,541.3806091727467,304.6088911791344,0.99794006,704.6001129236596,422.92225821448176,0.9543898,512.5400564648418,420.43920308314887,0.98716974,705.5229212706707,517.0168504557139,0.89325345,506.83272035482804,524.9761189958978,0.9572415,653.4325937637493,537.6750906238726,0.95863897,556.182623669695,536.7021923005061,0.9692326,655.7146699918129,672.6780187641486,0.17495853,556.6158227110761,684.999392962597,0.23787054,618.3383,689.20776,0.009237111,578.032,705.77,0.012278914
26.0,610.2300715101658,211.55072423848063,0.9916845,622.5393381217397,195.17491423124258,0.9562187,599.1668339712353,197.75852736217803,0.9814033,640.5220463648534,208.80130776629082,0.648673,577.3950917311389,210.55310196412296,0.91149294,674.9288361321455,310.042137448602,0.99440825,539.8786940176328,305.71039669275945,0.99800885,699.2473465841986,425.66513149409195,0.9543718,506.71215602865834,416.6852757791503,0.98773295,697.3703257243161,518.4315037842404,0.8932687,508.5580918110457,532.053891822686,0.9586969,655.0968057065348,541.3866047800926,0.958442,556.2281826805045,540.575401326887,0.9695699,652.713155238938,678.2646321785297,0.17039108,560.138582433306,685.6928804413661,0.23538637,618.887,688.6828,0.008848518,579.3279,705.8518,0.0119146705
27.0,607.2112546790311,204.04388867146974,0.9916594,621.5853036293969,188.96523618860462,0.95662314,596.7003464103757,194.8607673729014,0.9811158,643.9153656095217,207.0807464610222,0.65507036,577.6411742098009,213.13695616555316,0.90870166,676.4528854887989,305.45247324716684,0.9943689,537.1077174241691,303.05200185808326,0.9980064,700.9086904838246,426.37888180727464,0.95414823,517.1602023800465,415.9854970962562,0.9877294,704.4740194424413,521.3464183622788,0.8936231,508.21506318892034,531.0942290178456,0.9589294,654.5340901557687,542.4388399813007,0.9579581,560.9359841322815,541.4195476015999,0.9693154,658.8369379325866,677.9261790400683,0.16824919,565.826559569486,681.8432505626989,0.23346972,618.6039,687.7893,0.008718461,580.1353,704.5083,0.011795044
28.0,612.1448580521173,205.44901493902196,0.9916682,623.9809253520518,197.7683701831456,0.957561,592.0355682622522,188.61063606565898,0.98078513,642.7724815892498,208.92732585287507,0.663189,571.2476802763875,209.5681316832669,0.9050795,671.743280336705,308.7137284332072,0.9943123,536.3896003513069,299.4138804118777,0.9979461,702.6220539140527,427.6186724090713,0.9539301,518.5053526320621,422.17103826462295,0.98729765,699.5349396502785,515.0395870465087,0.89320385,512.4340662649405,527.7921791900795,0.9577986,650.0571505228975,543.7936794448209,0.9568964,558.5101916351931,539.9789244741685,0.9682684,653.8371138448827,676.5227278095482,0.1634683,564.8314070457218,682.1881116170612,0.22590321,618.9418,686.53613,0.008440703,580.33923,703.127,0.011374295
29.0,608.2742566094603,199.5553541306221,0.99168885,622.696985001895,192.78523673213303,0.9579202,596.5179611368463,198.70155130301842,0.98074555,644.6721096979566,209.61883056211548,0.66506135,576.5118844441726,204.44612238629628,0.9044454,681.2050339305515,309.36242495569354,0.99433583,536.5730872623791,303.15663109721334,0.9979198,697.9282290346399,421.2986231719766,0.95408785,514.2375913372974,413.0297821286689,0.98705935,701.4990693263667,522.5915198814924,0.8933839,508.1614110974989,524.9386989275088,0.957211,645.4003395449978,541.5670366280738,0.95711035,557.035480958479,540.7677381349166,0.968179,658.1953144768802,681.1762089865279,0.16534561,565.2635886109371,682.9964466222794,0.22691783,619.14014,687.14734,0.008568823,580.719,703.5305,0.011487633
30.0,613.895392365885,206.41913655189958,0.99158496,625.3720974193876,191.62995489868425,0.958313,595.0171563500556,196.5142334040175,0.98028123,634.2182443265515,215.28889526303192,0.67150915,575.1436035414462,210.78088341667296,0.9017259,672.3525625154942,305.47056781427074,0.9942434,536.4596878124679,308.325290760196,0.9978339,697.7901948513005,425.68506885755954,0.95320404,505.8063450238649,417.6031904847675,0.986325,700.7610455251428,511.94613751674996,0.89090985,509.7045814772648,522.5389364569195,0.9550816,649.0279863315006,540.358776433261,0.95488584,565.7240812398477,538.1130341400523,0.9661707,656.470614490717,680.6512377706747,0.15757072,564.6698332045064,681.3834980425758,0.21515712,619.1211,685.15106,0.008185029,582.2794,701.392,0.01090762
31.0,607.401137446488,202.5116465279808,0.99164987,625.5602840754835,193.33442198135944,0.9572177,600.234130009949,184.55607000425758,0.9808662,640.6109284382648,208.06055567242848,0.65750176,577.7785252614975,209.1372321208904,0.9069548,673.6824205064571,301.33989219243887,0.99424505,533.1598393192209,307.4975239463457,0.9978862,694.4863194416698,422.8947219525584,0.95314765,512.9867058745772,418.1288021117137,0.98680055,705.6309622660938,514.9721046862403,0.890709,501.17335027054196,526.8483794485392,0.9563818,649.4801746088882,538.3166067123341,0.95450073,558.8257102663539,540.686234826066,0.96622825,652.9043314118646,672.834810058724,0.15320179,559.3363906053826,678.323516453682,0.2112773,618.98224,684.26215,0.007872283,583.08716,700.047,0.0105398
32.0,606.809256242362,205.5648862742037,0.991686,624.1619143821049,191.02295340403177,0.9565513,597.9501082943692,191.69214850105584,0.9813049,642.919821769029,206.6647710492515,0.6477135,565.5532240188932,209.2066774989271,0.9104042,674.6083547146205,312.31451558724774,0.9942421,538.4191521516548,304.63885594632893,0.9978957,697.8626637741077,420.857347542239,0.95313627,506.377149946653,412.00039838834607,0.98697805,701.4366405595206,520.8998603125074,0.89091575,503.27125050345853,526.7014170649016,0.9570054,649.667776822428,541.9582903443708,0.95476055,564.3413661827753,536.6368438638931,0.96649855,653.9144362453056,675.9172849231176,0.15457335,561.4878720945916,685.2114314805366,0.21325067,618.38354,685.4278,0.007952213,581.6568,700.27765,0.010635167
33.0,610.8328516339966,202.17487315165036,0.9916986,627.6134949102697,187.27834419905176,0.9559847,598.7448086537196,189.80675193276892,0.98155314,638.9144007936693,202.6344434803786,0.64133507,573.2101633882578,206.7006362202019,0.9123014,670.8068102121553,306.27640367716685,0.99416494,535.2423326745931,299.8066945854786,0.99791145,700.4933121270321,421.93317100308224,0.95262253,506.8670775933919,414.0365092488485,0.9872381,699.9304221466384,520.8130378861725,0.8907361,499.93327837246693,526.734508712551,0.9579836,649.6906885030096,534.7400007377096,0.9535891,560.5603252562306,538.0170184744737,0.96596766,655.7553237238669,680.3779483268424,0.14928293,564.2805663699712,683.5587223746342,0.20823386,618.92706,684.18945,0.0076078176,581.7887,699.3423,0.010241121
34.0,607.8843078076014,207.65966761582752,0.9917184,621.3892417773665,189.03666308165418,0.9567706,596.3265299102013,194.34674388043462,0.98129153,642.273229688415,204.37571509932656,0.64915884,576.0148950514543,206.9128849519365,0.9100153,670.6242767321405,306.2246855812183,0.99421644,536.1163824768931,301.5608506127762,0.99789083,697.5747768316044,421.3905531105278,0.9527365,502.6546594738288,411.46014410069637,0.9868801,694.2079967296796,520.5977952214316,0.89017135,506.1634636426979,520.9810587244888,0.95679975,648.8808044438131,537.2074266133427,0.9534817,560.4810789723651,544.5793025999557,0.9655786,657.6615142830834,677.3148695019959,0.14900538,560.0525312115616,683.6862448406154,0.20639294,617.9034,684.1128,0.0076084435,583.2624,699.2574,0.01019001
35.0,609.3261333996185,202.1933784939004,0.99163103,631.3479390851201,188.97493495712638,0.95661163,596.9258496070761,194.6719063568883,0.98105717,641.1069153009825,205.68766105379424,0.65222865,579.9817944657235,204.24455898251173,0.9090965,674.4058379558633,305.0985559352543,0.9941888,536.9519087707688,303.746795536054,0.99789035,694.9853549457144,417.9526637777018,0.95237017,509.63961550101203,417.0159881018784,0.98683167,692.6066440954534,519.8324041466999,0.8891918,506.6940440836693,522.7729780164176,0.95644706,653.2033572576668,536.6464155840661,0.9527013,553.3007161858106,543.9774238910353,0.9650917,648.1549424082575,680.1915726438341,0.14607882,561.0677352970054,687.0233103654962,0.20293158,616.0467,682.52747,0.007456064,582.37683,698.273,0.010002345
36.0,613.839104837328,204.88703523371694,0.9916346,624.116026321757,191.97361293816545,0.9570334,594.925604573451,190.6452890097925,0.98097295,642.3080113586512,202.9920679672076,0.6556773,573.9169776345433,201.5230776153708,0.9083762,670.4224070248298,302.657809483002,0.9942465,533.1408450674303,301.01349113530404,0.997866,698.5846790047715,424.20980602163786,0.95246005,505.9348784385489,413.1517508092535,0.9864589,697.8764694125855,516.2256438396939,0.8883907,509.74826339284607,525.6852397558853,0.9551191,648.1859591315576,537.6060636859715,0.9528986,562.309650702901,539.545994005883,0.9648899,650.0383826131027,680.0020634208397,0.14725372,557.6382701682616,686.7733545417889,0.20260945,613.767,684.7374,0.007537067,581.99567,700.0797,0.010035396
37.0,604.8166474304791,204.64115759501976,0.99163425,622.5500938598614,193.36553249337464,0.9576619,590.673460862072,187.87544134662622,0.9808144,640.8571519772004,207.403157206881,0.66072214,574.4116431287904,205.89865619837033,0.90675855,675.9491395611179,304.4229892621427,0.9942746,533.802188861714,303.9175088596951,0.9978156,697.0863655327452,419.8742574370683,0.9526433,508.3834590254433,412.47133218494946,0.9859727,696.9516055331852,516.0123782406594,0.8879601,506.7829161682158,522.8441195847308,0.95355254,653.4455296518094,539.2287258781328,0.9533605,553.1310561267136,542.6620403688338,0.96477765,647.6841934368942,678.9566857780427,0.15062636,561.516639182564,681.5794509400123,0.20463237,613.30646,684.9252,0.0077942014,581.63727,700.7182,0.010278761
38.0,614.6786919521714,204.625491958696,0.9916781,620.7585736256043,191.2994245493041,0.95834935,593.2834451094913,187.2683611626013,0.9808667,637.7297608058935,206.25740454842858,0.662856,564.6331131418644,206.153579071312,0.9061154,675.6344956082218,303.10402651919395,0.99429536,535.077170758722,300.6223430748765,0.9977411,697.4980290339973,417.7997836972734,0.9528682,507.02009571566725,414.8249167142914,0.9853344,693.9507396635051,520.583587165471,0.8879299,505.75013126458055,530.1948237857548,0.9518504,647.251419604995,545.1575812212781,0.9539846,556.5049081259514,541.9284614080408,0.96462786,656.7697415508738,678.6108672180403,0.15555763,561.4081518203259,682.8385862812368,0.20785603,614.0419,686.63025,0.00814265,581.40564,702.7185,0.010599732
39.0,610.8562620748332,204.38039058970566,0.99258566,621.6003648107572,192.5301113637566,0.9676243,594.5671864798638,188.0530727019883,0.9826535,636.6221936545799,204.63145846359086,0.71686465,569.4145901430189,200.85705655286236,0.90127856,672.9822958257407,304.80027969557096,0.9957434,537.3576034776347,304.22547842590853,0.9971434,696.3097839958756,420.0197743023643,0.9609514,503.2037699294725,409.89919957169326,0.9774001,695.9521974105786,523.4106625152875,0.8843807,505.09168786691765,522.2244112495993,0.9245328,648.6289236360021,542.5237283106128,0.9666263,557.181307508992,543.2426317326715,0.96817994,648.3472220294798,679.7032234213619,0.23019171,544.6471556984931,684.2475985345272,0.24790478,620.9588,685.239,0.014707059,562.7161,698.0397,0.015878797
40.0,607.0077426104707,202.95119574977372,0.99259746,619.5583185964383,197.73159767226997,0.9672623,599.8824832954792,187.6827401725369,0.9827935,637.9186579918619,205.51638747305464,0.7125173,575.922847712619,206.2911198680602,0.9021434,671.0488423446728,305.8799963662017,0.995638,537.3503441122522,297.34483778352524,0.99717045,695.5918897672559,414.45239990825695,0.9604782,505.2975019596435,415.164301297948,0.97809994,697.5228259010711,520.1916778665526,0.88469434,508.1486463537871,521.9686338973086,0.9270479,648.8346257849711,536.1098389421444,0.96531343,548.7541429895134,537.0033755813857,0.9674483,651.9370548072949,675.9835871798867,0.21728846,549.7304167352523,678.115647778662,0.23724425,622.6228,681.67584,0.013607532,562.3287,694.2123,0.014859229
41.0,610.430906195442,203.31766167602638,0.9925748,626.8941108821517,191.745511033133,0.96736085,594.6561819182895,195.7964587774567,0.98285055,639.7003899439796,208.885576112193,0.71139693,575.9584074577505,200.19893058849988,0.90258217,669.4990864366121,304.509419884497,0.99560416,533.420885600713,304.3314857180997,0.99707043,701.7344523111592,418.8524681738132,0.96014136,507.1780728313403,414.16580366693967,0.97713584,694.8714860763869,523.0589323011676,0.8830302,507.37477525833185,521.0752735568299,0.924214,645.5363453493387,542.2527149449671,0.9647004,552.8924665299264,540.6358124121874,0.96645105,652.7283874701757,676.9083725089946,0.21740913,550.2240878541511,682.2912553461492,0.23498794,622.8403,681.9136,0.01378268,561.9787,695.0099,0.014902562
42.0,615.124821669879,201.83148207649893,0.99255645,619.0142375857995,195.969442763688,0.9677311,597.3066477260082,190.4458314481799,0.9825913,640.3140289294337,202.55875264385156,0.7175605,575.3261701557332,207.1606061794532,0.900349,670.2675386886966,306.5082988479216,0.9956577,531.3917083022942,304.51868891032325,0.99706507,692.3962831580135,421.2540444650337,0.96042085,501.0773759642845,414.63677680188283,0.9767772,692.892705791124,526.2079656855597,0.88267833,501.97531935958904,526.2237996674735,0.9226897,648.5186943601543,535.6403866572591,0.9652785,554.3675326780186,541.9586209120334,0.96678495,649.8594259976655,678.5776942413008,0.22098333,545.0610187505598,677.2303519442165,0.23744905,621.2365,681.5274,0.014098018,561.59174,695.4231,0.015177578
43.0,614.1839273256983,202.9570778324136,0.9925984,628.7430618331808,188.28873449493386,0.96834195,597.4790961957158,189.32757026401748,0.9824763,641.5764633584598,208.94646396282278,0.7238853,577.9465768384912,200.2599999113841,0.8983866,669.5162195361212,304.2292205476221,0.9957331,532.738695845794,298.8545170811395,0.9970628,697.3701492082731,418.18475632969427,0.960918,502.2505665161194,405.5844691800946,0.97644407,692.0988743884471,518.0495909131666,0.88387644,498.36074972483067,518.8008580135246,0.92199284,644.2245247884239,542.644327845874,0.96654296,552.7342202276416,539.4107842766699,0.96771336,651.4387619442322,683.4856604987133,0.23126462,550.8534466858529,680.2381620018754,0.24659956,621.4707,682.73773,0.014953166,561.10486,696.62976,0.016019285
44.0,612.0894797837215,200.21730713928218,0.99264956,621.6524293564028,192.80235226412424,0.9682745,593.4567042501784,192.38866688763596,0.9826798,641.4304372777299,209.18892010314457,0.7208046,580.1955572798794,204.77448373768718,0.8999138,668.4941781185751,301.3222734808734,0.9957307,533.6064958112001,300.4330984596893,0.9970779,690.2198216759253,421.71444086354313,0.9609442,505.50253834367834,415.99367888962496,0.97660697,698.2915329861946,520.2514239931124,0.88404834,505.64465929716124,520.7605218420939,0.9225676,649.6479881622107,536.3048095129856,0.96644866,548.4283651318173,540.1185461016439,0.9676691,650.6054780425908,677.5489726501429,0.22904453,548.4462968282592,682.5681897002432,0.24474815,623.4872,682.8787,0.0147219,562.63794,697.09515,0.015796393
45.0,611.6188019663638,203.2435051698306,0.9926052,620.6357677218462,192.92442810159525,0.96806127,598.3214154091336,191.52377242985253,0.98266995,640.7342884367811,206.78416317045193,0.71956205,571.290616393343,202.7685875733299,0.90019464,674.347695843785,310.27541421234065,0.9956962,530.2616180948098,304.0097353689411,0.997067,696.7323293851741,422.5627383671866,0.9607043,505.46613928705574,411.9113623024455,0.9766295,695.6621793548853,515.8113829431027,0.88367057,501.83407794318913,516.3761446100041,0.9226643,646.5013836184463,541.8098534825616,0.9661546,554.2836584695679,539.3289289003685,0.9674598,655.6448033294523,676.2986845271797,0.22742796,545.0220480272585,678.0257440191516,0.24362823,624.44385,682.5322,0.014624059,563.04065,696.5507,0.015729904
46.0,607.5154420378026,202.3619541366753,0.9926402,622.4305286654088,192.88659469830463,0.9678092,596.364612581112,194.9096739241454,0.9828563,640.2958223175174,205.06214945765765,0.7155404,572.138128108791,205.2879281824354,0.9018909,667.4074864971503,300.6065993252631,0.9956994,531.3409054744961,300.37972320406436,0.9971073,697.3263051953652,416.04556483283955,0.9608602,505.64980086503147,414.4750963911765,0.977157,691.7285973895763,526.9736593745866,0.8842883,496.8768137791916,522.7626914601079,0.92431074,648.2471444571388,539.356119081688,0.96632636,554.0989855494443,540.9282380699086,0.96780515,662.266095840535,682.0429813041521,0.226428,547.2799520323399,684.1445940960812,0.24379855,625.5674,682.4103,0.014460832,563.7005,696.4833,0.015615076
47.0,607.7197287096985,202.0877832409126,0.9926262,620.8287806376534,191.07326941359975,0.96791804,594.9923494752081,189.26798362945854,0.98272705,641.3570238358303,204.6371157431181,0.7184918,573.2577475346192,200.9891718125108,0.900664,673.9028930460481,303.0692425383181,0.99570405,528.3664985953951,304.5404877301167,0.9971135,694.4430522503162,410.3048909628723,0.9609223,502.00167817424085,405.2331810908553,0.9771905,694.1470460612393,518.0473633293261,0.8852691,501.6916719650741,524.1078942908928,0.92475224,648.5900629431883,543.8645755927191,0.96653605,558.4595263283745,541.2332722361965,0.96802497,654.1042630708015,669.6684083915876,0.2299279,544.6259592692912,685.3681366834232,0.24750862,624.63947,682.1074,0.014742374,563.3655,696.48596,0.01592362
48.0,613.4288752878889,200.7609927675875,0.99261856,625.892545891529,191.3001249515857,0.9670226,596.8668826785936,183.46416852085883,0.9829645,637.3699492348977,201.9617932169577,0.7095423,582.6308518459415,198.85112557023615,0.9042952,673.5057386582592,307.24450879064733,0.9956857,536.2354310248952,300.03640332171904,0.9971973,697.4866164351615,418.5555642674509,0.9607433,502.03941941136145,409.75171995509794,0.9782115,694.7978721123421,518.2608442479187,0.88461125,503.1843856961822,517.8823670275166,0.9272361,642.8233121053895,536.2348808786281,0.9659234,555.2109618787118,543.7700666447744,0.96797466,653.1743458095847,674.1170992603002,0.2214233,546.5984503919549,680.278700340762,0.24177253,625.0754,680.52234,0.013942629,564.95984,694.6959,0.015222311
49.0,608.2477013189547,201.9768302693236,0.9925885,621.1176136898728,196.44967718703583,0.9667789,595.2418073428611,193.1497785679477,0.9829054,641.9921121902403,205.0319630838126,0.7089603,577.1614569127199,200.46180580840354,0.90443945,664.1948628208145,306.56068951561224,0.9956799,528.6450594851073,305.7770570831254,0.9972222,696.5639790712339,422.38341903116344,0.9606635,508.31282707102946,411.53647688776135,0.9784661,693.6644826524503,520.0544747052697,0.8841569,501.186909738951,520.6937063106197,0.9275861,647.7225049942508,540.6210630111773,0.96573365,554.7380657509234,538.4414859892487,0.9679544,652.3613028087254,668.1836470300029,0.21702328,546.8643055857791,682.0355329773643,0.2380817,624.15393,679.7957,0.01354146,564.9005,693.70294,0.014842391
50.0,612.5842213383746,202.9947460047656,0.99260527,621.8066020967213,189.87916882534725,0.96695364,596.6653005572027,197.6940923442063,0.9828619,638.732806554149,204.69360127073756,0.71071815,570.6306766477,203.25994367375998,0.9035691,666.97943560268,302.371165911661,0.9956919,532.0018520466358,301.4446186132216,0.99722886,687.5416157832872,422.8744103431172,0.9610184,502.0891153342786,411.20043185643897,0.9786229,692.1613386623477,521.0214965031362,0.8855306,502.8949512282635,515.6093357507909,0.928255,643.5028199210926,539.8293169788213,0.9663409,552.5903962280678,535.7882398787127,0.9685035,649.4491986859214,674.2932477306853,0.22099763,547.382435015926,678.2873715858241,0.2421585,624.7713,679.5204,0.013844937,563.7741,693.37085,0.015172005
51.0,608.155561571443,202.6431062169676,0.99261284,625.0628078173356,189.42284520678575,0.9671644,598.2373536123785,185.2098161814956,0.9827728,640.6671749976076,211.4235160748631,0.7136225,574.6460239950557,202.534790881093,0.90247643,669.9881524233165,303.5323010906247,0.9957067,531.0297523128338,300.26115891511193,0.9972359,692.6135147818545,417.00658058924347,0.9611037,507.5234894617371,414.5399654006193,0.9786423,694.2428328804222,521.3438943261957,0.88533443,497.2675380938933,521.5547341244994,0.9279613,646.4514156503428,539.2932976412562,0.96640384,552.10883867644,540.8379223972802,0.96857715,654.8033543555142,676.3297314749999,0.21928611,545.610779870351,681.4935705984617,0.24029526,623.27783,680.032,0.013659149,562.6797,693.6266,0.014973372
52.0,607.5358175515918,206.18481249119947,0.9926022,619.906067276151,189.75726889019705,0.9675922,595.5027613724733,185.82759879885936,0.98254025,641.2712677994012,209.64729222365227,0.71920145,577.2595705706026,206.98740739112392,0.8996533,668.4315497324269,303.62378828472293,0.99569035,528.4839695149396,298.5556527310795,0.997199,691.3617363029248,419.6025161081338,0.9609705,508.12800467190044,407.53533083551645,0.9782533,694.0909491154919,514.9887604085981,0.88553655,498.6421930638684,514.4452361401844,0.9271657,647.2989339632849,535.2655765068307,0.96596456,547.5714183414093,544.4516222118672,0.96803725,650.5451589872058,676.8538009019967,0.21736446,546.8076545273682,681.4191717969167,0.23773605,623.1489,678.1846,0.013581842,563.5863,691.8961,0.014877617
53.0,606.2729730254568,206.88629075005005,0.99258286,618.2112622099103,191.67402416072042,0.9676987,596.81286916515,189.8209740825282,0.98236734,639.8162862700593,202.93100138836567,0.7225284,576.5231250945366,206.72410040766908,0.8982965,669.3667042184117,303.50849995348415,0.9957193,530.0562457735125,301.9744942487238,0.9972168,695.0297634038893,426.76890584053814,0.9611734,501.72523941340785,413.50586233116576,0.97831225,692.2063039231635,521.6921932917601,0.8858694,501.42639276962404,523.8004601097093,0.92716503,641.5727945384358,541.388057536772,0.9663634,556.3524566849702,537.173723387186,0.96841574,652.4686630727771,677.3992714398732,0.21925673,551.0738411480675,678.0424027146111,0.23973644,621.8633,678.3937,0.013716102,563.25397,692.594,0.015031278
54.0,612.9283350040137,206.36788105219767,0.99252725,615.1596123370571,192.24972571585369,0.9678092,594.9213306324376,191.1666072564267,0.98204887,639.673713206915,204.06215862361316,0.72751474,574.4818255801745,203.76320976607408,0.89693344,670.782191923864,303.426700186042,0.9958315,531.5949212471011,298.07446750412623,0.9972311,694.4964523044748,415.8583387290305,0.96135354,504.9210605055277,408.8172862881705,0.97773445,697.154498126939,518.8221201252205,0.8846918,501.9852124421375,518.4563036879255,0.92477965,645.8966828666817,535.1145663645239,0.966936,559.2851503330379,540.7090086624626,0.96865666,647.3203924079913,678.3342332556572,0.2281225,542.4097140357381,679.484496775789,0.24694669,616.87177,678.6209,0.014548689,564.0226,693.50745,0.015803277
55.0,608.1914055822002,201.67101624661734,0.9925637,617.2149690627117,189.51404564249518,0.96802676,590.2324613271505,190.7278147387346,0.9821481,639.713431169007,208.37954908848238,0.72702396,568.3622071590991,202.88140843518923,0.89681536,672.6066716626115,307.31406246055195,0.9958212,526.9656668577924,301.4128113379332,0.9971944,692.0137185434239,421.6706678087279,0.9614552,502.8269974883067,407.3989047953621,0.97749794,696.3632393134693,518.0549772436345,0.8852556,502.7934623656982,521.8054552172297,0.92445976,641.1692249848114,539.2766435662909,0.9671154,548.3638298132217,539.439937661099,0.96865845,653.8071410085386,674.8342987778174,0.23005533,542.7766004404849,676.4186748372651,0.24809521,618.32715,679.31854,0.014717758,563.9269,694.17395,0.015936464
56.0,606.9250939941177,202.14836378148587,0.9925127,619.6785321127602,191.65962660975993,0.9679754,589.7203903275167,193.86738288544882,0.9819132,635.5127544744252,211.91457981735064,0.73031765,567.37522407409,200.157270265392,0.8953006,667.5980842194568,310.3567799692528,0.99583364,531.1070959719677,295.35850546243466,0.9972283,692.9046483300768,415.9889475818414,0.96152824,507.0936610567542,410.94255560799576,0.9777521,698.2822334809135,522.4959439672106,0.8853399,506.9633559469505,515.6961232746546,0.9249487,643.1023367679213,541.2501058186467,0.96730244,554.8313331072063,537.3193301523352,0.9689793,651.3222831345495,673.8144539658682,0.2304394,546.148816740193,684.3518558396604,0.24928266,616.85516,679.09436,0.01472047,563.5336,694.28796,0.015993476
57.0,605.4083307468666,202.80291146660275,0.992485,622.6335424793775,189.67561857703114,0.9680337,594.8474887464841,187.34968245039107,0.9817623,635.1264128617049,208.3677146402837,0.7319088,568.2332633163599,200.59256450666604,0.89412904,670.5470209434662,305.3326050177044,0.9958023,526.7815191013555,296.42342457549194,0.99719876,696.4192184646752,414.67664445581505,0.96131647,505.4894589788768,412.939843029172,0.97749305,695.5921341257114,521.8898144075608,0.8848283,499.3227352410286,521.0111747932491,0.9241339,644.5671529722673,532.9562892103453,0.9667361,549.897385955274,540.8964429462711,0.96839356,646.319378258127,672.8525227383523,0.2267896,546.6462882709884,678.802405214949,0.24515653,617.4177,677.80444,0.014473081,563.5652,692.8424,0.01572001
58.0,605.6726470644053,201.0980163603477,0.99253523,619.6452817728485,189.5391900949291,0.96809095,590.2008082113351,187.3269359135868,0.9819107,636.0337411325268,207.38069897554442,0.7310517,574.008038320154,204.6060328248003,0.89523494,672.8619209612817,304.8088861469071,0.9958744,537.3804550519282,302.39565960988494,0.99723196,693.2901365848378,416.6447794445447,0.9616866,501.90988288616984,410.1455758680619,0.9775715,694.1838285553728,515.9546963004824,0.885539,506.3737429039717,517.9276887315111,0.9242655,639.5470859172719,537.4648939461016,0.9676691,552.4661672596177,538.2949678010355,0.9691886,645.7968554069315,672.958010063251,0.23465559,547.8053911435042,682.1915906154579,0.25258946,615.3219,679.37964,0.015092969,562.7849,693.9347,0.016327053
59.0,606.1275441488447,199.12480019095315,0.9925276,621.7280493884533,189.02777894793113,0.96798825,592.8628324227011,186.82276352608733,0.98195213,635.922720704444,210.43688392947465,0.7292467,571.4774807157448,203.25774006197642,0.89568514,669.6649426977781,303.94584087217817,0.99583983,534.2957201201746,301.61171018530126,0.99720407,688.7007480797819,415.1854346338557,0.96141297,502.08540525804415,413.37671650066585,0.9773314,693.2410677065885,523.6038956999813,0.88497996,501.0275480686359,517.0958247408362,0.92373896,648.005556999931,544.3641764461854,0.9669731,552.3916439074897,537.6687981829334,0.9684782,646.3517299659377,674.4772164757426,0.22997195,545.9792258251194,680.4467188632922,0.24739864,615.39056,678.60876,0.014737934,563.0922,693.38293,0.015919805
60.0,609.2149069434358,200.95034324816712,0.9925586,616.6958565196568,189.50893432607154,0.9679804,591.8021455966949,186.39854342781953,0.9822269,640.7806547682715,200.99806093694946,0.7254188,567.7639533037553,202.89546228909583,0.89707124,673.4977757106655,304.11140964231794,0.9957963,536.5007784807457,298.9735277970135,0.9971607,697.061025960049,421.56636674518273,0.96143156,503.6294528800598,408.0200681026105,0.977298,692.5014251154281,525.3694923438244,0.8855156,505.33700236159746,519.9305467862451,0.924049,640.2371795130719,538.8274561443409,0.9672485,555.3152393573773,534.7534410728107,0.9686554,654.2181623444092,675.7909567320477,0.23349196,542.601194539664,679.9870135716993,0.25076872,618.56537,681.8395,0.015003681,562.29376,695.6992,0.016183227
61.0,602.277938393198,205.3136166647298,0.9925821,623.0129760487363,195.62541988240298,0.968255,591.232214855157,192.46191463773965,0.9822284,641.2754295377347,201.85041377320934,0.726226,571.9640818539609,199.76484826774524,0.89720035,670.7033250740874,304.1906886959406,0.99586093,526.9088347730502,302.34132588164056,0.99711454,691.6534002584418,417.3403702878481,0.9615487,501.93911149551343,411.5692569274813,0.976431,689.0852208057408,526.2644040962525,0.8851552,501.14194055762596,518.8667205309808,0.92161036,649.7250388879597,534.1333472014201,0.9677446,554.5182414066078,537.334906831111,0.9686773,649.5579768516387,675.8070879647527,0.24290657,542.3983035998667,677.5022948212802,0.2573805,616.94556,682.92224,0.015932262,562.1703,695.8518,0.016981661
62.0,604.7679627256895,203.92453713300415,0.9925947,619.0235108973865,192.23684354446831,0.96800613,599.96421944354,183.5014121059905,0.98237646,644.1349888029771,206.8837182208544,0.7229248,570.3040721042535,202.9028334958889,0.89881015,669.0171049713466,307.380209889229,0.9958647,530.3211781952552,297.85545928131546,0.99713886,690.1854485893095,415.04265411297536,0.96140593,504.08912859462015,413.71931728390194,0.9766176,695.4790114218993,520.8978799664493,0.8846657,504.8944763697625,513.0987824291465,0.92209226,647.2796986981022,532.9072767115268,0.9675206,551.1505219577161,538.6667612794399,0.96857566,649.3893640110335,677.36579681039,0.24057594,546.2855326119466,681.7682112950856,0.25574076,616.5676,682.8353,0.015725493,562.68726,695.7638,0.016797781
63.0,602.0904331067843,201.8151946246617,0.9925622,618.6723839937491,195.76448138019626,0.9680003,589.4544571979653,191.76061298916318,0.9822909,633.0973285720228,201.53078007806582,0.7239785,571.2377500244058,206.07864923876627,0.89818513,667.5699319198684,303.678256937585,0.9958507,531.823905264001,299.864696133145,0.9971199,690.0702639143561,419.9172458895018,0.9612293,503.00387028420175,416.7139660146278,0.9764403,690.7620860773935,521.7408392604218,0.8841944,500.25434269977035,516.8138751763001,0.921563,641.9161187333193,540.2953989455598,0.96731216,552.3004369363714,540.6372552724736,0.96835923,653.8418363349858,679.4264320891587,0.24056086,546.1764990241461,680.4360160691552,0.2555462,615.5908,682.89795,0.015771657,561.9318,696.1387,0.016834408
64.0,607.5276642778451,198.33566742111452,0.99257046,620.2088589979275,190.02671180665033,0.96799016,596.3634854352424,192.07205140909716,0.98233926,644.0196389933634,201.8919491391889,0.7237667,567.7295526569528,201.93696891997354,0.8983463,673.4647490965862,304.1201923977224,0.9958662,533.1612132728704,297.92101271313476,0.99714136,693.6290629858975,423.60008684611495,0.9613744,499.89487946611155,407.1005215192647,0.9766731,694.1754534745602,526.9733490093741,0.88480026,499.29206908146733,515.9994188936222,0.92236483,641.2339217797909,538.7598721199605,0.9677737,553.0201774433065,537.3448164604973,0.9688722,647.3937049263117,678.6187763133556,0.24429888,537.9041553397293,676.8166821570442,0.2599163,615.8933,683.6072,0.016082913,561.6455,696.9612,0.017197222
65.0,605.8281915745278,202.95952098451787,0.9925815,618.337951615499,191.04986031780288,0.96800613,595.6174676706585,193.23609949331473,0.98246336,642.431069992153,207.61512038009334,0.72202957,567.0022197877888,200.2911336831714,0.89908785,668.2855720529676,303.9390453249528,0.9958569,531.715931384192,301.58404845130525,0.9971088,686.8341325430304,413.58004923026033,0.9612198,496.0836074721708,409.8058458827298,0.9763648,692.9767530500665,522.6185361016471,0.8843446,500.14804027594806,521.003146923686,0.92175984,645.145182081569,537.5231690888564,0.9675114,555.643756294569,533.6456722399203,0.96849847,646.5687591964286,676.8934315859059,0.24413544,548.0696043206308,682.1907397390387,0.25912553,615.8046,683.4388,0.016135424,562.12335,697.53,0.01719904
66.0,606.5806081978728,200.48426151378519,0.9925871,622.2385046990009,191.58791281395582,0.96792537,590.8951891532812,188.61404423527486,0.98257744,637.5051429999249,206.6513937316292,0.72017395,570.080865735719,201.9028513880987,0.9001459,669.9919100657341,303.7869586611287,0.9958539,533.7264410023184,301.472130830589,0.9971043,695.1995679221864,416.4719448122905,0.96107614,507.6970543208819,408.1101744048385,0.9763197,690.5588050879267,523.4203466576782,0.8842058,502.99798271113235,518.6949662388658,0.9217578,641.7924908627326,542.2444594534301,0.96753186,551.0632643517084,537.3328447331972,0.9685204,652.0511250479258,675.1434679737397,0.24588156,546.0972495963026,679.8071406601823,0.26092574,616.0049,683.74927,0.016312301,561.931,697.43427,0.017383724
67.0,605.8346542311598,201.6925973793401,0.9925622,619.3574292663278,188.70137027629522,0.9675472,587.8706805141343,194.26249574033952,0.98266053,639.6776877291683,209.2393351218383,0.71740437,571.0334749671149,202.9124048697579,0.90117526,671.9758780625187,300.2979509532071,0.9958277,533.3057522819911,297.3988754885741,0.99713725,687.3737589685109,420.85445056726064,0.9608621,502.92284710823947,409.4022758898239,0.97677875,693.0639558493322,522.9936988766563,0.8851565,501.43225911650876,520.1341244542963,0.92357814,641.6839858115354,533.030872641064,0.96739364,549.735983009172,538.2870803690232,0.9686413,650.9266102548241,672.384435114229,0.24553725,548.6566135882744,684.6688743920315,0.26241988,616.71857,683.7433,0.016238093,562.9757,697.1005,0.017421693
68.0,609.8730386741628,207.50401083523022,0.9925326,619.4434683614321,196.57914287743515,0.9671721,594.6258848724913,184.70822861899427,0.9826864,634.4317086762063,203.32088458623383,0.71467,570.0798380159497,195.8715923463989,0.90244114,672.2876141385558,305.07822873980996,0.9958272,532.6235713153616,302.86729781224267,0.9971625,692.3649566884022,415.03972377404403,0.96065074,501.9293846124735,410.50254089090237,0.97696567,688.8169413954612,515.9053494510845,0.8843702,506.5570657712257,515.8601290702301,0.9238415,643.0415164935972,536.1155215192794,0.96695995,549.8716326701301,534.0491204413651,0.9683701,648.1662095995657,676.4813917215159,0.24155366,546.4339726020693,677.9442878472584,0.25913066,616.0918,683.5598,0.015892565,564.1869,695.9955,0.017103672
69.0,605.3929275172607,206.98907406199527,0.99254537,617.4700606439811,188.02101741217606,0.9667227,589.5576765970898,188.2298439417751,0.9829163,635.3359081212984,202.0246299774255,0.709308,568.3879979300342,202.5748715693703,0.90494466,667.271889103413,303.9985202254131,0.99584126,534.5280303637593,304.0711609797296,0.9972185,692.4484885469941,421.3610054697516,0.9606694,504.85494112272545,418.80083813784154,0.9775507,696.9012324029356,519.9488282859469,0.88473904,502.81980822891404,520.6530142182793,0.9255747,646.7675064595193,541.1423809996046,0.9673543,553.2449053468094,536.9535899740256,0.968991,648.4635807564899,674.4898358742979,0.24424773,542.7678169316138,679.7218798402639,0.26348525,616.4349,684.5739,0.01606679,564.7761,696.6425,0.017372549
70.0,605.5059848198948,205.99353238192995,0.9925679,618.0689480765066,193.74302163400012,0.96693325,596.1192323097205,188.30063970673984,0.98295605,636.8911134112693,205.97080161086697,0.70985883,571.1705087741321,201.62690981845043,0.9052652,668.954596130629,305.8486406613047,0.9958943,531.523045647973,300.54409579622404,0.99719524,691.257060485446,415.7605234286269,0.96088576,509.5738365358873,411.6202391873757,0.9770442,694.544516379979,522.9351957077309,0.8847548,503.2431474507801,517.7459007587238,0.92417496,644.3389614808351,534.5240216267192,0.9679544,552.5788707266086,540.8208113355383,0.9692451,646.4656559670319,675.0769192326735,0.25319317,542.9328620795395,673.1922216614756,0.27061385,615.82635,685.6681,0.016947478,564.7615,697.86096,0.018170983
71.0,607.8258363430224,202.07556420533788,0.99259543,616.253127685597,186.69225077439398,0.9667845,589.4748643291255,186.7809826083352,0.9831054,633.1454532399489,212.0409232300384,0.7063001,568.7739411737094,202.91306020179417,0.9068773,664.7629600384984,302.44108650493047,0.99591225,525.3089739511879,305.7665716237414,0.99719036,692.9044887670926,414.31214981985426,0.9608604,503.12609049979164,411.1222499418216,0.9769304,691.3122743489439,523.2470157057043,0.88429683,497.96942992676475,518.8499038816656,0.9238358,644.9318569601186,533.9015314820759,0.9678215,549.1869351911856,531.8764419262945,0.9690355,647.0778434694073,674.3678436916974,0.2533868,547.6657641808162,677.117089316055,0.2703389,616.4288,686.3687,0.016982764,565.9227,697.8536,0.018168956
72.0,600.8226666494402,201.13111904667545,0.9925611,623.5724070248207,190.58903473736564,0.9665923,592.2098944819859,189.07740189033393,0.9831712,638.0349989312307,201.2918348357855,0.70435584,570.9967882146805,204.98519488473977,0.90787053,664.1303134106672,303.6472373836898,0.9958857,529.8822698375105,305.7838442828443,0.9971622,695.529486254889,419.274137121853,0.96047044,504.7072267263499,411.9026789024194,0.9766781,692.360650545076,520.3942205987621,0.88313395,504.57304477265023,517.7338848073465,0.9229886,641.8710266906006,530.3096799836894,0.96746695,550.2811218460663,541.837257158227,0.96866715,642.4206643600271,675.1906760573066,0.25326055,549.0287094553485,685.3035726503815,0.2700058,616.09174,687.60364,0.017043322,565.0051,699.24146,0.018208027
73.0,610.7248998839236,206.42122544471627,0.9926164,619.5407540206945,191.2479664424926,0.96683514,590.2882071274602,187.8132033571022,0.9833332,635.3641604947506,205.98960588755958,0.7026979,571.0733280151859,199.63842487378983,0.90826225,665.8542321850256,303.28835860044177,0.9958533,524.0995178564559,304.758402017683,0.997103,694.4407921442618,415.53865721506577,0.9601929,503.5890696781022,414.3004663936872,0.97615373,698.4237721454582,520.547257975036,0.8820721,494.8095922835435,521.1878262403601,0.9214864,641.770361993871,536.0281988063593,0.9666021,551.7581251699715,542.4934309207005,0.9676547,644.4468584124393,678.3126590814796,0.24580088,549.3712001486837,680.1058250450941,0.26099622,615.2759,686.94714,0.016438395,563.4892,698.72046,0.017469525
74.0,607.8370595636769,199.90110332312682,0.9926442,615.980671754089,188.65756361300268,0.9669496,583.7967753881201,195.18434478098544,0.98340297,634.0574002681906,204.19962685890718,0.7024216,568.7295217011465,201.10303449051355,0.90854883,668.2157491149694,302.7134148852845,0.99585354,535.7885876272439,303.37458418796086,0.99709827,694.4668215457672,420.1462338456044,0.96035874,500.84374513921455,416.4612319420437,0.9762031,698.5338335530257,515.9882447666812,0.8825015,499.273126582316,519.7171530709594,0.9216137,639.005426977273,539.3343920324002,0.9668895,555.2769496889717,536.8359512529688,0.967905,645.4827180583222,677.1602917943623,0.24713376,549.0386785245739,676.1917848985556,0.262017,615.659,686.88525,0.016528934,561.55853,698.9248,0.017537236
75.0,609.4895904983166,208.62767720493318,0.99265975,618.7728332906654,195.65839762167312,0.96694183,593.5709975409812,188.64506497175876,0.98339283,635.1774371793053,205.19262995289336,0.7025447,568.9267180190025,203.60214325743837,0.90838563,669.3590435641797,302.194465240201,0.9958781,531.6063602176291,302.16883524969444,0.99713284,693.3813362210913,423.0087512562895,0.9606958,496.3608094517717,416.9477874784641,0.97654015,691.6992302635962,523.4387961217946,0.8837229,500.34425682130313,520.9542376518273,0.9226719,643.8584719241777,537.4175753096051,0.9673058,548.7970888177456,532.7391188253973,0.96837187,649.0639925832386,675.2135983615273,0.24927568,540.9609787679,678.2054039299591,0.2646407,615.9855,685.9396,0.016684532,561.5548,697.87695,0.017733902
76.0,607.2689144510074,198.05619759836054,0.9926571,621.225442315483,189.7009170719857,0.9667388,593.2895263373301,193.30420370610966,0.9834343,637.2406579011175,200.6395513431236,0.7008381,562.2941355168241,207.86484362172558,0.90922797,669.9899596036529,302.2337146003611,0.9959208,536.6655779050271,304.4258577483717,0.99716413,691.4220306456303,414.82441136859416,0.96090966,500.6043918650328,416.8043197048741,0.9767014,693.655561834456,514.9570269348056,0.88424677,502.2304697068806,521.5429422234579,0.9231092,644.2462730650076,542.3939802178152,0.96803856,548.1129862988047,537.1730147538484,0.9690727,651.9594344953645,672.4299173412544,0.25719833,548.5153283404576,670.4113817403037,0.27277204,615.52936,687.365,0.017392695,562.087,699.16296,0.018470615
77.0,604.2548621285595,202.92882454574547,0.99261004,617.5754278318258,193.38900607384218,0.96660805,591.0640790211058,191.07958637443005,0.9833086,632.5227152425296,203.23372524516256,0.70254326,563.4271927116799,202.02389638676732,0.909163,668.1925120270863,302.7930017451745,0.99599123,532.7455029811946,305.20256392447357,0.99719346,686.8879522388445,423.0196978750391,0.96120054,500.10076940945754,413.6942812575571,0.9767146,695.6740539974256,522.1252397468475,0.8843106,497.1640206765993,520.4477530234116,0.9228127,640.8825971629113,535.4431747016961,0.96891594,551.0968867042579,539.7707658575026,0.9698436,645.4798946169866,671.8647415645587,0.2672785,542.6827581806342,681.6210732077973,0.28259027,613.818,689.3097,0.01835978,562.0239,700.18695,0.01945895
78.0,605.749735947414,202.91713465752701,0.9925666,619.1046224828451,194.00397937038946,0.96612215,591.8437494783343,182.3748647439958,0.98332405,632.8519895698012,206.40161217272532,0.7002666,567.5540548896204,199.66402815746207,0.9101728,662.1138857314108,308.6130300346868,0.99597925,527.7613404071332,302.09954622484344,0.9972588,692.4189111941553,416.3417873744691,0.9612207,508.0942497599349,415.5259925124949,0.97755134,697.6807001970462,514.8987235193823,0.8846588,503.03786722883694,525.6954596806389,0.9247874,645.946738876209,530.590586889725,0.96921456,555.9829975259604,538.6014296471492,0.9705034,642.3995896645151,679.1968276215936,0.2671463,543.4236580795043,677.1296995630748,0.28508702,614.81586,690.9458,0.018212914,562.15216,701.0904,0.019488424
79.0,608.797293981942,209.73172677624888,0.99256337,618.2956472677523,191.00804067483807,0.96656454,588.3598774062829,192.5941310992423,0.98324263,636.8471206210073,207.66266007449224,0.7034603,568.8392511423608,205.24054885173953,0.9085365,664.1238608837017,307.3682493664043,0.9959162,532.541923521283,301.809750259592,0.9971751,698.7094202711494,418.36299658685635,0.9609463,500.2413649201466,415.19046466376193,0.9768908,689.7718346662234,514.9545133724749,0.88402766,504.7151200606564,523.4615485487914,0.92301655,644.507760114302,539.0287680592652,0.96847546,554.5746953897533,539.15961657257,0.96959233,644.2279577464166,672.0940196188815,0.26082152,538.523778442875,678.2277699718427,0.2769259,615.222,691.15186,0.017683536,560.43677,701.22485,0.018834025
80.0,608.1423876076868,206.88248980849912,0.9925895,618.3571150415083,192.58964184914768,0.967144,598.1673700470761,190.3784242300524,0.9832041,637.4805977679697,205.6642248752893,0.7072067,562.0753294685097,198.67578469332463,0.9071559,666.3911674165843,307.892636501789,0.9958868,525.6895560886727,306.20797928117565,0.99709153,694.8432866579037,418.2147049361465,0.96072185,504.1509916800979,418.968369814462,0.9760389,685.8112338043376,516.0420409499709,0.8831146,498.2049230285508,528.0622085674873,0.92065907,645.3224648806698,535.77445559856,0.96786475,555.2296213339233,534.4150286113306,0.9686869,648.2871024090331,681.2614878573686,0.256248,544.8446973300328,683.1044889032632,0.27018315,615.9547,690.89465,0.017331272,560.21765,701.28516,0.018343002
81.0,605.6868256171321,201.55620490537927,0.99258584,613.949930267272,195.24374120133453,0.9670253,589.7039543478843,188.7538737603423,0.98329306,634.158816332357,202.98347244984953,0.7053159,566.7139282951488,206.2952542363144,0.90835834,671.9291414790256,304.77748010340093,0.99589634,532.5668720654286,304.53327616173146,0.9970782,690.7657171245112,415.65588159059433,0.9606334,507.4235611243551,412.98935983396717,0.9758393,694.4664569278506,518.5022440019709,0.8821143,500.6585180306749,527.4515040952485,0.9197898,640.5472450124352,536.4663337205968,0.96786547,554.6982787933872,540.3103604383771,0.96860015,647.9951132284789,678.652664018474,0.25626725,546.2215929005719,677.5982325468776,0.26980323,616.47076,691.5439,0.017338812,560.28796,702.78345,0.018313438
82.0,599.3138420015763,201.801530091266,0.99165547,614.29067946253,198.22028603555935,0.95807904,594.0292457284477,190.39439175274475,0.98128444,633.4891049885946,209.6239234175509,0.65516794,561.6826401420293,207.7397723596391,0.9091166,664.5621568908666,306.70965351392687,0.99432534,525.0052133559021,299.37370560329555,0.9976261,689.3665480925612,418.14500333118804,0.9531915,498.1586682256977,417.6920146627025,0.98461723,693.5142733584885,514.6812579803874,0.8902172,501.4007979900006,523.9279293284367,0.9507639,648.4845976062416,538.1609509302891,0.955454,551.0804063701083,537.3491521681453,0.9649755,640.7768055997614,670.83867523117,0.17226431,550.4993471290155,678.6846418402284,0.2236439,610.4881,688.7853,0.009457767,574.55084,702.3137,0.012039363
83.0,610.2843999094091,206.286989274911,0.99162555,619.604846429449,192.5452631659941,0.9578606,588.5466211583588,192.90763470615676,0.9813976,635.0672726246714,203.79542063274718,0.65242493,566.5433680169166,203.43799853446146,0.9101536,665.7795053294433,310.37899076275016,0.99428874,532.355647331968,303.79302976147005,0.9975894,695.210516862711,417.7101575775203,0.9528624,503.39191008491014,419.6293958775306,0.9844096,693.1431206276136,514.2234218508623,0.8892598,496.88182250382835,527.8252313299431,0.9499861,649.4002140919631,542.3502122562311,0.9551057,553.1324367028024,540.159468840856,0.96458757,643.7355570124206,683.9397706185946,0.17149228,546.611098284559,684.8249406881727,0.2219019,608.8401,692.35254,0.009389818,572.40216,705.6036,0.011903584
84.0,606.4105977102944,206.7742395875255,0.991615,624.5704068728164,192.04174990726696,0.9578155,592.5453793105743,188.6678941043014,0.9813727,633.8587194595427,209.27143086872158,0.6516542,566.165170095492,203.91767677168704,0.9102721,666.9563682711773,307.7586469028094,0.9942697,532.7988314869168,305.4316965640851,0.9975719,688.1385326039339,420.8718299999504,0.952644,506.5037162437032,416.54617815140915,0.98421514,686.0213295312992,516.5779259706582,0.8886276,506.10666687634125,535.7235967212179,0.9495169,645.3450358598192,547.6075353376038,0.954468,547.5188541048531,541.9308707047044,0.96399426,647.8002871532,680.5544388925938,0.16845497,555.8066934784982,687.8685930582814,0.21805146,610.29846,690.9271,0.0091995895,575.1083,705.3435,0.011655986
85.0,605.9695226595738,205.26413193324507,0.9916684,613.7908036806048,188.85159958159903,0.95829016,594.1875477853063,187.87284067688518,0.9814809,633.0800560704517,204.5303298274816,0.6530907,569.452780996406,200.3049889078957,0.91018724,668.2391326424878,302.0012661387676,0.994306,526.4803009034199,304.3855264509128,0.9975461,691.4784689456477,420.78275822414105,0.9529854,508.48877984401287,415.69010831919275,0.98398054,692.3686785985601,513.4885078530594,0.8890699,499.8319384589403,530.4675269823897,0.94886917,641.5158541148323,537.5786112990387,0.95528007,552.047099700992,538.1404602791414,0.96435153,644.4307360010341,677.1021365032159,0.17194211,552.1967904586094,686.9457191992843,0.22064054,609.9446,692.45667,0.0094332695,572.59607,706.79803,0.011870176
86.0,603.3435864781335,199.674622221148,0.9916719,617.1454899988787,192.0073562629034,0.95802546,588.0763099061609,190.2701314589543,0.9814606,635.1499033027205,203.81718325132815,0.6525236,566.6792930985258,206.57660602634195,0.910492,668.0236447649984,306.6087196685274,0.994357,524.9917391545655,304.1531525650152,0.9976062,692.0151974525618,417.8215595156472,0.95333076,504.90104831896764,420.6496535946854,0.9844186,696.0818045206736,513.6086192509039,0.8902956,500.01535226759637,531.6776533157936,0.95029044,646.429763376638,545.5165807478479,0.9562509,552.3051704052621,530.808057947917,0.9653741,644.0650663303919,676.1918226377811,0.17635784,546.7607815539732,687.4036303641617,0.22743589,610.88367,690.8806,0.009700537,574.1976,705.5644,0.012276918
87.0,605.870041685498,207.22611819751305,0.99172604,623.1341627378929,193.5649909199594,0.9581285,590.3715667616032,188.68393621668565,0.9815663,637.7445742623888,210.05708223107595,0.6519164,564.0851466864464,200.1401563066806,0.91059726,664.892333717983,302.9785369481115,0.9943773,525.9126009761309,302.9922533301922,0.9976297,689.3249157228959,416.40995174527166,0.95366716,508.3052334120131,418.2466708512938,0.98465407,684.1241463864799,516.9322506900235,0.8915193,497.2690684824442,525.1979666000767,0.95094806,648.0705607889112,543.2457417603661,0.9570645,548.585112092896,539.4080872332947,0.9660939,648.7362165049657,682.3422986195355,0.17917052,547.8211067635518,687.3299232169579,0.23103717,609.9791,692.6402,0.009829491,572.80225,706.6261,0.01244846
88.0,610.3483176835709,210.293228197493,0.9917985,619.1358527725702,192.1763316497599,0.9586987,594.2871764845124,191.19736168532842,0.9816289,630.2766593330628,209.93816703561157,0.6547765,565.1044455778414,206.36650293256827,0.91010827,663.2896295893655,300.1188614525709,0.99444145,528.6882523978151,305.80430342543366,0.99763227,689.2321768326617,418.96786377574176,0.95440423,502.4560361175829,414.2090902763185,0.984671,692.6018169618635,518.69477878091,0.89293593,498.51366315615877,527.1178082737908,0.9510496,640.8365625210643,537.9933806911123,0.95860803,548.4340927985919,542.7758833486782,0.96713686,640.9165931795485,677.0453767210125,0.18682018,549.1042295259163,683.6320038873918,0.23914644,611.63513,693.45917,0.0103417635,571.1556,707.48517,0.01304841
89.0,605.3811525695919,204.5501165894698,0.99177754,618.882630621566,190.9443635743412,0.9583461,588.1999503558895,190.971107058585,0.9815813,638.0819131362056,206.69783769378137,0.6538693,563.0463739949712,209.8946019916839,0.91071093,667.6776020622221,305.9011592912495,0.99448794,530.3181526767659,304.2582609085095,0.9976763,690.8121730147858,420.0830364304454,0.95437324,505.5432350901152,423.11353151467625,0.98487246,696.215555011798,511.7478399956343,0.8923603,499.4365987204921,530.1923258229352,0.9514376,649.7167727158015,535.9227244663495,0.95857096,552.5370255087134,546.5345631069979,0.96727693,644.5831030688904,674.4936228987453,0.18570074,550.8349322395387,680.4907414480799,0.23905805,611.9389,692.8004,0.010244846,574.1529,707.0465,0.01299119
90.0,604.1161391301137,207.13295514412147,0.9917615,615.0668890266131,189.50068169129105,0.9581293,594.3718755803369,186.13565589839519,0.9816642,631.1934614435963,207.73772387056297,0.64974785,570.3500587078032,204.54950133630442,0.9109292,668.8548065503425,308.1221277263163,0.9942893,527.8108636469349,304.2403140556123,0.99761695,694.1653970743091,420.1644469880275,0.9534377,503.9885651198404,419.39199544394006,0.9847468,697.8356834376091,513.0900775744547,0.89136904,499.15966809123654,529.4157650596599,0.9514456,644.5833983723489,539.8049751619396,0.95584273,553.0888428104304,537.1580908160846,0.9652761,648.0333471438825,679.4760728715834,0.172367,556.1354001416754,686.6016948162614,0.22378105,614.4716,689.07153,0.009402871,573.3291,703.4421,0.011963189
91.0,605.3799629922592,204.78894126685478,0.99178743,621.8864382017227,183.59314934051065,0.9581501,591.3511493559929,192.20426158960507,0.9817003,635.748820132055,205.51901206901186,0.6493867,568.4515538017246,211.0037987304064,0.91150546,667.419396421585,307.2074852961565,0.9943533,533.0105193113806,300.0626985105042,0.99763525,692.2711487584287,420.7930324717788,0.95375884,502.7793196921592,419.58705088973613,0.9847794,688.0364820339773,518.4918771734591,0.8914242,509.38547813947207,530.3088551438254,0.9513856,648.7090736768048,538.6352726816275,0.9565323,553.8618861953989,540.320459780948,0.9657512,651.6449034782104,678.1394719992326,0.1747719,550.7809396203149,675.6211396204623,0.22642097,614.94293,689.38873,0.009544641,574.68976,703.62683,0.01213035
92.0,604.1565621874474,200.30841072003287,0.99178565,620.3079847401177,193.08677367182565,0.9583031,584.2257823967483,190.49279327754806,0.98163164,631.0121965458644,205.990687869128,0.65112615,565.3700585328224,214.14424592277683,0.91139793,672.1510914199853,306.2728397111437,0.9944351,523.6337988650237,300.66066338950293,0.99762833,689.7932958210565,422.4947219898655,0.9539226,499.7722389636301,413.87278804634104,0.9844971,693.292347162435,515.3074558152883,0.89082605,503.9488847550234,528.3025821346366,0.950402,644.0306805349219,539.5428372262573,0.95697737,550.5451919565812,542.5926119219216,0.96584433,644.1964986006963,682.672308982362,0.1782578,555.232099480752,680.4084465128457,0.22917706,613.0603,691.58185,0.00978446,575.6233,705.3258,0.01236254
93.0,605.6782018260193,201.73092036049573,0.99176,611.2458803168323,193.47034353940558,0.95803666,584.8712432335117,191.55034921591084,0.9817136,633.3656968493473,210.76926285022637,0.64852977,566.7795954868257,207.48421481449412,0.9123901,666.6927407825741,304.1286750577274,0.994448,518.1889162150418,302.7739994918295,0.99762005,693.3835124588024,416.6905055257,0.9537343,509.27384107108537,421.3189989258128,0.9843925,689.0281504337983,515.4027557432892,0.890133,508.0587198810091,530.6138086623555,0.9499761,647.0172065674681,541.0350741175425,0.95698655,546.4733896079694,546.0341236274419,0.96579206,644.8893274010893,679.6375323457106,0.17965654,551.0310236263971,681.4641930414182,0.23037302,610.8189,692.91284,0.009905487,575.11285,705.8398,0.012480468
94.0,608.0714586746636,203.33996105142836,0.99177265,620.1781409820655,191.50018552749142,0.9581627,588.831268767496,189.30522911178133,0.9816841,632.1248999050979,208.75004668809024,0.6503965,560.7816292115527,200.44875658155794,0.9120595,668.1575204438692,304.84805960594673,0.9945253,527.2636460780515,300.7736209896424,0.99764407,692.0346109363289,415.87287274288695,0.9540539,503.92269850751796,423.5199012069019,0.9844178,691.8132969208635,512.5970373021329,0.89032567,500.45399405769973,536.3812254644511,0.9497741,641.7607631374814,540.5041783276118,0.95767474,551.4370577100076,541.7189862111651,0.9662802,643.8029811464053,678.7449955571376,0.18249199,552.5122468031266,681.5480605773969,0.2334148,609.2621,693.9855,0.010102153,575.1705,706.52673,0.012716621
95.0,604.5798725402333,205.91321543278104,0.9916995,614.3827775884763,184.43877095901706,0.9577197,593.4971300784229,190.70170919954333,0.9815019,636.9426349869736,209.7482925135647,0.65063715,563.777852658585,205.51840042958113,0.9119421,665.1748201672921,304.6033873402513,0.9945095,525.925622496931,301.98087591155166,0.99767077,685.979110401808,416.03830927216126,0.95358646,502.5221432235379,418.84110740409693,0.9845245,692.8512310034636,519.134699057141,0.8890081,493.50435757154963,529.5300901281759,0.9496868,638.2203386985196,541.6418459646542,0.956637,557.9936862226975,540.3476548985968,0.96569705,644.7308233556029,678.7291781870365,0.17750463,549.0287634261795,685.1357850641571,0.22850317,606.61676,691.6195,0.0097948015,575.78546,704.4461,0.012377322
96.0,603.9389801335628,206.54959628170133,0.9917061,617.1148499159109,195.3425698570296,0.9575764,585.0903370523229,189.3914618660406,0.9815005,632.1555069927736,205.55022896946463,0.6508916,566.0529270611081,210.41866872594923,0.91177595,668.0752515061115,309.0759156224031,0.9944885,523.6562425796188,309.72449474528224,0.997714,679.8559919152399,418.4471384868544,0.9536238,506.06195307537365,420.99656415906713,0.98495805,689.8440015887413,514.2603891708952,0.88995886,499.6113027437145,528.1308381991792,0.9511262,647.6526053324998,537.936121115827,0.95658517,553.0931354638919,540.0031632434416,0.96600485,638.9491583927294,677.7477692891371,0.17573324,550.3385446119194,683.7991674596565,0.22826514,607.0993,690.42865,0.009631366,575.0128,703.7284,0.012264401
97.0,603.6485453026263,204.82483986345406,0.9916891,618.5420491871166,193.61677902390826,0.9576647,594.1021693897727,187.70966923630283,0.9812882,636.8270708543163,208.64366871881796,0.65438074,566.3340429886978,207.1395324888435,0.9110601,663.0895251751762,300.9503900512658,0.9945866,530.5680345865865,303.62012676955686,0.99773407,686.3067820284823,424.7538929496144,0.9537206,502.9605024353161,423.8861325360837,0.9847793,696.7762353588722,517.6250209033992,0.88944036,498.5194207159367,525.4123817719078,0.95060515,642.5017847560883,543.3334676444022,0.9569175,550.6652121486379,543.2569422476241,0.96611524,643.7287291229597,681.0744424235778,0.17949641,552.6539789775053,677.745951013966,0.23230639,606.062,690.288,0.0099033415,579.0969,703.7268,0.012584984
98.0,599.0351685556831,201.92488554451273,0.991644,617.403207124615,187.1561529644758,0.9573959,589.1540294918518,196.01791658183126,0.9811313,640.8949758949509,208.96341308259343,0.65527916,564.9871687569909,206.3918445398822,0.91076994,668.7180927807607,301.4058504668976,0.99458706,525.9448930935779,303.2479268634298,0.9977577,690.826338287495,419.07093418395425,0.9534527,500.973626088209,422.2959924165528,0.9848604,688.2129429592816,521.3786746478668,0.8886498,496.6113893182867,532.5859125139962,0.9505824,647.3049705749368,540.0212036611078,0.9563559,550.5471156384395,533.2040684892468,0.96582156,644.7698462222172,677.301817292553,0.17613497,555.9862194270758,682.0882997074337,0.22907394,605.14856,689.6532,0.009652853,580.77,703.2477,0.012309074
99.0,603.6790017688296,200.01529227040632,0.9917212,618.751698025219,192.50873337483117,0.9576725,588.579712837255,191.5873815285012,0.9813504,634.94476254739,207.55744171554142,0.65326905,562.144858882788,206.97120525478448,0.9113978,667.0540344795786,308.1423633600641,0.9945933,527.3061403156244,303.36623201203946,0.9977382,693.8268378454578,417.5259268262676,0.9537654,505.55144592884153,419.5245603793476,0.9848048,694.2756314030064,512.6336141263298,0.88937926,503.4990958349338,525.2741277053807,0.9505986,646.5405807169138,541.4534320767511,0.95675313,558.1732330567576,538.0197901728012,0.9659767,648.9808578486877,675.5827908540155,0.17772567,558.0512704804842,681.4778644440869,0.23019892,606.5331,690.8983,0.009747148,579.6651,703.9177,0.012388915
100.0,603.3478787741388,207.08051474440893,0.99171793,618.5147057882388,190.63139108271372,0.95741653,594.1106993580042,192.2121106231235,0.98137355,630.0301285013385,206.71519970668123,0.651475,571.0613736937709,206.20829850780493,0.9116825,661.7958202345545,304.84334070204415,0.99453855,525.7186038834541,303.550832102342,0.99775666,695.7339000914061,421.7200253874974,0.95358765,506.7433501426718,417.88253866842825,0.9850691,693.9431424608953,515.8207960609972,0.88946927,498.0111453276653,530.9228938200766,0.95134515,644.4892701011926,541.8197777237664,0.95612943,542.706195280305,542.5415275806008,0.9657493,645.9239115860246,680.8926065200121,0.17188501,553.8436141561087,680.3400433607005,0.22471398,608.48114,688.8565,0.009321123,580.945,702.6551,0.011929035
101.0,604.4083165797581,212.01114400733618,0.9917394,618.4292112351878,187.28746893780433,0.95772177,591.2608438260925,192.3174741064391,0.98131657,631.7993560778914,206.95668399726912,0.65423846,566.308666948822,202.54196670576098,0.9110202,669.3780511505685,307.1457498782791,0.99458075,522.6677821360322,301.9910162568792,0.99776,691.6151450110523,424.3475364016347,0.95387185,503.0650294304053,420.08629972869323,0.9850208,695.2467036906493,518.9942269240704,0.8897389,504.49608127548754,530.220392886074,0.9512223,647.3816736985897,543.7036609632282,0.95663667,554.2092463490251,542.6300521100029,0.96604097,643.03898712594,682.7220085219867,0.17381933,557.991556796912,691.0161139947074,0.22671294,609.5351,690.07544,0.009423673,581.869,704.0674,0.0120515525
102.0,602.1099051906037,199.765400397626,0.9917011,616.4607864283428,190.9261838772444,0.9576075,598.4605351181578,190.9815037965182,0.981291,637.7681786735179,209.9249049805913,0.65395796,572.5114774424162,203.76821750882957,0.9109452,676.3969353888003,306.21332403692765,0.9945446,523.5182048535939,306.03477651150575,0.99774456,690.1429764978717,421.34100900344106,0.9535289,508.20319616615814,421.1384134931335,0.9849243,692.1254771550766,515.5382280538647,0.8891098,504.5455386517981,527.6989854452195,0.9509175,646.2782946710187,544.4641521948372,0.9561281,556.2194789259867,541.4643424562364,0.96565247,652.2258140581082,683.2312379605479,0.17202881,554.9579185064339,682.5048437821608,0.2246275,609.1166,690.5096,0.0093227625,581.96045,704.3835,0.011928529
103.0,604.2972390508543,202.10712419901296,0.99169624,615.680505427722,191.36134128227826,0.9575836,592.6720222713186,188.91453065161642,0.9812255,635.689686381919,203.99145367974305,0.65437824,568.3173720502942,200.188210263208,0.9102925,667.0296337833084,307.37429454001193,0.9944868,532.3405106205319,305.57853684617936,0.99774694,692.7939183213359,423.9772742344486,0.9532382,505.4092147498755,416.5699935071203,0.9850413,693.6461786777553,515.9886597525893,0.88914,496.4207342065515,526.0151424971478,0.95138896,650.5279914669755,543.930461890654,0.9551501,552.9763796170453,542.3902195600924,0.9650729,647.6415606452874,677.8672027251826,0.16710195,560.2576457219784,681.18021786456,0.21975884,610.4897,689.0692,0.008987606,583.3114,702.83545,0.011562735
104.0,604.6370367100786,208.16868938654605,0.9917507,618.0845394849866,190.42493752321573,0.95777166,591.4196525411676,188.77092326049393,0.98134667,638.4504186205808,207.59879745293335,0.65310395,567.2358655084963,200.4461763861107,0.9096548,667.963431139979,300.08190223200666,0.9943612,533.6498287208113,300.0993664794897,0.9977272,693.2467433662854,419.86367079239926,0.9530201,502.46565904819266,418.558926518881,0.985257,693.3885251781223,518.4976983705953,0.89004034,506.68984461797163,523.2013365002684,0.9524759,647.9828368441486,537.5548751300655,0.954285,556.2958534956191,542.5566377618832,0.9646201,646.9881849679329,677.1808487748905,0.16182718,555.5785860306434,678.8905323133383,0.2144922,612.6189,689.1398,0.008592069,581.9368,702.44183,0.01111275
105.0,607.6904914427984,205.2311454916267,0.99176955,617.2060478220666,185.34521146433008,0.9583117,589.5645967254228,183.12163479983982,0.98121434,638.7451333243222,205.53429417955246,0.65715754,573.0925993670463,203.72704285009937,0.9079718,667.7983725946393,308.0624869229359,0.9943397,529.4579176261292,307.8967099221918,0.99769425,693.4259288822485,419.22956816419753,0.9529805,502.7853951426403,416.6484008655949,0.98498774,692.3953946271336,517.6373924270545,0.8897832,501.159998948504,526.7745022173593,0.95180035,640.9229433587769,536.9937386882725,0.953848,548.7919055605988,542.0225865812964,0.9640969,650.3649567500096,675.6816374347501,0.1605373,553.6750529336945,687.7195151313438,0.21213296,613.8794,688.14355,0.008541971,582.82587,701.66785,0.01102227
106.0,606.2515386526117,201.74717746297674,0.9917369,628.649588150845,194.29544212870405,0.9585159,587.8220043663694,190.06826417894936,0.98100877,637.2249115184734,206.45784043441927,0.6618301,565.5828935200797,202.40437427514215,0.90597546,673.6768650907018,305.08105137338833,0.9942895,533.1147027622842,301.47001351016445,0.9977031,693.5726127383888,420.3887102165637,0.95284516,507.91216182862934,419.35231176469546,0.9851402,697.3653320409929,512.8407439749067,0.8899754,502.6593604730373,526.3443998868387,0.95218194,642.3259997819836,538.7442919422915,0.9536742,552.4040444297386,540.0561893834896,0.9641711,646.6181759688857,678.0433017486072,0.15844658,553.7473952135078,688.0292213394429,0.21052763,613.665,687.75903,0.0083860755,581.1678,701.2237,0.0108784735
107.0,602.9550166770427,199.24850917197847,0.99173933,617.7086641534984,191.89223401548958,0.95804185,587.287200349665,194.62381730686351,0.9810538,642.4735318006234,209.84736116528043,0.6587908,568.4348103121989,204.85533518961904,0.9070084,665.1346375240662,298.74247475142107,0.9942988,531.1310721435166,301.61349464298013,0.9977584,697.9431561236478,414.5002121395873,0.9527526,509.0832400304548,417.81038775375015,0.98555756,697.916634784649,515.7222254996163,0.8900156,502.1915925903667,525.9898309550185,0.95329237,648.3417940356683,539.6451743562222,0.95346785,554.9789466465438,544.8761283615534,0.96439683,648.0492037593249,676.5214635837087,0.15568,559.6141675815524,680.4046396041972,0.20893589,612.99646,686.226,0.00816682,582.7076,699.2761,0.010675877
108.0,605.202099540291,204.24974493845392,0.99171835,618.6153992397789,190.71306252161216,0.9579278,591.5803861260848,198.54539175451015,0.9809525,639.5879083515398,213.76017801233635,0.65968037,568.1807938021492,204.96217236792378,0.90618604,666.7687713575566,306.86557952193357,0.9942471,534.7947931197309,299.9700625652125,0.9977765,691.7491657721148,421.05400102487914,0.95253193,505.86106245499764,416.3207310993754,0.9857726,695.0396728957165,517.4204124414522,0.8904005,499.1598425114782,523.7634502942591,0.9540226,641.2047294602596,548.1455070742294,0.9529335,552.8158868021725,540.4481162038271,0.9642526,647.8285927032081,676.6013002452631,0.15264404,559.3098531198146,682.5890014800589,0.2064819,613.5617,685.3732,0.007950932,583.4791,698.5243,0.010460317
109.0,605.9985734769722,206.3561702258,0.99168956,618.562009831894,197.69796222472974,0.95850265,583.4233919170135,190.76422947445778,0.9805229,644.3192032345506,207.11031252777937,0.6680356,566.2546270642755,207.80622004997176,0.90258193,672.7685252452495,302.8701669267155,0.99424314,525.7634567460782,305.03361216446365,0.9977726,693.0828611432743,421.6045852588371,0.95259523,498.7379024774682,420.34056410841725,0.98565304,695.4433863954392,515.0170764542152,0.89064205,504.84631955678714,530.5701666847618,0.9536327,638.1849476572661,536.2835012593468,0.9526471,554.0685068623744,543.3152348171665,0.9639982,651.8896700394358,681.6620598126393,0.15173373,562.594672133421,686.3656345870339,0.20525554,614.4139,684.13544,0.007902324,585.55493,697.39557,0.010416955
110.0,604.4517912550274,201.3165348189241,0.991702,621.1736776363206,186.34487623694986,0.95961463,595.2204927828503,191.11361836007413,0.9802866,633.773515624112,202.19951884943148,0.6765035,574.6600435271699,203.38194101966113,0.8990512,667.8400328380136,306.3612148566286,0.9942278,533.0627366355076,304.062259477947,0.99769247,695.5893339499083,424.0229026086619,0.9528037,507.96519061931787,417.6956502099335,0.98504454,694.1204446249457,517.3703783447191,0.89094794,498.1426199675826,527.8200613781819,0.9521344,650.5911918099576,538.5246152964676,0.95326823,554.8677606281901,537.9066740036702,0.9639362,652.0053936839714,674.3453194436694,0.15636334,562.1617696692534,681.6963280563763,0.20860028,615.56177,685.58685,0.008245856,584.16174,699.03467,0.010771513
111.0,605.8653602193664,205.654266708521,0.9916662,615.3947727592425,190.19577834037653,0.95972574,597.2627731932422,193.3998022109429,0.98013115,636.2489677316574,206.5129257505514,0.6788966,567.4812229053096,205.42719241406778,0.8979222,670.4453612111639,302.6424237193248,0.9941946,530.0651438100293,303.1425733706895,0.9976716,692.0163508448671,418.3287322589578,0.95258963,504.6415777442832,417.1326177683819,0.9848778,698.7142189066417,518.50840698287,0.8900121,509.5805624568749,523.779916125088,0.9514309,644.9816619875259,543.3783764610286,0.95243716,554.6877173130432,546.0066270962993,0.9632464,656.6862219452397,673.8506383988793,0.15279663,554.2394648194877,686.3959216595836,0.20405942,616.00977,684.0451,0.008049965,584.0697,698.735,0.010516942
112.0,606.5773351130335,201.60740909839018,0.9916861,618.3027745015336,187.20204102395886,0.96059513,589.4060578829286,193.9266932697313,0.979886,633.5795776579529,208.8511499275725,0.686473,576.2047051529433,206.36809245963818,0.8945106,672.3975781426537,302.3177952143742,0.99417436,533.4327944202898,304.12785109316246,0.9976281,696.3994389422401,423.78434957170253,0.9526938,506.4006804993728,420.7920546691712,0.98449266,696.1229993087644,511.33785112237143,0.8905684,498.63427691316076,528.4268135357455,0.9505779,649.1835335330677,537.9768964118562,0.95267534,555.833380458268,543.809165392624,0.9631328,646.721614427744,678.6259397595235,0.1554969,556.539014192159,679.7494510147752,0.20604235,617.17194,683.0005,0.008265942,583.47095,698.62823,0.010746211
113.0,605.5763313509647,207.13900260804684,0.991704,617.9264357218582,194.70773573771834,0.96125245,594.839256613416,189.01587111330085,0.9796996,632.894531182055,206.26173077079244,0.69233215,570.1486107479033,206.14367300097274,0.8919753,669.8784703960238,302.66948622671003,0.9941751,540.344096705139,307.209127391351,0.99760044,694.0051911497821,415.6506940180742,0.9528244,508.8306848615757,415.16137502921055,0.98422825,694.6654519495531,514.2842119892464,0.89071894,502.70877593157934,530.8054439434359,0.9498867,650.5266892874257,537.3816685089143,0.9528173,558.3984882508797,541.3492744708828,0.96303815,650.262091955158,678.2062709182535,0.15634874,559.1125483090207,681.7886369450484,0.20626417,618.1228,682.92334,0.008323818,583.41797,699.38696,0.010794908
114.0,606.8235761978406,199.9842223618811,0.9916879,627.3769576643668,188.82540089206393,0.9612956,591.5518993555581,194.3589596087669,0.97953343,637.8048097140422,206.87817124058842,0.6951152,566.2365424910922,210.0810035947213,0.89108133,674.4554876794374,303.4334474386203,0.99419737,531.2289068321813,302.5333867033564,0.997633,698.2069361872882,420.3826005067694,0.9529902,508.3259946572277,421.9514029296895,0.98444676,697.3944218103131,517.235475089821,0.8906395,502.39525449836145,529.72496831229,0.9502348,647.1361506184619,541.2862237278246,0.95300025,552.7491404442189,545.8439321402246,0.96335363,649.9336886269783,677.0546808519274,0.15549451,564.6987773386443,680.0374049269991,0.20598283,618.2321,681.7933,0.008257806,583.49335,698.0024,0.010753751
115.0,606.8221293530819,207.56502497591245,0.9916831,625.7641631460239,190.41657819299522,0.96153665,594.2452295496796,189.85428661171954,0.979524,640.2563267166298,206.1938708816133,0.6970697,575.017413414607,197.45793417645922,0.89047486,674.6730821936233,298.83457603502706,0.99419355,536.2825335494781,300.6560327886681,0.99760765,691.9609950104394,424.3836739377729,0.95299727,511.5955724711762,417.87611202890696,0.9843056,694.3030062591595,519.3727991521511,0.89073277,508.2621269392325,529.2820218530097,0.94990873,651.0790410629817,540.0266416173864,0.95330966,560.1520921751926,540.2476665992795,0.9634657,653.6375964965317,678.6405147249476,0.15766174,557.3492248379623,685.6895935837559,0.20798028,617.65643,684.37695,0.008397907,581.2537,699.72644,0.0109068155
116.0,605.4728874636116,209.80488217644293,0.99171245,616.0447002981641,189.94931747030827,0.96219116,596.8669684481907,187.12242704281226,0.9793832,640.870323463549,201.28766686986117,0.7020004,570.5349505473156,207.90331773536968,0.88842976,668.6086671114356,306.56392162882764,0.9942043,530.5282131720534,300.2445608205817,0.997563,692.464887172064,415.9425885056957,0.95310473,504.38509304081015,422.04890785230697,0.9839065,700.0807177183941,516.5032961640451,0.89031875,501.8863157388948,524.5185284224242,0.94864726,653.3242456526608,542.7454979251456,0.9533193,560.0148412603197,546.4679812847602,0.9631367,655.4012444687605,676.7632500094024,0.15783396,557.6050397367529,681.5872147026842,0.20645267,617.4342,685.5077,0.008421481,579.6166,699.5993,0.010867745
117.0,607.5422551674086,207.3603470354721,0.9917531,618.3713405473047,192.4608827372283,0.96225435,591.530887842463,190.04834528638,0.9794578,641.214931632452,203.5157303900879,0.70185405,572.1316463442638,206.7480031005132,0.88870466,673.8012602261484,304.0534988349453,0.994272,529.963651719533,301.1885930513608,0.9975991,695.7800574621173,421.4017655156642,0.9536737,507.83642035627537,418.80927480603026,0.98417175,694.21544344228,522.956325386848,0.8916349,503.9082111015022,530.5397322264357,0.9494282,647.7155056204796,538.6222034839183,0.95494974,555.7865954743947,541.1883237211447,0.9644691,648.3342737140005,674.0454495626166,0.16487941,557.9969668404274,689.8402729318559,0.21523961,617.96423,686.88354,0.0088403225,579.32434,700.9567,0.011412054
118.0,606.8730750337227,203.9315042855988,0.99174726,624.6476209981225,187.3735488682,0.9622406,587.2917314640654,190.78952777995437,0.9794636,644.921893289708,207.49213367983458,0.70157397,572.0716193644087,205.27467849274663,0.8884156,674.257368088245,300.00774820358777,0.9942564,538.6922831699948,302.3032995922005,0.99759424,699.1476328660976,419.35881425572944,0.95392954,511.6358236376114,413.9249842383481,0.9842763,700.1909015600933,519.7131737000045,0.89282113,502.61302218029033,526.814762066955,0.9499632,648.9134840973704,542.2668579634884,0.95564264,553.5613994489719,534.5783315886649,0.965016,657.1752069755345,677.5047810155776,0.1689024,555.5625411589941,681.0662099107155,0.22012779,618.86755,687.2358,0.00910601,578.2585,701.2695,0.011752933
119.0,608.1385826762667,207.0308964859353,0.99170536,620.067943274436,194.16361881507095,0.9618156,596.2916896567992,192.8274633048018,0.9794053,635.8870596304779,205.6897409982791,0.6997653,574.8826478898188,209.54128660501317,0.8894559,674.923499175775,306.5728894534545,0.99427557,532.6344982959065,301.882101993712,0.9976218,696.373849333653,419.73268589383457,0.9539497,511.1904445876538,418.79287847086476,0.9844465,696.8464529862604,513.7323706400766,0.89231974,504.4076968125188,529.8584877615709,0.9501451,646.9603373772709,539.2266063387334,0.9555677,554.622697632317,539.5614938800957,0.9650816,649.9834372606665,674.9848315231108,0.16736156,555.5489949081126,684.6310966825043,0.2188788,619.02325,686.9435,0.0089895725,579.4008,700.4288,0.01163429
120.0,603.9342316632732,204.40964389101995,0.99167156,622.0321895764652,188.46822866254954,0.9615846,597.7928960918043,195.37075611303675,0.97928816,640.2978720075738,208.36358036878656,0.7004242,571.4557486750524,205.7776848466472,0.88927233,671.304410017629,307.45521673883854,0.99426925,534.7173312852062,306.5332611746704,0.9976628,691.1290896453819,419.41102697017004,0.95388496,505.14530109505006,418.4968256661161,0.9847598,699.5724807429624,522.4520972342084,0.89267623,503.3719661406221,524.5345748969968,0.95110524,652.2668017114567,542.3274207570677,0.95557475,550.9888513777958,534.5438353001274,0.965381,651.8013952764941,677.1829751629429,0.16912693,559.7893474059057,677.5096399679649,0.22244346,618.86285,684.93823,0.009107858,580.50806,699.95276,0.011844814
121.0,611.6053778572712,199.10182329782035,0.9916962,617.6525927992747,196.93905423075395,0.9618912,596.6023839041947,189.68064900489728,0.9793066,640.5430993225924,208.55481562001637,0.7014246,575.3258904133293,208.60966571508337,0.8886633,674.7985319674867,308.83583993476475,0.99423397,539.3482060960821,300.86803599221804,0.99762803,699.2245320224986,418.13368394499076,0.95378804,507.7127763711169,419.23346201086923,0.98451567,697.2659436399207,514.1935501145975,0.89259005,501.726479808856,527.5479230553592,0.9505951,645.8495038496729,542.9936015832775,0.955109,556.875462697535,537.9829522579879,0.96485627,654.1970114837245,672.1494066847016,0.16755739,563.8000927333112,682.8869541483404,0.21982914,620.74146,683.7848,0.009034246,581.18207,699.5241,0.011719763
122.0,608.5291619664544,203.88019582438753,0.9917196,623.4283091261693,193.48954060513822,0.96224564,594.7606291166186,185.90674446247107,0.97916985,641.0040000411809,208.33357365833294,0.70389163,573.6443626008631,206.50367400541435,0.88706297,674.609000310011,302.81896157104245,0.9942124,534.6960933594041,297.8772082859621,0.9975985,692.3067924185303,422.01755775287603,0.9535546,506.290258997681,411.899742072243,0.98419476,703.6264983414419,519.4181583966619,0.8915898,507.4388432202985,530.5638181901128,0.949541,643.6138050290501,535.8754919877398,0.95400894,556.7845279441468,537.7507810033674,0.963833,657.9640143642822,671.4941949619537,0.16259101,555.2176868684431,675.209386045557,0.21293476,620.2861,682.2828,0.008731008,582.11835,698.1355,0.0112938285
123.0,606.3936864707713,199.64306870198038,0.99171233,623.8060118454762,190.87628830170385,0.9618789,591.1171198241569,188.24313482353608,0.9793352,640.145878454257,203.46830326594318,0.7006646,570.9023488986657,205.68851257179662,0.889408,674.2231326894395,308.7855691542101,0.99427366,532.8104468223171,305.8146200792785,0.99763113,702.2260094078315,422.300258902596,0.9538648,506.913818465589,414.6783488792594,0.9843857,697.0574266201,515.812123028463,0.89163184,502.3580121062207,529.2953736027725,0.9498703,647.7969547481463,540.0447734282016,0.9548775,551.7943788738937,537.0259186481671,0.9645401,652.4922488590845,674.032503024496,0.16592506,555.9192536699363,681.5945716307393,0.21715075,620.8082,684.0184,0.008919328,581.7386,699.6657,0.011535525
124.0,612.728256446669,203.34658846234353,0.99169767,626.848459694107,196.06663630606943,0.9617181,598.776781241994,193.1721158372714,0.9792731,638.5528662068452,203.53389616077837,0.70133907,572.4691659353051,202.81552254721456,0.88946664,675.3209437733169,305.97822357794576,0.99431634,539.3371015401284,303.80962493816673,0.9976736,697.357697637425,422.46723817860317,0.95398283,509.12290278198395,417.1651700171156,0.984653,701.1834247067026,515.1887393233459,0.89179015,507.7827760199864,527.5102912875425,0.9505445,646.5669584823376,538.1136057567915,0.9553441,554.7306946239233,538.2955706757342,0.96510303,657.9509682080679,674.2224797507832,0.16671383,563.7585907406092,682.3618640174602,0.21925324,620.63403,683.9869,0.008940995,582.6574,699.96704,0.011620194
125.0,604.8499815605908,199.39637308165553,0.99178714,620.2930885653444,193.29616063811866,0.96192455,588.0525441016586,187.01681060259995,0.9796194,641.6582017842612,209.54681755645595,0.6972921,580.411491938021,207.76972728416223,0.890203,675.3520312766316,305.22811859334126,0.9941925,534.3062152986768,302.02701177274986,0.9976368,701.3331853651893,418.1760034852497,0.95397496,509.24772358892676,415.45130666246854,0.9847592,701.6108218024534,511.39901715283213,0.89282733,498.421407329838,529.8436369812642,0.951334,655.9571889528995,541.1742796716857,0.9548885,556.0212703395526,539.2764222641879,0.9647957,658.4628881265223,674.4679391017985,0.16256681,561.5653208626346,689.6051640706047,0.2146441,625.4874,682.8345,0.008656561,581.7689,699.3011,0.01127553
126.0,608.2406635125982,204.73586488856006,0.992563,622.8936704971271,190.7949561549006,0.97046226,594.8554087851167,189.89465043515906,0.98126256,639.6726366240915,211.4696161681989,0.7507945,575.4301080444627,202.8596785471369,0.88462293,674.3570486670476,306.7102296882884,0.9957435,536.3021771017004,305.3756979604251,0.9969208,692.1909741508964,419.01479441645597,0.9613673,513.3357245088994,420.5243887374638,0.97466403,698.1149572042044,520.9083306413139,0.8849373,507.5293807031504,524.4739444543051,0.91696787,646.1395616616935,536.4584562701834,0.96675384,562.4380635992875,541.67037968845,0.9670975,647.3169122870647,677.0099729105964,0.23778975,550.9149343688208,688.1415389646431,0.24956477,627.7069,685.7063,0.015595049,567.61053,698.83997,0.016604811
127.0,607.3046035682223,198.3090737459234,0.99255234,619.075307038647,187.3652944437542,0.970926,595.9458113817319,194.93240022144502,0.9810548,644.1437903312128,205.9067373469249,0.756486,581.5090837776767,201.6978221480207,0.8820167,669.9506189930653,308.55394115579344,0.9957769,530.9740171781464,302.0211262808301,0.9968748,700.9276705963343,418.492185627949,0.96152955,508.17732843142494,412.6138052153591,0.9739448,701.6160520561917,520.96858960646,0.8849243,504.5413244156476,525.4865305266794,0.9147885,648.0488601616415,539.8711099466088,0.96740913,555.3580023638933,540.4660766252404,0.9674104,653.6812721416094,676.1364853377524,0.24516755,549.894828877847,684.3674900522105,0.25491014,625.7527,687.9823,0.016239822,566.1163,701.61475,0.017154723
128.0,610.9373145637007,204.69153315323123,0.9925332,621.2571709256858,187.96001934144283,0.9710127,597.9887495710232,196.9854195445716,0.9809897,643.0836607963396,209.06771464627943,0.75800025,579.2615746501632,208.60086739636986,0.8808514,676.8078692039359,306.6988437814357,0.9957397,539.568788046612,308.1676891250181,0.99686885,700.460307884271,426.7317187791833,0.96135634,507.24383738147947,412.3252117723084,0.9740533,694.7770588659333,521.6165990816617,0.8850802,511.5340514760643,529.1837564415804,0.9152347,647.4624999210463,542.5090483003049,0.96728647,560.43636505274,536.3909155881219,0.9674152,652.2165322092105,682.9607272414813,0.2449742,550.1924130173945,688.0147906340746,0.25534442,626.02264,688.4314,0.016231328,564.9558,702.00604,0.017196625
129.0,609.4858453898868,206.87154818949773,0.9925556,625.230587306748,192.47503100553405,0.9709846,595.646052533345,186.78671363688554,0.9810415,644.5891481890128,218.13993861505787,0.75741994,572.1812419222872,207.09157790506788,0.8818368,668.4677535142639,308.40538998026034,0.995793,535.7175049428981,304.8273671594162,0.9968983,700.9368166587772,424.3615756817585,0.9614024,503.61285057833305,408.378874298841,0.97398007,697.3737672414854,520.1087015615743,0.8846482,504.4749799877366,521.2669577676503,0.9147358,654.0024814283564,540.3486565090838,0.9674598,557.9542093936891,545.41857342588,0.9675419,652.2222417071121,679.8497256280384,0.24678871,543.7694736289056,683.6892196491677,0.25673777,624.32294,688.3569,0.016404212,565.5914,701.30194,0.017345399
130.0,609.0333374583539,205.18186843404146,0.9926062,619.7352897173116,196.54086880164104,0.97078454,590.8874520274064,191.96081615559305,0.9813478,645.497274253887,206.51675799315873,0.75318396,575.8664786465908,197.6287893492345,0.8844011,675.4163407645201,310.2021549489749,0.99580836,535.5217054612725,301.67758797639976,0.9969439,701.9275179919198,422.9803197663657,0.96171576,512.4076882990873,416.4152310371743,0.9746977,700.5937589899057,516.1401654537793,0.88606966,511.13257281325554,523.2175874178513,0.91722816,646.2180707572094,537.7589216875018,0.9682992,556.5224465281801,541.531438590166,0.96855766,653.3606822459953,678.9255251355823,0.2508043,551.6389867618598,684.9715331483108,0.26211852,626.21027,690.01306,0.01661709,565.609,702.7732,0.01764056
131.0,611.8774738568087,200.0107440799797,0.9925928,620.6665625805708,193.11897368286515,0.9703534,593.4241264423398,193.72986076155797,0.98151326,642.6462768408203,208.81829064138284,0.74877834,575.3355418012493,203.57539093390253,0.8866172,673.3621106818512,307.788869234408,0.9958097,533.8063777330264,308.2949387208453,0.9969835,700.7836546194271,421.7774507548642,0.9617415,504.44562135113597,413.6910676891108,0.9752658,697.5034741160691,517.7654399894993,0.88663685,508.51602493640144,526.0014223761974,0.9190316,649.1097900335111,541.745619687597,0.96866643,558.5786565356017,540.2880742984677,0.9691189,656.1471872996442,681.1440731927819,0.25330046,550.3052498835689,686.861798184249,0.26619872,627.122,690.5735,0.016778022,566.2477,703.1046,0.017897159
132.0,613.2076736198035,202.2706585558922,0.9926096,623.1181060593461,191.35701125751982,0.970385,593.4697824313026,190.55826993565535,0.981556,642.6312669911684,207.73524212237146,0.74793524,580.126796327128,202.32297003256411,0.88678205,674.3526401147137,307.50001489011424,0.9957822,534.672626237032,303.24521212058704,0.99696755,695.024951626588,425.0337151384939,0.9616976,505.79460905462247,419.1383116026578,0.97524846,694.81202109624,516.9750618828223,0.88645446,507.0751077453327,523.6180509830383,0.91888356,651.6775336205645,539.5072510680254,0.9683485,555.4977940941021,542.8126798493745,0.968817,656.046133923565,677.3174483158944,0.24852607,550.3641423661923,687.7709612217419,0.26120913,627.90894,690.11066,0.016324788,565.6838,702.78674,0.017411977
133.0,609.0812359873513,204.1491069858126,0.99258864,628.5174198410859,191.88657047030333,0.9701145,594.8274660095684,191.90502497982436,0.981549,645.2940869068107,206.42698684872957,0.7467957,576.3348124656056,209.90894831161535,0.88768387,671.2776286062114,304.01338447683,0.99580884,533.6931218312152,305.09326807872964,0.9970188,700.6744701752705,424.50230111202,0.96180844,505.2232875168109,417.67545887884546,0.97569543,695.9481710239132,526.5724370282587,0.8865644,509.73301973606857,520.2510113782034,0.91989875,653.1383158337521,542.3268131158322,0.96867573,557.7674172219045,535.0371062843266,0.9693021,657.9146732881643,683.0469463490623,0.25155795,548.0068095537333,682.7346302884816,0.2653524,627.2396,689.7589,0.016575158,566.02356,702.723,0.01773116
134.0,608.1988921195106,205.25149605968656,0.99261415,629.5411477340169,189.0907095252728,0.970366,600.7441849314766,191.08547487811944,0.9815219,645.0750670662705,207.0057575155159,0.7484573,577.6141440711914,205.0034872690027,0.88698125,674.4345386084854,306.3210729588034,0.9958311,533.4106718008486,300.66569619607355,0.99699867,702.0608110014994,423.19800350468967,0.96196157,503.1951392356352,412.7158035320534,0.9753878,698.215800393845,519.9400600656508,0.8865732,509.9365244163993,523.9779824446236,0.9189894,653.9311242386939,542.034941789879,0.96880823,559.1148221574776,544.5206062051172,0.9692545,655.6902334201242,678.7861147767828,0.25343567,549.9257566638053,683.9079641853623,0.2659918,626.86707,690.16766,0.016771615,565.7831,702.40686,0.017863154
135.0,610.0122681385398,207.04252713544855,0.9926287,620.923821230372,189.55737187032813,0.9700599,598.8354412641478,194.99809390008807,0.98173845,643.024809705381,206.86844647279517,0.7438406,574.281221578557,207.28725569036325,0.8895397,674.6817029263701,301.61766745649265,0.9958588,540.449764659069,296.82479030200585,0.9970255,699.9658075669864,417.817179303444,0.96214104,508.29559910092416,407.79348355868433,0.975639,701.3148489327154,516.9995879491713,0.88721204,505.554857299109,520.4409702737935,0.92006123,651.3900711996625,542.7019489322832,0.96937037,558.1367711432803,539.0434887485127,0.96981776,650.5302280716764,681.7731697427392,0.25882047,547.4442698564816,682.1474700794707,0.27175862,627.4346,690.3916,0.017244518,566.9239,703.07104,0.018356532
136.0,609.7705470378005,207.42467860730054,0.9926261,628.7118876601278,192.60157461831105,0.97022355,595.3901204841815,194.89609290306768,0.9815686,642.6532467875527,211.13394933550805,0.74723554,575.2192633255488,204.46021723387966,0.8887416,676.7353607236777,305.2929297797468,0.99594223,536.2413569334551,300.06015066788115,0.9970486,699.8830336898341,421.9610453416624,0.9625369,508.94881194699093,411.17816490500894,0.97542495,702.2846274899498,521.5719722249763,0.88718283,509.1939093565621,519.946009150584,0.9189063,652.5113159673065,535.0683997538586,0.97021055,557.5022209125052,539.9362168410034,0.97046065,655.5138806303447,678.4436224176749,0.26689664,556.7689883794711,685.7777455432109,0.27867144,626.11554,690.73706,0.01796493,567.6719,704.1068,0.019031703
137.0,609.5775491161613,199.7642799660961,0.992646,625.6294606463291,195.14072988149778,0.9703518,600.2449519664406,190.37436172621872,0.98162055,637.6423579207716,211.89433558260086,0.7467675,571.388667588301,201.91360978801168,0.8886682,680.1008521649879,307.4632639937975,0.99590445,535.820808974445,300.1268466620897,0.9969983,697.5316721472163,418.3043759306001,0.96234393,506.7073264811038,412.9730661224058,0.975073,701.4304294464657,514.0855678159222,0.8867848,510.7121816043936,525.2675610886307,0.9180881,648.5175117539214,544.7715757888467,0.9696222,563.7496722576866,535.2504732914495,0.9697778,650.4452973707307,672.1870029398075,0.26203713,553.9171670375019,686.8065013011627,0.27289644,626.194,689.2278,0.017590255,566.9881,702.6145,0.018576592
138.0,607.9956875920719,200.55297253520126,0.99265945,629.0199212611963,192.40924311428333,0.97037256,596.6089524325344,188.53165890959258,0.98167795,647.7085390688421,212.4548374083793,0.74593127,578.8911829285977,206.90981948034718,0.88891935,670.8257087723928,308.754595920417,0.9958935,530.4385596010203,298.27633022856537,0.9969951,701.3245153938949,423.1482499595925,0.9623561,502.37439248987977,413.3313105335569,0.97511923,702.0460014932904,519.6401539335968,0.88723385,511.35412346443496,520.9844132445389,0.91848046,651.7643096906072,534.5411911647465,0.96969986,559.3758411626986,539.5463588016262,0.96987265,653.3778686399528,676.9536811013982,0.26202494,556.9789481322466,685.615243689993,0.27295756,626.8957,688.6863,0.017582208,566.8844,701.98303,0.018576592
139.0,610.7908395406571,199.5626424223605,0.99263155,628.4637619431057,191.4505308288585,0.9703355,595.4385715771544,191.96182523944427,0.98159003,638.7622869093991,205.22769555822902,0.7465925,576.5203911277339,213.5902501584734,0.8881607,677.7025507668284,305.6440196271407,0.9958694,534.4187578399735,304.61098128304417,0.99698246,698.3900061203989,413.27993069270815,0.9621874,505.7009087448794,415.7128034573279,0.9750869,702.6318814498004,518.8438557596683,0.8866409,509.2088143041312,519.8291027939825,0.918097,654.1761916000532,540.3614211344196,0.9692686,553.7912674061866,538.7613672497218,0.9694953,657.4475901674293,681.2636154642761,0.2566455,545.4989963369309,684.0502899627866,0.26773873,626.2358,688.63983,0.0171009,566.1068,701.6572,0.018096
140.0,606.4883037858765,201.29295092468567,0.99258167,626.0581208569922,188.338614203334,0.97026646,591.7186170818312,187.49839903881212,0.9813763,647.9883109563893,210.58568502848476,0.7491158,569.0903692106207,207.85924792507802,0.8870983,674.0832965022056,305.95318038062624,0.9958871,528.7514266925895,300.46789871325126,0.9970052,699.4808603620876,417.0847863758483,0.9622128,510.5983865912326,413.01580960953896,0.975189,701.838350462488,521.6512099546625,0.8862541,504.7792889663862,520.4481364356433,0.9178671,648.2454461109136,548.1410472250521,0.96931756,560.0008952775454,536.2547789240451,0.9696028,653.2639934856567,681.01162562416,0.25696808,552.6810505747466,681.8904081121624,0.26846272,625.519,688.44507,0.017135888,566.4746,701.22375,0.018171728
141.0,606.5849669970162,200.0269084572828,0.9925842,625.7226179738292,193.42546922350607,0.9703133,595.0987806896936,185.03290529389085,0.98137957,647.1143094301278,201.59214857016624,0.7490715,575.0376502972412,200.59275043231276,0.8865737,676.2306043196538,304.76590747429884,0.99586964,537.1498010404403,300.59958019241986,0.996995,700.0583921489934,421.3541195572151,0.96240914,503.5194312245308,403.8384662120005,0.9753294,697.7534526960835,510.03953475106294,0.88757056,504.4708890068673,515.062733305691,0.9187211,649.5138804487648,538.6770423860856,0.9698167,559.6387276248381,541.8764766155845,0.97008884,658.9550456395967,680.3477997286981,0.26138967,554.673817271574,677.8878970267834,0.27298772,626.66724,689.27356,0.017506272,565.7043,701.9789,0.018569052
142.0,607.9463268951658,204.98356526296723,0.9925989,621.6437886434961,193.40483937060694,0.9699646,593.4051317612832,187.5117511629547,0.9814802,642.50234210667,205.89178947017587,0.7460563,574.2739212342061,203.73521883530447,0.8883839,670.4853821272592,307.8308606841441,0.9959159,531.8194079757175,292.27188947561797,0.997069,698.7812024779681,421.2470695803767,0.9626974,506.7439395035646,411.0141967367592,0.97598827,701.6377522014112,514.603557360233,0.8881943,501.37183557819543,520.9067007570964,0.92043525,649.5137198328817,535.0894059619436,0.97035897,559.7194487361188,532.0641662387969,0.9708013,652.9740452397413,680.0453791129452,0.26387286,549.2045401655098,686.8428677258569,0.27681625,625.80835,689.1449,0.017603785,566.426,702.2239,0.018733472
143.0,608.2701618707165,201.33326543025797,0.9926181,625.0415381301134,184.73483639415798,0.96972716,595.0792586815716,187.73157827896534,0.98163986,643.6322219039077,210.87517524662096,0.74285257,578.2439193339991,199.85163839040166,0.8897967,672.4450204117927,305.81298647963354,0.9958926,540.1736634970357,295.9079309319905,0.99709755,696.270837811665,420.0611709594266,0.96253705,509.9646644184951,410.46865923154985,0.97641647,702.0638620795248,517.0206658791828,0.88796127,504.70752692046807,520.787456772501,0.92151374,649.9575700424803,537.3717794412389,0.96996,555.517599762079,537.0254165589014,0.9706294,645.5760760066449,678.5711905138941,0.25777173,547.9611608405816,689.8417728572985,0.27204964,625.126,688.3281,0.016991049,566.0662,701.61426,0.018163294
144.0,613.20667617246,203.64484205827873,0.9926039,627.946597837443,190.803702486304,0.96914494,592.7549216121029,189.90402299261686,0.9818171,643.0866307495027,211.6644964940924,0.7367501,579.8876272294958,200.51622719596537,0.8924221,673.7998563000996,303.04480587434654,0.9958677,536.8379218201349,301.25247910746344,0.9971295,696.3863430533856,418.7633438981704,0.96223855,507.21458100178177,410.85538475558195,0.97680914,700.4134187587723,517.238515523652,0.8874509,511.76151429940245,517.7486256872716,0.92258286,652.1533959030695,540.4098360059169,0.969404,551.9272950218538,537.390211150158,0.9703158,647.5765416352967,677.7062548226663,0.25110322,551.8183703366385,682.2710956991763,0.266634,623.92474,687.803,0.016341895,566.07855,701.4497,0.017534465
145.0,608.3074160519087,199.96334848628882,0.9926015,621.2684928671325,190.1548514170463,0.9691572,595.396939937705,186.8379288644423,0.981737,643.2852406002486,201.18598751111148,0.73776644,576.6938293279953,204.4389010798279,0.89175963,679.9860365787749,307.3373335363942,0.99586797,531.9410677857824,300.717596595817,0.99714243,697.7422783217676,420.2085342238457,0.9621593,510.85254302500596,407.08974216774345,0.9769127,702.4521368813334,510.706961204756,0.88745785,507.01037424853155,519.7076744715166,0.92309356,649.081492647325,537.1211770287342,0.96922547,559.8102855310921,541.4810431553414,0.9702244,654.5264603110579,678.1817672358154,0.25028455,553.356625607584,681.6980404010104,0.2665114,624.1836,686.5829,0.016290575,567.5531,699.901,0.017531633
146.0,611.8002737762539,201.6133338722039,0.9926015,619.8682948971432,194.23729985876975,0.9692408,597.4922140834591,183.10496209302448,0.9817028,643.8353398361354,205.11214877330843,0.73851395,576.6677169987437,202.11836940327996,0.89117503,677.1435585234187,300.8637949558907,0.9958503,538.6553345519667,301.0428129364048,0.99711674,696.589678017649,415.9053670020583,0.9620647,507.73494015045713,406.90766586277743,0.97669184,699.1652826141031,516.9411500168563,0.8876574,506.61757971264814,517.4021237297565,0.9228314,647.7333303471806,536.0517776303177,0.96900797,553.2512956240647,537.6606956927238,0.96994466,650.5035522755669,681.5954560949649,0.24874371,553.6413696796628,683.9682964169275,0.26443413,624.0417,685.9028,0.016170949,566.9521,699.612,0.01737076
147.0,608.4214210042883,203.01062817116127,0.9926272,622.3205050689011,194.24321722442357,0.96923226,595.3771532353426,182.4157483300867,0.9817812,639.5675325503448,200.30486040914224,0.73713875,578.1850846854146,203.1444575958831,0.8912499,678.730295363466,301.4718825994853,0.9958123,533.4711231521613,296.39467874325123,0.9971261,696.7316011698028,415.78999417216176,0.96207523,502.92003457943434,408.44779807730265,0.97702444,702.6628606074188,517.2412262902576,0.8882822,507.08723357555755,518.1783136334387,0.923924,649.8698191428846,536.6244912540845,0.9687495,553.5408335301719,537.2868442345049,0.9698491,649.0543373176139,678.6238976012955,0.24380356,551.4287738714121,680.7764183288814,0.26026458,625.28674,684.0686,0.015726835,566.4683,697.8613,0.016958296
148.0,604.1409840311243,200.09724368214262,0.9926956,624.5033828736217,191.20965901283216,0.9689628,595.3578179056572,192.53186758426375,0.9821363,641.9096385070394,204.74704848818564,0.73137754,575.4216356469143,201.93536531994835,0.8939875,675.2659953419425,301.18939449587367,0.99582535,540.7963520050744,304.0668813629329,0.99719465,699.6233404176484,420.6751554308049,0.96254826,507.01714112587763,406.5493791666914,0.97803116,699.0487065324189,515.1286367086592,0.8902334,511.9362421666601,520.4151723806935,0.9272624,651.1188698344661,532.1757591954793,0.9698533,556.3565613647216,540.6329324993825,0.9711922,654.043543581473,682.4985083372251,0.24926287,555.9838093711417,683.8196338803306,0.26809782,628.8662,686.5116,0.01598838,566.95667,699.563,0.017368466
149.0,612.025106224885,197.90728705916715,0.99269235,623.6867955365107,186.98330772278098,0.9685848,594.1298189672053,189.85413975223463,0.9823191,642.7494083498235,205.739788437479,0.7263968,582.5199993483108,201.88783200882892,0.8962734,673.2678549738761,298.54181814227974,0.9958172,534.1351636553306,298.1259568091265,0.9972032,694.5461779237759,417.86365941181674,0.9623641,510.0799953172752,405.1586759896252,0.97815585,705.795131436156,510.0446185722492,0.8898152,508.15173200249683,517.2776944610478,0.92767036,653.8856400695148,540.1026803987268,0.9695889,557.0116867719735,542.5390246494494,0.9710126,654.9603661882145,673.72815596717,0.24735114,556.8562022883572,685.843521981692,0.266562,628.64734,686.36993,0.01583013,567.4659,698.82904,0.017208666
150.0,606.4013022648116,202.13901010187882,0.9926515,625.8599233646866,185.47581812839297,0.96793085,594.5393431993103,186.23783003929833,0.9825697,642.130369359258,206.22106864499304,0.71934867,575.3053341680626,195.7328256480926,0.89930534,675.560086929552,295.41710818238414,0.9957149,536.3180606922139,297.6675246473076,0.997197,698.3687703726981,419.70185965248106,0.96126866,508.6056517040735,405.92537114262103,0.9783225,694.4406543939205,513.8619584131968,0.88709056,511.25092928951403,520.9065872557292,0.92790306,654.7039905161913,539.4709360690518,0.9677885,553.4102372937746,541.8622513036037,0.9696633,654.2111984817342,680.8870948900915,0.23246813,553.0319369205988,681.6384878730848,0.25344557,627.9388,686.00934,0.014629483,567.5399,697.84314,0.01603201
151.0,612.3129528486935,198.99533604655275,0.99263006,625.9643643761348,185.46220818393508,0.96752524,595.5401430333416,189.70544875483247,0.9826081,643.9235903146556,208.5300740701547,0.71589386,572.9069711808864,203.81095478239422,0.90084994,673.152278279377,305.0133759955896,0.9957403,536.8890118972035,299.16728412146483,0.9972179,700.3222441854127,416.50131710180864,0.96140707,509.4881446972383,413.3003893939267,0.9785079,693.1946101049894,519.1674169307848,0.8865394,508.16301190541805,520.8772363127513,0.9279051,654.3406730035567,538.3328180466019,0.9680339,557.737102307168,539.8903870372908,0.96992123,656.2144111463349,679.6609773271484,0.23290548,552.7228986193468,680.8438014264835,0.25391877,626.48584,686.33453,0.014617085,566.9163,698.54205,0.015995532
152.0,609.2889184769623,199.07261915487453,0.99260616,625.6744080281244,183.98816237240308,0.96692216,592.4210008836059,184.10246623924488,0.98268104,644.0217239897853,206.71969534168605,0.7113157,574.0803188813765,204.49886878010446,0.9028766,671.7129255878605,299.90693421287847,0.99579144,535.1508669808481,297.952723293847,0.99729013,696.565172363542,414.38532624654687,0.9620007,504.48811338590673,404.8390376717326,0.97925866,697.2561974202785,515.143866995335,0.8879725,510.8792559581879,515.8150343470604,0.9300252,651.750826051552,538.0389031969307,0.9692764,560.7906042053937,536.7675296925507,0.9712509,648.9805332828022,678.0553252386358,0.23945647,553.6406121731576,683.3251546245475,0.2620976,627.65735,686.67773,0.015024126,566.9636,699.67834,0.01650092
153.0,610.2005766692916,199.19337043521682,0.99257344,623.6277988318176,184.9337969509205,0.96645474,593.7066480119042,186.71064888270513,0.9826715,643.6569795467265,205.1116122811394,0.7082462,578.4099399058405,201.54411152853984,0.90365016,676.6209509147424,301.45020138309326,0.99577117,534.3435875939573,297.2326652227799,0.99732447,701.0202156798138,412.91542156974424,0.9618656,507.1012682101993,407.7573162153981,0.97964334,699.8601120089818,515.4499892760833,0.88789004,506.5067675146514,515.3221106851496,0.93105614,648.7799141929175,537.7036869326613,0.9687741,556.3088381135724,537.7997010951648,0.9710063,655.6456779940365,680.5870420565383,0.2329107,545.9193618608964,677.6911242876033,0.25667337,626.8048,683.8165,0.014486611,567.5451,696.8757,0.015993267
154.0,610.1932715826587,192.80223403299624,0.99258125,623.8377539880578,182.89045852627905,0.96674573,596.6191569957236,189.58900377053257,0.98259133,640.0161827346576,205.62757302259044,0.7117328,570.8413561787737,205.81749801389282,0.9023298,676.175932288975,300.60007930324184,0.9957664,528.2205808947573,294.6454219991103,0.9973192,696.4228129787563,413.3004728161521,0.9618438,507.70366033348347,411.51608739909653,0.97954947,696.8540868255893,516.7818748801313,0.8877134,509.26996783016125,517.5425053449826,0.93051505,652.9821252104251,540.6161010584772,0.96861875,553.0824774809362,536.9672557497255,0.97084713,650.7654634276361,678.3463270349662,0.23165089,553.9292173698362,681.4356768050403,0.2550494,625.2652,682.1151,0.014420271,565.93896,695.9049,0.015904456
155.0,612.1575124474273,195.42157419023565,0.99262804,617.9818737258075,187.37524259332866,0.9675774,598.0858554356358,184.33793516826006,0.98248535,642.4372531860297,196.21761684338736,0.7195391,577.1705652770472,198.56332239723244,0.8997394,673.5156078309109,306.21246992407094,0.9958031,534.1034318947023,293.43537898636356,0.9972816,698.5792773192286,420.7242794427946,0.96207595,507.7825725869784,406.8382345168066,0.9790627,700.6568200948919,513.4287657041638,0.8877562,511.7498330188693,520.5112402497949,0.928747,649.1480164652238,532.220801028733,0.9691889,557.7770016091205,536.5624542260562,0.97109294,655.6649292703096,678.9772794200333,0.23614663,552.7911130275702,681.9327413109121,0.2579351,623.89136,684.4215,0.014732808,563.8719,698.5503,0.016152203
156.0,611.639653319838,195.21417957528266,0.99267066,627.6626725157096,183.84571908995616,0.9674772,598.8289644990344,186.6510038269834,0.9826203,641.1675501382706,203.13306746182755,0.71785706,581.4288427417146,206.52203522195978,0.9007603,676.4906903270037,298.0416396779695,0.99584126,536.0339030000476,297.60013371649507,0.99733484,702.893162409669,418.6044877372902,0.962492,505.4410026893392,407.5828067258661,0.97961926,693.0661803086788,515.1398633001223,0.88891524,505.4107220748521,522.6416415294336,0.9303367,649.0362343909998,533.3335037529515,0.9700277,554.8478124735132,534.1549736111072,0.97201097,656.4868783187363,682.735268347851,0.24064037,552.597144435733,686.3410192624085,0.26376048,625.1413,685.59436,0.014972299,563.7611,699.8998,0.016474575
157.0,606.0359409510573,197.73164308643413,0.9927424,627.0698054792833,184.67013425559455,0.96779346,599.0343473102315,178.2753812486446,0.98278046,644.9790660557576,204.81985075661498,0.71770763,569.9378845523527,200.28887779088762,0.90107924,672.6366031940064,298.30585099627234,0.99586606,539.4895504868462,298.47857850395786,0.9973283,696.9773192408705,419.3017920520883,0.9628011,505.59058824946004,405.9426584969931,0.97953224,699.1323261076337,517.8562629473906,0.8900043,511.17850474410676,514.2873728624613,0.93054795,654.6138867385893,539.8614783489909,0.970598,554.2294308890715,536.3222256753089,0.97240806,658.8534979231363,680.0067763648317,0.24663594,557.022524750369,683.6816856272808,0.2691906,626.79803,685.65344,0.015470654,563.8242,700.52576,0.01696369
158.0,609.5293935451231,196.13303263847334,0.9927286,624.8296857031152,186.40231477248724,0.9674856,595.0404875785438,182.03083961602016,0.982851,642.2151548625525,199.5866208379765,0.7151216,569.4169604844532,199.65415609050592,0.90257275,674.1189215303601,295.17730606007746,0.9959152,539.3337236188618,292.15667295052083,0.99735445,705.2461611804508,419.2303008031182,0.9628571,502.39055176442474,407.0095156865386,0.9795505,700.5426399750032,511.38588078574236,0.88956535,507.1791865934719,520.2852023739359,0.9304334,647.2937007842368,539.8508084317883,0.97087705,557.2210100181125,534.856995605837,0.9726366,651.5559099195086,674.3363001885793,0.2522272,552.4207233965711,685.4449287383263,0.2750791,625.81464,684.97656,0.016051292,565.45935,700.6975,0.017576247
159.0,602.6929088930384,197.68044557475045,0.9927186,618.6498204629884,178.64101851769504,0.96718276,596.3130515861346,184.41848364841417,0.9829,639.2563588800648,203.33867872581374,0.7132834,572.1132076031455,200.63335969480082,0.90354896,674.7652332190692,300.7942098730797,0.99594975,533.1330910160899,294.7753867205974,0.9974061,695.4748122160241,411.41976796508857,0.96292865,512.239252962721,405.0751095163128,0.9799198,700.3351995386041,519.0004396933062,0.89047813,505.08766463985853,514.0881157462258,0.9318273,646.1992910039025,534.7000201875308,0.97131884,555.4335038225286,537.2185458787073,0.9731939,656.7109339118161,676.8764876018116,0.25793156,554.4734167174132,683.7200965527637,0.28222358,624.7956,684.35645,0.016542464,566.1103,700.073,0.018175095
160.0,613.307944933071,192.76664735612084,0.9927185,627.4274036559223,189.4072453041428,0.9669908,600.4148144088157,186.7156544577799,0.98296285,639.5741128616163,202.3449054643327,0.7113415,578.6132131875116,199.45838390780122,0.90425265,674.7927572868487,299.1289917854806,0.995947,542.9768753838587,296.65313066208194,0.99742985,699.4250199625276,408.11877486850614,0.96300757,511.4977311893961,412.5774772655613,0.9802271,704.8621934024552,514.9788640271225,0.8908304,505.8245364878592,517.8983703007227,0.93273914,649.8573917400968,538.3933674153626,0.97141635,554.2770221833821,532.4919667928365,0.9734081,658.5481404869208,670.6004909922038,0.25683954,555.0281963099748,680.6219418690093,0.2819235,624.8671,682.70197,0.016450197,564.7941,698.6678,0.018123
161.0,612.7925972502064,199.24631033386837,0.9927442,624.1124207206831,184.06572401978215,0.96734047,596.1501186321271,187.10718673910753,0.9829499,642.7283488303652,199.4332777805341,0.71405554,576.7458701299876,199.85462258504188,0.90307325,673.561996570344,291.35428576964733,0.9959692,540.8565194835189,296.431741696762,0.9974244,701.0502255157155,412.05718513919976,0.96325064,511.2921523006145,407.88991433097664,0.9801346,696.9311903920775,513.5319966717148,0.8924711,512.5830403791589,513.0100805909427,0.9330853,650.9115561303252,529.7698177793754,0.97220695,561.8820946950757,527.9649075899368,0.97404265,653.527896791894,670.9432411656717,0.26735035,555.6419534180425,681.0687272033778,0.29223263,624.5884,684.40295,0.017349154,564.85156,700.6424,0.01906842
162.0,608.3274413497411,191.87901615280325,0.9927292,621.1353543781642,185.39351147804476,0.96766675,599.7059061627888,182.37899393682372,0.98282015,646.4240852667615,201.06955390829424,0.71742773,575.7198320959822,197.43921793848625,0.90150833,672.2156276355433,298.6936255647286,0.99597615,532.6273221454239,293.160678997048,0.997381,695.6905564822551,417.5483465251476,0.96327144,511.3966430865413,407.16640915924853,0.97967327,700.6656263925248,510.1202165288384,0.89256847,506.57703733894783,512.3410513578353,0.93204534,645.715050265663,538.235899980995,0.9725009,553.4479399391935,529.8924909397894,0.97411084,651.3971902772646,678.4999025737313,0.27340007,552.4700140818763,679.8625663146553,0.29702908,624.86145,686.19635,0.01793155,565.6529,702.2151,0.0196217
163.0,616.9005635444502,196.8242274702203,0.9927082,624.6480680573618,185.75644610195388,0.96768886,593.7973177373452,183.39506203907075,0.98275495,646.826789085913,195.06088625249166,0.71894157,572.6093875509792,200.28273322105682,0.90070796,672.8809547612555,295.10707085769286,0.9959383,532.090356627155,297.2694894887054,0.99737656,698.6152525611167,414.82897008030614,0.9629929,509.53524917370186,402.74574916123436,0.97973204,696.5930502480951,510.11916284407687,0.8919772,513.6167436188729,515.9462067855528,0.93206996,649.2565800559967,531.272614228421,0.9720394,558.407575157323,534.828178939928,0.97378874,661.4232128087975,668.8646041797583,0.2681374,548.6703722223976,686.0336868707017,0.29256463,625.12683,686.00684,0.017455041,565.19324,702.5282,0.0191755
164.0,610.0997884207509,195.95248288534827,0.992737,624.0394204184065,176.64538404422836,0.96784043,594.6894837102769,174.9343277087446,0.9828162,641.6361391380634,197.11779645130378,0.71855676,569.8669481909728,194.51658056236235,0.900702,669.4206166416564,295.68128375328087,0.9959339,540.3282536784287,295.6273434951467,0.99736154,697.4375755240089,412.88520619193565,0.9631876,506.84425386278787,403.07472667557045,0.97971195,698.6868667584965,512.558098980412,0.8924577,508.47285425011546,520.7489463444844,0.93217444,647.3713145234104,533.7320551123983,0.972227,556.2162211910238,539.6440895926121,0.9739002,661.9810072894716,680.6621359200935,0.26912814,553.6267469034533,685.9881588893242,0.2930516,626.20435,685.5352,0.017564923,564.1718,701.97546,0.019260705
165.0,607.7368494306769,190.30942873520382,0.9927705,623.5611380595067,183.71041191683474,0.9676887,594.8108398446823,187.6113820792416,0.9829235,643.1606960043907,200.93008879269226,0.7166019,569.6222318108588,198.96739229892694,0.9016159,675.6427518811594,296.3477680792548,0.99596685,539.8765078816607,296.5303866538679,0.99741256,694.8666241281917,417.51295004475486,0.9634253,505.7810005113188,402.30747270629377,0.98015666,699.9401649070745,513.6862394637473,0.89379716,503.4448516037812,511.6816442877624,0.9336457,647.1462368746102,535.5916098695874,0.97269857,557.685138983943,533.6829478072983,0.9744736,651.4905945749549,678.9232776052556,0.2739092,547.9608431402962,680.4021824817568,0.29889327,624.6719,685.25354,0.0179573,564.3605,701.26636,0.019731939
166.0,613.055842737273,192.33356758006707,0.9927773,618.2791921548845,185.53325024443487,0.9677452,597.8296798598446,184.44633132555666,0.9828775,640.8735043678909,194.1545577733829,0.7173467,581.6265214155634,200.48804516452282,0.90150785,674.5208997740747,297.44514251732346,0.996005,535.4036769394481,295.1081907941865,0.9974216,692.8324521265581,412.27370532180475,0.9635352,510.53160550234327,411.3646425332503,0.9800074,700.2157555199437,511.4460616409024,0.893881,517.0793983466081,515.0554704735606,0.9331671,647.0948174201126,528.7083770326518,0.9728683,560.8167116601792,541.2018850875346,0.9745412,655.578493081549,674.5787346582999,0.27746564,541.7104245094403,681.7275936383368,0.30173665,623.86,685.12573,0.018307596,565.628,700.75305,0.020060122
167.0,609.1169259289989,194.97021888166495,0.99281806,622.5297858293255,183.2285558000431,0.9681568,595.9327698111392,182.12937123625485,0.98287296,638.8825981251204,199.1661172424931,0.7197386,572.2957321293594,204.34512634649383,0.900365,674.1289570149927,298.53237712140043,0.99599624,542.7674602102238,297.0529715060821,0.99739075,697.9023788016667,416.72847865015814,0.9636232,507.5860901523593,402.06195112996494,0.9797979,694.4490351779002,511.7061387727519,0.8940822,506.46980156936996,515.2577590659174,0.93261325,647.1802479857146,537.1957345762003,0.9728605,553.6693879248196,528.1733054419709,0.9744302,654.787619969798,673.2568824395521,0.27662307,552.5023981886783,684.0947593001436,0.299816,624.1403,686.21497,0.01819551,564.23694,701.1457,0.01988396
168.0,609.6694475384961,200.2237786685481,0.99281394,625.3972223443927,183.6161574705958,0.96783257,593.2632953924259,184.70133173661566,0.9829941,646.5014309129962,198.578354920963,0.71539074,575.7577575378302,200.34351181463563,0.90182054,669.1184242770298,291.8376856863239,0.9959655,535.276359837151,297.87232044088205,0.9973948,698.9647243784284,417.85509418455644,0.9634909,507.36439688406193,402.4191083154872,0.9800051,698.1214033741901,512.8535519215478,0.8938416,508.352129085141,516.6035549540809,0.9332,651.1707218737373,537.4980486518101,0.97256005,557.8287032653617,539.1125340735613,0.9742534,660.9876889041828,677.0368615726617,0.27158165,552.797345251863,684.2369199411273,0.29535574,624.69934,686.23486,0.017672062,564.0884,700.8812,0.019354612
169.0,605.4954996690706,195.02768061642934,0.9927969,619.396577556429,179.46355792828354,0.9679103,593.2837198881824,181.6199472524188,0.9829568,644.4033019229964,199.05697021570342,0.7159976,577.081108527396,202.8720179213477,0.90116525,674.22500645044,297.414390440197,0.9959239,533.0668502785487,294.825848306869,0.99736243,695.6382405121249,415.9686554239141,0.9633831,511.81205885788427,401.8000103251186,0.979866,700.1117699242261,507.2005383694579,0.89344037,510.61872583710823,518.5603418613553,0.93270427,647.1091689703771,531.7433834557371,0.9722594,551.8493036329597,531.1098602887694,0.9739443,658.2354233177997,679.9817907890871,0.26712322,551.0797945110216,683.8333548973592,0.29029536,625.0205,686.1456,0.017283797,561.993,700.7331,0.018911123
170.0,610.4298930257931,197.2440177705869,0.99275696,622.8360977107766,188.5683126985676,0.96771306,595.1767789300703,183.4811964464658,0.98283756,641.3838577378634,196.04035903501943,0.7162553,576.0615430647086,196.14905566670197,0.9010796,674.6417319363117,300.6805040917594,0.99591815,541.7523136050193,292.2844137474481,0.997375,700.4679955887785,416.33521311973624,0.9632999,509.0281486584327,408.2899377526721,0.9799737,697.7186727813888,507.55087668613874,0.8924691,509.167055318418,518.6189414980217,0.9324758,645.7523461459873,534.3131076782287,0.9719728,558.1764099557707,528.3639901479623,0.9737556,659.2900085226515,673.1185720923269,0.26198643,551.7935147054989,686.3763377230471,0.28567466,625.3158,685.14417,0.016821861,562.5551,699.9324,0.018460482
171.0,611.5808972685556,195.5722190123279,0.9927318,622.5348991583802,182.47561841022303,0.96729696,597.8086137775448,181.10105935831027,0.9828818,643.6442818316052,202.91310623303534,0.713176,580.2080961555896,197.23229262761413,0.9021501,671.4993606846816,296.8172866080277,0.99589664,533.4513608110246,295.55260854073333,0.9973988,697.3771870138603,416.6185562870597,0.96301436,509.64255259057956,409.9174706006012,0.98026013,693.3934457252286,513.1280719551573,0.8919904,507.187596115188,514.728853085462,0.93334746,647.9613580766442,541.4411213064654,0.97144014,558.596561733355,536.6543963103938,0.9734553,655.6695611869301,678.79315036016,0.25606072,550.2854748727382,677.9336526373764,0.28111818,624.94635,683.6664,0.016291648,563.3873,698.4167,0.017971575
172.0,609.6295735302266,200.10354201789917,0.9927293,623.4335563688707,184.9411631396112,0.96677333,590.8241715074812,184.18861105166653,0.9831115,641.2327293001264,194.20423643999047,0.70610404,567.3438124825299,200.11203578049157,0.9050238,671.1384720604353,294.718448072549,0.99588895,531.0258903877722,293.79199438132895,0.9974075,696.9064936509562,412.1916948265154,0.9629302,511.9390387477123,405.6739671446983,0.9804556,694.3359434554475,513.1172574636283,0.89156616,510.284195532744,521.081516284792,0.9339632,649.1712228445573,529.9027822617616,0.9713763,558.5743156361926,533.8998671663953,0.9734697,658.4015130121473,676.8378542460888,0.25582853,555.6569106896915,678.4010258745008,0.2814034,625.8617,684.6801,0.016254425,563.4551,698.54565,0.017943412
173.0,611.359779391684,193.11563005749937,0.99272144,622.5111208463114,185.01738394197176,0.96674156,597.4718418603974,188.20168902879942,0.9830551,639.9879212572645,200.74750005979976,0.7065586,577.267854596853,195.7366147425554,0.90493584,674.458804371211,298.51876006947833,0.9959036,534.8601543763333,288.4929763407434,0.99741447,693.6403204501828,410.63163709870804,0.9629344,509.5567086375336,401.13196497406693,0.980376,694.3456388935543,512.7894130071604,0.8912804,507.29037520297203,511.2788988550801,0.93344355,652.15887282456,529.5930866995612,0.97132385,551.3737492414845,532.2656637454709,0.97339416,654.9038260714151,676.2391820469969,0.25655437,556.2449809015608,680.2651931344594,0.28167695,624.7992,683.1113,0.01638329,563.19556,697.39935,0.018048674
174.0,614.916645225157,190.41316884177922,0.99273276,631.9273294200916,186.03758152787913,0.9668819,597.517685347991,178.36801850054042,0.98309135,640.0040212498133,198.330288646964,0.7070686,577.071539106474,192.71091566342793,0.90492654,677.4991354006809,295.14180184295657,0.9958863,539.9641743515078,291.4535878342769,0.99739194,699.3985658243603,414.58029341726194,0.96284354,511.7520612982305,403.42861116296024,0.98024,694.1415882800311,517.5496590819098,0.8907428,508.5983705006427,514.7466580855239,0.93299043,644.604516364642,531.602863638616,0.97116756,550.1679649040958,531.0723932301339,0.97320485,653.3873596358192,675.2656025849574,0.25423628,546.2195643268701,680.7350810640521,0.27889585,625.1875,683.27405,0.016166925,562.427,697.499,0.017789602
175.0,609.4809843763509,195.35123620423357,0.99265194,621.4673380364975,188.34785931239696,0.9664539,593.4887089352093,183.2206465577755,0.98300004,636.9920572527529,199.74003634884164,0.7032516,573.8553020815876,196.50416284047978,0.9046584,669.0219733538545,300.3107525405705,0.99570465,530.5595055297487,291.8942058938,0.9973072,698.7578426368138,417.2077065547169,0.96173245,508.178943099502,403.99061246881297,0.979912,703.056131121463,511.52763944466886,0.8891869,504.16750141073777,515.0236270410047,0.93249416,650.184520341236,532.149628362078,0.96841604,560.4161435196547,527.4431513634287,0.97079855,649.9961183042243,671.6212265496564,0.23132196,546.0465089694329,668.6778269582396,0.2554732,626.1538,678.55945,0.014395446,562.5419,692.1793,0.0158965
176.0,612.9596238120799,194.86844900104262,0.9926497,627.787350109954,180.37892829047772,0.9666059,594.6200831034029,182.37741282804856,0.98294735,646.134618073232,195.15566902919127,0.70429724,575.0539615834324,195.2625801991192,0.9040025,672.4183678896424,300.2719574214869,0.9957053,529.0535187285404,292.409952423895,0.9972756,694.1896045909408,412.9195325053241,0.9618017,506.9267813522568,406.8240110470637,0.9796383,699.6608003271621,513.733747673866,0.8892882,504.749945009854,518.1920351247994,0.9318648,648.0177478549998,533.6754745238363,0.9685031,556.0894738736264,533.0355731937407,0.97071993,660.2311496775193,671.7386186381352,0.23394915,553.4505767411491,676.7428981345003,0.2572297,626.8475,678.8104,0.014662534,562.75586,692.2031,0.016134322
177.0,604.73595602211,194.08628979786153,0.99264693,630.4301442575305,183.7797543500797,0.96629596,598.3832402614846,178.64803442211078,0.98303187,638.3277023465794,199.92507136631997,0.701285,576.1825237872876,195.35364087469344,0.9048037,677.2660729610147,299.7750784781323,0.995669,536.8253588942106,298.80720987679103,0.9972979,698.1591005489878,416.28051209424154,0.96163434,506.760273669677,402.92122071867925,0.9800503,695.9223140945111,515.8423341724905,0.8893419,507.276987910329,513.2519731309802,0.933132,650.3802462618028,536.2780420612647,0.96809673,562.2302881762149,535.9240820529034,0.970593,664.087725366434,679.1728637915344,0.22832066,546.4097868193074,673.7545419126722,0.2529656,626.9874,678.1272,0.014148921,562.5121,691.6079,0.015663207
178.0,611.8219458133796,193.87508461950037,0.9926193,627.2622491436656,185.64467108085393,0.9664569,597.0676779502883,187.43097151083725,0.9828824,642.789264429893,199.88196413954813,0.70402884,572.88766192352,200.6081284255978,0.9033053,676.2029434659594,292.13731265963776,0.9956351,540.1573245424985,287.8642929708262,0.99726003,692.2510098616339,413.50346526843197,0.96143097,502.95916016921916,406.828115715649,0.9797529,698.6392948530398,509.3705375018975,0.88897324,506.5205790163594,517.4344072182502,0.93233657,638.1428421297901,529.0193006970896,0.967498,556.6000115940697,526.9824530373745,0.96996444,651.7120070845049,670.392505616285,0.22433078,546.0715481596724,675.7029975107178,0.24827376,626.7046,676.71466,0.013893545,562.21625,690.568,0.015363932
179.0,607.1931745666742,195.51219721834093,0.9926281,624.4040022512322,183.84460317206717,0.9664682,601.4080675700527,183.009020979763,0.9829141,638.9746703283125,195.90804327358066,0.7037155,567.9246369393358,197.4781116170435,0.9032415,675.9113065618913,295.97898681194204,0.9956107,533.8534329953981,294.0367983751921,0.99725914,695.8917076719337,409.698753603417,0.9613592,509.52740309090575,406.4466445488687,0.9798554,696.2265746472561,513.6207253227689,0.88918245,506.4762018821535,513.1426600396413,0.932852,649.938710205435,530.5425953046919,0.9673303,555.0100576864297,535.4818782294138,0.9698878,660.9325591939718,674.6572121360379,0.22210959,546.2162145109382,675.8658056663072,0.24650127,627.60724,676.33746,0.013688505,562.2646,690.4666,0.015172899
180.0,614.8484586034274,198.24227582235798,0.99270827,627.5860863416083,183.79900478992525,0.96717703,591.9569470619123,187.65185397625189,0.9827783,637.9565388821725,199.98630225032733,0.7109812,572.9219367848702,196.60700265102372,0.90148115,670.761356163128,297.63488822664976,0.9957746,529.8399093336051,291.73363388313163,0.99731094,696.5746065035516,417.5639214858375,0.96243596,511.5532245165931,405.7469749634716,0.97982043,700.211566141146,509.0443785594329,0.8908117,507.40646095191966,510.34862396071316,0.9325762,643.3280315402578,535.7694555864356,0.96945304,550.897866287545,532.0236060723349,0.97155964,658.0826316779467,672.6534348564606,0.23984402,548.5049216868324,680.3871420406365,0.2635038,627.2282,677.2501,0.015125304,562.15076,691.9409,0.016651958
181.0,610.024804440956,197.47148633396162,0.99270475,621.7331622741269,182.69434580464818,0.96688,596.9979368673746,184.18988334320906,0.98290724,641.3685909465431,196.68994304540544,0.7070136,577.4536869350379,198.85872811595758,0.90313536,676.1694239467503,294.49137913319373,0.9957854,533.8437100180539,294.87416131155436,0.9973233,694.2341491735123,420.16643540112307,0.96249235,506.4659303150221,402.6970491097833,0.9799695,701.8995639433812,512.4204407780458,0.890792,507.89385884845854,514.6683954664906,0.932926,648.9659306542263,532.8796993412259,0.96974564,551.8029694858017,536.7913162584897,0.97187245,659.7172431904703,671.0149958585544,0.24152422,548.6768158153873,675.5947219604117,0.26532978,626.83936,678.7903,0.01521489,561.6401,692.9269,0.01674369
182.0,608.9938342811994,192.7598620299006,0.992725,619.5185473371664,186.84190187327323,0.9671359,597.2106652095363,179.44499301394126,0.9829025,638.0601182548463,200.82389843101913,0.70848626,572.4404719715137,202.58821698318891,0.9025761,669.6651561417759,301.9661630654666,0.9957818,539.1306834293835,300.2694891424234,0.99730283,695.3894927731666,412.4113647608558,0.96250856,511.5927416054117,398.1856280195456,0.97978044,699.4531793387004,513.1206251308257,0.89091814,507.5782654762963,513.4441604279465,0.9325567,650.9698910060308,534.3872134792409,0.96985734,560.89766485219,534.2570760177687,0.971885,655.0953178915255,675.7141003169675,0.24287409,542.9071282166027,684.64564223594,0.26607746,627.48254,679.59436,0.01532653,561.4544,693.3104,0.016834527
183.0,609.4033940997776,195.42930125081833,0.99269867,625.8289712635736,179.6910822415033,0.9670866,592.6409944026299,184.73939171086738,0.9828868,640.108882302166,199.5546992443527,0.70893973,579.6226081755185,200.9319229808123,0.9020499,671.8288087772931,302.4872116603136,0.99571717,537.0558685101264,291.5027463081949,0.9972981,699.7066243082664,415.4407359402648,0.9621203,505.56707091525084,407.22973488395314,0.9799412,700.2867460265938,513.9326354880292,0.8906364,507.8465575137467,513.2595619391507,0.93308437,648.2926847843761,537.2311969453286,0.9692166,558.7162195367865,539.2342819460415,0.97148836,653.9241374728035,680.5876082618645,0.23593515,548.7994709715946,681.9472883399055,0.26027662,628.01465,679.00183,0.014733195,561.2346,693.0229,0.01628548
184.0,607.8582048012884,197.34973134499273,0.9927095,623.8608267337153,178.67176989960132,0.9675683,601.7478575033554,181.9926180182129,0.9827112,640.0408940516497,200.60605114483207,0.7143605,575.6596681350215,201.86309062016312,0.8998715,674.6231269026385,303.1622468886379,0.99573696,529.9052018291671,297.0783065315995,0.99727607,699.0435580288365,417.2293067135849,0.96233916,507.8482567604694,403.8008308209664,0.9796529,704.879400955201,509.3845024574338,0.8910792,509.3211917788741,514.1698054640167,0.93229616,650.8843197113987,531.7725714418218,0.9695944,556.7982346902088,535.3445178699702,0.9716637,659.9376197196401,672.3901718455377,0.2401186,546.834159971934,680.452415798886,0.2635318,628.4807,679.18286,0.015090078,561.17914,693.5685,0.016623318
185.0,607.0286816234941,197.1618533264203,0.99270564,625.1614174727001,184.02819295676298,0.9678227,594.4711715135841,181.45523637290734,0.9825814,639.9032975848233,194.8599977724201,0.7180667,573.3360904348372,197.89360267905803,0.8980645,678.3117234619187,296.7159068254575,0.9957137,535.759370681798,295.0590395807854,0.997267,696.119521289168,408.84592954847864,0.96222377,508.6808342473652,408.86172169985576,0.9795886,698.0866105201022,513.4956851894365,0.89122236,506.3272895899555,512.5567363096927,0.9321666,651.4132616328515,532.6789340325039,0.96928966,557.343589943217,536.6762236746781,0.9714068,653.9540109363577,667.8274729741119,0.237315,548.4387194736119,683.3559734254778,0.260756,627.72766,679.0642,0.014820516,561.22595,693.83075,0.01634866
186.0,613.138557772073,196.29155695055277,0.99265754,625.0909129868055,180.01205515320044,0.96780384,595.6286476647373,180.9294466560749,0.98241615,642.7711066017464,193.98444638061304,0.71995467,575.3640246987017,195.95993238356422,0.8969947,673.856474701035,297.4917945121441,0.99568444,537.8575399090039,298.496250628239,0.997251,693.8800449055813,417.91633543144286,0.96195006,507.01899773216604,401.021458887296,0.979456,701.9182955721374,515.8797193197846,0.8905283,510.55685967324325,513.3435735662104,0.9316873,648.4137943781411,533.9126175606342,0.96879196,556.3169645917662,534.2061332967415,0.9709767,653.2774925638524,680.3057675165142,0.23322973,545.9039011296052,678.0487009325883,0.25663143,627.22876,678.76086,0.014498621,561.52295,693.3678,0.016017139
187.0,612.0267194023209,193.91895862516924,0.9926393,623.0470455061387,179.40209432495166,0.9680027,597.0682426074942,185.76070903285114,0.9822521,643.346012258277,194.73641169885803,0.7232982,577.5220844725885,195.9437251558527,0.8952836,670.9853373384933,291.76924364187386,0.9956825,542.3133784774483,289.7404592557226,0.99723756,698.9333122896829,420.305568055551,0.9620253,504.03804087175376,404.64773381145636,0.97933507,699.5256833341954,507.47279776106234,0.8910049,507.9114781407819,510.7491907526809,0.93146014,646.6054535467707,533.4105467148107,0.96892947,554.4797267188982,533.1522096672135,0.9710451,659.5577456103298,666.7914792806409,0.23539439,549.2251587949258,678.2181634523895,0.25849676,627.27075,678.8607,0.014698088,561.25903,693.35583,0.016223848
188.0,611.0532010135512,193.1616197602508,0.99266547,627.0910364047136,188.8332521654451,0.96802676,598.6990295307519,177.76736527077858,0.9823499,642.404935445354,199.74156720591566,0.7222846,573.5609904130735,202.03982424615174,0.8959775,671.7805207711667,299.7086611670535,0.9957162,533.7633191891903,291.7559669009341,0.99724996,696.8165601071514,412.2936416319323,0.962332,509.89946289021754,405.79661554482334,0.9794421,702.1124864975085,513.2321123236579,0.89184767,509.1414616838992,509.20601655993516,0.9319937,648.9558384442673,532.0001917118473,0.96972287,556.1238141911111,532.6517006226322,0.97172713,657.9469614695762,672.4514388096252,0.24223506,544.0756638405261,677.6168343668347,0.26558086,628.8095,680.57227,0.015203983,562.2754,695.077,0.016770273
189.0,605.673685288864,194.01971253078125,0.99265313,623.401002094684,182.9371592631499,0.96799254,597.5754971548146,183.56115017918174,0.9823127,641.6221416890825,201.21829190125715,0.7222055,576.4471040232029,198.49234601003724,0.89553773,675.6014748475075,297.92096963132724,0.9956659,534.4337426455199,294.27975070946565,0.9972319,695.825070931856,414.6501830628454,0.9620242,502.99341150577226,404.8956273249226,0.9793994,694.6862407209455,515.6343403482002,0.8910717,510.6771367029503,512.3724362306649,0.9317765,645.5670866117337,531.1547878881286,0.96887314,556.1924764274667,538.8101737258445,0.9710127,654.0482653867286,676.7575615449016,0.23350716,552.3706831970786,682.730770867477,0.25676996,628.04785,679.21204,0.014477134,561.6945,693.84985,0.015993476
190.0,610.113662321745,193.71300877234256,0.9926418,618.3160854549956,177.32598447610906,0.9679618,590.9463261331703,182.93108483106602,0.9823142,639.3037254915934,194.7339452356252,0.7217988,574.203510222079,193.98706614702627,0.8955482,671.4049653980068,294.08484646734706,0.99565107,537.8663956367845,296.16761857243836,0.99721456,690.4210296503561,414.9249772908989,0.96199334,507.5892723387225,407.49493895018975,0.9793283,704.6830945946427,509.3493059915947,0.8911254,512.1504828448852,513.422539533655,0.9316819,648.8810682557227,532.8030746538102,0.9688643,555.7551685971642,538.7849809408807,0.97097063,657.258489172776,672.629813868683,0.23396403,540.7317339728836,675.3843756587872,0.25717604,629.02155,679.2396,0.014516354,561.7296,694.3209,0.016032577
191.0,607.7693626411907,191.62160955199408,0.99264276,622.4666317905011,182.85831158427155,0.9681252,593.8753147709203,185.33805160804863,0.98217744,637.0264273337485,199.70095908264898,0.72555727,571.5023821821677,196.5811809156735,0.8943263,664.0677746296064,292.0709629482623,0.99570835,539.2218903322207,295.2321756293587,0.99725866,697.8682536591612,417.4922756717871,0.96238077,507.35813562232,399.7837138097217,0.97958946,700.1781215398512,508.4989541449348,0.89201933,512.3911531543525,515.8002824605383,0.93224335,646.9117641412059,533.132279339337,0.96976066,558.3677211982198,537.0239878999244,0.9718444,659.955283689222,676.2236453288166,0.24105942,543.4237615127748,675.5034581071407,0.26502708,628.56775,680.44086,0.015017897,562.40027,695.2483,0.01662013
192.0,604.4385046358126,192.83540111028728,0.9926418,623.0467335848562,183.26449216232234,0.9681431,594.2723534601522,185.35909106094485,0.9821589,640.5747797440914,202.12775536467058,0.7256741,572.3343053954148,198.87100406534663,0.8944801,670.2163247005698,296.1963692578997,0.99574435,532.1212733417356,294.5261050214393,0.99725765,695.2172377707161,414.21471562886614,0.9626024,506.20178634088853,401.9915021968615,0.97951424,699.3065173628735,514.1044786227939,0.8920959,505.70342261594266,510.65446199398804,0.9319459,646.366374550783,532.5364138229827,0.9702816,558.7931270778511,536.3898574399857,0.97223085,651.0092595614902,676.706910061775,0.24708885,553.2603634361249,673.6461019639178,0.27055597,628.1702,681.68097,0.015521795,562.14276,696.0083,0.017121255
193.0,608.4313091742384,199.3131107541535,0.9926533,629.3255499119688,179.3401160584349,0.9685205,590.9588237357505,183.4383129792541,0.982028,644.7381305507982,193.39530701810696,0.7296817,572.519658789876,193.20862524075054,0.8926879,679.8658524891439,299.47688794620535,0.9957551,538.7093086304068,293.70570466355866,0.99723303,696.7160826161337,407.98487881378077,0.9626371,507.97335990066404,404.2636769279222,0.9791757,704.2995051967517,507.9503871617284,0.89186996,503.6269818492878,515.4864663651789,0.93085897,651.884514465346,531.5116944980908,0.97022486,557.6468450027309,532.9317233849076,0.9720302,658.9365090093753,671.6795817117471,0.2476213,545.5827313268871,678.6473635102192,0.27006298,627.499,681.07227,0.015615672,561.9934,695.77386,0.017169207
194.0,610.871472058114,195.43374169294583,0.99266773,622.530810499958,181.70246328433333,0.9689151,597.3452191078333,181.33093642881877,0.9819224,638.8182167457162,196.79468320119622,0.733456,574.7538445642224,197.25052658475192,0.89103174,669.7672532836834,299.5958760965605,0.9957596,531.3441790723592,295.3082280246797,0.9972005,695.9662403878762,414.2316938294877,0.9625075,506.4450353714393,402.3086308480071,0.97873163,702.400841519525,511.76919214630755,0.89128196,513.2490366210425,516.4204846241427,0.92951715,654.229916063728,528.5604344369318,0.96991783,551.0764644028272,532.4705296727606,0.971596,653.508396517205,673.0605506814062,0.24666625,551.5082859483234,675.5349916722689,0.2678557,626.0762,681.36206,0.015569508,561.8271,695.7758,0.017054677
195.0,608.4600311468319,195.9805038548208,0.99272156,621.0669466766099,182.24491456549063,0.9692936,598.237345023936,186.5259173671835,0.9819517,638.8970694622122,192.3501474390391,0.73527205,571.4105907646408,197.51429040031525,0.89012814,671.026033629494,300.417066141837,0.9957942,535.9014394511264,288.90112902488096,0.9971844,700.0025032897976,408.11745995281467,0.9628299,511.3047932199029,401.82060428827407,0.97850883,702.4891273209784,508.38166411324215,0.89238465,507.2951062366509,514.6130828279709,0.9292525,653.0415060186018,532.2989889676387,0.9705503,557.0130190837302,527.1030392785235,0.97200215,656.106600838442,677.930329823692,0.25388867,546.8834215791591,675.1018211876649,0.27401894,626.47296,682.29834,0.016212732,561.4921,696.0819,0.017680079
196.0,608.0615669656847,193.8275149769282,0.9926815,623.9679262063867,180.5717241035742,0.9694772,596.2679281090568,178.93911819707347,0.98176956,636.4080441049271,201.3348370974086,0.73887664,582.3047651561109,198.18544042976833,0.88858706,671.7536744219359,293.24502814767203,0.9958055,537.5969154495169,294.39313309662276,0.99715686,696.0740593277004,418.5772022713189,0.96275604,506.8184899014529,404.2531672098653,0.97809017,700.7813311171492,512.541483690475,0.89200324,509.984447622091,517.5896472376828,0.92807525,649.777308034559,524.8343763706916,0.9706434,557.8479093832026,534.232277774616,0.97194225,654.5109853329185,672.9908335484218,0.25794655,549.7995771682283,680.1753199120337,0.27722174,625.9245,682.85583,0.016634911,561.937,697.25684,0.018082798
197.0,605.9051688616125,192.4204214358785,0.99268454,621.3032096123393,180.6783985336125,0.9692354,592.5475489793315,179.06141935326798,0.9818617,641.404588225791,196.3897745487905,0.73619556,571.3008696893681,195.2750254930269,0.8899801,670.1590017796398,294.69157431346264,0.99579537,534.9148532292822,291.2934341529544,0.997177,694.5878747032399,417.49870231393777,0.9626802,511.35332839224486,397.26846692546235,0.9783238,698.6752992523108,506.96012581014344,0.89182246,505.2402020014386,509.22150328220636,0.9286123,647.6239603791687,529.8124176065367,0.9703906,558.8519731614183,536.2713767863756,0.97181827,656.5541843195267,670.5827449741853,0.2537086,537.7971707438486,676.1843375941274,0.2735053,625.6327,682.0952,0.016231716,561.9439,696.2843,0.017678976
198.0,609.0198939444297,188.98979933987204,0.9926698,623.6755341884149,180.4140858089362,0.96900207,591.9064441862992,181.8659086792056,0.9819013,642.8509708240042,200.1004206589387,0.7338763,571.1355959267321,199.17404947949382,0.8902988,672.4102602103926,292.4470932294209,0.9957423,536.3583680606973,294.7295823193963,0.99717236,698.3959017695241,413.9497216465424,0.9624203,510.4748729035998,401.03711369828113,0.97850895,698.1963815309189,511.9688776490531,0.89179444,507.3765045834928,507.6346845921879,0.92925173,649.6193372211981,526.1443501579805,0.96974087,560.9261440430339,531.8611417798764,0.9713534,655.5416588873982,672.4650849912255,0.24657637,550.0512855118168,675.9019188463507,0.26707757,624.99835,680.6768,0.015621752,560.8219,695.2031,0.017070204
199.0,608.9870092113154,196.93846124527101,0.99263906,621.6033893503803,183.11159713871072,0.96862346,599.7021230374023,177.1381000565936,0.9819395,640.8088471555144,199.48567824146414,0.7308563,579.1875283099808,199.72145432541726,0.8914049,672.275346000474,294.56807647694615,0.99570346,537.7280650749356,290.9342038599338,0.9971827,693.0883079778548,412.06724722472,0.9621277,508.96690602801084,398.9732982879876,0.97873175,698.0135430953247,507.4313395458468,0.8915626,510.2351029541773,516.148553427323,0.93002766,646.9206677817642,530.5784765076781,0.96917665,564.6847563148798,534.8408504201293,0.9709947,648.9668281797648,672.4328329082064,0.24056268,549.46405702952,679.3755826836739,0.262056,625.1632,680.0125,0.015075445,561.73114,694.702,0.016545326
200.0,607.5018295606922,194.76013609811517,0.9926623,622.7588329543717,184.6119303905185,0.9685211,592.0864832292658,179.52025057543904,0.9820337,645.5210908985484,199.32270528888895,0.7289558,569.7846335491033,197.73484007186124,0.89208466,669.0745950684139,296.6920705448829,0.9956802,530.0895466947608,294.8853093205759,0.9971973,700.9199893832844,412.25482043086095,0.9620274,501.43049535840794,399.8492525614593,0.97896266,698.2498186779848,503.5372680430475,0.89146423,504.21151923776927,519.3681060132836,0.9306055,648.253929997112,535.4957991076081,0.9687114,558.7848732417757,533.2759770582206,0.9706921,655.9371926703028,674.0390167447058,0.23450848,547.4317991396389,682.92259711836,0.25655705,625.1142,678.74915,0.014544606,561.5022,693.534,0.016009599
201.0,606.7090540155509,188.92974232090984,0.9926775,617.5964663036381,175.57552106877776,0.9684607,594.8562836754314,177.5650669648065,0.9820732,641.7707782176699,194.02118623566477,0.7283477,564.1013437446798,194.25908674036535,0.89218086,667.0590064191556,297.0565242850794,0.99565923,535.0855949066203,292.22832078134445,0.99722356,697.3769179148186,412.65438913542215,0.9619445,510.2248765748593,402.55390468966425,0.979287,696.2516681282315,506.37278729904324,0.89156365,502.45038496345194,516.8404975290993,0.9315301,652.0688000294789,530.6010847253563,0.96839666,552.1429006766355,533.3475723456596,0.9705895,654.489438355871,668.8311943028309,0.23008174,551.8327532649577,679.9191829642647,0.2532705,625.90326,677.4452,0.014151484,562.2628,692.53845,0.01566109
202.0,612.2924552874648,195.15722686302556,0.99263823,623.0946487232559,183.08859741842545,0.9683633,588.4798877312867,183.97738634555677,0.98200834,640.3233774298046,198.33534908234157,0.72854674,569.4856122678196,192.95795093524873,0.8919424,672.7256520425269,292.05350324608065,0.99563646,538.5493429098483,289.42715052182115,0.99720895,694.0715388948262,408.8870702275023,0.96174157,502.545925008107,406.2850035593304,0.9791908,698.8624542964126,507.02470929141003,0.890839,506.0205813293603,511.35699492369395,0.9311446,647.5727756529323,534.3908073139189,0.96798205,557.1616116694609,532.8308851899058,0.9702169,652.3060963872533,676.6349329177351,0.22664908,548.3681977916881,680.5788076003719,0.2497876,625.70996,677.0825,0.013904154,562.2745,692.26776,0.0153988
203.0,608.0540057197763,193.84522340858769,0.99259716,618.8531655854838,177.61241664586564,0.9675883,594.9130651191123,177.42282130498697,0.9821191,641.6377983826137,199.30087269487075,0.72223955,575.7507228011369,201.32513269771556,0.8951759,666.6172024020419,288.584514040806,0.9956782,531.2270398732509,287.11626326774706,0.9972652,694.4509713493543,408.95205036107467,0.9616145,505.8510700938143,404.45328274105344,0.97947884,694.9720160763989,511.9070869941199,0.8897135,504.7793646269747,509.21364568115223,0.9313264,650.3932791777544,534.120845967006,0.96778595,553.5357651715336,524.248936608905,0.97017485,650.5052181884209,670.1484838852508,0.2249822,541.0752508983971,683.4698450745198,0.24878404,622.9496,676.23694,0.013787538,563.40094,691.26465,0.015286177
204.0,612.0869212917665,194.42314514222042,0.99256516,623.3664685592573,184.97642624559126,0.9674368,588.2314914899677,178.00942372198847,0.9820373,641.5166960641702,194.73736288975797,0.7220748,574.4620612379446,195.88981871585187,0.8950456,671.2033316765053,295.7132523723566,0.9956701,534.9078501457359,295.12064734170343,0.9972751,694.6818096179983,416.70244161081297,0.9615398,506.50983127779494,406.48346050731425,0.9795495,699.9601177292443,503.01508788101415,0.88928366,509.48449296874554,516.9724306144758,0.93136394,648.5696615276876,532.9704902978501,0.9676565,554.6304799004746,528.3581618620112,0.9701196,654.371432902352,674.8349882217154,0.22328445,550.2922391048255,679.8041923275648,0.24746737,622.91144,675.72815,0.013623953,564.12463,691.38635,0.015130967
205.0,612.0749539156105,197.42386510094622,0.99258083,619.0979253273726,177.8565797669513,0.96720904,597.7684739684441,177.01580502740728,0.98218334,644.3205623720823,195.64641280305543,0.718716,570.3189042327062,199.98920274863792,0.8965529,670.6994523449586,295.1145632288737,0.9956753,538.2895496076959,299.30166295950136,0.9972965,694.912947167146,409.5538384855584,0.9615438,508.69605265282235,407.2920291577167,0.9797741,693.5153488934559,514.6265947223947,0.88972104,508.3086494002647,513.1050704332644,0.9322708,646.3484679413718,527.7417569017945,0.96785307,551.9809520462946,532.4948366547409,0.9703917,654.6497793871043,672.6887693832343,0.22642127,549.2812585736038,671.2737312189344,0.2513758,623.1686,675.88086,0.013876051,565.0042,691.3209,0.015430063
206.0,610.8263651417919,192.943580083086,0.99257237,622.2712274425699,180.91218194077425,0.96718085,593.4235851072184,181.59102675686162,0.982138,641.0191370053499,195.9412134161563,0.7189623,571.0821791972072,196.9678920562886,0.8961948,679.303746267054,295.7106367256449,0.9956682,531.136038239936,289.653306520857,0.9973005,697.8752203707481,410.29938586373,0.96153885,504.5918947723125,401.88555915698623,0.9798409,697.5659392189319,515.4650330484219,0.88974917,504.0050064691029,515.3069238550985,0.932425,650.2545246886112,530.1999848512037,0.9677417,555.6219692013253,532.8802939271969,0.9703342,648.528486251116,666.9460218310124,0.22494996,544.4972762508588,678.8554387732261,0.25007287,623.1706,675.5879,0.013748914,564.9429,690.7894,0.015309185
207.0,607.9718374753263,194.1467970198724,0.9925971,625.437406753822,180.905783728672,0.9672439,592.7372160695545,181.30113496823944,0.9822484,641.3809978474367,193.7299398069013,0.7177249,565.0490924515072,204.2185165021732,0.8965041,675.4304307975177,294.89488674330636,0.9956334,535.1948666900049,292.0983427275045,0.997278,699.0621682115944,411.1631143449746,0.9613902,511.0599491806333,406.665994308094,0.9797563,695.6890489908745,510.72356681211744,0.88960874,509.42441453408304,512.5565968822384,0.93227494,649.2157536740596,534.422919686651,0.967383,554.4225029469533,530.5036780715865,0.96999633,651.4814875357057,670.3817509600638,0.22155201,551.6740078336279,678.1593823403471,0.24628389,623.3679,675.8566,0.013459891,563.4697,691.26953,0.014975131
208.0,606.7145303043386,197.29762135926381,0.99261487,623.4837946680476,182.0985701877059,0.967304,593.4547288916202,182.34290851174953,0.9823004,638.0450669176696,192.4349659743974,0.71703076,572.1919094474223,195.43527035220322,0.8963963,667.1467018099023,295.80532520059415,0.9956009,527.2879319509841,289.29826778527195,0.99726224,698.9029835181112,414.76994751687175,0.9612835,508.94033240714566,400.5526547661751,0.97973835,697.5060795280609,510.5664496777241,0.89000857,502.00650030460525,512.2253036798787,0.9326341,646.2839845664333,531.4856845205428,0.967017,557.9013139813356,530.6688852438455,0.9696788,652.2967895746688,664.9696680304678,0.21863642,550.7844538143496,671.2644304965912,0.24338236,624.4973,674.61584,0.013241589,564.03723,690.1862,0.0147475
209.0,608.7104005471112,192.69867719244735,0.9926386,623.2193820473902,175.62054609223563,0.96756136,596.3977661992449,181.53138842256502,0.9822377,641.1817970631819,195.62091164922992,0.71967447,571.1989693344366,193.0438420818592,0.89558476,674.2938611438832,296.17127539324713,0.9956621,534.2408752379606,294.33183194408923,0.9972765,695.4749533151999,408.81658245324877,0.9617251,507.2664856101779,411.7027625239484,0.9797083,698.259597625204,512.7594230622901,0.89064765,507.67911804318754,513.6207771453691,0.9324479,649.8167662898641,536.1554642325513,0.96792847,556.7391518423287,534.966233229648,0.9703887,650.8900983676069,670.6700838058831,0.2256141,545.6336984516187,683.8386107276705,0.24996158,624.2102,675.6239,0.013791144,563.89294,690.87,0.015314221
210.0,607.1345491561216,187.1019476790763,0.99259067,620.5241310407353,183.54316270599494,0.9679053,591.9025913615271,179.02811231909206,0.9819857,637.2016932254562,196.06432239879516,0.7244208,571.0013798374669,194.39172986878285,0.8923315,677.2010399439786,293.4255617086277,0.995566,534.9935882204518,288.93245455401615,0.99719054,694.4164807302133,411.5878700325927,0.9611814,506.36413329345066,401.43176403814044,0.9790478,698.8208061885689,512.9476667258896,0.8901732,510.621627215251,508.1743423518137,0.9309896,649.82110741885,533.3120004606358,0.96674126,553.705702069171,535.7948868122592,0.969137,653.3060068673017,668.0081751508649,0.21830177,547.4379016690417,676.7881170339298,0.24127236,623.4736,673.9956,0.0132837,563.1335,690.5222,0.014712036
211.0,602.3986604343087,192.9215282351131,0.99260145,619.4156967331235,176.68412658572578,0.9678687,591.5567529430542,177.6673923775865,0.98202777,643.7440578729049,196.4081342067345,0.72372025,570.267607184175,191.00540279767023,0.89275205,673.7711969281597,296.6465840945528,0.99557996,531.7548452789342,293.12576570619683,0.9971964,696.8356863588821,409.4166793112541,0.96117413,510.23182693140853,401.6612553647108,0.979059,700.5742612342859,507.2260118177395,0.8903333,508.03850736512186,514.1581775391066,0.9311867,648.228068792833,528.247510005408,0.96683186,554.8711670192396,536.1356022784969,0.9692119,651.2827676589998,676.6421006387195,0.21962145,554.4353655924554,674.5476931905705,0.24276766,623.74884,674.46533,0.013379365,564.3805,690.3785,0.014823377
212.0,610.4744368893631,199.16248359610162,0.9925806,625.4562562596952,178.71771130541916,0.96780807,588.3414713234456,180.05631935525557,0.98198664,646.8372142514351,193.37284923699337,0.723493,574.8977100176576,192.10949387195456,0.8923004,672.6027952595497,289.1287012635655,0.99553895,536.871616194669,289.9494035869667,0.99717855,697.6901763083512,412.49628048504627,0.96098584,512.0083200734832,401.70308683547995,0.97901905,703.349731566625,504.28937336090104,0.8904723,505.30841569323167,513.9767069067369,0.9313191,646.8079417053523,534.0584708202053,0.9664397,550.8078617057859,535.0418548474959,0.9688822,661.1012924078616,669.1619831447562,0.21718869,547.9137708062025,676.9736991949694,0.24045244,624.25946,673.69824,0.013208449,564.6492,689.7196,0.014652908
213.0,602.1917179739169,195.41191070559185,0.9925837,621.5058730020609,184.91373586943521,0.9680331,587.3607614237259,179.36247086440235,0.9819368,643.1577587063322,199.03586163410955,0.7253453,578.4488938964739,202.06394262145682,0.89141834,672.2951343819392,292.91304195741407,0.9955355,533.0060273092464,287.06974286983143,0.99714506,693.1966954960639,411.8259513858108,0.9609569,507.87502001895035,402.9717113466971,0.9786885,699.0105389006967,507.7465733735673,0.8903104,505.08368681667173,509.4479350055401,0.9304791,646.857611170393,534.6505169015917,0.96636665,555.4111226491488,537.850464165467,0.96865726,656.5556872364708,671.5608565556093,0.21787634,552.4821942734748,675.8151188590099,0.24027309,624.3257,674.10406,0.013297468,564.60156,689.96204,0.014705718
214.0,605.7577083893553,197.889927762832,0.9926086,624.3321535278202,175.14402047022602,0.9679674,593.9858705095755,180.79366385700578,0.98207104,646.5000871586633,193.80958360624476,0.72389966,571.181303158609,196.23147160812485,0.89287925,673.3558906814388,294.85894228722395,0.99561036,528.8971332211169,294.1228218821923,0.99717814,702.1641216073797,409.69137655823613,0.96133626,505.39175417075717,403.59257970288076,0.9788455,702.4995623115335,510.5947425157182,0.89082146,509.4814021657721,511.61614531756396,0.93077576,650.4728917482554,529.9433662629409,0.96749115,551.3154643280163,534.7527494321557,0.96964777,650.2543868196868,674.4901270466738,0.22688401,553.5102263207717,677.8748602994675,0.24937579,623.0732,676.2958,0.013978034,563.5893,691.6481,0.015417457
215.0,605.8940413387601,194.59081702838472,0.99261,620.5119087695241,180.68006194020998,0.9680166,599.46526345808,172.85322663222846,0.982018,637.5428616337339,196.28857328620663,0.7253973,575.8172649421044,194.3844798336733,0.8925379,670.0965352305959,294.8600051389848,0.9956529,531.0330766039348,292.51775013895843,0.99719715,696.1147605546123,410.0879680829165,0.96159816,503.05790129591236,403.290045373666,0.9789361,697.4772895922281,512.6276880994325,0.89098406,506.61931675742267,512.2347933662548,0.9307785,641.9909891012031,532.3193733669727,0.96806765,549.0901635650725,534.3946899000526,0.97015905,654.7018783062578,673.5381817398043,0.23094451,548.8240705834916,676.899691722244,0.2534917,622.3559,677.35803,0.014276832,563.01215,692.5851,0.015734434
216.0,607.1793013149902,196.45830439695303,0.99265236,620.718585407602,178.26427600488748,0.96847725,591.5304001706518,181.91105390798464,0.98200864,639.8145005910194,199.35498546819147,0.7283563,574.2291492382715,197.36149691295284,0.8915419,673.9267010450259,297.7264440620236,0.99568796,532.498754514607,287.7600984510078,0.9971702,701.2875731352702,406.61899846642814,0.9618453,504.8927773637412,404.8357860808236,0.97855234,698.3604764846801,507.9183716909036,0.89125156,510.99124441101867,514.0082776227836,0.92973447,646.1751165383422,536.1932841215962,0.9685292,551.3386490260805,536.3338707122372,0.9703449,648.8073473663354,671.8676254765603,0.23611021,552.6578147553911,675.4690902756126,0.25722525,622.13654,678.74854,0.014707983,562.56976,693.6271,0.016113639
217.0,611.3002784881041,191.71753531887663,0.9926009,619.4403242635653,182.39674148353407,0.968246,597.6862684215438,182.6307663209858,0.9819138,642.3504412259363,199.36965163604478,0.7277949,570.9839692252588,197.653613491907,0.89135325,675.9544918794614,296.2243873326971,0.9956423,533.6978502511263,290.4212920633495,0.9971632,694.2821447709475,411.53969911006607,0.96145594,509.1430821838041,402.2460015310802,0.9785414,689.829140399994,512.5078155291583,0.8905139,508.9694222078148,510.78788927182694,0.92963374,641.9024951026372,536.3964707300203,0.9677879,552.1217917763386,529.4018320935087,0.9697632,649.6673599360272,673.9632458352138,0.23031703,551.8291983611464,681.1500078380384,0.25188226,621.7081,677.75073,0.014238328,562.8551,693.43225,0.015642613
218.0,602.97598750725,195.56151634028387,0.9925947,617.5804772450537,181.84427172030792,0.9679847,591.7885568962882,179.43504625924385,0.9819827,639.0863274385962,196.228222312858,0.7249463,572.0814101521405,189.06557138051846,0.8923547,673.7190487908383,294.8509500701834,0.99560905,529.7781470158294,290.8300991354861,0.9971725,693.4106499230337,410.1210165510173,0.96121776,511.99077401690215,404.5772783188639,0.97873676,702.8962782965857,504.47351500970365,0.89028317,504.80991938560953,505.9658289338545,0.9303225,647.6645822618148,533.5952721209618,0.9672329,555.3228947043413,532.0600947106735,0.96939605,656.0772227395324,671.6109423649498,0.22567981,543.9037899400535,675.9053730077835,0.24804547,622.7867,676.225,0.013887286,564.1665,691.4309,0.015318751
219.0,602.6084042093934,187.7501765304212,0.99260163,620.3384387170837,177.42772105004812,0.9679842,592.3322399771768,182.292134022597,0.9820345,638.5266218263004,196.1165964505853,0.7242926,568.8720511367867,199.71732392483332,0.8924328,674.0814693917748,292.00410629405843,0.99558485,531.6456477912353,292.3955519773379,0.9971645,694.9979079359538,409.7379656090348,0.96113634,507.1149775385902,400.2952669990405,0.9787915,697.753006661831,511.5494980680143,0.89037246,501.1546490596227,518.9665778345454,0.9305419,648.6206818882796,537.9078023387118,0.96703756,560.512390083899,528.8203633851231,0.96925735,651.5905098730708,674.5647421742842,0.2236472,552.3681489611395,674.9903158747849,0.24619794,623.08105,676.5855,0.013701022,563.57623,691.7804,0.015130788
220.0,607.9302771913548,191.09930663615333,0.9925895,617.8613424525981,177.97620470898715,0.9680465,593.8851457359392,182.9759088933928,0.982003,643.7130707652567,195.28380060380908,0.72461915,567.8755841397904,191.35896169037713,0.892046,677.0871278793004,294.7419781686167,0.99555516,535.3199741032485,293.28847250491935,0.9971354,692.9297052211289,411.42090258322554,0.9608642,507.7037435412467,401.92245454361904,0.97852564,702.9996810245743,511.31266620377806,0.88998276,506.3805228841453,511.35718317744636,0.93000454,645.9430168194355,531.7194065308295,0.9665263,553.2112671603822,530.7780368503536,0.96873426,654.2212885478192,668.5910009483991,0.22066483,549.5084874163794,678.313721771866,0.24270147,622.7216,675.995,0.013492763,563.83826,691.47034,0.014883369
221.0,607.6139519507697,193.9985917821004,0.9926115,618.5479065444498,177.11439502973823,0.9680749,593.7749053292889,181.80442883779324,0.98208106,646.5989541314399,191.79864424105617,0.723994,577.1402905404577,191.14777614605268,0.89290136,671.9110475349249,294.56498248142066,0.99559885,534.8751288731776,291.43269243084654,0.9971428,697.4955462459778,407.1769728005655,0.96100974,507.2691054246836,404.1927658784235,0.9784466,700.8411332372958,505.8048435745827,0.88998437,510.658748952739,506.76178549228274,0.92972565,649.589000531153,532.4865294427171,0.9669378,555.8021760315188,536.3157581216137,0.9690172,655.1134466873978,669.0266884804465,0.22466052,544.7317251390256,678.1461363312701,0.24634412,622.06915,677.00916,0.013822794,564.59875,692.25775,0.015205383
222.0,604.1302823342888,193.3077596532274,0.9926145,614.5238036607051,179.1230054055628,0.9683243,587.5259108346465,176.84728210900346,0.9819662,644.6496731826279,191.57203728594868,0.72712296,573.018332516326,194.44110441673956,0.8915092,670.5192877941186,293.46757457443493,0.99561036,541.067410838716,291.4993046264554,0.9971384,696.4864566000294,413.5795327684975,0.9611185,508.74109109607156,405.5400110384306,0.9783424,696.3200623982601,508.4643593470414,0.88992417,503.0289191424746,513.8049173869731,0.92932236,646.0153204573124,531.2952983487583,0.96712387,555.029570385677,535.7490061999632,0.96913373,650.0873667483468,671.4695519611654,0.22542149,549.6261654537846,680.2031789974574,0.2467567,621.71655,677.4625,0.013877481,564.14667,692.74945,0.015251517
223.0,612.3297355697351,192.7190753286271,0.9926232,623.835936900477,174.97535245308373,0.96829146,597.5481757215024,175.15375027822853,0.9819825,644.0377383122685,194.22855730202292,0.7278569,573.1334444202495,192.69586744547294,0.89271146,673.1858391681875,295.58174151193543,0.9957396,534.9290668180278,291.8632557322606,0.99719894,694.9632325318544,413.9265007848482,0.96170586,509.37395023652715,401.64063301996646,0.97846365,706.4223988854985,509.7327295865522,0.89020616,511.14800571029934,511.43855984995605,0.9291308,650.5988335905477,537.2208645628712,0.9686779,556.7712222740838,536.1593469732327,0.97046566,647.2457763594538,672.6817902875152,0.23768371,548.9193624626913,678.9512539443473,0.2590453,620.85345,680.2936,0.0147998035,565.9075,695.95966,0.016216338
224.0,607.0651001723162,194.93420228205582,0.99260443,621.2040513789489,179.53822616306965,0.96839035,589.506099504491,174.8861967842132,0.9818866,647.573412764662,198.37488317047075,0.7298428,567.567117740334,197.82416548379817,0.891734,679.0574398411784,297.5335701307463,0.995727,538.8199322576644,295.7984852732601,0.99718535,696.2164500948087,413.76909909164135,0.96153605,508.55853302636126,402.523425950415,0.97832096,701.2931856892563,509.6265371297316,0.8899298,507.7367369243799,513.2791497173873,0.92880225,655.1984410289515,530.1533608979669,0.9684639,551.861343002015,531.0293587242302,0.97025585,653.9924676796469,673.3254273361341,0.23705581,550.863759035701,681.5559216990604,0.25842282,620.70795,680.3003,0.014768988,566.1035,696.0789,0.016190827
225.0,606.1692225456194,190.95249870700786,0.99263495,620.8564041143158,180.24216941049553,0.96832424,595.863988924084,182.21010159852494,0.98201466,641.8091804729432,192.29501668498452,0.7276228,570.0695058523575,193.26226855597918,0.89261436,671.5601264886628,290.9251507653517,0.9957441,532.635293956462,293.49479221226136,0.9972058,696.2370742962032,405.97176403841604,0.9618053,514.0410031139711,409.71288463237033,0.9785452,696.3056612807239,512.7994411308337,0.8910871,510.2845102174532,503.7614691058694,0.9297625,652.6790195797589,527.8880774592136,0.9690335,563.2477633807626,532.9355088693709,0.97080624,653.052688411902,675.413379007159,0.24170515,552.5027869967089,679.811615419578,0.26350176,621.9261,680.70215,0.015129894,567.01196,696.41174,0.016594887
226.0,612.5734094439632,190.79158756199647,0.99262893,618.3071922303889,184.80087157173395,0.96848166,594.0766280741304,184.06002855941074,0.98194075,645.9557627411775,195.6676484413495,0.72996473,576.0510338519498,197.45739178426038,0.8918611,676.2233618256932,292.2908485957964,0.9957577,531.514938796017,293.62070738359796,0.9971901,698.866952427863,411.4006174060208,0.96187246,507.7664365856584,404.3444860364412,0.9783693,702.7535193602795,507.5925391496074,0.8910731,511.42898561491637,513.9926681736023,0.9292029,651.6486107315942,532.819926227475,0.9691868,552.9822222469113,530.5175852496438,0.9708486,649.3367989436955,675.8322904830193,0.24432135,555.8154916693192,679.3707717392763,0.26566553,622.1124,681.4968,0.015354335,566.8932,696.7367,0.016812235
227.0,606.2836219837367,195.14169621782645,0.9926375,626.9185181622345,183.02364649836215,0.9687344,590.3959899632895,180.85928785365013,0.9818079,641.3878894026883,197.24240537365662,0.73313516,573.5033042940754,193.73608462846437,0.89042056,678.80718633995,299.32817354455244,0.9957733,535.6829971775772,290.63108319347987,0.99719137,692.9999823129682,412.84058013119784,0.9620579,506.3738733201276,398.82336058067784,0.97831285,696.7244769179817,506.11037772093033,0.89151466,504.62810557841357,513.3298417829061,0.9290124,647.7190573141675,527.5779831865194,0.9694025,555.955469322464,530.2549635657538,0.9710035,652.7815929993369,677.014885573739,0.24589488,552.8839173605754,679.7709808979945,0.26681784,622.051,681.2258,0.01549077,566.68396,696.19147,0.01694429
228.0,609.1321532865502,196.30204226077373,0.9926479,619.4707380614018,181.45750721197786,0.96883744,591.3733127666258,183.83677941281218,0.98181975,640.215581758801,192.44055009789497,0.73293924,569.1127487052187,192.07093450211502,0.89041233,674.5305743546514,294.94481121835497,0.99575686,534.4583008297296,295.581995082902,0.99716914,692.6317403995387,414.8588699301305,0.96195805,506.43696026454415,404.31977343854294,0.97810376,700.4476342970154,503.38910142155447,0.8912754,509.0514759899558,507.8860063120106,0.92857075,648.1904968958785,528.4815834339186,0.96909165,553.920074954229,534.9451560862015,0.9706392,653.9462388310881,672.7901898052579,0.24469826,551.6174963695785,683.1639302839844,0.26504153,623.26013,679.80554,0.0154622495,567.42145,694.5151,0.016884804
229.0,609.5128208884252,186.23957097840463,0.9926835,622.7957284535776,181.21950459967732,0.9687548,594.0137899254183,185.26905307640249,0.9819216,640.7893215428284,200.78508530515387,0.7320523,568.7809619801836,199.38691132010135,0.89155614,678.7788348893168,294.83522289304585,0.995856,538.5429014446237,292.4085833850454,0.9972395,695.6128258700636,408.21861188425606,0.9627294,510.8696490310058,401.8463272955208,0.97861975,697.4768401469609,512.0954570945041,0.8931244,513.0845366242489,511.5979006525136,0.92997146,644.7639797728011,528.3828598115387,0.97086954,558.6320803408557,525.9447651835277,0.97232276,656.7479938202974,673.168230493715,0.26080132,551.9928864319132,679.6976873816452,0.28178686,622.5687,682.51794,0.016742826,566.6327,696.63525,0.018261403
230.0,603.765224570032,193.87612433382267,0.9926583,620.3981766203715,182.60276756451293,0.9688525,593.4201818916234,179.5626670639216,0.98176146,641.9038135952238,195.03102738366022,0.734814,570.4641919548445,196.80391428158808,0.89043623,672.423012133661,296.20557265187506,0.9958614,542.2612530870342,286.1077376004415,0.9972415,697.3143120715898,409.9985801961083,0.9627525,505.90829229905523,401.75962721492346,0.9785704,696.6792930677926,503.78879070237923,0.89290094,503.89677262862466,513.3207373090008,0.9296905,653.0630913873204,529.1852377584522,0.9708967,559.1861459651677,528.834162586061,0.972345,647.3627317900838,673.5977254700429,0.2606334,550.970798542806,679.4004288883202,0.28160688,622.78723,682.6875,0.0167194,567.0962,697.0375,0.018247873
231.0,602.099208399299,196.67276365108316,0.99268353,621.9731604860535,180.07978500647053,0.96901643,596.9184073199515,175.7507273136663,0.9817977,640.778389445238,198.9507357875286,0.73505133,571.5209787095229,196.98635264732866,0.88976574,673.533763999286,292.1583225051926,0.9958199,539.3484134382691,296.9220267569311,0.99722147,697.4423966194822,408.7932559388102,0.9626833,506.1068427964392,402.60577860217586,0.9786134,698.274871253864,509.23389991183956,0.8931,509.1387230003481,516.4806789301323,0.9299557,651.76276661839,535.9608404847112,0.9706166,554.081310246989,540.0510938840072,0.9721217,654.8571153754459,668.4997602653292,0.2569065,553.9406926830178,676.3594536075917,0.27810282,624.3189,682.8639,0.016359985,566.61084,697.01404,0.01788941
232.0,610.2208436443744,197.09754763760355,0.9926467,621.5849711371326,176.32612250828552,0.96897733,594.3989959857163,181.85081545908193,0.9816587,637.877742716293,189.7093502570787,0.7360656,571.3954249775825,194.58231366384456,0.8890544,678.4077343205388,294.8621464718983,0.995809,537.9183522105815,298.60242470366757,0.9972062,697.9984109230838,409.1236580311551,0.9625925,510.1309998179634,408.14833839187645,0.97843295,699.4347622736424,503.4353651919653,0.89260143,510.95078886229555,510.5460349137639,0.92931366,648.0489073008305,526.5828779532725,0.9703834,554.7314319453976,534.0209082003497,0.9718497,646.6300615656555,675.8188728102043,0.25326008,553.5254403086713,682.9584600131251,0.2740558,624.5427,681.55975,0.016072124,567.0292,696.43896,0.017566532
233.0,606.333299022339,192.52845541278478,0.9926567,621.7328939825688,178.15177595932985,0.9690609,594.8540258148985,180.53339839457183,0.9816706,641.1517350033927,202.39662116404716,0.7362707,571.8799154380151,194.8777126191,0.88882864,671.5525047813052,286.89199922525194,0.9958204,531.0666220324028,293.07072198626156,0.99720263,697.0930366911562,410.014428581131,0.9627537,513.3192441376251,407.08701680718616,0.9783939,701.4339933049001,509.9540656080583,0.8931812,510.1313284409894,507.9633803389742,0.9293696,650.1782936894568,534.5388107563217,0.97076136,554.9240709836312,524.7180091313661,0.9721495,655.3761637319899,670.1467050419353,0.25727302,552.4186946081925,676.6420352506584,0.2776252,624.0971,683.0928,0.016391695,565.9462,697.66895,0.017876148
234.0,610.0720930833706,191.27261211254006,0.99260145,620.1619965457229,186.43488646335453,0.9686064,596.0387308192279,181.25060949865738,0.98164624,647.6079416594614,193.4375269617914,0.73359466,571.1225713137967,191.73556174346348,0.88947654,672.9270417294761,290.15567889552074,0.99576724,536.707858305136,290.1715362112878,0.9972169,700.0860562380267,408.5461855447378,0.9623396,510.59266078012166,403.29215406243765,0.978694,700.391016137007,504.53233653745303,0.8925112,507.81012313364255,514.0481174702705,0.9301455,646.1671344469638,526.2987641996026,0.96989787,556.573342360796,528.3802398081,0.97158027,651.6683218780915,674.898234365065,0.2475735,554.6655138734336,677.1699053925034,0.26944792,624.1217,681.43384,0.015573084,566.7174,696.3162,0.017102003
235.0,608.1679625941455,195.0172876360436,0.9925778,619.9405715563487,181.23063417407224,0.9685509,592.5007070365701,185.06121756255922,0.98158073,642.5845088628677,195.58804428827364,0.73392594,577.369182238872,197.26284394998524,0.88899446,676.5444842851987,294.0757312080878,0.9957291,535.6578561131415,291.7218756096757,0.9972068,694.3931701204218,412.62791019197914,0.96199846,503.51047632861344,401.90669095244766,0.97863674,699.0716054965137,505.00141552400856,0.89191043,507.69591929404857,511.1089234883193,0.9299787,648.5184545496544,529.8243070134357,0.96924615,556.045098328278,535.8830462086596,0.9710432,655.5485730262421,675.0319681365017,0.24158984,553.6278158908548,683.2291971564629,0.26374978,623.7115,680.5121,0.0150562525,567.04724,696.04895,0.016569883
236.0,608.2837379511185,195.98578406870763,0.9925262,632.0090143590716,173.81554467095037,0.9683706,592.1771576510481,184.81384828697858,0.9815016,647.9816174308119,197.58208500250552,0.7336349,568.384560942762,198.73752766504796,0.8891574,671.4239605632882,298.56914135395,0.995692,536.6832939049834,294.7574188820323,0.99719,701.8356987593951,407.4763849518277,0.961636,510.56954894570976,410.2495780819633,0.97850996,698.3169286426613,510.4314979572047,0.89029986,510.07975139790346,515.879244313466,0.9290471,659.0569028874642,532.187856005373,0.96844053,559.195466838143,534.5212890321966,0.9703445,652.5240956996497,676.0927568576824,0.23355725,550.6289445052579,681.098369363757,0.25540102,622.80084,679.212,0.0144613385,565.94885,694.7175,0.015927583
237.0,611.9662974507128,194.42426746225047,0.9925028,627.8095708569634,182.75321532205345,0.9682922,594.6375073379153,182.1702118050023,0.9814096,638.6875603193185,194.41594557992653,0.7342474,576.8151852482038,200.94204739876974,0.88852954,676.578061385502,294.0269013019247,0.9956709,537.6816151789367,289.5038399857684,0.99720085,700.028861813917,413.397131431044,0.9616224,507.5385042412507,400.3112561304256,0.9787043,700.4900268552441,510.7667601336377,0.89065695,505.45037832345474,507.90993135284884,0.929657,652.0926986648362,529.4460427968454,0.9683756,557.0159987876672,528.9543229032373,0.9703975,655.2273393641353,674.3051076137715,0.23164561,551.4068328073007,684.1423833702943,0.25414363,622.97723,678.84204,0.0142433345,565.5773,695.13904,0.015732259
238.0,604.1535717724258,193.53610356443616,0.9925226,614.8864931161909,179.3295777260039,0.96819925,585.073276951616,182.91763747516595,0.98152626,641.567740443627,191.5945865241458,0.73290706,573.3717511566095,200.99844339813765,0.8899032,678.4670068783622,294.8020981881783,0.99571097,537.7359642885248,291.29403719740196,0.9972269,697.4716874607049,406.4262180933799,0.9617393,504.9463449009925,407.3522900780838,0.9787854,705.1347858545965,509.1367083095345,0.8904469,507.6075283161655,517.8180992165825,0.9296088,649.4881956963767,530.3978119166981,0.9687069,563.5752032679511,532.6138483643693,0.97069687,658.8502793809575,672.1061897695104,0.23458776,551.4782655838263,685.053237894258,0.25710917,622.22455,678.78674,0.014487296,565.1839,695.24493,0.015980273
239.0,611.5576426924533,198.7022918610202,0.9925209,626.0988895429074,177.62251179505108,0.96844363,593.376996271959,175.528317102225,0.98145175,646.9654377588366,193.3315649716056,0.73545873,574.33237631926,195.55988527417384,0.88890994,675.121141425847,295.56041335564333,0.9957148,531.5642143764373,292.82657239820077,0.9971998,703.3415374832872,409.14380770356837,0.9617308,514.0447590366424,401.4567881003365,0.9784875,694.0701212628808,509.9752635751137,0.8902041,510.01421049944463,508.15014330257,0.9287231,651.4307652281129,531.8339625562911,0.9687416,556.4026592265233,529.8204588262296,0.97059727,653.4316083175199,670.8043934363063,0.23641464,547.6460904501506,679.1780639602085,0.25816262,622.29474,679.2958,0.014670789,564.9945,695.61,0.01613754
240.0,610.432353867133,186.37534073919628,0.9925227,625.7486341205499,178.97549911632422,0.9682161,595.7762892806463,181.7452328431574,0.9814101,646.461586743308,189.21621358415194,0.73433626,575.6989684317392,195.8620531752344,0.8886857,680.299232755633,290.45435182778294,0.99566346,536.958300513143,289.47170981350257,0.99724585,703.5330428759495,413.1867367377113,0.9617635,508.67456345115653,403.0500076044332,0.97920686,701.1506584896379,512.6810339811835,0.89046466,511.1264413597446,513.0331648129159,0.93042576,644.8432374352136,534.0815733659566,0.9682702,552.2738219435689,529.1558575128722,0.9705354,657.7651032770841,677.7237187260586,0.227703,549.4946735170333,676.4753846498378,0.25107938,622.9162,676.0748,0.013919234,562.3231,693.21606,0.015431553
241.0,613.6757524046292,192.30120793113858,0.99254036,620.5284693011575,176.574908828035,0.96842164,594.2552625198109,181.38354697258396,0.981393,644.1275126432977,196.06590466389008,0.7360843,574.6331410979545,201.42968569688796,0.88826823,676.7670725283068,292.09968239615245,0.9956926,533.4282524262512,289.4600288566181,0.9972322,687.6093574890361,413.8956731286561,0.9618166,512.8256455776107,401.85286678402764,0.97891784,702.3931454979172,509.40869736580635,0.8902793,511.8113365450399,508.46351384485655,0.9295603,649.8041705700018,536.6848540574383,0.96839345,559.6290357261291,533.509302586052,0.9704895,650.258507221734,672.0216226444378,0.23037127,549.1696269827489,676.1833147632376,0.25287497,622.31696,677.4829,0.014155418,563.10406,693.95404,0.015634626
242.0,610.2473632323472,190.8795808724774,0.9925839,620.6533860174341,176.2189962209058,0.9681728,593.2060224476405,178.6402080323765,0.98167264,638.9953407783009,190.99761120309293,0.73091006,574.0800909985772,197.67758344054383,0.8912823,676.311938270647,292.16920792330257,0.99571073,534.359358909293,298.5236050338937,0.9972542,699.2523654036212,410.10621698503365,0.96193814,508.7722619340919,395.9157547082956,0.9791254,698.105908723074,511.2039674389258,0.89016366,513.4030415085313,516.9487145974218,0.9300935,654.2000872425865,533.0944998072201,0.96859473,556.6699548231646,536.7726255878266,0.9707075,650.2876662787991,672.982497075502,0.2315895,548.1009433968937,680.5339548074743,0.25426266,623.38745,677.87964,0.0142304,563.42175,694.1853,0.015704334
243.0,610.2910002621841,185.94714282242617,0.9925484,620.9106105202923,179.61364993336022,0.96784794,590.4449254918874,179.34383609273056,0.9816419,642.7856026976257,193.72766042082176,0.7291699,576.4246030370181,195.274533986742,0.89219165,676.7794802690984,293.7578455981708,0.9957302,533.5231233165133,289.24469064668483,0.99727523,700.5925755244299,413.9847685889417,0.96196043,504.49536335981713,404.2354142038379,0.9792758,702.5594051216802,513.4334636048388,0.8897982,513.2932055625815,510.5957273853605,0.9303118,647.8829528911191,539.287794881108,0.96871233,557.198620632026,531.5485894881763,0.97087413,656.9410775878167,676.4343091806139,0.23180813,547.9084693894947,676.3592889745435,0.25485438,622.9694,678.41473,0.014227092,563.9168,694.07214,0.015719116
244.0,611.3452941012296,192.67869649447903,0.99255276,632.1344506546046,177.64707655445915,0.96744436,590.9917923016465,184.1428139992626,0.9818667,638.1370630275674,192.6406631669412,0.723752,574.9962819815355,197.31742272828222,0.8951716,673.4732126722952,292.6201489994496,0.9957471,541.9034808958771,289.8510362959412,0.99728835,694.5144676431024,409.9110960260288,0.9618894,512.1870570004909,401.88730334321167,0.9793403,701.87537532592,511.0591114116406,0.889326,515.7705508990747,510.8156416209992,0.93050474,647.9445952211372,533.6925592325991,0.9688332,550.980769808276,534.6734955801821,0.9709906,650.8884196205154,674.5173023538638,0.23380879,551.9680143537606,676.396709935177,0.2569775,622.8578,679.68933,0.014359027,564.7305,695.0742,0.015840769
245.0,613.1117256420123,193.48566556997278,0.99253386,628.4228351500536,181.85642370606303,0.96656233,591.1940721279495,175.73150827400863,0.98206204,642.770233885351,194.04522638377563,0.7155537,575.3983632646282,196.85802407785815,0.8987762,678.8800243261421,300.3069515355039,0.9957547,537.4034516571993,293.9090629734553,0.99736226,702.4115759407546,417.57536989085565,0.9618679,511.22274015926905,405.75874970827874,0.98009074,699.1058996558947,506.40223960688064,0.8891295,510.0776661087887,512.9486545672631,0.9323418,650.6044038192865,529.7312643211824,0.9687972,559.6904092120857,535.8027442281448,0.9712991,650.72321412793,675.121967955559,0.23017815,551.6128555296707,680.2638328367186,0.25525266,622.5363,678.853,0.013973892,565.1269,693.77454,0.015515536
246.0,610.9251896561997,195.8614742316761,0.99253726,630.2375585555583,175.5346904549588,0.9661584,601.7709644285068,175.1768516878826,0.9822382,641.1721153783335,189.78193834454336,0.71088105,577.1813714974166,201.2717043850959,0.9007274,678.7620890454415,296.9399138945946,0.9957572,541.4213091693326,289.4475891967753,0.99738836,698.4057259561334,415.8738471161008,0.96184003,512.3165502348807,402.47444278195445,0.9804026,709.02598245359,512.2270278103443,0.88896465,505.93991833652706,510.2118935320434,0.9331347,648.6045691326663,536.1271510599053,0.9687678,555.4152373928591,530.9089136667319,0.97140586,648.1072600964932,669.1323037273348,0.22875497,550.8499420158781,681.5758850257662,0.2545851,621.7059,678.96454,0.013841271,564.3219,693.4844,0.015399873
247.0,608.0640859807004,189.6530980516259,0.9924932,625.3298677237415,174.96026202634084,0.9656425,601.0847698076706,181.98562487394173,0.98224944,645.6262892370497,191.08542841778416,0.7077388,576.791991507582,194.715308104047,0.9018725,676.3259994630557,292.97752639775155,0.9957433,535.7534832361083,291.71279233551775,0.9974246,701.2102029576517,409.25313626808065,0.9616896,509.7209352245275,406.0572585294017,0.9808121,700.8491280314478,515.9913528462483,0.8889259,511.6459639800108,512.2952112157336,0.9343215,652.3988589686618,530.9483074004289,0.9686418,554.413134202814,529.5157770089066,0.97153485,651.3679914754899,673.0843877779786,0.22680894,548.8473272944046,673.0338462695696,0.25423026,621.76135,678.66895,0.013631165,565.05176,693.4248,0.015255898
248.0,611.7887428000454,188.70958033674515,0.9924616,626.7390981388997,175.90958734362835,0.9651691,596.0084637760554,175.47147320805612,0.98230886,637.4681566919438,193.8885491296977,0.70402,575.1994676122106,189.57265084981714,0.9032304,675.1721281468504,297.30981980989833,0.9957208,538.6672117985108,292.5162890941808,0.9974468,702.899029880125,410.01519607990053,0.9613954,511.49798836282764,404.80382131737656,0.9810242,696.8098304596575,510.71251853863964,0.8884777,508.5205270443685,508.5145974757175,0.93494964,646.7975890702127,526.6023580960881,0.96813846,552.411668122168,534.5061129741721,0.9712541,650.3154042111107,671.2634933000061,0.22275266,551.069735270071,688.3644075683648,0.251162,621.67487,677.00867,0.013331294,566.4454,691.8551,0.014985025
249.0,614.0229782963729,192.3809040726944,0.9924389,622.4859482791999,171.7218991127561,0.96529865,595.5305657581764,174.93454338361482,0.98218596,641.96262554386,188.0976617587301,0.7063322,576.2260818489565,190.06552172856865,0.90219533,679.6941362769622,293.0306548049734,0.99571145,535.4998091923285,290.75236649651555,0.99743176,698.0234108688309,414.963405777774,0.96133006,508.46891506865575,404.05248046016226,0.9808488,697.3510710757886,509.7928921599178,0.88814294,511.05886478706964,513.1774509285933,0.93435717,645.2843603951777,535.6795531685847,0.96795905,559.2005648027252,532.8546179741454,0.9710401,654.925788840658,666.6970737597811,0.22212863,552.8363796973265,676.1774318756899,0.25006032,621.7389,676.73596,0.01331979,566.3263,692.0039,0.014956534
250.0,612.5700402302984,189.46905939946703,0.9924813,624.8339885999545,180.85700766505138,0.9653708,594.9199732671506,175.71617807071047,0.9823804,640.9839417091972,194.79069566725755,0.70422477,579.5369386375678,196.10955697565328,0.9034085,670.8349222222972,291.96973081444617,0.99573785,542.3422434273036,288.1503758325773,0.9974203,696.4218874930657,408.1118988117362,0.9614595,508.71165680935866,407.5808408872748,0.9807093,702.7562924882254,513.9151603628467,0.8885787,513.217060350252,507.71854059591976,0.93423456,650.6252533643379,529.3723606103076,0.9684199,555.1357626147944,524.8475693337732,0.97131926,649.1419997585955,669.9289215329137,0.22765112,556.1010579180863,677.7808155351912,0.25503376,621.65186,678.3903,0.013758421,566.26746,693.0011,0.01538384
251.0,609.2086151762653,189.69239622736447,0.99247897,630.7772106464043,177.43188337986035,0.96569145,593.3111482378351,178.11102828328157,0.9822533,641.5564841804198,194.1710625849303,0.70749897,568.6086769859264,189.0020139320589,0.90208286,682.065784027983,292.4972206539708,0.99575025,539.4914806001033,290.7794581556901,0.99738467,699.3833425330317,409.03171881968973,0.96149606,512.0129806500346,402.9979279255345,0.98026484,700.5209390658821,508.9190991230395,0.888384,506.91876369741385,509.93251925204595,0.9329753,650.0217272152684,527.983846389256,0.9684178,555.6297337779051,531.0130845896947,0.97109336,652.3590514060894,672.5216531868135,0.2287913,549.9268037167725,681.3490890832054,0.25475597,621.47217,679.38306,0.013861895,566.48755,694.05194,0.015423119
252.0,611.3804496691185,194.27559374605613,0.9924929,621.4607089224515,182.60653106691376,0.9658407,596.9550026241069,181.1317294436701,0.9821985,639.961450097647,194.5354016678234,0.7095046,574.6471117802963,195.75887215855153,0.9013293,678.1665501744827,293.7845984677309,0.9957614,542.2774664718258,294.5502897615105,0.9973989,696.197985896028,410.11162552164035,0.96167755,515.1270333147295,402.26139393275577,0.980402,701.8505087770919,509.71477251451574,0.8888232,508.47038378979175,507.82147186435793,0.9332822,650.0981787024724,531.0482226965396,0.9686353,558.4086744384646,538.5964971473137,0.9713288,655.0473944837316,671.9990491183427,0.22956353,555.4821608199572,679.1567576433446,0.25582418,621.5708,678.96594,0.013908744,566.14746,693.93713,0.015493542
253.0,612.9115065917821,190.4984258446311,0.992499,626.0297308049771,180.23473256811468,0.96549547,592.7480636720634,180.98890101572664,0.9823189,637.4247676061296,195.58258214215238,0.70587677,569.8599418739952,192.90995945978312,0.9027641,680.8930924340425,293.2539525193765,0.9957507,538.399089206339,290.3713572372707,0.9974298,699.9949831335911,407.2517030781607,0.96162295,502.48801507651785,398.2642737529691,0.98076475,705.2591828780357,511.1942149236829,0.8887565,505.49698148709507,514.5073546390719,0.9342004,651.3310483893355,530.1584015283789,0.9684561,560.0182864814515,536.3646688173641,0.97134995,651.0358646484526,675.8535364705097,0.22656107,549.9439018247259,671.0558387447932,0.25388008,622.13293,678.0518,0.013633996,566.70386,692.8137,0.015252799
254.0,606.9049545832544,188.21469883034564,0.9925349,623.786445459083,177.98555021482525,0.96598524,602.4381252452788,172.85426178620492,0.9822116,640.9832464486101,195.14956032874008,0.7096538,571.5090214356335,198.5226176372987,0.90132177,676.4230148946078,297.42404542499696,0.99576914,535.385088678795,286.598512236681,0.9973972,698.7393623303473,411.6737593428115,0.96175855,513.9428504827334,401.13811791672725,0.9803505,698.259430122771,514.0466187846267,0.88853157,508.39879048019924,505.642601392294,0.93302125,647.7781483146583,529.381103197993,0.9684619,559.1507575626125,529.2100657450087,0.9711253,645.6609443975066,667.525693903551,0.22723293,552.9370602917055,681.4557264044273,0.25305378,622.7208,677.8688,0.013711065,567.5847,692.43225,0.015261769
255.0,606.6392398753902,189.05800155073223,0.9925717,626.4590804716269,180.7708412622654,0.96603966,594.5147690757617,174.51741155588243,0.9823614,638.9683526570116,196.4853172791133,0.70751727,573.5550257327814,190.39654746696712,0.90188366,675.8612617332773,291.3148381448409,0.9957161,538.0925217625695,289.5954276518999,0.9973754,698.9003270666467,412.169983439014,0.96155226,510.71316029953306,405.0578236521045,0.9803376,700.8689221004454,508.7134335154426,0.888484,508.10782045454005,512.7689478937057,0.9331969,654.0307253929258,528.4116377946341,0.9677967,561.15974906907,527.8986586780123,0.97056043,646.3041663663989,672.3053705684671,0.2211338,553.2899917131549,675.7166131594124,0.24679017,623.8838,677.2002,0.013222188,567.6051,691.64343,0.014733106
256.0,609.8808902203699,191.629950288063,0.99258614,623.1854839508044,180.72430070171544,0.9659035,591.5621172643904,179.8290747613668,0.98246646,642.6137258576955,193.8931169175685,0.70521456,575.0038038053739,188.2805008976272,0.9030687,672.3645491370106,291.9694934104111,0.9957289,540.342093561379,290.3678625242211,0.99738103,703.0994331783807,415.5008706778216,0.9614781,508.54511189495565,400.4891716226868,0.98031574,702.5218238050082,508.7802887268709,0.8882524,511.6444094716976,512.4856827309824,0.93320614,650.3739506808074,534.7964038454254,0.967695,559.7595923188934,524.863918227505,0.97046006,647.4443394387803,673.4880329046017,0.2209388,554.2109023375893,682.3891362587766,0.2465365,623.87604,677.02026,0.0132184625,568.40967,691.1905,0.014719635
257.0,609.9312525640054,194.54158296685765,0.99262774,625.8790497030321,175.76489021767637,0.9661213,597.9088657829267,179.86408327341337,0.982522,645.4200421035904,198.38486919908385,0.70563525,577.5197093512617,189.25259174945978,0.9030545,671.0974896937461,289.23531778368067,0.99573606,537.0884379023965,295.79270675848966,0.99737585,701.988861303862,416.51203103922904,0.9615422,509.5203265375136,399.60413336553273,0.98020184,696.2629079094804,508.84788007931513,0.88808763,509.05460995128243,510.68445579527076,0.93271893,655.0978155297987,532.0462163866496,0.9675579,557.3278102846255,528.9476424833351,0.9702625,654.0743297606475,671.3311288000248,0.218952,553.8760597416762,677.0669377075104,0.24387279,623.97894,676.4071,0.0130726695,568.54016,690.6722,0.014529794
258.0,609.624806556589,188.2900256869499,0.9926264,619.9939793761478,180.0096078366162,0.96617806,601.5462601186046,179.97997089281702,0.9824995,643.5762912873264,190.0958303279102,0.7069909,571.5634155752438,192.00611905409696,0.9029938,678.2130425001836,290.44663361739924,0.9957779,534.7145832202023,293.11781261820187,0.99739337,702.1096317360132,412.99985670287793,0.96175355,508.0238238071059,402.5142714336328,0.9802583,697.7942117588386,507.7188118790153,0.8884549,512.6090896752231,507.4019046443133,0.93285275,652.927663567745,529.6983211541657,0.96818423,556.2066068159249,531.233998494954,0.9708103,656.7633639144265,674.2125202574132,0.22474584,553.7524786347509,673.46085821429,0.24987116,623.2615,677.56354,0.013505191,568.0355,691.63574,0.014996797
259.0,608.7586130353546,191.43418765209924,0.99258196,616.3906166752178,179.1125067329589,0.9661429,598.0348150750464,180.01620304742696,0.9822955,644.0173995441829,194.3946888642277,0.70955133,573.3433089242209,189.27780822097043,0.9018024,673.8843390953501,294.442831350817,0.99577844,534.4357708094076,289.17388977648153,0.9974053,697.0349967051222,413.38573440185957,0.96176636,507.24640918861377,404.23167806331907,0.9803299,702.8815237238601,515.5291033480802,0.8884359,509.9463318829471,508.16917388961326,0.93275213,646.3755343607002,526.1584324731978,0.9682428,558.3518826649416,529.8382158895357,0.97091883,651.4218232592922,673.3960014119864,0.22438675,554.3958009562323,672.1530927457331,0.2497066,622.03467,677.1459,0.013452619,567.8257,690.9442,0.014960349
260.0,609.0812298739628,189.7947115062171,0.9925883,620.026365602521,179.47059945450414,0.9661677,600.7359013706335,174.36680938012861,0.98224413,643.8927772475844,194.20659874700954,0.71107626,572.2094136084255,197.12630948353547,0.9017046,672.7072053474071,286.27927956384974,0.9958626,533.2983817411196,289.61752551492435,0.99744856,697.2884676512831,416.05509535973573,0.9622959,510.7971377413492,399.462713753222,0.9805358,698.9563326827039,505.7655801798779,0.8891895,510.7047909040088,512.5502764605067,0.9330776,650.3586329698369,534.547855717857,0.9693644,555.0582934117077,529.7965815400726,0.9719107,649.8244431319981,667.2133606361202,0.23312366,551.1371619084914,679.7138087130493,0.25873327,620.71844,677.7112,0.01414454,567.4257,691.4302,0.015709192
261.0,613.9700564474184,188.35519654588796,0.9925989,629.2064404810576,179.42143462253065,0.9661697,596.0660302538265,179.68011223310887,0.9822874,644.4719974876444,195.69558346497337,0.7105017,578.4660137264874,188.93195818517785,0.90165484,678.1170832639983,300.3390230730602,0.99582136,536.1588270632577,292.43766917585367,0.99744594,700.9482739023067,407.8823400585967,0.9621114,507.7626746131357,399.58341203679527,0.9806718,701.0947317699726,510.2377951836833,0.8892354,509.0652117432256,511.8094526531836,0.93371415,649.6418861107248,527.5360123281475,0.96891123,562.9756615224865,530.3123914373582,0.9716191,653.0491238690457,670.0214719546271,0.22860378,551.6104825285813,682.4255313752516,0.2549014,622.13904,676.8268,0.01377511,568.117,690.3898,0.015361965
262.0,611.7798260778543,188.01559842876566,0.9926464,624.8506999091618,175.93332896318782,0.96616066,595.0518345138967,171.1299346899802,0.98247266,644.7481302442237,195.0843926031833,0.7080744,579.4663426199396,196.52834159483103,0.90281606,675.2831962815943,299.59094220512117,0.99582326,540.6643067058095,288.7820252283467,0.9974546,693.6535391290369,410.7619780491793,0.96209216,505.5207923621158,404.9442461665968,0.98076427,697.8466028060673,511.04224156330815,0.8894171,504.496360076329,509.36351498606535,0.9339889,650.8803521530855,536.3054969419608,0.968853,552.8217534332362,529.2771138216566,0.9715973,651.8382420968334,670.3200681139964,0.22789025,550.6592588401232,677.0512325723641,0.25426197,622.171,677.49304,0.013676256,568.3417,690.2527,0.015255183
263.0,612.2784298918812,188.2940990030644,0.99266905,625.7134643281827,180.39251051820392,0.9660769,598.327051029089,179.51928008391238,0.98263204,636.494003024359,193.35222484317964,0.7051966,578.3875454796034,193.77231903864242,0.9042293,677.1739151846364,299.10147209481374,0.9958543,537.217359373698,289.2373817876265,0.9974564,696.6579280167751,411.13348276153863,0.96252507,512.3477721226724,399.52221413421216,0.98084044,697.2760671103022,506.1146049805341,0.89017177,515.1625446633019,507.84665014308155,0.93427116,650.959387396798,524.4340052471529,0.96983504,556.11501780294,528.5010327870705,0.97238505,646.675745891174,671.5111144122011,0.23545241,549.804841916353,673.8231921913266,0.26156214,623.3032,678.9977,0.014237493,567.40857,692.40894,0.015818119
264.0,607.3844337797113,187.90380378239723,0.99264455,622.3272975533852,182.35686622158013,0.9661453,596.8536577699432,176.13779850538924,0.9824817,639.4819990980161,196.72957838624725,0.70761484,575.3132859637594,194.7308314970274,0.90312463,671.7673632863715,299.5244449780642,0.99585646,534.8160105302294,291.42588917737754,0.99745,702.760056922479,405.3373063556187,0.96253806,510.6000902196654,398.6482950614641,0.9807378,703.9316129651633,510.90650646332284,0.8898799,507.093970960072,515.3262346362335,0.933807,646.7522812706455,531.4028824701649,0.96978235,553.6743872642187,529.841061853324,0.97229385,652.8460932443865,674.2996311748601,0.23448345,551.6249389325623,677.7731145140042,0.26027167,622.777,678.4557,0.01418668,567.4176,691.91406,0.015753001
265.0,610.9301957726781,194.91724598346323,0.992636,623.3469429758538,175.74568197601556,0.9661141,594.9748222285313,177.36214162195432,0.9825088,636.0405238867287,196.21624846270586,0.707018,577.8016034880097,195.57917447385344,0.90365064,669.0563079669621,292.0873996712201,0.99587506,535.6724850257413,291.44726125749946,0.99743825,696.8598498723902,408.4544412869966,0.96252084,514.1507043637198,391.6847078306687,0.9805281,698.5373748450663,508.430300793021,0.88957155,511.93503546354845,507.44003221005846,0.9332135,651.5757982864624,526.9809702268235,0.96991426,561.7755000180206,529.6402910589611,0.9723021,650.7705749614105,672.2300273897947,0.237706,552.8327443990926,681.3173838635581,0.2629372,622.36194,679.0793,0.014481038,568.05,692.56995,0.016028047
266.0,609.306719018691,190.74966353223653,0.99262047,627.0894330115126,177.7676661578794,0.9661194,599.7276748639645,176.93115899011144,0.9824294,639.4421308472546,197.89516001788607,0.7084165,576.5514498077484,195.1725923309216,0.90307033,674.8396665948441,301.869670662168,0.9958658,532.035309067939,285.08731054953466,0.9974483,695.0536645000744,411.1546609987999,0.96247506,515.272561527567,394.95629894290306,0.9806355,695.5975927958806,506.9644444073189,0.8894161,507.27676306339896,512.0329556786274,0.93341887,654.4110637849049,524.9673328473732,0.96976745,552.8829250103071,531.1098718471974,0.9722518,656.9053252724889,672.2645114558916,0.23567578,551.6251814375341,682.0728069653126,0.26132295,622.34265,677.88654,0.014339149,567.7224,691.2477,0.015909314
267.0,613.6634897363066,194.9015774140674,0.9926466,619.5814871588929,177.88915931487568,0.9664831,593.3025947585661,178.7024354532201,0.98238003,644.0613541907235,197.52508818062296,0.7114017,575.9168208721295,195.69826868066957,0.9019457,675.9618848418602,292.205108501317,0.9958774,536.7647885380568,289.02599598594367,0.99743366,694.8707537579565,408.8973582251004,0.96264267,509.57840185673905,404.97317818113015,0.9804697,700.9473169634678,513.8091989958033,0.89004517,509.0332393153611,509.09192740998566,0.9331084,655.2424725313188,524.8974569495285,0.9701186,553.8480698882103,527.9233952123849,0.9724535,651.6244706883502,673.3439159906134,0.23956251,554.5448383566033,677.2181506575014,0.26464447,623.0039,679.36176,0.01462397,568.07733,692.5487,0.0161888
268.0,612.5334985910666,189.1202859872545,0.99263823,624.0014199437092,179.22018504542854,0.9662992,594.3282094526048,175.51703785720602,0.9824062,645.7679607712856,198.5345422199699,0.7101246,573.390885150937,194.6452445574696,0.90261847,672.5644734315845,287.14248965941556,0.9958749,534.5916659744086,290.72402163483656,0.99745095,701.0775340167154,409.45178482948756,0.9625764,509.4588286613353,401.05758661979615,0.9806241,698.3348853147797,512.6858656579977,0.88952494,507.34414230972226,507.1560881333271,0.93329066,647.669049364817,531.1366632749902,0.9698719,555.0253499333307,533.9068541801832,0.9723253,650.6706446478099,672.278428729559,0.23561367,547.0467861116068,675.9310678809244,0.26107165,622.7125,678.5658,0.0142968,567.60065,692.0065,0.015859246
269.0,613.4312808879979,189.28381668341794,0.9926356,623.0672268371171,179.2803142750826,0.9660402,592.2541009806619,179.30379911711097,0.9825082,646.2032528696112,201.752377706412,0.7072529,576.4219012347753,195.62360012407015,0.90371096,678.0250489866444,293.46122734806283,0.99584603,537.6761087145749,288.34511497611095,0.99746704,696.8560808241643,408.29366218379573,0.9624125,510.67405716997786,403.72968930252733,0.98090595,700.0561624257563,505.09969047594365,0.88925016,507.8494763144311,509.5673254777507,0.93410575,653.91418437968,533.3967113886546,0.96952105,557.9644749169007,527.8151204527383,0.9721856,651.8267793831631,677.3191137500693,0.2309882,550.2877908810581,674.1226577346243,0.2573315,623.0062,678.16034,0.01389724,567.1295,691.3368,0.015479505
270.0,613.0735333326039,191.42647843188726,0.9926188,623.8484071387519,178.19615509178243,0.9654832,597.4257749646256,176.75466101608873,0.9826368,640.4800200632309,192.9032964943146,0.7023448,573.5618620664687,196.28729266034287,0.90571654,677.342992445819,293.9059252565772,0.9958575,538.0501774346728,289.2345395241663,0.9975196,697.678384781172,408.8195517088094,0.96259266,508.73100813014383,401.55772276896073,0.98148,701.7508832371587,507.4246071968044,0.8897734,509.4494055071751,507.72505253850215,0.935778,647.8270402289061,534.466851268277,0.9699329,557.7669683224497,529.9756683738201,0.97278523,655.671836894207,671.6493127748435,0.23170495,549.4293095825569,675.4774539299978,0.25966495,623.0791,678.71313,0.013897508,566.7338,691.5513,0.0155594945
271.0,609.7212650367795,194.90006026059882,0.9926429,624.1819594151012,182.3500643026119,0.96561325,599.6218177727941,176.93595889318206,0.9826789,641.1721747212317,191.58267662530073,0.7024401,572.3918487684019,188.72449563502497,0.9057145,674.4437529366539,297.37199066599516,0.9958658,532.3941026668314,289.72770572388043,0.99751335,699.7093294938459,409.2868601180894,0.9627172,513.3912141962631,401.58417696318236,0.98142546,705.5580118567519,509.82052008753703,0.89010775,505.09343310722835,506.17666136057375,0.9356675,648.9088253710321,535.8133489565802,0.97017056,557.1070077680022,528.0423272332058,0.9729351,651.1096324246041,676.3199612620095,0.23325518,553.0984017758936,677.2640154938571,0.260881,623.74335,679.1423,0.01399374,566.39014,692.02563,0.015643716
272.0,608.7183674059892,190.97214552240817,0.9926571,625.9506799493684,181.64918309056668,0.9657465,597.4845863737511,176.66209975049867,0.98265946,640.7486598508189,195.51668233406906,0.7032819,579.453527151193,190.27359951471635,0.9055413,671.4489040721655,296.0501956751483,0.99589115,544.5233586871348,287.98414427662544,0.9975075,696.389842857554,409.60070251357234,0.96292055,514.1389097272053,400.4446747572618,0.98134136,698.7316574708083,508.8777146834516,0.89032656,503.7216552514339,510.1065334788111,0.93539345,652.55585901981,536.7268833812676,0.97051513,562.8725717272094,532.4651314461909,0.97314847,653.4250179037141,673.6319991320386,0.23701048,553.5797233347876,676.5988823623494,0.26411074,623.8006,679.5034,0.014306366,566.1922,691.8762,0.0159477
273.0,613.4560877043141,188.94829256137115,0.9926615,625.0275333153926,176.6103144010076,0.96547496,594.5644974733162,180.33222791198432,0.98279834,644.0547968338103,190.08219445588347,0.70055515,575.9691283657983,192.85927794034805,0.9071121,676.380760322249,295.1132531009854,0.9959321,538.6651991872866,288.3873387556425,0.99754596,697.3301438484347,410.1194901268673,0.962979,508.1738912445073,400.5719383172076,0.9815594,708.896733915513,510.7047477808502,0.8905524,505.8264339274296,509.1694856766129,0.93607134,649.4837893571022,529.4226375631713,0.97095287,558.3100790106173,523.6457231809339,0.97362036,650.4787111253195,673.0890739797426,0.24196473,553.733389342598,679.2160109667288,0.27004248,622.71594,680.3138,0.014683425,567.05273,693.2201,0.016385823
274.0,608.4531095297261,186.74984408358543,0.9926542,618.1346419902375,174.30806544601398,0.9652484,598.502742513721,177.34842655428758,0.9828646,644.5228833184817,192.22673206428396,0.6984341,574.5272488765759,191.75102263049837,0.908025,674.9640432270708,297.63324084160496,0.9959158,538.9492599953294,291.1813313515981,0.99755585,697.4679371116497,414.6237872798479,0.9627508,510.4284544181555,401.0290018013035,0.98165864,702.9474688363218,504.7459464850793,0.8897436,511.36121751370297,512.708489654679,0.9362675,651.0162437497652,536.4517682392943,0.97054726,554.2366965115682,529.0431949180611,0.9733611,654.7644936712271,676.5351722441054,0.23765516,555.5162597801287,680.5611577465592,0.2663419,622.95667,679.8947,0.014314979,567.8224,693.53326,0.016016692
275.0,610.4883522139934,190.83144185604104,0.9926324,630.9363742155631,178.89216772693115,0.9652548,595.7327225628019,184.6825446769506,0.9827695,641.8878239386895,194.2443654744657,0.699864,573.1558540773008,195.45293210519185,0.90745044,681.532036203788,289.9897022929011,0.99592286,541.0080253303687,291.0264611544884,0.99755985,698.0580864227346,405.72681004185165,0.96282136,511.0028293685389,400.5907795089929,0.98166275,700.4271300418147,511.06248608329486,0.89011884,516.3858550575638,507.0802914311236,0.9363334,651.9845628218332,531.8532411165834,0.970768,559.3372603839019,537.8839986432354,0.9735533,655.8549627993459,669.6738885038858,0.23997197,554.9984829224459,673.6500247139918,0.26881444,623.22876,679.7421,0.01450932,568.4975,693.318,0.016242146
276.0,610.9644283469992,195.34648713190128,0.9926275,625.9451534752883,179.69452152792203,0.9654101,593.1134964805799,176.79569298080668,0.98269945,641.8287348483543,194.48741414434548,0.7019588,573.9727062253962,185.5391213138733,0.906616,674.29533421802,289.27871731100856,0.9959294,537.528358862404,292.151559668904,0.99755263,696.4669517566563,404.31879632263133,0.962857,506.62917611821536,403.1323345223582,0.9815576,699.484548001536,513.5434359926714,0.8902298,505.2239030704448,508.6904777685444,0.93598163,651.9033366055785,526.7893323266546,0.9708824,562.4732619154131,529.4626505634277,0.9736052,651.2103556329572,672.7521616137349,0.24160483,546.3743987217408,673.5756497783052,0.2700284,622.0117,680.52966,0.014638633,567.61035,694.16785,0.016356587
277.0,612.1835949038183,188.7387833463975,0.9926633,625.9665973348714,174.94991161894933,0.9656595,601.4047933564113,180.03827513790824,0.9827967,644.1051983682288,199.9846818198734,0.7018297,576.7637354710243,189.8590281859631,0.90661895,675.5262732563881,292.18118448813766,0.99591637,537.3846083107051,288.73640604647403,0.9975201,701.6736195660387,410.9587618196978,0.9628602,511.10512250966,396.6829506499372,0.98130226,702.8851017391155,509.7828619190731,0.8904909,508.30658413745203,505.98055388016996,0.93550336,644.8350329859297,525.500143429218,0.97094154,555.6968090645051,534.7852306453815,0.97351706,651.341796345651,666.5945342972112,0.24369004,553.8582376273567,679.989000676251,0.2711885,622.88043,680.65686,0.014846265,567.21967,694.5819,0.016520709
278.0,613.9253836261145,192.41553957172786,0.9926587,629.3977585561984,175.3159924850613,0.9656502,603.2869842781815,172.8393427298315,0.9827489,644.2289436585934,194.30932566799467,0.7025974,574.3375050415407,196.99709178833598,0.9061831,674.2256525584304,291.5932151242513,0.9959105,537.7599940156889,288.2976290972896,0.9975331,700.7072738451892,406.86954005689154,0.9628378,509.0653713321002,399.50704998885635,0.9814551,702.8509061431681,516.5409973668336,0.8904786,507.4640913570768,518.1470893087582,0.9359087,650.0705104110735,528.8788782774427,0.97083414,555.6011565792633,529.8520455223234,0.97351307,651.1907115181248,674.8422939382897,0.24187952,552.9048628376653,681.9467013328007,0.27001208,622.8412,680.4603,0.014675349,567.3558,694.4398,0.01637742
279.0,610.3387185992001,188.20364033245977,0.99266195,623.4421405049592,172.57847391691345,0.9651457,596.0637152480654,176.98865124052517,0.98293006,644.5121841749041,193.9137775462469,0.6966623,579.6404090434695,195.22071589858578,0.90816283,676.9113922652705,291.0061907993965,0.99587864,537.9868622090985,294.0247592960815,0.99755824,693.244585813945,404.7117508734527,0.96270263,509.8591127866692,396.3228607998961,0.9818765,708.0626299732388,510.78329453547957,0.89057946,507.39847417890877,513.4184023092693,0.93722177,646.6427541909095,531.5204291704891,0.9705447,564.8214956289257,531.0570534531051,0.9734659,655.8216670870007,670.1100207960327,0.23705974,550.5283828707727,674.3080857862185,0.26648438,623.75604,680.0219,0.014243573,567.3268,693.1824,0.015980005
280.0,609.9263438508,188.4707366991631,0.99268913,626.6905300498269,178.35622009684081,0.96499586,599.693897050166,179.44942381858644,0.9830459,640.2756100726891,197.4004966335967,0.6942676,574.763137180702,196.0717584178012,0.9093404,673.6113479565452,293.6514053206899,0.99591005,535.2418056028245,289.0749226085335,0.9975934,698.4674147842356,410.2156994851973,0.96278846,509.8976160957084,400.1889488196645,0.9820491,701.8853767301638,512.1027334881272,0.8906045,508.720308770019,512.0432585619153,0.9376203,654.2123837496285,528.6348583842262,0.97077763,561.0885730405045,532.3321427015519,0.97373295,654.4971884686265,674.0097595167882,0.23840985,554.7444406469727,675.9927204771432,0.2683438,623.80225,680.1128,0.014317274,568.17694,693.6028,0.016077101
281.0,608.7102422350201,192.6784472902407,0.9927592,627.4475565585553,179.95645330781798,0.96555936,595.5075004683821,180.67152719064472,0.9831284,642.211709478241,199.68012966103296,0.69532824,578.1521358227718,197.67200377561377,0.9084946,671.7235415390625,294.6581631712813,0.99590915,541.7218078694918,288.16869947473924,0.99753606,692.992870667475,405.8649634827447,0.96309644,513.2061246295011,401.60563276378986,0.9816593,704.1018266491259,507.0411879356376,0.89203286,517.24718140162,509.9732074385749,0.93708354,656.8336137848622,529.157159047288,0.9712751,558.9280124175145,528.3084278033648,0.9738841,657.0609604609965,673.5022217360644,0.24619827,551.992133871541,681.0624455333532,0.27430257,625.25354,681.9204,0.014988542,566.91705,694.3582,0.01669243
282.0,615.428534938952,189.44038331922084,0.9927704,626.4085513448189,178.75694273090517,0.9657016,597.5855199674154,180.79586883749616,0.98312396,645.1761394105207,197.26363869888127,0.69599223,579.8974641977469,198.87091465077745,0.9082341,674.0616847555779,294.0116799237859,0.9958968,540.9064995048086,286.7057786324438,0.9975176,692.2382875807632,410.003503158037,0.9629482,508.39135842402845,399.1200941733914,0.9814428,705.3800323108514,509.9830713019166,0.89184713,506.63258474707493,509.605098848325,0.9365816,650.5847854491897,531.0131375398461,0.9709525,563.4789237993642,530.344208535038,0.9735246,651.0062081516617,669.2599850809147,0.24480292,551.5657378529611,675.8881315859376,0.27216852,624.9853,681.40155,0.014914483,566.9809,693.5493,0.016573995
283.0,612.1325128710773,188.11366758432595,0.9927449,628.2434937897491,173.76154491998247,0.96582365,598.2324195633104,178.9677243902288,0.98294204,645.7056789154296,196.6490836483961,0.6998273,578.6582587003298,194.34329085409254,0.906602,678.4053627021068,295.3018888172964,0.9958907,538.5953345530434,289.5910309645528,0.9975331,697.6777558727073,410.9429298350789,0.96303976,513.5907444935665,403.8873944412773,0.9816195,706.7448064312365,509.1281607534641,0.892606,506.78968816985736,512.078855731723,0.93718714,649.1564490601328,519.5016569972906,0.9711679,563.489216339748,529.3103740730866,0.97381103,654.6982850775125,671.0782671638702,0.24694782,549.9103687948042,677.537310326496,0.2751522,625.01355,680.5857,0.015105486,566.5259,692.64685,0.016842276
284.0,612.4298431822649,186.66708362702647,0.9927758,628.926337611337,181.60329718640534,0.9664483,601.2401442163774,174.27382367453586,0.98288786,643.1128985518919,197.09970717132413,0.7046547,576.1276915438231,193.03878239634017,0.90517235,673.9806311143981,295.8823240665445,0.99591076,539.6078382049543,285.8749236295836,0.99748766,698.9407820319956,410.15058837140487,0.96314275,509.5518991729646,401.09461006520036,0.98105097,705.3580424199839,508.33529466528853,0.8924809,514.3587001221641,513.2477833066081,0.9355204,646.0534724867204,529.3378772940756,0.97134507,558.024055413493,528.3691413235327,0.9736805,653.1572744336169,671.9630762145086,0.25157866,552.0699391139,681.574081374612,0.27774698,625.2924,681.2052,0.015576571,566.1769,693.4021,0.017237484
285.0,615.1141662990049,191.97263185876562,0.9927629,619.6098763694582,178.40670169981456,0.9664808,595.7023265409649,178.13059755959932,0.98282504,643.4448339135816,194.2688253936773,0.7060308,579.4916852777073,193.39742460748454,0.9044441,674.0522805845419,289.6171760912299,0.99588513,536.0041525034308,295.64079942680644,0.99748814,703.2234400476394,408.44370212321786,0.96302986,511.26496553620336,399.3556073586675,0.9811398,702.4965104651989,507.32439638367345,0.8925801,506.4729533044363,505.7187201617409,0.9358821,646.7063668112376,531.8483505182791,0.97108406,555.4981007725411,532.8276693742508,0.97352743,650.0581884057415,671.5815505932964,0.24824786,547.7741178580416,679.4294460932524,0.2749574,625.55414,680.1498,0.015319824,565.9801,692.57764,0.017004907
286.0,610.4602503659387,195.74328305889836,0.9927693,626.5270932495728,179.8927099869172,0.96646583,595.6932508853191,174.95971742693746,0.98282504,647.1507178874854,198.0991205897363,0.7062162,581.5861222248197,195.57072370347603,0.90458465,679.7516137062231,291.81769719184166,0.99589974,541.6674017530396,291.08886581456704,0.99750566,699.3230626993462,411.6868984319214,0.963029,512.6522304785989,402.0957725891106,0.98123914,700.8282466773584,508.92327915367855,0.8921087,510.19473804362,510.30114362258644,0.9358059,652.634961786307,533.2982190325174,0.97106314,560.0327763051899,529.8696637542788,0.9735625,655.3428788684696,672.1906250614617,0.24723813,552.2195059912156,678.6009476527906,0.27420557,625.0336,680.1527,0.015215963,566.04065,692.2403,0.016909182
287.0,614.9114217922508,187.51267457815766,0.99274683,626.5072044185405,176.580700865681,0.96664476,599.9870621009829,178.6115113763124,0.9826431,645.3140862843022,199.78031433565044,0.7098914,581.6607019776867,186.6628144600214,0.90334773,674.3636312018259,293.01146944008593,0.99591017,535.3975769173841,292.5112971968198,0.99749446,698.794231844485,415.91894303028727,0.9628913,513.3152346924617,396.317678227742,0.98095775,699.786489094054,511.00512176375764,0.8908925,510.51708110057194,506.7775100715342,0.93453693,651.2602847997834,530.943113774037,0.9707525,559.9270909947959,531.2542743197873,0.973201,651.7666382883983,671.4611639543775,0.24372351,556.2916216690261,682.9077485154313,0.26992577,624.1843,679.6747,0.014929473,566.8023,692.2049,0.016567767
288.0,618.092657316219,194.86558431470198,0.9927105,630.5957784147821,179.56484390138925,0.9666413,599.3463963343739,183.88411085257667,0.9825567,641.4099893885854,191.98142184180824,0.7112033,578.0817594611044,188.93925018939538,0.9027813,672.7415190381806,294.43118110468373,0.99588966,538.5399088712949,287.6499590092411,0.9974773,705.978697586735,415.65556310804425,0.9626645,511.8827793777945,400.0540559636798,0.98078066,705.2235623649369,505.2731291279835,0.8904567,511.6982401462524,513.2421868545997,0.9340538,651.502082885881,524.003353218313,0.97045094,561.4570895072516,529.4865545246726,0.9728994,649.9322590454084,672.2334392439719,0.24173072,553.7123279202299,675.7504229087643,0.2677645,623.95105,679.2606,0.014809966,566.8925,692.29034,0.016435921
289.0,611.3300166658712,185.56436310534875,0.9927077,631.5673624159373,179.77278775452962,0.9670995,596.4990709980767,176.93336521416856,0.9822986,644.0302873989109,201.18049437904958,0.7176641,575.2060242835981,194.37135208533772,0.90041083,678.9705259172267,301.0328137813127,0.99593896,546.3676548715287,290.98226537077335,0.9974792,700.0717042083395,413.1924494677196,0.9630038,510.9565056376187,402.7542076174673,0.9805746,699.752689366068,505.55365403925686,0.8910991,514.2774616079786,508.851479688765,0.93337727,654.7445811742963,524.9250121865297,0.97116464,560.7063612078158,533.5551143302359,0.9734007,649.6245380427595,671.4212411218926,0.2492939,552.7416918765285,674.9630488771767,0.27469844,624.1275,679.514,0.015436679,567.6783,692.98285,0.017083675
290.0,618.6713501095257,186.67661724090564,0.99270356,626.6642564297006,172.40142239650115,0.9674283,601.9215383465169,176.24537919237915,0.98217195,643.8063754881799,193.85635086595894,0.72125375,578.114990541809,197.04671370081638,0.89928097,676.7036514064192,293.43759203471035,0.99598384,535.1458272356138,299.29793298774956,0.9974569,697.6926420747842,408.8479428739894,0.9631549,507.58177868336435,403.1345495636901,0.98012775,702.6417353756841,507.6243438322745,0.89077634,508.3771113795845,509.1772296371675,0.9318365,655.4828588887708,529.6587447459851,0.9715736,557.3679306394918,527.3864921146247,0.97354126,649.9794059401371,670.182599344037,0.2552138,555.8046290291056,682.0279644892403,0.279015,623.2985,681.20776,0.015961736,567.6629,694.51276,0.017553955
291.0,611.8484183608608,193.21112746945238,0.99274015,629.5017217541441,177.24334844333356,0.9676181,599.2551112384219,178.37925270086643,0.98220646,646.038006363803,194.20826347734067,0.72167206,585.8759029513506,199.2937963146336,0.89924014,679.0287490727153,297.2572918837013,0.9960238,538.5578356342692,287.7664408341542,0.9974551,704.5910906652667,411.22805771976243,0.96349525,508.6509685315512,403.33802815253375,0.9800626,705.8197958620941,513.266927804344,0.89142275,512.2129467778233,508.9183661843212,0.9316863,653.8729931350553,526.9981055359722,0.97223604,558.2911870618301,527.3278006414249,0.97402847,649.2117789552493,670.8542123377939,0.2622102,550.9396463073484,680.7181782930111,0.28528905,623.2638,683.40955,0.016507804,567.56903,696.286,0.018082172
292.0,612.7511449692123,190.22694329635613,0.9927364,625.4611540070094,180.83450378518796,0.96803737,594.8016943448572,179.00239202533686,0.9820065,644.0136005562507,198.17193197361033,0.72618353,577.5543521561501,191.49767863815228,0.8966092,680.638605268094,294.06201694605477,0.99597794,542.105789520005,296.4761845824565,0.99740756,700.0817007156813,405.9950326279994,0.96331954,509.960084748934,403.69254146476396,0.97966766,709.1649221220641,514.5175208512705,0.8915396,508.8045628028533,512.1934551634175,0.9309274,651.586406726027,528.6509494120157,0.9717221,557.2739634974084,529.0120273909023,0.97344494,650.2546400124786,667.0767900083442,0.25893903,553.3131828475888,676.4780290091333,0.2810306,623.9547,682.4344,0.016299605,567.57684,695.178,0.017822921
293.0,611.8753410557665,182.48412008915705,0.9927572,624.6335392426163,180.84592457852918,0.96830267,597.7508137028619,173.40232272794265,0.98205274,651.7482796091291,203.40047453921832,0.72684467,574.6198927769194,197.01468926169807,0.8963711,681.4128141522756,298.98075031602264,0.99599683,541.8680467000382,293.8207890596564,0.99736106,704.1140622705423,412.99211309332003,0.9634231,511.7114138633617,404.9161812684172,0.9791541,706.709518318199,505.06600860703037,0.8916812,511.4863235757127,508.06153568070414,0.92956495,652.1029351351236,532.2296518298098,0.97212464,550.4189552481305,529.1045542815465,0.9735419,650.015567153995,670.1969103471532,0.26565784,555.2565317266874,679.7677806405026,0.2858813,623.88654,685.2584,0.016881526,567.1784,697.6836,0.018319279
294.0,612.8885526375012,195.80516518368196,0.99279803,628.5632645370687,181.7696802587031,0.96894336,603.1541523170653,174.26731798455364,0.98193383,640.8274091474309,196.96273866543476,0.7319318,577.1731140128157,199.07564501471683,0.89372987,683.1675657027738,296.28117681490016,0.9959679,538.8523858881765,294.6214801826679,0.99731135,696.1575945856882,405.3073428954835,0.9633127,512.6366274724568,401.9620451108421,0.9787141,704.1717158464926,505.33744324027987,0.8917084,515.5878894028916,509.20399153062726,0.9285358,655.9404090761905,531.9302975363933,0.97173554,559.1862090982075,530.8211908962833,0.9730342,648.5792736644862,676.170457444545,0.26353264,554.1211123830892,681.2506381777026,0.28255615,624.4431,685.6714,0.016727954,567.1007,697.57385,0.018106222
295.0,612.302598717816,192.08429434496716,0.9928216,627.1666757860464,172.53800744609055,0.96936023,594.2420997895938,180.12323326741281,0.9818846,649.4025069536563,200.45898676396217,0.7343614,578.035531463021,193.96522512997936,0.89194167,682.0354029819915,296.22624762258323,0.99588645,539.1543924353325,296.7551666706179,0.9972355,700.5244915105284,412.7671695543342,0.9627102,508.46938943189645,402.61861306415744,0.97804344,703.4140482264585,517.053968413353,0.8900068,508.7036078409296,515.8949960858704,0.92641276,652.2838545148817,531.7430065537429,0.9702252,558.2230919943357,529.8611399623426,0.9714873,652.8424620507705,675.0638797556504,0.24928984,554.7416831202255,677.3281354337786,0.2668218,624.5876,684.219,0.01556617,566.76215,696.4154,0.016806245
296.0,614.841212989141,191.17179234975538,0.99277556,633.6583005264538,174.2607115217428,0.96912503,598.9026487325311,176.64409620327214,0.98188543,644.9918635398093,200.90457827128566,0.7330969,579.79790524661,200.2748636174328,0.89185524,679.8218152732825,289.8073617485604,0.9958075,540.9292444238189,297.39787942859505,0.9972345,698.153850902787,411.62615684417653,0.9621638,517.4162244514397,404.645759086996,0.97829217,701.3984175997717,512.6114432021438,0.88985,512.0742400778164,512.3890191522319,0.9274779,648.3939969588015,528.6026074551348,0.9694139,562.0724899252035,537.0993566579082,0.97099376,651.4865213500773,676.2009552272248,0.24397084,557.0772738785753,679.7581649381528,0.2632313,624.71423,682.969,0.015188575,567.56396,695.15137,0.01651436
297.0,614.18137860569,187.83316052852254,0.99277747,632.4451969906199,181.49774961490323,0.9693481,601.6509038588894,180.62742955390615,0.9818002,644.4432598606345,196.17122100046709,0.73592436,579.3579161736026,196.1571293856793,0.89125216,683.4842830436421,295.0569315081679,0.9958589,539.8895951550794,288.66958968874013,0.99722534,699.8092801061667,412.69197067870425,0.96229494,513.318671143797,406.91135052750553,0.97788584,703.9634239333525,508.6745962567661,0.88950557,515.5078666377053,513.9583172929352,0.92611456,653.5606653626091,524.105694231913,0.9698025,556.2669047366038,534.9497157594558,0.9711511,650.989021667104,668.216658200215,0.25000784,558.4166882615102,676.0798719088488,0.26795864,623.3611,683.75574,0.015742749,567.78815,696.2073,0.017016947
298.0,615.1415064940057,189.95743359952468,0.99272716,636.3881913551271,183.97259392205044,0.968758,607.7420147880764,177.62367481086326,0.98192525,650.6067736127096,194.91639484790454,0.73067147,581.9199239100323,196.29316018418163,0.8931632,679.5631678536323,299.91676387231854,0.9958035,543.4453041974865,293.5704717081328,0.99724996,700.3823391903248,412.2211165098827,0.9618908,517.9646271049385,404.1850735305547,0.97838485,704.6585720193777,510.6176034520431,0.88948655,512.4971713913754,511.61304410633335,0.9279073,657.0514465209633,529.2363373615534,0.9692986,561.0955678067915,530.4102440867655,0.970989,650.8430248064462,672.6205683992085,0.24624759,552.219842405675,674.1314463471437,0.26640314,624.30054,683.2284,0.01543349,568.798,695.10675,0.016817272
299.0,613.6246527677569,191.08098080835742,0.9928496,632.0011335647337,176.71400022513515,0.9686985,602.77634673507,179.47006863934084,0.9824697,655.2610694252439,201.73330441627385,0.7226255,583.3988432099721,195.56621515466287,0.8974769,679.0196666357554,293.4252051094361,0.9958516,540.3957935953291,291.14851461301913,0.99725544,698.9520784746312,408.97589565673906,0.9624495,514.2446063038408,402.6984335949647,0.97853696,701.267858017468,504.77873077430195,0.8904824,515.553976816874,505.8446581124717,0.9284588,651.1691934913848,532.0797721314,0.97038054,555.3661303052382,527.5009292706688,0.9718377,652.7526390712679,675.9207737530269,0.25424367,556.8701722523782,677.3322958812704,0.27356353,626.8026,685.77997,0.016002744,568.6601,696.7909,0.017334342
300.0,616.4107563711348,193.3172942772588,0.992852,630.0895442518472,174.6474613797572,0.96661913,602.9772601902088,180.53943287411332,0.983286,646.3967437820459,194.4180537227573,0.6974226,585.3879456902578,195.01445445625762,0.90770674,680.9208821073111,301.1508244964588,0.9958383,540.7164149657438,288.4089701398883,0.99739766,700.0937514578621,405.6305826226693,0.9622451,517.2130022415242,402.24547592064135,0.9802159,705.3867906362589,511.37075813371445,0.89099157,513.2503757298502,509.82918091282886,0.93355477,655.5966968613394,533.1964522833554,0.97022843,566.1099822840084,536.1381906502446,0.9724186,655.9753933567895,672.0838118339121,0.24941105,553.7145943107824,674.6013686671587,0.27335778,626.3397,685.6415,0.015458107,569.74866,695.30725,0.016954392
301.0,618.2450216851134,189.65714522429084,0.99281514,634.7693465345282,181.46986263220361,0.96608233,604.0374973457855,177.76671187510772,0.98332995,650.729819876575,197.5748379511177,0.69424224,582.7424598434209,198.15902344853458,0.90931845,686.6725472875329,297.49201388227556,0.99586743,543.0931922323769,292.84664723921594,0.99745625,706.6654236535232,412.0404462388181,0.96228325,522.5036487714033,402.51169412477446,0.9806981,708.8467491451536,508.2178801303377,0.890734,516.988537830645,507.6671435529479,0.93462676,657.8583707033521,524.7259993565049,0.970571,570.3439630860124,527.9000638334388,0.9729438,656.3371064085951,675.0020214094005,0.25045252,559.5749783670211,675.3332910354915,0.27624434,626.53754,686.43896,0.0154728,571.1132,696.07306,0.017069519
302.0,612.394458457629,185.11458666876558,0.992815,628.8630586765432,180.23132292055834,0.9661185,607.7411499598786,174.54780527923654,0.98331136,651.4095464847722,200.4448410718706,0.6946781,588.5772884703895,192.74406502521805,0.9091774,681.2603064361307,296.0580982393334,0.99584186,543.680321749336,290.07397231705227,0.99743956,704.106221227565,408.3879805084593,0.96196824,515.4670956953165,400.39123337359973,0.98050517,702.8757101929581,508.8222487117274,0.8900311,513.7763767654124,512.7513832425485,0.93410325,656.9695753761566,531.8236531909705,0.96997875,561.3090006751058,520.5219675170634,0.9723924,654.3770813599009,672.3797034985321,0.24522734,557.7340620773069,674.8292913038442,0.27065307,626.4002,685.4583,0.015052676,571.636,695.1964,0.01660505
303.0,622.20855573099,189.57934896611346,0.9928565,630.9982164246851,174.14965114198716,0.96564734,602.0306561595977,176.42133238247135,0.98364604,653.8006975124143,203.23816148628077,0.68643546,583.2035905516793,194.8105527688333,0.9123918,684.1019912575457,295.42394834211217,0.99584156,542.8309135872928,297.77657885378017,0.99746335,708.2831515285922,412.74981295322505,0.9618709,517.7730656168001,404.2911146530155,0.98076737,706.2031906467076,509.8523698569892,0.8896421,516.0750135986408,516.3203185677706,0.9348234,656.3108616572893,527.197232346327,0.9697169,563.341138584657,526.1806762743103,0.9722637,655.6827065251024,673.028068063383,0.24132985,552.9056336028339,675.1275018383582,0.26711714,626.34985,685.9222,0.014696926,571.52875,694.61285,0.016225398
304.0,617.0803239427379,191.82512809476057,0.9929075,637.2566247713106,172.780281837849,0.96607494,601.0404649495396,176.24547246741932,0.98372877,649.4216463547427,205.07168835010174,0.6877731,580.1020862584016,196.0140261494523,0.911975,679.0439445749333,294.29199035293215,0.9958608,544.0869356754644,297.4025323139592,0.9974344,700.3469193088671,405.7807155393605,0.9621897,512.8509693330492,398.5259544605183,0.98049927,704.5910224792074,506.99080940774894,0.89070106,514.2354389964956,506.2588324291203,0.93445885,652.1972654709464,532.5009279415807,0.9704109,567.2745057167407,525.9036810363499,0.9726715,653.914560332733,675.0936009794287,0.24965987,553.5621807385264,677.9338785231183,0.27436537,627.75824,686.44714,0.015446007,571.88654,695.3583,0.016955525
305.0,618.0566162335832,191.58652585885537,0.9929397,632.6040590896919,180.03327289273747,0.96617186,605.1817821735133,177.9014598180324,0.9839343,651.70675422444,193.37079505402426,0.68530977,584.9447753171789,195.1884278295776,0.9135717,680.5186398848314,292.282528120495,0.9959031,544.5347737154158,290.523257882013,0.9974115,700.3286546382114,410.21136773326407,0.962354,518.8718064380502,402.27930410582854,0.98016787,706.3423853005221,505.37091693360463,0.8904152,515.6535005555742,509.7700391221018,0.93348587,658.7292207639863,529.308088142337,0.9710661,558.9752148219291,531.7268091620978,0.9730407,652.0541890073271,675.6027165546288,0.25780886,561.228800059879,679.0127651926097,0.2811815,628.29584,688.9188,0.016150206,571.8564,697.93585,0.017605066
306.0,613.7948728167328,187.59900063186646,0.9928725,633.6599502374694,176.0810925788285,0.9659591,606.5077399436349,178.97614303520385,0.9838411,653.834742041302,198.48903973723904,0.68586004,579.8298972813694,192.6022287736159,0.91311073,681.7072631321013,302.2710032477787,0.99585783,545.3653515033452,293.32964782484845,0.9974035,703.234765627925,410.76640050542613,0.96192497,518.4365345667741,401.8653157654318,0.9801408,701.7682398592989,509.10597901327344,0.8898778,513.7598332841598,511.04216859172436,0.933555,656.7189639127304,531.8824469605596,0.9704681,568.2616922808501,530.7906060608115,0.97259355,655.2869291321188,673.9976954349595,0.25365466,555.1677819151212,678.3576538770961,0.27788436,628.5084,687.3198,0.015914291,573.09094,696.74805,0.017420918
307.0,615.0377483103211,190.42023437072112,0.99288815,637.2520767259673,179.6918168535844,0.96674377,602.5102900112457,179.05763185318392,0.9836662,653.3560936383152,200.73965375004775,0.693069,578.3217927665148,192.91878789796914,0.90977913,685.1532528275396,298.40106599882796,0.9957919,545.032119497083,292.1932119956985,0.99732876,701.3963322562114,413.199234503134,0.96168566,510.514129862404,399.712846987198,0.9795824,708.979394546238,510.5440437248778,0.8902416,516.2169155811954,510.9063585516248,0.9324775,660.9298953029188,526.6619216353129,0.96993184,566.8020559704613,528.89908473877,0.9719336,654.1636769053695,673.9252464721936,0.24953145,556.5820455626292,675.1308058541612,0.2724408,629.3611,687.3672,0.015592188,572.10266,697.1764,0.017035276
308.0,614.9296922862756,190.2164867999324,0.9929159,633.8729343441189,180.85194492846628,0.9670075,603.0513353413627,181.01715760065997,0.98367774,652.1711545052657,195.6922537350307,0.6941419,587.4124599015605,193.22548130266466,0.9096463,686.862021410712,295.20840801258305,0.99583316,546.2502872261479,293.64663091241295,0.99730283,704.2338438474246,407.3100601736781,0.9619566,516.5203418709947,395.7023431655937,0.9791569,707.1629962780418,502.2254780767117,0.8904748,515.1984528052625,510.8030536169985,0.93127143,661.2761541580637,530.4613451884225,0.9704536,566.8628840634234,531.8190323326107,0.9721385,656.224165966452,672.3548937194442,0.25649768,561.3706264700248,681.1324563695742,0.27754807,629.3161,688.0419,0.016235203,571.4695,697.9729,0.017596543
309.0,621.8162744756614,191.63330361052215,0.99293816,635.081674637967,181.1103981881569,0.9673517,608.2170062176197,174.5918540298823,0.98364097,653.9714044693247,195.16618779065908,0.6957029,573.0250569407845,194.50733090358088,0.90830636,686.1833142546797,293.24616599209327,0.9957478,543.7744713613381,296.2002788018398,0.9972306,710.916181977256,410.4532551374523,0.96150863,519.4888793185909,398.7788980203697,0.9787065,712.9854294755171,503.9971128021468,0.8896053,514.660295072906,510.382172801345,0.93014455,661.9825527534348,529.3450303288599,0.9691994,571.7694322686963,535.5308328244121,0.9708806,657.6643901294769,679.0590651602369,0.24399796,553.242389838493,679.4889299255921,0.2639705,630.50964,686.448,0.015216291,571.36206,696.2826,0.0164797
310.0,615.6522677602807,191.99473923267345,0.99297106,639.8349761228828,180.60648451980222,0.9676607,603.0954195406858,172.17767163912515,0.98362446,652.1897368758547,197.59040324610848,0.6973456,584.1977838866306,197.11776314712156,0.9074298,688.0461408200229,302.4818302804804,0.99575007,549.5223657000346,292.1289623371734,0.99720144,708.7309064860054,410.045939329634,0.96176016,520.6803900626572,397.6446890928624,0.9784809,704.0344111945087,502.78956475352925,0.890213,515.390648489645,514.7568180368429,0.929584,659.6517080372304,532.6855850263596,0.9694898,562.1773290102481,534.2874767523191,0.9709712,665.3879162835079,677.5734860328736,0.24554163,556.3370918018986,675.1301369994209,0.26435196,631.17163,686.9781,0.01532039,570.95514,696.4592,0.016526192
311.0,618.2063138422261,192.89701657617377,0.9929217,636.3877227496569,175.82440815873358,0.9671581,603.263037083449,177.16070442535687,0.9835845,653.8956810847226,196.6345020138989,0.6949693,582.4885067706784,189.4056180832621,0.9080217,682.8281008902065,296.737772831975,0.9957675,549.3095623650445,288.32529361224346,0.99726117,700.6261142378808,407.3472817637321,0.9620309,519.208441548252,396.564489675732,0.9791157,704.1961802958496,506.8421109976241,0.89143467,517.2812057584554,507.55916464770274,0.9314821,662.3284567148935,528.4480913658092,0.97020566,559.2827320164895,528.2283949009271,0.97186226,654.8558617298575,667.1685728238075,0.25204837,559.5550594235693,678.9213543680231,0.27276075,631.48883,686.8193,0.01584503,571.28894,696.45483,0.017183065
312.0,616.4073351090819,185.0556653802387,0.99284726,636.6556863278341,181.400727317648,0.9675529,606.8971556731354,178.28817290895742,0.9832481,657.1350111678507,193.17746139044723,0.7017337,588.7853171001913,200.53691345929067,0.9053089,683.4043863319718,294.27850247221767,0.995731,545.6304531854925,291.336776185368,0.9971662,706.786425823764,412.5187750406408,0.9614892,517.0434780486885,401.0679327233628,0.9780184,708.4360578079637,502.5170571020862,0.8895037,516.638770945547,511.6242374729959,0.9282042,661.411926857845,533.4637697620147,0.9691324,565.7606056721071,529.7773375603265,0.9705174,657.2464369721736,677.986918560524,0.24671933,561.2735158977634,677.9304546316604,0.26477954,630.25555,686.1571,0.01557219,571.41656,695.3168,0.01676786
313.0,617.3163081519388,191.45704939168368,0.9928026,638.4757407496506,185.0515309001322,0.96759236,606.1279315689288,179.7834819263799,0.98303926,654.4428270424738,200.78125045130457,0.7049853,578.6570890381986,198.71272809055466,0.9042111,681.6487865452607,295.88595213990254,0.9957531,540.3203099834609,291.96895373761225,0.9971684,709.1967084752571,407.24456097825856,0.961603,520.7864014817133,396.85556156702035,0.9779266,712.1319337246797,505.3544701173725,0.8889814,516.8958161281708,510.94453626084766,0.92743444,656.0173049964015,532.6376913619163,0.9694038,564.1224297441769,534.3804037391816,0.9707216,656.5589721039261,675.8484726600152,0.24824256,558.8960035793864,674.0056076932196,0.26602077,629.7757,686.91046,0.015667051,571.9845,696.2788,0.01685825
314.0,624.9474156424506,186.61436611311754,0.99272084,635.3479624631633,178.59369328437083,0.96782106,608.0308958505703,172.4440932737202,0.98258036,653.1339516245622,192.57436126059022,0.7136586,583.0106185200585,195.84621788909345,0.8998909,684.7795248473598,296.3282561665364,0.9957279,542.7910140379042,295.7137121178212,0.99719393,704.9370951803141,408.79300893730937,0.9617088,517.4751817406078,405.57444814063086,0.9782766,710.2760342203254,501.8398958928097,0.8902361,519.4542595849991,508.91393078974886,0.9286345,662.9923292097141,528.3399639278105,0.9698964,565.2982642172205,529.4347563239841,0.9713923,659.2831428668957,675.5563740250236,0.25230718,562.7094801942386,679.4401339463827,0.2719154,630.2177,687.3955,0.015930831,572.10004,697.6035,0.017276645
315.0,620.3038135512988,188.96982367488494,0.9926745,633.5061429416999,181.01179412847512,0.9680467,610.3014828003984,179.14192292142224,0.9823116,649.3812746826624,194.95167810910112,0.71835315,585.6361777464989,195.7562655288668,0.8977543,682.4124948083596,295.1712652079969,0.9957069,549.0070952671911,294.9702514095867,0.9971607,704.9208109132754,416.2977481297982,0.96158123,518.6114907857166,400.97111167143726,0.9779061,709.9018426274829,503.10412384345835,0.8896281,515.548144270945,510.3161117299844,0.92738247,655.9217012302196,528.6399215490624,0.96961296,563.0872017733045,530.6437132445378,0.97102606,657.4286278459982,677.2412208341112,0.25070137,558.3856333306724,681.7726870707899,0.26943117,629.8315,686.0386,0.015868336,572.02246,696.67566,0.017173499
316.0,622.290824551529,186.97080247825832,0.99267244,632.5208062254985,180.55893276450598,0.96809447,605.459194448911,181.75526994716338,0.9822849,655.0893505762231,190.639211352017,0.71939945,579.8185296459616,194.78006234119607,0.8975197,683.0800312998937,295.2425980254812,0.99571306,548.7160129925945,291.0820202350756,0.99716157,703.3873196439597,408.4375524002239,0.96158695,516.8896931130755,394.15186870617737,0.9778415,713.1032789697971,509.9863257559629,0.88971496,518.5035052272349,509.57884440193203,0.92721593,656.9014937901942,529.6937440047476,0.9696542,568.6628425601045,527.072270515399,0.9710391,661.2084436890555,671.7601004538144,0.2515272,553.337398566675,675.772927263907,0.27007464,629.609,686.0629,0.015943259,571.9859,696.9147,0.017241448
317.0,617.9570278810221,189.57491572064006,0.99271226,637.7721102988896,177.39548594920095,0.9680091,606.2849970433817,181.57617898858453,0.9824636,653.6811304689508,201.0687016319038,0.71726453,584.3719813186365,194.50853071876338,0.8988079,683.4016928141613,300.5384062978431,0.99573684,550.3599981536041,293.66336787299366,0.9971988,705.4582054570036,408.1304793250625,0.9617543,519.1549233060388,399.34115491692836,0.9781815,709.5758615564018,512.5294114409492,0.8904668,520.8388220671936,517.3232900693889,0.92828906,658.238315594495,530.7221235266381,0.97012615,567.2616512393981,528.9617910522334,0.9715744,656.096473554691,674.3814583870557,0.2551462,550.6426527270625,677.5113622008469,0.2745885,629.8754,686.525,0.016185224,572.09827,698.07056,0.017532885
318.0,623.4744241840148,185.28955909614643,0.9926938,634.3156409700877,180.56398972470814,0.9682318,611.6109416172437,178.97335479948046,0.9824025,653.8083888834834,193.24302601333682,0.71954024,586.5389771805399,190.79416809993037,0.89760935,687.8953946620933,296.6181720048974,0.99572706,549.1691074561892,289.38914754745696,0.99715924,706.6047223758687,411.3384863169854,0.9618199,520.4848034975258,397.40954630059497,0.9779227,705.9700384907054,503.91350134962875,0.8909365,519.8215170838705,512.7545355538193,0.9278902,661.2579198012791,528.0274035454904,0.9704494,568.2974726075373,532.9072555193029,0.971748,654.9818142602901,674.7621562569044,0.2614478,556.2104715130846,679.6956781991545,0.28027177,630.3447,687.5127,0.016820341,571.2951,699.08466,0.018171191
319.0,620.8604009263199,189.64857487049073,0.992626,635.7976447391925,180.253747326952,0.9682052,613.064516153205,179.28888605384944,0.9821668,654.5344529533081,192.50689529623705,0.722368,590.4327401956208,193.63424430937758,0.8959855,686.6652906493542,296.10939500431925,0.9956796,546.0330466192063,292.3836638717651,0.99713445,707.1578174876814,411.59068204178305,0.9613874,519.585493992435,394.06577732658127,0.9776978,711.1976419896175,504.71781275893443,0.88994265,515.962565712204,515.4781261355469,0.9271095,653.1253595294735,527.535800586433,0.9696339,563.4160938469331,535.3563790139883,0.97102135,655.7461846115715,672.9695224189877,0.25450206,556.4701141363305,684.5572641803636,0.27325344,628.9505,686.5519,0.016265154,570.9078,698.286,0.01759553
320.0,624.782091091744,189.8923326968794,0.9926151,632.7723740482353,181.143237795763,0.96804124,610.44285261962,177.93702187595585,0.98225665,651.2875427202089,196.85743375535816,0.72012717,592.5270967139976,197.46319976206584,0.897197,689.6753343820934,299.00550950450537,0.99568856,542.1808171062821,294.87079290521206,0.9971252,703.3192764147298,414.9382444883645,0.96122396,519.7233131048092,398.4472087933901,0.9774908,708.7977516480736,503.0854939819647,0.88921744,521.148689178359,511.4869417775745,0.9264495,653.335664776953,527.2621643991238,0.96947324,560.737185460273,531.3166427195391,0.9707972,656.6717190687118,677.5318199197098,0.25460708,559.9328339607174,679.0616442288705,0.27291417,628.09503,686.69946,0.016328484,571.9385,698.6207,0.017621636
321.0,621.5582682476478,187.51897174080204,0.9926088,638.8803643862285,173.69530569301088,0.9677484,608.6242720346818,177.32923023781763,0.9822812,659.5762413435436,189.11419532997058,0.7179756,587.9696481913157,193.67068742071595,0.897925,685.1566018353309,297.551313301087,0.9956769,546.0854071215945,292.44930468534113,0.9971632,709.5528741924464,407.2699129984204,0.9611701,520.8438224342533,400.4598751994074,0.9779391,707.590917531605,507.8598742802933,0.88942575,520.9383723594971,514.389547410352,0.9277674,653.2065915023478,529.0328103042743,0.9692637,564.444716215815,530.7032329560324,0.97081494,659.215750881417,672.9103823635895,0.2512918,557.8319346025869,680.4531570680887,0.2710352,628.19196,685.1742,0.01601559,572.6912,697.4074,0.01737228
322.0,616.8972936831775,190.61589852461788,0.992617,635.3286711448259,177.35633847615728,0.96763086,609.3613672122182,175.32773939474836,0.98236287,656.5731875698483,197.29944332037496,0.71659946,584.2539727683791,187.58089786440854,0.8990333,682.1102323604437,294.0475720042277,0.99573576,547.2723805613177,288.9996615295989,0.9971959,705.6819149200111,411.31696068702394,0.9614601,520.3583782408487,399.14005672540935,0.97807485,708.5254255254973,503.3586017587471,0.8900614,520.4620932951586,509.2122871121735,0.9281452,658.3562318169687,530.48288136487,0.97018343,563.3383116374083,530.8527042274904,0.97165155,657.7734349124595,675.8766871935183,0.26131713,557.7147146344868,678.4247725972999,0.2812162,627.9065,687.1324,0.016831428,573.68274,699.07153,0.018230349
323.0,619.7270306198135,190.38098649356886,0.9925951,637.6143814201748,178.22280020547942,0.96746886,605.4581054541064,181.73191174790864,0.9823693,653.8388186121374,197.01062248700728,0.71617496,596.2559706228066,197.49981933643272,0.8994422,685.3652313685417,293.7252899002822,0.99575675,548.3778511907119,287.72175434633937,0.9972207,705.8187824473985,410.66410896873475,0.9614885,518.124574587653,399.65016230742725,0.97822845,708.4304622581782,510.88972721973005,0.8903229,514.1088137930498,509.16805205548167,0.9285873,655.4242754806078,528.9972001214962,0.97044206,564.1773244079608,526.0155548900351,0.9719527,655.5888430249215,672.4533529303109,0.2643745,555.301258294602,676.5068423043157,0.28487986,627.34174,687.8751,0.017107248,573.95465,699.4509,0.018562645
324.0,617.4006167717295,187.57566891145362,0.9925868,636.5180575094832,177.0524308818186,0.96727926,606.9654779070204,176.06491407382356,0.9823584,654.7044301964231,201.25414931062247,0.71595013,583.6684635709129,194.85828153652508,0.89976513,684.7297628872811,294.7275447364227,0.99578685,549.2168276333219,289.5004667680717,0.99727523,706.1759348131679,410.72728887224014,0.96166897,523.8426634093181,394.1416199801256,0.97870016,709.849249652962,508.998853787837,0.89074254,515.5376548446616,512.0952109529294,0.92972004,655.1099660472033,522.0815779995218,0.97083825,562.0136385495271,525.7177566862803,0.9724935,661.1449236888544,676.1279807976066,0.2677216,558.8274050267235,673.1036607358316,0.28970292,626.9051,687.64417,0.01737687,574.24084,699.2622,0.018937409
325.0,627.5755857689935,190.64836974286757,0.9926298,637.1469195937117,181.27498091461274,0.9678168,607.307265855341,179.84515185687593,0.9822948,655.7490899846426,193.92013558235766,0.7197278,593.33090461712,191.50087623715905,0.89798546,685.4609781464069,293.65322248964685,0.99578524,550.9082784628052,293.4085783545144,0.99723494,701.7059211223061,403.49775639801663,0.9617458,517.7686774445339,398.5345123400494,0.97826314,707.9144673055963,511.85565272352477,0.89091736,516.4421722602998,509.2304158102851,0.9287188,650.1829690481366,528.1460032684886,0.97089344,562.6538622059343,523.5969316568587,0.97234684,655.5441020273979,671.6651044983208,0.26946685,561.2758089169878,676.4493386759568,0.2900762,627.85266,687.47064,0.01756823,574.4954,699.371,0.019064486
326.0,624.3221465754121,195.07695971509114,0.99264216,632.1333041911098,182.32435459150616,0.96802163,610.7642895480756,179.97301977860639,0.98225653,648.514318994987,199.0865224314049,0.7211145,589.0900144849664,191.32529654765332,0.89719164,684.7802712380767,289.87173685980565,0.9957768,548.6843963058851,293.2390493879404,0.9972173,712.2858632669298,407.61039278511856,0.9618373,519.7717218153593,399.38442651647824,0.97814524,701.3356066412528,508.08296004678647,0.8910949,521.0176959911495,506.63170001347174,0.928435,658.2024806377929,529.9623777780018,0.9708952,565.7567100049266,531.1413212456109,0.97228456,652.3603868022763,674.4214778529441,0.2691302,561.7942480457226,671.8596171863429,0.28909016,628.58563,687.93396,0.017537057,573.85223,699.15173,0.019004643
327.0,623.8469728873563,185.59225522131183,0.9926677,635.8228355556672,176.81602701441219,0.96832395,608.074871448067,178.57208629581055,0.98223746,654.864951518686,195.68921125415443,0.7227969,587.3642714909855,190.58101973123203,0.89656496,688.9869506392248,298.12354299625974,0.995799,547.5327559286678,288.5340574898467,0.99718714,706.0159256461312,407.63379746816383,0.96197724,518.220346716771,406.0306863318048,0.97774196,710.4498016847014,506.03034068042814,0.8911849,522.4018123403395,511.44396568130236,0.9274157,660.691787453359,527.6509965215781,0.97110856,564.8453649283114,527.8941055745853,0.97227764,651.3576593933439,673.9378537912215,0.27387303,552.9428898585621,678.2115609239823,0.29226935,628.5495,688.7534,0.018022299,573.8583,699.54877,0.01941982
328.0,622.9052508854751,189.60264023901308,0.99264026,639.2498275860568,174.01712702819805,0.96811986,605.5391091048914,178.09457288085613,0.98222077,651.0397169010503,190.78257469388188,0.7215406,588.0793844608964,188.32979492784162,0.89643216,685.36971535093,293.1558422918249,0.99575424,547.8622840380073,288.63448757702713,0.9971955,705.5450293483466,414.1448470395773,0.96183693,520.7656617028525,408.3842389698119,0.97803926,705.1427023589898,504.3153977730707,0.89160943,518.6276720765787,509.57308468564315,0.928524,652.747990795269,531.0932736632378,0.9708336,568.9337993152664,531.5286456030962,0.972185,660.9905478552537,672.0146596598522,0.26998425,558.6007180832961,673.014869701955,0.2896322,629.4997,688.3573,0.017645627,574.24817,698.5497,0.019117177
329.0,623.3684802181325,190.72992544911904,0.99262446,634.0805741961223,179.18832495590482,0.9678886,602.9241568606425,177.81050291586007,0.9822296,658.1007762983546,195.1859931889363,0.72027534,587.073432604359,183.09486509790946,0.89720726,682.8990432124011,293.8074592720096,0.9957663,554.4432766630343,291.37287068773475,0.9972247,707.5707005597234,410.49463634343374,0.9618051,516.8992916982834,399.5847959021947,0.9782475,704.1578919621383,501.81510329496757,0.8914541,513.8705059423443,507.9280852854089,0.9289131,656.2322776395189,528.0813436383677,0.97082615,570.3526557467362,525.6373543986641,0.9722717,657.4170467319009,671.9019642794315,0.2697955,559.1972279741843,675.2854030165446,0.2901052,628.99316,688.46375,0.017598212,574.815,698.3665,0.01910615
330.0,623.8603526080625,187.37993059076348,0.99251664,634.1572027223907,177.1190877439727,0.96705735,605.0156871024694,180.4853741199662,0.9821046,654.5150312905278,192.14489445490943,0.7174222,591.7166793040059,192.2347641365269,0.897874,684.790799164939,294.0279773942725,0.99569243,549.0783640372515,292.68986800321125,0.9972814,704.7015081685953,404.62522185487893,0.96098685,517.0901800305091,402.10023865253714,0.9788927,701.081088443005,506.49291551512243,0.89030254,516.1829979886305,507.2996396725401,0.9305793,651.9928945849157,527.486512491574,0.9695151,561.4536803184916,527.4659923987264,0.9715581,659.5313044836029,674.1529492695487,0.2573735,560.599364475605,669.8994118954745,0.28100136,626.66766,685.5732,0.01650694,575.3602,695.31445,0.018150657
331.0,617.3285589066447,187.48598023476833,0.992543,634.9664294380078,176.03248500536733,0.9669549,608.2219835917336,171.82635149680374,0.98227525,651.895747477893,191.74041270857413,0.7146206,582.3219927677354,194.70963506294083,0.89930207,675.372792570839,294.2822957879566,0.99571097,549.0621829962885,293.3745883728006,0.9972916,699.6020130277304,409.2586535796715,0.96120894,518.2257280731893,400.4305520215528,0.97904587,704.1915568359572,504.92129356286904,0.89084446,514.3369971770945,511.4292467911741,0.93111193,658.5043441763366,527.5367124108237,0.9700199,567.1447394030344,530.6753667141813,0.9720148,657.2821574818639,670.9336516406275,0.26132452,558.8363600953845,669.8951962158795,0.28504306,627.2499,686.90936,0.01680395,574.92426,696.2302,0.018460989
332.0,619.2387109105533,189.1311566461544,0.9925193,634.7374781904842,174.94820670789872,0.966812,610.3083365274879,176.05619980768722,0.98226106,653.3483223114225,188.7967834304501,0.7137747,587.2652963587884,191.43212794802892,0.8993683,679.5407324751649,293.1785455313679,0.9956881,548.2564857979777,291.5653035514248,0.9972931,707.2422913920946,412.10153976455285,0.9610895,518.2015092649889,404.8622964006219,0.97913134,707.0848915425017,503.13014351587157,0.890792,516.6430772798069,509.13481956576203,0.93143606,664.4327363066219,528.1247118632563,0.96986,566.0739078419715,525.473362290296,0.9719412,653.6382646489279,669.3653877941945,0.25947785,556.016932804448,678.5790407625607,0.2836462,627.52325,686.64636,0.016636074,574.9448,696.103,0.018312335
333.0,625.7817423097138,189.46499285138017,0.99254125,636.529637075196,180.5122967067834,0.9669719,609.415341598125,172.20878302493102,0.982296,656.3645419915774,193.31817094729539,0.71428686,589.5001236670686,188.89553298310267,0.89938104,685.6837180349937,291.8204862302158,0.995696,546.406653770974,288.4150060573378,0.997282,704.9122916658959,399.93128888801283,0.96116716,520.744460952448,401.1415218638405,0.9789885,709.046188951027,503.10049959884157,0.8906983,514.825738087057,505.21152665359364,0.93095565,658.1316161104955,529.2465437543281,0.9699872,565.6109047027594,529.5931822231007,0.97196925,654.9351735235261,671.1068916746461,0.260255,552.3148546790233,679.2936658679982,0.28381076,628.1134,687.01154,0.016700625,575.0502,696.54364,0.018345177
334.0,626.1927431994249,189.34097489575367,0.99250877,643.0880827449504,175.21883567195596,0.96670824,610.644603208771,173.64897340103792,0.98230577,652.0433923084831,194.50359683029694,0.7126304,586.4434837252422,187.4198138004367,0.89991474,684.3398567148964,293.53685978178663,0.9956672,548.3502140657168,289.07033599785376,0.99729276,704.4239913444835,405.61633712930666,0.96092474,521.8896742208395,401.03644032903986,0.97916925,702.6286033520355,500.4560952541883,0.89050055,517.061702249833,506.22011262670657,0.93151253,654.4533894487945,530.4561829384692,0.96965516,564.0247588825632,529.2407310320714,0.971809,657.0218996720146,672.6475619233353,0.25778815,562.4663874884865,673.7526073612818,0.2822712,627.9205,686.3418,0.016502142,575.2283,695.8237,0.018190712
335.0,625.0598928466345,190.96682965909585,0.99252534,637.3698640613558,175.22301288377594,0.9667493,608.0669061074864,171.3027642944584,0.9823636,660.9606317093507,194.8930133162739,0.71215725,588.7137721045143,191.00929597566883,0.90030414,682.7915398411059,292.6871276204474,0.9956881,545.9609224587425,293.182693743011,0.99729526,705.0353813569164,410.5210502532868,0.9610938,524.5630802840665,400.92020445486986,0.9791812,710.9545194143298,505.0429381120905,0.8909862,515.7588140331709,512.3530253395585,0.9316658,657.9652615060008,526.9531319014752,0.9700872,568.7222848692691,525.9978257671391,0.97215873,659.4475537994142,674.4038627064467,0.26265487,558.2540464795953,673.30180211687,0.28705105,628.4223,687.3959,0.016899168,575.454,696.61346,0.018604457
336.0,622.3268369972897,188.7217887644149,0.9925031,633.172008588842,177.72858897534724,0.9662771,609.3164430535655,177.77376016553234,0.9825101,655.9439574817559,191.94261517052462,0.7076551,586.0367690318132,186.83229502537253,0.9018905,689.046888886142,290.3280804147061,0.9956267,544.0553231931336,290.2727695399435,0.99731946,705.7388912853244,407.026045088096,0.9608134,518.0744763404341,401.47532244282934,0.9797157,708.17688507255,503.35018930185606,0.8909249,519.6259304843525,510.67310415329285,0.93327147,656.2360472447064,525.1195368062,0.96958756,561.4756340897837,528.9373160213762,0.97200906,660.6967115844072,672.4570587388074,0.2558721,562.3021332715892,674.2870610943321,0.28234777,629.60754,685.6504,0.016306281,574.8372,695.1189,0.018096268
337.0,620.9756952438662,192.24014459315876,0.99248016,635.7229273161191,171.88033511482234,0.9660938,605.4333917839855,173.49776123465222,0.9824477,658.4840091158678,196.48390335906223,0.70749044,591.6058271901582,184.34409931360597,0.90199864,680.1749855969127,293.9026831888967,0.9956192,552.4533692644571,280.96489210397255,0.9973428,705.797543199176,406.2111141387836,0.9607476,521.2774419201952,407.43001233748333,0.97991765,701.7999870451624,505.23343170411005,0.89034367,514.2820776781398,506.80635229062364,0.93349683,659.5531985861948,529.3403166645232,0.9693178,564.2227100114883,523.5096009873763,0.97189236,657.170160269852,667.8347688741922,0.2503724,557.7373167663168,676.2285952732065,0.27751845,629.3915,684.4349,0.015789062,575.3151,694.473,0.01758495
338.0,620.6264707682885,189.8077272660545,0.9924921,637.2810397868851,180.02000965840256,0.9665212,611.8725582837251,179.56593716926196,0.9823202,653.8582591627357,193.68375069942394,0.7120911,588.1423992190329,186.658493025773,0.90053624,685.0800349361501,295.73277188465374,0.99567485,546.1349667922673,291.1428292592421,0.99732935,705.6503557872007,398.3214392615289,0.9611138,516.5584157227021,394.7352709191081,0.97958565,708.5459589698731,507.61536558447347,0.89072967,517.8252114203066,511.5162589991293,0.9324459,659.7453580856397,523.3359093629794,0.97003984,566.0591637535792,518.2149875206923,0.9723182,657.6212259818468,670.0423690125189,0.25926352,558.1936599344675,672.9305404573514,0.28508767,628.9719,685.14075,0.016612768,575.08716,695.40967,0.018391192
339.0,623.4735916485265,183.42994534813468,0.99248457,631.8183104127259,172.23001834219974,0.9663367,608.6415640910635,175.84981288719797,0.9823108,654.4626211077856,195.26753793981752,0.71070814,579.0215942876379,195.11886466695043,0.901076,682.2184197611632,296.13406512416725,0.99566907,548.2597066624805,291.54540499821223,0.9973417,705.5133767472051,402.87397355345576,0.96106774,520.0568552210367,400.0262751749032,0.97971344,708.7316654999854,505.08193747690206,0.89043415,515.269776725318,508.13710553863433,0.93264663,657.9941838451026,527.0330403363303,0.9698325,566.0787723971328,525.6590989354451,0.97219586,656.7703770469917,671.348488047343,0.25621587,561.6624158499158,673.7577365611792,0.28234425,628.98956,684.28253,0.016320765,575.7768,694.5415,0.018092781
340.0,624.6044726226066,186.72460326076768,0.99247885,635.2236654124747,177.3251140832516,0.96652365,610.6175267446719,176.98657896909344,0.9822453,651.271212980201,192.4580866163606,0.7133087,590.013508542906,186.79637443350543,0.9000444,687.1139029778549,295.07811229645245,0.9956731,545.9150996694437,288.8605602007165,0.99733824,703.2418630107705,405.82029175856,0.9610237,516.7835696169486,404.4048271997084,0.9796214,707.094539250847,502.3575583756054,0.8906352,518.9315055075391,512.6906217915014,0.9325045,659.3767432833076,526.4470054071882,0.96990234,562.1120901571677,525.0651966901326,0.97223663,662.6176823183562,671.3166802630284,0.2587331,561.4026167591222,675.3796598895896,0.28499085,628.7308,684.1571,0.016592592,576.31,694.7688,0.018399805
341.0,624.1661342420484,190.50143484497755,0.992474,637.4478229052717,173.13441383442307,0.9666731,611.865257957431,175.57590901110277,0.9822099,652.2646832498167,194.09110650943697,0.71501213,588.3193596336117,189.44403904331466,0.89930844,683.3893724335962,291.57574955990424,0.99568295,551.4659622281421,287.3626268206,0.9973309,703.1818381534429,409.10060013598644,0.9611102,517.734113064634,401.01564643517264,0.97955275,706.920014241979,509.72067295366344,0.8910712,515.9010412298833,508.69672826672587,0.9324827,658.3668719621046,527.564332280053,0.9702016,568.2718919948252,524.7714488171426,0.97246194,655.9072916963989,670.6570926255642,0.2628882,554.2312127579621,674.87369545171,0.28912163,628.5764,684.93994,0.01697582,576.0526,695.67676,0.018812716
342.0,620.8951815596474,186.41340035433512,0.99247617,639.4255007959464,174.97429247003006,0.9664656,607.1223312811535,176.80244986974313,0.9823183,657.0129005592933,193.71997719321803,0.71235967,584.3368499217726,186.05906544306018,0.9006965,679.4694647876855,292.4019873064313,0.9957146,550.9005936176874,288.3508386001261,0.9973409,702.42115405621,406.38905467909143,0.96109056,518.343405807553,396.06536605916216,0.9794834,717.7836686030355,497.05231544707766,0.89071834,521.1415731899339,511.3373985780428,0.9321766,655.9010329373868,527.262372024423,0.9702754,563.0268203834312,522.7733943842463,0.97247964,654.1872371976254,671.6727316738527,0.2647835,552.6951393430916,680.4606745839882,0.29061937,626.98315,685.3618,0.017169535,575.951,696.09045,0.01897636
343.0,617.3774636354846,192.8986745793863,0.99247825,638.8004796650804,177.55365181125663,0.9664905,606.7277980206072,179.9064558054587,0.98229873,655.5570295426021,190.60760224774424,0.71267784,588.6419940481843,186.9373609039625,0.90065753,682.8022356104814,292.85631374133857,0.99571514,549.3902477042844,288.84851151593574,0.9973393,706.9470439390916,404.6616171393344,0.9611233,512.2565909186734,400.6345518956936,0.97948,709.628935692934,505.999704131139,0.8904407,515.9505498381211,512.0582846731313,0.9320127,658.4093308266569,521.6048378271533,0.97016776,567.7049634797071,525.3412818034312,0.97237587,656.7935520232036,666.6368033922203,0.262675,559.2534967521173,682.2995771683653,0.28834176,627.1684,685.2921,0.016961545,575.91077,695.95386,0.018746465
344.0,622.1370414851414,190.12579866256664,0.99243116,635.7467271929477,175.72486307075698,0.96632695,608.8118398806317,174.99567513350942,0.98220354,655.6613103359693,196.02580120989882,0.71270657,593.821549843992,194.50191120325982,0.9003984,686.4777747140814,292.64440209041845,0.9956832,550.5310344290918,287.726308769153,0.99732494,703.5432355081277,409.6195571867149,0.960727,519.4896338190588,398.25885699174427,0.9793437,703.6466455134095,504.65058107874404,0.8896808,518.9941136311165,507.8734773837667,0.93164027,658.1316834144349,527.5044257791885,0.96947,567.2613041650648,525.9263898123702,0.97177684,655.725471398031,670.3700110024703,0.25762516,555.6343025259143,674.4677545472522,0.28338647,626.288,683.7511,0.016592234,576.4895,694.60724,0.01836121
345.0,618.5468672279527,191.2484910246136,0.99243313,639.206727778214,169.51585985413936,0.96605,615.0552597291743,173.55408923873628,0.9823596,654.652545103799,194.23040356235416,0.70876634,588.3314603369303,189.39906609510646,0.9018658,687.2503134990006,292.1274135573317,0.9956676,552.0830195119512,287.3856848200457,0.9973276,703.1241060369301,401.65593655450004,0.96058536,521.2870555897518,403.64982101307095,0.9794644,710.3763749540515,503.35670425993146,0.8898008,514.717930234612,508.8207180346931,0.9322678,658.8156382708089,523.2190012606692,0.96938866,568.6552187265373,526.3714131931487,0.9717666,661.9781082292998,676.5796293965302,0.25760084,564.8279238701731,670.2638648884935,0.28405625,627.0991,684.32587,0.01656428,577.805,695.3468,0.018361807
346.0,626.1424276644814,189.9595999664944,0.9924091,642.5638524313407,178.73290648699674,0.9659328,608.1195556121559,177.41236049776234,0.9823543,650.9152508659301,194.37777954118232,0.70769626,587.8569009157897,190.94908478610935,0.90206254,690.5138127714945,289.6917637039797,0.9956436,550.7822026335921,292.7566623828366,0.9973123,709.0215707299509,400.2773033112292,0.9603099,517.3716067367363,399.74325238430225,0.97929555,707.3346166687604,499.91724510328817,0.88913506,518.603819709064,507.54690057131546,0.9318284,655.9395866582269,524.5063369570614,0.9689164,567.8255075464845,520.0573415510481,0.97132564,653.8246932333828,666.3266873464996,0.25426537,559.884998619883,672.4452061978925,0.28044656,626.67084,683.7711,0.0163292,578.3282,694.97144,0.018095106
347.0,625.1795059161354,192.8093652486112,0.99238944,636.6360185219063,182.07464422597926,0.9659519,606.8503368313949,175.5543788869943,0.98230493,653.0051956558411,191.59648425936135,0.7085313,591.0289484041718,182.56240119088113,0.9017081,680.9496775619407,293.14298285256984,0.99563825,540.2166708662869,284.63408312130514,0.9972993,699.8038636116768,403.9216600033778,0.9602962,522.7938644077394,396.58152980605746,0.9791986,706.7679208080853,497.5324708271316,0.889174,519.9686580036548,506.7664691554251,0.9316333,660.0442040921666,525.3025161969587,0.968938,566.5657702439053,528.7549305135369,0.9713024,658.365619708563,672.8052872844402,0.25514787,563.9944204536511,674.2989980204142,0.28114158,626.73004,683.80164,0.016443878,578.089,694.95013,0.018211484
348.0,624.9601137571186,194.8855171599363,0.99245083,637.7771483635822,173.1331336137442,0.965903,606.7865818450933,176.26021568310534,0.9825457,657.249029699975,192.05521920036483,0.7047818,585.3543446181102,192.55234113990562,0.9031499,682.2570437095668,293.6825081072166,0.9956461,548.6987494852782,286.68711829631053,0.997312,702.4705258309281,403.72790754932106,0.9604049,516.0119869549619,402.4051514030172,0.979385,708.0636447333865,503.3491757701464,0.8896495,518.4378587768591,506.08912277657566,0.9323873,659.6100301836728,529.2577908052805,0.96902454,564.7970384301308,525.6447451859343,0.9714162,659.8912239892073,666.0016326666479,0.2542061,557.5462162004666,673.8283082944346,0.28041622,627.0882,684.32227,0.016319156,577.77997,694.719,0.01808247
349.0,622.8251546204979,187.99489150771953,0.9924747,629.2790292897423,176.18424041953642,0.9662204,608.3884699139137,175.53114518068594,0.98247236,659.8050702039534,195.56918525625727,0.70747477,583.123381477093,187.33250016241314,0.9021828,684.0882412895361,297.34243897965933,0.9956801,548.9632997718837,286.2360043613958,0.9973053,707.2037547260188,404.5547459198947,0.96066016,522.7079367678997,400.4030667187714,0.97919315,702.8839274693208,502.4107800709188,0.89004385,520.9135083216626,508.47032524231076,0.9318721,656.1778460234929,526.7949200061623,0.969447,566.3245814593931,526.1422728042882,0.9716611,651.2664687867242,670.0860897288856,0.25926828,557.3636273064441,674.8222547778867,0.28461456,626.92487,685.0132,0.016763002,578.26764,695.2566,0.018506974
350.0,621.7073484477074,188.15274653361115,0.9924755,636.5105777050071,173.44520044576336,0.96603084,613.0558256769486,173.7130341110111,0.98253644,655.0177764200843,190.6973866045224,0.70590067,586.6896499166622,188.77928779914217,0.9029962,683.1046116720019,296.2322710771127,0.9957032,550.4207073348246,294.8298586171459,0.9973376,706.7531861898817,401.9160239952604,0.960798,524.825130235366,397.9892938478142,0.9794867,711.8031423251914,505.47088781917165,0.8905643,512.9937931860369,508.9111745560015,0.9327067,661.5409145077329,529.0422014724118,0.9698819,567.8059717914781,524.0951616502515,0.9721553,654.2035870857287,670.657863128251,0.26344264,563.9672007127258,671.7069805806618,0.28971845,626.7169,685.6514,0.017093837,578.34265,695.8628,0.018908948
351.0,621.2341402857795,191.2188381021804,0.9924785,634.8344222234266,175.99323637171514,0.9659454,602.4306489921611,177.55972843430877,0.9825381,651.3965164843422,188.83201957515521,0.7060467,584.9386533081201,186.99588335693804,0.90339017,685.9902558650846,293.6044257018744,0.9957596,546.9080057436286,282.9630785228248,0.9973833,703.0539276434091,403.09699370810364,0.96119356,522.180565482864,397.74117215817085,0.9798429,704.8078626709153,501.7425741876538,0.8912673,517.1390830498719,512.3617645292882,0.933491,654.8604125253677,525.634038139023,0.9707234,570.3640945034551,528.2634081139512,0.97299635,652.6796475946812,668.4333917101095,0.27206558,560.0555458851837,668.0353531111583,0.2992412,626.47363,686.542,0.017838359,578.1529,696.25464,0.01975742
352.0,624.5159761610241,196.79949989337825,0.9924878,639.9197002774036,180.0003893540263,0.96590024,606.6693112264943,170.21186468705025,0.9826081,648.1215828495721,187.85396217350012,0.70509624,590.5583803874638,184.57607068000772,0.90395635,682.319693369524,289.467389079766,0.9957714,543.6818207877767,287.3911969324744,0.99738634,709.2410374160401,407.875983613127,0.96125543,528.0783852724626,398.91231455229104,0.97988135,708.8843957845193,505.3599288210219,0.891505,519.9136393574844,505.8781512898993,0.93366283,657.1542369158916,520.0418371619434,0.9709281,571.0413838469618,519.9112348029743,0.9731737,656.1105428622078,666.8320260018926,0.27488577,565.2340533827228,674.3066958702076,0.30219874,626.48206,687.0365,0.01808545,578.1796,697.0466,0.020019919
353.0,623.2971822090434,192.26314288333558,0.992459,636.9273313762473,172.95504545624982,0.9659687,607.4933164302267,179.63039277796082,0.98245275,651.9784774855351,192.5653760506354,0.70733273,583.4738417995936,182.58001750078145,0.90272355,680.9636120772461,290.55747893355846,0.995759,542.7044594620314,287.6253874375337,0.9973751,706.4038655003593,406.1524641198078,0.9611647,521.7767591179824,399.0877680909508,0.97977746,710.329458754328,504.6827364298256,0.8916135,522.3993158675898,505.2997026366857,0.9335023,659.4067267923017,520.228185349951,0.9708669,573.472796921155,521.1878529522636,0.97310895,655.2532601875414,671.094244699603,0.27653867,553.0324730900693,669.8305920266304,0.30380666,625.88556,686.03687,0.018287241,578.19635,696.208,0.020237148
354.0,624.8259427652855,192.44712055804087,0.9924727,635.143114322243,175.44142861628282,0.9659663,612.9176112440026,175.97673615993384,0.9824852,652.1321502214402,191.67612039490018,0.7067193,583.4997432770818,184.5629953149687,0.90325195,681.5454531900239,291.51063676216825,0.9957991,547.408204652531,288.7165122176575,0.99738216,704.2223864752677,402.7389751921274,0.9614082,520.766809172382,397.7573534893887,0.9797457,706.2834903598085,508.5275537034658,0.89206606,518.4423420452722,506.98731202012823,0.9335598,657.5852115018525,521.6891272881146,0.9713668,566.814971940403,522.5837336172775,0.9734839,657.2618895596158,667.9867352494647,0.2827504,558.5341626849589,674.000822005307,0.3095674,625.62103,686.65454,0.01887235,578.12476,696.47424,0.020822406
355.0,624.8229581300253,192.91215232364732,0.99249816,635.7494071258051,179.29313108110708,0.9661485,604.4440440597243,176.39638127910402,0.982522,650.94412490996,196.4082866406189,0.7067159,592.9832476974226,187.3011453953114,0.9030175,678.584864845398,293.16721887254346,0.99577534,548.3692497184079,289.0251297271431,0.9973561,702.4751794479652,404.0067899897147,0.9613874,523.9415222358268,398.93517515476674,0.97959155,709.8519789091694,502.80815990948156,0.8923046,523.7546045085277,505.0388105533419,0.9333812,660.5200390261043,520.3823519101531,0.9712713,566.10953313354,519.3336625766245,0.97332764,651.1247317771312,670.9467502881616,0.28178248,561.4417817177999,670.2441004750157,0.30810064,626.85645,685.92834,0.018782258,578.60944,696.3574,0.020691872
356.0,623.719052097794,191.1824094962964,0.9924708,634.3303991191103,172.2090768859676,0.9655882,607.2165550794833,174.9414177714333,0.98258054,655.1584911064515,197.16122394699732,0.70290637,584.6835156104439,193.01965440742944,0.9046149,679.2191857475868,289.79947528940875,0.99576926,553.4535039405475,291.2564754678579,0.99741125,702.2688353898372,404.8329440600824,0.9611819,520.203514992928,402.695536057375,0.98011553,707.5604579458713,501.68567984889717,0.89181125,511.7372193373465,507.9213753328753,0.9346306,660.7278383086423,521.8354733183721,0.9709257,567.3282745731817,522.1827613496588,0.97329867,654.3234870691919,669.9849161977415,0.27499038,562.7507023022467,674.011771682398,0.30334342,626.1374,685.04236,0.018063515,579.23755,695.29175,0.020048052
357.0,621.8235821389965,186.9015137008499,0.9924983,637.9319961584621,178.06644805191377,0.96598685,604.5373180743178,170.14426558016052,0.9825455,655.6736144910269,190.9935537524198,0.70495564,584.5978708298045,180.22780710692996,0.90364194,685.3699445691042,290.2152407089299,0.9957656,545.6641373065823,282.3654041262575,0.99736136,705.7798191650992,405.7941287127049,0.96124625,520.2112085215292,395.437818695712,0.9796219,702.4731551084759,501.4290564272178,0.89208007,518.6071875074582,503.5884666548508,0.9335073,659.4340654395536,521.3383805972691,0.97090375,565.830211480947,522.4857134102072,0.9730326,654.1136798849316,668.0618405976406,0.27772433,559.7042868058508,672.6547235293691,0.30412483,626.273,684.8069,0.018412739,579.1028,694.8805,0.020298481
358.0,622.9452522721981,187.1869164124708,0.9924829,639.4889263680993,176.23463991781614,0.9659233,611.5591477028056,172.55563560330452,0.98251235,658.0851414072915,191.59191323824191,0.70450723,587.2036551075887,189.6384119482062,0.9034867,677.7415866704541,291.98805823395924,0.99573314,550.1845460492186,285.48144963705244,0.99734557,706.9215986524725,403.9300716992937,0.96099377,524.074219835079,395.6296251469118,0.97954607,706.5850909728578,499.43841491450155,0.8915741,517.1939918437873,509.33784911725616,0.9333637,655.8739862451163,517.1207449892288,0.97036684,569.9712878186643,519.8487712822867,0.97256863,658.3827676176962,660.9942065961604,0.2725402,558.576889955998,669.5079616435257,0.29898578,626.66595,683.88586,0.017961472,579.55963,693.75446,0.019825459
359.0,628.7065685802494,186.80522013943633,0.99249756,636.1077603404586,172.06695750075255,0.96604156,607.1074453211377,176.05363214293814,0.9825312,656.817243948056,191.36676376538813,0.7049006,590.9633854293457,196.0206945564749,0.90349424,689.2559829885028,290.0715844912227,0.99575704,549.6800381257741,288.04454776370216,0.9973369,704.0918127761328,403.9400195665983,0.96114385,519.0324203635738,396.4630657661333,0.9794288,703.4358727793907,495.9654451280565,0.8916997,514.8260266421363,505.62104173695957,0.93301105,655.7185355125197,522.4705181447908,0.9706833,569.8913241507352,525.6722091243583,0.9727636,658.7231196121735,659.5792999500676,0.27604616,562.5492095466676,672.4152121782396,0.30191332,626.5501,684.9855,0.01826924,579.89233,694.6848,0.020115018
360.0,618.6701696344586,191.86609292097708,0.9925399,632.8418411087,176.0921958536721,0.96607435,601.5741997350347,176.66939314831018,0.98269343,657.0112298597992,194.73338238526262,0.703227,586.9217378500202,193.97945670875927,0.90496576,691.281173268599,292.8582801072551,0.99579835,545.5292039704851,281.4913592517436,0.99735117,703.6963065997281,405.0225237920597,0.9613886,523.7276516886949,406.21431032017483,0.97946453,709.388541165733,500.67286534488426,0.89194214,514.1141657154689,509.35570746660585,0.93302864,657.7787160096182,527.6526929755926,0.97116804,569.0729601680121,522.9926181279766,0.9731456,659.0587660254727,663.780201798552,0.28142464,563.7640932372929,669.0032005503916,0.30711287,628.0761,686.9729,0.01870218,581.0389,696.5652,0.020556092
361.0,623.3812224378289,191.76828891375104,0.99253696,635.3545103466491,178.1288234878843,0.9658817,603.3513504606101,179.42792425122036,0.9827267,650.9981632177974,198.3094668915194,0.7017922,587.1914751061636,193.4447344672721,0.90534556,688.0672049135829,293.3313680462746,0.99577415,544.6255006576102,287.39253812782846,0.9973759,706.2394099788413,401.1357399181668,0.961336,518.9948024357542,394.7703413554785,0.9798159,706.5905685805322,500.1053348579276,0.89224887,519.8620436973085,501.61785658451356,0.9339938,657.330815894162,518.419817261934,0.9710022,563.1459695992215,523.6691038523944,0.97316897,656.9840873684531,665.926323252327,0.27760062,559.1818957094227,672.3312774016033,0.3044719,628.20026,685.7123,0.018314391,580.70856,695.4133,0.020219624
362.0,620.0531660005453,192.84160542988067,0.99254566,635.5440179989386,178.1784007764039,0.9658678,610.264920118203,175.53570067738218,0.9828006,655.2703913218504,192.0057302037952,0.70067286,587.5492877760022,188.86549724434187,0.9058268,683.6876160265731,293.3195577293112,0.9957784,549.1573952705488,285.6544304185623,0.99736816,704.7621432401462,400.9468187752585,0.9613706,517.4939942172026,400.0997503834474,0.9797509,706.3113054749576,502.5128926619872,0.8924334,516.5498316039324,502.61842723420915,0.93389356,658.4200114108428,515.3288623627992,0.97113967,565.4846581976833,512.6479589105901,0.97324204,657.187485232646,665.485331271214,0.2803268,564.8849534587481,670.8078848654377,0.30692458,628.27795,686.26636,0.018587291,580.55756,696.11145,0.020485044
363.0,619.6811100799023,187.0094800790724,0.9925435,634.1727804999256,174.79652830246883,0.96601844,601.7370101691049,179.07920937935037,0.9827241,652.956425731082,188.7700053519108,0.7026258,587.4309234343189,192.22885467516505,0.9050574,681.8023991854657,293.22167564641626,0.99576974,552.0301270237799,287.34134409111965,0.9973588,707.1068170155816,400.9639986548033,0.9613011,517.8498789740946,398.0159041961114,0.979648,705.377845221351,500.92226684148613,0.89211905,515.861432451433,511.3088944457476,0.9335013,650.2469700955472,519.804953913518,0.97092247,568.4658330765571,523.5844938213996,0.9730288,654.5065522278009,664.8799135905181,0.2778864,559.9140543788072,673.7933358143745,0.30423144,628.67285,685.77246,0.018374354,580.73816,695.5995,0.02025479
364.0,620.8654482452018,185.77456407321654,0.9924685,634.6635198712556,176.43872727474988,0.9656798,604.2756391477556,172.99924753836254,0.9825729,656.137780601932,189.85769274542682,0.70277745,589.5656624245104,187.33474111499947,0.9045962,684.2698500275268,287.4617198650418,0.995717,549.5926563110048,287.1056245679087,0.99736786,711.2836722715371,399.8403247887295,0.96089077,519.5122554521203,393.96095947198694,0.97985065,710.3723083584019,503.3590451532481,0.8915382,520.8449356712057,503.7099260577164,0.9340056,659.5111066706196,519.2157116052077,0.97019005,568.2396498045601,525.2784440303296,0.9725731,658.7893056933325,666.774411920309,0.27045143,559.8199335430003,665.4327609529995,0.29814258,628.2221,684.3784,0.017713577,581.17194,694.06726,0.019649565
365.0,619.3328549111149,186.09917730718269,0.99249685,642.5500264588713,175.65632936926036,0.9659104,608.881838873913,173.10138959626454,0.9826165,652.5988074241005,192.23338009052904,0.7037866,579.934966291964,191.1705050884546,0.90514576,679.4407263853685,288.18505656847555,0.9958144,548.4140141389123,286.0365013060405,0.99735403,700.542707412117,401.74138270315626,0.96141917,520.8717018029197,395.8788077773921,0.9794233,704.1184906456674,497.07737741925627,0.8917929,520.7321347370652,505.40682090171816,0.93262553,656.3020316784125,524.0421212690107,0.9713024,564.914107662598,520.495976031237,0.9732404,656.51963192689,663.3843493458959,0.28423297,561.657202519596,671.4459079619853,0.3097326,627.84735,687.69354,0.01899895,581.28754,696.7671,0.02086988
366.0,625.7832467253484,189.4400296831271,0.99242365,637.1799562322799,172.07287055696176,0.9652703,607.393521298988,175.89625700927036,0.98261595,656.5884031320267,186.6264881212758,0.70004916,588.3401986308938,185.73098343134353,0.90620023,688.0743175742496,288.8600236186699,0.9957554,545.6989654664235,285.3385671195604,0.9973739,707.4133072695831,403.6533347429118,0.96087086,519.9958587652247,397.6249320748327,0.97972524,705.2412955524147,501.2614685309024,0.8911183,515.4858360385887,508.86540194626616,0.93356526,657.7189173672474,520.2633855698464,0.97043353,572.1088424881505,520.6628783412592,0.97271025,656.6594719651457,664.8971393220903,0.27539918,564.9452454287173,669.0754118367429,0.3027842,627.77325,685.72766,0.018203348,582.3501,695.13184,0.020143181
367.0,614.4659672698415,185.87353039252554,0.9923778,631.970222586892,177.06634249780353,0.9656492,603.5263516054894,171.56221002544274,0.98229945,651.653867716418,190.70043242559817,0.7062949,587.2608742442524,188.55441045918832,0.90292805,682.5059125580932,294.46054154972796,0.9956881,546.959346367753,289.23039383167753,0.997324,708.4175686659644,398.30612265138,0.96045715,523.6736543853607,393.1592029919492,0.979339,705.0570529006842,499.204435596569,0.8905729,520.130882553068,505.93047339562196,0.9325948,658.7853030143579,519.5582200609863,0.96950895,571.7695419632306,521.0760099667627,0.9718315,657.1538778101269,662.6062670947491,0.2672372,566.331116328345,672.3833168936665,0.294085,627.7337,683.8103,0.017543226,582.54865,693.7092,0.019437611
368.0,623.6213600650375,192.53994361672434,0.99237376,634.8208677628147,172.32925041169315,0.9659668,608.5240966716814,174.44249855234037,0.98218,652.4214581857625,190.41540511098358,0.70955974,593.777616160622,187.71322672388845,0.9018289,680.6812942008748,288.2240906730876,0.99570054,547.2548372771614,287.28199409675506,0.9972855,699.3874263040466,404.72774121066044,0.9605689,519.3626097482135,397.72007903972775,0.9789357,706.3913700061929,496.8295458110934,0.89049554,519.4389590018735,509.850064734918,0.93152356,658.8516768323378,522.1804835339551,0.96974194,565.3576829408244,524.0182858669501,0.97183514,655.5536317210576,670.3307447692775,0.27141136,563.7814394965495,665.557595324604,0.29684347,627.65125,684.2501,0.017951727,582.2203,694.19025,0.019783199
369.0,618.9080051618978,188.0884242016402,0.9923744,633.7124611013809,175.16833567837523,0.9659083,604.6237242116733,175.07640089187413,0.98213625,648.0368020738485,193.4106188382678,0.7097084,588.1804287826076,183.70797992445566,0.9018309,682.9292033126791,289.67891862229715,0.9956919,550.6984131799462,280.8245401961138,0.9973065,707.3913008531122,404.17951099320516,0.96054155,517.3825786077731,398.1344357778765,0.9791461,709.3114723228683,498.16027307230684,0.8901557,516.9986488461524,505.6360294704161,0.93178946,660.4849041741941,522.6815243277799,0.9695239,566.7416208423939,523.9120191729968,0.97175217,653.5910079583748,659.0573304846988,0.2668528,561.6090799036165,676.4535981262796,0.29280305,627.7975,683.5171,0.017464817,582.2481,693.1242,0.019302487
370.0,615.8509370621758,189.6441641768588,0.9923728,636.3192128508912,177.2866375073404,0.9659337,602.6707610832525,175.27557349638684,0.98207986,655.2259705905699,190.22390799074927,0.70997596,585.130908130965,184.86203392458864,0.901376,685.0518961123934,289.81941878776064,0.99565995,549.0599798251036,287.05924391607255,0.9972934,708.5017622205172,400.078277643443,0.96041155,519.4470094376095,397.83124147645213,0.9791349,705.2782240558159,499.15788127028526,0.88975996,513.4480107970594,506.5901213426173,0.93173826,661.6497153116745,521.4506866739326,0.9690585,566.8516001443772,519.5826098199029,0.9713605,661.5632762038119,668.1104237356174,0.26157498,561.0644457016318,665.6360337562908,0.2874903,628.16986,682.14844,0.01699698,582.5412,691.57227,0.018804431
371.0,617.5020703913053,188.65935667889883,0.9923871,633.5917081785129,174.42691940539493,0.966262,608.0000705169015,172.86640357867628,0.98199797,653.1746047848595,186.97044425378692,0.7129191,588.9730805773758,186.03968686989847,0.8999922,682.067235064935,286.94314459157704,0.99566853,553.0050790368961,276.03318120731745,0.9972788,710.2418486908579,404.1865783898299,0.9605664,523.6724076096253,394.99193313120486,0.97898936,704.2852134692309,500.2101765857524,0.89033115,521.0345940885597,507.9869810750982,0.9314853,661.2456465440351,522.2621345787123,0.9693418,573.1673264713453,517.9914942783022,0.97151935,657.7837204462962,661.9353646437407,0.26521182,566.6773046531433,670.8428273384969,0.2906726,628.41516,681.8115,0.017367661,582.8711,691.1909,0.019182056
372.0,615.059566384517,184.4791402158067,0.9923682,639.8588020132037,177.55608683736526,0.96604294,604.1898339860498,171.97395360539605,0.9819963,654.4918463518015,186.52138051786451,0.7121071,581.859331618798,188.70978227839734,0.90049946,688.4704806499043,286.9453485931208,0.995692,552.6764489320535,289.8166803723068,0.9973055,700.9019869831342,401.8900354432802,0.9604654,524.745299507623,396.4631845181225,0.979108,706.1666431511012,499.28400297824516,0.8900424,520.6606133918228,502.47188978635796,0.9317688,658.3221042055711,517.1643685095529,0.9693585,573.8712003467471,520.3894480149178,0.9716143,655.547711864252,660.9225230783317,0.26611212,566.5616579362273,668.3718273913781,0.2923636,627.1793,682.23065,0.017433912,584.1677,692.04395,0.019292712
373.0,621.607433037879,185.3076178648611,0.9924029,635.8397026710182,176.15748146628835,0.9663672,610.849689741526,167.18285389931506,0.9819678,654.2522233820451,190.83097472156246,0.713842,590.9183056458149,193.63461608356081,0.8995669,684.7193357546693,289.1874804391207,0.99568987,551.5444369814459,284.1207450189809,0.99728096,711.2348855656169,402.99074183930156,0.9605572,523.8290134172429,399.8729553656592,0.9788957,702.1346243070785,500.0941000984044,0.8900358,524.7445015641076,509.923020615292,0.9312054,655.4993760090041,520.2055091711135,0.9693588,572.5312426886858,516.2578007146287,0.97149587,657.7371796995624,665.9479355105464,0.26384777,558.5656476243843,666.7327531491646,0.28917885,627.79175,682.5378,0.017163217,584.09033,692.107,0.018954188
374.0,617.4509354160998,183.18525977666465,0.9924978,635.1510051327797,173.98852362375337,0.9669943,605.6921972092669,176.61836532316826,0.9819699,650.5265278443383,187.77210448084227,0.7165997,587.4071822856796,186.95729449480282,0.8985108,684.3979309062854,287.8995520116965,0.99572694,549.4259066620708,288.2732157990831,0.9972507,706.7152298722501,401.7905152347547,0.9609317,522.3895185098576,397.77488784388805,0.97847044,705.3564957336871,504.5697998540897,0.889959,522.3971921796641,501.74057097109494,0.9297068,658.5185506452367,521.6004006673796,0.9695247,565.4138927559225,516.6933699720194,0.9713682,658.3929748752538,662.9861877600254,0.26371795,561.9666887900665,671.2400726838783,0.28666025,627.9689,682.3264,0.017123044,583.42896,691.5666,0.018764526
375.0,623.6628433392418,186.8495530803709,0.9925058,635.678224350663,173.43129813341724,0.96668607,606.8898372632942,175.24486039669807,0.9821073,653.4404293225697,193.94213966975343,0.7127374,590.1632498921839,188.26265089895688,0.89998937,682.8103217807176,285.89350074314973,0.99571,548.9898267062623,287.6242542450362,0.9972718,708.535453923245,395.00535382803434,0.9608191,527.6389451583989,397.5747894754974,0.9788061,706.893789077081,497.1945030680373,0.8895985,514.1838401790153,504.96049566249314,0.9305069,661.817301111894,523.5189085570285,0.969193,564.7652938130763,515.033572644626,0.97122467,654.3910944211513,669.329315378034,0.25851095,566.4275800851075,663.3839384580458,0.2824204,628.16223,682.4767,0.016605198,583.468,690.8961,0.018267691
376.0,622.2055321486118,184.40564781639375,0.99255466,634.4216384429188,172.75563655632055,0.9667482,609.6586017733981,165.63716674351582,0.98224187,653.5684486272236,189.236648972931,0.7113871,585.1155899444491,187.68677770833852,0.9010525,682.4978087675469,290.6483863188432,0.99576354,549.0825726447157,284.61811240889705,0.9972956,707.1795777651688,392.0158716416695,0.9612247,524.4463345786256,397.65228319738304,0.97892106,708.3781594321588,497.53071788657513,0.8900274,515.6238078868124,507.5826059327313,0.9306425,664.3614855591316,516.2040764567979,0.96993375,566.2535220030829,517.0475040605032,0.9718498,659.9721215766931,668.773755568347,0.2640411,562.9543510607301,663.0858775223926,0.28771025,628.79913,682.8479,0.017046303,583.54517,691.38385,0.01871252
377.0,612.9249927246946,185.44048978003408,0.99256456,635.0260627474927,169.58832884932144,0.96664226,610.3734216189324,171.3325569476193,0.9823618,657.2508880238471,187.43777408099433,0.7088004,583.3168287362114,188.7764802565081,0.90193397,678.2688581909028,290.0347371326074,0.99574083,551.4986454724493,283.19225784224574,0.997283,708.7000730261768,392.70963111525504,0.9611151,522.8524909740875,396.55056831310094,0.97891605,705.8972097634315,498.9722064197571,0.8899643,519.2054744975806,503.1105989126456,0.93074274,660.5252977602942,517.6694656074154,0.9697598,573.6567307222491,514.9155716087214,0.97169435,661.3346009972165,660.8576767553886,0.2626804,566.8989808892483,667.8429904817399,0.28627163,628.97144,682.9365,0.016925126,583.0847,691.2373,0.018568784
378.0,626.018853820945,185.1329059513022,0.99257797,636.1951769419724,177.99222413701466,0.9668158,608.5109991870866,177.51107998931943,0.98235536,652.3630462190056,189.06264465375074,0.70927083,586.7264129109235,182.35030380223918,0.90106833,684.8982502390643,289.01702452721247,0.9956887,547.9519143135104,281.0315580628812,0.9972478,703.0079089769806,404.0151602114698,0.9608294,523.9339197747622,393.35626357584147,0.9786923,709.3702884710438,500.1564659506412,0.8897767,513.9582672893965,503.63693877245197,0.930351,660.715156339144,518.6624647965965,0.9689925,568.9213872490128,523.1471576390668,0.97095966,655.8433838045183,669.7983340651123,0.25584,566.1067319542074,667.3394523009472,0.2788089,628.7187,681.85315,0.016377807,582.73926,689.64185,0.01796022
379.0,621.732751500762,184.936033269565,0.99257946,636.4219416111719,174.54485340318428,0.966756,607.423187600709,172.95730028041186,0.98238426,650.1031667279524,191.48132694800532,0.70858556,581.5764519854724,187.8677318459199,0.9016255,683.4352790423328,290.11424534052674,0.9957215,546.8297132748402,287.0408516304436,0.9972537,707.2745410347324,396.9548866080913,0.9610064,514.1570776729172,396.12553133895955,0.97868586,713.6142248564829,498.0307406085171,0.8898035,521.0799105776259,505.50169830418804,0.93019766,659.21690248462,517.4160566689369,0.96937793,565.2622398495848,514.5722632435873,0.97125864,653.3795976242798,657.0954157061788,0.25978494,564.2273213175092,667.6786126511879,0.28250873,628.29846,682.04846,0.016744226,583.2508,689.83716,0.01832658
380.0,623.9578114618447,184.1589644449557,0.9925256,638.1084189349428,170.79010947377316,0.96657544,602.9352998695571,174.5773067073724,0.9823115,649.7110380831227,188.1833629439778,0.7080716,593.4332141904043,186.46736901254397,0.9013182,683.9726082289318,284.27486627469193,0.9956458,555.091848378661,283.6429104286657,0.9972249,704.3591001556289,393.5343375280293,0.9604131,521.7731999323809,398.3497080124433,0.97852534,709.3822851824631,493.71917589920764,0.88850546,520.2232994908198,504.24020909313566,0.9295517,652.7193446483258,518.7091167188911,0.9682925,567.0126649115916,518.1934990501503,0.9703343,660.2858061300599,667.6046725684057,0.25022382,559.28766250344,669.0505675414554,0.27307034,628.4243,681.14105,0.015943736,583.1025,688.8772,0.01749748
381.0,617.074734768375,184.12346946189442,0.9925676,637.5399743814531,174.81246221597735,0.9668715,606.3755961148628,168.4400121549441,0.9823371,651.9478167010463,190.3834328425337,0.70940024,584.0717469290846,188.8162857720342,0.9009057,684.6546739128959,283.8307085724727,0.9956572,548.2330108222609,283.4423602062445,0.9972113,705.7188727442345,400.74242952353944,0.9605669,520.6903643338073,387.9437735588312,0.9783915,704.677189019288,502.1665014804029,0.8885613,516.8845174365126,506.24355814135436,0.92908996,656.8214251772926,518.3318341485879,0.96843374,566.1304466530581,516.175415256763,0.9703646,653.9809041578842,668.4408254306205,0.25067252,560.1112297390974,662.9784189294445,0.27277297,628.7533,680.8342,0.015973032,582.2249,688.69824,0.017484039
382.0,621.3169579906605,182.93845027656536,0.99259734,637.6605436241757,175.39719088543598,0.9670561,611.3265083224916,169.76281744949605,0.9823506,650.4327968246646,187.4984563275855,0.71168685,590.8236031688223,189.46976675605057,0.90110105,679.6989628457602,286.0034153510873,0.99576443,546.9081797845048,281.8491086607002,0.99725926,709.9745594423015,400.2717777166298,0.9612483,522.8886283405697,399.9314830705532,0.9785526,707.1537323490772,500.44699045391053,0.88940006,512.5851343453928,505.58998453461305,0.92904055,663.0661107215934,515.1216746153309,0.9699663,568.9768974114188,515.8549614707933,0.9716997,653.7224149165932,661.6573349342866,0.26450896,569.7096508167514,670.891486143579,0.28633237,627.6139,682.9677,0.017117769,580.86804,691.35315,0.018668145
383.0,620.6429389473196,185.08452134807612,0.9926732,633.7760789636388,171.40175775087172,0.9672946,605.3249936884566,176.6150908417544,0.9825061,656.3826528499554,186.81645062558573,0.71084285,579.7665019371689,186.13394099168494,0.9020447,683.6434567705103,291.7838541662716,0.99583745,542.2236878078149,284.74740785750345,0.9972608,710.4786713934348,405.7231890950617,0.9618327,524.6407359107009,394.2860267665754,0.978464,708.2265285993622,495.87206575934306,0.8901753,519.9371019026614,502.4325359628747,0.92877114,656.4212179653147,521.6612617444846,0.97092015,569.7888620531763,519.1688095939245,0.97238064,651.3706753509856,666.2891574086954,0.27399555,562.0036334356727,666.5768363604345,0.29441673,627.7287,684.0695,0.017963022,580.0421,692.1122,0.019455284
384.0,619.2338506994945,182.49330228054248,0.9926687,638.1787330717153,172.4793644322796,0.967119,609.8316416607889,164.75804758663753,0.98253286,653.3960943723699,187.31391386152194,0.7094286,584.7323145189204,187.6848817502362,0.902672,681.748533916271,283.96067589816005,0.99583995,548.4390589727144,280.65598724665386,0.99728036,707.2426990682656,403.4132603548089,0.96177346,521.6998874397682,394.098967375673,0.9785911,711.4556838510932,498.3728005599702,0.88992023,517.9734200982846,506.4700575828421,0.9289836,653.0826266884688,513.3280854663801,0.97077036,568.0242625596007,513.6352491582521,0.97230846,660.7318264177821,667.1839599451655,0.27038354,566.103780324991,672.2705701392812,0.29119235,627.21423,683.6514,0.017596483,580.1366,691.6393,0.019092888
385.0,619.2776869835889,186.54593558503504,0.99266696,629.1243291443941,175.8018727803097,0.96733356,610.7292624343778,175.43661256272998,0.98243064,658.0226867799489,191.8352428974656,0.7122011,587.9493738992816,188.65853058235507,0.9018594,684.2061950517866,289.66454951513003,0.9958591,545.3105445174203,280.9281023869557,0.9972721,707.7868710816746,397.00706911593755,0.96194243,521.8551169938199,393.136748558199,0.9784498,707.6209498814493,496.8698984354307,0.8895855,518.0521214820237,505.84825005405156,0.92817175,656.9941005460424,519.8272234167628,0.97100526,565.2068952944126,514.5092801134118,0.9724456,651.2309224433532,672.2469070450154,0.27120215,561.9091307265675,667.1590283559386,0.29130495,627.4776,684.6399,0.017593086,579.73627,692.7843,0.019055009
386.0,618.8425877118847,181.5836010329938,0.9926787,635.3657929337535,173.67169929701816,0.9672124,603.6725451939192,173.0075157901906,0.98254347,651.9908544297481,194.15940822927462,0.7099649,581.233300144462,188.17137561075822,0.90306246,689.7071729798728,288.1883055083545,0.9958891,551.325064798039,282.4109411648844,0.9972832,704.3196784103845,400.5170103566544,0.96217924,519.7774448342578,392.85353899344375,0.97853804,707.3341893975775,499.37086980175826,0.8901011,523.9464160102688,505.99810981365897,0.92853713,656.2996503981881,514.5758210260714,0.97158945,567.0633860167234,516.9899511810495,0.9729511,657.1792829363201,668.696097474356,0.27793476,566.1502973499247,670.8037424936274,0.29799873,628.0131,685.0748,0.018207282,579.9119,693.52026,0.019686282
387.0,619.6557722411596,182.24305264401232,0.99267626,638.2243291291286,164.76333577016726,0.96722686,606.1370489005086,171.59633679891408,0.9824983,650.66022609678,187.54729924439067,0.71109116,579.1390653934055,178.06098000384202,0.9031061,690.0604499090174,285.57379946095415,0.99592835,548.7581684278799,280.25280973325476,0.9973053,700.5859917012663,401.6185677024574,0.962343,515.8882552357821,398.1974300554933,0.978549,706.5392064666988,497.12037033198146,0.89011824,518.7234321971964,503.95715844716653,0.9283799,661.6152113067402,518.8927161152151,0.9719182,572.039343929675,521.9772269318025,0.97323346,660.3633942695263,665.4284253171849,0.2817511,561.6641305531801,669.0002113323523,0.30162057,627.49854,685.35144,0.018557578,580.34796,694.0276,0.02004242
388.0,618.2032864159956,179.82333869005774,0.99269104,639.1705339230217,171.99646691342048,0.967183,607.1867613499576,170.4238354209036,0.9826013,651.7688728770846,192.79340381080686,0.7093421,583.5505588773771,190.15041383505684,0.903649,686.1279137053842,281.957434450947,0.9959173,551.6824093488726,276.78415047318674,0.99729586,708.1102875705354,399.6197217060695,0.9623488,522.4044439698855,389.6607212549343,0.9785902,706.2134993060415,501.19314862274933,0.89040554,520.0637215528686,508.0783921331707,0.9286929,661.9086108986396,515.8436356712798,0.9719769,566.3107450162589,514.539631554665,0.9732835,659.6509665791879,668.7306160099876,0.28289258,559.967920909151,668.7904814505537,0.30286652,628.03125,686.1269,0.018655777,579.94995,694.72644,0.02014321
389.0,624.8103085996597,184.18203613574255,0.99268186,632.9509463708714,173.78448008690484,0.9668958,613.5620204508485,171.46344734298705,0.9826507,656.0726924442938,188.28688472139834,0.70669746,581.3912514305084,184.19340860938226,0.9047203,684.0939938499288,283.05509046747574,0.99590564,545.5279983454541,281.3695670416687,0.997308,704.908292416252,402.1918343896255,0.96210134,518.3646876212813,393.3866627149777,0.9786626,707.4766619960222,499.78543473743173,0.8895485,512.5938284993324,496.6609999541034,0.92875326,658.0872493319191,512.7820249315629,0.97142726,569.7627003957133,515.4335401116841,0.9728508,656.17507997015,669.0234447660382,0.27591032,568.0206700235353,663.7808569152237,0.29634327,627.619,685.4096,0.01798302,580.6188,694.2358,0.019453704
390.0,621.6689356073,184.38246999244893,0.992609,635.1034310069831,170.47378023981247,0.96653944,604.0732985892313,169.48225533316418,0.98242545,654.5976057874772,192.34861830441557,0.70748204,586.8004507020713,181.95609926327543,0.9044253,686.1518041488335,283.6998157913334,0.9959024,544.7256231164694,282.38891207663664,0.99733037,704.3787227061583,408.59548731723595,0.9616474,523.5651342816612,395.0930885688022,0.9786584,705.9724552587772,500.2108659784757,0.8877494,514.9092769277208,505.58472661706105,0.9282355,654.350019110605,520.8754619954519,0.97063434,562.3316945758206,519.1597203023593,0.97224706,654.2920616856719,662.8645240391784,0.26709116,561.5725055029205,667.6276461633485,0.28826576,625.07587,683.2816,0.017193556,582.84503,692.1986,0.018668234
391.0,619.7473332719371,186.51355579291095,0.99257135,632.3581446510392,167.7340018457671,0.96664596,606.0119227463529,167.08599322058467,0.98226476,652.267113363798,185.26985866116607,0.7099638,587.3552478398813,190.65088493734757,0.9031389,688.2988574936825,288.35805311275936,0.9958812,550.1115912947846,282.19709504200546,0.9973024,707.3135403951212,402.203541465826,0.9614422,520.2036987254351,394.4526368756488,0.9783602,711.7329452540126,502.5742243059222,0.88737226,515.8705549152937,504.1322886654808,0.92745817,658.5707255292732,512.6803620430697,0.97027487,568.8237019102528,514.7603676805793,0.97184575,655.7582680899134,660.457262591131,0.26624912,562.9122944708412,667.1571445352142,0.28685763,624.7269,683.1157,0.017192155,583.00073,691.6769,0.01864621
392.0,628.23475117878,181.41958658710303,0.9925351,637.5285825275338,168.6729215378085,0.9659873,602.6235989079319,167.3520337258669,0.982366,658.6537152247266,187.37296925461257,0.7051445,586.8177083932732,190.15669020098767,0.90517414,684.9204815414992,284.0484174403387,0.995872,545.9787643280013,284.28766400456567,0.9973593,705.1661913682192,400.6198373798668,0.96115905,520.370200875831,395.4014829787159,0.9789182,710.6562504816213,499.9246085219128,0.8869744,526.3138511820938,506.45462885198566,0.92897725,658.8369432459648,520.4109860476901,0.9699117,569.6439374202857,514.1783908570882,0.97182107,655.7490631548812,659.2487522459435,0.26123452,563.9809207321488,666.4431614724457,0.2840227,624.0048,682.0764,0.01671049,583.8244,690.59973,0.018259764
393.0,622.5447771077453,184.782386619074,0.9925486,634.3406662377228,170.836373403418,0.9656887,603.8295745557095,170.7556413457538,0.982535,657.4849016763798,187.77555136854747,0.7007113,583.0404248120819,185.42930416546966,0.90653086,685.3879796824568,287.6379574606926,0.99584055,543.5189636671228,281.780966651656,0.9973698,704.1663727536647,404.2809934104721,0.9611054,517.7078381481924,397.24859620215483,0.97923493,705.8132697641385,501.4665081075231,0.8874483,517.1687795223114,503.00040505872187,0.9302033,660.3685568821811,525.946355446777,0.96984017,570.8688475162453,515.0550570071163,0.97188604,651.1960964268833,662.5217397111695,0.25905186,562.431454991926,664.4844967623363,0.28287542,625.50684,682.17175,0.016444236,584.2216,690.6748,0.01803124
394.0,623.8935526579746,184.63004053868582,0.99257064,638.3232023535907,173.3893909559383,0.96559215,606.0375119482532,169.34543933673712,0.9827031,656.075647391199,188.7881104308885,0.6977304,589.6673944626134,183.20504442648604,0.90793675,682.785037603017,284.3098054902417,0.9958544,550.047986161689,281.97921624870247,0.99736524,700.8065591159952,397.9705810272245,0.9612671,522.3376722418344,396.3765130113102,0.97924453,712.387058979684,494.01070587681664,0.8877876,524.899794347353,497.29624684431434,0.930326,654.9063146525492,514.790781518486,0.9702256,566.2231771076679,509.1754915284064,0.9721786,660.7244033845178,665.951067735624,0.26286668,565.1055492218692,674.3425560668134,0.28640595,626.3418,683.13245,0.01675713,583.7327,691.60864,0.018333346
395.0,618.3317128603039,177.29851362621855,0.9925474,634.2049972687747,179.69828646717633,0.96563125,611.4856727053626,166.20881592037094,0.9825947,654.3870665780915,190.71912216393122,0.7000253,587.5776204620765,186.7856638874311,0.907138,683.8421716724263,293.86982813154475,0.99584866,546.603561815615,275.6266300194231,0.99737227,707.7178794938046,403.42719705427595,0.96121293,521.9799545502871,393.66862634216255,0.9793017,708.9907401508643,495.24994480642584,0.8878367,510.5281444646202,504.0978999934483,0.93046343,658.7683624140817,515.1692703808361,0.97011614,567.5028997784815,523.3550994237249,0.97213864,659.9590495956481,665.8908531872152,0.26109242,564.4060174750152,669.9778708688639,0.28504777,626.33936,682.5267,0.016599268,583.66583,691.3252,0.018204212
396.0,618.381176429937,177.90926830263754,0.9925686,636.2396485448585,173.73152258096135,0.9656389,612.3018807670655,172.29321502907274,0.98265016,656.0991640100967,183.76712556821295,0.6990631,583.764481882171,188.5781303877286,0.90752745,678.2821285279064,285.94108168606147,0.99585056,542.5997351382673,277.20142770534267,0.9973712,704.9932912955335,407.92766149000033,0.96131635,522.5180365404991,399.02790512236993,0.9793451,707.1204733625462,491.34573005946964,0.88778937,521.6497079677455,503.9626482783974,0.93045074,658.0984185886537,515.5437970218068,0.9701335,565.8346996182339,513.1044480079679,0.9721409,655.5864986608165,660.8747735795306,0.25990808,566.6206823435983,667.6064866414393,0.2837073,626.8214,681.9487,0.016498268,583.35876,691.07886,0.018081486
397.0,618.9320955602248,179.19662476898606,0.9925666,636.5543816234723,171.04113599219383,0.965067,610.5369944914333,172.4463380935327,0.9828782,655.0017305206214,188.55549099024282,0.6923423,583.9384064958161,183.25068094411327,0.9101132,683.0209608053365,284.1313638978555,0.99582845,551.9074627224423,277.8404419163925,0.9974017,707.2189286427156,403.033023393414,0.96102715,524.7161136990527,393.8604310158156,0.9797118,706.7522856234875,499.89219859604736,0.8871577,518.1917132789632,505.1315799740915,0.9314476,664.400409964086,520.1188356718419,0.9696567,563.6373632399573,515.5432636740546,0.9719225,657.1826685873446,669.0559995138278,0.25360742,562.6700325198649,664.439429242313,0.27867055,626.63696,681.10846,0.015918285,583.7693,690.11865,0.017524272
398.0,619.3984917845078,181.27866946301043,0.9925599,634.7369745458642,168.84119748426926,0.9652919,608.4418408279548,171.79651819820447,0.9827901,656.4711711288277,185.8645122064631,0.69501925,579.0321223651968,181.96929492332583,0.9088646,685.5300356420497,283.6313478958871,0.9958112,544.8020107042669,284.184180338766,0.99738777,700.8126636190503,402.5646847802658,0.9610615,523.171102798769,390.0143869687419,0.9796653,705.7608760079355,497.0944753194807,0.8876441,520.0309101036164,503.4061303997967,0.93153363,659.3975304900707,520.3678005238207,0.9697399,566.8173439082652,516.990556098182,0.9719847,656.8465776435968,672.4173215500208,0.25436997,565.9861920871232,672.0665534874039,0.27951345,627.71686,681.8368,0.01596269,584.0168,690.74316,0.017593503
399.0,617.046753927806,182.6153520448872,0.992591,640.4880076045006,170.39176964025717,0.96531594,612.007482435535,169.01948226229413,0.98288965,647.8378398277368,184.72082222446485,0.694054,579.479733583123,179.31389698088404,0.90964687,687.7689423416132,288.83315168670316,0.9958701,548.8517733886312,278.06550875525744,0.9974036,707.3808394187492,393.881688451216,0.961447,521.4686108890551,397.45119934149307,0.9796711,708.0589573655121,502.62465880663143,0.8885056,521.3139891919326,499.54055550406684,0.93158877,661.1431572226758,519.4631591904567,0.9705843,568.9346640616474,518.5570045209686,0.97264314,657.4523280381635,661.9002396700453,0.2640854,564.029500529138,667.9392229572379,0.2887891,627.2377,682.86096,0.016827703,583.8352,691.7117,0.01847136
400.0,621.2883627937404,183.85524074477013,0.9925772,640.9747058373991,174.35926230891283,0.96540606,608.8807098699564,170.93781581352368,0.9827983,654.1992126930191,185.61089866528545,0.6957402,583.7370819992454,185.11585257726665,0.9089898,679.155166892832,290.9036330482788,0.9958743,548.9248508448486,282.6484319788318,0.9973928,707.9111913562818,402.565939025721,0.9614545,520.1551561034178,388.3089846785241,0.9795204,707.8914349969629,494.2639636600767,0.8881975,521.968163434425,502.90240483866785,0.9309995,661.3827242689424,518.6148436427507,0.97051424,562.0675088070931,512.5381406768859,0.972516,656.5513504703553,666.8925013053388,0.26354676,564.0568453324635,665.7020886911654,0.28774366,626.749,682.9109,0.016801894,583.7044,691.709,0.018419296
401.0,622.1528072357563,180.48247542359317,0.99256015,632.016926108848,170.65722737380935,0.9652281,606.2406674239093,163.41643789310763,0.9828408,654.5363359034077,183.622591175694,0.6943474,584.3802234821673,185.4032653348527,0.90943205,685.5141056684988,284.3851586838703,0.995853,549.7238424905596,278.90042821111194,0.997398,708.0879429766379,399.3471519326616,0.9612931,516.972392410088,394.8855495444088,0.97966385,702.721364889744,502.3852571442723,0.8880774,522.6897053912842,502.1416205212543,0.93151337,663.0556170268297,520.6369517872675,0.970354,573.4363400528835,517.1834173393604,0.9724703,658.9113478773063,665.1450407363074,0.26127118,562.1009128979646,663.9797156053879,0.28625262,626.8149,682.5579,0.01659745,583.6293,691.6169,0.018247604
402.0,614.5224526051072,183.25380256801552,0.9925353,636.9328800776134,173.01246078841808,0.9651475,601.7769643849057,166.84158244654978,0.98281336,651.67870291029,181.26829596737915,0.69414914,590.7144425164137,180.0361614843549,0.90916353,682.0929384470629,284.8368922996658,0.9958099,546.6719031957927,279.95538990588443,0.99738085,701.3274801080217,402.1052381057668,0.96095085,515.7631770253178,392.8899471072651,0.9796083,706.1212073166632,497.5086575433113,0.88762856,517.1340371868263,503.3715281387052,0.93157935,659.1309305649947,520.5193922148587,0.96975327,568.0051618489929,514.9075594208344,0.9719769,663.6353764426063,670.4794617408486,0.25654092,568.0362611046451,669.277588718464,0.28193468,627.21295,682.46497,0.016197473,584.12744,691.73486,0.017850697
403.0,622.7241314292952,179.83447866004332,0.9924989,634.2876031020539,169.68083950294243,0.9653062,609.2330645307318,167.17753099214957,0.98260355,655.6144024761289,189.5450349078355,0.6979394,588.472233249553,182.64733174266155,0.90743625,684.868091265389,285.00873879369027,0.995795,547.0012596561478,276.1654873899338,0.9973662,706.3760788277541,398.954506572417,0.9608531,521.6510054194315,391.59242305229134,0.97945726,706.8530482549784,500.881159255167,0.88767284,522.0839052892395,496.07394665482695,0.93122613,660.4220061535192,523.900459460994,0.9696386,565.9008069860538,516.6905172205792,0.9718493,657.1912208365385,670.9690868037678,0.25770798,563.7967680070067,667.9846503592314,0.28302023,626.85474,681.9204,0.016331017,584.8427,691.5851,0.017997533
404.0,616.4284528291015,181.21446739443445,0.992481,632.3795958015625,168.08449197900475,0.96535504,607.0508335630315,170.50876719283582,0.9824933,657.2433148830906,187.62917991138198,0.6997966,580.7182906407706,184.47186540329568,0.906542,685.2228458541033,285.3853575246439,0.99577534,545.4736939947852,276.5263414727752,0.99736565,697.5443544221498,401.11845801772034,0.96077096,517.4214929208147,391.81729897467403,0.9794949,708.6732012431872,498.1656656590993,0.88732284,516.604895645273,502.20394098890375,0.9311365,664.6857086801692,519.3391490400296,0.96935016,569.544026852521,522.9506188490128,0.9716414,659.8704239562228,667.8284390943465,0.253173,565.6123629986472,670.8562100498997,0.2787481,627.0164,681.2931,0.015925556,584.97003,691.3491,0.017592221
405.0,623.8878242850233,179.04130665018036,0.9924619,636.3209018440294,169.6640315533073,0.96567416,608.9654997305155,172.04929694469322,0.9823003,653.974998332654,194.30322552088708,0.7041584,585.1577276983111,186.2992846658564,0.90463716,687.7034046160633,287.18354854278385,0.9957588,545.1927234841864,277.0916463728087,0.99733466,708.0044160911629,396.2874170656911,0.9606657,521.656133330595,392.83933274061445,0.97918296,703.0198206009533,497.40470838945424,0.8869777,520.959439868369,506.7210045422119,0.93019044,658.3489967083045,519.4214325397812,0.96909726,569.999299646587,516.8805089436316,0.9713133,657.2182351052107,667.1646279064003,0.25161245,569.9399857934087,668.0636345794036,0.27637342,626.54895,681.0005,0.01581651,584.7553,691.14233,0.017440826
406.0,622.2042491223767,178.06212612172675,0.9924957,634.5444210837942,175.40443202928827,0.9658958,609.2301059724297,171.84702749054395,0.98238146,649.9689996795242,180.33039936622254,0.7042984,584.7054720739068,182.9409489607953,0.90465254,683.6034977174095,284.67795727382554,0.9957723,549.0605824369316,277.2607343660932,0.99731576,703.4803690730524,398.7472138130343,0.96084607,516.792059907029,397.6111019401418,0.97898984,711.2326955187647,499.0933649498385,0.88764465,522.5046114634396,501.0633440283429,0.9299083,659.5987303725713,517.6763331820729,0.96951705,564.462329202801,515.5895105341482,0.9715494,658.6563854015257,662.1715774514938,0.25761038,566.7362135769451,671.8872399050142,0.28154463,626.7193,682.2849,0.016340613,584.08026,692.5383,0.017939478
407.0,621.2930369520626,177.67470829001843,0.9925215,633.6588596871244,170.0472253784724,0.965683,609.6402372063163,165.82849199784232,0.9825697,657.2768351043493,191.54971798153437,0.7003925,585.69055567673,183.77005243722422,0.90610945,683.0036003966502,285.82427834849517,0.9957663,545.0990062430876,280.82163852347185,0.9973351,708.5501701887174,402.1803295523527,0.9609201,522.949816602236,390.61938321285754,0.9793083,702.8451235363304,502.3739609725265,0.8880112,515.9895199364721,502.58135653382567,0.9308908,660.6029258771068,517.4823250164794,0.9696624,568.0414491706133,522.9876872229788,0.9717906,659.0537450778163,662.3023534948171,0.25768638,564.4455360758406,666.3737396915348,0.28239676,627.33093,682.6658,0.016294003,583.41907,692.53235,0.017925143
408.0,624.2257403499799,175.833585896385,0.9925186,633.8592552330631,172.61275478915454,0.9659444,609.9527067626631,164.49205201668096,0.9824079,652.8888564232794,183.86454406172018,0.70391583,591.4030387281763,192.6154946368788,0.9044997,678.5608317968095,286.0060987158107,0.9957404,545.1746489152837,279.8974679253803,0.9973185,705.2773376073559,401.7117334149749,0.96083164,520.9331916295355,394.19625947844276,0.97917473,710.1891294999601,495.7352887883756,0.88773775,521.6483649698927,504.18101135582396,0.9304687,660.5126999262828,516.0846584953938,0.96927917,565.9387107465842,515.1134088237649,0.9714252,656.1307934403261,665.2275265231846,0.25271934,563.9361903252961,667.19949882777,0.2770977,627.7694,681.53174,0.015856951,583.4171,691.59424,0.017455012
409.0,624.8516420621394,182.77781780140614,0.9925344,631.1774450525115,164.62795511920976,0.96609807,606.1980793184484,163.58275448377728,0.98243356,652.9470170297357,190.0526041750722,0.7044578,588.1522062133611,187.16988376129902,0.9044272,684.7910239553553,285.16602816644127,0.99574786,549.6073722392074,279.86505243502256,0.99730045,704.9544785706387,398.8809603051352,0.9608561,522.4145330585932,388.76430868811315,0.9789592,703.2004605295809,495.5599603757562,0.8877325,522.6441664614055,500.93976629908235,0.9299411,662.9845895998916,519.1614665239209,0.9693432,569.3237689285475,518.2771284850571,0.9713718,661.2152614816592,667.5089935637442,0.2543302,562.7701784408393,671.7150117060636,0.2779639,628.0625,682.22766,0.016008824,583.2105,692.2553,0.017571807
410.0,621.8417720208633,179.9914412644694,0.9925252,628.9398196750677,168.5636833162633,0.96610653,611.9383239165975,172.15242245809205,0.9823958,655.3742178887226,185.56436419587922,0.70520765,585.6572681597745,186.68788779893416,0.9043336,686.2999538997007,278.56935097215165,0.99576414,548.0759770985095,285.54822277501233,0.99730086,708.2686355510049,400.3279366256219,0.96083117,523.3773022375311,392.37702331545495,0.97885954,711.0583696292788,495.92829827061354,0.887339,514.0913870958333,503.6712726444731,0.92948055,660.51279522941,520.0641913664576,0.9693418,567.0048937536288,519.6075409286503,0.9713277,661.0665015693749,667.2578796433351,0.25532198,565.7028601684875,666.1498283784716,0.27869672,627.2106,682.5653,0.016112953,583.3574,692.4298,0.017664403
411.0,623.5916500693711,181.42743148979437,0.9924879,635.8100166013331,168.92474995652424,0.96636796,607.2987122006973,167.5492721856419,0.982133,652.7288196921473,190.8602865332974,0.71054465,585.5373000805669,182.61319020865767,0.9024315,683.241126721211,289.75985787184595,0.99578553,549.5421384451226,281.82681400783724,0.99728775,704.9167424158017,402.27643206885296,0.96080244,521.1101002471722,393.85886532495437,0.9784621,704.9312216198226,499.4298826153846,0.88670635,525.3449437515417,504.8343450409564,0.9280114,657.5033989860233,517.6770531235009,0.969259,571.5982425198132,519.3792091307547,0.9711058,657.6545259847163,661.0333004916145,0.2559371,566.2360685234535,670.0197452465795,0.27823883,625.8949,681.8376,0.016235054,583.7103,691.92645,0.0177432
412.0,622.6571213153022,183.08861105658275,0.99246955,634.001719934098,168.2007098723679,0.96611166,613.594863500686,171.7348558015485,0.98215795,656.3708886533267,187.35888472852685,0.70931876,585.3522597697242,184.09982014364633,0.9028816,684.8255444330536,282.71877991678207,0.99577415,545.8194574122482,284.9677365047737,0.9973214,704.672270058017,398.4751847665474,0.96071935,517.9186486388205,390.1756428986674,0.97886574,710.1114786377899,495.8931780758104,0.8869951,513.5144344851942,504.9559353000157,0.9291298,659.5288531582515,521.5662675819021,0.9692587,565.9253067843839,513.8525076612511,0.97131383,654.9412610468523,668.4038549143877,0.25458166,565.6079844688115,670.5634448000104,0.278356,625.54364,681.9269,0.016053826,583.76025,692.19574,0.017636657
413.0,621.2965725591845,185.0041831748757,0.99244857,633.3870436289429,166.19072059107538,0.96619046,606.702096831443,166.7510392607514,0.98203206,656.9837900980025,188.80687577647944,0.7109924,587.1800095355403,182.27871422929562,0.90159297,683.5992482379926,283.594994585011,0.9957219,551.9655002502607,279.1733351373359,0.997301,707.2958042677187,401.77222085589324,0.960387,517.6707597470235,395.9705730931227,0.97876483,708.7497985895816,499.05989557073946,0.8864894,522.1272989412893,506.64324271000527,0.92888856,656.1765744687325,520.2852314884753,0.968477,570.1369425451358,518.3993739495581,0.97064984,654.1259770611667,663.3696608605864,0.24762267,567.8999715588928,667.4725544997455,0.2714376,625.38684,680.39294,0.015496761,583.69385,690.714,0.017059296
414.0,624.2767088564653,182.48319439623583,0.99248135,635.0873907757338,170.29268802721904,0.9662689,606.1271339997824,164.51736308940207,0.98210853,657.6519362338871,188.62493732853108,0.7106472,589.7586960488019,190.16642408395978,0.90208614,686.9470394627097,287.4694279185835,0.9957744,548.6704265192013,275.756055886622,0.99731827,706.4330879884654,399.3817211424521,0.9607344,521.4209153596782,394.90744246026316,0.9788323,706.4725843134783,493.55278471895963,0.88705325,518.4386571269715,507.46677863845366,0.9290619,660.484205344778,522.1764583401009,0.9692431,567.084549302433,516.7233519792815,0.9712866,654.3026841240631,664.3452904099711,0.25505155,565.1462793730105,664.6294827445641,0.27871037,625.20245,681.7529,0.016119748,583.79486,691.4208,0.017704755
415.0,620.2836145217376,181.35233004058801,0.99251056,634.1602675024391,170.9700481629199,0.96692085,608.6960631406098,169.41597690294438,0.9819405,651.2810188140445,187.52648234209457,0.71571445,583.3239162032912,184.27758735935083,0.8994292,681.7528504790672,285.86304987104114,0.9957388,548.6976412710701,284.54513993405743,0.9972458,704.3191555138967,403.8619926731924,0.96067226,522.8020660134904,398.22822016352444,0.9782018,708.2365559711608,498.84714028044095,0.886601,524.8040852317603,503.0158057908067,0.927207,660.8848556897451,521.1688621274244,0.96872854,568.7070253613891,513.196928265547,0.97054887,661.0120412565391,666.6917459235488,0.25032648,565.9781310869253,665.0903602663509,0.27190298,625.8433,681.76965,0.015733898,583.14624,690.9357,0.017193347
416.0,622.3423563078399,184.05931124977468,0.99249035,635.4442079059032,168.81783973572837,0.9667669,606.007045270943,166.45856878976372,0.981871,663.1199515596603,186.13203654299272,0.7156292,588.8210886525258,190.40479437144668,0.899299,684.4281271167893,285.8672891428176,0.99571705,545.0648347104923,281.9106949238697,0.99726987,710.4560766808772,394.3463524502159,0.9605124,521.3954605514946,401.06290352415795,0.97845423,711.1866435874861,493.2727161702336,0.88628024,513.4056678743611,507.67269384673773,0.92784107,657.0392510749448,520.8587699786561,0.9682999,568.3498481791108,509.40693261505584,0.97033936,658.9827828653065,663.3728541931057,0.24404812,567.9321380941033,666.0241207525106,0.2665397,626.14465,680.43195,0.015173167,583.7318,689.6641,0.01666376
417.0,626.7069789220218,188.5874239038306,0.9924532,636.8278983776427,172.58414677325746,0.9664694,599.0317520723163,165.98645690050327,0.9819146,652.3978015454896,183.60361591458155,0.71313226,587.1113229164096,180.78451365088304,0.900073,686.8544962356181,286.37928053513957,0.9956792,553.1993145136134,280.6297466830149,0.9972596,712.9053024335792,399.62203705853614,0.9601414,524.4763931329763,392.0572825561446,0.97845626,704.1979056779663,503.801468800925,0.88555217,513.1821728399232,506.9432030116203,0.92790854,665.0383384413324,517.4612097115821,0.9676726,564.2527606828087,512.5915705048799,0.9698446,656.3310312374041,659.9554425297115,0.23976862,564.6652186356021,671.0883056044923,0.26274645,625.8863,679.3434,0.014865726,584.14197,688.92413,0.016359985
418.0,621.7810790410786,181.55372046906217,0.99245024,635.954866392292,173.34566832743258,0.9660747,604.0026933840983,165.06042412359062,0.982056,657.4182440787347,189.5184123416764,0.710052,592.5140128335512,178.95385342942765,0.9018463,689.4970560183335,284.39102967711085,0.9957124,550.7350910608058,283.24441554308976,0.99732727,702.149410953516,406.5650521627724,0.96042,520.9808390257211,393.821285448354,0.97913575,709.3368945606572,498.41581636380363,0.88664514,515.9119011626292,504.11522605968486,0.9298135,657.2479783123118,512.2051415075557,0.9685551,566.5133828167725,512.3526951409264,0.9708962,652.0117722915936,667.3516343282014,0.24758771,566.8503412689425,667.3943908688399,0.27245575,625.6733,680.8992,0.015448481,583.1346,690.4663,0.017072111
419.0,620.8781483170293,185.64767468395007,0.9924252,633.348263348713,174.508870625011,0.9659612,604.7034594639917,167.64291409809414,0.98201764,651.7527562808255,187.53244859235673,0.7097984,585.8677629275749,186.16147623387553,0.9019865,685.245671321332,283.6305432542644,0.9957088,548.6107879532889,280.03349247333773,0.997322,706.6967125318723,399.27095638057193,0.9603704,521.956204829154,388.7436235321503,0.9791292,713.789477447814,498.27665229656304,0.8863219,520.0253503566063,505.9724222642207,0.92972827,661.1211030307469,515.1542629985858,0.96849394,568.7079728532666,514.016614668523,0.97084904,655.1217632122941,658.9790703311638,0.24783859,563.7393269360662,665.9643708972898,0.27271247,625.42523,681.10706,0.015498251,582.7016,690.1061,0.017126322
420.0,622.8473229073832,183.8188231757057,0.9924567,638.4485645456026,172.30968215129607,0.9671029,607.6155421634475,171.07149843526582,0.98168874,651.4233645874461,185.87227606447908,0.72117406,588.1179957840708,187.83752858637703,0.8979811,686.6553999870994,286.25464358995714,0.9958025,551.3678006613853,284.5065057408415,0.99726456,703.8056993276765,401.5496100456816,0.96114147,526.1515066220373,395.85091963986673,0.9782013,707.1949737195521,495.59717410757384,0.88738346,521.5937174370189,505.0716848891433,0.92713666,659.8197283252451,511.1893954507737,0.9699749,573.8260094372108,518.1536420624017,0.9716352,650.077103269299,666.5691141153713,0.26487026,568.5158117272165,666.0124270491517,0.28641582,625.7958,682.45593,0.017074317,582.3725,692.5475,0.018619895
421.0,626.3468902816711,181.48846795840623,0.9924701,633.7751342968002,169.0531712433882,0.96753466,607.0386013745533,167.5442694092497,0.98157847,656.5645760225841,186.59132596867076,0.72528684,582.2046377710598,183.040188754782,0.8959811,680.6730612243806,281.1539925889744,0.9957892,549.9039397073823,277.75453525689,0.99724424,705.9367044942808,398.6181266382845,0.961272,521.5765106265621,386.81934702647993,0.97808313,707.7264585556471,495.73706412406,0.88804305,510.3649312915024,504.81291850549513,0.92704487,659.8666552608236,515.5710382633958,0.97014844,569.1978447304939,515.8579311216552,0.9717479,653.7700965511825,659.3793878756036,0.2664693,566.9648272930934,669.2682477388813,0.28754553,626.3597,681.40564,0.01727283,580.6138,691.2719,0.018820792
422.0,628.6387440184593,176.36286470909766,0.9924769,634.6284011885822,173.66450512015132,0.9675392,609.9989438712844,170.046925226146,0.9816414,655.5168677883785,188.5935221604977,0.7242139,588.0817315070577,184.51032128918334,0.8959602,682.9862289370984,283.58302619780125,0.9957428,551.9165383825249,279.4876758872334,0.9972273,707.3501953372623,399.2646614727196,0.96104866,520.4892984875848,394.4267752330087,0.9780823,706.8754755340957,498.09819464137536,0.88775194,516.8343868631711,504.13338687110837,0.9271269,658.9042853207467,515.1593977629324,0.9696826,568.2796569814404,517.5267978190528,0.9713689,656.6370390072501,664.6508606108008,0.26057786,564.0832369626813,670.4663555272941,0.28180802,626.705,680.30786,0.016751438,579.7964,690.51025,0.018278897
423.0,620.5523482276075,183.69964262324444,0.9924472,636.495219676075,173.51198062491943,0.96753305,610.0521698922806,160.62051182357607,0.9814905,654.5179663905716,184.33281547882834,0.72638917,583.6554154887899,178.98023579528038,0.89529335,685.4781335781564,285.057396442038,0.99577534,557.4847988721922,280.1491552097749,0.99724543,709.3217034186926,399.6389364616051,0.96110165,522.7351066258673,392.807611752155,0.97804713,711.2306982542503,506.10808514809656,0.88777757,518.7309437554278,502.43150405632315,0.9270196,660.1125709070791,515.8663790151888,0.9698581,568.3176394693244,518.8676391120983,0.971522,653.562233972298,662.9624574964844,0.26348728,562.8163089185329,665.4445631235155,0.28487247,626.0896,680.187,0.017031431,581.3099,690.4297,0.018591583
424.0,617.9294640990923,182.28946546885035,0.9924398,637.0066516854462,170.16307035985272,0.9677105,607.8988198118024,169.57242016592204,0.9814154,656.5532224196259,189.3993220461865,0.7283445,584.8233743268755,187.26382458102478,0.8946489,686.203036386891,291.6777568873362,0.99578965,550.1910314043095,277.658213638681,0.99722064,705.5243143805266,398.94300495043365,0.9611801,521.0319176360113,392.7501896407133,0.9777316,708.0652238952355,496.5555975506153,0.8875048,514.6858341049273,500.33628234580243,0.92595345,657.6761096348193,516.6933993509518,0.9700283,567.540006675181,514.9636144319682,0.97152805,659.8371233936484,663.4277899157416,0.26553482,561.5528877802585,665.7052082410255,0.28580874,625.54224,680.5683,0.017242104,580.7884,690.8723,0.018747538
425.0,622.3151882146116,178.2282750785085,0.9924313,637.2964094518757,171.1027759438428,0.96770644,604.8792052393798,167.3544672317629,0.9814144,654.0946442813198,184.66837637538507,0.72770715,583.3942353454584,182.26700331691163,0.894684,688.684270331245,276.21012365805166,0.99577045,549.1898858471881,275.4865616657759,0.9971859,710.0718784001593,406.7941468518666,0.9609413,526.4385833657445,395.22869408056465,0.9773969,708.5860735039817,501.41370838476723,0.88699585,525.1354762526724,502.49683315638663,0.92526114,652.4522598472447,511.9386211798182,0.96962607,571.2529796905822,518.0843283014797,0.9710442,656.248341101701,659.9496114648442,0.26395878,568.6084610804518,664.2139476338627,0.2836495,625.9749,680.36615,0.017156363,582.0716,690.7698,0.018616855
426.0,621.4400642766967,184.02247709218398,0.9924221,636.8021085461692,171.18397317342624,0.96790594,606.6165491984349,171.15608605244677,0.9813576,654.4613236505363,188.31496956312063,0.72924715,590.9384629596525,183.25605907612038,0.89332813,693.7544692176363,289.96193965413215,0.9956875,553.0199217958625,280.338910402895,0.9971378,708.8251021412491,403.39928307582824,0.96059877,524.5807088258191,390.5275161164808,0.97720337,704.04190108316,502.9203492919632,0.88633686,520.6225983274052,504.59841560397615,0.92468226,656.6573690382755,516.2464052290007,0.9686831,571.956213525057,516.7412479008002,0.9701773,654.2203573457876,664.667624967208,0.2530876,564.9239025371012,669.7811856134343,0.2724291,626.8298,679.59863,0.016208738,579.95807,689.93066,0.017613024
427.0,620.1568985829906,184.26198514972123,0.99243045,639.1901028818411,171.83834450897365,0.96792954,614.2952067423439,168.73493135574947,0.98145473,656.0797348246422,188.16900370631822,0.72812325,591.6347228934516,182.89351019240914,0.89354634,678.0653480405922,280.927300891996,0.9956571,549.8683546639659,283.666087605846,0.99710816,709.3394688213115,406.74353174948084,0.9604689,519.5611563631574,390.5566058420251,0.97711515,705.55776615373,498.9171694163008,0.88667655,517.9161782071244,499.64537736158985,0.92491376,662.8000193429774,516.6963251215801,0.96857774,568.4587293961515,520.6738766631265,0.9700458,659.8116357297192,660.8207400501318,0.2534681,566.0905040844791,667.5658569912596,0.27280837,627.5048,680.9037,0.016228229,579.6132,690.87494,0.017629653
428.0,624.096894250318,182.97669745154164,0.9924755,634.5435939056994,172.98597948684386,0.96831894,607.3522997800928,172.77351496425334,0.98147607,655.6207136214653,189.00002854967786,0.73008925,588.6466694573057,185.85215996939831,0.8928721,686.3869204794006,283.896198157754,0.995683,552.6987170455662,283.9748334128282,0.99707735,706.1775058662502,404.19984209915344,0.9607494,519.9503037752268,392.93148345769873,0.9767499,712.1362651885522,495.117637605555,0.8870485,519.1112148607954,497.01255333529576,0.92387986,662.6383669399065,519.1828058252327,0.96902215,569.8365333009743,517.9230874865226,0.9702238,648.8577615287649,660.1532701404153,0.257952,561.6046014945457,667.6302408468601,0.27573,627.8069,682.2406,0.016612709,578.6659,692.25836,0.017940223
429.0,618.7922784328944,188.56464017891048,0.9924793,633.1489583648112,167.85963663513076,0.96833634,605.9182583629834,173.53082622461767,0.98147583,658.7775201976664,195.16946816079383,0.7306624,587.0964727339041,183.9892752327809,0.89282745,685.0799818232022,287.23692081476355,0.9956935,550.8481105571684,285.0893770756615,0.9970911,709.4891110250927,393.4799445472191,0.9608067,516.0928111309739,387.80896649769295,0.9768773,708.0845133350396,498.29742898972745,0.88722354,516.6342279055432,499.61192920670356,0.9242059,656.8418831564076,518.3953000126645,0.9691499,566.5202995027455,518.2537384093846,0.9703885,660.6587459163013,668.9759651084375,0.25824046,560.906084273076,675.279662059912,0.2764378,627.9688,683.43604,0.016576529,579.04297,693.28687,0.017930895
430.0,618.4505685511934,182.37608486190828,0.9924499,639.2327734442047,169.99931803316122,0.9683856,609.1105674152758,171.12335864122713,0.98136634,654.2683169504054,190.7156001509737,0.73211336,585.7956774988792,190.0891283044886,0.89215404,691.8813354895834,283.85924403859434,0.99568844,548.9041495718556,279.20255563019725,0.9970671,708.8414472514789,402.5664027619674,0.9606141,521.8422464586534,394.9136111670652,0.976534,713.9773128580821,499.2109613114414,0.8863785,518.8309621740755,504.49317550249896,0.92306125,659.1844735271637,522.8383182441233,0.9687809,571.9822463448248,517.0002622848559,0.96994245,663.4011283997852,666.2759306014008,0.2562287,561.7523464374505,670.3904376293907,0.27375323,627.22174,683.0648,0.016470373,579.8136,692.90234,0.017783076
431.0,621.6093578211011,185.70074938772234,0.9923376,637.77433100823,172.98429861198426,0.96799624,606.7522917614109,170.82053635941762,0.9811187,656.9388058805704,190.31895680988205,0.732082,584.5889602562311,182.09487835682697,0.89137757,688.9784341506763,285.4178701364155,0.9956213,553.2722286501211,276.9632766096561,0.9970465,704.4949302275284,399.85042360321637,0.9597775,522.0791078873241,392.33169556896786,0.97630084,710.652814487329,500.29129037141297,0.88449085,518.5842197765279,502.9458316424056,0.9224154,662.8873620322754,510.07868023653793,0.96731853,565.194674975396,514.4587220460385,0.9686998,653.9641901073386,664.2140394818695,0.2470726,563.8161292221187,667.268132134909,0.26524,625.2475,679.9252,0.015829861,581.3148,690.2992,0.017149538
432.0,622.2844317089235,181.9180101993958,0.99235535,637.6538976057824,167.78363427222126,0.96817327,602.8827993287669,171.10341680403428,0.9810677,650.7375757306369,184.5996256183996,0.73382056,591.6226283633988,186.0602175514062,0.89111793,690.2504867367041,286.3920235047198,0.9956789,551.3820019112396,282.93405680286907,0.9970578,710.2362554120213,402.4352171332093,0.96005917,522.4899048583459,391.2787191379174,0.9761224,705.3430590404887,496.22246098317527,0.8849722,519.4270524376876,497.3265359256329,0.9220072,654.3162012885176,516.2501424390092,0.9679879,570.6710429360289,518.8891820719653,0.9691956,657.4213656199511,667.3853209805046,0.25416714,563.696240989652,666.4366522422756,0.27148658,624.4748,679.92334,0.016465306,581.94904,690.44495,0.0177643
433.0,629.1581209606292,183.84590843499075,0.992341,637.2134065835564,169.88517392650888,0.9680208,605.9103777412164,170.74608550401862,0.98105484,653.1931350560396,185.74508474715148,0.73311913,591.8063484942243,186.42034415795604,0.89186823,687.0295590699017,287.68911493166894,0.9957301,546.8469158661735,281.85923608323816,0.9970804,710.2597667912049,396.0679744312701,0.9602433,527.4848200752526,393.4496051538693,0.9761164,706.6953459926384,496.76643714214845,0.8849424,518.0348994452198,502.7953119645217,0.921718,658.4875687904779,519.7339645990875,0.9684768,571.515495483987,517.1717725336649,0.96959984,659.6705998218688,659.6461142997429,0.25948033,567.6327300760857,668.9186794706774,0.27656978,623.672,680.73083,0.016942918,583.22064,691.1466,0.01824683
434.0,615.963366977502,180.18427410935266,0.99234533,632.8076561793779,166.8454902349153,0.96820796,609.1951789301966,167.32059458459193,0.9809349,654.9213347286549,188.16653472166658,0.7360144,589.2935501223714,185.68695385056716,0.89066327,685.0511279578426,280.6514183882087,0.9957769,551.7098113958808,282.16140659561074,0.9970963,712.3702335913302,402.030753023918,0.9605134,519.6818891406438,394.32679829361433,0.9760633,713.546628590628,498.22238645632484,0.88566315,517.2499463574924,505.8212467516989,0.9215857,657.7772348344678,522.0003666554418,0.9690397,568.0266902959746,514.3420556909535,0.97005606,658.363516708795,660.1443801587383,0.26615286,565.0358558001864,666.5315889242061,0.28292808,622.8752,681.399,0.017545342,583.82874,691.82635,0.018866748
435.0,621.2722839582478,181.87004396808425,0.9923078,634.0009676852713,166.06994060728462,0.9683138,607.4751263456624,169.0590947527032,0.9807512,654.6564878380719,184.33914621385273,0.7384528,585.2039929029994,183.36878382558692,0.8893152,686.1249821454857,283.86847352321155,0.9957579,550.7927849732218,278.5948083234963,0.9970642,710.3576928983053,398.66927337997214,0.96035147,521.349571618342,392.7272466047777,0.9756913,705.6453494302233,498.2474246917013,0.8851749,517.1326162771641,506.88153774338434,0.9205199,660.0295393486862,517.4955318298955,0.96870196,567.9068923441598,514.0163077506314,0.9696369,657.1340873930816,665.4523439144091,0.26425797,563.0594847707266,664.6216956819087,0.2801751,622.31384,680.28534,0.017441869,583.607,690.7485,0.018713892
436.0,622.3616657924209,179.7863876480708,0.99232596,643.3320909925684,166.36107690912758,0.9684499,602.2037469324193,166.54052857041745,0.9807998,660.4433480713602,182.5275021969197,0.7383658,588.9169925765995,183.73613389485428,0.88901514,682.365572901811,289.46676514670617,0.9957231,548.1465783996626,281.90284365622193,0.9970361,706.5892666200915,400.8025993993352,0.96038246,521.973767872453,394.3092250638722,0.9756592,706.0462968783899,493.1414006192307,0.8857994,517.9783743766992,506.5879578554732,0.9207935,661.6474148482481,509.72340927510413,0.9687432,571.2459923610842,519.0187147996827,0.96964824,657.8649780488105,669.3748592501204,0.26287156,566.7390535031659,663.4344691191859,0.27868313,624.30176,679.62665,0.017282575,583.4814,690.4929,0.018546492
437.0,624.482582709366,176.61017384393824,0.99235976,638.0418736734676,173.9319352807533,0.9686139,604.0770202534122,167.99605734323976,0.9809174,653.2375768202065,183.1689352223369,0.73799527,590.4273320092698,190.6028394114123,0.88955957,691.2750006720235,282.2945258208064,0.9957688,548.5868906210178,286.60548198810704,0.99701935,704.1738169528003,394.76293644883197,0.9608388,521.6571872197561,396.83666953956697,0.975486,706.870749705773,494.46037935575566,0.88744015,514.1411482620231,500.7356556547737,0.92096436,656.9514217730996,515.1039782422832,0.96985763,566.4912428560742,516.4967322507239,0.97049886,657.9945716053261,659.0522895298985,0.27725458,566.8808086840913,666.2889451004156,0.29199347,625.8399,681.8086,0.018638968,584.06775,692.2754,0.019895792
438.0,623.8556891500255,180.33633747128795,0.9923798,641.9175372042015,171.9034911997615,0.96838653,608.9906546467734,169.82770457505185,0.9811059,658.6461575908187,187.53312404934357,0.73445785,580.3161213076146,186.7729063043151,0.891232,686.0144850574425,286.09901106754813,0.9957588,549.4246855365666,283.4258205982407,0.9970453,706.727251004165,395.2052134964473,0.9608142,520.439225004638,388.8924091203924,0.97584677,707.2369888123142,495.77443300266634,0.8874632,523.7647182542312,498.3789862586579,0.9219885,662.8971240854881,520.8168307801342,0.9698211,572.0311373963011,515.158867274343,0.97059965,661.8588329626393,664.5941155149628,0.2741518,565.2367984331412,663.0337299758276,0.28998998,626.9863,682.24634,0.018250257,584.76447,692.8638,0.019551307
439.0,619.3348187468318,179.70178327804268,0.99236596,637.894090893932,171.42354096978352,0.9685503,612.856358306004,171.86610766927606,0.98100275,657.367120594513,187.15262684424874,0.7364099,589.1012162234039,183.12053484455996,0.8902838,684.039968284243,286.30690300961976,0.9957516,546.6979154383685,279.93817269348983,0.9970125,710.3666449698803,396.40205404448307,0.9607644,522.662804984142,391.4820555447263,0.97548044,709.091736612108,493.50941240957656,0.8870976,518.7531311016417,501.51848448770113,0.920843,654.1411588470168,511.87402758410815,0.96969414,566.3107144780627,516.3691309817342,0.9703454,660.4992625357823,664.8121570611119,0.27368844,565.1762171340234,670.8180215290727,0.2884966,626.7814,682.21893,0.018259645,584.68634,692.9003,0.019502252
440.0,616.3824206226338,184.41181717208173,0.99238205,639.8965928405881,171.5550661251188,0.9686183,612.2234696860301,169.07248373915414,0.98099333,659.294227397716,191.16992566148875,0.7370643,590.4400896254052,185.53678550908455,0.8902195,685.8267357861561,284.7307787761396,0.995785,549.3184863563195,281.7672243629801,0.9970294,710.9962789957299,398.15214062303136,0.9610076,521.0846848571531,391.5533417206165,0.9755448,706.412497999369,498.3989684857452,0.8876535,518.1466857154626,499.75735812200463,0.9210535,662.9185162502854,516.7400544937926,0.97016275,572.7554450363914,519.5011336874095,0.97076064,661.139172734636,657.4392171305559,0.27893084,565.7133400337664,670.9119044064274,0.29358542,626.7385,682.81934,0.018737376,585.19464,693.43384,0.019990563
441.0,622.374741001564,180.54847461238444,0.99238825,636.0066190038444,171.23022676684278,0.96872634,609.5416136612807,168.17694229236972,0.9809189,654.6639196456321,184.7900312226754,0.73818845,586.9799627941492,184.0659160188084,0.8898166,690.0643570564746,284.5855709302395,0.99580556,551.4535008578324,278.9062374010717,0.9970187,710.4489880288152,396.7480229135609,0.961042,521.4329538483539,390.580377849278,0.97524893,708.5786485731546,502.4619960673134,0.88711596,516.2108548104943,499.72228813363597,0.9200059,663.7325666014892,513.8682017263604,0.97013557,568.5519754712353,509.9377530985139,0.97060704,654.9001269094407,661.6683350845419,0.2782254,572.2390511887138,669.8982450466027,0.29193392,626.4734,682.4063,0.018684417,586.2952,693.3479,0.01987338
442.0,619.4615579013818,182.11041704915465,0.9923992,640.1410288680914,173.72888437468734,0.96883607,608.4024181859187,169.9355334806654,0.98089945,655.3295881013811,189.00158963559952,0.73900056,586.3283148345006,185.13994097217704,0.8895012,686.4339830231235,287.20455686807315,0.9958335,548.1823262309597,279.6325639622922,0.9970171,705.3519213481591,394.68252358530816,0.9612214,522.0750957949774,392.351141616462,0.9751387,706.0122076992623,495.93366013275687,0.8875081,520.6370153393168,504.4873362689572,0.9198426,663.2695602093135,513.4961561570008,0.97052085,573.7705264163646,514.065249114175,0.97088885,661.4347684885425,661.3233454918973,0.2833658,564.4602823203022,666.555119569616,0.29649234,625.98566,682.68335,0.019198865,586.16437,693.5173,0.02036947
443.0,623.8879429180969,180.36406857365716,0.9923978,638.422357440881,172.27901703092735,0.9683683,607.1673704577702,166.5313054263666,0.98111343,652.4739658599151,184.49039497041633,0.7339829,589.3596200758833,176.99830841259325,0.8922274,687.3349415891424,278.9970777340256,0.99583566,549.3754309323784,277.51129816412003,0.99706596,706.5822999410077,402.40445132526725,0.9611908,519.5715689319343,391.64765165325537,0.97572786,707.4654358844583,499.4519792380236,0.8876269,523.4185321576624,501.94373757033384,0.9214344,659.3033756353612,513.8275232571953,0.9705513,569.6609049533079,516.4147316688197,0.9711431,659.9684964999313,663.2391571939436,0.2833557,572.9835830570139,666.6016621086507,0.29803836,626.1729,682.93567,0.019142866,585.95807,693.35815,0.020397097
444.0,622.6440402686283,180.18743095031235,0.99235475,638.9342477607049,168.7677672315932,0.9680697,612.5726254463442,168.96536291194542,0.9811006,648.6767787653698,186.3009222794685,0.73225427,588.6871957730733,180.606047826029,0.89275587,688.8130099632223,287.63843936280324,0.99580586,547.4092912016475,282.5150536988075,0.99707437,706.6806474286246,396.505707568799,0.96081686,526.3768915781222,393.10196541342543,0.97583145,704.8263816132074,497.1374706369183,0.88691247,515.6153178986556,507.13702555081034,0.92167556,662.7259754178897,514.4122688669894,0.9699795,572.1861755049439,512.2727945230032,0.9707286,658.0319336436914,658.2191516220519,0.2786899,563.3576703444534,660.2240606775151,0.29429486,625.30115,681.9706,0.018754035,586.4837,692.3666,0.0200468
445.0,620.7547622055025,183.942635885446,0.9923459,637.4161842864409,177.2349293875907,0.9678184,609.8610984787888,165.93214590042552,0.98113835,654.9176815210159,191.80588584702545,0.7304965,587.2305680928032,188.44700745554417,0.89347446,688.4074569555488,280.81900287099654,0.9957773,551.7587420149626,276.430652103262,0.9971032,707.8638926515449,402.90663516830415,0.9606787,514.3933944360795,390.69351733292666,0.97625446,704.2335928366393,497.56002637799,0.8866644,519.4520125295317,504.4133200472966,0.92264366,655.5601275557656,511.9149391856998,0.96959233,573.816344529947,512.664169285669,0.9705771,653.7905359667973,659.0165107156183,0.2726076,571.934082891593,663.6067994661668,0.28954574,625.74927,681.49207,0.018098444,586.0917,691.82715,0.019444406
446.0,618.0129482830264,183.1361391039166,0.9923941,635.6722153223805,167.6255820351892,0.9684191,608.7339963985302,169.2107161782706,0.9810947,653.0843013325739,183.8878591698399,0.7340841,589.8127441123453,186.986604623887,0.8916929,685.332606821646,284.06893866140894,0.99578124,553.6343392893689,280.935605415565,0.99703777,705.1028246089078,397.3758980715083,0.96087825,519.8191777896076,392.50606565779213,0.97557974,708.5110487536093,489.40518282529985,0.88687253,522.0631676121369,504.8615265059861,0.92089653,655.5458028502723,516.6229853685973,0.9697907,572.6917520853673,514.0396609882409,0.97043204,656.3298811509796,660.4912802590989,0.275324,568.7217973987026,663.1679051712566,0.28996146,626.80505,682.23987,0.018384695,585.6009,692.5595,0.019608796
447.0,620.4450258245744,180.28745263947323,0.9924294,638.4257467118733,170.25916645441217,0.96831965,605.2783910877897,170.06027586603633,0.9812791,656.4657192332701,185.2284155365902,0.73115295,588.796061990101,183.00423257254732,0.8931129,686.1818632192108,279.83149239438694,0.99579245,553.0957093812788,283.5296620963724,0.9970498,710.0236192548563,399.7277567969534,0.9610324,523.1230091999065,395.0308691587996,0.9757483,706.4490715805041,494.5184901205415,0.8872688,520.1981992093326,500.28931509302714,0.921437,664.6090054541951,516.9321159261222,0.97007763,566.8893157786456,511.79510493882975,0.970711,656.9961204458896,663.7385735943905,0.27631068,565.8857408842715,670.0714491790146,0.29102927,627.3348,683.2768,0.01838386,585.48596,693.54724,0.019600987
448.0,625.6885241337994,182.4471396882886,0.9923985,638.6962505970797,171.57831816363023,0.9683367,610.3921214859829,169.94513772308323,0.9811284,653.1549776471311,188.40681565612985,0.73303795,581.1383142286757,184.7632368662181,0.89216775,689.8417210314539,284.60260735909935,0.99578106,551.6430292573671,278.2354036608353,0.99704254,702.2901535511188,400.76806929875687,0.96082914,524.0069123259005,391.79859686812176,0.9755902,707.082923115212,495.6332207488526,0.8865279,523.0060591622525,503.8405902972201,0.92076105,661.6730815796948,512.3273584043924,0.9695456,567.1538830654778,518.1367117665573,0.9702044,653.4816627214915,659.3990896014421,0.27122054,568.5101379123138,663.5085317861249,0.28583407,626.51825,681.7197,0.0179874,585.61487,691.8437,0.019191116
449.0,621.4327596740414,182.02359694277968,0.99241334,636.7440669618663,167.03993519941838,0.96854615,606.036017412473,164.95545540529355,0.98118293,656.6201484283863,186.53044809066796,0.73343754,588.1376140060644,186.86474010543031,0.89181435,687.9743939185587,281.7833462470386,0.99576926,549.8576554236972,287.33752534469824,0.9969984,705.8587388088725,399.43644557740765,0.9609953,517.6033804267772,396.01322404507255,0.9753491,704.220256311188,496.5722693017132,0.8868814,514.6667550226092,501.91636475721816,0.9202719,659.7438058524501,514.0386826215696,0.9699588,572.4735753994446,515.3864609876623,0.97044617,655.3126710395192,662.7208443101201,0.27465862,569.8034822566831,665.6396968375959,0.28837764,628.13513,683.2988,0.018288076,584.49176,693.65027,0.019450128
450.0,628.6844463961073,182.34939722109328,0.99239534,635.7733419580101,170.8268761227076,0.9677936,610.0175673311659,166.37651204513637,0.9813324,655.9619898418027,185.31167324232328,0.7271435,592.7812048769649,180.1820468107681,0.8939282,687.2958955893081,286.4269977378222,0.9957347,543.8491886082846,280.43661099428806,0.99709356,711.1130976628801,395.1684353687737,0.9606705,523.3078768831601,390.4243216398071,0.9764476,705.2066487104556,489.91816419525475,0.88744354,515.7599190942641,500.50063020597577,0.9236075,656.2565895035884,517.4462448475518,0.9694167,572.7943056785564,511.84251101138665,0.9704714,655.4374262409265,663.8497709604062,0.2682895,566.5666064762855,667.6966998449664,0.2856413,626.7617,681.6001,0.017623484,585.93567,691.70544,0.018969893
451.0,620.7403419273993,181.1461305252953,0.9924059,635.6847107221756,167.27692739085845,0.96769917,606.7021411110517,168.82793549878173,0.9814403,653.8361724238157,187.18027280812493,0.7253647,585.2693758995989,185.53398115107393,0.8946409,685.3397011115551,288.4979603455083,0.9957217,548.2972484557953,282.16210553442,0.99709904,705.1870390547047,393.2700622605483,0.96069545,523.7925132349001,390.6833779275371,0.9766832,711.3306335129491,498.40312365140585,0.88764584,517.6207871534466,502.79617785731466,0.9242543,659.4788430295744,511.44816214882206,0.9695201,572.2823753853378,523.7585916938793,0.97065437,656.4541980648461,664.8496501289916,0.26822066,564.1263903875606,670.2053923428386,0.28608623,626.9369,682.68225,0.017551303,584.72345,692.31274,0.018921554
452.0,623.7210717917707,185.29148982163065,0.99237466,636.3691620701527,166.46000090176904,0.96752465,606.8900368821835,167.47305882322763,0.98140836,654.2175295168537,191.4410698104667,0.7246349,587.3140558062148,182.112938538456,0.89464456,683.7718638725502,279.9052193056522,0.99567115,549.9154432125249,279.55386380549544,0.9970957,708.9157903189583,399.8397270153384,0.9603604,518.6463850531608,394.8812705684302,0.97679496,705.3099507361111,490.8083655667558,0.88704205,518.9418108758999,498.7313930215698,0.924592,653.4694462972038,516.3760539622666,0.968876,567.9494988423894,517.0546079594308,0.97018665,654.9399340575864,667.5963876909889,0.2600512,565.0631690441407,671.5602489614032,0.2787784,627.5374,681.51154,0.016792506,584.8627,691.43604,0.018182546
453.0,617.0851190357727,177.15302934936287,0.992388,636.6621274192178,171.95751320182077,0.96766186,609.1390280511397,167.99328417120464,0.9814598,659.4666831362194,181.45279509834197,0.7245858,589.5124268608579,185.0507071700623,0.8943613,688.4123467257276,285.23024951679025,0.99565005,554.4173203865805,280.0285241178385,0.9970602,703.2556618452052,397.5355802457764,0.9602474,519.0595952816483,393.3291670992942,0.97651464,703.6750332439734,500.26239636293303,0.88695943,516.8155185024739,500.01786915625496,0.92407525,663.6569213135944,512.2252849516872,0.968663,567.1802750615908,513.4406950592349,0.9698792,653.9562159917438,672.4207672595876,0.25917488,565.1263696466988,667.8008166185182,0.27722764,627.4811,681.6522,0.016744524,584.32135,692.01166,0.018085122
454.0,623.563805889532,182.16518085593998,0.9924207,640.5744762709297,167.09250829125665,0.9676643,609.5717506577315,165.58973937442113,0.98157334,651.2943627715875,187.2441817475248,0.7230041,590.0348002067259,182.22055943367386,0.8952955,683.9648875857033,281.25936080637103,0.9956687,551.0076183556085,277.7736187049261,0.9970685,708.8496054006981,396.15734000048144,0.96041703,522.1326752225679,395.21075759194497,0.97658336,706.2825272734867,489.4939052377514,0.88727766,517.3222254780288,496.5624031005905,0.92436147,661.8086146653862,512.653611479762,0.968917,568.9912651447886,517.6462508613279,0.9700936,655.8400245964077,660.2518657041459,0.2611994,565.2604684983764,666.2357778271911,0.2790861,628.1582,682.34705,0.016888201,584.3568,692.3367,0.018220782
455.0,624.4107288269039,182.20754144596685,0.99241066,634.4789768342654,167.24390818361417,0.9677496,609.9966332383916,164.28852913124575,0.9815686,655.1490598230037,183.73899181860247,0.72312355,586.8980839779998,185.12363063897374,0.89507836,686.3719698403979,286.2855488359878,0.99565613,550.2709206893463,279.3401593985538,0.99702555,706.3371820057977,394.97513676880305,0.9603467,521.6655102388371,392.1914235248062,0.9762108,710.3915762666145,498.8092205232592,0.8869494,508.7625164295677,503.5000281321378,0.923442,656.5721750588885,516.3204220085166,0.9688292,566.3866928476957,511.4408074942324,0.9698472,664.1753330039813,665.9638773891974,0.26220787,567.9022185008631,670.3652916781342,0.27915418,628.89355,682.9255,0.01703462,584.3619,692.4701,0.018321514
456.0,620.6405950456993,182.4190865615204,0.99243927,634.851944638029,168.94018829703134,0.96773493,607.7963052190026,163.46197989952535,0.98168635,652.8254288774289,187.7577603608386,0.7217448,585.7095326473907,186.42588614267532,0.89610815,689.7425413022878,282.2097187543159,0.99569,546.0160604116319,280.275229901342,0.9970431,707.5708472307608,399.7437847104852,0.96061504,529.4242628396171,395.94482398900556,0.9763487,705.7875943138682,493.0035628223843,0.8874182,521.1196326596884,498.1126280223502,0.9237933,659.2640310720795,517.6912360378549,0.9693532,571.1181252099706,512.5312314177767,0.9703217,656.4313491344376,663.0254825704128,0.26638886,571.1964378088356,666.0043593664533,0.2833206,629.56067,684.1145,0.01735881,584.5476,693.65704,0.01865521
457.0,622.371699403197,181.001142204441,0.9923957,640.1418442288602,166.37116322569528,0.967559,607.6180953806102,171.397763247464,0.9816091,657.4968646533315,181.5928825952592,0.7218858,585.3081163054769,178.91991652340394,0.8959896,688.0298016772989,279.01604413609675,0.99567246,552.2283587482286,271.1327307713612,0.99704957,705.5302720186826,398.77157020666533,0.9603729,519.5930759372814,394.32986639493436,0.9763951,706.1726921391133,500.73573367951695,0.8869493,528.3301346875309,501.610235577256,0.923884,662.1817826836511,511.2934708398215,0.9690412,574.4439705553413,511.74633367169014,0.9701153,660.1909878740154,671.4507857720589,0.26407635,565.4507088002543,668.9282933648276,0.28162444,629.1933,684.0194,0.017157048,584.97723,693.6865,0.01848492
458.0,624.4188693526611,184.16364972430674,0.992365,632.4175372055344,172.53112954121943,0.96752226,611.0654696660444,172.15897448588197,0.9814868,653.6272085471232,178.2620255914897,0.7233851,586.6588955488562,176.6918847823443,0.89525783,682.0356981034572,280.9613399234748,0.995672,545.3724784165825,282.4406717537766,0.9970615,710.60135489018,399.54589928711187,0.96031785,524.0494768815444,389.9579251303403,0.9764576,711.4794202040661,492.36332110600017,0.88699305,518.972729815693,500.8691408055363,0.924119,667.0615111009952,512.1230903470232,0.96899176,567.3738187673935,515.4821147758305,0.9701298,658.736750984675,665.3904732813377,0.26388982,562.8626508886211,668.1403993833986,0.28199917,629.1764,683.10486,0.017170668,586.08234,693.17065,0.018543303
459.0,624.7260898367853,183.0693996266123,0.9923261,636.8718737252054,168.71998793720113,0.967308,606.3789681977559,167.37228024327908,0.9813685,656.2335718029228,186.40761634161413,0.72382194,593.1280688587378,182.1568524532954,0.8947514,685.3666662259533,289.43483760980547,0.9956325,551.1182407761927,279.4277249112097,0.99708605,710.160393478697,397.56192451481417,0.95993716,518.6202455519871,393.04371054867323,0.9767419,707.041988934887,491.7132453027802,0.8864175,515.0399132720329,495.7810000967484,0.9247712,658.5202836341342,514.9337177167562,0.9681189,573.4623352623606,518.7284262750616,0.9695539,662.0823789578379,667.6131498216916,0.25463402,563.9722102820791,666.7343981456327,0.27414107,628.5331,680.80383,0.016355664,586.13226,690.78516,0.017781556
460.0,624.6888242328664,176.15387326651143,0.99233395,641.0168714016164,167.0048231557423,0.9673377,607.5498316386766,167.27778140277786,0.9813817,653.3826249941822,185.4604219458461,0.7240559,590.629894988518,185.12390369114644,0.89502954,686.1654842779976,278.11047113969886,0.9956755,547.193304905662,277.67960449907207,0.9970961,707.9435988215613,395.9140081589943,0.96017456,526.2631823730319,399.7382703028475,0.9767115,707.0041240881609,493.0794647039931,0.88676834,520.0037359770979,498.00568960429916,0.92463905,659.9711929058515,516.140308539315,0.968742,571.6339014700715,514.5521498245499,0.97005314,662.2147431796296,663.5385811006569,0.26079404,573.0674704267233,667.4887823754615,0.28005904,628.6899,681.7827,0.016885191,586.68677,691.8812,0.018321991
461.0,620.5865248245551,180.60689048064384,0.99235785,638.811571076079,159.37080574591792,0.96763957,604.6471904493196,168.8603866920771,0.9813504,654.947867513143,185.43590125223034,0.7260242,587.6189360018896,183.83328026453225,0.89415395,683.4190397616195,286.21193510823525,0.9956846,550.910387029465,282.8007990562029,0.9970708,703.205598632344,400.1152529868183,0.9603033,524.1996277476444,392.5489889149316,0.97640824,711.3832014588723,497.1690405405434,0.886947,521.4618155631274,501.1749235953335,0.92388976,664.3769370857586,516.2454990151541,0.9689214,570.6981986053113,515.8083377595219,0.97006565,663.2428002654589,663.1162508365261,0.26208317,566.8461248082976,668.5451080089828,0.280378,629.34644,681.9147,0.016990662,587.0474,692.6687,0.018378705
462.0,617.9317198145012,177.59878263252594,0.99241155,632.8786702269844,166.65985246024465,0.9676751,605.2162286374519,163.00758202416907,0.98157394,658.5593320447525,181.3972112362943,0.72356313,583.9512853737388,182.76329267244756,0.89544237,682.4430058321467,282.5160487657045,0.99570596,547.0921612345908,280.4480577538851,0.99707645,705.7340423067424,398.4781994661192,0.9606339,518.344836961121,392.8256664815366,0.97658026,708.0218279348751,489.9436027410579,0.8879453,518.3222526945441,498.6281289721012,0.9246149,661.8276965780034,516.3008042544243,0.9696023,571.7689687566568,511.5039458574352,0.9706722,655.9045254890202,661.3500691174272,0.2681867,568.4648912624649,667.8516284605806,0.2863317,630.1387,683.26746,0.017504066,585.8753,693.6387,0.018898338
463.0,622.8184601242533,181.52274864096248,0.9923731,631.1144304891784,174.37835921974454,0.96775,605.7677903753153,166.29085636273453,0.98137236,654.2661151522788,181.05651060623288,0.72665024,585.9923648695815,187.31637822016862,0.8943151,683.2448787013666,279.2365523837304,0.9957275,546.8368174301877,284.5800635401254,0.9970694,705.0498919156236,392.9171783013606,0.9605281,522.9657118771053,394.4497421518447,0.9762484,704.3945301782077,492.3297339815626,0.8873489,521.882075556132,501.12076903823225,0.923481,669.8806586513241,512.6004436914144,0.96955085,567.4609401857214,512.7029379361816,0.970521,659.5590097951438,666.7821524383667,0.27109468,563.7006306190502,666.8255190195606,0.28854847,628.6403,683.04956,0.017834455,586.8513,693.588,0.019203275
464.0,620.3818742432594,177.36129810782705,0.9923792,633.7004154209926,166.88288451552455,0.9679079,609.7505247337052,162.6284676657776,0.98126006,652.6782693639913,184.78253604296813,0.7293465,583.086445518344,178.80801770440095,0.8933015,683.6565594989283,282.0795922840681,0.99575174,546.316179873117,283.87850995167247,0.99708587,703.1777558879044,405.0596568602528,0.9606941,515.0158550900179,391.6068572605412,0.9763241,705.05113930747,492.0937822251859,0.8871887,520.5847863219417,499.3297402241125,0.92338705,658.9004389466604,513.7480940185447,0.9697497,565.9862655726835,511.2489861851351,0.97072524,658.3278525154267,662.4790231549478,0.27113995,569.904386929177,666.8893640888658,0.28864807,628.3811,683.1078,0.017779887,586.26654,693.54346,0.019156963
465.0,623.1473534249072,183.85205539380007,0.99235165,633.9151650869006,171.5801709604963,0.96816766,604.5709984833165,170.46558570086617,0.98105335,654.878363533792,184.40808900976077,0.73330164,588.8228298943361,185.03358303676265,0.8912287,685.4193598604811,282.14731311331707,0.9957298,550.3120689883954,278.4887990784077,0.99704677,705.6481374037143,400.7747786682441,0.960536,520.7966296418839,390.091471708018,0.97593427,707.1112927070051,500.45048191628746,0.88671446,519.1786846336267,500.182252949424,0.9222264,657.1984156812289,510.574740224139,0.9693942,572.0122594520692,516.394491718571,0.9702883,660.6767500892241,663.975846998252,0.26906812,567.451217679371,668.9571360148013,0.2857358,627.90424,682.42847,0.01765439,585.396,692.85315,0.018988132
466.0,619.098624390393,179.66422404493494,0.99230826,641.6927463504375,169.27710152010792,0.96818805,609.3662342287918,169.26995842569667,0.9809096,652.4721854879004,182.40540806383683,0.73474103,586.1876448527529,182.8488122109635,0.8902824,687.3194527246368,285.61756348868573,0.99569196,548.3744442066965,276.42160610534097,0.997005,705.5783022193979,395.4379066010171,0.9601943,521.5098371350072,388.8184432247812,0.9755434,707.1302302395064,498.23282086685174,0.88568926,512.8954798928636,493.8099757467871,0.921139,661.6766924595468,513.5922270160248,0.968691,566.5468627838798,518.5029887103879,0.96954876,662.1915315002134,665.5633305628752,0.26340276,566.6988106489856,669.6137095298313,0.27955163,627.9983,681.2947,0.017211616,585.8972,691.97876,0.018498868
467.0,623.7116092277267,176.90778603420935,0.9923035,638.2312867004512,173.93959397566087,0.96831805,610.3637541436506,170.72153604897863,0.980865,657.1932086691434,185.9572214845256,0.7361141,587.7037600427391,180.86783047029832,0.88992643,687.114988373924,279.6563021506102,0.9957181,549.7844833758675,275.3250836281444,0.9969879,710.2487880686517,392.0990517052684,0.9602586,517.3526064816974,387.0426342294801,0.9752179,707.1111652218253,495.1039215167435,0.8854466,521.407736903378,500.440124188916,0.92010665,659.8761274428304,512.74718348399,0.9689405,577.9764971969084,515.9768250769528,0.96963537,658.223312281734,661.2037391836342,0.26680672,562.8759102417418,672.4817491054587,0.28189945,627.02765,682.447,0.017529428,585.71765,693.0062,0.018764973
468.0,616.8275298806903,180.1447362800495,0.9923297,632.8108110380817,167.9936426230943,0.9682226,607.7200993768616,164.4660102026697,0.98097074,658.3546021141253,177.45535783481256,0.73387355,590.7233244126919,178.3800239004309,0.8907551,684.4656033065261,281.4298215321635,0.9956817,547.4074241575125,278.4677796537428,0.99698746,706.5549547330174,399.6995148193618,0.96013606,523.4155280312189,393.41782624459904,0.97540236,709.5026947783412,497.93003705365805,0.88539267,521.887897999918,499.9535859253341,0.9207463,657.5725673186716,511.4408313555066,0.96847,566.376147798721,509.66021975448496,0.9692842,658.401069465781,666.0942501379269,0.26011312,564.2561969361511,668.0850466335856,0.27568305,628.05865,681.41284,0.016865373,585.7502,691.94775,0.018093556
469.0,621.9462931296703,180.50583633887786,0.99231625,636.1822955490235,167.06973865404976,0.968293,609.119496111938,169.83128884422638,0.9808873,657.9034737921107,182.1136832625181,0.7352283,591.2506100732256,182.8932908015177,0.89035654,688.0784197054226,279.8044942082932,0.9957025,545.357312983374,280.64606514167457,0.9969684,703.5160413021365,398.6618206361493,0.960162,517.5491354047685,396.2950812528936,0.9750532,711.8847982284117,487.2878489207949,0.88493586,520.5648352832017,497.44746050293287,0.91948795,658.9159391481072,514.365346739028,0.9684707,564.6021429999698,508.37322074986525,0.96912533,659.080908396825,664.8193586990805,0.26255366,564.9913245646984,661.8890189980477,0.2770478,627.0912,681.29565,0.017168403,585.7034,691.9995,0.0183416
470.0,618.1490201558888,180.56486077220703,0.9924054,635.0285349610339,164.94877721988678,0.9678556,608.6152616264612,168.43127130257892,0.9813554,657.6602656933645,183.50708498464567,0.7273474,583.3227656793956,179.0541566049742,0.89453465,686.2834054323622,281.769559161304,0.995759,551.1646053111314,277.34180365579397,0.9970579,707.47495572809,393.2484695389574,0.96066225,523.1945344719261,389.51152648301775,0.97601867,711.0185693368188,493.2823194208054,0.8860071,520.9530305949105,494.2109302657707,0.9218908,654.1472054176843,515.0310735343354,0.96935093,570.7534186615985,512.5282955112882,0.9702029,664.2045516157556,666.3788695593356,0.26636496,566.2369819174208,666.439211684553,0.28240174,627.9362,683.15265,0.017320275,585.30426,693.3002,0.018569529
471.0,621.2280869466576,183.86799061980668,0.9923737,631.9858879166228,167.9481444475881,0.96762824,608.3980291836864,165.7765523000569,0.98129976,653.8342576749291,180.49675597364703,0.7264287,583.3973223468668,177.85157717280075,0.8948327,684.7682007681466,276.37628950003364,0.9957464,554.1107276975885,276.66216697874466,0.9970667,706.8345552831835,393.8249510508518,0.96044415,523.0103744300791,390.9259094355538,0.9760607,709.2379280252057,497.5536608743239,0.88534987,517.9861422924032,498.98928595266403,0.9218297,660.6723382644752,518.253798003971,0.9689362,567.4692728368195,510.6498959563375,0.96987927,658.9925042182214,662.6741978599546,0.26212966,574.9113537992465,667.4285126018098,0.27863532,627.76306,682.2972,0.016933203,586.4658,692.6193,0.018192142
472.0,617.6673165488919,176.4744014467294,0.9923992,638.878043771635,172.6039341671169,0.96738243,612.4567642455895,159.65479314523404,0.9814968,653.7499993979633,189.85578719634736,0.722532,586.7380415405762,180.47861665294357,0.8969108,679.9938498442758,280.7751931630398,0.9957726,549.8618013149807,275.39654303416563,0.9970895,705.4241716583012,403.88739903731835,0.96054524,521.0903679815452,391.81605288845583,0.97624636,706.466916524116,494.84385686588365,0.8855596,515.9999425444352,496.7883237427861,0.92233306,663.8937014705093,511.3853606230106,0.9691863,569.9809954241562,510.92844312890287,0.97014236,656.02235022669,661.9123708276263,0.26490462,561.8510321867935,667.0234440150015,0.2815351,627.35425,682.9802,0.017159253,586.48834,693.02246,0.018417984
473.0,624.510008097253,176.0189096557577,0.9923744,635.7410682737941,163.2615567228026,0.9673692,603.0083164909212,166.0158368633877,0.9813516,650.8525779388804,183.2128846157768,0.72478294,591.3982405980745,176.3290993635951,0.8957815,683.8244967825935,281.5292491922014,0.995768,549.0494303241555,279.96359349848177,0.9971218,706.7630571240909,396.10053010524655,0.9606238,521.6722568504738,393.98457127167984,0.9766096,708.6107012853977,495.79392584899915,0.8862364,515.0573500072028,509.4623310756183,0.92340827,663.7506161546264,515.6025209568619,0.96939206,572.3655024700715,512.3159280301968,0.97050714,660.2414172368874,666.0429032238184,0.2652641,563.9053756308291,676.2371644106512,0.28321022,627.9556,682.5985,0.017133951,587.0545,693.0917,0.018488497
474.0,621.3195799921912,174.3819620658483,0.99231416,634.6293814956812,164.8955651973368,0.9670125,608.9603511127648,168.5741539180592,0.9812708,654.9747927242189,186.27103824795267,0.7238132,587.7907586771316,175.72144263012362,0.89595497,682.3075444876284,285.6944437108491,0.9957211,544.2185483020545,278.4946850919731,0.9971349,705.371679706568,396.0914953263062,0.96017253,518.9753094377318,388.039468411901,0.97682625,706.7544957746294,493.08487022194345,0.88546824,520.9825430050925,500.3829264074438,0.9239881,655.0006369276314,511.04067254766085,0.96860135,571.0746163957012,514.1501493628272,0.969982,657.5032611303478,659.6791259689548,0.25742468,569.7330226612338,668.1252395997448,0.27671155,627.54407,680.57214,0.016476303,587.46497,691.257,0.017881304
475.0,624.4664173025217,177.83353632238226,0.99230623,635.5118942591189,164.2560078200855,0.9670892,606.842829212771,167.82330843828535,0.9812238,656.7285418826668,187.98016211207107,0.72490555,590.8773204856553,180.42974268802408,0.895661,688.968401431409,281.06645101754174,0.9957439,543.7949018145939,280.96334638916096,0.9971271,701.81434063183,394.03784750074465,0.9602607,522.1732265332694,389.35781309652094,0.97664094,705.2623903869166,500.8480704156987,0.8853856,517.1924455732154,501.78964018678306,0.9234115,656.0127150410773,512.0677374157424,0.9689001,570.9799629496483,510.0753952906326,0.97016263,657.9243344537693,662.8043357381097,0.26157784,569.3153936447294,666.7379546024156,0.28031224,627.0671,681.2258,0.016872108,587.7417,692.26306,0.018262297
476.0,619.2432832233773,178.38686097879346,0.9923436,638.057664445694,168.43591329244524,0.9670945,609.8941114785512,167.89515380821572,0.9813586,654.9986218069246,186.72766023737074,0.72295415,586.3633273236554,180.99074204721174,0.8964418,681.3318516948312,282.837358001587,0.9957539,547.0870917717489,277.3982065893156,0.9971343,709.4639416300873,396.77303493788276,0.96045685,522.4783143858939,388.32709742343314,0.9767778,714.6427672932913,494.81688241039365,0.8861043,523.4116176859395,499.35685346986895,0.9240214,661.7942525848275,510.48038220650085,0.96917725,570.2280174933222,515.5950984488429,0.9704194,655.5390740981713,661.6479236879957,0.2645204,565.7492578438147,666.9696526792329,0.2831869,627.2082,680.7245,0.017159581,587.0372,691.2788,0.018553883
477.0,621.6179101731723,178.15717384862992,0.99235713,633.8020581201664,168.7168004880333,0.96711195,607.8780362342067,166.71665890864685,0.9813636,650.2630006398368,183.59030449461642,0.72246414,588.7006428502491,179.678974651924,0.8965667,684.1045940136048,282.7120810561622,0.99574965,550.8841089826711,273.20290133466585,0.9971233,705.2506901468419,395.2799634340773,0.9604128,524.8605774470892,388.8084677605147,0.97666156,704.2001212301728,493.2107389396889,0.8857105,521.0124960888082,496.82507953997174,0.9235707,658.4179276869818,515.9438121719379,0.96892273,572.9291788974596,511.29074025799713,0.97013474,660.6545072902677,661.6052573623981,0.26214275,568.9040444197628,664.206304530427,0.28036767,627.32733,680.2119,0.016942203,587.2797,691.0103,0.018292129
478.0,621.7437061584311,175.144038985502,0.99237573,635.5825982547751,165.80707778890726,0.96737325,606.8130360830576,163.95579988843156,0.9812912,650.7516216233845,179.86777488428444,0.7244073,584.8876502209898,180.4130490917864,0.8957448,681.8539763246405,276.30200396578243,0.99575746,551.1545332986664,278.78293706950734,0.9970998,703.821064904067,395.95342772681835,0.9604933,522.5260466384215,392.3786802930376,0.97633386,708.9591421829942,493.39024808061515,0.88544774,518.5724241662563,499.90790153460887,0.9225516,660.4795253657968,513.6967335088738,0.96889377,571.4657133805031,510.29785321680885,0.9699502,658.4171284719639,662.7573069052722,0.2612294,568.7827333984127,665.7562560648192,0.27828068,627.5444,679.51556,0.016892523,587.0792,690.14197,0.018175662
479.0,625.2779072981414,173.1843667925592,0.99244434,634.6427312360319,161.57919545002693,0.9677683,608.3860365013255,166.04251802710607,0.9813662,650.3223253472345,187.80677236537133,0.7253889,588.1665594678385,187.6316851966081,0.8953674,685.4708620403478,282.90309345185506,0.9957836,548.2990284650654,273.98239155871676,0.9970785,708.1279157843859,395.4671167451163,0.9608974,520.4705276879359,394.1607335279871,0.9761426,706.5773455455796,493.9876276562995,0.88642275,513.5496183429111,496.77228879626244,0.92230296,659.4268775708658,516.683030066546,0.96952194,569.1861145854659,506.04636749194015,0.97035104,657.672920828048,660.4249180542083,0.26781684,570.0926449607559,661.70333312047,0.28366828,629.31506,680.5125,0.017460853,587.0789,690.762,0.01869905
480.0,623.0862239131947,178.87013203307956,0.99234873,632.2637432021093,167.71116920718273,0.96822506,607.1497752354926,164.02095075906627,0.9808311,654.5756374421919,183.54454431929503,0.73448515,588.3816819965213,181.87973500465378,0.8902352,682.9304507951491,281.7229213419958,0.9956646,547.041640780455,277.4893755466888,0.99698764,707.2973486538688,399.67128157474326,0.9604094,523.272819924339,386.99122672387284,0.975595,707.806301727935,493.4045219557439,0.8852831,518.7857169921444,499.95700165591177,0.920534,662.7248875879737,518.6740261179132,0.968367,564.2465420177331,514.3073220764793,0.9692042,658.7182247659688,662.8933954453253,0.2570814,565.8789621800158,666.5500563657788,0.27225453,629.3524,677.3799,0.016620219,584.20087,688.27637,0.017810822
481.0,623.211823937391,181.3855718714852,0.9923849,633.7144518468127,162.2151435582726,0.9680116,612.0164251657566,162.48264359560198,0.9810641,656.4751796787498,185.53343700865227,0.7307252,591.784464683333,183.0171740334661,0.8926538,687.8340175346531,281.66127036667075,0.9957188,546.2793942504476,277.45143689659955,0.997023,703.0912822005404,389.03944012696377,0.9606465,521.6007509218582,387.4572165243583,0.97581077,708.1569503709921,492.1631521607102,0.88554287,517.6658587369911,496.9148899498867,0.9210242,660.8077919994685,514.5465396483437,0.9689433,567.5085804830493,512.9283359625153,0.96975577,658.4269281411542,657.92994586721,0.26306006,566.4224843336743,661.5771117582467,0.2783352,629.0313,678.4951,0.017123878,584.3685,689.48315,0.01832062
482.0,626.4793159304492,176.24965404108363,0.9923964,635.3374061171254,169.01669663994497,0.9681504,601.9457716381042,169.57947858211313,0.98111635,654.0328364654748,183.63084436393828,0.73093796,582.4863906588099,182.24580840317543,0.8923083,682.9627323021778,283.8148172999613,0.99570286,548.6335930934562,275.5228410991366,0.9969957,707.9038010784224,395.71510088699455,0.9606346,523.8202858097403,399.4154663818784,0.9756676,705.2953557005764,495.2448579162775,0.88602936,521.2176381848822,502.8431722957406,0.92108667,657.3628870331722,510.39773334907835,0.9690455,571.0350993234355,510.56513232077685,0.9697862,652.8541395813988,658.9266969055038,0.2645982,560.1482825190521,663.9756411678165,0.2796393,629.82477,679.7603,0.017240047,584.2401,690.68744,0.018431544
483.0,618.9234860992916,173.8249389458181,0.99244744,633.7009522927173,164.48203669174373,0.96808314,607.428560095602,164.96370941283504,0.9812859,651.5185212238155,185.18268587219814,0.7279481,584.1017472813008,182.82459868551223,0.89385694,683.7628653688818,280.77672400932335,0.9957124,546.3582135312673,275.1687997996978,0.9970043,703.3351804346569,393.3344114561273,0.96067894,528.0212312527847,388.8389853314399,0.9757067,706.1619881285513,494.4256292385024,0.88576853,515.0515991884517,502.60348787305423,0.9210234,659.6836996776998,515.736494443223,0.96890056,562.5156321579276,512.3838491165291,0.9696312,655.146736600975,661.0336860426711,0.2613593,568.6783781710113,666.1976756093322,0.27605236,630.0059,679.4376,0.01690033,584.6125,690.1312,0.01804167
484.0,619.174302778936,177.4022468530643,0.99244916,636.0317464712413,164.57415249897582,0.96811557,604.0304830239189,163.0014108123874,0.98130035,654.2155881837205,186.47553314331398,0.72725344,586.1739176060925,177.67897414961487,0.8936287,683.4767236972277,283.9078498105675,0.99566406,552.9493881061225,274.92600552369834,0.99696505,707.4145429186349,394.9924424037016,0.96035886,527.6657874419999,389.4694436931451,0.97546124,708.777436686885,493.6936858329298,0.885159,520.0444892558733,497.19635156063356,0.92047846,661.467137411519,514.3011016844304,0.9681439,570.6207837567616,511.52805897109613,0.96887624,656.945404783978,660.4208122628607,0.2548678,566.0977684764097,658.8935669668895,0.26920265,630.00946,678.72864,0.016365767,584.27997,689.18353,0.017462522
485.0,624.2204446189268,176.36928326693837,0.9924133,639.1940447006772,166.07638134057524,0.9677559,608.6915574743755,163.59400614136595,0.9813272,656.888244244877,184.06429401318638,0.72488284,591.133007455094,180.12734439953803,0.8949727,681.8907652063003,284.4442115152635,0.99568135,546.068504758077,276.8945758622701,0.99698627,708.1904679119541,399.20805077538193,0.9602145,521.2572331291168,383.8770122455831,0.9755461,706.3600058438466,493.0381259490264,0.884647,516.2742956189534,498.08824639338997,0.92050767,653.3424933319498,510.94911630985416,0.96812016,571.214303754103,515.6191086512379,0.9689156,657.6470188699695,661.2016143189637,0.2570439,567.9156311427461,663.1343173546954,0.2716127,627.75336,678.34827,0.016609251,584.06854,688.48975,0.017712533
486.0,621.0467450432259,180.10478256094905,0.9923761,638.5233653362634,165.4188409299665,0.9678879,604.7914532819761,165.823894157478,0.9811568,651.5861139983629,184.55393362865013,0.72720206,586.110745576146,176.14135715920386,0.8933679,687.4037110382214,279.0884035515387,0.9956306,546.7720359615415,279.33541152999527,0.99693173,705.2192743159346,398.5717841104421,0.9597955,521.92680818168,386.8271058806668,0.97505856,706.6254980492605,492.6737330622024,0.8835343,513.6985066216168,494.7037272131518,0.91905427,655.5629287726335,511.86677195885403,0.9672067,567.8978430724061,514.7440933379849,0.9679491,654.2943279546593,660.4655831511778,0.24937922,566.0624756427294,659.0331982984429,0.26325488,627.2211,677.80286,0.015975505,584.1183,687.8297,0.017023116
487.0,619.4323790009378,178.4908131215071,0.99241674,636.9544040672675,164.6126159059522,0.96812403,612.0925165376517,160.8536410364246,0.9812553,655.0608566736631,177.49654338973335,0.7275096,586.9699638962668,179.43018518188023,0.8934215,681.7368889116085,283.749504972594,0.9956492,549.5102434113182,280.9971167692173,0.9969208,710.9333870346014,393.94179815383364,0.9601182,521.687869246969,388.6741088850227,0.97501,714.9536363540973,497.2270800966039,0.88442135,517.1275437868977,497.55362897934003,0.9191617,662.752465241978,514.2257515262665,0.9679291,568.8551190609655,513.8843761875489,0.96852994,652.8501853928403,667.4197053102529,0.25604755,564.5807833823005,660.6139417247224,0.26936096,628.8265,679.3643,0.016532898,583.71564,689.31744,0.017573088
488.0,617.0641614249465,176.3158518099509,0.992414,632.5334898495122,165.68161406813573,0.9681785,606.1950869340974,166.79350874349768,0.98121476,652.7079866302963,182.57848438514728,0.72868466,584.1300359887798,175.9945575894112,0.8930023,685.5947986097882,282.2503013586532,0.9956578,545.1995029027834,272.4659451855515,0.9969264,706.0452766108277,398.4090668929236,0.96017015,521.7454594215642,388.2591460342425,0.97502196,706.9010931955692,497.6436764331245,0.8843303,517.0294544740806,495.82404543769894,0.9190291,665.2231987877713,512.8784212313788,0.9679603,564.7891176596282,516.7218117804229,0.9685631,654.852880126064,658.4889153104609,0.2555498,566.1742221004627,661.1962697329366,0.2688895,628.47424,679.3567,0.016488522,583.4547,689.6131,0.01753077
489.0,627.3668027214917,178.0770869477737,0.99236065,634.6904276934279,164.76687906340942,0.9680056,602.9421895241629,167.0694444235255,0.9811293,651.7496971230698,182.33973911143997,0.7286544,588.2464927043727,183.58274152703257,0.89297485,685.3328875177381,278.6185765934059,0.9956541,548.369174154495,276.41685789573086,0.99691147,708.5114785202651,396.43934008897907,0.95995355,522.5188747694365,386.5366505075524,0.97483814,712.9774744102699,487.10815124549515,0.88370997,517.0609803592522,498.5131025395429,0.9185525,663.3241380227811,515.2388547111227,0.9677242,565.9233314685622,514.104015993351,0.96831083,653.5979073665902,662.4240580297453,0.25644425,569.9460610575849,668.9457581436561,0.26973242,627.4695,680.09607,0.016628921,584.1609,690.1851,0.017671436
490.0,624.354147606912,173.8121633345894,0.99235106,638.810238199703,160.28977471663646,0.9676441,607.5198830110903,169.2361834775825,0.9812527,654.2214090783068,179.132731701457,0.72519886,585.8276440483609,180.79159971347485,0.89435387,686.655059887045,280.9413282948806,0.9956276,548.6929758690625,273.9287904371573,0.99694324,703.2461995690502,393.7673237922355,0.9598018,525.6179328558262,393.4270307735921,0.97532487,708.020557219518,497.3584108584528,0.88399565,512.5740670859094,495.9793338807377,0.9200787,656.184936107503,515.8611236436936,0.9675062,568.4312972185345,507.20703185865057,0.96833915,659.1714101068708,656.2756608437905,0.253662,563.2827658333615,663.878181790541,0.26848334,627.7397,679.81506,0.016337872,584.50385,690.0321,0.017451942
491.0,616.9080791018328,176.22712216908067,0.99235696,632.7222798246949,163.12691701050113,0.9676231,610.3184584977679,162.83638098959472,0.98128974,657.3506737043713,182.74357790881044,0.72497886,585.4808042288624,183.6045334202771,0.8948562,685.9990114236097,281.8778324459017,0.99566674,548.5241038344167,278.4932627492716,0.99695814,706.7115109838971,390.0003743311798,0.9600202,524.289566388394,384.9887244420953,0.9753608,708.3706405108925,495.67891342431244,0.88448167,517.3566146380513,491.74741564399494,0.9202394,659.3147493670646,506.6947752939201,0.96803236,569.5477490005318,510.60950136116855,0.9687955,657.8974507824182,661.1554491011435,0.25986147,561.3251602593784,661.5927637694056,0.27449733,627.19806,680.58765,0.016898692,584.39294,690.95667,0.01801759
492.0,617.5612950452486,176.6165371781353,0.9923643,640.5901800593829,166.54850687345976,0.96758914,607.6099733472106,160.2601567397723,0.98137796,650.0782488494498,183.28794215613306,0.7235091,580.4288180982783,173.8902409615985,0.8952361,681.5579429878037,277.6900020176798,0.99564457,552.6911548794659,274.546169118417,0.9969491,710.585731095859,400.6352102224355,0.960008,521.8328546138699,390.8482004449437,0.97543347,705.3312806751342,490.128058734308,0.8847716,517.1473734233455,497.1578078271555,0.9206257,662.8456318321124,509.95288801617824,0.96806425,564.6676526799089,512.0547654628402,0.96884805,653.9663959736027,669.412262110007,0.26004273,562.8956993856959,661.2550389324135,0.27486566,628.12054,680.89874,0.016913623,583.94653,691.13464,0.018044502
493.0,624.288412201593,176.47061753264634,0.992362,631.7715270657344,159.82479122356003,0.9676485,604.0509716437662,166.12907988660217,0.9813566,650.3469931930699,183.30982657996503,0.7242772,594.3961619091868,178.93902918192174,0.89509934,682.7776500371808,278.5133687066532,0.99567187,548.0169252054679,278.08256787437193,0.9969496,701.3076565217416,398.5289304119697,0.9602087,520.0349508631317,390.8086895558226,0.9753649,705.4472818885681,493.28271657932953,0.88509226,512.2690608574663,497.186317647643,0.92040205,665.8576594988405,508.70971065716,0.9684936,569.1591277069426,506.92827400671837,0.9691794,665.3673464120001,660.5302545510177,0.26465642,569.3126216314532,666.6630339733742,0.27905333,628.05096,681.2952,0.017359197,583.8022,691.64954,0.018484563
494.0,620.6505879922902,184.9679826620764,0.99238396,633.4813688665428,166.37614760515999,0.9676496,608.025713642829,165.44846037163063,0.981454,652.8997195661356,182.91502506090575,0.7232156,588.3362606128717,174.49197028644488,0.89572483,684.9330161042235,279.15288903680596,0.99568045,546.0419021930024,283.71000443391625,0.99695706,709.52390486028,397.78130499306076,0.96034425,520.8180547996891,392.40731610405754,0.97548735,702.7872284958221,496.38466154573985,0.8855294,518.338619667989,500.2731245357355,0.9208063,660.4847881704399,507.5987684784081,0.96878076,571.7666984722343,512.6296157354857,0.9694617,657.80644790702,659.7309741355535,0.2674569,561.2026075008204,667.1031034503621,0.2818793,628.3473,682.047,0.01759097,583.1713,692.2457,0.018722475
495.0,618.3127784916878,169.7833426251134,0.9923831,639.1348439602323,166.6094403230846,0.96771526,604.0386641183599,172.1350280643445,0.9814626,655.5353333670158,183.10374974017273,0.7235209,585.670924105095,179.39682719559713,0.8957722,682.5346100210627,275.26662622836744,0.99569076,544.8364739604135,272.7587217327492,0.99694157,708.648340775496,392.71058664526157,0.9603853,522.5386339537995,393.836596200883,0.9752984,705.3390871358037,495.8368034023713,0.88549817,524.4344948488882,494.39186862046864,0.9203575,659.4566162526338,509.01916428322096,0.9689812,572.7545047479131,508.9747950418564,0.9695559,662.6442587820097,658.0839072885539,0.27099758,564.1015547526121,666.0381705564982,0.2848705,628.7667,682.9691,0.017935812,583.4731,693.0144,0.019047558
496.0,620.5704172904182,175.4524494043792,0.99238527,635.1421582319357,165.30208225523455,0.9677141,604.9352314321629,163.21350805192617,0.9814906,651.0637878802443,178.86721837121317,0.72302926,585.5675960161179,180.35920140346212,0.8959681,682.1283057606277,278.66439464207826,0.9956815,550.1651293736137,273.94730466757727,0.9969329,705.3858092472004,394.3244010628957,0.9603512,522.549860155324,391.0413005687009,0.9752643,702.5830923571971,496.6835924045657,0.8854152,518.4716498078519,501.95484207942957,0.9202945,662.40468980752,508.3425763993853,0.96888024,564.8885996916083,506.37096465747146,0.96944726,665.4084563587553,658.1969563116162,0.2702446,563.3712875700909,668.2345460654453,0.2840196,629.2603,682.87354,0.01787445,583.27765,692.7982,0.018977463
497.0,622.7118000472544,177.41432535906765,0.99235684,639.9584714851989,167.46818612094495,0.9676677,606.4488796456029,164.87628672375533,0.98141056,658.0649389716297,190.39695453313652,0.723913,583.6804745183028,182.35846536154034,0.8957761,689.8887219328234,284.24553208022405,0.99569726,549.4602945716614,275.79000925533865,0.99693525,701.8752364583952,396.8885292869175,0.960356,518.7562499433907,383.4224995933016,0.9751795,704.5448828836255,494.660237824172,0.88528275,519.5058682432402,498.39998150136313,0.9200476,657.8222680851251,515.1396768417314,0.9690478,572.8744949322308,508.31891661466005,0.96957886,655.606500834731,661.6632322917364,0.27318597,564.2673329657237,664.2013300618814,0.2868185,628.9735,683.3755,0.01816979,583.75134,693.1514,0.019279242
498.0,623.8337628125989,183.40764092181007,0.9923559,633.7519855473605,161.48542534331898,0.9677104,614.8278251548896,165.29445464700635,0.98130506,651.2467629551253,184.45688893248285,0.72474307,582.3509604973183,180.38480516485586,0.8951232,685.3820952262662,279.84483543695217,0.99568915,548.1175369599675,283.7713266917439,0.9969335,705.5998489560233,403.67524079108347,0.96034133,522.2654144709182,389.0475271758967,0.9750977,710.9518424303087,491.57773811930707,0.88490427,517.3034715971321,500.0810755428853,0.91959155,652.4953563089123,512.5165525697478,0.9687413,572.6678689308854,512.6833120816077,0.9692701,657.6297720803473,662.7326955558373,0.26859385,564.4608688648746,665.6455991554205,0.28184387,628.46686,681.2158,0.017779857,583.8676,691.0402,0.018851906
499.0,620.6619566191569,179.0067617425932,0.9924232,638.0975235678683,165.73479072032472,0.9681683,610.1539813718113,156.79258146875327,0.9813565,659.4204045581183,181.83994393170923,0.7263255,585.2508169079492,179.95837626391338,0.8946556,687.6669622961756,283.4982875404057,0.9957353,550.4093925103946,276.2075900063949,0.9969007,703.9871225126576,395.01554883882187,0.9607909,520.4893042046649,390.26764513545544,0.9746385,707.0469557359311,494.08125383745556,0.88569707,515.4833289288911,492.97357335353644,0.9184871,660.5160076534888,507.8734935940995,0.96955645,573.3164006579512,509.3134080332159,0.9697448,658.4046225627661,662.4245013827602,0.27733332,566.2332524149265,659.5758150733175,0.2883832,629.084,682.2246,0.01858157,583.8065,692.18164,0.019539267
500.0,621.8343517594608,175.5878642775378,0.99242973,639.1696285773189,159.64386760706032,0.9683413,600.4561431420268,165.3727838214093,0.9812822,657.9433271838358,180.55046236655124,0.7286134,587.2921121921333,180.95702537540797,0.89383507,687.8799128584866,285.78630825646246,0.995762,547.1524954278285,282.2998207492239,0.99690497,703.2249810277124,395.39654062677977,0.9609549,522.6580874749507,392.3640603869275,0.97456753,705.043603105519,488.18279589051866,0.88594043,517.6688118634244,498.38284681196,0.91816914,654.0106995270056,511.207865122656,0.9698514,573.7597222511021,505.15844670920274,0.9699708,662.898775430831,655.5121648472079,0.28077728,563.6938409148228,657.3893584971999,0.29136974,628.4701,683.1668,0.018892586,583.3433,692.8187,0.019838065
501.0,618.7146912260511,176.43613395043783,0.99239296,634.5781907205701,164.86137148070281,0.96852976,603.4564682083559,162.68294174236772,0.9810608,653.3811805559624,180.41662986979736,0.7325297,590.3431075740675,180.24730348010593,0.89201725,682.0396303905661,288.0179713670044,0.9957611,547.4567563710445,276.6252683062659,0.99688596,704.6645066401112,394.4839198673199,0.9609175,526.2521791514446,385.81914174351704,0.9742587,712.1714742615048,498.40496105402684,0.8855407,515.8090278537229,499.93111886251063,0.9170829,657.3450042960636,512.3139486947584,0.96976954,569.3356515428641,507.6581026001457,0.9698025,660.0108852367141,655.5921565649961,0.28050035,562.3835887417348,659.563794225901,0.290568,628.55035,682.3034,0.018941402,583.7714,692.39966,0.019873142
502.0,620.920685343457,174.83085354087186,0.9924513,636.5195559136195,163.7193954800698,0.9692973,605.3883941737171,168.7051328111831,0.9809038,653.2152958422843,181.02385918256135,0.73827094,586.988592243011,184.12995040526397,0.889201,684.3768313295996,280.35472672933776,0.9957875,545.2779868068271,279.9873989808883,0.996817,704.8728587093016,396.4083389652614,0.96128535,522.6493518276471,385.68449931916916,0.9734372,705.3186403336666,489.6877387431925,0.8862823,520.3537825223272,496.8870452489964,0.9151732,657.6957882254982,506.17958741418005,0.9702399,565.1142101861926,509.63278311128494,0.96986353,663.4140130153728,665.3812146821673,0.28749162,564.0939094223675,667.5823293601121,0.29466444,629.20044,683.0166,0.01964271,584.1608,693.03174,0.020419419
503.0,622.7353942310906,174.61706550016575,0.99238205,639.2930573538474,166.3653993369283,0.96913826,603.3233683670442,158.20497292339348,0.9806996,658.5178142745401,186.35804057531837,0.73983955,584.3847467497109,181.29549476920812,0.88848513,687.0811485604498,279.49184075046753,0.99578726,548.8580501441345,272.63398628206926,0.99681675,701.7655221619051,387.2039236304505,0.96088696,521.8871362904335,394.7689750303463,0.97317845,709.5640961709361,492.9228336700631,0.88486665,516.1805853298304,494.013302948058,0.9142382,653.6481191049589,508.4376508829632,0.96962476,567.5316082726874,500.41400868298143,0.9692749,659.5088140686639,659.8617534604055,0.2831574,567.8731987397396,664.2075193500766,0.290549,626.8243,682.1253,0.019319087,585.03986,692.32587,0.020098925
504.0,622.1959523671528,179.88070935150105,0.99235237,638.0497695518583,165.49551583977853,0.96910095,604.6431643197553,168.1505018523932,0.9806096,650.3134611496298,184.48123071590595,0.74065673,582.7780977376304,177.63316475394086,0.8880406,684.093548242102,281.7720418229389,0.9957713,549.5626951113088,275.3021127942136,0.99680746,705.975362647256,396.55429072536396,0.960756,525.5947440740703,390.46182605035926,0.97311765,710.2258403776801,496.1396448672601,0.8842826,521.0923998093627,493.46844018845303,0.91384184,657.9904306900704,514.9942306071562,0.96932375,569.9324222256068,506.2536758745601,0.96899724,657.9348335972539,653.5451513610716,0.27975592,564.4281938155349,667.1664022795211,0.28732514,626.67926,681.40234,0.019023597,585.1787,691.8837,0.01981026
505.0,622.1239503541465,174.36529810093617,0.99233425,638.8367672911754,164.09510571404454,0.9690708,605.8082763058326,163.56383315849843,0.98060906,659.9211739444187,182.64994409732364,0.74055463,584.0180686030167,182.35609339285952,0.88784695,685.6084933883341,277.83178610433555,0.9957503,547.9560175108008,273.5624941858173,0.9967984,705.985621779671,395.0964675351327,0.96065176,518.1061704959524,388.28874718231214,0.9731317,705.4190289405292,492.8377303721843,0.884334,516.6931162415987,494.7224977919584,0.9140504,658.1539219614101,510.7903566167334,0.9692662,567.0036420305245,513.0381046870791,0.96897393,659.2351698189125,656.5874105964507,0.27943647,560.5946733349172,664.1228736827006,0.2873354,626.83185,681.6863,0.019013643,585.1054,692.3239,0.019824088
506.0,618.4667870070869,178.27023546222944,0.9923099,639.8905130161443,158.961320251767,0.96890795,605.5331239675334,167.630912882509,0.98055655,658.3607200637983,183.71857868995158,0.74088115,581.6635179512471,180.28673499541583,0.88807064,685.9638313880611,283.21016657268507,0.99577606,547.7513307972205,276.1310169602285,0.9968486,701.0718677110784,394.55861791225055,0.9607641,520.7151999091161,385.31511229528587,0.97353154,706.7265718448846,493.2169576021103,0.8843404,525.6118665433571,497.9413676358204,0.9147495,663.6258820424772,503.94142512453027,0.96960735,566.6473350518635,515.9258641469976,0.9694551,657.738649733919,655.4490461475482,0.28175777,564.8216374641269,662.8424293567978,0.29059806,625.98035,681.3566,0.01922381,584.8582,692.30896,0.020100415
507.0,619.4964403225235,173.01460054989698,0.99229574,640.9606871429492,168.2618014863849,0.9687855,604.7324042279365,164.92114376972637,0.9806168,649.2031322578331,180.90116664015298,0.7392743,586.8780315565926,181.5728929020862,0.88829684,683.7937815902351,284.99652548039853,0.99573135,550.0893229874326,279.88883782413006,0.99683493,709.4881916512682,389.72301144946897,0.96048,521.409265273755,390.80913356344445,0.973583,709.432587162044,488.68125777332745,0.8843304,524.244509426731,498.5234234258792,0.91531706,658.4521704624867,512.117030967589,0.9691612,565.8675763875715,508.0212695110559,0.9690963,662.9352202953274,665.196376695757,0.27736962,570.6476201956822,664.7724263212156,0.28696072,626.3158,681.68365,0.01881662,585.40936,692.28577,0.019731402
508.0,623.7282061349968,176.95793425042575,0.9922724,636.0281430961776,167.8310096233762,0.9682823,601.7945127891254,163.87759306821982,0.98072416,653.5594853656536,183.24376803702413,0.7353053,587.8340258148882,186.237541348229,0.8901607,690.0548441728927,285.7297546185289,0.99572873,542.8659184274661,278.452196227374,0.99689686,704.1253457636808,400.90303477327564,0.9603672,521.2135171978888,393.0820617694173,0.9742584,707.0200398137199,491.0337121393671,0.88449895,524.3262964483748,497.28382922521723,0.9171351,658.5883853732472,511.58009224895454,0.96904707,565.0815065569963,510.6780666284654,0.96927774,657.5156055130935,660.7707303509035,0.27501303,562.7722714114514,665.7109513792437,0.28654766,625.5811,681.281,0.01853785,585.69525,691.2434,0.019561023
509.0,624.155329525733,179.32838984457257,0.9922192,633.6354014625391,164.51921481559657,0.96817124,607.3488530920113,163.9781309882046,0.9806123,657.9838521035683,182.2305942642656,0.7363412,587.6543109123775,180.1536388565707,0.8893658,686.1027133670726,282.4215062109311,0.9956995,550.0094240608673,276.2589484103617,0.99689937,708.2757282128908,393.44012930735227,0.96009696,520.8884958803736,394.1377158605524,0.9743259,709.2511970831009,494.546632271403,0.8846513,518.4050572831216,496.992011232808,0.91767186,656.9623855902613,505.37751406345495,0.9687557,567.1683657022509,505.73224548137324,0.9691087,649.9593781989323,666.3294801792899,0.2746627,570.8657575935753,656.3711776939771,0.28708133,625.4266,680.7178,0.018563837,586.2091,690.598,0.01965639
510.0,620.1108266150766,174.0434078437376,0.9922394,633.3702045237478,169.56778202708315,0.9678772,606.9735765892224,168.1356372850183,0.9808035,659.1619759751367,180.2905970648873,0.7327737,587.7689000014242,180.46547223694358,0.89127564,683.1948548105447,283.2132897085952,0.9956981,544.5506372538061,276.345992739191,0.9969615,707.7318147816997,401.5120160866885,0.96030074,529.1578015852806,391.42000988283144,0.97508335,709.9420338398204,497.35015344680414,0.88493705,521.5832344492179,494.99292944655156,0.91948014,657.3544984636848,513.0706755760924,0.9689122,568.7149637212874,518.0508187469478,0.969527,662.1126499595713,662.0217923453271,0.26929104,567.9944901483233,666.66770317218,0.28347617,627.0648,678.9802,0.017983973,585.1857,690.16547,0.019163758
511.0,622.8348731993142,181.30397090905856,0.99218345,637.4176033517405,164.50615665838012,0.9678525,609.2869392963831,167.47348753061067,0.98057663,657.006556448877,178.26642089674493,0.73496354,589.131034202058,179.6465228870158,0.88987434,684.975600057448,279.92768697296236,0.9956775,550.9179954581718,273.74729853758043,0.9969474,705.6834262320848,392.8987553516179,0.9600138,521.0619077892742,384.8016560573416,0.9748675,707.4395312443958,495.31670522986775,0.8842805,525.2301337213216,494.0717442706976,0.9189694,662.8458556210933,514.3252477350329,0.9683677,569.0786303753771,511.4446345099653,0.96901476,658.5654203477418,659.7881120258571,0.26565218,570.0464850193803,666.1153052645791,0.27992225,626.34393,677.8477,0.017707914,586.3687,689.1347,0.01889196
512.0,627.1407343289708,183.79298250253967,0.9921508,635.4701883066978,163.59826926276645,0.9681534,607.7387605858654,165.2089576012687,0.98039335,655.9279657948641,184.6430940191911,0.7382241,587.5844077625017,181.15118341999826,0.88731134,685.9210465073827,283.822581669731,0.99560463,549.4868438277138,283.02718597620935,0.99687093,714.2475462458593,391.8563277646186,0.95955443,519.3600726794862,392.1323381447161,0.9742542,705.9638268578516,498.5276446127606,0.88385576,523.3843478028597,501.0660563951961,0.91767764,664.9323972047797,504.56106033060644,0.96761155,570.5317019435001,516.4741364155275,0.9681554,658.3554878360612,658.6162909447281,0.2615981,567.2385771892496,663.7696511893181,0.27508742,626.9116,678.1575,0.017394662,586.44476,688.9054,0.018537343
513.0,621.4517631834827,181.3365444136875,0.9921367,637.7630575123818,162.84345326845482,0.96826565,604.2358257666883,166.3592589067099,0.98028576,650.2549432437016,182.96798710169392,0.7400984,590.4569773800821,180.4108042869369,0.8865521,686.3971990269237,281.1492070591685,0.9956217,549.0862183262004,280.58044990199704,0.9968591,707.2681019632365,395.2006535371985,0.95954096,524.622666716619,388.7785048936151,0.97398496,702.1787760579432,495.0110024174371,0.8837464,518.5055409747571,498.6839845827144,0.9170067,663.3577181723929,511.2640630271607,0.9676665,575.2638008705981,511.59908694368823,0.9681068,655.4722013093077,661.3470016702761,0.2638237,569.2135912813303,664.320916923968,0.27665496,625.8743,678.0127,0.017647713,586.8032,688.4498,0.018762648
514.0,619.2947499224935,175.34869840545053,0.99219596,635.9998459107172,163.92808396396163,0.9687736,607.1589587563049,162.34024992926703,0.98034555,654.4323112895956,178.32466157262343,0.7425116,589.5052856147257,178.07450965212854,0.88582224,682.0790782334236,277.16178720038357,0.995677,547.2398956234327,275.0936330536673,0.99682057,707.5445490291964,397.3106332491818,0.96001184,518.3498530237164,384.7788170645267,0.9734614,710.2054512330432,493.47208213233256,0.88461137,516.0749735149312,500.07164197919826,0.9157929,658.2843957011651,516.8502654195805,0.9686661,571.9422266570269,514.3789883192107,0.96872914,651.4393033156382,660.3022142604278,0.2758683,562.610496935662,665.4219823180272,0.2865432,626.51666,680.40015,0.01880154,585.9531,690.80505,0.019825786
515.0,621.0074670391963,181.5165661175055,0.99220294,640.1277593250002,167.19369003157496,0.9688997,609.2896338017198,160.35589750075275,0.98032665,655.5814539825911,184.72731708343298,0.74300355,590.6656767332996,179.67867548483943,0.88532436,682.9778278262173,274.513691968349,0.9956542,557.4199111730691,280.07129172071876,0.99678713,701.6555281089495,396.6601534348905,0.95990217,522.2338629233798,385.80575701351773,0.97316414,712.6344815997953,495.7668196514484,0.884068,516.9623537254722,497.2205136074577,0.91494536,656.7172177315041,514.5236073538092,0.9683058,568.1913370214738,512.2774973318413,0.96828794,656.0561131097662,663.8943925985818,0.27189282,568.0868045709656,662.8728872944462,0.2819555,627.02637,679.9602,0.01843667,585.9431,690.7346,0.01940763
516.0,620.6051579035917,180.44957042794684,0.99219906,640.9036438984411,164.71772811096153,0.9689875,605.9414715556364,163.4990434215502,0.980326,656.9280077293755,180.04376418923718,0.74328995,590.559703804044,178.69200972738014,0.88534844,686.4367709670483,285.78096105505534,0.9956653,547.2486683029776,277.06706483315867,0.9967632,708.2155746862215,399.0601462145271,0.96000344,523.3590193677272,385.4614564140624,0.9728887,706.853062479521,496.95357713578255,0.88414013,518.4063221549815,494.9588472086883,0.9142126,660.0480978431907,512.7968451383945,0.9685991,569.0426805862028,512.5842773058931,0.968431,657.7200115415177,662.6437931918895,0.27535355,571.5326949247053,666.0707242480034,0.2845254,627.79926,681.09155,0.018777102,586.3609,691.6604,0.019709796
517.0,618.187215272064,180.57335560968923,0.9922389,636.2584404922662,170.6917294719353,0.9691184,608.2474396739227,165.00062712399733,0.98040867,654.1926054879981,182.92710877340474,0.7435144,584.9103345133616,186.4567762427722,0.88552237,686.6900965871105,282.1523321874946,0.9956887,550.7511901812135,276.591596327968,0.996783,702.986399055306,394.49179177763534,0.9603741,525.5642990601576,388.12155836535413,0.97316694,712.4582466633639,495.26471629999065,0.88506854,521.3957166477148,497.88448482612114,0.91494554,658.9084929594537,513.0211796334204,0.969239,567.5532179175669,513.5889525729075,0.9690746,660.3011689011586,663.1477697643492,0.28021416,568.5096833625638,661.1645452781972,0.28947872,628.82996,681.2678,0.019201994,585.5712,691.9031,0.020157456
518.0,616.242501694953,178.69750341453295,0.9922323,633.9519627692098,169.2744945071533,0.9692509,609.2620096004335,164.22762696456212,0.98039865,657.7854310858021,180.29754647202697,0.74390733,587.4440112021052,183.76790642579655,0.88502383,689.3024042242898,284.0789715029965,0.9956509,550.3352199397413,275.0773430971825,0.99672174,706.2001290650709,398.07008792278634,0.9601792,518.846332061586,393.7037887426078,0.9726946,712.9444768609175,490.03037003514925,0.8845954,515.6953886063677,496.8438989827103,0.91386014,658.9259896643352,509.8157230311636,0.9688058,574.5496895734631,507.132626263278,0.9684998,665.7394108818492,664.7245590241627,0.27568763,568.979958487428,665.85269716476,0.28412947,629.43256,681.4439,0.018795729,585.7542,692.0774,0.019687474
519.0,623.3174018894955,177.2344679861158,0.9922515,636.2489723584521,170.2078661645541,0.9691224,612.4074578256359,162.07840193866375,0.98060155,650.3537237917166,183.08475320008418,0.7410285,595.5873450575532,186.62180734257785,0.8865919,681.0370942426932,280.39995297281564,0.99563974,549.9592233330861,279.654316887485,0.99672484,707.7542920107425,400.12617020316264,0.9602029,528.8235284385536,392.8779879790484,0.97293,712.9585811895887,490.1628638892187,0.8846469,516.4499732149606,492.5599100587755,0.914425,659.8946130460621,510.3482759412114,0.96891093,572.7769323320804,511.72028324909,0.9686569,659.6571117606205,666.0171301394778,0.27577382,565.5507701682225,661.5895421811084,0.28461403,630.0206,682.9498,0.018746436,584.75867,693.43823,0.019650131
520.0,625.130894985315,181.77366443819457,0.9922339,637.1441359854783,169.5483693713355,0.96901375,609.4911370484522,165.42703538399869,0.98059547,659.4723892260425,175.0793652128191,0.74037945,594.252089282895,187.6601487655639,0.8865413,686.5041128332099,277.1548553246755,0.9955889,545.5935027185188,276.52781002737186,0.9967239,709.5367088515395,399.8167553874798,0.9599275,523.3922482396921,390.80991380146133,0.97311926,711.3956639371327,493.28654651202453,0.88411,518.5887297976141,496.86486401094345,0.9148708,657.4519558073536,513.052490724597,0.9682417,572.174992392824,517.2066409121966,0.96815515,657.2969734947486,662.1781565440953,0.26705676,570.3634476807891,665.8297025950709,0.27697563,631.03015,681.7676,0.017901987,584.8863,692.56396,0.018851727
521.0,618.9456293026092,183.06578013588373,0.99219805,643.1898441931626,171.5870706008949,0.9689538,606.972560298807,164.17745241822132,0.9804907,650.1305059122813,181.87299101993707,0.7410712,584.7884643349258,181.3383589651578,0.88531893,687.753417932191,283.05958228250057,0.9955084,546.615600341446,280.70273258463436,0.99670255,706.1357570635394,396.50770961157593,0.9594035,521.2408971769275,389.4619090169896,0.9731848,709.9716664391399,493.3327120879226,0.8834257,520.0042417953703,499.1686951727286,0.9151508,661.2834127623927,514.7790155827843,0.96710134,570.4878753912177,521.3177119499669,0.967216,661.5746140405836,658.5621592448639,0.25555518,566.8956524930152,668.5234548953198,0.266572,630.5003,680.7623,0.016840339,584.3633,691.27216,0.017827094
522.0,622.8958451398885,178.50927689261664,0.99224794,631.4540184376125,171.51001537022367,0.9690147,605.3062821286711,168.36584125747112,0.9806931,651.1922064768918,187.1482306079606,0.7393659,584.9223339897085,187.22165383729353,0.8869957,690.3425898563551,281.94357748941496,0.9955721,548.8395628454657,278.96203464796105,0.99671,707.855397613851,396.59502620304204,0.9598084,528.1190271645493,395.702469508754,0.9731032,711.176638225004,489.75080703617044,0.8839676,521.0762909772649,500.94404597787025,0.9148071,660.719361472547,512.0461027179176,0.9679395,579.6725762398232,517.5557217334824,0.9678625,661.5278112571864,656.6581531443942,0.26504815,569.4256536375234,666.7828492160742,0.27494183,630.41547,682.19305,0.017725497,583.75024,692.6968,0.018659055
523.0,621.6251523227505,180.9534400967887,0.9922662,638.7007364683424,169.32897126731163,0.9691601,610.8732350895623,167.82781268343055,0.98074687,664.0653965669084,188.4964096312541,0.73930067,587.6554661603494,183.24725755963158,0.88686264,685.723695739489,281.64404248827105,0.99554014,545.3995160609416,278.39381174522276,0.9966725,713.5360766950174,394.9389414216347,0.9597511,520.3942564676585,391.1487873608578,0.9729114,711.3309748900316,497.5977295586521,0.88397425,517.7717443358056,503.92590889418454,0.91450065,658.8615548439348,510.0235512293746,0.96776426,572.6600940812166,513.1383575560274,0.9676231,659.9222397697594,664.9908084408804,0.2629137,564.1592269043158,667.692958581064,0.27235955,631.44556,682.30615,0.017514527,583.0729,693.0897,0.01841116
524.0,623.6507124305948,179.32426006021888,0.99229,636.652583028388,169.2347560066018,0.969177,606.1852243612444,164.7000011286643,0.9808014,651.7994652711291,186.61190727318063,0.7387563,592.8053525393475,174.70997492560946,0.8871832,685.615605302553,279.35941685629734,0.9955634,548.2830619246045,279.08999983323406,0.9966929,708.4439338308148,393.99582964878965,0.9599427,518.2255002344606,387.97842225674276,0.9730747,710.9025994246565,499.76050633804346,0.88447464,519.8843601083992,502.7871394960037,0.91495657,659.7446275942686,507.8495987148603,0.96807814,568.5483993135454,514.0052019303736,0.9679408,663.466274582587,666.6932880155683,0.26550782,566.9829359980063,662.1535064936883,0.27507824,631.58105,682.6628,0.017739445,583.7266,693.1433,0.018652767
525.0,622.2370757014446,185.91464712531848,0.99231577,638.9450428178092,166.35474015307648,0.9692029,610.0119205419855,170.74129152531304,0.98084384,658.8690887210265,180.9399763013043,0.73862904,591.7117642850098,180.8416172754215,0.8872384,687.395785465249,274.14202040519547,0.9955773,553.3942754749658,282.01210248428146,0.9967226,708.3854129549169,391.5840878917817,0.9601784,527.5356886054485,389.4323292973353,0.9734241,703.5692555183894,490.93952401049154,0.8850957,517.6798135455383,496.5062310432489,0.915818,657.7792943805568,522.1328704745519,0.9684382,567.6477406834865,518.3201782712595,0.96837926,661.3194856258458,662.4728793023393,0.26626801,565.3489121614734,667.5632519541822,0.2763772,631.82935,682.89404,0.017730117,583.3871,693.43567,0.018678159
526.0,621.6322045558746,179.93337237615688,0.9922837,633.1261142455654,165.1491912623962,0.9690924,608.4724150854682,161.0453001127624,0.98078316,655.2545613369055,181.57123230480232,0.7385672,587.1242465654678,182.22572294073535,0.8871949,687.2053173414596,284.5536033738843,0.9955503,547.4814435013601,276.256955681999,0.996709,705.437082865624,398.6466858838869,0.95988846,523.2593891414199,393.92222677605025,0.9733029,707.8324383316733,495.04521503820644,0.8841802,516.7287581726773,498.2361384362878,0.9153024,663.1580306125717,507.56531209539037,0.9678367,572.767708299574,509.56715550472353,0.9678209,661.558962397117,667.4689085949567,0.2614747,564.1705651648061,674.8349180745065,0.2717561,631.3686,682.3104,0.017311871,583.54364,693.2462,0.018250138
527.0,620.5034155197031,175.23808439019604,0.9922953,638.7224205517076,167.7482254279212,0.96886337,610.7528024060686,163.5160801186799,0.98089373,655.1420848643016,184.01122924700417,0.73633015,588.540845359066,183.95283207766465,0.88862526,690.6549890527234,279.38239087501296,0.9955795,550.7251700418171,275.54981804146195,0.996765,707.1633424121292,398.46328153497353,0.96015346,525.8418337359212,395.4102296427989,0.9739003,710.5020784453219,495.613185003857,0.88490546,516.7820899711866,499.8044957303688,0.91686535,661.7560154973436,514.7868781909815,0.9685443,569.6774061238718,512.2994989779643,0.9686731,663.4657456941122,663.9069459408942,0.26655537,566.3379015454932,665.4453038451509,0.27789944,631.5956,683.22644,0.01768449,583.92456,693.70184,0.01869446
528.0,614.8636212421359,177.96092951621011,0.9923259,640.327997503146,166.05128651681713,0.96899253,604.8994813793787,166.23481612695704,0.98090935,654.6272955270128,189.4389442640881,0.7377497,588.2169291872902,179.9405861544452,0.88883764,686.832066130673,281.24837671095537,0.9956689,554.9719982140953,275.85237090715805,0.9968082,702.8171258326174,395.01864837926183,0.9606904,524.5947074614685,389.32098074781703,0.9740317,705.4151073127026,492.9391925563851,0.88561785,522.569434758198,504.73676204614566,0.9169508,664.2077941916409,511.7925725043797,0.96964395,570.885879464489,518.69965165096,0.9696646,660.84180520247,668.9193942736508,0.27669036,567.2230369227899,670.4637553758752,0.2875757,631.18524,684.86304,0.018592834,584.2265,695.2523,0.019609332
529.0,623.8094445217821,178.51442739905377,0.9923332,633.4081878890937,165.60408256728658,0.96904093,604.5130929939781,170.26323978182978,0.98091465,654.5617336657763,184.54109614848588,0.73767805,583.2805087435341,182.63919894210153,0.88871723,686.980819199623,286.442270313894,0.9956595,548.3982174901803,276.7250411004341,0.99679315,707.1815512581252,399.7420985983572,0.96070176,516.8756286951436,386.47062308724213,0.97395396,710.7425879893608,494.9146905357741,0.88589156,520.5903029758118,500.4884618196658,0.9169798,660.3226627721433,513.8789280783816,0.9696103,568.8420130693524,519.2963717687197,0.96959054,661.3004683758865,665.0882742810634,0.27676547,564.3135785820812,665.6810507530902,0.28746426,631.7914,684.845,0.018597156,584.941,695.15314,0.019602656
530.0,618.1374580032017,182.38835380060002,0.992336,637.6525636062756,167.6111674042105,0.9690647,609.3303859822147,165.62754228877986,0.9808999,652.0387817408856,180.63762370814706,0.7380984,586.1544925798142,181.06307364479645,0.8882997,685.3721749897471,279.4102377888882,0.99565065,546.9887953828226,274.94239620838243,0.99680173,704.9693843874646,395.25493551798684,0.9607715,521.4130582401883,390.0541688480234,0.9741775,708.972284331705,492.64582336166694,0.88654184,521.5160878010465,494.8518100865761,0.9178057,660.2503783277647,504.54281854165794,0.9697633,569.5481244810667,512.9185133915871,0.9698192,662.0006429863527,657.5885989815989,0.27800524,571.8904907500762,663.0699372613004,0.28934598,632.4987,684.82874,0.018685848,584.76544,694.89856,0.019744992
531.0,619.8056288611555,182.44064448656908,0.9923624,638.0026533283155,160.7625075447576,0.96931,609.6551612556298,163.16758165125478,0.9808923,650.1361437279016,185.3111910012343,0.7391551,592.1599424465323,181.14123083770474,0.8876861,689.3586506955357,280.31850961833544,0.99565375,549.0698559325268,281.21295611249525,0.9967632,712.3965680322804,395.59841575803927,0.960836,522.7862854550034,390.45619810884153,0.9737804,707.7452105645242,496.51091559372685,0.8865483,520.7642752490026,501.52799212327653,0.9169082,663.947003077822,511.90701139998833,0.9697751,564.0730971440858,512.9307135498728,0.96965027,662.6469869002556,664.9797523204656,0.27990302,565.8153552545438,670.1503374285996,0.29004365,633.409,685.3904,0.018888623,584.85675,695.4431,0.019879311
532.0,620.4515481000393,177.35351769286186,0.99235165,636.8982796747438,164.93703607591718,0.9693226,611.322277780636,164.62395136009386,0.98084855,654.9227318584342,190.7196437263488,0.73891896,589.7321647195712,182.2936281356739,0.8871895,682.8153608942672,280.7270056751208,0.9956107,546.3745048861219,273.69227594429583,0.9967218,710.7417544821316,399.02569389016253,0.9605297,523.535668421278,390.1853637611859,0.97345626,707.5379802702454,490.6370272124272,0.8863162,517.936076739951,504.1223197654127,0.91645855,662.732000376624,510.4904880616917,0.96915007,572.398796317859,512.0599277986435,0.96897906,664.1926502608379,658.1034024392551,0.27564734,567.3269838041342,659.6740952964208,0.2853856,633.26166,684.0995,0.018548667,585.1768,694.09283,0.01949796
533.0,622.4401648069631,182.0734416716001,0.992298,635.0651549679172,164.5212017827363,0.96931964,607.1261730636288,166.06591580401522,0.9805963,652.1525596204166,183.9703493310654,0.74148685,588.5360192490083,179.63831106431047,0.8854803,686.4483751080267,279.493308950313,0.99557245,555.9199778515526,278.4150531192464,0.996699,707.1719998631919,388.3753653995671,0.95999575,517.7189356385596,386.8660749022125,0.973107,712.7265102049533,496.2369248785972,0.8845676,516.2842899769361,501.2576897605872,0.91512835,663.9361419887633,512.1019055593961,0.9680004,575.1177347761737,511.68011334163555,0.96787286,655.8850906381726,658.4139059055691,0.26384306,568.3939316270801,666.1067008826121,0.27382797,632.31866,682.82,0.017466843,586.8402,692.92114,0.018406302
534.0,627.0569289895244,176.94645522062194,0.9922792,630.8918520006583,170.25399639323265,0.96917415,617.0133963618712,165.74937301008856,0.98071015,655.0617725171965,186.77915062835373,0.7393083,588.2004230438247,184.16024063638815,0.88670456,688.6466966984208,277.92838099701953,0.9955653,545.6509215476294,275.04473306199526,0.99667513,709.4183230172107,399.70087539377937,0.95987844,526.7530567760922,387.7020359781366,0.9729403,712.6891869420587,494.1290672502995,0.8840091,518.3083960473095,497.08796562683307,0.91449654,651.3824325130744,513.4416090420118,0.9680485,569.140847486619,511.6031886743231,0.9678566,664.0743326187867,661.2761230526897,0.26512182,564.503479152718,666.9829400345826,0.27467322,631.8377,684.2303,0.017606318,586.00446,694.43677,0.018511891
535.0,623.7453401152972,176.79143492768304,0.9922745,632.9336268741075,166.59815403931924,0.9689821,608.275962915904,169.09903087075887,0.9807573,653.6659504060137,187.50070425832553,0.737539,585.9705438199127,185.09864670250838,0.8875863,687.6090232466196,277.31776332193715,0.99555445,553.1770750253415,274.53979101647514,0.99670035,706.408372772086,398.6125303181603,0.95980966,521.2717669358988,389.60225117393605,0.97324413,709.4257333878126,495.35640839828534,0.88347375,517.217500254095,502.2067196357935,0.9149401,661.5755317756906,512.111755489379,0.96775043,566.3545936361637,511.12293709007787,0.96771264,661.6235540981041,661.4490122933054,0.25980437,567.5567921393452,665.9183275102565,0.27010775,631.7611,683.06537,0.017106652,585.55695,693.14813,0.018039107
536.0,621.5801661547309,178.00510773235618,0.99224555,628.3684242156663,168.9234359056611,0.9689877,609.5043645361638,169.5118754339765,0.9806805,658.9062514978863,180.9655105315901,0.7384039,590.6601875601096,182.75916859290626,0.88743293,686.7864153097262,282.11275242023805,0.9955604,552.2122533789845,278.3644242712862,0.9966723,709.4922457572716,395.8645462502481,0.9597049,527.0825912314178,386.0597994883447,0.97283936,707.8543382211221,497.9010893036943,0.8827133,522.4872351042245,502.76583715401966,0.9136257,663.0487513258216,508.92040372186113,0.9675769,570.099836947637,513.2298122908412,0.9674001,657.6082519406981,664.8892551162975,0.25990012,566.7633952245939,668.7896093560703,0.26931494,630.8084,682.94464,0.017185718,585.82477,693.176,0.018062562
537.0,621.4168670240522,183.48311081502393,0.99223036,637.6367354001412,166.86054875622088,0.9688672,613.8965728382472,165.42602203602834,0.9806553,653.9716457118506,177.76264376464064,0.7384189,589.0546897387651,178.72721089393727,0.8877222,692.9813384147596,281.0759111662555,0.9955809,547.3703754704816,281.23272259924886,0.9967052,711.3701494794383,394.36564139970903,0.959781,525.38290353744,389.38165007275137,0.9731009,716.7510653303141,493.9498194583645,0.88292176,518.5128842155301,496.67549166879724,0.9141791,661.7108351264945,514.4016738090535,0.9678272,568.9424908416502,511.4918349878417,0.96774006,664.6624296010748,661.3467043155633,0.26223478,562.4215699604891,663.8381584813479,0.2722488,630.1573,682.745,0.01740238,586.2317,693.0933,0.018322617
538.0,622.3202994300809,180.13852560607262,0.9922102,635.7396957327344,167.32182053849752,0.9685453,608.5686287496358,163.16069929164152,0.980767,658.4357857628154,188.59594985044862,0.735212,586.0662610646673,182.5000219979516,0.88908625,691.319597937539,280.7721223822845,0.9955523,553.6212969923545,275.4247081546427,0.9967155,711.3955527129336,393.23375181159975,0.95947737,523.6276187365145,382.98488448675016,0.97333443,708.1915347869309,488.51298467619335,0.8823597,518.1657450820146,495.3859991218353,0.9147911,663.3040310100215,510.7482396649235,0.96731937,575.1189685367634,514.9376278066688,0.967403,661.1607813042449,662.0614269353291,0.25780505,566.9623076363393,659.0560076596923,0.26887316,630.06494,682.69495,0.01700446,586.62744,692.9697,0.01796773
539.0,622.9126706976858,178.33445633747124,0.9922534,639.4841023510396,161.86745213434523,0.9683205,610.109647865117,173.326304274618,0.98099685,655.6327422444544,180.59185625474743,0.7314919,589.5306543208428,183.45928138079873,0.8915243,683.7271500837028,279.01792619965744,0.9956119,555.7133404931865,279.89274815336415,0.9967818,704.459296808593,394.01574375901754,0.95992243,529.0413040967771,386.56045498318406,0.9739225,711.79740199646,494.7880932489394,0.883001,523.70589772606,500.20370720061004,0.9161373,664.9203551360125,510.76827549032294,0.96822035,570.4807681747392,508.74595886248625,0.9683825,660.7339025332784,658.0973552703517,0.2639613,573.5088271526452,660.5702726991213,0.27572355,630.37897,683.90814,0.017478526,586.8654,694.1235,0.018486023
540.0,624.7639195001764,179.1006143129047,0.99219054,638.4217139601806,166.03816171646164,0.967602,607.6291282930172,168.56398761348177,0.9810362,657.628749829409,185.0520365033152,0.7272196,582.8047648728192,179.35356720638492,0.8941289,691.028626293847,280.1534237969576,0.9956157,547.7727768834216,273.00936767788744,0.9968456,704.3748399480509,393.1528378701987,0.9596223,518.3732307660564,385.737311875596,0.9744338,713.9654122373142,492.02975618937677,0.8822644,526.4606741937088,497.7166463826399,0.91706085,660.6130370174955,509.3645793269333,0.9677113,572.4710709965672,514.1710393614294,0.9681641,659.1560203245277,663.5152660042826,0.26038957,575.370721427104,666.3876731980955,0.27368698,628.20325,681.4653,0.017195225,586.7188,692.1488,0.018262446
541.0,624.2182645367053,179.13294190585646,0.992203,641.3579607991816,164.56146649085485,0.9677907,606.0159482943238,168.5053501346576,0.9810678,654.06369542133,178.82611152425824,0.7271166,590.5023727441331,182.812329396845,0.8934304,688.0198415090889,280.0546479623285,0.9955673,551.6902167669858,274.24809180493867,0.99678123,714.4557778009851,389.3926752756129,0.9594377,520.682305771539,389.25431291194826,0.974054,708.6544805608318,497.0014459844813,0.8825073,522.057988491483,498.0216368289044,0.9166291,661.3149709238635,512.3444327736144,0.9673903,568.1472470482364,506.223995318959,0.96772695,665.8065083528653,660.6064093911623,0.25924918,573.5653443260276,661.0297224870098,0.27179006,628.7851,682.048,0.017107368,586.4434,692.38635,0.018125594
542.0,625.2585798342761,177.58298641783153,0.9921626,641.2561996509444,169.63293478024988,0.96769357,607.9005839717322,167.93310804310798,0.9809507,654.119520930519,176.23408321500605,0.72767967,589.2209209416969,181.86012167501679,0.8930404,683.1288699147135,281.2650571709819,0.99553335,552.5967083554956,278.64651162624057,0.99677014,711.2530753114405,395.1371876519058,0.95917225,526.4531045442126,387.0456398134999,0.9740244,713.2132439584835,494.3055139770534,0.88154536,514.6308525222842,498.31041757775967,0.9162936,661.8239784483894,510.66485555636484,0.9667407,570.8240625136996,514.5315277588896,0.9671713,660.4965327677407,659.8742644213086,0.25220272,567.250449847139,668.7382432166796,0.2650925,628.8722,680.822,0.016486287,586.6388,690.99915,0.017510474
543.0,622.8040086984471,178.4167567524559,0.9921943,636.6950913535733,159.52756063035807,0.9677071,606.8335639896259,163.01821385419623,0.98110485,658.1474581675375,181.7316974447489,0.7255248,586.3491250594917,180.10662996163273,0.89396834,684.7326791174492,280.8733301028559,0.9955181,545.7567755926136,273.8886834234751,0.99674904,709.2209750903398,396.11661295188986,0.9592063,524.3092638620377,388.52798210267036,0.97399604,712.151344511917,486.46472120492353,0.88153446,522.8412692247589,494.3455688204878,0.916265,655.8149464426496,506.6656747557866,0.96678627,570.3831502656953,513.4495287910253,0.9671726,658.2527298250202,659.2491534491479,0.2517317,571.3563017847896,663.9340439683054,0.26423,629.4137,681.01733,0.016421765,585.3679,691.14014,0.017408818
544.0,620.9672627931632,173.61524076495917,0.99217737,636.0691671178648,166.5986127136925,0.9674279,606.3505204376445,165.98420604310402,0.98115367,657.1004203011553,185.71207410619135,0.72303104,584.5065597232298,182.9767641579128,0.89529014,689.4722433917209,276.32084490436495,0.9955134,545.8395899680727,272.8825390896343,0.99675107,706.5651014891962,387.8937158228461,0.9589179,525.3600890053614,389.64196539752254,0.9739007,709.4767437463437,496.09787225410224,0.88052076,520.9739734509408,490.02824016466445,0.9157783,659.2386569626227,505.4703986528167,0.9662335,573.0729553016594,509.09796553456124,0.96665215,660.5298126091353,659.610964443487,0.24741337,565.5551532579458,661.7643046210112,0.2598899,628.35394,680.79626,0.0160321,586.03,690.96326,0.0169895
545.0,625.357931697772,178.65131501341008,0.9921357,638.8357600950592,167.3286543852608,0.96667004,607.3397296204218,164.61765763501856,0.9812918,655.4921982098588,183.87396644907346,0.71652925,588.4199524311242,181.24416967201728,0.8972346,682.6544699090437,278.67382133186265,0.9954163,553.6390239958383,278.98157695630744,0.99678826,708.6972110403092,393.8355870967648,0.95818436,523.2847474399485,387.43732517738454,0.9746411,710.8740047496902,491.881883173874,0.879742,524.1456056916139,492.4683688479176,0.9179058,661.2570769763805,508.8711325862893,0.9647039,570.6803835075614,512.0752375924145,0.96569365,666.1449521705263,660.6269352681754,0.23276213,566.6672403834461,659.2911906395972,0.24786693,627.3768,678.91125,0.014700532,586.0213,688.96155,0.015743911
546.0,626.1902887875806,171.56957270951958,0.99218464,638.6155091704263,169.98357865489788,0.96718574,609.7169400934442,169.54969499650647,0.98128855,653.2289981127956,187.15982181742788,0.7193462,588.9995497776861,185.20141501443564,0.8961699,686.8072853741838,279.92170939962904,0.9954445,552.0539552039047,272.995423775394,0.9967426,708.8603677249704,389.8371229838377,0.9586005,527.0160663003203,383.0237596243612,0.9741883,709.1436054659174,492.2530388567336,0.88078594,522.660135014096,497.0250352787343,0.9171206,664.3147442456099,503.69325198834093,0.96555036,569.1030310420952,511.69109868315127,0.96618474,664.2061767684496,655.409357533133,0.24117187,571.2834470500029,660.544015160843,0.25468075,629.1131,680.0926,0.015451789,585.8933,689.8667,0.01644209
547.0,625.1274323426667,174.59366952443983,0.9922435,637.4266339276014,166.48673791025337,0.9670824,607.5047914317363,162.46260352311418,0.98161316,653.3038257694203,175.60848610192306,0.7150504,594.7938032712601,179.19065697099398,0.8982187,689.5321441050295,282.0581541745898,0.9954773,549.7504043410873,269.1360822701102,0.9967706,706.7441945141074,390.3185167873206,0.9588717,518.490428674665,389.4222239596168,0.9745171,715.73357526656,492.2621987265995,0.88188905,518.3605733984817,497.2220782767653,0.91841733,662.4749161837091,512.5195124405697,0.9663096,569.1897974101495,507.87486033115476,0.9669522,662.4739695994115,654.941396519921,0.2483198,572.2569944448626,662.7135975635774,0.26217335,629.4628,681.7782,0.01604104,584.9685,691.3048,0.017056078
548.0,620.1914901653782,181.73043607449588,0.99221605,633.8672924753422,167.3083792149817,0.9668348,613.2117062809845,165.11822012941758,0.9816336,657.8302400771107,178.9590063405416,0.7127874,589.5513123444404,180.23414820679463,0.8982452,683.6928346330861,277.74165053268337,0.9953637,545.9764374828179,273.5513763309892,0.99676263,710.3628012936907,393.3936080436764,0.9583451,523.7497869556377,391.7955136694855,0.97486734,706.9714167737569,490.72453945794547,0.8815587,525.4027961622983,493.2136051413695,0.9196615,657.4927757412066,515.9866352250931,0.96506786,572.156315841261,516.763437102055,0.9660772,660.2544799046241,664.1761270331732,0.23541453,571.783559786156,662.5498536426393,0.25074595,630.74634,678.87933,0.014938116,584.2699,688.56396,0.016002595
549.0,630.0635270573009,172.27121440855572,0.99220693,633.2443901388273,166.58955295780714,0.96638787,608.19757045545,164.58662457719592,0.98170316,654.3530753689482,177.23616776958875,0.7101325,590.4933807024024,181.64524792821084,0.8997098,683.5897149420446,278.4880939291369,0.99541074,549.2134633240012,274.52277697249036,0.9968641,711.0035481739475,393.6872734600411,0.9586452,520.1475290949866,387.31107429313266,0.9757931,710.4264614413058,491.0318962561523,0.8825021,525.827381461753,492.50573388877723,0.9220194,665.1563243645506,511.34710361381326,0.96590596,570.1999628875354,512.8670502998614,0.9672153,660.2532035480813,658.2195901318738,0.24044693,569.9592085739232,660.7941288936838,0.257999,630.31995,679.10266,0.015284777,585.03265,688.64166,0.016484201
550.0,624.3378817795538,173.3693121023278,0.99222714,639.7147239529571,163.48057631907193,0.9666861,607.5328127876486,167.28596383262206,0.9816811,654.6872067596304,181.96668632632483,0.7129324,592.3080613794506,182.21262714262613,0.8994447,684.5640149966594,275.82423132133044,0.99550223,546.4520093019786,271.6916728219921,0.99686503,703.7863057914687,392.1723766404161,0.9592743,519.6889444127997,384.24018375571546,0.9755508,712.6660631505736,496.42326895457506,0.88362926,519.4770991901028,492.6740522742464,0.9214053,665.4286248763204,503.73425767856213,0.96744806,576.7377247087904,517.0181889246543,0.9684093,662.534993648982,657.4067331654497,0.25626522,567.5029234967274,660.8979100200517,0.27242407,629.7814,681.30725,0.016677976,583.93317,691.1671,0.017851084
551.0,626.7453192867554,174.5941350458911,0.99223053,638.0137613111357,164.80437660604747,0.9668393,607.5466234942145,165.08139217106682,0.98155355,656.205622262228,182.07505546827682,0.7147183,589.8339729720875,185.81253843747334,0.8985472,686.9053364051117,277.6461950729157,0.9955059,549.5221324506649,280.51543262374383,0.9968542,704.8619827799995,389.95573834100185,0.95916045,524.5039232586851,384.84781476686413,0.97524905,705.5105441579835,487.5855014685811,0.88269734,523.4440065362994,495.3694195512175,0.9203315,660.6890065524199,506.5189947490641,0.96711594,568.2421842898625,510.8338662566199,0.9680058,664.5748611446917,663.2086432602982,0.25052541,568.0906003394063,664.5230090860217,0.26616013,629.9529,680.0706,0.016129017,586.3353,690.71497,0.017252624
552.0,626.2386158435437,178.67815389898598,0.9922471,640.1958080963213,166.64805895456846,0.96750474,607.3393390806239,161.11097202518943,0.9813851,657.1527808737732,181.7518217251905,0.7201036,587.8802769389027,177.82278430396727,0.8961661,691.847630302575,279.13774527074565,0.995499,549.4913223938975,271.70888978558156,0.9967501,706.9437387577043,391.24654956014973,0.9591596,528.0304005549161,385.3075942812203,0.97413313,705.4725615040381,496.45391422555645,0.88234437,519.2675372670625,494.4664517849064,0.9172546,664.2069636932899,510.09688227638827,0.9669618,572.2569058657318,511.72369507966675,0.9673802,660.9726808534367,654.0334909326905,0.25420696,569.0877324045412,665.4445896621074,0.2666197,629.38715,680.01227,0.016588837,584.6338,690.8809,0.01754105
553.0,628.1540674544613,171.53842962499857,0.9922329,643.3592836269124,163.9904174740857,0.9680458,607.0158696560511,162.12194480653696,0.9811309,655.2231155330622,181.41759076386768,0.7259136,584.179246478713,183.74135453662436,0.8936788,688.115938725479,279.76913666743496,0.9955189,548.431651403339,275.2257342979565,0.99666107,712.501844257673,397.49417298148234,0.9591411,522.1362270197195,388.00491893060797,0.9729465,712.591930637259,487.3667032628195,0.88172495,514.6291583301597,498.3269789924161,0.9140305,660.1261023388485,511.63611560598395,0.96690524,566.0889409739854,507.8306998827439,0.9668405,657.8464644650836,658.7972446202332,0.258665,566.8953326858853,657.5215610706226,0.26807627,628.89233,679.8671,0.017139018,584.84296,690.6846,0.017940074
554.0,618.5516465219034,177.5214712495236,0.9923096,636.1877498232031,159.48740180520247,0.9683292,607.1753468530194,164.94376339841463,0.98125315,659.7667308098705,181.9232751299421,0.726268,587.0050422816626,175.82308551004874,0.8938143,681.5532218367853,277.93007019628675,0.99556875,550.5708038889236,270.42115271165676,0.9966718,709.1643016977683,399.10658266393375,0.9597659,521.6423846111044,387.3381605904628,0.9731083,710.416466268075,490.76611030321226,0.88354445,515.5578484222144,493.94985184648397,0.9148351,664.6116267560778,504.1798760829358,0.96812046,576.1050911537636,507.3816910472219,0.9679233,660.504733600004,660.0386840952099,0.2693258,569.3907037759517,662.2403438616192,0.2780968,630.4791,681.187,0.018043578,584.47815,691.66113,0.018832475
555.0,622.4040408653207,176.70788373217448,0.9922998,640.4070199778406,162.27122578760387,0.9685607,607.5532458465509,161.1319511888976,0.9811076,651.6410249268475,179.071092426596,0.72897774,591.3601763975822,174.23577049603895,0.8923121,692.1471121297876,275.8705258972602,0.99556166,555.5814567664345,275.7550271856282,0.996631,707.3210523832652,395.04016264641587,0.9596833,526.3535074664957,382.10600667440684,0.9726058,710.2313525569875,489.1208858504452,0.8834985,523.9575094510363,495.2420091345019,0.9137368,661.774066741711,505.62839851837913,0.9679488,573.6974569622805,510.1876228546852,0.96758366,662.3718252696264,659.5130069472419,0.26985162,566.9063552876319,662.6704775353446,0.27753627,630.5247,681.8793,0.018093824,585.2154,692.03723,0.01882857
556.0,620.4320127665997,176.94164901260206,0.99230224,639.157285140627,161.72173298208384,0.96850383,610.6768911634964,162.6652971268187,0.9810711,656.0758301884978,179.95601650859254,0.7281702,588.2349801498294,178.15006987367784,0.8925357,684.7242549150487,284.8325317248291,0.9955431,548.4971842628602,278.5712269633836,0.99662244,705.4705937405445,390.2341313527602,0.9595504,526.212909578596,387.6872928848752,0.9724834,717.1259568497129,490.67518620361284,0.8826646,517.3349431278739,492.0080552823626,0.9131297,661.9463160608063,503.019577181663,0.96738744,573.4254418842859,509.7424382943598,0.96701145,664.3469644123278,660.177927534796,0.26296818,571.4100756778676,656.1046292457671,0.27042857,631.3854,680.54065,0.017447352,586.6093,690.3993,0.018152863
557.0,624.6967975643771,172.37590806045108,0.9923048,641.5925575572871,165.10172210953345,0.96826804,611.1671851181171,161.44489907403877,0.9811654,659.0846471868489,179.9926543759753,0.72548556,581.2860065605591,177.38198023635167,0.8934296,683.6991882012807,279.59264914672974,0.9955133,554.0424927872879,277.09151091003486,0.99663246,708.5511540018634,391.77849591739556,0.9593525,528.3352990579099,384.7312879085427,0.9727504,712.0931472600192,491.4019575553677,0.8826195,518.9792616378433,492.55064042073445,0.9140682,666.5751773588592,509.2503640424711,0.96703935,566.751952244194,508.29620387366055,0.96681106,662.0682227186533,658.2187585278771,0.25952,572.037579096568,661.6637380999712,0.26791456,631.4191,679.91406,0.01711294,586.8626,689.8699,0.01785484
558.0,619.4445418765528,171.1878113438515,0.99229944,634.9416257764973,160.28417387273402,0.96807784,603.9363665892358,163.4058407562315,0.9812517,658.5951216425356,179.34868263431463,0.72358626,585.2979228523548,174.74165434032554,0.8942208,687.6527005337665,274.09295276228875,0.9954959,547.4354257249249,271.857326483868,0.996647,710.5974445728064,389.8495168268692,0.9592042,524.1401370757086,381.9228559801032,0.9730077,708.186595683005,487.49179237685854,0.8825127,521.3152818192018,493.80691537134027,0.9148049,657.8167794648056,504.2501484828412,0.9668523,569.1688735593001,506.6126844146275,0.96675736,662.8113311259016,657.9668032353658,0.25763988,572.8933354175884,658.1043908578425,0.26692235,631.5478,680.38153,0.016913205,586.82086,690.0202,0.017700016
559.0,617.6262583922444,172.96220739493918,0.9922265,638.3729353869479,163.90247002824597,0.9675003,612.5790464788338,159.52229682276,0.98113877,656.1419891650089,182.41995426098123,0.72237355,588.601721577989,173.52600729390622,0.89501345,687.1316547353016,279.9095773898022,0.9955184,552.6427142650602,275.38632688288584,0.9967463,705.4268125626118,389.4857498679374,0.95912313,529.1460234721064,384.9329476888147,0.9738164,712.456784799376,492.4758346581241,0.88224864,520.0981014322699,495.1694378513157,0.91646516,661.1757646564088,506.12342184899364,0.9668201,573.6301803959371,506.199399738856,0.9671192,661.42615472207,651.7086036830992,0.25697586,570.5378522197357,662.6886617108573,0.26846287,629.38135,679.59875,0.01684004,586.9106,689.13336,0.01775685
560.0,619.6661185568641,173.3622390911364,0.99225223,639.4282662091422,162.0777320041771,0.96756816,606.7408874366114,161.55912900591224,0.98125446,657.4611915718198,177.79960471526252,0.72149754,590.6769313007278,176.426101975582,0.89570564,682.7184587402278,274.42334914599496,0.9955339,550.6924941808043,270.3395158590929,0.9967452,703.140982189655,391.81984568155303,0.9593841,525.8589165663791,386.43035212790164,0.9738203,708.0030379157781,488.5359398062147,0.88288295,522.1534286972063,493.02709504793296,0.9167332,664.9170005357399,507.0248690293515,0.96739054,577.201758979917,506.133208764109,0.9675946,656.3986492076574,658.6579799977719,0.26133364,568.3499211146885,661.9954012948049,0.2724306,630.8014,680.46387,0.01720503,586.7703,690.3927,0.018106818
561.0,624.268725642688,170.15862399051724,0.99220693,638.300393002999,164.6030922332068,0.96754646,615.2907633868048,159.2469167304177,0.9811138,651.1111852370831,177.2000510629587,0.7226947,586.5111665964911,174.43217505715262,0.8948529,691.3323691872441,277.2186934281001,0.99551374,548.0891018279381,274.67064834146254,0.99670964,706.4496876338075,395.9045330871848,0.9590937,525.6318375999435,385.7405784319698,0.9734057,711.1491812171702,497.0795717965219,0.8820211,519.9628417346596,498.09673088374575,0.91560006,666.2722306377993,509.0769264292199,0.9669106,574.9057940199234,507.1749729939346,0.96703017,660.0572358672933,656.2265414717796,0.26011598,567.788707870276,659.3446183198204,0.2706012,629.8366,680.349,0.01719287,586.9092,689.89417,0.018059433
562.0,619.7777434985373,175.72444293959467,0.9922408,639.5123450806165,159.40125417460513,0.967397,614.1718349059996,161.14849849363003,0.981339,654.7391831642107,176.08651097349917,0.7196766,587.6814034817688,177.40082205331862,0.89671403,690.1027099778844,278.5989082122745,0.9955734,552.2469270676405,269.03794520457706,0.9967532,710.0937453691665,392.1702446191279,0.9594848,524.9603923220316,384.92252858475496,0.97377425,710.9789998286384,490.95575782447946,0.88282275,516.5223969223698,495.3857970384174,0.9165132,665.2963164696152,507.14267200599346,0.96796435,572.8481413061061,506.85735509584265,0.9680767,661.5970966900753,658.2122814020817,0.27118677,563.1012175458861,661.906166171246,0.2818842,629.706,683.23596,0.018157154,586.33044,692.4163,0.019051492
563.0,619.8955537299968,171.9168594855987,0.9922441,638.8104914903253,161.73469400342526,0.9672673,609.8126465723878,156.88959547704104,0.9814454,656.7481287355322,182.69604820080275,0.7175759,585.0618976527654,175.6989021121992,0.8982032,685.4424876027508,278.8711420419803,0.995626,547.1899377266298,271.49548684608294,0.9967586,710.6961932602702,387.84459537404524,0.9596171,528.5680421948896,385.0955728719766,0.97361505,707.3906112617432,488.32364759505276,0.8827319,522.9075727576179,495.74949669968464,0.9161202,661.8737568991281,508.51265947920825,0.96843445,572.690260525726,506.34538649338947,0.9684119,659.895174365618,653.334939668025,0.2792412,568.781400110311,663.3308694034287,0.289198,629.0628,684.46423,0.018994063,587.1446,693.2211,0.019853652
564.0,619.6367204775601,172.631914010058,0.99221444,631.3015101103559,162.23880153105435,0.9672017,602.7602385192464,164.26286378306892,0.9813921,654.9737279223577,184.83638977825274,0.71812737,590.0943825810897,172.26723648209827,0.89813054,685.4602371740028,274.88001137377915,0.9956202,547.5707297624457,271.83560474856284,0.99675024,707.7679913417265,393.92492257595694,0.9595111,519.9521687597816,385.65876101783175,0.97354543,709.9563453377999,495.31959540883645,0.8823682,524.1615951625253,493.0640081077885,0.91595834,663.4644409971811,500.993453294489,0.968315,574.5939969436996,508.52452178150065,0.9682975,660.9918515331931,658.8313226900777,0.2782932,565.4406362081091,660.5886150339136,0.28826,628.3507,684.4859,0.018910825,586.51935,693.33264,0.019764036
565.0,627.71079768244,173.6783706421458,0.99216366,638.8305475775775,163.27804851234038,0.9668387,608.8767335319459,164.64694441814817,0.98132026,656.7278320864681,178.5521131912825,0.7167729,593.8797307463427,180.1588776799033,0.89850175,689.8581207658395,274.47130019206844,0.995582,551.2508869775965,274.0663972129583,0.9967741,706.3812380956194,390.99532015362973,0.9591069,523.0485760657505,386.57418343609845,0.9738064,709.4862617054905,489.4358790905524,0.88147354,525.1988797661112,489.5568799985728,0.91639954,666.0694628827993,506.82858804407516,0.96753913,566.5054598912782,502.3956173994032,0.9677652,663.8391306909413,654.956662311751,0.27002782,566.563129298715,655.57611753875,0.28130102,627.4269,682.7074,0.01812303,586.83264,691.7031,0.019033134
566.0,617.4913424314926,170.8052578947232,0.99215263,635.3138850911573,162.08106127862905,0.9669368,617.3547891015971,159.3461048879784,0.9812439,655.6731742248741,176.54583506197645,0.7181847,585.8634702427228,172.68831257407555,0.89759684,680.3084658429465,281.28489027719064,0.9955578,548.2491210049506,268.4492161807584,0.9967495,708.3469753118159,389.8087950952159,0.9589415,520.0717340877204,384.39377558383006,0.97360766,713.1516324869064,494.7231316571025,0.88100255,522.8663822660187,497.92501849183463,0.91581655,662.1689439831822,506.6949989794987,0.96712965,570.65580574875,503.54387011689687,0.96732867,658.7244894254454,656.3120631285645,0.26528007,566.8184898786703,665.0705513578047,0.2763285,627.36475,682.7194,0.017680049,586.30695,691.3993,0.01857093
567.0,625.0295200575539,176.1273576415328,0.9922075,635.4503417094517,165.2845668987126,0.9671339,609.7496298049739,164.72169291066456,0.9813082,656.6392918548622,172.9674788485196,0.71890885,587.6351556055646,174.45539152369227,0.8974804,687.226681880831,281.113303535359,0.99561036,547.2588288071219,272.2454302355284,0.99678564,708.2502774974256,390.9869134414882,0.95954764,523.107998765698,387.5936509243417,0.97394633,707.9490500384786,487.6873218102892,0.8829011,527.2683316190786,499.11083723053,0.916971,660.7996101825954,501.9952081825307,0.9682864,570.1111899091768,510.1917297087557,0.9684421,660.57204406056,656.6329288952335,0.27576554,565.7319619148341,657.289459039277,0.2867471,628.1621,683.2249,0.01862508,585.52484,691.75275,0.019546121
568.0,623.2348883585985,173.75527328551487,0.9922334,642.2672590366694,160.52292274771648,0.9671513,612.9087509223579,160.43657100504117,0.9813857,658.6853931246582,176.89969752777748,0.71803993,590.8141879109992,170.6213472531397,0.89796174,682.5317068258923,275.97620493637294,0.9956309,543.698443570073,274.38592474517304,0.9967982,703.0832203352832,389.44919911344346,0.95970845,521.9067410236265,389.8121916576725,0.9740238,704.9770374926862,490.14695089095864,0.8831384,522.5491096059287,498.7453894459581,0.9170854,661.3295924405307,502.80923021824333,0.9685577,571.9942460738987,504.97226551450586,0.96868736,658.1780103147136,659.0587259343772,0.27687556,572.5793642034423,659.6143742963726,0.28777707,628.3244,683.7501,0.018678397,585.81146,692.3889,0.019592911
569.0,621.0643211757063,168.9310567136081,0.99223995,633.1872342731718,164.7751931000037,0.9673034,610.4286032649243,165.10814417410666,0.98133796,655.5445666764738,179.45099093630168,0.7199279,588.6580708858183,176.77246811046834,0.89739233,684.1182780173657,277.03893870882246,0.99565524,550.6707052148471,273.40777896950135,0.9968054,705.2243610548817,393.33319840158396,0.95988166,522.0125714051649,383.9971631284881,0.9739884,705.9130471840598,491.075560133938,0.88332736,525.1396224387139,497.7541412365456,0.916874,666.0877790735254,506.157901981364,0.9688955,571.3156923401641,508.30161524096445,0.9689673,656.7259503907018,654.9270867304886,0.2790469,569.3228665088118,658.4426540503923,0.28974524,628.77216,684.6564,0.018837363,586.2532,693.5394,0.019753575
570.0,626.2519980913107,169.0082872812754,0.99229693,643.6583005206636,164.3604334862698,0.9675665,606.0168346288954,164.58078466808058,0.9815872,655.5676837389877,178.61159438949662,0.7176807,586.7625328514864,175.152996739205,0.8990848,683.6817896002517,275.31585355086486,0.9956981,546.6595929953525,274.11535456807314,0.9967298,708.5401717915659,393.5214553879403,0.96023047,525.7274713999598,387.27141615510976,0.9730426,710.5325397819317,488.4999924475291,0.8832895,518.962386896939,495.2245429875024,0.91425127,660.2255328378067,505.3039556068877,0.9695699,569.7289080819701,501.58926063729166,0.96911824,656.9686428581737,657.6476430162793,0.2868991,569.8768428092397,661.4679014638609,0.29369572,628.0123,685.82666,0.019661337,585.2563,695.46185,0.020312548
571.0,625.5959377851699,170.62832184521397,0.99230295,635.386499037371,158.59348575831703,0.9680377,613.9623283979837,160.92428227182288,0.98133826,659.3833741197805,179.8575796140368,0.72319853,584.456875678641,175.49323412805472,0.8960986,685.3954297650935,276.4663292729991,0.9956547,554.6708315966557,263.8289496551926,0.9966838,704.9456186419666,392.3820619192372,0.960196,523.0647343071658,387.45279313501595,0.97275877,707.7026477370362,493.0549400873791,0.8835516,522.3572792526347,493.30686789981075,0.9136784,667.228871533746,501.5827519816079,0.96914315,565.1703733692324,505.98303163951033,0.9686339,659.8658475203956,655.911503579754,0.2814542,563.6920348168763,660.6849506942834,0.28777456,628.8127,683.89594,0.01916653,584.2952,693.6231,0.019800872
572.0,621.43974002664,176.85891642260302,0.9922869,638.1202643727596,159.93433172973732,0.9678886,609.6031474914981,165.90499676437295,0.9813746,653.2160948863077,183.4761069866701,0.7215597,593.695936344188,174.6573900871822,0.896688,685.0663806782318,278.5664956803109,0.9956471,549.9507536798554,268.7307792680821,0.9966732,708.6544985853296,388.8308169813059,0.9599973,525.5341478240985,383.5649742976109,0.97261065,707.3927317925952,488.35546333110614,0.88318145,519.6295597127544,499.13061769943783,0.9134449,662.6532940538805,506.2875969288037,0.96886,573.6500167410804,503.91752991948084,0.9683348,662.8035450910199,660.7920420515833,0.2806303,566.8013897333126,657.959801632757,0.28687853,628.38654,683.74036,0.019143283,584.7738,693.6631,0.019764364
573.0,620.9663460488297,172.90805605825346,0.9922838,635.6181286696625,164.7865324369279,0.96804035,610.8055086675254,160.58637405622994,0.98125416,656.7369652406928,181.95646087289205,0.72345114,589.004673540697,180.38731320142705,0.89533186,688.3381765223698,281.13938438818695,0.99559855,551.4006460073664,270.7698842732416,0.9966451,708.6957529572346,389.90232726973704,0.95977306,519.1971550373606,385.88561449396093,0.9724575,710.067436096055,490.35814442507984,0.8827852,527.9844551644562,495.2362943936709,0.91306174,663.2008537972924,505.02403907424605,0.9681119,569.217894150942,508.2585131926857,0.96760947,662.2350352151403,658.0694233848471,0.27193195,566.1459824788262,662.7217063458445,0.27833006,628.974,681.7861,0.01833573,584.90656,691.83484,0.018960387
574.0,625.2985084911854,174.92086404921676,0.992319,641.243220680933,155.553136716855,0.968034,606.2526239062466,159.2765762049965,0.9814297,655.0594316690166,177.09091080603892,0.7208401,588.1209553359356,174.77743442860086,0.8966389,686.5507938949313,275.85397659700783,0.9956076,547.3177601805943,266.9431601824336,0.9966283,702.0482717148049,383.3842791533359,0.9597995,526.999791237002,390.7754337597181,0.9722637,708.069535387072,490.62748279265645,0.8826268,517.6744329666604,492.01172621717274,0.91260016,661.2697755643527,512.3098925950786,0.96815634,570.430552113816,507.8522352727031,0.96753734,663.1322016708071,657.7875572396797,0.2728897,568.7401132332179,665.1437331706388,0.27857476,629.5697,683.05743,0.018403947,585.4942,693.016,0.01897347
575.0,621.6252265321057,174.52193138656162,0.9923644,637.4542189860515,163.20586006901712,0.96832246,603.1548243207,160.8942384395415,0.9815135,657.1921701288626,177.35723390978376,0.7218046,590.418864863939,174.84821994987064,0.8962864,686.5012621957277,282.4411446444295,0.9956144,549.7872817557728,270.07884857159246,0.9966143,709.4604154378447,390.0717231443941,0.9600791,519.123353544427,381.13542237911076,0.97224236,706.1478724002355,485.79063976677816,0.8834702,520.2378057905458,490.48015023820477,0.912726,661.5249220197908,502.2085839632905,0.9685828,571.8227515143219,509.39623037007306,0.96788,659.1013555484697,661.0905257155638,0.27521926,568.7359900698336,662.4721462159965,0.28035587,630.79047,683.6949,0.018606901,584.3413,693.6583,0.019155681
576.0,622.6833192711866,179.70282276149572,0.99233794,639.1277707103114,163.64926980689472,0.9680618,613.8284997971936,154.63699178954354,0.9815185,656.850969249207,178.96799380751858,0.7201716,581.529679883573,173.75061585140645,0.89711785,686.158919013714,276.6345914467174,0.99561703,550.4174927496731,271.1204628809369,0.9966396,704.4530445091781,390.1369799652861,0.95991707,525.6202721232094,383.3222271634397,0.972406,709.4820071175609,488.03225453208245,0.8828238,519.7280877478056,490.44853146751717,0.9129434,664.5294191575497,507.4608090723908,0.9682778,571.8833472906066,512.3040937106322,0.9676873,669.6710478403485,658.7120760306374,0.27179825,571.3206829917978,662.9610275851294,0.27767646,630.17114,683.2897,0.018294573,585.25,693.15027,0.018881738
577.0,626.2411747424129,171.95866899958403,0.99229515,638.1448222020663,164.246946801115,0.96813786,611.6464369955183,163.63428819250993,0.9812958,654.5227089242605,180.756028829409,0.7237098,591.3277730628463,174.54406913047484,0.89543486,690.7176656463288,275.16126426608247,0.99561733,554.0336522047247,273.2812659994953,0.9966454,708.3924043800237,389.4565940698612,0.9598641,522.3091949207966,384.1626499795838,0.9723451,703.6662052947063,492.35451099815,0.8831028,524.3249799061351,499.26589024613753,0.91284984,666.7560057159241,504.68649175354676,0.9682567,567.184482190769,509.2663291389116,0.96769094,660.7531395187093,653.9402738639465,0.27418688,562.527310007356,665.2190469818527,0.28016475,629.3715,682.48755,0.018583179,585.407,692.62244,0.019196719
578.0,621.1502889668989,171.6194317050419,0.9922735,635.6468709023912,160.3151974237652,0.96789485,609.9750454788009,160.86132914930317,0.9813446,650.7554761252707,180.67237248609044,0.7219892,593.4700699210653,172.23816883910393,0.89624155,688.4708998235857,272.1903855343265,0.9956097,547.171889414482,273.5225603337761,0.9966688,707.1589568815443,391.3095513837063,0.95968646,521.4887987009398,387.972393988826,0.9725816,716.7155064714655,488.2604025775728,0.8826418,522.4829100675356,497.34292392404967,0.91325265,666.0017979517335,501.44660482573875,0.96807253,573.26177926578,512.9226883809378,0.9676491,657.4730936032478,660.3007636995696,0.27167717,570.1799603084153,666.0702321538104,0.27851546,628.2251,682.458,0.018331587,584.9515,693.08875,0.018983126
579.0,622.7511586397159,175.0946962933374,0.9922812,634.3072670557636,164.20703949071765,0.96785223,609.2714203333143,163.8070229901322,0.98135084,650.3322481376326,174.64864002124696,0.7219841,591.1895228151714,176.60561721856732,0.896729,684.930399343397,276.5685802293437,0.99566865,546.6762143368583,277.45312955315063,0.9967034,705.297232904226,392.43278154834826,0.95995,513.9707178475251,388.67766126902495,0.97270334,705.5619814821208,486.7284995870623,0.8827671,518.5251552826597,494.14825420059253,0.9132894,663.0512287738926,508.89682872068613,0.9687126,570.9930126380431,505.5473150309026,0.9682617,663.0733977856848,662.7103619821478,0.27774298,568.6181378903084,664.671120958249,0.2845238,628.00275,683.38904,0.018874615,585.96375,694.2858,0.019533336
580.0,624.3379826034919,177.84069605951993,0.9922736,635.1429569757904,162.38990666637937,0.96736425,606.8424366651304,160.11218807073092,0.98153013,655.9498991520762,183.45813139303255,0.717429,589.5861919709199,177.78084438240768,0.8989674,687.1636975022135,280.88698886926227,0.9956789,553.8209853997876,275.9966598361598,0.99677336,707.9411672734171,392.32376844084257,0.9599507,527.4369260864127,385.171839066809,0.97344077,714.3490448599266,493.57205746346943,0.8828926,522.4861709200712,498.28383003107984,0.9151336,656.4032139009506,511.0076312810456,0.9689249,573.0935159646192,509.98051025992936,0.9687493,661.2787621764026,652.3970027164364,0.27749178,569.6200404175023,663.3728891553337,0.2862146,627.7919,683.2887,0.01877889,586.32886,694.5397,0.019542098
581.0,625.5373132872464,178.3053510724144,0.9922681,639.3285974106652,160.91116337510707,0.966457,611.7642723334956,162.88308727956638,0.9818473,656.9033955306794,177.07145442936746,0.7079324,586.9218222891235,178.70489001890104,0.902532,681.626960628902,277.7372095314291,0.99563354,550.916488674798,271.1625256176302,0.99686706,702.1196705961314,392.30504935344607,0.959716,526.2053919957016,385.8538803771446,0.97474706,710.086899642336,489.6667637858849,0.8830446,519.6674162606957,494.92015356485547,0.91869587,662.8342873499063,508.1576640339025,0.9684851,564.7971334061532,511.2509290676326,0.9688891,668.0394469731119,656.5841480568008,0.2693699,569.4361578906801,659.7253271246077,0.28180313,628.08856,681.9706,0.017918587,586.2588,692.8501,0.018867314
582.0,619.9394524917624,174.45108315868643,0.9922571,638.5897083847684,159.9931808489791,0.9658998,613.1077302785583,162.03089334473518,0.9820727,653.5595940349469,180.53321983028474,0.70250636,585.0908280836826,181.31044679523043,0.90509105,684.6361448448264,275.21255198898507,0.99567187,548.3587864984127,273.7138552232261,0.9969381,707.2370926308932,388.5162093456791,0.95988476,523.8558270430358,382.08719338729856,0.9754717,710.6647427370223,484.6944162151836,0.8836461,520.173578930978,501.6234075582674,0.9206628,664.1896207189324,505.8257510607492,0.96913904,576.2112404128818,507.53835562897603,0.96975386,658.4180981449706,657.4173125687854,0.2760133,569.2531727762574,658.6819371651319,0.29025656,627.5154,682.99304,0.018526942,586.0422,693.6885,0.019590944
583.0,626.285921431878,179.4694588646393,0.9922565,641.4675615868529,163.87505743324255,0.96546805,607.2690443850572,164.21708959618056,0.98220265,650.8469427528214,179.3703215063797,0.69873214,587.6827345530808,179.27957685935516,0.9064684,689.3980783899484,276.474210056296,0.9956584,551.3040483269407,276.2421344320687,0.997,706.4622564621825,393.05126247834073,0.9598378,521.633148353285,388.3958627031606,0.9762572,706.7513394212676,490.1648335340178,0.88402206,519.1965800747162,491.8770009072627,0.9228499,662.7330093585849,509.5432912382156,0.96907276,570.378806321009,509.08750927374064,0.9700291,661.3880981411543,657.0823965653575,0.2719044,568.7767705968298,663.9415711609096,0.28861076,627.8736,682.7078,0.018038422,586.62994,693.24207,0.019235134
584.0,623.5785054760628,173.0289191362981,0.99227405,636.3638525733608,164.24086455573817,0.9656515,608.4366469014853,160.69623574195367,0.9821323,659.24668788593,183.38486390148293,0.7012198,587.954869133478,182.21445339667943,0.9058428,687.7928849674149,278.5311659534378,0.99570274,550.6277205965146,275.7849174806809,0.9970261,706.6456310069705,394.7137562828566,0.96020925,521.6000020242294,388.0259147574571,0.97637844,704.4004918139594,495.2447895632335,0.8844186,518.7011697847304,497.6059355898154,0.9228933,669.4667615030668,506.92092152613765,0.96964633,576.0936879071812,507.26388980966976,0.9705546,666.5221870960147,657.7663896104613,0.27550936,569.7830295328781,661.5044803317588,0.2921492,628.0696,683.29504,0.018317878,586.7016,694.0721,0.019530743
585.0,627.0681732598687,174.5190581104554,0.9922686,632.7009333947395,161.42453054999422,0.9652389,604.1455924978349,156.3316851021105,0.98228455,652.5426000290863,181.60428885612268,0.6970749,584.0514665189258,179.55523263580287,0.9073218,684.8012136507779,278.4661333161862,0.9956713,551.7212137352875,281.71192341149566,0.99705935,708.0166657418313,388.09288820304107,0.95994866,523.0465852915482,386.6364744397642,0.9768598,708.966174112554,491.1656756342465,0.88394463,522.4036196225051,492.5798770499986,0.9241563,662.2055727256185,508.0757296727647,0.9692087,569.5581273443593,509.11976152763384,0.9704015,663.260579870172,663.1561864180654,0.27006438,569.3531685595558,666.3029818529533,0.28839764,627.911,683.4244,0.017763436,586.3829,693.97266,0.019044667
586.0,621.5382945184258,172.31899702197165,0.99232244,638.9860373069217,171.4919332562267,0.9656249,607.942383640615,162.24929575005146,0.98229265,659.6675088537681,178.6497565740962,0.69986796,588.2281230102687,181.1591204221329,0.90672785,688.3963769351519,282.8025833569242,0.9957489,549.3674874709483,276.4109677373455,0.9970782,705.8806012414948,390.9697067689497,0.96064574,520.4912806355875,384.4098922247459,0.9768748,706.6053662025289,487.1907631508706,0.88556564,517.1257038360662,501.77011601750087,0.9243252,660.6476068042178,509.2591550278211,0.97045946,569.4388741274561,509.22527680034443,0.9714253,660.536709421777,658.5571566283103,0.28240922,565.9712352245119,665.0156310243561,0.29987633,628.54645,684.9237,0.018886298,585.61554,695.50073,0.0201689
587.0,620.9494949155054,175.38026251351926,0.9923449,644.9578651384348,163.23087786074805,0.965376,617.84488955102,160.04770085935178,0.9824252,653.2156908276304,177.41310849427038,0.6965759,584.9141805956646,177.07983511395295,0.90817165,678.5977391288889,279.73553878615024,0.9957721,550.7007920889525,272.7360972128384,0.99711704,706.0748479010073,396.53254346109776,0.9608507,524.0963616757701,384.6791225059647,0.9772703,710.2539387566864,492.8339229289992,0.88605654,518.923187226074,500.03350119696915,0.9254559,667.4112249766087,505.64182046363476,0.97080415,572.7676820754866,510.8620771300696,0.97185194,656.0179521932806,659.6804778632885,0.28542152,567.037943189166,666.4166113265911,0.30371124,629.3411,685.1939,0.019126445,585.9986,695.29126,0.020462781
588.0,618.6559357968692,173.475147640116,0.9923682,637.6191966668854,165.56065751119243,0.9656607,611.4098607078681,161.3157969840611,0.98231196,654.2229538189973,181.23380217964228,0.6992974,583.8589944663267,175.33543262587,0.90682983,687.4015516703802,274.95757804622895,0.995763,550.9709968001325,272.3123931274358,0.9971062,704.5758767955654,388.7246174334428,0.96088624,519.8017217275973,390.8376813505973,0.9771171,707.0498817127426,495.846918498283,0.886103,522.9034576988188,499.85501780469656,0.924964,659.8257394281203,506.57598106705314,0.97052324,578.3041160395608,508.5827543191984,0.9715339,666.293917124309,661.3453965851702,0.28206426,569.9458920498626,666.6844458786709,0.29973167,629.8471,684.0281,0.018811196,585.67065,694.07294,0.020105839
589.0,624.1792450800363,175.33372265424217,0.99241585,639.2575596303329,169.9781471386638,0.9666779,608.0944694595634,165.8298307402487,0.98214245,652.0683530026315,182.62319028957802,0.7073208,587.4980834105456,182.34671401849891,0.9039357,684.5683150046472,279.82154767935145,0.9957855,551.8748384014706,278.3052207983566,0.99700725,700.2216505188353,394.55953906286487,0.9611659,522.6138957052368,383.97372179623375,0.97600114,707.9055958709357,491.5803391080739,0.8861321,515.7167452542849,495.6552964284695,0.92192996,664.3869352370698,510.25244676312155,0.97088057,569.0416542762769,508.43204257455545,0.97136104,664.6505133652759,663.4892599907336,0.28885055,569.906907846885,665.1550638085978,0.3026089,630.69147,685.0476,0.019576311,584.2447,695.1443,0.020669252
590.0,621.1922602465374,176.5966294660141,0.99238294,633.3556232998374,160.61588170140976,0.96623313,615.4726410372123,167.43350830169766,0.9821675,653.9188742989111,186.32262564868938,0.7042974,591.525477955484,184.13214372134638,0.90446246,686.0210084705601,272.6865022717984,0.99570245,547.965803090547,272.3973412817168,0.9970423,703.6951256496144,395.9622864735088,0.96077263,526.1080291438548,386.1373042468621,0.97670984,710.9873903156825,492.41952126676347,0.88618076,522.9624032221783,507.45632577651105,0.92408955,660.464895932378,507.46674431364335,0.9700911,568.7731797022274,504.548606145271,0.9710034,660.1246752666038,666.1288275216515,0.27618277,568.1061127407218,661.5074735092567,0.2927498,631.7259,683.203,0.018271834,584.2129,692.94055,0.019503385
591.0,622.3884665875515,178.10651103554306,0.9924364,633.6239188428514,162.84712850560697,0.9665631,616.2019034211555,161.2018054252314,0.9822102,651.0875710271295,188.87684412009258,0.70552385,589.1952634195984,177.15907020518858,0.9043206,681.7892896296146,280.4151084208993,0.99575603,550.7799926845005,272.497158179366,0.99703604,713.1480911336154,393.0363467606831,0.96120703,520.3496265895229,383.97754004672885,0.9764867,713.3161359315714,486.892591048439,0.8866371,518.8063943995046,495.43340311300096,0.92339885,657.4695003486918,508.6092117030646,0.9707489,571.8788975263641,506.42185104572116,0.97142196,667.3791987236715,658.8700548167318,0.2829567,569.3023584559312,659.2341601359284,0.29816362,632.49243,684.15283,0.01890394,584.7215,693.9731,0.020074219
592.0,623.7821295648536,178.06918369817672,0.9924344,642.3299181414025,165.68522655514857,0.9666809,603.1361709803975,167.86202319749907,0.98212826,649.2185494545231,182.0437239462177,0.7079867,591.2781512333062,181.66579449491059,0.9041921,688.4239047660476,277.8889446280341,0.9958408,550.1284295352535,278.6760753732298,0.99705625,705.4478105236645,393.04670267311826,0.96159434,526.2977216388215,385.64164439329295,0.97629666,707.2637158189215,490.1083978150801,0.8865578,514.4065905680452,506.38332248851526,0.92241585,660.8530699369581,507.3920048566611,0.9715103,570.5003700162201,506.148575368878,0.971987,662.7316319752787,657.2688043438488,0.2925009,569.6267220229952,657.2050958687272,0.30652896,631.44824,684.9874,0.01985988,584.9348,695.18286,0.02098623
593.0,622.1536799413151,174.09421653595413,0.992424,637.1757665895083,163.9967391622922,0.9668051,609.3139845986964,166.6726338986825,0.9820359,656.8983050844951,184.43766199598787,0.71013486,590.3049744717108,179.1921106425466,0.9033313,681.3943611153566,279.04321612090433,0.99584687,546.3810587619054,276.42124629651363,0.99705696,704.3504130355739,395.60615093347695,0.9615779,526.2893553861818,387.39408212640024,0.97618794,707.5772163571448,497.4296900784007,0.8865433,520.3092014979792,502.65747788454627,0.9220817,660.5671512853963,508.5296561654788,0.9715094,574.7592973866718,502.5965613035967,0.9719566,666.2233756445527,659.8906977217227,0.29343575,571.7975264165182,665.1640210494585,0.30730423,631.1709,685.8155,0.019945592,585.5282,695.9042,0.021075755
594.0,625.6394756962563,175.90392371712605,0.99239135,636.9828929426052,168.8237500756673,0.9665852,611.9034581362984,163.69066152478769,0.9820806,654.2601327101428,182.4305580444147,0.7082082,591.5718984738884,183.94954006509218,0.90373456,685.0242889312934,279.57712636112234,0.9958128,552.8892405133587,278.62839992886785,0.9970482,706.3263459818886,389.7581048506164,0.9612751,519.9544482126146,395.7678989891746,0.9761898,706.7724703384158,493.13819928432594,0.8864379,525.3724299628783,492.64674628056537,0.9224541,663.0493865656478,510.95146694855185,0.9711737,570.4887921229482,510.54201057897774,0.97169834,662.7708827165851,658.4368551660764,0.29220188,570.3930742991887,664.9991571063764,0.3066968,630.87897,685.7853,0.0198946,585.627,696.0693,0.021057874
595.0,630.0758464424906,180.85446329489764,0.9924028,635.7172503334456,161.30044578318044,0.96634233,609.4159515956246,165.04187424417563,0.98220885,661.5685121101715,183.5644103829232,0.70515484,589.9722647228526,177.43376993017884,0.90485203,681.7262833973333,278.6606278829399,0.99580383,544.8839635256604,274.3218684158739,0.9970749,707.8027783319947,392.67512403677193,0.96124715,523.7812629905559,391.5641190473348,0.97655463,706.7248362284117,486.3410496709494,0.88686454,516.1479049409365,495.8884989883597,0.923639,659.3548442184415,505.1716569172626,0.97120005,569.0452766695493,510.7073070510069,0.971871,665.0306782197717,663.6846476761106,0.2917592,576.8085436917976,665.640345634411,0.30734575,630.9747,685.3346,0.01980704,585.465,695.8875,0.021025151
596.0,621.2715020474192,181.14498629775892,0.9923725,636.7032080230578,163.10896480576446,0.96645993,606.4620820127788,163.07111334483315,0.9820489,659.1088629901042,184.94133688593845,0.70867276,590.64549532777,180.48072850778388,0.90364426,683.8346392225492,282.80106012393225,0.99582756,554.820584498844,273.26480807744207,0.9970882,704.6797197881805,394.47150946923347,0.96139777,522.6931531735787,387.11044360457714,0.9765974,710.608221763044,489.2376831887392,0.8872185,519.7887057927653,492.71027772744554,0.92378545,663.1054529187677,507.87152571309235,0.9716232,575.855681857119,509.87620750198874,0.9722744,658.3323021756739,659.4591896656224,0.29639405,572.1246785821189,667.0255341706431,0.3123245,631.5053,686.379,0.020238638,586.4423,696.57385,0.021520287
597.0,623.535902037003,173.23573095392993,0.9923701,632.771191188212,169.35675369339822,0.96660817,612.6018165839392,161.26277811501572,0.9819674,653.345680586102,182.47252397039443,0.7111647,591.8551413574877,181.21876831030417,0.9027631,684.5805891648007,276.0300334739057,0.9958479,547.0218801361741,272.42520975649023,0.99710435,705.6046393701455,391.70987465275965,0.9615683,524.7128379484748,389.6752163598814,0.976662,709.102507403835,495.4349685865033,0.8877836,523.0184790704349,498.8607903201128,0.92396885,660.4202208245837,510.94728752857276,0.9719806,575.2934800871852,508.71403926625254,0.9726242,660.3972259513599,660.8522292502171,0.2998832,570.7359118885754,666.7151580362098,0.31593218,631.3619,686.0728,0.020610422,586.49097,696.6494,0.021929175
598.0,624.9917601247284,183.715273406914,0.99232566,637.942053272823,170.73126117428026,0.96666086,607.6067421769353,168.94613666852607,0.98171043,657.3487968524654,179.86682315769056,0.7150408,593.591710243727,182.25566604540822,0.90081096,688.5733411877854,281.79774946597564,0.9958184,555.2315054402274,271.83486211041907,0.99711114,705.4366569798617,392.61393500218816,0.9612521,524.8057071574532,387.60708488423825,0.9766976,708.2159004616205,491.223094596294,0.8873153,522.039691061179,492.972025781714,0.9240439,662.0541913425029,512.3557031172135,0.97140723,574.9357023659495,510.28862679955586,0.9722073,663.7870750210548,659.1146492663948,0.2942887,567.5635774235523,659.1764322019854,0.3113871,630.7941,684.574,0.020083368,587.7944,695.6504,0.021467328
599.0,624.4398291109702,171.28381319722467,0.99235564,637.042634691062,162.95029590918816,0.9670391,613.7289837521059,170.5732241385393,0.981745,653.7480997973865,188.86827920803984,0.71636665,587.8250708429683,181.3246572359573,0.90013134,682.9020727088673,282.9093504253367,0.99581146,550.7474886912851,279.30789485760346,0.99705267,702.0412204466827,401.2806118352723,0.9613222,526.4435050405265,394.46465110268963,0.9761588,707.4962064039431,490.0692980213815,0.88733315,518.5561722423114,496.9435052953651,0.92274237,664.9161401688926,507.9094099078254,0.97146773,571.5287868162363,510.6787495347721,0.9720206,660.2289695409036,657.4381609534593,0.29562762,573.3369440837506,664.1500368913472,0.31085673,631.62256,685.70886,0.020252883,587.18835,696.77875,0.02152434
600.0,630.746425563585,182.64955812726538,0.9922801,639.651458908878,168.21058686996332,0.9676033,610.0793624521281,164.84142272134488,0.98116994,651.7943846415907,183.60205181258908,0.7255308,590.0051271980844,184.80377032516765,0.8942156,682.2114748886484,281.60827411766405,0.99565905,552.1242489109851,277.33093098072027,0.9969446,705.4093087043067,391.15835016138135,0.9603886,520.1545866224592,390.94027614907026,0.97534823,707.4628576673978,495.857049224915,0.8850106,520.7869413479815,502.6716714015312,0.9200951,661.2894216551106,515.0562175167148,0.96915454,572.3114890839936,507.29361108045566,0.96976185,656.5309071494413,658.3578109041191,0.26975238,572.8600704035817,659.6643589605978,0.28416836,630.75964,681.4518,0.017922997,585.99866,692.0276,0.019096047
601.0,621.9628752258376,179.03102955109762,0.99229825,638.2057295687521,168.14139598708368,0.96770585,615.2457843456557,167.29359850126133,0.9811829,654.9379162100903,186.06767362072836,0.7261616,584.0498591153681,182.3026375672551,0.89433646,686.892720424311,282.4192201085691,0.99569666,549.6399648921297,276.7524205097455,0.99695146,710.3819676408893,390.7636109947305,0.960649,522.613047012548,387.5645170512174,0.975312,712.0231409366736,492.2045953035152,0.8854265,519.5846465356083,500.0516361809677,0.91998124,662.0592121962017,509.0662171067639,0.9696723,570.2153320837936,506.6401658778484,0.9701746,666.9882606483981,662.6255008608854,0.27479085,568.2265355954111,661.8608747188597,0.28871667,630.9358,682.4522,0.018364072,586.1004,692.7455,0.019526094
602.0,628.1038609616517,175.9386804857074,0.9923309,638.3706628589686,164.9809807513906,0.9678391,608.1644347552358,168.9879774308251,0.9812796,655.388457169998,184.19927054043626,0.72590846,591.6687173775861,176.79674072825972,0.8947001,688.1559979062803,277.87768464898033,0.99571013,551.0817007429264,270.0304589975383,0.99694216,712.5598095311503,393.87708178110415,0.9608451,521.4468215895429,388.5007759706407,0.9752673,709.9739796183586,496.51741695138384,0.8857323,521.2676205849178,504.46447430135305,0.91986966,659.8816017595716,510.3977051481865,0.969925,571.916909087005,511.7063293331916,0.97033674,661.5450088637176,664.3972867474653,0.27648193,566.4776973041935,660.5343360804216,0.28988618,631.5733,683.2175,0.018518656,585.29877,693.296,0.019653857
603.0,621.733692327475,176.79894226907248,0.9923867,638.4340433543393,168.50556989028433,0.9680247,608.2087077872301,169.51812742398613,0.9814706,662.3414844093274,188.89201866751733,0.72487193,591.1969049587342,182.15372487326823,0.8955579,683.086194641377,276.66926338082914,0.99575394,551.1560874338061,279.3804746829109,0.99693614,704.0755009430604,398.05854875403986,0.9612524,516.320365929367,392.1186966437462,0.9751895,710.7264261531692,488.3842561059306,0.8867511,519.6204599249737,496.912056068616,0.9198973,661.8596257107697,517.4383807809296,0.97082543,570.415483364127,511.04705451452827,0.9710535,659.8796971063176,663.2118563587304,0.28638178,562.7932218266242,664.9374567799917,0.29882032,632.42084,685.5271,0.019416362,584.8692,695.8397,0.020515293
604.0,624.8370859853075,181.93239213248955,0.99245584,633.809768023774,171.13969629559756,0.96847105,608.3303491857067,167.8792662270724,0.9815733,658.8988539534406,184.33133638195648,0.72628486,592.055941708009,178.2476655203215,0.89530873,690.6759107940354,278.7192610388328,0.9958043,550.9019081711797,276.18758548107854,0.9969105,702.7785394884484,393.77634147207266,0.9618044,526.128684226514,397.8142812796076,0.9748856,709.5552701656652,486.4646617079784,0.88800883,524.1684650914838,501.3133676194872,0.91936445,661.4464602195183,511.7500680354646,0.9718498,570.4357535815913,509.63304827041793,0.9717835,663.3320629056134,655.281841477066,0.29873914,572.8543229964885,667.2139416473389,0.30920872,633.8257,687.38367,0.020621866,584.1426,697.5488,0.021633
605.0,617.2766674030842,179.5055810395629,0.99252903,636.1500782780219,166.51003630833253,0.9687606,609.5155368885656,170.42336501938703,0.9817352,653.5590540361791,181.37338056906304,0.7263938,588.5498219875437,184.2123090761901,0.8951381,682.4602477265385,278.8012895525487,0.9958291,549.6455719510144,273.9763379079822,0.9969225,699.4337637631756,392.92651030159857,0.9622828,522.1336564402591,386.71158565804865,0.97516847,712.6011248607872,491.95738102796736,0.88994616,517.377901115941,500.53794278280384,0.92066085,655.8019325063605,513.888936477235,0.9727789,568.5827718612597,513.2384493864005,0.97267795,661.7578326303222,665.6274611634432,0.30793345,570.8639269773732,667.5463023512797,0.3183961,634.99506,689.22437,0.021449745,582.98956,699.0027,0.022494286
606.0,619.4476256847605,184.9553889356604,0.99245524,637.0916029248225,163.04872532714612,0.96784997,610.870740159299,166.4013695567975,0.98185253,655.3666952301093,181.88985257927814,0.7194631,589.5535552278571,178.25599773404548,0.89779055,685.245829078396,284.8506760672678,0.99576855,550.4832882256798,275.67575693646734,0.9969814,709.7648421979105,399.18760066890695,0.96165967,524.4332997773856,392.08179960815517,0.9759511,708.3724506008642,491.7317321150128,0.8892648,517.4689796419781,501.63000771710955,0.92287356,662.53468261774,510.1186078488977,0.97187054,573.7726241192471,512.210600463291,0.9722316,664.2668309956866,664.8622758809981,0.29685092,567.2760384148725,666.5727361910139,0.31080985,633.8602,687.11365,0.020326495,583.70447,696.85583,0.021546453
607.0,628.1554583805441,180.3036595822466,0.99249005,642.0231750626484,162.72965368265108,0.9678502,611.0221821399663,167.14125664754764,0.9819261,657.5779194732096,190.1984895447747,0.7190068,591.6216318421842,183.38043556019284,0.8988172,684.5911313239174,278.72720661363445,0.9958628,552.3269693018258,276.97145933069527,0.99703014,710.5887119803274,394.9480405136037,0.9622111,523.5663298848086,386.1415648041966,0.9761114,705.4050195226641,490.37619105326024,0.8903806,522.0716203984931,497.34229401203885,0.92330825,661.4053856242226,506.6205322931067,0.9729478,574.2870844797975,510.5526309684183,0.9731989,662.9957231248546,664.3682964572434,0.31008872,565.5309598568372,666.0184826056241,0.32345077,632.9334,688.30493,0.021626204,584.3613,697.8884,0.022845834
608.0,622.8127725872698,175.97487380861796,0.99246997,632.8656506307956,170.92470537640756,0.9676551,606.211473963015,166.8394581334378,0.98199034,656.41149581719,183.68265485832904,0.7169812,588.9146261140593,183.01869464329422,0.89953697,687.1795223124575,285.3371146486209,0.9958509,546.976099300386,282.56537126192796,0.9970231,705.4034890062042,396.9622373205404,0.9619743,522.2907684103826,386.7024863805184,0.97607386,710.2265715593495,490.54471609943874,0.89022374,521.3380228001515,507.3333024856054,0.92350864,661.2359355948,508.3966435814021,0.9727752,571.5332128430022,512.1183014546796,0.97305584,672.3880653022816,667.4246294220361,0.31045204,568.1750486804527,662.7835872544972,0.32423747,632.3904,689.8959,0.021634549,585.4416,699.4422,0.02287215
609.0,622.9135662776504,177.95088381840586,0.9924836,639.4533853881793,166.6317147925953,0.96768427,610.3934605906508,167.01099033755204,0.98199284,653.6489098822963,185.56445097120056,0.7179079,585.0622336867197,181.94056507619072,0.8995501,682.3768006056584,279.66066801315515,0.99589014,554.0750032492705,278.2407941041014,0.997064,707.1590074190136,396.53768203057524,0.96226835,517.0282564106939,391.6248467920979,0.9763684,707.9450139774088,490.77849480916865,0.89100385,515.0335516563332,499.8321800339698,0.924199,658.9489729084046,507.62578915233064,0.97331285,578.1714317033511,508.62164838535705,0.9736326,661.2425209631843,657.8206378819693,0.31621522,562.730931599272,668.1845749608088,0.33034012,631.6625,690.6937,0.022164434,584.61755,700.2553,0.023447692
610.0,625.2867601575248,181.23836385233815,0.99249136,635.0510901548201,172.30379637974107,0.9677321,611.2281740716525,170.47555918202949,0.982021,662.5114985564041,182.5259345326735,0.71788734,589.3519518231116,178.76133183490973,0.8998475,683.4105805714473,287.13204765196014,0.9959041,548.1780822536481,281.66278573338,0.99705917,707.3155131508041,399.3428929289617,0.9623542,525.7183149096433,393.87435313620216,0.97626555,709.3006338531571,499.26757210500045,0.8910137,520.1736673459679,501.1721456075906,0.9238889,659.4757813172633,509.1883373257563,0.97348714,569.7034819577959,509.8003435674995,0.973734,658.5466022719785,664.6408054709632,0.31816143,570.786279820355,664.9166020103419,0.33175093,632.0449,691.4215,0.022351563,584.5509,700.96484,0.023602933
611.0,617.9540564251521,180.59809485821017,0.99246037,636.0224914932334,171.96029328217298,0.9670448,608.133992003277,164.5171637388572,0.9821874,654.7534551837637,183.51430845829358,0.71135485,589.4990791157269,180.33248188934164,0.9021131,685.8200660840289,283.4876498531267,0.99583644,546.193972687123,275.7086611926858,0.997094,707.028841477106,396.3763721754758,0.961854,522.6643113671939,393.5131549816576,0.97687936,711.2894837454105,485.6056186470802,0.8902893,524.8386224161386,495.9608163493791,0.9255175,661.9948444064048,514.4711939247975,0.97261,566.7834771232983,509.9968220379777,0.9732253,662.8616055622069,662.7395631606992,0.30422917,567.4715726352995,664.1176462554849,0.32049233,631.56604,689.3492,0.02088666,584.323,699.0925,0.022240967
612.0,626.0070235445787,183.493919428724,0.99248195,636.9346938780631,171.54478713311852,0.9672812,618.1385588784037,169.7618104280545,0.9821408,656.854058599189,179.17577494748264,0.7128998,585.9991310546503,184.12337352058844,0.90142953,688.7213894750494,283.82041998804976,0.99583745,550.4743342673065,279.0030204456485,0.9970722,703.4302259997548,394.3987309196198,0.9619519,521.3658107685438,390.27970149530563,0.9766612,707.4169322355419,494.67355153267766,0.89007217,522.2989924063135,495.3611666816521,0.9247345,659.7988973471679,510.36108069882994,0.97253644,568.4035121490372,509.85667955654316,0.97305167,662.6042735582498,664.9379147182913,0.30170584,567.6478263945893,667.5967561183534,0.31698668,631.91113,688.92395,0.02063796,584.0159,698.4611,0.021923274
613.0,621.7445487959333,178.37657334481048,0.99243295,635.8341644313526,165.8274900952742,0.967268,611.2019321126907,168.49085852264113,0.98194325,652.4574229678558,180.98507995789248,0.7155525,583.2313122284647,183.07278790563535,0.90014946,690.8793093561699,283.37307284762113,0.99581873,552.5966717339539,280.18378290928507,0.9970696,704.8292290373224,401.3998241964734,0.961692,527.5373612527784,390.80955863353233,0.9765918,707.3614129557676,489.5343621009167,0.8894391,519.5772377753087,497.47072822386764,0.92442286,660.1817361121035,512.6203686974328,0.9720521,571.4016374315545,514.3913769642618,0.97264576,661.7253214618513,661.0637583790407,0.29632044,565.9738012614009,667.9952476255078,0.31211555,631.15576,687.74225,0.020157874,584.42694,697.45325,0.021473885
614.0,619.6695053915365,180.09855746169814,0.99242765,632.6893482189535,166.63863374313678,0.9669618,606.1809645118924,164.04970423839526,0.9820978,656.9559953900027,184.7747153555567,0.7119852,588.9425892878697,181.38604515151115,0.9014184,689.9355802161526,282.8489779155147,0.99580145,549.8264927650881,275.99561050082633,0.99709386,708.4483753228421,387.8404123597158,0.96166253,522.2112685226564,384.8870576319559,0.9770365,711.4398664784421,490.78361160368905,0.890037,525.9982928717566,496.6275079344036,0.9259657,661.4119106497214,507.27203568306,0.9721563,574.689238086885,511.8035981196599,0.97291505,659.3599100871445,655.7124513312162,0.2967337,566.4815504060497,667.9511347475943,0.31415573,631.86615,688.385,0.020146847,584.53406,698.31555,0.02156654
615.0,618.8555069616959,183.7245621531912,0.9924108,641.7628933826834,164.3945746491531,0.96703917,612.094444404046,167.9532789756135,0.98204833,660.5587740555865,188.26220836237215,0.71334714,584.6052555864657,184.6671508706911,0.90080047,685.4449787199305,285.3221895013598,0.9957901,552.2279972795629,277.0567584930071,0.99707633,706.3234198810433,389.42881603787544,0.96160686,525.6805351531546,385.7161602073965,0.9769273,709.4385401033687,497.9548602957265,0.8903252,523.0448371502181,496.17419963816053,0.926039,663.6514396329986,511.9436070822894,0.9721921,567.3878033319834,511.35297022273704,0.9729238,662.4472858476468,669.2391929132729,0.29941654,568.5934960157407,671.3080371543374,0.31686646,632.59174,688.69037,0.020460427,584.5961,698.7831,0.021904647
616.0,621.2158924732378,178.65398499135134,0.9924104,635.191102709257,166.12943132901123,0.96693105,607.3952083446567,167.36739573259993,0.9821201,654.1496035919843,189.82493652959164,0.7122614,588.5026798777659,187.30900710392288,0.90166306,685.6090077604424,280.0820665435281,0.99581933,549.0046892632416,277.81681552583944,0.9970925,704.1010161387684,391.53869774120074,0.96164215,525.1489743387691,388.7578090138623,0.9769521,706.393977015861,489.0417705560394,0.8901725,526.499320706843,499.1653459627248,0.9260528,664.9720601043055,506.7140707249103,0.9723853,567.5519416779288,516.8291953219835,0.97310024,659.7605488583469,666.9733277469687,0.30101445,567.6184619118842,669.2019550004694,0.3186124,632.1706,690.074,0.020570576,585.5931,700.3325,0.022024244
617.0,621.4475833119359,178.12801318708247,0.9924129,640.9089713755089,171.19231179129127,0.96693337,602.7393142697247,168.51572084670545,0.98209554,651.9930291126716,183.72668458309002,0.7132243,590.5720291744159,184.77130005735583,0.90166646,683.2456730146271,276.447418114128,0.9958725,546.3877797938607,276.95484732339196,0.99713004,705.6264707428555,395.1864054918624,0.9619784,522.9207711027526,387.01129991523385,0.9771487,709.6209785685709,496.6340354510944,0.8912814,521.1595693095779,496.95875329845086,0.9267378,665.5201052194884,509.76620157493875,0.97315323,569.8792097017295,514.2080749167931,0.973845,667.5987992783436,662.9050125717034,0.31319335,562.955449357962,664.969130033052,0.3309474,631.6221,690.5906,0.021822989,585.72485,700.92883,0.023344457
618.0,625.1047528470054,184.7237994115259,0.9923693,628.6062223697938,167.6027577325344,0.96676517,610.3025639157233,168.5070367215544,0.9820204,652.1185867649749,177.26441104410654,0.712638,582.9100234569231,178.6713758492307,0.9012122,685.9521349126277,282.6830275657579,0.995795,544.4955816089678,279.05063777511083,0.99710023,704.3615304300895,395.57930503478565,0.96142745,519.9758996973114,392.71015899362766,0.9770713,710.9274573040466,488.699991625104,0.8901439,522.2163861652167,503.22895710607065,0.92639935,656.6340844788917,515.5967128215042,0.9720051,573.1770780434626,512.9200917261182,0.9728521,657.3794426485576,659.4374214908727,0.29985029,561.5744221101266,667.2481144177048,0.31815368,631.1435,688.47485,0.02056691,585.0954,698.74744,0.022068977
619.0,618.1363401386234,180.13612285620016,0.9923675,633.9390595544934,164.900242303101,0.96676075,611.3990396031862,165.19001642372206,0.9819765,652.2086805487133,181.69049787530395,0.7135139,584.884898982744,184.90943184805732,0.90094936,681.2200075657051,277.11551456613404,0.9958066,551.6911082791129,274.47791561259334,0.99711907,706.4301596494554,396.36959141044593,0.9614725,520.4118947981017,387.77054522613287,0.97721833,711.2145775873156,491.60883746805985,0.8898965,522.6776259441813,500.04267955048635,0.9264988,666.0473549890795,513.8213286480959,0.97201693,575.2648781345474,509.6904949343112,0.97291684,659.9225497736367,665.1089290294894,0.29845715,562.9714100205916,668.9529174927128,0.31733978,631.4486,688.5919,0.020378917,585.66034,698.9298,0.021918654
620.0,614.6121476144228,180.32270104922733,0.9923342,635.2064276959145,171.67188501178197,0.96677583,605.6902852641756,163.6878081396153,0.98183227,652.2343155819688,183.61800632674434,0.71422476,587.3614448696469,179.29508652416825,0.8998952,683.2720384242671,281.52896665006534,0.99574065,544.105345082032,273.9286919764052,0.9970665,705.0681211045943,396.40279949884314,0.96090746,520.331651638292,383.44485362388514,0.97674894,710.0584699165889,492.7418355104117,0.88829803,520.9535772655888,499.6335439195202,0.9251076,661.3433730832203,514.1736073782135,0.97077787,573.6473673560306,514.4189505903096,0.9716888,662.3571597063672,659.1717851704943,0.28457305,570.5987798201143,663.1442950523627,0.3027808,630.95184,686.3902,0.019098848,586.51263,696.9656,0.020534635
621.0,625.165239815109,179.2360232501329,0.9923501,635.4217633041484,163.745775073871,0.96702087,605.720120586372,165.59742295715535,0.9818528,654.9072237716251,182.6019393446563,0.7154855,583.965168431138,184.47940743012833,0.8997369,686.6829791468223,276.01319139371697,0.99576527,547.8664801805744,277.16686255098284,0.99703443,706.14041208143,398.5621952906199,0.9611275,519.4202616554952,390.6437283412681,0.9764091,709.2943223152928,497.75670381012424,0.8885155,523.4078659488441,500.72095459064457,0.92421913,654.2369338450208,516.9743820848848,0.97126824,567.3590281884108,510.6464887357991,0.9719556,663.9775209082355,663.7939042310508,0.29102767,569.9962662444406,671.7843459367234,0.30772734,631.36475,688.1467,0.019732624,585.46893,698.481,0.021101922
622.0,624.4455743049831,175.4242279484559,0.99241,632.0252088848728,163.1323621777183,0.96703947,609.2967447433548,160.3440487982272,0.981972,648.955631773871,184.4897047649298,0.71432436,588.6584560462173,178.19721082084695,0.9004906,683.9252205286696,279.7930103553345,0.9958068,549.2293724920103,277.8692999686724,0.9970819,707.0566930190134,401.15800305907595,0.9614819,519.979163008242,396.1888363157727,0.9768033,704.6014683201364,495.3965825615843,0.8893729,519.9811503905233,506.9657676045967,0.9252707,661.9369128873235,519.3998971135647,0.97176254,571.298814033609,514.1171754398082,0.9725022,662.5380740798073,659.3522742702929,0.2949647,564.9940752992186,667.3657239678487,0.3121908,631.61523,688.6675,0.019999772,585.6877,698.7759,0.02140838
623.0,618.7996143012134,178.22082366763928,0.9924198,637.6950974298271,171.46052245736894,0.9670383,608.1350361097933,168.33629040724517,0.98203087,652.2183639151837,183.03351486507776,0.7132191,584.2468739574091,191.5715131961753,0.9006251,682.8267407395425,283.24629207862205,0.9957795,548.853894318571,282.77615673270327,0.9970665,706.8477629722528,395.6083420291764,0.9613461,529.2021191224816,390.22777143940567,0.97678035,710.2169028355387,489.5788849402038,0.8894037,527.7044098724111,503.80113062630136,0.92540205,656.4140669184478,511.35206635474316,0.9715028,571.3561860171314,509.33830721354764,0.9722676,663.433117700689,665.8998882986664,0.2930535,570.9405441875804,672.4640385523337,0.3103674,632.06305,688.58264,0.019830614,585.68713,698.3447,0.021235973
624.0,622.2727504903725,177.34981307516685,0.99244577,634.2422972335166,162.32501225147524,0.96708375,608.6475093021971,160.82115009400783,0.9821111,649.211140702252,182.36782546956385,0.7123949,582.8076634531582,182.36086205249694,0.90101224,679.7438971823995,282.10265960436044,0.99578726,551.2771603222535,281.01100558266944,0.99706805,707.2806434726989,393.77578245813277,0.96149886,520.3778353576546,395.51473903320937,0.97682416,704.3797746296121,490.1197969051112,0.8899827,521.2547946271438,494.91841700158665,0.9256828,657.5410295073129,506.3889471079069,0.9717832,568.8220992667259,511.0299345224153,0.9725068,666.0234029720671,664.8277246055541,0.29712212,566.3679412015443,668.0957560961267,0.31417802,632.3892,688.72766,0.020236492,585.3019,698.2975,0.021636814
625.0,622.4744939604246,176.89390711389265,0.99239826,638.1446029883207,170.1096889259477,0.9664068,612.2135886158428,168.41932327216855,0.9821534,652.8917286893857,179.62337427563534,0.707689,585.707846121045,174.85561861106888,0.9028044,680.4854089258033,282.31341225821103,0.9957705,554.9035759594291,275.65027214816524,0.9971192,702.1250401344911,397.7246864533844,0.9610474,523.742999624691,390.24685596217654,0.97721434,709.8648735146986,490.58409326206817,0.88909817,519.1832425476293,497.9005657847405,0.9266294,657.1168670962694,512.8869626522506,0.971074,575.6723029018307,508.65296617276357,0.9720972,661.9928785825101,667.3896228941994,0.2879951,561.4636735003093,666.5923722616772,0.30696374,630.67175,687.31757,0.01930371,587.0503,697.16504,0.02076906
626.0,621.2229843131496,183.75144398401378,0.99237823,642.0865861576297,169.2130517797713,0.9661497,609.3479423854685,167.23777508132196,0.9822274,657.984012026821,185.58957312149826,0.7056197,584.5331756422335,183.17150023365937,0.9038472,687.5395886674631,283.3748396318512,0.99577785,546.545380827645,279.33154811711375,0.9971397,706.1624110743238,396.3855693777449,0.9610347,521.5773926742581,393.0705213570705,0.9774158,703.6405288313831,496.7718064294138,0.889282,520.4501847104979,496.4742092226346,0.9272567,661.4341843289482,514.5418400941953,0.97132146,573.6525149465126,508.39270121785995,0.9724082,659.720344596386,662.2929661944125,0.29141364,568.4927854820063,671.2724872755033,0.3111288,630.66034,688.2622,0.01960048,587.05475,698.3071,0.021121621
627.0,623.6581934708194,180.77475860745523,0.99237525,635.5769714302329,162.63691595474737,0.96636605,609.9468960004243,167.68252776680325,0.98214865,650.2512061138333,183.06213895253296,0.7071153,583.4060874742615,180.90489436967644,0.902488,683.5354946783426,276.70574365211917,0.995723,547.3127834854241,281.6306786329072,0.9970871,711.0907717943577,395.8268598308582,0.9608601,521.6480612968825,389.0893987375359,0.97715425,703.7857609120724,491.32076965101857,0.8893689,517.5265448219515,496.97610170456034,0.926882,662.0722547409465,510.15214994975287,0.97091115,574.7646189213696,511.6189539853631,0.97195303,660.9480700760705,664.3191569025521,0.28816378,566.2666362408936,662.3964324202378,0.30733255,631.49646,688.08984,0.019299597,586.7886,697.8802,0.020779312
628.0,618.2953357796032,180.75282908505847,0.9923587,634.3437298356939,161.0188728546835,0.9658406,601.6226232926002,164.91829052437043,0.9822923,654.279210663911,183.69327410206236,0.7027222,583.5672293662602,180.28059102472776,0.9047338,686.7476668182312,278.94919754929737,0.9957618,548.6901206698593,278.3699948970563,0.9971446,704.8277804090806,397.0765741682608,0.9609153,524.2630342732697,390.81922841828845,0.97762567,708.0883531631056,491.9166911993399,0.8896289,521.1431693442348,498.20005328158504,0.92813456,656.2910013842376,511.353435591267,0.97126454,574.5410523501129,512.5075354015738,0.9724514,657.5923610786103,665.4744109376185,0.29260805,565.0366971000238,663.6525845419811,0.31322008,630.53235,688.0759,0.019729525,587.2922,697.7451,0.021309286
629.0,623.120369329753,184.53596767731415,0.9923675,634.3275151657557,168.17337439722502,0.9660065,607.1337582220574,165.86733216151293,0.98215914,654.7451798847684,184.38584436249639,0.70546436,584.9072963301932,184.7919181427703,0.90380657,687.4981575832873,275.59585318929544,0.99578774,547.6248326725683,278.1649957829283,0.99716055,701.8880449444176,395.26467703924095,0.9610585,518.3999205239085,389.75608924997584,0.97762954,710.9576609494774,489.8340379672198,0.88955903,524.120691864628,496.1821816763159,0.9279463,660.6873440620936,509.92786264920574,0.97136337,572.9778789325048,510.68874928777353,0.9725338,663.4005017244563,662.2718380005264,0.2913196,572.4688779512298,665.4815751280557,0.31182444,630.3251,687.47565,0.019529015,588.2688,697.33887,0.021098316
630.0,623.1605747941726,180.5572525212009,0.9923612,636.1699628426716,167.24490713481543,0.96671265,607.3055900922692,168.87953578293616,0.98186153,654.297388346302,183.40725105873747,0.7133297,583.1146298699689,178.9557683154882,0.900455,686.3767950601136,280.3574452676944,0.9957315,543.9573413240338,279.5376909047611,0.9970921,705.5319737063109,393.1864069816316,0.9610615,520.8661324108716,393.76212678202444,0.9770627,706.9898949356349,488.89422757946636,0.88876677,518.7420994270622,494.4886591784646,0.9258982,657.4280585822081,514.0655040584655,0.97072643,571.1279600581314,515.7819028781453,0.9717497,658.758259878268,662.5343429189635,0.2813717,573.5080843237156,660.2248026970859,0.29994094,632.1522,684.4066,0.018713117,585.5319,694.969,0.020159394
631.0,623.2393433320649,177.72859930275374,0.9923272,633.8995868943999,169.92459023187848,0.9662174,604.1982605020144,168.42957016061794,0.9818488,646.1620917347641,185.33803481097013,0.71126914,588.5192712600314,180.11725550722466,0.902132,687.0932564672565,281.6554331159383,0.99578106,549.3376648207186,275.7180264887419,0.99716264,704.3211770607953,389.7311136209321,0.96116614,516.8974633692332,394.76079201057445,0.9775687,704.3582089869901,492.35253552066047,0.88853675,522.1879728621839,497.1924490604051,0.92680323,658.0758015691415,507.1250588470515,0.9710672,570.0679393217096,510.19582325496214,0.9722558,667.2140215658259,660.359553431712,0.284031,563.803725726123,663.0142165995547,0.3040089,630.8635,683.99207,0.018893003,586.267,694.635,0.02042237
632.0,624.8394759175002,180.85292406260913,0.992309,636.5865573837846,166.14512089142315,0.9660487,609.0831907195944,161.09062945191423,0.98182523,653.6930040447947,181.50869678706246,0.7105206,588.2727156029385,184.6608108807706,0.90284014,683.3268942756542,282.7813923653749,0.99580884,548.7050003057565,272.505401202258,0.997171,704.1659834127639,395.25380782563406,0.961218,517.7634402130542,394.12149730876877,0.9775217,712.0638207673928,489.0683684217356,0.88789696,522.059830912531,499.42591386965023,0.926242,660.4713222108079,512.83707853422,0.97118306,569.9318639179604,511.6860499107361,0.972322,660.6346125233999,657.9673374235853,0.28485274,568.1994640132716,663.5582814819658,0.30441847,630.297,684.7385,0.01894337,586.3818,695.02014,0.02044338
633.0,624.7938374674937,182.9081947268156,0.992334,636.7966308145541,165.97605132606108,0.96608233,605.5456968237863,165.48100282176895,0.9819247,651.7222589192437,183.73466585176368,0.70925355,589.8360230320004,180.46960433984881,0.90382075,683.5691661868862,282.6815303655907,0.9958507,547.018987349919,273.99345844078425,0.9971635,708.0797907491886,392.76287521504423,0.9613739,520.6299920962675,389.25260757254244,0.9772567,702.5162486091305,492.6028982275096,0.88768494,526.490498628536,498.9032526767605,0.92541254,658.5133937738362,510.94713823640564,0.97152853,575.0911033221096,511.60509907488967,0.9724828,666.1777863603558,660.5949337358069,0.29000062,568.9670394683346,662.5979304726673,0.30828965,630.1645,685.9742,0.019449979,586.27795,696.09155,0.02087912
634.0,625.0527753754989,167.23726166826023,0.99239254,635.8425175053216,166.91601832264766,0.96635723,608.6018415541187,162.89563503639062,0.9820541,655.383078894216,187.55724689654946,0.708906,585.0113803447313,181.0988984788392,0.9042361,684.6983271014008,280.16167660160545,0.995886,546.1187063995269,280.1195549668448,0.9971336,705.9709214952428,397.35560610349916,0.9616053,521.4620887591659,388.7650405466009,0.9768975,713.0820068320679,491.48133508409546,0.8879869,519.9356266740965,497.0465271444376,0.92459464,657.0434302791883,508.8512510795996,0.9719819,578.2472568119956,508.0072261947325,0.97268337,662.6010222225628,662.5531152981782,0.2961743,564.9101578735173,661.5644236609728,0.3127765,630.1939,688.12964,0.020005554,586.23444,697.73804,0.021335393
635.0,621.475674890499,171.91047630576813,0.99236655,635.0749543396378,166.986696738488,0.9662042,606.1551501895743,166.33373778393323,0.9820476,649.8696669426914,178.97862406124435,0.70738745,584.2784547136848,185.24818994735452,0.9044688,687.2173495046784,283.5886625702621,0.9958415,545.7512277194184,271.00043670954983,0.99710375,702.92998698239,396.44209236778914,0.96123004,525.757833309969,389.08557744515684,0.9766853,705.6224719103478,491.78033393799655,0.8872694,515.7667185187274,499.2013314228173,0.9241464,662.1348770615966,504.49392853292477,0.9712832,572.992025170725,512.2813642049277,0.9720092,665.6023457713195,660.0716293946424,0.28894237,570.8111748703249,667.8198350182096,0.30543905,630.2656,687.5776,0.019327104,586.9213,697.1472,0.020617157
636.0,618.5986446163081,175.5370509275228,0.9923838,633.8417043803329,163.07620494343203,0.9661962,607.5062028383803,161.50634324385126,0.98215324,653.5124365862265,184.5489980176115,0.70610964,592.0846161495319,175.8833451331353,0.90520847,681.8314383492543,276.23568698708243,0.99585503,548.9964853417483,281.8384308692827,0.99710065,704.8633335248334,392.78257175881055,0.96129584,517.8557754538945,391.3971738591748,0.9766786,712.877935413534,494.2570176863389,0.88736826,519.4056709518027,499.4166144074942,0.9241736,662.1825863846458,511.8096358716685,0.9715252,569.4840477398623,511.45356194331475,0.97220683,658.4166629809839,663.7176968040219,0.2922929,570.2322170686676,669.4963843202759,0.30858958,630.16956,688.4684,0.019641578,586.6775,698.1001,0.020920783
637.0,622.8200220452944,170.1534708340494,0.992467,636.3198111677369,163.762165584872,0.9666368,611.0003695427671,164.67406153503993,0.9823196,655.396681157445,184.99411022801647,0.7071675,585.5236955380914,179.51207024680517,0.905205,683.7097035029863,278.2959757565307,0.9959227,544.5718366029339,276.1486596446649,0.99710834,708.6783775030449,390.83479809404537,0.962057,519.7864819430164,384.89461397543863,0.97676677,705.6325002754816,485.5748687675225,0.8895218,520.154588966613,498.8037586344314,0.92467076,660.5531170985206,507.25579926043497,0.9730165,572.0673693035372,506.9371248145229,0.9734819,663.0063337897226,661.9960730109119,0.31113273,571.7485290245965,664.6900308005027,0.32620102,630.54626,691.01135,0.021484375,584.80896,700.28723,0.022753388
638.0,626.4989582122857,172.57443107853257,0.9925144,639.9282420566873,167.11931465351125,0.9662855,608.8916790297701,164.48460144235733,0.9826597,652.2801296455696,176.39930658753067,0.7000926,583.7552960156693,175.47838480442857,0.9080723,682.8426445725669,282.19891172949303,0.9959369,551.1491287461488,274.3452905305267,0.99712986,708.1607762526379,394.26322862933546,0.96216106,522.7065878288113,390.45329160961677,0.97710747,705.0845921818208,494.7872870272069,0.8901011,519.7719740731415,496.9264631575285,0.9259641,659.9843970228974,504.7384497308249,0.973317,571.7532028495236,508.20675906336874,0.97383416,661.5462235993812,659.2198467969693,0.31555408,570.7399364764549,664.0466547922151,0.33120775,631.03125,692.7963,0.021853745,584.64905,701.3921,0.02314639
639.0,617.7850135975228,175.1387998639782,0.9924816,636.8427347794484,162.22819814883294,0.9661513,609.4217285868893,159.41537759953962,0.98254204,654.8021517395088,182.57693887087342,0.701737,586.819675446716,178.01358547391405,0.9077772,685.240893401662,279.5070693448362,0.99596316,546.7866744835052,273.74486699716607,0.99716496,705.1090686336137,393.3677921617874,0.9621612,523.43176457097,390.21093565343836,0.97729886,707.0767292572809,492.36943549684355,0.8898807,519.9038313598215,504.4266164130206,0.9261668,654.5082470290253,506.6469524897419,0.9734148,570.3788416671916,503.35796918257984,0.9740175,661.0189650479712,666.0286435447154,0.31599796,569.005089140617,660.6257544084647,0.33255345,630.11835,693.03564,0.02183649,585.7898,701.6664,0.023199081
640.0,621.4544016964961,174.9275912164306,0.992406,636.8211656577217,165.83357664854464,0.96596944,606.9871075195915,159.94338424598664,0.9823817,648.81150405429,180.2298003403449,0.7007563,587.3078325879471,178.97068718358872,0.90664744,681.2855109060274,280.3686240167179,0.99581015,544.1191048516042,276.9895720084106,0.99707055,701.9362959154208,393.6043604653892,0.96093833,522.0734336869328,395.3283072885709,0.97666836,710.072717955226,487.0407343984692,0.88692755,521.3980155390036,498.09122702250096,0.9243785,660.9092464956669,515.6989387820546,0.9709456,569.2069241522682,508.10320002981854,0.97169596,661.4425872281842,662.1095508824246,0.28698283,570.2589441717363,663.038303649612,0.30344763,629.55664,689.6371,0.019090354,586.1134,697.9134,0.020341694
641.0,620.7750854294561,176.3641134992353,0.9923816,633.0550614189876,166.19394048922422,0.9653871,607.4431609130414,158.92797151424935,0.9825408,650.3312328552834,179.08965652763098,0.6947495,585.3438415997316,180.34967349263135,0.9083084,682.9263226005149,273.67741866964866,0.99573004,549.9383076985787,275.9473922145373,0.99708235,702.3952819280154,394.4298206990286,0.9603438,521.1822797232726,395.18117341863024,0.97712666,707.5342139574207,487.92523737592296,0.8861464,526.2713893048923,496.9493867239039,0.925789,662.4878763187069,508.8972464228183,0.96990883,566.4929730280298,510.6144587623013,0.971031,657.6738486547924,670.0921308660218,0.2752831,568.0277002038979,663.051672703476,0.2938799,629.26416,688.7827,0.017954439,585.93494,696.73083,0.019273907
642.0,618.046162655372,169.94402329810183,0.99235153,631.5788419673717,167.85788576418338,0.96543765,606.5590985898665,162.33432904720704,0.98236775,653.2040073271891,180.43447946600637,0.69687223,586.1094005532968,175.86216214687877,0.9072983,689.4732776017823,278.79103062158134,0.99569535,547.4659278019657,274.4231974724873,0.997061,702.9641627234444,396.00444995867974,0.9600251,513.887335082897,391.5160237358757,0.9768641,702.8913700720915,485.2742853456082,0.8847391,521.6556038684826,501.3804061624898,0.92470086,664.5364822711153,506.9868295733765,0.9689629,571.6860582970895,507.4447177587173,0.970129,660.4124663296144,661.0648398559091,0.26412147,567.8884553020464,661.6961589569444,0.2822011,628.6167,686.2129,0.016996503,585.90625,694.2908,0.018250853
643.0,619.3416001946329,175.12905330798617,0.9923446,634.8116702772596,165.2999044555144,0.96548814,605.8364862298055,161.16072453770167,0.98229694,653.2692070530638,182.9904948755261,0.69725394,581.228746899831,179.19562087499057,0.90681106,685.0173141084827,277.8895362670266,0.9956534,547.9873569619199,275.01934061094147,0.99702597,710.7087150066466,396.9029979885415,0.95970464,521.4766869952801,386.5743484684368,0.9765692,706.3835486765371,490.1698282550486,0.8839303,517.2602634969516,499.4477507078367,0.9238969,656.704816081424,512.0174136520227,0.9680948,574.0298565450004,513.1433192767963,0.9692594,665.6571464978674,667.3816356009172,0.25639492,569.7919342150446,663.857096145915,0.27388078,628.7163,684.0408,0.016375571,586.2278,692.0574,0.017570078
644.0,626.4413472949466,177.26029862056964,0.9923925,636.5459872221078,163.6300429533385,0.96581995,605.6298389070541,161.2677093994742,0.98234785,651.8211765107209,180.3532842397269,0.6975997,587.7958743651033,176.28724944286046,0.90618974,683.4513731145105,277.87871217671847,0.9956059,551.44945468996,276.3048960328117,0.99697304,704.0354475743096,394.71195054067516,0.95962745,524.0066899469948,391.1886447960057,0.97630286,708.3820291271596,495.1894469188156,0.8840312,513.8622842249945,490.7983251581607,0.9235053,662.1136042818493,512.5891443895905,0.96761477,568.3784837093494,510.40634997710686,0.96870124,658.1813846873167,663.5915022911951,0.25131118,569.0581992425355,660.1029112362821,0.2678562,629.6504,683.6771,0.015923023,584.9683,691.29376,0.017044991
645.0,624.8099594689269,175.45815703939186,0.9924102,633.2917501131064,160.70357481438566,0.96584487,610.1567833180484,158.03022796793223,0.9824679,652.0800349175609,179.4029983177705,0.6958069,582.2055283525688,179.30692965726448,0.9067593,686.0793522436811,278.3916530182629,0.9955919,547.099748779353,272.4463561426247,0.9969476,704.9644929302739,389.84551149923885,0.95966184,523.8423960581611,394.9452322100973,0.97621036,710.2980765574425,491.4053637348851,0.88477284,513.7201199234155,495.92171724412714,0.92381066,658.4759270278338,509.80764327091737,0.96783215,569.1883209927407,510.3718461424537,0.96883,664.4924652552221,664.7941093283669,0.25636005,568.5376028118615,661.2487468445723,0.2725378,630.76166,684.72864,0.016390592,584.7941,691.70215,0.017505288
646.0,619.2813631567005,173.09406066013506,0.99240947,634.814082050583,165.8730574520926,0.96643287,605.3977767680012,163.52232497650473,0.98226696,659.2381330930426,180.6338372650291,0.70220315,585.5787329016528,174.0720926968465,0.9044218,677.3769334618469,272.88826024641907,0.9956174,539.9870206179926,277.3641711657892,0.9968929,704.4560601006983,389.0139292668333,0.9598991,521.6459654609358,390.8351232983173,0.97552097,709.6200814726135,491.38830398291634,0.8850242,522.7824100424123,500.27315069844053,0.9219178,660.8210113119499,510.1656807802532,0.96823895,569.3318022527261,510.66700593842546,0.9688779,655.8269155061417,659.8886093100026,0.2626245,569.2376144367702,658.7063004208201,0.2766319,630.8085,685.8407,0.017012298,583.98254,692.9626,0.018039495
647.0,622.449781237301,171.0570162664098,0.99250114,634.0289288252387,167.4088913365083,0.96698886,609.6910607284431,163.9393028480343,0.98236835,652.9513829713873,182.32935188617435,0.70312154,583.5616067834318,174.37877457241896,0.9043089,681.3561726622978,274.57699709203104,0.99568427,546.3406313739486,270.44051998425965,0.99684256,702.439088881343,395.4181265174129,0.9604495,523.7179868421131,383.111495665991,0.9748409,708.1343546508681,489.70287315376805,0.88544405,517.2594262713036,497.94304400752253,0.92007065,661.5017732841134,509.21484824881134,0.9690453,565.6437335912611,506.6557346818173,0.9692004,664.065029571124,664.2205465175379,0.27183747,561.2058486136206,662.9780574185868,0.28268793,631.1321,687.7517,0.017866671,583.0995,694.08264,0.018723369
648.0,615.3570753792052,172.41526250276434,0.9925159,633.5969809203343,158.37297777339117,0.96743304,608.0947117789141,161.90348278941605,0.9823248,653.982317691713,179.98155858966385,0.705376,583.9429992242528,171.7825539957081,0.9032515,682.8659168123307,277.0515357387674,0.9956838,552.9326082108693,274.2975949756803,0.9967462,703.8874339819131,387.40812898136835,0.96048117,522.6943612759928,385.6694933667699,0.9738235,704.860434776651,490.3497054227419,0.88524,522.3421129061326,499.13664853300287,0.9175447,661.2516485409079,508.5919275310845,0.96911573,565.1596786774123,506.83425077875484,0.96882236,652.2197948575995,656.3922257086251,0.27753413,564.7395183448897,663.6337715906621,0.28536612,631.58,688.5631,0.018521369,582.88513,694.9691,0.019206554
649.0,621.1039882463098,170.71639005296754,0.9924967,634.5844508215791,163.59655872104997,0.96737355,605.6817777372014,162.92859061752512,0.98224473,652.047781360065,179.9800002132693,0.7064781,581.8140862743275,174.36842281310584,0.9028455,688.8820794675395,275.64641479236946,0.99568456,540.7583684283778,270.31744490115005,0.99677473,708.3093038914793,393.2408126071315,0.96054584,521.8980448254651,387.20793592693104,0.974066,707.8344686839268,492.1050749954838,0.88552725,523.2272824114613,496.2331722929888,0.9181582,658.9897633666546,510.828939892916,0.9691479,566.1463416711589,513.0082070327229,0.9689572,664.4994443293388,658.5619542763268,0.27654916,563.4133748673913,665.3220196841693,0.2851128,632.1218,687.237,0.01844424,582.9118,693.99915,0.019185126
650.0,618.4379667142655,174.10401435683713,0.9925102,633.6882267315652,163.20363844515248,0.9673833,609.0112172640773,161.50909237873682,0.98223007,655.2545079244696,177.47213885976277,0.7075271,587.7589710208493,179.03331818926554,0.90309596,684.3118835875314,272.75897086745067,0.9957457,546.1356561515325,277.2131170277436,0.99682665,704.120672059193,388.2920092499583,0.96096903,522.4046775636646,387.5914287260189,0.97437644,705.5257690094392,488.9621646914853,0.88635993,520.5401639080343,496.2410020860771,0.9187224,663.0664777140048,507.7810132395708,0.9700574,571.7080507892314,511.61140024527754,0.96987367,655.1595472500152,663.6786682050068,0.2842392,563.2646583423408,666.9320254062079,0.29292196,632.0084,688.22687,0.019084811,583.19836,694.92834,0.01985386
651.0,614.6036557571929,172.03284176750225,0.992501,635.6365360927921,165.52669401472076,0.96710277,607.1652614615167,162.43254445505383,0.9823239,652.2402942435416,181.70188659612467,0.7044304,582.1230969653107,176.42259204772725,0.9041538,683.4068530564629,277.5075616544049,0.9957162,542.1669865036437,275.4662943364155,0.9968405,706.3233619468539,390.0804514262127,0.96077013,520.8225898398218,395.9517532806762,0.974656,708.8850787567563,489.7152875117792,0.8864324,519.5649147736386,500.6898529494307,0.91961515,663.3073292507893,507.90762365003764,0.9696918,577.2577655290103,512.9974445721002,0.9696662,657.2430458507038,661.8203547501664,0.28110504,566.5850033001303,655.8670025113387,0.2908433,632.2988,687.3121,0.01880914,583.39026,693.7444,0.019633621
652.0,621.3715420580384,172.96271191398645,0.9924573,627.994610165182,163.40764774843157,0.96732795,611.3431246577351,160.60832730574975,0.9820261,648.6075779684047,179.5650428819075,0.70947754,586.6768916808728,181.97967482861642,0.90182835,678.8040573331233,276.6965207840042,0.9956939,545.9233199937117,272.2127079037531,0.99680674,704.7870141728359,389.51659859949706,0.96051884,518.6372858336297,391.514881437072,0.974173,702.8212303109491,486.8227110389087,0.88534445,521.8031534274671,491.2571469837466,0.9179473,665.8769526502269,507.2645476653064,0.9690106,568.271939734702,505.19917808010956,0.9689054,660.6638130392707,655.3499370764252,0.27356946,572.4064410599104,664.5135525172112,0.28262055,631.2703,685.9772,0.01814428,584.1731,693.02,0.01892367
653.0,614.6699398408774,173.75277895768525,0.99240506,635.9704987074298,158.0650403416036,0.96670455,606.8237777762674,157.78758271997356,0.9821038,655.3992958093089,180.08180785698264,0.7048239,587.8190183805133,175.86180330241388,0.90352654,684.3803409811273,276.99377530267026,0.99565184,540.8036037846953,274.04658917659106,0.99684584,702.0326071100604,396.71004475568594,0.9601264,521.9151901077984,390.90231419469376,0.9747202,707.5936712774768,484.8757750515881,0.8847796,519.4980135576133,493.78946418620444,0.9193858,657.5962334697101,504.05226192048656,0.96842337,571.4385128237394,514.2918344661322,0.9686563,659.0962425751479,660.3229598720728,0.2673466,566.7282967189963,665.5401083036973,0.27850956,630.9755,685.08496,0.017556489,584.534,692.27893,0.018438458
654.0,616.5828368238546,172.57046874147193,0.99240375,632.2240341588113,166.82488694032278,0.966548,605.1223013860837,162.19642637119048,0.98214924,655.1819201986729,180.11730797328784,0.70346963,580.8112773730621,174.53794631086117,0.9041917,681.8869577050668,275.7730267526592,0.9956619,545.3366974990126,273.522942712297,0.9968699,696.8880132890522,385.9722945977398,0.96015954,527.5605726057911,393.390913162377,0.97495466,704.9755808242822,480.9412685121536,0.8848795,524.1152780573517,491.207408963799,0.9199809,662.924474334232,507.3300913692878,0.96854925,572.9769062457353,505.92436259385954,0.9688677,659.6553691296973,666.7272104367286,0.26848418,561.2755308490483,663.6946249680319,0.2801605,630.5369,684.8263,0.017656386,584.1833,691.97406,0.018566191
655.0,619.78239899144,171.42753075704567,0.9923989,632.5152938099392,157.58549936334114,0.96610487,612.1527099176591,156.5258150823259,0.9822593,645.8167485935709,177.61016662916578,0.6995707,581.5399535964517,177.8994293634738,0.9060353,680.9233720910252,278.5539717570768,0.99570847,546.3998534029138,278.5484373737757,0.9969377,701.8827352419823,393.90044102265557,0.96036756,518.0346908659592,387.7779038289791,0.9754894,708.9751979979185,489.62236100693406,0.8853913,517.602407961618,497.7126533636397,0.9213379,661.5578960578973,502.08729753650545,0.9691274,570.8516181924695,512.2956687457148,0.96958506,660.339938021899,654.8419942758468,0.2748161,568.9628838407369,661.7606662066056,0.28750533,629.69116,685.45435,0.018200755,584.4429,692.27795,0.01917544
656.0,623.6945182897717,176.6212433437478,0.9923754,635.4454859771309,159.0214417364027,0.9655407,609.1368493176175,159.9541186031955,0.9824201,653.5020008301301,178.8695707133793,0.6942631,589.7568204577327,182.01752818380527,0.9085013,677.7992039241831,274.056702982066,0.9957353,547.5836695707782,273.13539249050586,0.9969816,708.7603639992233,396.0641293660919,0.9604188,522.6620714276074,388.18043000336644,0.975932,709.2268611271596,493.02806755214425,0.88539255,520.4755722024981,498.7933117045938,0.92249364,661.8828400409885,505.46930034593254,0.969427,567.4495042291007,509.7517723678312,0.97002053,651.6895426733959,655.217103270097,0.27871072,568.1558389326227,657.9201222004899,0.2924719,629.31604,686.0405,0.018565804,584.70435,692.30853,0.019602418
657.0,619.6839954134463,170.81402381290155,0.99238086,636.5778328083555,155.03354964103653,0.9651169,598.9844602322328,160.78421421522324,0.9826431,652.7609477150776,175.50845074880368,0.6888052,584.9738087368651,173.31562319779425,0.9107325,680.8549918839789,273.9352109343353,0.9957402,547.9481082766224,269.82671100011066,0.9970063,706.2517148027812,387.3776374945465,0.96025246,520.9176364601558,391.415958278203,0.9761579,705.9895282709396,488.24154868934687,0.8852953,520.6371468005702,492.71658573371826,0.92327666,658.6998371494309,507.62721770659033,0.9693626,577.4648575965792,504.04699185123934,0.97006345,657.2672188435006,659.1005393959599,0.27934662,564.8020137742112,659.9797996752677,0.2938854,628.36304,686.0973,0.018626302,585.2331,692.73047,0.019685686
658.0,617.3469196815145,171.93032434824414,0.9923439,635.4156699861087,162.12228823746122,0.9646786,605.9044475174326,158.01614302030015,0.9827094,653.4791284301006,179.7339050340738,0.685373,580.6213002185582,176.2338495356244,0.9119627,683.2225426050427,284.7768883296679,0.9957219,545.8950035202023,275.31851784709215,0.9970263,698.3001343236875,394.01323654684,0.9600371,522.6329145193054,394.79295008206725,0.97647846,706.6097376035015,485.05981777726134,0.8850405,524.1862954597692,494.60488773876426,0.92434967,662.2734090813399,506.6313560317657,0.9691439,578.7490709204303,504.2446935316549,0.9700351,663.9091106025343,658.1774446574092,0.27843153,566.5818746533458,660.2493953287112,0.29436302,628.4183,685.2706,0.018577218,585.7108,691.6842,0.019714206
659.0,618.6612452801427,173.01452233853368,0.9923767,635.9928125647762,153.15843767530575,0.96464396,606.2072215994931,161.01612848330223,0.9828274,649.1932695566486,175.72970025974269,0.6833983,586.3662746527056,177.88602738871947,0.91249526,685.4524006091464,275.6625485420516,0.9957093,549.4479707062474,273.34654842986646,0.99702835,705.2039803548903,392.0513293700993,0.95998335,520.422568718147,387.97812852576266,0.9766253,703.0428069664066,485.203154949035,0.88482904,520.8780225129295,497.12968605991927,0.9246694,656.2134971441301,503.42930498523504,0.96894777,571.5453688681325,508.2586761823015,0.96990514,657.2744699613221,661.5613742919875,0.2724434,570.2942306914565,660.9908380655446,0.28880763,628.30774,685.83496,0.017923176,585.55176,692.1024,0.019055903
660.0,618.0299149997502,176.92514505391088,0.9924853,634.435826481965,166.7043638697451,0.9637891,605.7589249740095,159.24343308860284,0.9835284,652.6866835016298,179.69463366899245,0.66849715,586.0217901336889,177.01505850262814,0.91806096,681.926634321881,279.20133358637673,0.9957584,545.2270123103766,268.8812412026697,0.9971422,701.407718268391,388.41419977499584,0.96060383,522.9002162211109,392.45365458104675,0.97801876,704.1345657846838,493.0243285798662,0.8866581,523.5690101674757,493.39856854820374,0.9287179,669.1030540699619,509.2811287359983,0.9703069,574.0419809253752,507.1512411821738,0.9715679,657.8412602755425,660.0898590001543,0.27832073,564.8284646269135,661.1280763904058,0.29756516,629.89905,688.7246,0.018155038,583.97205,694.4376,0.019426197
661.0,614.0186502761624,174.79987173091823,0.9924948,637.020184343823,161.8998946707022,0.96388805,605.3765006507243,157.26886220921625,0.98349595,650.9413087954467,181.79690564663997,0.6693045,587.2503066311662,173.6144606869231,0.91775215,683.696445543357,270.4858474033579,0.995751,546.7546322143537,271.8215800748471,0.9971355,703.4961021653215,392.1644992104735,0.9605746,518.1962443388016,391.4051304946854,0.9779704,709.5282984623659,489.6830927224395,0.886475,518.9431947176545,495.5842915527212,0.92849,659.7704089305614,508.4670568334113,0.9701259,568.0489447057953,505.43809724466655,0.9713885,660.0394971227983,663.7205069889535,0.27622548,567.9000669802192,655.3857475009827,0.2953475,630.3913,688.43665,0.017940879,584.32074,694.12085,0.01919946
662.0,617.1867506472465,171.59573656275802,0.9924743,635.517781055814,161.78204143955975,0.96411306,601.8920696351781,161.63994201530733,0.9833565,648.6018600355146,174.7903752240542,0.6729419,584.2627158352096,178.6013248929005,0.91647434,684.1358971305411,274.0549205982279,0.9957411,550.2428171848431,274.4997025447947,0.997116,706.5775642038399,388.15079002576744,0.9605432,526.1649011498728,388.29328267778226,0.97780395,707.1718758121915,490.29234088967877,0.8863271,521.0378739982409,498.5861253884663,0.92792666,660.0645256734589,511.3514583624473,0.9701064,567.657587624333,506.38836826022975,0.97132266,655.6820580961523,661.5140303578233,0.27531034,566.620946253936,659.7697888462549,0.2940879,630.109,689.0378,0.017831206,584.0692,694.8034,0.019076854
663.0,619.1848237155968,177.00247188356062,0.99248815,630.178146703476,162.28389202367376,0.9647149,609.7423015948199,162.79805218928865,0.9831227,645.9599672235894,177.93079628006106,0.6781938,581.3920834818714,179.33399420723933,0.9138732,685.1259760915698,277.02805715539023,0.99566966,544.4966615097585,269.3724615461033,0.99703,700.7241629640681,390.94805206756195,0.96030706,522.4225819596642,382.95185826828606,0.9771737,708.9643786046792,484.54313051681675,0.88551277,513.6050945623606,496.0971284910743,0.92619455,659.2885612935448,505.47657669256995,0.9690305,564.5753128678626,506.3980953457955,0.970117,660.862083979259,659.9898748439016,0.26348007,568.0076730901045,663.7660673623831,0.2804961,631.4657,686.71545,0.016809374,584.30914,692.1037,0.017932594
664.0,618.827409735783,171.8246488144781,0.99248636,628.4163469551644,158.11172070631235,0.9649949,606.9744285716471,160.3166750695531,0.9830088,649.5857602376886,179.54700150580592,0.6818608,587.5475633343134,176.38415831263447,0.9128783,684.6179400906465,273.002179374153,0.9956975,547.4282467330986,273.8810761943092,0.9970218,700.2480210721794,389.87289942562734,0.9604857,521.0901429324175,388.21708009275966,0.9769386,709.0941230132654,486.30777004190645,0.88551277,517.9866177180483,496.48975820373846,0.92537475,665.543732628729,506.2722480649898,0.9692961,570.3964088465985,512.3315256419953,0.97023535,662.1938838996267,663.6166519352922,0.26616746,565.6152900863547,661.5516574047306,0.28230828,631.25433,687.5089,0.017050773,584.57025,692.7288,0.018142134
665.0,614.8227082397549,173.49118603737145,0.99251306,636.0602660207443,162.92979236184865,0.9649605,604.8303568836434,158.63061127825188,0.9831525,647.4666017186735,178.94233202141947,0.67908096,577.5481252068626,181.4472835933477,0.9135872,684.3668880746318,275.15247233914795,0.9956548,547.2397484697399,271.9700672592081,0.99700147,705.8272769090479,389.31154942848127,0.96032584,517.1566107045143,388.3768997203212,0.9769891,704.3390191237337,493.3574253116601,0.88560843,517.6129135991483,499.22588459052264,0.9257951,662.7636444206115,508.76348203657005,0.96894526,574.6748461968796,506.1759873027608,0.9699455,662.8729636465879,663.6101605019859,0.26332837,567.724547260545,662.8666981965285,0.27965546,632.52704,687.9852,0.016774505,584.116,692.61066,0.017862737
666.0,614.2488678041896,173.6395083523424,0.9925209,632.9137389019953,157.56776879457664,0.9651796,606.5705538651613,161.09765405873677,0.98311365,651.3605253140012,183.35022267012087,0.68120897,580.4735271780595,171.64321816851785,0.9129181,681.6213689993417,277.1256757799269,0.9956783,548.2735678893812,271.80390697745554,0.9969913,701.5618446614915,389.51696643043766,0.96041334,517.1452065460162,390.0618637209465,0.9767753,706.8399363188785,483.7506118148248,0.8858247,518.3299305172778,498.1227812642768,0.92528564,658.3335854420696,504.8534387005139,0.969175,570.8700526471181,506.43246947991787,0.97005,660.8355222346767,664.704328283215,0.26700068,565.376261022624,661.1387510821357,0.28273454,632.2648,688.8347,0.017114818,584.3479,693.56006,0.018186152
667.0,617.7859572972446,171.835355421797,0.9925716,631.5139948157447,164.66214987507067,0.9655454,601.6414482125043,158.40619158830089,0.9831438,651.3957748532625,178.77124629960883,0.682664,581.591212092451,176.38773567178225,0.9122549,676.8682780433771,269.4547143451354,0.99567324,550.4713799545178,273.5413492094064,0.99697185,702.4747422927909,386.8043466127713,0.9606488,516.7192764195634,386.3154490090869,0.97675276,708.067419754477,492.7036784206367,0.8867433,514.3093006674425,491.14066613625715,0.9255478,658.9922613543084,509.10369993904544,0.96946335,574.4699430808541,509.22141112544386,0.9702562,659.7060459658724,660.9240792362568,0.26942885,569.2679613798506,664.0837611690415,0.28468198,633.33295,689.21826,0.017294168,583.44037,693.3883,0.018349051
668.0,620.364656511022,174.98220589596323,0.9925667,628.7470567328314,163.39395667834847,0.9650279,609.2447989234532,159.947865436379,0.98326504,647.205095088461,180.83039242646964,0.677463,580.9614642244409,173.1243460625275,0.913646,675.7616037799978,275.76295513014384,0.9956219,543.052632211859,269.69649015896033,0.9970162,705.08513121679,386.29556560701684,0.9603584,520.7941633047922,386.9627484266054,0.9774059,703.9469512201828,493.4190969371159,0.8866135,510.59987108454106,496.8085596193026,0.92731434,659.5106206528577,506.57838076320417,0.9688213,570.6424845958155,504.6126098028318,0.97000647,656.0629346560934,663.3371106112787,0.26000845,564.6983998935709,665.2681097171896,0.27741882,633.0502,686.2294,0.01644513,583.08704,690.7172,0.017583072
669.0,618.0934005006944,174.2829334020549,0.9925741,635.8944652861263,161.5080955300958,0.96475416,608.6641999931071,157.29583254142412,0.98339176,645.8803523030335,179.38836095539486,0.67351305,582.3474388736322,175.37110987903762,0.9146868,680.7076951967164,277.2811930975839,0.9955965,542.9680763552727,278.1428746376947,0.99702775,702.2057738277256,391.9436679237019,0.96018,522.8503341125277,385.7325801495092,0.9776447,705.9354277201205,484.38219303175185,0.8865901,520.6282713981371,493.3971100418572,0.9281645,665.3466491955548,502.4643225131438,0.9684659,574.6554355936584,509.04154955641275,0.96980757,664.0810844238638,663.154665639184,0.25682914,567.5891378438423,659.2159500413072,0.27517992,633.3159,685.06244,0.01619345,583.36475,689.5997,0.017366946
670.0,617.6593836666781,168.67796763668395,0.9925959,630.3983069851445,159.5985798054855,0.964935,610.31663358664,160.12265846803916,0.983387,652.115792771849,180.50465638658937,0.6738385,579.0809544353452,176.49376414352147,0.91438764,679.335923565485,274.83497041909425,0.9955933,547.3548359306811,274.1182522439988,0.99700034,705.1858986115991,388.04053003377817,0.96019727,524.6385019555041,389.3804429203121,0.9773842,708.3132688557562,485.2952320753785,0.88635856,519.3984528824989,491.01044212205045,0.927454,664.9470148330928,506.6193535562696,0.9683144,569.2485713816168,502.75569368207306,0.96953726,654.2436099727599,661.2719097537304,0.256203,572.3434818354976,657.7418919285585,0.2736248,633.67944,684.4241,0.016186714,583.5667,688.71313,0.017306209
671.0,611.4409742948103,174.50407908722423,0.99262536,626.4348763124068,159.92080407881264,0.96498084,595.9794263911444,160.249405389937,0.98341346,647.1813696043525,180.08378218264167,0.673851,582.0875939848712,177.75127973769918,0.91465545,686.0635853060169,275.8436518316635,0.99562407,545.5939084810221,275.09739978500323,0.99702805,702.1744683506251,390.95104975063174,0.96037376,520.5865360180989,385.4207704145412,0.9775435,712.9035152000837,487.33664470186187,0.8864888,521.024931184733,490.0545365388553,0.92772216,658.0612154659118,510.5027566085826,0.96854246,573.0982562639914,505.1574820407415,0.9697802,661.8923363635453,654.5081283895821,0.25521404,565.1225047821463,659.3546010224104,0.27274942,633.3964,684.4166,0.016022861,583.80133,688.25494,0.017143965
672.0,622.0997876140209,174.51294991086715,0.9926064,629.1593665964233,157.45823175297892,0.96396714,602.2543583855835,156.83417306037177,0.9836713,648.2917713600837,183.5819891392232,0.6649394,582.7498987268668,180.3965885153911,0.9183127,683.6246725241981,276.8922969873612,0.9956752,546.4916423525634,272.68369045807697,0.99714494,704.935607739361,384.6649669414162,0.9605434,519.7454244307123,389.09859247060643,0.9786006,709.1000801275384,489.1278177260919,0.88691854,523.503233853743,496.0132730913845,0.9303134,664.0755741075716,508.9124376169552,0.9691839,569.1716968093724,507.9668766120068,0.9707936,663.2126871620513,659.198553491781,0.2583144,568.3839913250216,655.8022130749089,0.27874386,632.3513,684.70557,0.016179562,583.83185,688.59985,0.017448246
673.0,615.5777329767822,170.8192776595439,0.9926363,630.1803710109872,158.1381701656754,0.9642824,598.7681771906724,156.99085627169023,0.9836309,647.3639237922114,177.72989847341202,0.6680599,574.8927142014339,178.3618147968208,0.9174676,677.9578894916763,280.7198804712866,0.99571955,552.417032144913,270.00690039240783,0.99715334,705.859080271132,387.0315917825903,0.9607957,522.322853481089,392.7892393192242,0.9785093,707.3891993545569,483.97564762626735,0.88732576,518.8733739280087,493.98610181278355,0.9299617,660.7215517057286,512.3328008264353,0.9696008,571.2895508694623,505.9000615652689,0.9710791,662.7459239688606,660.2364618348594,0.26288372,564.9448947156343,661.8579957602142,0.28295946,632.25806,685.3844,0.016581029,584.5551,689.5762,0.017852694
674.0,618.6178569116341,173.3561382257787,0.99258953,630.3666846538005,168.19142191966213,0.9636618,602.186189054522,157.81521865076624,0.98368454,648.9818078639571,186.35240212565347,0.66353136,585.4156880557687,177.9200338526465,0.9187217,680.9082320275351,270.3317481868576,0.99568665,546.7741029801496,273.0230151328076,0.99718505,704.8297000186208,391.3398288365172,0.96036303,514.5197425237776,388.81679920686094,0.9788654,704.7650853835185,489.4198256111936,0.8866197,522.1938971226588,494.4177174604678,0.930988,663.7930260099854,511.96760620385936,0.968925,567.3555788504713,506.6828324381224,0.97071385,661.893773491707,662.2989085009193,0.25625074,569.4943851423869,663.4535464207897,0.27823532,632.137,684.6461,0.015996754,586.6554,689.3073,0.017345935
675.0,619.0556620543258,173.6833335338048,0.9926138,632.952442051379,157.12938771375568,0.9635091,607.3206103026406,160.44321413722207,0.98385525,644.1277017359336,176.9834744207022,0.6603422,579.9519076533998,173.5912852330419,0.9196398,683.7731076962582,276.2495470736954,0.99566257,547.6680670878053,269.7722505638941,0.99720615,712.5955994427298,385.4434506572057,0.9603441,520.0764923803408,387.3361770855911,0.97928,710.8552879199341,490.7857326263305,0.88740367,515.6166278175749,500.03443478486696,0.93231344,660.13164774883,509.8894441211695,0.96902674,574.7885411706717,510.41588948352467,0.97099453,653.9071579850089,652.9853717316125,0.2569682,569.1978780193043,663.7351555827192,0.28016865,632.50964,684.75507,0.016025573,585.1789,688.99896,0.017442226
676.0,620.4134586839102,179.2704501185788,0.9925678,629.1171538124358,162.81581242622673,0.96281415,603.6340679380086,161.68934249356474,0.9837631,646.9689837204512,180.84122897079266,0.65883684,586.5162366789419,179.0878700980258,0.9202194,682.910953311785,273.30536000803,0.99568987,548.4053576049865,276.83360406935844,0.99731845,703.1990937159178,394.4786885112401,0.96030533,522.8355243468254,391.30902576241766,0.9801816,709.7656034770372,495.83625799260744,0.8873472,518.556476866241,499.25196241261233,0.934376,666.3721026759121,506.47864973912056,0.9688664,570.6703188234685,506.68070156095695,0.97131765,655.5079357051666,658.9376033567268,0.25252268,566.1064129642818,662.4975483343793,0.27896005,631.2316,683.18243,0.015583992,586.9351,687.13745,0.017169237
677.0,611.5770914668054,169.06222976893463,0.99258703,632.2108052450275,159.67453042374862,0.96305877,599.1967050026057,157.86016248915857,0.9838041,650.0424167974796,178.18550130274684,0.65926325,579.5238350250747,176.71864073600662,0.91976094,682.2728746924774,270.4158220560552,0.99564016,548.8066436249268,268.5582221755812,0.99727595,707.7310039776397,390.1570140641427,0.9602134,527.1532256081975,391.1762987566448,0.98004055,709.1163491302915,486.3494383430189,0.88751554,514.6711504743778,500.1239251691721,0.9342073,662.596474787603,505.68740515247373,0.9685539,569.2659218403824,505.82855016377806,0.97098255,660.8367222211241,658.8520381411324,0.24897972,570.9561799641731,661.4495484724146,0.27488202,632.51025,682.7363,0.015286237,585.2415,686.86005,0.016828507
678.0,623.7738757836282,171.04346915831096,0.992587,632.2407747637506,164.9387288682114,0.9630686,603.8328623348788,157.3232438073795,0.9838363,648.4614615629615,167.7845564735761,0.659742,581.9177475443821,174.58657551509626,0.91947174,678.0002946104473,275.8399031205269,0.99562,543.8156350097709,271.1383707423035,0.9972886,704.9483655144592,392.1545851611969,0.96018785,521.5788961612129,385.8407064161723,0.98029196,705.5980343085255,485.6896231917517,0.88809705,522.5984847062135,499.12709383338523,0.93501437,660.5443061167316,508.0139630428501,0.9685487,572.6482513215201,504.84319876693047,0.9711113,657.7350148551786,663.8310508365297,0.2480743,562.7605048986832,659.1370162238285,0.27504045,632.76654,683.2665,0.0151871145,584.76117,687.8435,0.016790628
679.0,614.8004274560975,171.09018653052684,0.992525,634.1663145915222,164.37050424965398,0.9640221,602.9426587963064,162.64857976481653,0.98330855,643.7030677818592,177.38873036124045,0.6736125,585.2677349411464,177.22957958273344,0.9145497,684.6896559078178,272.44908736552605,0.9955947,542.5412367004722,276.93215790140033,0.9972091,704.6434724931194,391.35830621536735,0.960081,520.166024132169,386.17817270126125,0.97946876,708.6901713129824,487.46069900957565,0.8877883,523.9676024250207,492.412103965377,0.9327159,666.1149982664533,510.20676373007353,0.96825397,571.3507521655391,501.5208769739552,0.97054046,662.8794269320739,659.4774070637841,0.24841127,567.5414164984946,661.7291237097515,0.27336872,632.8762,682.9771,0.015316308,584.9908,687.7841,0.016863763
680.0,612.093810137497,173.73435955198514,0.9924731,630.4618379490115,154.65613616214833,0.9637594,596.4787134423788,159.99769811213147,0.9832549,649.8461617192703,175.5985900131685,0.67354774,582.2405988890433,177.63239357605912,0.9146918,678.9717385490329,277.25266251257074,0.99558413,549.0936654136087,274.7430968269444,0.99722254,711.1881293913669,387.7739102717058,0.9598566,517.7471833347169,390.03937446582506,0.97956747,712.4997426852049,487.01241162535746,0.8876647,519.4039920291143,499.1392120368972,0.9330871,660.803439423897,509.16847340048673,0.96804905,571.8710498932027,507.44265392521237,0.97046065,661.140691083536,658.9625075373629,0.24851757,567.0933066604787,659.7988931724926,0.27426642,632.02386,682.6518,0.015360057,584.7095,687.6438,0.016955644
681.0,609.9592053609481,172.88638089803493,0.9924341,629.3461022562141,154.5844609716866,0.96416116,596.3852282925492,163.99094624646622,0.983063,646.2384143032244,176.08729258336106,0.6789395,585.515029341116,171.46379849474172,0.9129662,678.5756990610436,270.444865585567,0.995594,545.7183450837032,267.94899140521636,0.99716115,701.740942686251,390.05296513158845,0.9597105,517.9839977894243,386.8958611808465,0.9788276,712.6400643724659,481.6755095421368,0.887028,515.7929590324915,500.18187567825595,0.93103814,660.4706338197504,508.1000420032796,0.9679551,572.2470026980768,507.43162061809596,0.9700606,658.8809093187543,659.1804325002377,0.25245148,563.0187356301451,661.2480669245194,0.27639642,631.40625,683.84436,0.015792102,585.1106,689.18384,0.017321765
682.0,613.6290858244097,166.25468246031,0.99239147,623.4036172893442,156.26919733177664,0.96480906,598.2200924365898,158.08875953384236,0.98266685,646.9336925894961,180.00756270064613,0.6886081,573.6776462250119,176.06660792726376,0.9087763,681.6088547697211,275.97212723550035,0.9954833,541.4942131800334,279.54641623480853,0.9970931,704.3223050055125,386.26159348778805,0.95904815,518.8028984174622,390.4587477012208,0.97833145,711.7133146292933,491.2594289335557,0.8861277,521.88904371493,498.9571594810318,0.92983466,660.6744558078318,506.30536193985284,0.9662587,572.5846366287858,507.9886417108861,0.96850514,661.6723128205022,653.6796833700677,0.23873034,569.6775940429975,659.3564247587092,0.26209635,631.1156,677.6764,0.014809579,583.7444,684.37085,0.016285598
683.0,614.4337963128851,170.8197542070863,0.9923396,623.7133471626937,159.2836243192422,0.9645349,603.8657863983262,160.15841796809525,0.9826026,647.3036806402373,172.54342876170176,0.68731445,577.8398830349108,176.21721162484798,0.90869385,684.4077965871712,268.613162168277,0.9953917,542.4803325714087,270.9809971391178,0.99707067,707.9719126169214,390.263672115701,0.958469,523.3630396133623,391.26359796923555,0.9783777,709.936011085537,485.3328978209789,0.8851192,521.4534261437592,498.3338977622268,0.9299804,660.1574222286455,512.3893677944566,0.9649788,568.4254333665393,513.2980133173359,0.96751964,667.0177188789137,661.218184033028,0.22669467,562.695382696814,665.3650969773735,0.25056493,631.44385,675.58594,0.013821065,583.6878,682.7429,0.015272945
684.0,613.9852731742582,172.10801833751592,0.9923705,631.7476767860799,157.94330259586317,0.9645792,598.6017612332793,158.59821207948636,0.98264897,646.9016332455852,172.73826594692213,0.68689394,581.1681612849512,173.62625904818628,0.90915024,679.1757310821316,274.59523807242226,0.9954594,542.8762372767842,277.7790827133253,0.9970963,708.5337134032233,393.20774955761834,0.95904803,513.3883424335409,388.90896388970873,0.9785181,706.6915446428428,492.67069763126494,0.88623744,516.5585370295481,499.8749804294572,0.93036896,665.331742701251,503.3733839613283,0.96618354,569.7240735772629,502.1237623585713,0.96853936,662.2837420487068,657.1483830130854,0.23620123,565.3538785749412,656.6520786220792,0.26003718,632.0214,675.64087,0.014593273,584.3126,683.27527,0.016081452
685.0,613.8182041565851,172.28921583420916,0.99234235,628.7312357485016,161.29244752446323,0.9640622,606.1512768387984,165.37723923775087,0.98267424,646.1751893196365,173.07801412453836,0.6837544,576.5629173465991,171.40394899675957,0.91035247,681.7110663366537,276.5347241836952,0.9954704,549.1055115681452,271.7820225020269,0.99715257,705.9401820979272,383.4102773621588,0.9591571,523.0276449945883,384.868423770348,0.979068,708.9985018887439,483.5510452455223,0.887107,524.9726291621544,501.90153416299864,0.9320867,663.4807381029177,511.70983574785555,0.966523,568.1144384450255,505.33938301423063,0.96909153,660.5483677152638,657.0409605501465,0.23914021,570.9667617058548,660.5446563196429,0.26467,632.0443,675.0387,0.014805168,585.11646,682.5986,0.016392797
686.0,610.957828134563,171.54180550091917,0.99230903,624.3540538093664,161.89407509902742,0.9640775,594.6052459223464,160.7939642835992,0.98243624,644.475067913369,177.29218521712002,0.6886889,574.2367006262195,172.40003418735353,0.90855783,681.4978705212017,275.4914198075603,0.9955128,543.3797176740666,272.6485884066963,0.99722266,707.4890624932618,389.2191112318585,0.9594002,515.6794197160588,388.03515647295296,0.97958636,715.9301540064877,487.9491952049009,0.8880987,522.7978750392136,494.90183683199433,0.93342257,660.6138942296976,501.74016360549956,0.96710324,571.4985006031845,503.1350874671302,0.96986544,658.5587121438301,651.5610876944116,0.2424922,563.6077356732258,656.2010750464855,0.27012986,631.46454,674.9745,0.015020341,586.04266,682.433,0.016763568
687.0,613.1485402526589,171.72311159099178,0.9922011,629.7273176622049,155.86443037476414,0.96352935,599.6233669832621,158.60721569237012,0.9822688,646.0316885922242,178.85193119738722,0.68888074,580.812838630841,170.91658502061202,0.908326,674.5908517038811,271.4830385995955,0.9954758,543.7462858203554,270.8997355839899,0.9972558,712.3925475554843,392.7577909801467,0.9589009,518.2474347586339,387.8138322455409,0.979913,707.4100707606347,488.5422322884422,0.8875222,521.9616720833885,497.56212790592855,0.93430233,656.6381585383757,511.36100307229515,0.96645486,567.035111021637,502.82971719878236,0.96959454,663.1244580291824,654.7333395464905,0.23813474,562.8249709417199,662.2777740477993,0.26781458,630.31744,673.7292,0.0146999955,586.853,681.7788,0.016547471
688.0,616.4877657258069,168.58236397360503,0.9922192,623.6890782350299,165.81054250167603,0.964039,603.8596292379654,158.66494845618348,0.98215854,639.7901977129249,177.53390752066275,0.6934451,580.0610057429657,174.24099250487848,0.9067943,682.1734273120614,277.3801905889955,0.9954974,542.3222355427441,272.38511927806474,0.9972312,709.5201121601194,389.2560094802364,0.9590694,515.7656778404345,383.60153509011406,0.9795658,708.053277387488,482.2625185852852,0.88746506,517.424250734466,497.8268214966602,0.9331955,663.8986203511851,504.5890332335227,0.96670103,571.112395053473,506.83668111114775,0.96962106,663.3847981625842,657.7863168157342,0.24020037,565.3319720251224,660.4206669943002,0.26857424,630.1343,674.42725,0.014879525,586.02386,682.31866,0.016680121
689.0,613.8461214353817,171.60609984863692,0.9922811,629.5365131835142,161.07958459985804,0.96460134,602.5611344979382,157.92655819297724,0.9821266,643.507933713646,176.03185456117635,0.69553643,580.7364096745739,175.66557049273356,0.90529376,680.6039216224071,273.46888599302935,0.9954715,543.4713291465962,272.5089271814899,0.9971671,702.7833411934165,391.6846786312037,0.9589462,512.6797236475642,386.72289716895403,0.97898483,704.5387346283146,483.3620111772486,0.8870056,517.107473584,490.17034395348253,0.9317657,670.9115603442788,503.9541619128513,0.96605307,571.3253326680054,508.41303360744945,0.96877444,658.894992110101,661.5147124737888,0.23576468,569.5789029549711,662.6307254875553,0.26216072,630.2027,673.9048,0.014542401,586.83215,681.8082,0.016209632
690.0,616.605235096001,173.34274315107186,0.99227196,624.6734112872965,158.2060056333562,0.9640955,598.9135873425264,164.44099535402066,0.9821886,646.7536749993095,179.14693831281278,0.6921691,579.1662872740415,174.8004282286547,0.9065623,678.3092970044606,268.9975047885046,0.9954536,535.6486730526703,272.6437807638747,0.99723613,701.6394344595544,383.2187636981106,0.9588748,519.4971372167767,386.39245917478394,0.97973514,709.5594192311271,490.27162725502484,0.8865207,518.3363402360065,494.1263802668676,0.9333892,656.0233527306203,512.2048567552513,0.9655483,568.6290127963196,512.4755696856859,0.96873534,665.0651970352869,653.8545264581086,0.22557199,560.5978329148354,664.1014294428561,0.2539099,629.6068,672.16425,0.013615221,585.365,680.3342,0.015321165
691.0,610.906093690562,168.03754761544747,0.9922535,620.2780541259407,153.16685075823452,0.9641888,604.2306395649869,160.9216760968206,0.9820827,649.8667790403147,174.99852697409307,0.6942553,581.9381456029837,177.1268580322549,0.90564567,683.2366308940219,273.0716518847577,0.9954377,547.6720164569579,274.2830869491013,0.99722904,708.0907091319812,388.44893220101204,0.95884085,516.3745395083919,391.8534998544592,0.9797224,704.4141194527418,486.6469473444616,0.8863338,519.348281912698,496.74722329361356,0.93314534,662.4857549372826,503.92553679685494,0.9654331,569.182858994957,510.6747494738004,0.96865064,655.5649829205989,659.6115731900197,0.22358268,565.0396916119058,658.5992982648444,0.25179,629.49023,672.4491,0.013440549,584.6954,680.265,0.015138149
692.0,613.6275667598444,174.17600975547592,0.99224687,629.9708915542413,152.5939803759167,0.9635519,597.7055148912102,162.47400500523057,0.9823036,644.2528439660796,174.4396698412153,0.6886643,574.8686102506451,174.56000944980963,0.9079195,680.1803613217692,275.48870268136244,0.9954536,545.691773881652,275.29162686799333,0.9973004,698.8111142264704,385.6931233906785,0.9589881,523.041128454383,387.97175537533934,0.9805054,711.8744457598291,483.95032979633925,0.88772917,518.5072323670704,492.3470573289475,0.93566126,663.5967941376589,508.3822539785211,0.9661721,566.2792857489897,511.6316899628439,0.96965563,662.5610316756232,654.6134295711934,0.22787184,561.2695142826041,662.2853667794902,0.25880983,629.9688,673.76025,0.013664484,584.96484,681.46234,0.015511036
693.0,609.919113166635,166.69811376749738,0.9922241,627.6791157131518,156.33339401346657,0.9631138,597.294934547194,160.8956195431059,0.9823477,650.6610161568906,174.1016380439432,0.6862257,575.3177866413835,169.80593159506884,0.9092108,678.8979851058775,273.2274511078844,0.9955069,542.6953167515366,272.12006383571315,0.997351,704.8605183197317,389.0432323383254,0.9591621,523.3695802946285,386.41867578874576,0.98083925,709.3868662675518,479.03929828859873,0.8881492,520.5286293552244,498.5760066030877,0.936453,664.5864116617504,502.7834518037519,0.96669436,571.8510587357241,509.7803358944324,0.97023463,657.509071782323,655.8498375421112,0.23482502,567.7699050120724,656.5697906802455,0.26703563,628.54114,673.8707,0.014257103,585.69617,681.42334,0.016206324
694.0,613.8545590329617,166.33800191897714,0.9922248,625.1841980502434,154.47385077456912,0.9632791,599.2609454087998,161.0059588050155,0.9822866,645.9994653953611,176.95633538636835,0.6871854,575.6898490509163,173.66924551083403,0.9087163,671.7881269427392,278.5870708355014,0.99551094,545.642481379632,269.39904184688504,0.99732065,704.0458016680851,389.0008261572584,0.95925677,521.4230676338339,389.35556605183007,0.98053503,703.0145315130212,489.98500391932464,0.8884213,518.7912724130142,495.8801188226856,0.9358094,658.8397066069612,503.70566132399813,0.9667389,566.499010755326,508.44212208407873,0.97008145,662.6776452747374,654.9468922883204,0.23709247,565.5477816731684,656.6159751436504,0.2682557,629.4173,673.6424,0.014493883,586.4508,680.8087,0.016409844
695.0,614.3779457006988,173.3191074220129,0.9921804,623.5265019448466,156.97273104526204,0.96290535,601.0670803551194,164.7177037613463,0.98228014,644.4072995115895,170.42183663994453,0.68460363,581.5438829295165,172.57689142013166,0.9090532,676.6702729427212,274.1184763505025,0.99542177,545.4246166506064,269.06342790805087,0.99731433,704.8373486829774,390.570395930761,0.958573,517.3943790275074,387.64140401005704,0.9806198,711.4123616873381,483.34389679139235,0.8872949,523.1313301997875,495.1718932821235,0.93615365,663.72120534105,505.2070075689316,0.9652882,572.0201323801442,507.711033369803,0.9690254,669.7619136859698,652.652783556572,0.22363153,568.4701190941855,664.4512492345463,0.25536487,629.8373,671.58374,0.013401955,587.65204,679.0311,0.015274286
696.0,617.9141386261326,171.15587936520734,0.9921899,629.2912123706221,163.15029366715316,0.96321034,597.8719122816848,155.70983022961207,0.9822519,647.2147520667185,177.6598743203124,0.68629193,571.5058375835555,168.15849257927286,0.90823174,681.0797206183004,271.5153924907292,0.995407,538.5129957956239,272.42157806808655,0.9972666,702.79435133393,382.3492789119944,0.95853984,520.1503392711166,384.74601660784305,0.98024803,709.8535420992706,485.1263052927761,0.887555,521.8936408576166,494.87275120743357,0.9354758,662.4586922091735,502.76399701552816,0.96528244,564.7366242730756,506.5643539836177,0.96881944,662.1814310456986,659.0724955547691,0.22653455,562.7426470822551,657.2999739268635,0.25737232,630.77234,671.9933,0.01367861,588.0593,679.4634,0.015526444
697.0,613.8857179801416,168.3198519112048,0.9921913,618.8910405092622,162.11510603973124,0.9638686,602.453312099913,157.35927478375112,0.9820227,643.543843573104,173.23593184547732,0.6927788,580.5554534390266,171.8379871662948,0.90567136,679.2349787148901,275.2894986279791,0.9954146,543.8416084968466,274.739633374526,0.9972115,697.7792115926216,384.8374047487899,0.95869064,521.4828718355458,385.2839475538924,0.9796818,709.5425021951002,484.8106068510016,0.88719934,518.3631972823766,497.1852029516335,0.9337504,657.7787711811378,504.30061246415005,0.96542406,568.5849952921576,505.4943817298344,0.9686363,664.1381105572405,656.7363300140297,0.22757354,562.8016827030076,658.9927618051357,0.25649905,630.85223,672.44946,0.013803482,587.5145,679.64905,0.015576452
698.0,606.963279255768,173.50322247922236,0.9922089,628.5754383604095,164.03039038705484,0.96376646,597.3656096049781,158.16171474369054,0.98214126,639.8233268286149,175.32843835692904,0.69115686,577.1259757756724,169.11085483073435,0.9066444,679.9743793761486,272.4815920709091,0.9954412,538.1470396102675,266.1578651793657,0.99724007,705.475094392744,386.6575287179529,0.95889056,522.3894161594523,383.39761565124314,0.9799056,710.1495325511415,480.29134119891705,0.8879034,522.1213273599482,494.3746714955765,0.9345122,657.4972773205158,504.6196767059482,0.9659215,569.4056293487013,510.4372471843001,0.9691397,661.7925924462928,657.5085893133677,0.23080081,570.2572606042677,660.3341470891561,0.2603619,631.35474,673.11365,0.014037818,587.41284,680.4905,0.015859216
699.0,611.0036130090094,170.9410777041148,0.99222183,627.3066352044669,165.44431294639753,0.9641386,596.043787892305,158.97650058205247,0.9820298,646.4135716836043,167.34571447050882,0.694782,581.0332125852397,178.63692722379835,0.90533185,680.351699448866,273.29677080315,0.9954518,538.9059348812973,274.08955436715786,0.99722004,704.114636152509,383.4301444052135,0.95899826,521.6904095713119,385.528082663064,0.9796473,706.9962524159987,477.74123038950216,0.88770366,523.9174728898975,497.0861628170919,0.933553,656.5559389301706,507.3664063657541,0.96592975,569.7315671359212,506.98984206842556,0.9690007,662.6185347908877,658.6743626296935,0.23187697,564.9764678190139,661.3061664821194,0.26042515,631.0785,672.70105,0.01417315,586.73987,680.0642,0.01595506
700.0,611.4394660125017,168.42851050233273,0.99222904,618.8774205247863,158.75094273540677,0.9639071,597.4527789836951,157.67987222788236,0.9820647,643.1545070216333,175.5887422174716,0.6936507,578.760998026192,172.0876758215145,0.90617096,681.4848392686438,265.70609923187095,0.9954971,541.2397800724638,273.6979689939932,0.9972776,703.9354840598559,382.5082357870432,0.95924526,518.6325975999873,385.4950466764176,0.9800945,715.2982427094473,485.4830970269932,0.8880825,518.9061727967746,499.8101206419195,0.9346065,661.2716048753539,502.79058188475193,0.96649146,571.9458681958702,507.32277015739464,0.9696754,653.7307037577339,653.6906390264882,0.2347607,564.0477933741399,657.5946127342903,0.26466185,630.9269,672.8823,0.014337301,587.2819,680.32495,0.016199589
701.0,612.1466418332258,164.7100170060117,0.9922023,626.10573422777,148.58216266778265,0.96382856,597.344311475158,158.81387107553178,0.98198557,642.5161984162003,176.36838835300608,0.69478357,572.1606642589151,172.69868859421277,0.90571254,678.0673222793853,277.1251032401838,0.99548566,544.9147625924047,264.75207442503614,0.99729097,703.6627096893275,384.7934425446089,0.959129,517.7285006854624,387.3526163883361,0.9802233,703.8957267541807,486.3539069693837,0.887921,522.139373596508,496.4454438058967,0.9348581,667.1389094134954,502.50114654177617,0.9663409,568.7862532040822,507.67032112956304,0.96965146,665.4012730370956,655.9129590566606,0.23260474,568.4018092620909,651.9315203496714,0.26316008,630.676,672.4232,0.014142364,587.5109,680.29065,0.016031325
702.0,615.0252278428524,169.24493904183134,0.9922183,625.3190967336146,156.5426784327119,0.96420634,596.3706892876678,152.37994625423474,0.9818628,650.9505058999711,171.462530066738,0.6984305,581.1330952536015,177.05594429841693,0.9044452,676.3978438463087,271.41255625720925,0.9955166,541.3885763651994,279.7384749439408,0.99727356,706.7067873711225,386.390862683391,0.9593555,528.7311599221136,390.97105363026867,0.97994006,706.293080229373,485.49362738511445,0.88794637,516.924295490208,496.3517416561967,0.93391436,658.8572317150197,502.7421826399828,0.9666642,572.4813583277206,502.4175723904509,0.969749,662.254245812651,652.3020528399281,0.23559341,569.0165584084998,658.2806839447331,0.26504123,630.75653,673.1002,0.014382154,587.7985,680.3994,0.016235948
703.0,613.8532489110244,173.02003400305762,0.99218464,628.0718739450513,155.74139864788674,0.964265,602.5153598202035,160.43762166753302,0.9816835,646.9897829814282,172.6505779685343,0.70090306,578.5954540396724,173.96749919002855,0.9033005,677.3996927238583,271.9600696576403,0.9955054,543.9968465883267,273.78668267734093,0.99726367,706.472017765051,384.23173913941355,0.9594206,522.5400086181868,382.0740058222251,0.9799397,704.7337567169322,486.3962689546814,0.88791275,514.3765960686391,502.634597969678,0.93378264,655.9563620511905,506.33548928193284,0.9667318,566.89929685369,504.5091417523214,0.96980906,662.2802444574577,648.2701357842137,0.2351017,566.5120190405199,657.0965502958032,0.26465917,631.57886,672.2349,0.0143377185,588.5209,679.824,0.016205192
704.0,610.7612526477421,169.06454123152585,0.9921571,620.9555219924156,160.88869137077867,0.96412647,599.1174164947407,162.25762570851595,0.98157716,645.5483752431904,174.05198327834822,0.7012681,580.4164382337091,173.6386194239392,0.9030714,680.4455175392862,273.5174839410178,0.9955003,544.4445630034114,275.3085459314481,0.9972801,697.6607420226387,384.1905411471361,0.9594163,524.4781149108281,385.02000744135427,0.9800917,719.3386388848486,489.649096127068,0.88773537,525.2628426476035,495.68575346298246,0.9340682,655.8832059735879,506.5104785912924,0.96664476,575.7644263085091,505.1999743891839,0.9698241,656.8988012519333,654.4391911218611,0.2330665,569.0390626083681,651.8324210802892,0.26312393,632.11084,671.4695,0.014146984,589.3973,678.8291,0.016035765
705.0,613.7669188292834,174.2703182831627,0.992126,622.1891911742323,161.14788917365152,0.96398103,598.7736922722229,163.62668026438334,0.9815017,645.0036760892156,171.94240862583575,0.7014716,576.1288043057061,171.2465184995572,0.903017,678.310213660514,271.5729978602911,0.9955092,545.7092096694786,265.990066144497,0.9972893,705.9482930539783,388.58966809673575,0.9594232,523.9561726333632,389.72123141988345,0.98013836,708.5250396486312,479.0542818277676,0.8871508,516.068724002342,500.3805424424555,0.9338243,664.253593109757,501.9571101385217,0.96666324,565.8604074805833,503.7233884639121,0.9698664,661.4196183817288,653.6243556489014,0.23233286,571.4932360428177,656.8884707558706,0.26249164,631.3753,671.93835,0.014068425,589.43146,679.41895,0.015953988
706.0,609.3418185318011,169.30524213244743,0.9921249,626.2407820891781,158.25435015826372,0.96385175,598.680848876834,156.93643267917187,0.98159206,641.0032595486747,174.6458839710702,0.6996449,581.7525739880042,169.242985631626,0.9040432,680.7165653262957,269.4730708000105,0.9955193,541.5702761241124,260.1664205423227,0.9972881,699.1240960048688,385.794274113195,0.95930463,525.679394053264,381.7827496981471,0.9800504,705.0375027644668,485.98848242541345,0.8861316,522.4967671961472,488.9192774437212,0.9332386,658.4311990938646,509.1016602217252,0.9663614,569.436095438486,504.0079515614038,0.96957517,659.503489319095,649.778059424184,0.23073617,565.3832989074791,651.4052540136445,0.2604686,630.07635,671.90137,0.013977408,588.94196,679.6625,0.015820056
707.0,614.4672938697629,178.41630543709823,0.99211824,626.7893221980192,163.21103247686008,0.963537,604.5174934990987,160.66415111694292,0.9816778,643.1525798884845,173.33618968459908,0.6969171,578.8428269700721,168.19729692404937,0.9051198,672.8328844138797,270.3763092595301,0.99550855,543.9365152945439,270.4348273063267,0.99730885,699.9787831533473,384.78842356223527,0.9590682,524.845663372147,382.4297205468361,0.98023057,708.3581230812708,485.3825922014334,0.88560903,519.61476127635,495.4015495527982,0.9336296,663.8839354919587,501.9888432505904,0.96596146,570.0167846204924,501.2948442345966,0.9693625,660.0797336542801,656.7758643214975,0.22655699,568.6275765859992,655.3473198417125,0.25692064,629.09595,671.77374,0.013604403,589.41656,679.7949,0.015442669
708.0,608.6776289088822,166.19982254552116,0.99213254,625.4879853591366,158.34903200081794,0.9636337,605.3306587265682,160.74186140286182,0.98177016,646.3765753624056,174.20516016981202,0.6954306,575.9033013134804,167.24217133571906,0.9053328,681.1900931441326,274.4458079173526,0.9954623,542.7164597602803,269.597839888814,0.9972521,702.0549656622567,384.5376680026666,0.9586665,517.9587782584371,392.07973354070594,0.979782,706.1315645771931,481.3208991207543,0.8850846,517.6075587529721,498.88895034144406,0.93288004,659.6825764938717,501.67598618450336,0.96515524,567.9024446663349,506.3613272016372,0.96848935,665.7576505883549,649.4990530532895,0.22325161,563.7628286692457,656.0725757346347,0.25248522,629.29004,671.3367,0.01339823,589.4421,679.81726,0.015149564
709.0,613.102820973314,166.25475899513512,0.9921185,624.6433877707311,156.77932758013102,0.9636417,597.6559316175752,161.97851772982327,0.981708,645.9943429618598,172.59381489132494,0.6958436,574.8297996043797,173.6496891340299,0.90486467,677.2490263282576,272.93953290412816,0.99543035,542.6192576562361,271.1803190106946,0.9972385,702.9335423593694,382.05455353958587,0.95849377,522.7130341517474,385.0552488422461,0.9797119,714.9177393406733,486.13678516561663,0.885122,524.3264741134618,489.79082945272836,0.93295914,657.4881881377486,499.11601858060556,0.9648025,569.2969406102231,505.7805215093727,0.9681972,662.0597879391388,646.8201707390492,0.22069934,570.9465762728164,653.3702032285166,0.24992806,629.8531,669.812,0.013223201,590.41034,678.71747,0.01496774
710.0,615.1636085619257,171.46005657453105,0.99214244,623.2658453657889,162.52222318465326,0.96393967,601.2606562344772,159.1890026767204,0.98167765,642.1191030902195,173.47235318054277,0.6980387,583.3827201243861,172.2754725555485,0.90423834,677.3409021424413,268.9162286979692,0.99546385,546.6995575977157,270.2735371448475,0.9972321,701.614002266951,383.5384021735767,0.958705,519.0826031150044,387.10253353702393,0.9795188,710.1233575120225,486.77744096943644,0.88534975,518.493036585596,494.93382075362086,0.932427,655.9394436918099,508.01028438047183,0.9653123,570.0577737677467,502.2816172994791,0.9685031,660.8528867707836,651.5061891249368,0.22554556,570.9962264243593,654.5871413958262,0.2541902,629.71375,670.3368,0.01360172,589.9639,679.77185,0.015338063
711.0,613.3092482465379,168.17938326249984,0.9921112,630.3526198778982,161.95005066423482,0.96414196,597.1095476221791,161.41240581137825,0.9815149,644.5213415504398,173.96585169740337,0.70140207,578.9925426422429,169.99230244208076,0.9028856,679.4061413090558,273.6080193527843,0.995464,542.9681484459303,274.178093503778,0.9972013,702.8828509784876,384.9424206878392,0.9584982,521.2094026089105,388.27444561927,0.9791021,706.9613476991822,478.9557888514447,0.88493705,515.8255217144693,493.62406783910865,0.9313822,656.9429696849049,503.32243695571873,0.96501285,572.7769737608139,504.8101323186605,0.9680828,655.74534286463,650.6165675443413,0.22585279,561.3989776276538,656.4318587904543,0.25368327,628.5952,670.81055,0.0136704445,590.5112,680.15735,0.015375823
712.0,614.7838728851963,169.57927686036484,0.99214005,625.427262731895,160.03355622882097,0.96424145,607.0770894811402,157.60855605374127,0.9815098,643.1145386605074,167.96399657607256,0.702602,572.6153701360249,174.75019027605842,0.9029368,678.6084660598086,276.15131034119736,0.99552083,540.4444171394207,267.97377403601683,0.9972348,698.452733672571,383.0905824388998,0.95890427,519.7029976004482,384.8263107432561,0.9793115,711.7917805812838,484.73113657574663,0.8855597,516.7024359301533,492.4114381690771,0.9318186,658.9267036022419,506.84700577240756,0.96581006,568.2813971306203,503.0398190023421,0.96880865,658.1743627835302,655.5409409339449,0.23118979,569.3468607068519,661.8647427638532,0.25938153,628.24023,670.9486,0.014073849,589.9882,680.3176,0.015823007
713.0,608.0263009107629,167.96423871345783,0.9921541,622.0063800666413,162.4853772178326,0.96425,596.5300828509949,155.0908272416968,0.98158175,647.3045649824592,177.77155010575206,0.7016095,576.2654193659284,173.50055601532569,0.903517,682.8389927174973,273.88052403998597,0.99553424,537.9338294022963,275.33628562905363,0.9972264,699.0310919211934,386.34479194612805,0.9589201,519.7605744771672,385.7178480304648,0.979187,706.4316144282018,487.7921812633838,0.8854335,517.5390954020023,495.99095111821396,0.93155783,664.8685666282195,504.9504501481938,0.96592987,573.1600659199929,502.5401398711705,0.96883464,662.7224112261013,655.9912856501078,0.23254219,573.1173992242569,656.3441478931358,0.26035202,628.3509,671.6864,0.0141656995,590.33545,681.2865,0.015891343
714.0,611.2583146884605,165.02202763945166,0.99219024,628.56507472219,158.13672025904066,0.9645164,594.5584188353447,151.92448356526046,0.98161334,648.3888675831038,171.49738482415978,0.70291305,576.7789665879449,170.34843833226574,0.9032581,679.6433133701897,269.2100212969365,0.9955682,545.1848435032115,271.969360931296,0.99722207,702.8339145302356,388.90772240563973,0.9592681,516.3550496955842,385.29242829923123,0.9791122,707.9962396193989,486.082224750732,0.8861043,519.3775080883237,487.9930924903677,0.9313103,662.3496514039746,497.96579226833865,0.9666673,566.2769149906532,502.9969742217961,0.9693687,659.1376174088232,655.9277797116573,0.23826009,565.5034694039484,656.6389736843638,0.26550913,628.47217,672.53894,0.01461038,589.49554,682.155,0.016332537
715.0,613.4448345584552,165.9170056694018,0.99221087,623.5532959952766,152.16342985207825,0.9647732,600.9942821287315,157.84498875711054,0.9815545,646.4965509368596,170.31738064177216,0.705009,572.8589903857576,172.8463746576381,0.90243316,679.8636846166032,267.01420171445136,0.9955727,546.4128312971803,273.62925626159296,0.9972123,702.4569172885039,381.7715648907961,0.9593792,518.171985994889,386.86134746680483,0.9789976,713.6011702075737,482.1478224801774,0.88621414,522.1718100143809,488.9958131424314,0.93095046,659.556763500447,504.42618411245417,0.96675456,563.9562297966127,511.1768368680277,0.9693753,664.9309991276368,652.2576839749025,0.23829505,564.1226854494611,657.7082663353181,0.26502597,628.75665,671.8827,0.014611274,589.1347,681.76685,0.016308397
716.0,605.0803263525748,168.26144318496597,0.9921986,624.7241806893558,154.9184241191732,0.9647045,596.910938371468,153.67320263875428,0.9814942,648.1134267096479,170.96360591489827,0.7054495,578.5418145275931,168.63561336204612,0.9018852,681.4697525403396,271.7722779334725,0.9955251,547.1425430215392,270.24201843218464,0.9972166,704.3619875710166,377.7389942078626,0.9591385,518.9207114657006,379.61395487378013,0.97917783,712.5250346803641,482.4790168758474,0.8858379,514.1677145745517,494.81237359276383,0.93136394,670.8806832824848,503.9395007944525,0.9660654,568.9673172821039,505.91138556427535,0.96891725,661.3048328288986,654.912910219555,0.23064932,573.7901055826924,659.0590933733138,0.25801486,629.3113,671.26135,0.013938159,588.9386,681.2842,0.01563105
717.0,606.2063719988729,167.8119446354854,0.9922265,626.0647155867455,151.23958795573967,0.9649019,604.3775615461138,155.25567391454572,0.98151296,643.8304950012549,172.20647755922232,0.7058012,583.0353595234162,169.81270859261548,0.9017153,678.4431415400593,272.4063345883824,0.9955313,547.6945091193783,267.48583555614965,0.9971882,708.6785864383365,382.0132801424828,0.9591892,524.2370945099506,386.6165167341424,0.9788948,708.9327854619833,486.4695174681262,0.8856256,516.2159978468457,492.3253366318344,0.9305199,661.5349280664461,503.4476682299305,0.96606123,566.757295478205,506.2616015359086,0.96874493,662.0264000134105,650.5544491938135,0.23177099,564.7864792831996,658.4034412999106,0.25811484,629.5566,670.899,0.014060408,588.80585,681.2071,0.015700579
718.0,610.9168785675816,173.41143017599526,0.99224424,622.4057317841902,157.3423318544361,0.9650575,602.3598630492398,152.83495851118198,0.98151493,648.0093873082262,175.2764307565174,0.70660913,583.0479998881559,166.9152279027121,0.9013852,681.294618520255,263.1030714282466,0.9955195,543.1720347707461,268.28380251788315,0.99717665,701.3570024136104,385.84430560068256,0.9591874,515.7855828142298,384.0435832029516,0.9788339,708.2527747246246,488.3765176843792,0.88569605,519.5425228969056,493.8954667921952,0.93040884,657.9921730289371,504.9979808922609,0.9659121,572.6942891543041,509.6294221249658,0.96857953,663.1909199810899,649.6462080535312,0.23001286,566.8315799934818,658.716935967661,0.25609565,630.2423,670.74493,0.013911754,588.998,680.9227,0.015532821
719.0,614.1127850137407,161.72854532712336,0.99223435,624.949596612025,158.57209281061665,0.9649664,596.7931394532471,158.81625306425167,0.9814925,646.1014368950947,172.6737802197285,0.70672655,580.0006355604909,170.2252135163202,0.9011495,678.956452909432,267.0602998890899,0.99549735,543.6617288913383,272.45634050075483,0.99719733,702.3542062927718,384.2904953921788,0.95907485,524.0602580835439,385.8541160125046,0.9790945,715.1941792009551,477.2298136576251,0.88605237,514.7282503115688,487.64649556901577,0.93135476,661.3648429557057,505.0368928603595,0.9657054,576.7119360982185,507.9893109227203,0.9685688,663.7813224228858,646.4211650568957,0.22751853,571.5033497774756,658.1297070691091,0.2546053,630.2532,669.92676,0.013697416,589.1378,680.3313,0.015362173
720.0,612.5858548679136,166.8873493180683,0.99224955,624.4774605247666,158.6359204917161,0.9652066,598.9381542831148,154.11908704928643,0.9815006,647.0090796425357,175.00868879526797,0.7073275,578.9422456349985,170.91505858288318,0.9008256,679.1214108369192,272.6000194789336,0.99551535,547.9912320600959,269.6416223531489,0.99717814,703.6792816364525,381.40711519271986,0.95952845,519.7873106024044,386.80946577457524,0.9789506,705.7092583611818,486.2468094479201,0.88744545,518.2582679507539,491.9097127358328,0.93133414,662.4023171697614,497.41618192277724,0.96654713,570.535357264722,505.71981638340174,0.96914446,660.842337805968,651.8354611277067,0.23867261,569.2756633259509,655.974272807941,0.26485702,631.0928,669.3533,0.014724523,587.0934,679.1095,0.016411036
721.0,612.9990436913877,168.26055874544966,0.9922662,626.227074773346,156.06916632398426,0.9652504,597.5519245780057,154.6463567351446,0.98157084,642.8236222365136,170.79480456323938,0.7067838,576.2266175691794,166.2801364767578,0.90138906,680.1932967537039,267.9291951156288,0.9955492,541.3281048651079,269.6171515810473,0.99717104,708.6988056310855,383.0917648892032,0.9596167,519.2913446651197,390.4704276412911,0.978763,702.2225278606908,484.8624113186916,0.88729084,522.283624334145,490.61801969068495,0.93075156,658.656482582267,503.04934328562433,0.9667623,569.8932414950513,508.22352750215776,0.96920633,661.8608297231057,648.8444986213012,0.24142677,563.0690958280145,653.1765989652889,0.26693928,630.29865,670.98334,0.014957219,587.3504,680.5154,0.016613513
722.0,613.4880362511398,164.39238854610102,0.99225664,627.2897584221118,152.2043902809238,0.96532,596.1844068089963,159.82871529505053,0.9815068,651.169028048767,174.5373359018082,0.7076223,574.7254351958535,171.29044311645276,0.9007821,675.9950151083121,271.12710987898083,0.99550766,542.8599444993745,266.9747042958249,0.99714065,702.8127261643349,383.7447067898669,0.9592792,517.3027579958065,385.1929004986877,0.97852075,711.5685715204656,482.8636742086339,0.8862932,515.322444495337,494.8928336951568,0.9299408,663.1664443651163,505.2995119061022,0.96591675,567.581823111854,502.02355935926687,0.9684061,661.7964602934761,647.8382319823941,0.23438498,570.2920197834341,655.204311052779,0.2593031,629.95825,669.72424,0.014395833,587.12665,679.7742,0.015981644
723.0,611.4918838662375,166.8435494792719,0.99225706,624.6048900562519,151.80599378461937,0.9648983,596.6150512792063,156.7382910719039,0.9816417,649.9010880729742,175.59510980058735,0.70379263,580.2193751641294,169.9123568860715,0.9025615,679.9968217635013,269.42762792694185,0.99552554,543.5469074167199,270.90481932632315,0.99719536,699.2470191234141,383.8201385656487,0.959417,525.7186883046181,383.3015629691524,0.9790573,707.7476115321324,487.14315460310183,0.8866942,523.141941943599,495.651398872432,0.93135047,657.0550800861763,504.22007057624995,0.96628165,568.2912695068082,505.0782233238459,0.9689591,655.4916299590978,650.988580288154,0.23578888,571.1607279349261,657.3408093570447,0.2621181,629.9307,669.8854,0.014450908,586.92633,679.7435,0.016107649
724.0,611.8048080707134,163.99003344689393,0.99224627,626.0414429538467,160.73249241564974,0.96485853,598.1942325574233,154.2821409730892,0.98161894,645.7654767092965,175.63854219771298,0.7040341,572.0603868077534,166.44313047868587,0.9022516,680.1557364697755,268.0988037540154,0.99550444,543.5243129225449,265.2465137524679,0.9971995,700.3461075327991,389.6096188985755,0.9592651,515.5710619295052,380.2194125042903,0.9791336,702.8914304393921,482.24783033595315,0.88669264,519.5755661740461,493.44932272874746,0.93162835,660.619593528791,506.86475591963426,0.96605825,567.0755658084622,503.39333092565727,0.96883726,657.9469381343151,650.7260511321942,0.23317102,567.3436838431794,660.034699252182,0.2599671,630.13806,669.6029,0.014227539,587.4727,679.3178,0.015902907
725.0,615.6714684290064,169.1957483850915,0.9922465,629.1827458896103,152.53590399298645,0.96479636,592.8570334670953,157.8759697457666,0.9816133,644.2450754566233,173.54673165713334,0.7039219,578.2084718826002,168.75982516022248,0.9025314,682.7534606450478,267.2175050166534,0.9955304,539.4770513132717,268.10741152241684,0.99721533,701.6609620911025,388.5150252808991,0.95933086,517.1263951668202,381.65863919488663,0.9791604,705.5637191354937,485.63390460247115,0.8865154,515.7520149819754,492.61070806875927,0.93149495,659.6119727826876,499.1694465340244,0.9661567,574.1883511024536,502.8887788055124,0.96892,658.9536151561002,646.6977334476824,0.23350143,565.6437603854163,654.9871952258185,0.2602867,629.48004,669.5731,0.014249265,587.70483,679.50635,0.01592195
726.0,612.4615526669136,169.24627658947344,0.99226135,619.0470290419278,162.03214700689117,0.9651133,599.8286302890083,148.4926602511878,0.9815079,645.4081492149178,168.89715910056466,0.7072343,578.3696597214193,174.10624700001296,0.9014766,680.7083388804341,273.1613188839156,0.99556446,543.399918641904,268.3103927598043,0.9972081,705.418063005042,387.45056462859344,0.95951205,526.1235339389726,386.00554193445595,0.97893345,707.6826238827288,482.4479922590585,0.88663316,521.9181283000836,491.3777314777316,0.93077624,660.5849832136099,498.9237512526734,0.9664553,573.8787042168968,500.85916127537325,0.969046,663.0777254711338,656.5516299234581,0.23651358,564.5277732108918,661.5352378175317,0.2625469,629.035,669.6835,0.014501989,587.88324,679.9363,0.016152978
727.0,612.8585559984971,165.666475423124,0.992273,631.9363236755958,156.9184264556181,0.9654808,596.0990520861803,154.83757343938015,0.98144066,649.4011844847918,170.1727104706587,0.7099217,582.4852174013741,173.09551792240788,0.90022874,680.5534395745028,273.9492476268023,0.99554944,542.8038727741297,270.90442368372743,0.9971601,706.2861927598783,388.03564293032383,0.95939136,524.9787809270517,385.4898455598309,0.9784541,713.8989783759213,488.1142188506074,0.88624877,521.0914812238367,494.4341628916688,0.9295006,663.5811562134232,502.65318670494185,0.96618223,569.0277518982565,504.3691931620337,0.9685936,656.8772117214617,658.15614597083,0.23550692,567.8008482242847,659.816776137234,0.26020712,629.13513,670.02527,0.0144566,587.8271,680.30774,0.016037375
728.0,613.9897387935724,165.27182485870978,0.99226034,630.8903575376328,149.92453330749615,0.96565837,601.0005207907093,154.58583405878483,0.98127794,646.1302820541918,170.87594053254807,0.7136315,573.3120797662456,171.67275671774635,0.8989781,685.0719570751545,262.223723885463,0.9955857,548.4888722065857,266.29830394794845,0.9971787,702.5132201809072,386.00666365865703,0.9595655,524.3579569687579,387.3219822807982,0.9784372,711.1837031170023,485.65826886763415,0.8861884,518.0032171830784,495.1901605140904,0.9290956,661.5055091648853,501.11436014248267,0.9665748,565.4014823656611,499.60716987697845,0.96893024,659.611284739553,649.5169931099107,0.23798671,567.5118876009749,657.8928088166239,0.2625904,627.9889,670.12354,0.01464957,587.531,680.80286,0.016243517
729.0,606.3581105149211,161.79356439624073,0.99228096,626.977794310984,151.74318377215408,0.96561205,600.8026956884399,155.12811856940763,0.9814296,649.8668664548751,170.48080322696757,0.7116195,584.1914563951478,171.83470825831193,0.8999282,679.1627154075095,268.90346205495126,0.9955783,542.829432959701,268.933832771573,0.9971777,707.2213638996202,381.1777187827484,0.95959157,519.8770212361445,386.35508020568426,0.9785327,708.2001154789481,487.42587904734546,0.88641894,518.5939671186121,496.0800492916082,0.92949295,660.5341476239424,500.28194298918754,0.96664333,568.6501145496087,504.16858675492085,0.9690132,660.0745212197248,654.3331654450208,0.2378588,561.3845836925333,660.1304047534431,0.2626617,628.82,670.5113,0.014624655,587.05835,681.1128,0.016223758
730.0,616.1516738728212,162.41185336921723,0.9922284,630.7724479756481,155.72632932731554,0.96410465,596.1894915995902,154.5006519751059,0.9817643,648.3122300684441,165.3739353048571,0.69827294,576.3486626612904,174.60385548408283,0.9047106,682.7917017217399,270.29961610388705,0.99547184,543.567653838675,269.17410101471324,0.99726725,705.2218089866977,386.7004289204613,0.9585552,521.178886873353,386.75300079482025,0.97960365,709.1924853838045,483.85182436826005,0.8846273,517.969295894242,489.92012374274776,0.93211865,655.4227981541247,503.3373057682344,0.9642886,574.4296338337368,506.047705984367,0.9676595,659.9029986494216,650.1523215592256,0.21682382,570.2058152454262,656.7150284702909,0.24492198,627.38776,665.6061,0.012950063,587.5264,676.4808,0.014592558
731.0,613.7139335859664,170.8035360613207,0.99224126,627.3720432820925,152.25515865225196,0.9642093,602.8365912956335,153.96315611149905,0.9817779,646.8638260274857,170.03963519958592,0.69875187,575.4172144543742,171.80210733200397,0.9044913,685.8332732836362,269.33170261489784,0.99547654,549.0281263288227,269.16703982354005,0.99726415,702.8246947471802,383.2841995476818,0.9586619,516.4410548079344,386.0462079441012,0.97961366,710.1633980532847,484.6932090222133,0.8850279,520.5356093358623,495.50715132820824,0.9322703,662.4785725693378,502.1215750526397,0.96456224,565.1734279321095,504.47189365989476,0.9678751,662.7732576016003,650.9664997667402,0.21868268,567.279334265054,653.2049615140508,0.24682626,627.8259,666.16504,0.013081431,587.4011,676.7853,0.014736593
732.0,610.6415993206905,169.3187375503596,0.99226594,630.8883398861236,152.53633524895034,0.96436423,599.6467928143117,152.93083129563504,0.9818419,649.6245196117583,172.0171276292461,0.6983561,578.0872932706764,175.597655007132,0.9043319,679.0444266571022,268.96096572757835,0.99543905,550.6364868494719,270.1985825621016,0.9972304,705.824824994082,383.67455225350994,0.95856667,521.0869445656382,383.55489877792246,0.9794886,702.2347881839352,485.82503069912644,0.88507587,521.5754689347463,498.04764793460174,0.9321557,661.1557899683659,507.32098454346493,0.96431124,568.8149602341447,513.2101176155137,0.96760035,663.9450219451841,651.7084453784073,0.21609953,566.6052245370618,657.6686346121911,0.24374199,628.3724,666.23816,0.012858361,586.64557,676.91907,0.014468282
733.0,612.7337824368012,171.32783225762014,0.9922761,630.5146766545282,150.89676714713318,0.96481586,601.6134676047407,155.16737302507488,0.98173565,648.1273027271633,172.85454524395826,0.7026793,577.3198786485912,171.23338225677526,0.9025849,683.1177858701262,272.17812386437197,0.99544907,541.7481656093123,269.07172607267853,0.9972066,705.3195075304551,383.9526651724878,0.9588093,519.2761443153107,385.51147647696604,0.9792949,708.8877932486981,485.88118932883833,0.8857409,517.8775567839978,496.55147494759046,0.93172586,658.3135645996368,498.75072917928736,0.964924,569.1315367375701,505.52802339942826,0.96800196,659.7368562855653,652.6528816331767,0.22159886,568.2916454220078,657.4017661628516,0.24876463,628.7106,667.8805,0.013274074,585.5824,678.72266,0.014893621
734.0,615.7755742396428,173.43180438572026,0.9922705,625.3634970279487,151.57877996091605,0.96453714,592.5024054334,153.35968600970799,0.98182154,640.83758657691,170.56790143838245,0.70007074,572.3092823536748,173.8754551594508,0.90363896,674.8606982435784,271.97172197565925,0.99545705,545.979209094564,269.9687772590393,0.9972311,709.53644669867,385.70092399392354,0.95876145,519.2781852948364,381.0465884751077,0.9795084,709.0459525866064,491.0509543364665,0.8858627,521.9592162986481,493.13647877210377,0.93229914,659.6321409914232,503.77087557795267,0.9649519,567.8667619236936,500.01558679334795,0.9681375,660.3264922152758,648.6802692142394,0.22357497,571.1465843946991,655.2737869720299,0.25145733,627.9475,668.40845,0.0134317875,585.85785,679.051,0.015090346
735.0,615.1103478213187,162.0599735990567,0.9923413,624.9553722513532,149.4816303623299,0.96479875,599.3416299683502,146.2796408708075,0.9820056,647.8549425369285,167.25218720702267,0.6990909,578.4718606295312,174.7126758012801,0.90438807,681.197766373602,269.542804244183,0.99551773,543.9676081546365,272.2891461376955,0.99723256,706.3002165079992,386.58264161886774,0.95933115,521.8011251834029,391.74084286615926,0.9794599,706.8137636717215,485.8363022380394,0.88709915,518.8294740964983,497.30044022834176,0.9324297,662.1490390133924,498.1894086406881,0.9662012,576.3579577634699,508.32982075755973,0.96906275,658.9581484805611,652.5495260755667,0.23249564,565.2005645576749,656.0004772894216,0.2598576,629.3787,670.94604,0.014090389,586.2058,681.42126,0.015758276
736.0,612.6959724833351,167.62254544372618,0.9923401,630.6586347697365,152.89082505277128,0.9647691,599.2685666549218,154.19085972882397,0.9820084,644.7277903819463,171.41107646625275,0.69910777,581.1217338202797,176.5610406646536,0.90452325,680.0625561944413,275.9918517259398,0.9955321,539.4099883936029,271.37155703248493,0.99724257,704.1688590142063,383.634729901555,0.9594283,518.8435015563737,384.907737478451,0.9795433,712.3455700916086,485.8329232681906,0.8871587,521.5304348055172,496.6966696455028,0.93252695,658.9616353603573,498.9775227477267,0.9664446,563.434222084007,506.96399672974906,0.9692948,657.6650239622829,647.6804259810563,0.23442039,568.9620104806879,649.6726149845812,0.26200652,629.4546,671.8081,0.014223248,586.1515,681.8722,0.015912056
737.0,617.8171176447107,164.486682889936,0.992319,631.8423549148278,155.07224240228734,0.9645722,598.6749479811564,154.14049625646348,0.9820161,644.4214223798549,167.53594660997024,0.69795465,576.8293902590375,172.67826834684382,0.90499794,682.0760839862671,271.41008572579915,0.99551815,545.5039507322307,267.2199588162285,0.99725246,704.5797322237077,387.92888819248935,0.95926857,521.6553943693133,384.2595761699386,0.97964823,712.7014060421541,488.54609224299946,0.88672453,520.5285178186382,492.4241822377924,0.93272805,663.0285145787738,503.67624085509436,0.9661519,568.068589983386,502.90860428250886,0.9691291,659.2652783220888,650.3285848900708,0.23163494,570.1001428508298,660.6127528317973,0.2596705,629.3127,671.1929,0.014003426,586.3914,681.5166,0.015700758
738.0,617.5316273104044,168.13834207002503,0.99232507,626.9466361909426,150.3001319643023,0.9645033,599.9340047878433,152.92824113119661,0.9820479,645.1191824204867,172.37197681248114,0.6976142,575.0198821861385,172.2228935468057,0.9054273,677.8977444946935,262.9849620410574,0.9955483,547.6058192075022,266.4181440458238,0.99728054,705.6776577422607,385.873943067138,0.95942104,517.7451205594973,379.28159574589955,0.9798313,703.7784535257308,491.5788249388275,0.8868344,519.1737750381672,497.22364682032895,0.9330438,664.0223346279627,504.75510425594473,0.966493,568.79850099982,504.7464255622873,0.9694934,664.1411037930282,646.887633367951,0.23392767,569.1490879568169,658.5173062471852,0.26240742,628.7189,671.5865,0.014178157,585.98926,682.034,0.015907913
739.0,623.1558056632753,167.98323202031193,0.9923283,622.9991007184277,154.22323268512662,0.96437347,600.3203048217807,156.98445226317995,0.9821073,648.6293648317211,165.67303896234182,0.6957462,573.6322573309344,172.86379848627297,0.90591234,679.1890647655376,271.4806364467897,0.9955294,545.6032275174985,269.5653505771317,0.9972817,705.3746135565366,387.4612464583553,0.95930135,525.4960574039652,387.8216346942948,0.9799199,706.9389711474097,488.3825407456226,0.8866224,524.0317795555039,497.0453468691651,0.9332869,655.8286915749004,500.765155827266,0.96622276,567.3734072339895,505.2400201280141,0.9693194,656.2146243022349,651.3221626264144,0.23086381,571.6613558942092,659.9811392155207,0.25961602,628.8888,671.41077,0.0139192045,586.37366,681.76086,0.015643597
740.0,609.5213885438671,165.81567054325356,0.9923355,631.4229044284912,153.83188141035455,0.9643225,599.1264947283335,154.38417525291385,0.98218215,652.6807505329652,171.9364670844469,0.6936528,578.2649098125313,171.09191298711295,0.9061107,683.3339087542851,272.7145929833068,0.99547076,543.4077479142823,266.75786147778484,0.99725616,701.5526493144603,391.5648969972859,0.9589785,520.1693515701256,383.6750912792982,0.9798453,711.9537542085435,486.7751147699795,0.8862357,522.2180695669389,497.07379164055953,0.9332794,662.5638410902008,506.3642192352696,0.96545166,573.3689294011191,507.2417690127717,0.9686606,659.4406734957482,651.337456349937,0.22427729,567.6282806836109,656.2114521908542,0.25283086,629.73145,670.8019,0.013402879,586.83923,680.8786,0.015082628
741.0,612.1593987858867,167.13817245872943,0.99229056,630.8966260937661,149.0006025843273,0.96418905,598.9669325143582,152.97100004396435,0.9820814,648.0767256354659,168.19274794515707,0.69453806,580.5102792609422,178.13586538413085,0.9060284,687.4107499160975,267.51150252858923,0.9954872,543.0332830856826,274.3221307694881,0.9972596,702.8510825650908,384.67276249697284,0.9589158,525.4711187932141,381.3523812928442,0.97974676,708.4623534175116,483.41489968610534,0.8857712,515.8058978313757,493.96355712150716,0.93278515,658.5743006223028,503.2070109688837,0.96544933,565.1995102461434,505.6595598650155,0.96863043,664.6480353035861,650.2676215354669,0.22573113,573.4146492689479,659.5736708766082,0.25413623,628.4192,670.7025,0.013567954,586.97235,680.6835,0.015252858
742.0,613.7209711352531,169.55618316279248,0.9923005,624.7388565005999,156.26807470483334,0.96436834,604.787882030341,157.65200962209917,0.9820366,649.9366824849078,170.24243705189187,0.69619024,575.059006441575,171.61558477872128,0.9055128,680.9061237391458,265.689951721916,0.99551463,545.2248609214662,270.67609807727547,0.99725676,702.2483633281713,384.6013583032286,0.9590527,518.0759540076208,383.6964943403971,0.979599,702.9414358867762,486.9032003034121,0.8859876,516.5260995407685,496.4353488551807,0.93237567,658.781114073732,505.95643416941465,0.9657508,567.0699055280584,502.87188241837544,0.96879566,659.0669051758944,649.2776486819172,0.22901946,567.4522374376281,658.2869127698984,0.25695395,628.12634,670.54266,0.013865083,587.05524,680.5733,0.015547991
743.0,613.3038580470999,167.6625609572503,0.99229914,631.9822695785439,152.69996527909805,0.9642104,600.9600043965299,150.31918893436406,0.9821131,647.7028230046622,171.8809781493151,0.6937589,577.1532531394835,176.1792464046158,0.90622,680.4142058046369,269.74860432438004,0.9954876,549.9233237449157,274.2012212297331,0.997249,703.8358785474571,390.0913639759666,0.95889014,520.5414763700078,387.88681139839497,0.979619,710.0971221709482,481.1323989145135,0.88565636,522.5214026217336,501.12990341501825,0.9324726,665.8886449882892,503.68484498128885,0.96537256,567.5424331549132,503.06501127306245,0.9684953,657.2183444129699,655.7267967028829,0.2257548,570.6510685387352,657.959781233541,0.25366974,628.5793,670.7647,0.013588756,586.87646,680.44507,0.015248328
744.0,614.3807737150498,169.35578211497796,0.99233794,627.1555927470882,152.8558855460805,0.96476483,600.6685132935846,148.92236243871656,0.98210347,645.9753895189467,172.10033007439233,0.6961175,576.4901828808524,172.18140371154772,0.9051715,680.2315057441692,269.3793031000078,0.9954931,547.360036007261,270.2283480586559,0.9971769,705.7598571502663,387.3768680815417,0.9590031,519.7464756938427,385.1269479522427,0.9789196,710.0303680804951,490.816552271871,0.8855916,516.8798581877613,500.56723520532,0.9306445,663.4930305149794,505.8977222843078,0.9654914,573.3787891393093,507.4181966254048,0.9682011,660.7740685456508,652.7484734483613,0.228547,565.3734057608164,658.9552665560777,0.25407153,628.6408,671.2175,0.013875902,586.4829,680.7356,0.015426129
745.0,619.8293457453814,168.12375561720387,0.99232686,627.955367191067,148.72887704224738,0.96511066,599.1506489679036,155.40605231380542,0.98193693,646.1578600600742,163.30519510408098,0.70038885,580.4596576769472,171.2437072376395,0.90357995,691.0297539290032,268.4833388928174,0.9955143,548.003929519715,263.2796107970079,0.9971497,705.7451330613761,389.07533623007293,0.9591029,520.897575171423,387.30988806833307,0.9785392,708.5057936974737,489.2955955640206,0.885695,520.9970426928859,497.83318076444,0.92974263,657.6325525521765,505.2518137673409,0.96580666,574.4065406098416,501.7519499885884,0.9682892,656.1873358450566,653.8146871985192,0.23291963,568.3500699744162,660.666802325812,0.25758028,628.3752,671.92456,0.014280051,587.13184,681.44244,0.01581645
746.0,614.247420833675,170.85917598057523,0.9922845,624.7051663655328,157.6867919869046,0.96495175,601.1020264785141,161.25944568362164,0.98189276,642.0008871163722,171.83642244774526,0.7001933,576.9053119071352,174.52602011433706,0.9033027,681.9878294683059,269.2687825855544,0.99548423,541.7741674159241,267.329395645243,0.9971459,706.5829506196982,387.53733483895843,0.95888066,523.2244607172069,386.5970799531019,0.9785996,712.447386328475,488.26194106481614,0.88588774,523.8902412391529,492.4409531757642,0.93024683,658.6243326113889,507.3578173516784,0.965605,567.4037832911744,507.0736406414505,0.9681963,664.3133537462526,656.1256088354114,0.23280117,567.3624222375407,662.2815298402008,0.25816557,628.3406,671.6832,0.014304012,587.5469,681.0956,0.015886098
747.0,617.1769075144771,165.10054089529004,0.9923502,631.3454200004062,153.4127671605394,0.96439135,606.6382745903975,155.06994203218696,0.9823952,650.2278196260326,162.52937988383792,0.69048756,569.9881801687859,173.15093633432568,0.9077296,682.6354535782834,272.62754201371786,0.9955502,547.7266198017304,266.15855316670286,0.99720025,707.5146314986139,383.42669312848034,0.9592158,518.7662068006513,385.9354072573794,0.9790634,710.0463724528249,483.02138235575944,0.8867643,522.9704155342871,494.5422858063155,0.9317617,658.5650548215866,502.8372315112237,0.9666457,564.0981299364919,503.2244074096197,0.9692106,660.3436748827553,654.2046131107164,0.24193928,568.533294599064,657.1439122875144,0.26824626,628.0948,674.246,0.014992982,587.2686,683.4179,0.016626298
748.0,614.8393931000026,166.522553260417,0.9923733,631.8998530482642,156.92774616648254,0.96478766,597.6945052438228,157.65379101069794,0.98230094,649.6312886573525,169.5195422726084,0.6937954,582.890135833063,165.2698756442623,0.90671843,680.431297105231,271.0622598731217,0.99558127,535.7393702443079,268.829979532551,0.9971776,707.1078065740276,387.6587186852125,0.9595053,522.5522572399456,386.47666757812846,0.97873706,708.583491192557,486.2894558706079,0.8866564,522.4584521498532,498.2306821142532,0.9305821,661.878917922486,506.99058337500725,0.96705484,575.1128628300138,500.8476754539737,0.96935666,660.7150049230597,656.6903806165025,0.24461061,570.0191988779903,657.4329773647721,0.2695298,628.6226,674.28955,0.015220106,587.44385,683.7115,0.016793013
749.0,619.1030697375434,164.0889945399914,0.992418,633.1646079604494,158.89585396061727,0.9641181,605.2409339282067,152.64459326077872,0.98273444,647.1702099537279,169.9918618209776,0.68277323,576.5925453083519,163.59484941207924,0.9108733,684.3098705003597,269.57066991508526,0.9955716,546.6835289095062,263.3501410881413,0.9971994,700.8617156087204,386.029463098361,0.9593644,518.9595258685641,382.01471349839915,0.97904766,712.5615684069793,484.27585303554247,0.8860349,520.0571060331066,499.4961735215813,0.93139637,657.986296378734,504.5801995982029,0.96667194,567.478159927822,504.511068639583,0.96912766,656.9631762630341,654.6849576068184,0.23940304,568.1578594964636,649.8197093874879,0.2646597,628.8882,674.45483,0.014738083,587.47125,683.0896,0.016267806
750.0,622.826480507571,171.3107802270748,0.9924016,626.0004923514729,154.26559619634182,0.96137464,598.2763944163988,155.49003493244717,0.98367226,650.4421247666812,175.9146325867876,0.6524763,572.3383240877063,165.90590648960386,0.92096937,677.8965148731319,268.74160588907097,0.99551755,540.308875569311,268.37699149024894,0.99736345,704.0495555526311,384.75251323577186,0.9587421,518.8287484906697,383.4386466702452,0.98089767,710.7916202079888,483.5844218048125,0.8864945,523.3169027333814,495.35152713419376,0.937101,662.2647032425524,502.3939933883255,0.9661418,577.5410137194772,505.65420273256234,0.9696411,665.6645900151198,646.8766167679757,0.23199621,568.960139697376,658.4638425082784,0.26291406,628.7988,673.9584,0.01397714,588.3292,681.5326,0.015698612
751.0,619.7208402787838,170.63180781206762,0.99237144,628.386734687334,154.82630054467583,0.9609722,605.4370331671141,153.8715405880112,0.98375607,638.0270535698332,169.48137311028992,0.6492578,580.744961628084,171.27902844385355,0.9217685,686.9668863574399,265.8640894542937,0.9954792,543.8961281408513,270.5788485020417,0.9973756,708.0808207990963,381.5559016110146,0.95842355,518.5848335896692,383.1440117782493,0.98111355,708.6433106477531,485.45705427011364,0.8864198,520.6385571042131,498.6918065115577,0.937938,663.8580600546924,508.6070904319931,0.9657278,568.9409673476671,510.19648661064053,0.9694601,661.5132643242486,656.3755330326735,0.22901675,567.4868121549524,656.5404165910102,0.2610087,628.65546,673.84143,0.013750613,588.3241,681.41345,0.015511721
752.0,614.4139664903345,171.857650571005,0.99239165,635.0668596442358,154.30117010785693,0.96142083,603.6204729573975,157.09673241345692,0.983676,652.5163162303502,175.96544238387915,0.65265876,575.3798127030273,170.60046914916174,0.9206954,678.5682796005829,270.8830507168988,0.99547505,544.7271498221668,274.0188209384815,0.9973459,708.1279391679385,382.8120574284927,0.9585011,525.266592186939,384.7641007175772,0.9808363,710.3468990672844,487.1224954543829,0.8862655,520.8357306801205,499.66281126703245,0.9370686,661.8661275609458,500.73571875444514,0.96568805,571.6269494360962,508.1143336881818,0.9692684,660.7225561415821,655.4784352763552,0.22856453,565.3360989457584,660.8463075812721,0.25946796,629.4392,673.89075,0.013721794,588.46643,681.22723,0.015433133
753.0,618.6993430998574,165.9987777153904,0.99232227,629.5272180204396,159.92153608394167,0.9612088,605.1007366209705,154.60264801148801,0.98358095,644.9126036614449,175.1389513364165,0.652947,580.327416108217,169.16199059113097,0.9201319,680.9480009193909,272.42231755944925,0.9954167,539.5376936587694,268.4481085056537,0.9973208,705.1954320060147,384.82730164647523,0.9579835,526.8809697176044,392.35883474814983,0.98072815,707.9254650090008,487.629242122358,0.88578093,526.4229717925091,493.5275156609613,0.93701947,661.4703814203684,504.19090472776134,0.964988,567.0917747593654,506.34097605310205,0.96872646,660.6035213448716,651.0710694658251,0.22557732,567.1348320602696,654.7193487652237,0.25686395,628.8081,673.76587,0.0135398805,588.7026,680.8149,0.015268445
754.0,619.061360230899,173.27501579579854,0.9923326,628.4614883844564,159.08501024145906,0.9613034,598.6712625439274,153.96297443234323,0.98358333,647.7449488178239,174.35100015178494,0.65319616,583.1020808283364,162.10468676420157,0.91981506,682.0715664664112,270.9749328619255,0.9953935,546.3592147128888,264.12492103347006,0.99730945,703.5052748819201,382.5090181760384,0.957873,519.4682568635332,388.00990687641126,0.9806768,710.5549343868095,487.80668771159776,0.88584715,518.7757812339904,497.09740209839737,0.93701553,665.4820255143624,504.0103681497957,0.9646876,568.1680301719979,503.32130050685674,0.9684639,657.0346789387792,653.2029600765568,0.22321916,568.3442810229219,656.9100342592559,0.2542972,628.8654,673.2481,0.013365388,588.8067,679.95795,0.015075445
755.0,616.4490717748797,162.80980011459707,0.99238014,629.7975083961917,161.42098618964417,0.96154535,598.3210559868209,155.1740729495815,0.9836843,646.72494444551,171.59725184632757,0.65302074,583.0431445412399,169.10677994872862,0.91996855,679.9314308820157,272.4056797801183,0.9954114,540.7926365615733,270.78935084670064,0.9973017,702.6944228539279,389.8693427435582,0.9581202,521.0951327620257,385.65731484388107,0.98061764,705.7850359082636,488.06150896725387,0.88628757,521.8486486666121,494.60072924552617,0.9369204,655.2251388538165,508.19951082020293,0.96512985,571.498975812517,504.1740434609775,0.9687394,661.9466795780515,654.4973583925103,0.22582835,568.1824002629091,662.1548766598232,0.2564909,629.78467,673.78674,0.013564855,588.42303,680.4991,0.015262455
756.0,614.3427575505232,165.8265568387504,0.99236256,628.874865415297,157.33068349850788,0.9610208,605.7215549814248,154.03598844577445,0.9837806,645.4481138604959,172.39063500417654,0.64876676,581.735348032282,167.8311612097898,0.9212265,681.9976384014531,267.9982921381116,0.9953953,543.6683859541756,266.995698719342,0.9973401,706.9467405934366,383.29347423903664,0.9580065,518.5831800561053,386.0069489006143,0.9810816,708.7776625829828,485.0455765071054,0.88641334,518.3382855303626,493.9055762583135,0.93829405,663.6964601017731,507.73197199177224,0.96501863,572.366100209451,507.4689711626049,0.96891415,667.0243358656853,653.3060504846579,0.22416961,570.3284602787966,656.5901771874829,0.25657585,630.1838,673.7095,0.013390183,589.24976,680.5768,0.015159279
757.0,623.435118180962,165.86344303331626,0.9923571,629.2202041926139,159.14540861056832,0.96067834,599.5945587559655,153.49329928542247,0.9838597,649.3811237968782,169.79150505146774,0.64539576,578.357658587814,167.97347875970075,0.9222393,685.4787679891094,271.90936175080907,0.995406,541.6368896183427,273.4521812298672,0.9973576,708.3499143329929,389.08508231852653,0.9578419,520.1544507383371,390.42163290610563,0.9811661,708.7057478351326,486.22034476626743,0.88573396,523.4598602823671,497.5502895494233,0.9383471,660.0919152892915,504.59551614785914,0.964756,569.3954340774042,508.9094607435752,0.9687542,655.7946645838329,655.356789977601,0.22202587,572.4578818269302,660.2952139421357,0.25464785,628.564,674.36914,0.013198286,589.63763,680.8945,0.014953285
758.0,615.9904180102169,163.35246797469557,0.99231136,630.8591233275581,156.34941864511853,0.9605778,606.961827382622,158.50700133865672,0.983783,656.0536193399183,179.06507190581743,0.64598334,579.0157179904944,172.91125253610764,0.9219458,681.7715413914617,274.27513247815637,0.9953797,546.0281734256743,268.6388344792728,0.99733853,701.3450123647602,391.7976061683201,0.9575731,520.324476056968,390.4389559878593,0.98100924,707.1216461393776,485.7106611026562,0.88516045,520.5129631655866,496.1072447348498,0.9379757,661.3991563087258,503.9553363377794,0.9643911,571.3590864271733,504.61996968533043,0.9684211,661.7359500135444,654.1200267964485,0.22085881,567.1825733500432,658.7275445195651,0.2533446,628.41797,674.6841,0.013127148,589.7567,681.2417,0.014873147
759.0,619.216524498984,173.56771469374965,0.99231195,631.5545026945454,163.53066468925536,0.9602017,604.8475834904042,155.1328563295545,0.9838867,647.3387964624898,171.4486710531115,0.6424069,577.9773140294011,168.04497953041195,0.9231471,681.9097950155981,272.2149811444852,0.9953958,540.7859022217066,266.21973298415656,0.9973766,704.2498875628751,386.4549790080577,0.95760036,524.1938389300803,384.17151664212713,0.98132074,705.0286819208989,486.49269505806177,0.8850182,519.0782450699764,492.2566286548454,0.9388155,665.7242030252811,498.0275530510072,0.9644439,572.4267883853591,501.64855152458273,0.9686284,658.9883750942549,654.4719844800156,0.21955279,572.2556503814764,655.8799320502602,0.2530139,628.126,675.0513,0.012990624,590.433,681.7068,0.01477018
760.0,620.4152203721936,170.41772855520102,0.99233115,631.3636470413653,150.80730106507784,0.9608656,605.7179821642502,158.03848103116863,0.98377454,651.6559563309316,175.20690594902783,0.64695764,577.636313956628,167.08587102906554,0.92131644,679.3787414391122,272.2247030938186,0.9953475,546.4111863023686,267.4250189471995,0.9973037,706.2708338044362,382.78832730174634,0.95761514,527.2497886953555,387.97073194448916,0.9808258,710.2722773096593,484.1702108662043,0.88576186,521.4829629648825,492.71583449633806,0.937968,656.8642789973734,504.9433351252755,0.9643286,567.5180478901265,509.895760715146,0.9682542,663.526646951323,650.8137723552688,0.22058457,571.6364991067512,652.9817055180971,0.2524851,630.0031,674.2638,0.013124794,590.08966,680.90186,0.014846265
761.0,615.2239416328654,166.37867487493025,0.99235594,632.2981618937343,153.9219655844596,0.96081364,601.01353462386,159.68022632029871,0.9838698,649.5810500683746,176.2510294226015,0.6443616,584.9271657842914,169.02026973522453,0.9216254,685.6086742761877,267.64360235188013,0.9952981,541.6294803644748,266.93272573533943,0.9972933,709.468635710912,385.4033013342034,0.9574142,516.8159659116618,388.15780211512356,0.9808792,709.5270744809654,489.18251616817975,0.8860675,524.8770327005016,489.9951225727511,0.9384581,656.9725758792688,506.532415900652,0.9637688,570.1495698479484,502.1314159940757,0.96782875,659.6914115399501,652.8015612695378,0.21582937,569.9111115679502,657.3645941432743,0.24784541,631.3768,673.5741,0.01273784,591.0487,679.92206,0.014441282
762.0,619.9528346216377,167.98450111805866,0.9923776,632.0450220342876,161.83004465110022,0.96119887,605.3785096249171,153.63856737377677,0.9838304,652.1974017749799,171.58357959328663,0.6466372,584.7110902118914,167.38818672657763,0.9209037,684.3332856051431,274.99688230642147,0.99529576,545.6448847701611,274.52010982759634,0.99725425,711.5914128035193,385.20513069296084,0.9575622,521.573772903363,386.3779808518247,0.98056734,708.70404137888,482.59480606815276,0.886241,526.1570906467556,491.39667971027563,0.93763506,662.7665726563655,504.7986763693412,0.9638319,569.4957387469761,507.4797498682809,0.96767026,660.071596115321,650.618088672685,0.21668252,569.4195808483772,659.7637269838535,0.24732241,631.42834,673.5659,0.012840092,589.9053,679.37744,0.014483899
763.0,619.4918801072616,172.0230131572749,0.9924102,638.3351416970057,157.10404661547943,0.9611249,609.7883251632493,154.27114333401963,0.9839616,642.5672069067375,173.8912169640692,0.643774,576.2186722059987,170.722104376528,0.9218365,681.8281622305578,267.59744446100854,0.9953118,550.3672499623509,271.2507727822413,0.99725693,703.7949087064171,385.25355214210623,0.95763856,525.0607712665218,381.8847704975581,0.980564,709.1394459930834,483.5004876940266,0.88639235,517.6562676675532,492.7455096190563,0.93764985,666.526856678504,507.4605068375129,0.96399045,570.250752083752,502.72958831783967,0.96776295,662.7596955310362,657.1577623657378,0.21883252,562.5784303848435,654.6965878426436,0.24923062,631.2127,674.60034,0.012994796,589.73944,680.0072,0.014623076
764.0,622.4759767227245,171.59949789486237,0.9924114,632.8578162606605,158.28333544962032,0.96105146,608.3650039645369,158.2456973113654,0.98399067,652.912545615133,172.24352847467068,0.64177346,585.3896036674294,168.1762224062566,0.92246103,677.3377143633904,268.30010402821836,0.995305,548.3283790870498,268.9681137168947,0.9972387,706.0760932637097,388.3449681038017,0.95748013,523.9007538193243,381.99617529113164,0.98030925,708.4718694510495,485.6694587747091,0.8855274,523.1275328723827,490.5720160742744,0.9367753,663.6651027269406,506.7663718192284,0.96358764,574.1137220487499,512.2505069485098,0.967293,654.6477779967671,654.559105745317,0.216409,578.6990969088998,659.2126863649461,0.24577758,631.2307,673.6708,0.012841642,590.7271,678.9652,0.0144023895
765.0,622.411354511278,170.1938542946127,0.9924028,628.6478004290364,153.7450313965631,0.96105933,605.8373185704141,153.0679224779013,0.9839386,647.3844101304129,174.56064584879218,0.6426099,581.5208030429155,172.0184972226215,0.92206085,683.7138415485525,275.04116221844635,0.99527687,544.6637019561034,267.63529591176075,0.99723977,703.6939171055164,380.22564150036425,0.95732284,524.1376925669957,382.6270560585579,0.98038787,708.3379083513325,487.95809047179443,0.8849787,523.1688043237012,491.3960561873988,0.9368067,661.6487475252364,505.1472583880033,0.963156,578.9222934141019,502.9324659625469,0.96701616,661.8214693589529,651.6138166186387,0.21179524,568.5476140767043,656.2972507484662,0.24134943,631.2728,673.1471,0.012457371,590.32635,678.58264,0.014007539
766.0,623.4971780523516,162.2184422415256,0.9923699,635.3622961939486,155.2104079587053,0.96062493,598.741306771377,153.79389651951993,0.9840094,649.0341430907965,175.5726519777409,0.63817716,581.2386614566414,171.9726597769348,0.9232358,684.5513438717669,272.11606761492936,0.9952451,541.6664274968736,273.5902391463616,0.9972217,709.2011806882899,388.3862137738343,0.9569242,523.0787137977039,380.9340837332609,0.9802708,711.1054023986086,488.152017427921,0.88356614,519.8864876195419,493.0131954936178,0.93627304,660.2894865482673,509.0390559020688,0.9623242,566.7232244883642,507.101898437704,0.9662932,659.8379973480136,652.9218280927892,0.20634794,569.9543342168929,655.3303463493256,0.23547417,630.6634,672.83887,0.012059063,590.5597,678.2396,0.013553381
767.0,615.6130139550629,167.93387670389185,0.99235785,636.7786540314353,156.48130137723467,0.9605292,602.8669893912488,157.15677133253342,0.98400056,648.6491548280304,168.13646126830866,0.6371347,581.7066454628576,170.5335011247793,0.9232253,683.5571315866596,270.4125099633638,0.99519664,545.5758896864435,271.9439064877565,0.9972068,709.9541688965471,378.4567927287028,0.9566479,522.4785577226968,387.4182862103469,0.98025465,713.8457866005041,482.56668677459794,0.8831987,522.6170546328959,488.0802618027804,0.9363477,665.7231411667569,509.2547667150081,0.96169126,573.1331500545194,503.60227555996113,0.96579766,664.0545386626836,656.3676170715979,0.20203462,568.2906305758264,652.7377667310408,0.23115218,631.29114,671.68884,0.011743903,591.2339,677.04407,0.013221145
768.0,616.9386858712667,167.38047423864617,0.99236625,641.7777360020818,155.34126766421053,0.96043813,605.1475597431468,160.53382326036686,0.98403347,652.9710271811928,179.43890026916273,0.63620156,579.5810747096273,173.69473213260312,0.92349756,683.7735768375613,268.5579146756451,0.99520254,542.4068592369741,264.6312753293553,0.99722725,705.9747503780557,387.7609557331657,0.9567895,523.6615829042914,380.7638623059798,0.9804822,711.5717437403151,483.7913099774165,0.8837807,519.6172683164087,496.83258686100066,0.93701667,664.0594039770201,501.44259315752146,0.96194685,570.2004857257201,504.7054863155784,0.96611595,658.8959275785297,651.1368779323376,0.20334128,566.0195610214924,654.7461294502582,0.2329925,631.43805,671.72595,0.011826158,590.6512,676.46643,0.013335943
769.0,617.2576513328472,167.15311596493186,0.9923895,633.0139688755553,160.6279702573694,0.9604057,603.9145335119865,158.23002756186713,0.98411906,645.3401021608715,170.4919696596841,0.63489556,577.8456423170757,170.54831704151667,0.92387855,681.3454729716585,269.9871527364594,0.9952097,543.1216888600711,267.85172984321144,0.9972417,707.1265044788177,383.8902642743415,0.95691645,521.6750542339527,380.4398064598874,0.98065287,710.0040662603618,488.57194636427903,0.8843107,520.4219376011341,489.87750184935203,0.93758214,666.2659470571647,506.3093994975125,0.96217096,572.0788563170895,503.26293853604,0.96636283,665.2688765998655,653.021289781955,0.2043005,574.8849044265032,654.3574710984763,0.23440892,631.79156,671.8535,0.011883765,590.3398,676.5381,0.013415784
770.0,617.7864901939377,170.80400246694364,0.992393,633.5066602396184,158.73193009013661,0.9605843,604.696955661326,157.22344440032913,0.98406583,648.4589462187512,176.02707778733907,0.6370998,577.6033833950297,170.45463902199361,0.92341864,680.5835599519604,271.4218757567741,0.99523723,546.1650793799237,267.5972071166241,0.99724865,707.476535707466,379.7116057564111,0.95713305,523.0131557187991,390.24831326728656,0.9806526,710.9206555482963,487.8449505058903,0.88452554,519.0789581031087,493.3889905291533,0.9374456,660.1876430872611,497.3557311280764,0.96262383,572.8181054526909,507.95337184054875,0.9667231,664.0453663395938,654.290291615404,0.20733851,566.8931352828109,657.9571050605681,0.2373851,631.66693,672.31555,0.012104571,589.64966,676.90894,0.0136499405
771.0,621.3197538753396,166.82343558445072,0.99240154,635.6161118556444,159.47076247672913,0.96065056,603.8528714978256,155.99096264292658,0.98410046,656.8951068864011,174.37282333452723,0.6369409,578.3426910107997,169.59056123328423,0.9234638,683.4000212606072,268.5314787949197,0.9952289,541.5764528472909,265.76310733833515,0.99723744,704.5116595229176,385.5364538363572,0.95712763,519.8084614709699,383.47529273805577,0.98061717,712.002766390268,488.60266845937025,0.88463414,513.9786551841015,496.5700062780178,0.93745947,666.8289443342272,505.4195883135437,0.9626536,570.3184494087227,504.6314277664625,0.966725,660.6651876478331,656.0119269922689,0.20781264,563.8850710038186,660.8863094442969,0.23778668,631.8597,672.6729,0.012135297,589.28644,677.381,0.0136755705
772.0,621.5047074478678,175.5015113632184,0.9923832,633.239287318742,155.39749362971392,0.9607979,606.5294372577517,155.7838028343477,0.98398525,652.4598699109748,177.74153698690765,0.6395311,580.1592655533943,171.0000951856382,0.9226619,678.3044745085932,268.8529687191512,0.9952285,548.2311390092688,269.23358973581185,0.99722135,707.99261542991,383.77789379574034,0.95700157,510.4815666273358,387.22488923933577,0.98039734,707.0426997686571,490.8167700486984,0.8839921,521.290039911654,492.6352004317771,0.9366757,661.4813531231748,503.09291672633907,0.9623116,571.4349467783795,502.6998667224831,0.9663409,664.8828535098987,658.3762838872352,0.20619884,573.190922652756,654.8540115997417,0.23555574,631.0667,672.2262,0.012047827,589.39624,676.71606,0.013558716
773.0,619.2094298830656,170.48522800339765,0.9923898,639.8250470339501,154.43576820986,0.9609226,605.6081083945214,152.42871827080134,0.9839729,653.6239196287977,174.83675500276908,0.6402521,584.5679569455798,174.72973226367634,0.92251635,679.6709660183824,274.09107145046954,0.9952447,543.5054890593891,269.04621837307155,0.9972094,708.3945319989194,382.6380560389687,0.9571159,523.0495779072005,390.6505391429895,0.9802496,707.7805683127818,487.5074246839796,0.8839269,521.9443019012732,492.15717249014585,0.936184,660.2003268355363,508.6988884552388,0.9625249,574.5114034272407,508.19324837430435,0.966412,660.2445663377914,655.3224236325963,0.20796931,568.5795110343286,654.4677926849967,0.23675844,630.84296,672.1113,0.012203902,588.9932,676.5879,0.013694644
774.0,619.3158124269204,168.0964132372922,0.9923645,634.6724771849902,157.32922725845162,0.96087515,598.7293725699004,160.1028644718132,0.9839295,651.9665181247186,175.69259676383467,0.6404227,577.1615709520679,176.83421214475095,0.92232406,684.9270570458186,270.3392111528157,0.9952035,548.2001199579895,272.49953904655285,0.9971866,710.1992791467312,389.2153640684523,0.95678234,530.4191619598,390.0908378877292,0.9801019,711.5967619193976,483.6065041811795,0.8829806,520.5094783239989,494.4317053475844,0.9356556,661.2119644455598,498.71256121396516,0.9617634,574.390366959634,505.77761391719974,0.96575093,659.1751177478831,652.4339276427364,0.2022956,566.5951695477987,654.5969714510014,0.23069254,630.8234,671.6841,0.011770695,589.11523,676.64264,0.013218522
775.0,619.2562912561411,167.42932921634156,0.99237335,637.280684705244,159.24941951734112,0.96077156,607.9361240419638,159.5891286757399,0.9839593,650.151957649434,172.32024238564293,0.6394179,577.6806501466546,174.84914773844818,0.92263305,687.0851971847018,270.5972009947843,0.9952258,548.4452307432808,261.9344066206382,0.9972116,713.1967793599646,387.27713754184924,0.95689315,521.0824976429112,385.4393734649849,0.9802611,716.432653410181,483.7685263536622,0.88342327,517.4162987177847,491.14183558593226,0.93618023,661.4059984661444,505.7636323864058,0.96203125,576.3131252437388,502.36552830533617,0.9660461,664.6677805631839,651.2012176292413,0.20387092,571.1777010135042,650.5763764864391,0.23281235,630.9406,671.65234,0.011886209,590.1764,676.4751,0.013369083
776.0,618.9356181214433,164.1897373558601,0.9923998,630.5125216105661,157.30415246936317,0.9606972,602.5673788064878,156.99053711745103,0.98405147,656.1384599648737,179.7083443810705,0.6376645,582.1810181303824,168.74381264056694,0.92336494,682.5372901008138,270.3051049573098,0.99525654,542.2426770200497,271.78950723910845,0.9972317,706.3342660306433,387.23728068252206,0.9571582,524.7046197815079,389.73684165229514,0.9804292,712.9210878065852,483.75522364986466,0.8839948,517.6545887864952,492.2934254679121,0.9366417,664.3186541705802,510.16584256810404,0.9626007,574.4442222674603,499.7241737411614,0.96656334,664.5209620660902,653.6953377488671,0.20709613,570.8466313680168,651.6529626374053,0.23630345,630.6912,672.0824,0.012108058,589.79517,676.91626,0.013607651
777.0,620.9634332754795,168.6786577993214,0.99240637,625.888822206059,158.0621408311979,0.9606205,602.4822981127339,151.32678517871776,0.98409694,648.2329359484335,175.47283178816738,0.6367376,579.5445383589249,170.65429059159612,0.92381305,681.5670677744747,271.38719115691714,0.99528474,545.7507579176128,274.54768156797485,0.99724984,703.927458272231,386.7995214531204,0.9572996,525.3205558013144,383.3003172428404,0.98051274,717.7289057086908,481.7588529296677,0.8843069,523.269393317169,494.7516035971089,0.9368669,660.3668823179333,505.8570584468874,0.9629872,567.914747578831,511.1127172478854,0.9669017,664.3664433038593,650.9029949341009,0.21001074,569.4789652075021,657.3208747980202,0.23952016,630.9047,672.54236,0.012328088,590.16113,677.12994,0.013856024
778.0,621.7347221982777,168.10054391522746,0.99239296,628.902809092073,153.2592740716705,0.9604743,604.7634601205423,154.9890395705862,0.984108,653.5491925488066,169.8373200471787,0.636065,583.0655121600049,170.6722238545885,0.9240016,678.4551230888364,271.21395905035723,0.9952786,543.9372449644396,265.5621606444533,0.9972619,703.5519941308486,379.7632731037574,0.9572792,526.097965523825,383.50445700255835,0.98066777,710.6994451687817,486.3685914571448,0.8848972,523.620375195665,487.6685919079965,0.93758386,664.0396424039963,502.9208700487837,0.96316934,571.3255961994686,508.59865565923616,0.9671577,658.7852226614738,652.5775096471248,0.21157005,574.7326669813701,656.8516771093426,0.24182668,630.9939,672.1975,0.012440532,590.45575,676.8425,0.014012992
779.0,617.0680421657024,170.2029976052469,0.99237156,630.4483651291072,156.11562813359635,0.9601805,604.3561507699734,158.14070961729385,0.9841176,653.0047192268252,173.78979919167105,0.6343445,580.0881352000105,173.2291976241959,0.9243186,687.6660716190522,270.57175399179397,0.995251,545.659454827767,268.6237099770687,0.9972776,708.5325472111945,384.8736811986906,0.95704925,524.7879358675857,384.67404870704513,0.9808724,707.6769731235509,481.71158651705014,0.8847594,525.2143147350793,489.26490666753045,0.93817145,660.5815370714737,500.9316881927303,0.96272445,577.7374422562532,503.84541704603254,0.9669474,661.0787080857602,653.6602622362632,0.20811102,568.110390392389,653.6484048753841,0.23907906,630.5729,672.0394,0.012154132,590.5009,676.5484,0.013744295
780.0,623.1746507458217,173.9621441450302,0.99231017,636.6688545635683,153.26959201564623,0.9605638,609.2086749229748,153.54823820723476,0.98385227,648.0481558413187,169.4249366494625,0.6393717,579.7612516372121,170.40099317079535,0.9229309,686.0812968815808,270.1304196015422,0.995226,542.9271064315117,271.09998942853935,0.9971701,708.9272259737527,384.5715988535823,0.9566049,521.5422928558507,379.5765078642999,0.97976005,709.4898396693019,482.2566906166927,0.8825381,517.102087175305,488.2441108006629,0.93485,654.4034163781569,502.88177555427376,0.9614625,568.6383779844867,504.2817131535037,0.9653157,660.3869070053394,648.2477364801407,0.20377946,565.5839483869053,652.444060134231,0.23153058,630.3173,669.6265,0.012002736,592.13965,674.8285,0.013434321
781.0,622.439287997616,171.28236808002336,0.99230254,634.5027390192911,158.9664972552109,0.9604691,604.6893497120838,155.38104624870044,0.98384094,651.5181184438603,174.42672120508405,0.6387479,579.7751433673773,172.89954114749304,0.92280996,681.4065779476066,266.70828733886646,0.9951855,544.9933614634112,269.319522383027,0.9971715,706.4118414953547,389.6384737372243,0.95636773,528.7380675033945,385.24880931835594,0.97987074,706.732874641658,482.6175403924832,0.8820989,521.0148009301704,489.6120296355649,0.9351243,662.1133287211574,510.15709690117126,0.96078074,573.3805665864303,501.3195588698542,0.9648478,663.1431601585863,654.4921108900938,0.19773734,573.0170502779413,656.3546460964722,0.22578076,630.99304,669.0398,0.011516869,592.6315,674.2453,0.012940586
782.0,619.4543474553885,168.25800574774297,0.9922998,632.6998492884137,153.8262343162972,0.9603609,606.4262080337448,150.5759391074644,0.98388815,652.9477594313764,173.05237876277403,0.63750875,578.3241350714402,168.42242751227386,0.9231185,677.8831431748575,272.0655056844313,0.9951769,544.7958722727724,265.9248072702182,0.9971726,701.8219173139734,387.51858949103723,0.9562471,523.9486565596693,380.31451429317116,0.9799144,711.4779685003574,485.89903322253207,0.8820717,523.1176761639175,488.4151280312696,0.9353854,663.0484616612911,500.63320993146795,0.96072435,581.0424322919063,506.21067986283794,0.96484685,662.7760972919932,652.6467805120046,0.19771034,570.4788784581791,659.976260587134,0.22608608,630.9548,669.3197,0.011507869,592.7677,674.7711,0.01294297
783.0,623.3194106689659,170.21561503147177,0.992278,634.4234989735799,156.85137314361162,0.96034515,601.3038377637286,160.6713834654636,0.98382616,650.1102437308159,176.2654939035036,0.638507,580.206999157814,168.6789763204075,0.92273927,678.6590381693502,267.0168436599417,0.995168,543.3422157785603,267.92828112452355,0.99717015,705.5369352265577,386.17806851075426,0.9561902,515.4105514153085,385.2501984106045,0.97989416,714.102848138233,479.1028924754994,0.8821682,520.3946801648879,492.92737439987235,0.9353508,662.0968201340166,503.810626847604,0.96062255,574.3073617011311,505.63875750491127,0.96477044,660.487687603675,652.1623906553087,0.19765419,568.9412423108691,653.8161380575505,0.22607946,630.4911,669.21313,0.011515915,592.8829,674.6877,0.012958288
784.0,620.9257732974472,168.85752283444884,0.9922938,633.4131108820761,154.2265314685703,0.96048695,605.7286206400862,157.58653957466368,0.98382103,647.2176453375175,175.3059133805903,0.6392794,574.1755749726995,172.87789705879567,0.92263854,681.8865637861732,270.75359425807767,0.9951776,542.1721715601252,271.36925086159937,0.9971597,706.5434118685641,382.52732211760195,0.9561733,522.8606305136306,388.00444492363806,0.9797336,711.5510285264811,487.12002118642613,0.8817064,523.20839471601,491.30899399334066,0.93478864,661.470922524343,503.49433203299776,0.9604665,573.4810131481406,508.5167320492244,0.9645389,660.4315726301672,650.3475052238025,0.19630769,573.8281457504502,659.0559501941246,0.2241542,630.2021,668.833,0.011420071,592.9408,674.52765,0.012825608
785.0,621.5169086159989,166.79520428078692,0.9923004,634.6874519137031,159.86954009410272,0.9604819,604.403261873081,150.18501056016612,0.98381734,646.7004395420448,171.43033604361005,0.6390251,583.0773959487576,171.75574935686285,0.9225301,685.2786204203917,273.37926918942117,0.99516076,545.2293023543259,271.21575251071215,0.99716675,702.5138594782101,386.00935287391303,0.9561529,522.7234258766634,383.7952836823543,0.9798442,707.7953071137905,483.606171608071,0.8817149,521.5587729346704,490.71400741061274,0.9350735,661.3263743442341,500.86232325053777,0.9602444,567.6582844614205,505.497014082197,0.9644228,662.5384003354285,651.1211526832002,0.19394255,572.8836581364817,658.882597974771,0.22199848,630.902,667.8756,0.01123783,593.24884,673.60034,0.012647271
786.0,625.894854465701,167.57474478064347,0.9923234,631.215407504205,158.2551296641267,0.9605329,608.4642200392808,153.89059840001565,0.9838921,651.1757862953922,172.33626971030998,0.638438,582.2784223887942,168.83882524325875,0.9228774,683.9630061908678,267.64908867870787,0.995175,543.8254574042115,275.7482110859384,0.9971752,705.6087429663268,393.24207323416374,0.9563739,519.4557340045976,388.4979481122249,0.9799628,705.8559996821309,479.4982125235722,0.88231933,525.6674126986437,495.4755634617527,0.93542105,667.9262276222076,510.5434668160201,0.9607518,570.6319216638453,504.3907962946105,0.9648719,656.5937768387402,648.7631095785922,0.19693291,568.5079469349712,655.7855724851335,0.22516754,631.2465,668.5376,0.011449099,592.11926,673.9556,0.012877405
787.0,623.1229003499528,169.71291051708567,0.99230444,632.9842589402034,154.1923364153784,0.96062267,604.8185970334936,151.64343826104226,0.98379654,653.1712674092742,172.4656463577476,0.64018124,583.6176420483108,168.76137139328694,0.92195094,686.7868696453538,270.33186236698594,0.9951319,541.4967080279032,268.4501655182459,0.9971529,707.8890442235288,381.4833402457446,0.95613134,518.8377119406036,383.53048532550383,0.9798689,712.6266581671493,487.37948585371424,0.8819481,521.3620886866202,487.9452172067731,0.9352239,657.0025720247133,508.9367001365101,0.96006083,575.1033469826349,506.5519912537188,0.96428967,660.9336049140073,650.5166007996004,0.19287115,569.6046105883445,653.5349782053677,0.22094452,631.25336,667.77966,0.011168182,592.07635,673.32886,0.0125793815
788.0,622.5130570950079,169.77674330531164,0.99233437,631.398713947044,157.06143795519998,0.96087486,609.1955667656931,150.15615206759298,0.9838191,650.7998153777886,172.0361043822695,0.64150894,583.6513682267409,163.50218249725384,0.9219109,685.2217380053174,264.2309419215299,0.99518085,549.2875175867222,266.0373951641209,0.9971491,707.1937953312945,381.0197449807128,0.95644826,521.9427319883894,382.89448976931493,0.9797139,715.4086378611463,485.7263034097018,0.88209796,523.0574532434935,492.7045445193253,0.9346404,659.2352749115456,506.113986830532,0.96070784,570.4341128135316,502.51422159745516,0.9646725,667.1604106695213,653.3072748076409,0.19702083,575.4287305106841,654.1423239062925,0.22448963,631.1493,668.6452,0.011477381,591.4608,674.2249,0.012872994
789.0,622.5386896073949,164.22456692461182,0.9923421,633.2282218056423,152.5559844551422,0.9609974,598.100375455251,153.27117369036202,0.9838373,648.7258461343096,174.05806002240448,0.64207065,579.6796308095576,171.8045430004724,0.92184174,685.1617565235829,272.1965394639876,0.99519324,545.4384618888338,261.74894758720376,0.9971402,706.7177912285925,383.2418953772916,0.95658815,521.5534368459789,379.82731438559506,0.9796258,715.4755504449566,481.87700065604054,0.88251305,523.2484514167546,489.2336584114368,0.9344729,661.1532201856578,503.7453484870304,0.96113217,569.5027718239429,505.6050891172329,0.9649528,660.9397053714116,649.8880312026589,0.20058689,573.9265215156123,650.3486772493087,0.22782752,631.17175,669.1106,0.011755854,590.7763,674.781,0.013153791
790.0,618.7024609484833,172.3746975138057,0.9923429,632.6154178161297,159.27588683961483,0.9610627,603.0495977332971,151.18869801635105,0.983818,651.9758035522373,177.26393435936583,0.6429555,583.4042123918061,171.23950874777475,0.92149186,678.3888370442403,267.45742095249744,0.9951949,546.6974927007196,268.30674323237116,0.99714494,708.3048836251351,384.51632738607043,0.95663196,519.9219483147021,385.75023280321767,0.9796968,709.7995391391967,484.6613925423721,0.8830222,523.0999480618882,495.2562425105172,0.93483216,663.4934407839042,504.525556876737,0.9612986,574.8486178743623,508.76181352246624,0.9651389,658.3582725360206,655.5910375123575,0.20224562,567.6674452629202,653.2714097130521,0.22981337,631.0026,669.4576,0.01188156,590.44073,674.82227,0.013307214
791.0,620.9812306776778,175.71766309270475,0.9923583,637.0555608579335,158.41256042480492,0.9611296,603.2297655281495,157.8041117851559,0.98383164,644.52391396852,171.3288640665299,0.6432818,580.7903169947066,168.87250548416324,0.92147225,679.129718840438,268.98365571266567,0.99520254,549.7280120501778,267.05190480924205,0.99715483,707.58270606272,389.33099744529244,0.9567227,517.6807363536647,383.165933735231,0.97978526,709.6849454577845,486.0154122448533,0.88303363,522.8515390620676,498.4495074258978,0.9349649,665.1359672527466,500.41449313842054,0.9614105,569.8529662440591,502.5636522973529,0.9652728,665.0233792586816,653.5779702223953,0.20196813,568.6506716871021,658.270227051008,0.22965589,631.2036,669.47766,0.0118358135,590.22186,674.89026,0.013264269
792.0,619.5236235512006,163.83605983975232,0.9923527,639.5189866330609,151.95600323258992,0.9606341,604.6997771659939,151.65296313320573,0.9839446,648.4618853720328,171.0920497144536,0.63879323,578.0091319890388,170.35187280546128,0.92311394,679.6191841351716,272.635973289945,0.995236,541.6060474263686,269.87365864660075,0.99719787,702.5912098655159,388.9381336041566,0.9566966,523.875160773161,385.07852398085845,0.980031,709.141404041935,490.86716176579927,0.882779,524.2234680001046,490.39553370431616,0.9355885,659.6215059806334,504.8065204926254,0.9615603,572.00079043512,505.4389059856076,0.9655337,661.010339385335,654.4441020639117,0.20346388,571.016257905928,653.6745761496704,0.23196971,630.6335,669.3413,0.0119565725,591.51685,674.99,0.013419241
793.0,619.7041270629991,169.67704578115567,0.9923512,632.1407877715703,155.30033328429454,0.96092975,603.3897163959527,157.4299088475444,0.98388255,648.5242234391067,168.10845096556923,0.64127815,584.0492411501106,167.86791511482053,0.9222829,678.8229134022299,270.0442325329613,0.99522805,541.9288391884083,266.01728740576715,0.99715936,706.1500768360075,380.10751797984483,0.95669746,524.0974650871158,379.9239248097325,0.97972196,704.9194408833697,477.37276356789414,0.8825594,519.7005630249097,494.962677064521,0.93471885,661.9747869624464,503.2848460042578,0.9615551,571.2014009462871,504.9024127090505,0.9653547,656.6902162887748,653.4218261559847,0.20409882,571.4409210181544,656.4320248034846,0.23174426,630.8433,670.4795,0.012008339,591.33527,676.08386,0.0134346485
794.0,616.9198919010926,172.14171786612943,0.992331,636.4555226709732,160.01460374081583,0.9606936,604.4203105360285,153.8687979408633,0.98385745,649.267226505888,171.09262991009348,0.6404126,578.3734334984389,170.51069233657972,0.92252815,680.7438603434266,268.39807320310956,0.99522674,544.5558197917991,265.87967001687974,0.99718606,707.2228204239722,386.7425615985615,0.9565907,519.3922745861806,382.9784115248292,0.97989726,711.8299442933402,486.61134922075126,0.8823831,519.9018605548206,489.0527407579961,0.9351282,659.2138214402293,509.1533620190673,0.9613533,573.4994947476805,503.3570710068931,0.96531403,658.903432934569,653.1390931346227,0.20158195,571.2675195014181,655.8121752904334,0.22983721,630.85315,669.6985,0.011798203,592.43713,675.50354,0.01324594
795.0,623.8522618667907,167.01021759580718,0.99231434,635.3997190777611,155.08168155101484,0.9607006,604.7783407058444,151.57727314765182,0.9838226,651.789151737407,170.17029587766373,0.6411469,576.3312280399585,167.6989546870823,0.9224318,680.3000914687784,270.0279235116985,0.9952345,545.4819692663791,265.3447307325555,0.9971796,709.7226341860688,384.89183728297303,0.95657885,518.6751369161805,381.5267321557931,0.9797822,713.3477626266847,485.59003957214446,0.8821361,520.8182541374084,488.01110703653467,0.93469095,663.9652171089876,500.80830964831654,0.96138966,575.3483302046529,503.95333487150157,0.9652823,661.3787587229043,651.9690085717348,0.202254,576.7158149850177,656.8148184070011,0.23017123,630.4312,669.9912,0.011868358,591.87415,675.5065,0.013306141
796.0,618.2210746420166,164.95176057464678,0.99230134,630.6888923639309,152.31270089405245,0.9610035,607.4490650927988,150.92164095439003,0.98371935,646.970005530385,168.77617193056915,0.6444562,580.7754140379479,172.75425890984653,0.9216913,680.7567747090184,274.42364512723884,0.99526465,542.7810050135738,268.4975483551161,0.9971471,710.8788914319963,381.8121592616071,0.95668936,520.2249552570374,383.93515330738074,0.9793271,713.5704720249448,489.93795713343314,0.8818018,521.1015450895051,497.5639513532828,0.93326765,653.3461242993781,510.43021786675735,0.9617584,574.2396184478831,506.2339162500102,0.96532536,658.140393769226,652.3907243506285,0.20660365,570.0794307519353,657.200447202411,0.23336565,630.3048,671.1145,0.012231439,592.4216,677.06714,0.01363337
797.0,620.9191778924852,166.00739734304508,0.9922959,638.609052517981,150.14450273092962,0.9613383,605.1626477235181,154.57965221033402,0.98362094,649.4991078231727,177.8232780873242,0.6477042,585.1526328825707,169.4352569156699,0.9206221,684.6778416531304,269.49183873283613,0.9952554,543.3636318890718,270.2629746208618,0.9971088,705.4141248497813,379.62349018541477,0.9567145,522.934409866238,390.23894562588515,0.9789819,714.8611809726207,478.6117006221402,0.8817713,518.7651117241844,494.28228917002235,0.93231046,666.4651646090238,502.7904426743805,0.96176755,571.2758374867087,502.92432487045147,0.96514666,660.4853792590543,658.8155009177397,0.20743656,570.8323952795254,650.4611715755715,0.23310465,629.8611,672.06824,0.012307197,591.03534,677.52356,0.013664484
798.0,619.2454637859921,167.11668915916428,0.99231577,629.530750884774,156.94507138172156,0.9608791,611.5954775222023,153.62023070660186,0.9838457,650.164166560785,171.39153961503115,0.6411934,581.0384972765413,170.78381951895537,0.9223782,686.3137987528086,270.7151515648855,0.99521744,543.6796573809853,263.6273311610132,0.9971298,709.4057583401648,380.71198094782574,0.95655316,524.8120106336719,380.52574325079695,0.9793807,714.0500213419316,483.18526953151587,0.8822147,524.91556845851,491.1233512871802,0.93378663,661.8272568927669,507.27560557696955,0.96148515,574.8946945832308,503.74291811172736,0.9651277,662.1311958539897,657.6747828364629,0.20487478,569.8224506338291,657.1267389108466,0.23169303,631.0792,672.0309,0.012069374,591.91064,677.4087,0.013461024
799.0,626.2389684772887,173.611537731425,0.9923468,630.6176168355198,154.55159404965792,0.96099794,602.2293415744025,153.27956429283472,0.9839517,651.3652677319936,173.6597559985286,0.6398395,580.5056628986266,165.33761617825613,0.92287034,682.8415869367972,280.4765118587886,0.9952555,546.9361266619638,265.85092713221434,0.9971102,703.938971797961,381.9273617563914,0.9567963,520.0480732472222,383.93185710414616,0.9791582,709.2967422396473,483.51368094063963,0.8826573,521.5784789948166,487.8949966830482,0.933313,658.4604670828662,504.53986681950875,0.9621772,571.9151384892735,506.9238177010981,0.96552217,660.9117700419584,651.7455343604335,0.21200666,571.2413746778423,650.2438614524688,0.23808873,630.80347,673.91516,0.012642682,591.18506,678.90845,0.014016807
800.0,620.9679826004024,169.33664312706824,0.99236166,636.9567295238381,149.99718094938342,0.96124923,607.4631828856111,151.57290417644677,0.98394537,652.657478955594,176.73165298223392,0.64114404,582.8012156024362,169.82051966719476,0.9225984,679.4618058751333,268.55151689669765,0.99526566,539.5732672938763,268.48119773334207,0.9970832,711.5844629705508,386.08056513736193,0.9568977,522.883078604987,385.06513717579395,0.97886217,707.6955630229465,481.82337427354037,0.88246596,520.276342499588,494.24962611849895,0.9323698,663.1758167494436,505.27883753662246,0.96239686,576.46124764272,504.8195692012044,0.96552247,660.9061010339201,648.5691918539092,0.21357843,569.987904348081,655.6518563937215,0.23863944,630.9092,674.59204,0.012770146,590.8724,679.8352,0.014096767
801.0,624.62397475172,164.13064006529905,0.9923594,633.801333209297,154.720243021247,0.9616779,602.7187549884364,158.36597139479204,0.9838325,652.0480620404732,174.01830893216348,0.6456712,580.7248793865474,170.40398223945834,0.92161715,685.2184850842431,268.58006293536346,0.9953042,544.5960326424263,270.48893118125875,0.9970501,702.4432187544057,380.5062582128338,0.9570519,526.83678154368,383.82594322182945,0.97835964,704.61179764501,487.5739500522043,0.8821926,529.0860805840838,490.5911474848761,0.930877,667.1146175717976,506.71750106906705,0.9628823,568.9755149773658,506.1668184229263,0.96565956,661.1433881727788,649.925692644883,0.21825632,571.114135828267,656.0037843020754,0.24184665,629.89404,676.40796,0.01313591,590.0456,681.73804,0.014403343
802.0,616.6149878366056,170.3843610141252,0.99235094,631.6271908747046,160.88943459625054,0.9614482,610.620722431119,161.40474624725107,0.9838513,651.194866548867,167.70225572876214,0.6442987,581.8163343977614,165.23102125629327,0.9220855,686.1778495234479,272.95976289018176,0.99531746,543.4345030939703,259.4336007551091,0.99708056,708.1780195938826,388.0354751818454,0.95706475,522.190734726634,387.4330240255255,0.9785991,712.3752076079234,483.56160180874156,0.8822729,513.4497880330025,490.2839152624102,0.9315119,664.137946681975,500.98298548281144,0.96303725,569.6778939326881,502.54188287115187,0.9659246,655.2084235826924,659.7784367714643,0.21872368,564.4061187092386,657.4000102904228,0.24314785,629.903,676.793,0.013139069,590.8833,682.4294,0.014446557
803.0,620.8485462941255,170.77387060110803,0.99229467,633.1602417496546,156.09290470354367,0.961447,604.9194422379918,155.5144272929781,0.98368526,655.4595928413314,175.0513176246094,0.6465515,586.0052070351192,167.06157974045055,0.92108834,684.3485129598814,274.1294872506886,0.99528337,545.7455154545762,268.5588460558934,0.9970461,712.6182723206471,380.82682319548667,0.9566226,522.8338919444332,379.65685029567805,0.97824466,712.1077321202009,483.6582163802465,0.8812331,525.4589654530877,497.8357926117038,0.93046427,661.7338565982022,500.8737690310873,0.96218646,569.5665944032921,505.61416111477575,0.9650914,665.1436480612068,659.1138635656895,0.21470785,570.6087532714569,660.2063423115321,0.23860729,629.18616,675.97437,0.0128906965,591.60315,681.3652,0.01417014
804.0,624.7694568438365,167.86349065004438,0.992247,633.7683037125527,147.03347398050693,0.9613837,602.9915685454996,155.16848972498974,0.9835483,651.4451361397428,174.75021160630624,0.647719,585.0337620426749,166.816205238167,0.92018044,677.6356650608981,268.404540787405,0.9952059,545.2525233985564,265.80415870920297,0.9970188,713.7611814085141,388.220650651629,0.9561458,522.4415574537429,385.44648190396526,0.9781611,711.9328966638377,484.37079716401723,0.88054955,517.0046616308272,490.8421824584322,0.93027246,659.4150504177277,499.39935514113336,0.9611565,571.1319522883284,506.0502319359342,0.96426195,663.8710900682584,658.0898481355752,0.20857498,568.067028307338,657.3092468305928,0.23264721,629.47174,674.83356,0.01243934,592.1071,680.5638,0.013712853
805.0,624.2104288561045,165.8188738320246,0.9922484,635.1122580259527,157.47007803276813,0.9614583,607.3294443618353,155.27355235326903,0.9835284,650.1464318891409,175.44870868873394,0.6485404,578.80636027356,169.82896793197816,0.9198459,679.369065163217,272.5817143959895,0.9951938,545.9929215647123,270.5675263598827,0.997014,704.4731966890696,385.10697506103713,0.9561455,528.4688819194924,377.4640490239455,0.97817826,715.765387756152,481.67363791614946,0.8809577,519.3863991887597,494.37989654191455,0.9305507,659.0571051138353,498.97825545825333,0.96116185,571.0618558688543,508.48317235089104,0.9642778,663.1928457292142,655.2991247758011,0.20880765,574.8003465044455,656.4341470364321,0.23305112,630.15424,674.8066,0.01246652,592.47504,680.18225,0.013756633
806.0,617.7274816075957,165.80874356216466,0.99226093,635.4606823026356,155.86399939474035,0.9618019,606.3944959472368,151.52753948558987,0.98346245,649.0979168280928,175.61192745144425,0.6513993,582.9208186724206,169.30865145151319,0.9191476,683.8128687719402,267.8444294709404,0.99523664,541.7702199952182,272.1436184734097,0.9969954,704.1536948857573,382.08344457111343,0.9564626,521.2676164265047,381.24441831925293,0.9778718,718.2767547549702,484.5971396660385,0.88138086,518.322990826852,491.74417676071903,0.92972773,664.2102910084351,510.4052466275988,0.9618808,576.9783415241922,504.76055578344915,0.9646764,659.2536251856839,653.5650819223929,0.21568513,572.0375458880873,651.7599687716678,0.23898554,629.9697,675.10583,0.013060093,592.2811,680.4333,0.014331341
807.0,616.9221461856356,173.01993249445715,0.9922669,640.0408158249783,157.5940921233214,0.96195626,604.124899703425,157.77789583922322,0.9834281,651.1994735488698,173.12408261563772,0.6524856,583.7445866538267,169.1544076520007,0.9186516,683.4064427487184,271.58630844330884,0.99523276,548.8824325217638,273.9889809783664,0.99698544,710.7101105023814,380.9599506370329,0.9565387,523.5811138134915,388.37323944578554,0.97778654,713.2665064388924,486.5528446894069,0.8816977,522.9796373348836,491.3449173502135,0.9295775,663.6059340221511,506.8913906667417,0.9619417,576.8436453426646,503.70258832171174,0.9646791,663.976824488208,653.5468893729167,0.21682033,578.3334413408847,654.6812464773137,0.23974937,630.1407,674.8462,0.0131781995,591.8117,679.8603,0.014441162
808.0,625.990885861838,171.4668045363481,0.99224126,632.4945525306163,155.59527722526278,0.96256644,599.0362241131319,157.59400424384674,0.98323697,655.0296369058398,170.02362996628028,0.6575427,581.4635482591851,171.02338214816388,0.9161736,685.856346634697,272.2600684975294,0.9951343,549.97000931596,276.0166127018892,0.9968568,709.7043354394458,384.59750469778464,0.95597374,520.5357798747433,383.70358634377635,0.9768276,713.9784178660134,487.26510174608546,0.88059866,525.6661003634653,496.84012817826675,0.9272796,664.4396567431374,498.3599250340985,0.96062434,568.2915511917353,501.62365386137174,0.9631171,661.1183537346141,650.56019944975,0.2103208,570.5743293262218,657.8608329312916,0.2312282,631.1034,674.77765,0.012736976,591.8689,679.64465,0.013891339
809.0,621.8186337795588,163.38431219789672,0.99223757,630.9011316526634,157.0786763354838,0.96274865,604.6851278271257,155.69083612984068,0.98319733,649.1160457797562,169.65599853123632,0.65894413,582.2626021631387,168.43921909297234,0.91564727,688.444832698643,271.6965511695739,0.9951068,541.1356203592732,272.3071714727715,0.99682194,705.763935193532,382.9054672353718,0.9558589,522.6338326774098,387.14054446732325,0.97655284,709.8088319717673,481.940512357859,0.88048947,516.9131312990986,492.3544001648579,0.92665863,670.6482392744799,504.72144676999847,0.96030223,576.1345293504435,505.7623990652778,0.9627187,662.9074216875507,650.5459112307454,0.20963138,575.0218039321114,655.7020331485014,0.22986943,631.21027,674.6762,0.012708038,591.2349,679.80945,0.013827741
810.0,621.2995631951567,170.1866454699581,0.9921766,633.6208360659552,161.77003605922894,0.9629131,600.1076234982111,152.39621612540986,0.9830411,653.967215409222,174.90524914155665,0.6619644,579.8244869057329,170.51499953446623,0.9142951,678.1840345410515,270.7936045702747,0.995012,543.9338159319385,268.11687632027065,0.996748,710.5001079289865,386.5633238644337,0.9552131,525.6841397017926,387.3658804117946,0.9760385,719.2714393417474,485.09385947333817,0.87921417,519.8512083301976,493.49104443734547,0.9254054,666.8576860659196,506.6718507185507,0.9588569,573.6571932799407,504.4847064785182,0.9613078,660.7082340190711,655.9838780472361,0.20040071,571.9010211316066,657.6555771758916,0.2200878,632.8921,672.92413,0.012041777,592.2475,678.81555,0.013123035
811.0,616.1213476568189,167.538340062956,0.9921863,631.9795921000334,152.72104768007074,0.96308947,603.9615315968358,156.03514914265563,0.9829737,653.1204847864014,175.55438747436762,0.6639937,583.7974939546514,166.09754469812307,0.91360146,684.2261706634547,272.0559560208042,0.99503005,543.4285877965347,276.0920959921676,0.996747,711.4909274738694,382.60594388694443,0.95535696,521.9756586491796,383.17375426968147,0.9759809,713.8034851187409,480.9691895800229,0.8797531,525.5974588648362,496.81667982352747,0.92545986,666.8430353880857,503.90151952673904,0.95914936,576.7825276809167,507.2330747864272,0.9615102,664.2374792043576,651.4733217569759,0.20344064,573.6880204094907,657.3725614860609,0.22301531,633.05,673.709,0.012268692,592.96106,679.008,0.013357937
812.0,622.1571005296105,165.69588878440757,0.992198,637.8812667846012,160.11923331916356,0.96342635,602.2261604021486,157.69654434738973,0.98287,659.2428080371026,178.17327453102448,0.6671165,581.026394562092,173.82784979086412,0.9130065,683.2337873195984,270.13219995237614,0.99509025,550.6288084126531,269.13557051498015,0.9967223,709.1409197942173,382.8567686430279,0.955523,524.3636688411389,390.62605409767536,0.9753852,710.6593959000613,484.76435199424924,0.8783795,518.5078222216373,501.7867476991862,0.9231668,667.8967262856248,510.5199684120634,0.95922816,571.7281065467364,499.4097676295681,0.96123296,661.6936176228244,651.5696995775252,0.20361394,573.0844292337529,652.3470134976592,0.22143236,631.9885,673.7755,0.012318164,593.33167,679.07874,0.013320625
813.0,618.4280703434553,171.2130319972486,0.99222493,631.551116200644,156.94866868346432,0.9635371,607.9829622885651,150.65685760115628,0.9828842,655.5786204452568,181.40846420006181,0.6678394,581.8173105883046,171.72041810840255,0.91328144,681.337023078952,271.7864724161174,0.9951408,544.0773026124186,271.02462930914334,0.9967483,708.6416513996351,383.77876009868794,0.95586663,522.3557781679897,394.1296280704261,0.9754741,709.517980205224,488.9293777898011,0.878227,518.8286288187528,495.0156552310828,0.9228805,665.5895637183406,505.2916438801771,0.9598229,570.7800850632232,506.764586167199,0.961748,664.9176605770629,649.4037221915769,0.20524034,570.1016110164423,651.9473452286816,0.22278884,631.88745,673.9833,0.012411803,593.02985,679.21466,0.01340282
814.0,619.9208804025955,169.2953410499176,0.99222744,635.2358307592151,161.03977815206954,0.9639027,603.3128277408923,152.9742118740028,0.982803,651.9618918192477,170.0296198823803,0.6712022,582.4213129703506,167.20884454370008,0.9121783,682.2027784883168,272.74087084107686,0.99514157,547.1773926337817,265.202116932109,0.99670506,705.9077300690853,384.5659363766317,0.95594656,522.0253860612175,383.8692598955428,0.9750793,713.4667912453708,488.1067040793815,0.87826645,520.8826128111145,494.7828479072821,0.9219145,664.0201353600876,506.1047390979899,0.9600197,574.9149270895741,504.1769932817235,0.9617094,664.7555851300167,656.5877189651904,0.20702064,574.8305372719977,661.4237172247236,0.22374073,632.5494,673.9563,0.012584448,593.0664,679.6225,0.013544679
815.0,622.3122635269638,173.80702014839167,0.99223435,634.35210178137,151.92727264101904,0.96412766,605.5123749190934,151.5309797483367,0.98273826,651.0229369187487,169.26579104901504,0.67429936,584.5690240924548,168.63194173497834,0.91149974,686.6204297829945,272.15261589372096,0.99519145,544.0533691048988,268.9284133729707,0.9967239,708.6225091486759,386.80803673878125,0.95631874,527.199656994149,387.3030829895576,0.97511816,710.2454170916568,486.4814180015782,0.8788091,526.4119329670987,497.90821813666867,0.9217907,667.9793084439392,509.5678658487061,0.96088815,571.9475528146122,502.432585600535,0.9624598,663.6112230515765,657.5250125805379,0.212513,567.6266777275958,658.8652987888653,0.2290569,632.05133,675.453,0.013003498,592.28955,681.0829,0.013974845
816.0,618.9191202030462,166.80337618655923,0.9922639,633.2159468699563,161.54509177010246,0.9645976,603.3028572182103,158.58317806515785,0.98263323,649.4938621063251,171.62585059308458,0.6793196,588.7635146821603,173.28948195748876,0.90966856,685.8019506839044,268.6120349964301,0.9951993,549.9329318801767,273.60670137093916,0.99673164,705.599699292188,388.54977319978644,0.9567602,523.4282164052067,386.6314108196448,0.97529304,716.7823544033453,487.66372761561433,0.8802171,530.1560051456651,494.1591653912195,0.92232406,662.4507413542399,501.42089478383116,0.9616431,575.1288650162431,509.6100251851359,0.9631696,661.4385035042261,646.6523073912989,0.2163007,570.1088598549569,657.785839281369,0.23309869,633.6409,675.7928,0.013274133,591.54047,682.0899,0.014283568
817.0,618.6203889684733,169.12775091803923,0.9922539,637.4562074375067,156.61020286983572,0.964544,605.1442131250844,155.09443988265463,0.98261464,652.6347293110992,172.31354027322783,0.6800221,582.0676325855862,165.9335171250524,0.9093363,682.1043157986531,272.0500101716914,0.99518967,549.1815091199284,263.93212237268386,0.9967533,711.6974423350937,384.1986429454923,0.95668435,522.6712701074347,378.4856805864274,0.97555506,712.0886515173141,484.2845642694731,0.88046014,522.4555468129314,494.95626267176533,0.9230459,667.2237577614975,502.0505120163977,0.9616586,572.8009106570271,504.4932027921605,0.96335196,663.4858568137105,650.6520317254153,0.21643132,569.6978866159153,662.129644210095,0.23415002,633.1999,676.26056,0.013258755,591.3006,682.6677,0.014317602
818.0,626.5991762942249,168.01036203720162,0.9922174,637.9339576272173,155.9380561765316,0.96445656,608.2898687832998,159.17656951275896,0.98248184,649.311670584746,174.85910230815117,0.6814957,582.698081945181,167.27619548598233,0.9086312,684.164020243608,273.312247286223,0.9951885,545.8308331477555,267.8492190663352,0.9967669,709.6635983105328,382.9041103294668,0.9565991,522.8586905428936,384.15642207955784,0.97565114,711.6329783802171,480.6490451179576,0.8803444,528.382970722039,500.10356397137537,0.9232333,660.5756501044086,503.72561230423486,0.96154904,570.1484267674796,498.66877863951197,0.96334046,663.5650772835432,649.9905263121075,0.21641806,572.5657140563401,654.0086542975804,0.23464936,632.54376,676.16614,0.013264358,591.8932,682.5067,0.014355361
819.0,619.0635001402219,176.55980259453187,0.9922228,628.8997098731097,158.62730039241075,0.964877,609.0279930432993,152.56346958481973,0.9823624,655.9500335951017,175.119928455939,0.68566686,588.0685617572951,168.8955839883776,0.9073163,685.8357203410825,270.6372416697336,0.9951974,550.7111555549172,269.4208252896069,0.99672353,708.4804229902985,380.7657159802858,0.95670474,523.1034594018956,388.0052986618253,0.97515833,719.4703553672174,484.91860523408593,0.8799219,523.6906371016049,496.01263875993465,0.9216676,663.5290397430615,503.28462385802203,0.9616477,578.985630173048,506.61720516908895,0.9631692,667.1926184351728,651.4292157017371,0.21691251,571.918662086442,658.9182360041817,0.2338371,633.0725,676.63477,0.013321549,591.6902,683.30023,0.014353812
820.0,619.1752100633495,167.82175778953564,0.9921792,631.5299443173557,158.58325405058207,0.96487117,604.4485196743288,156.70267870968914,0.982216,652.5567043516428,174.18974035781824,0.6877104,581.4505411986885,167.37682793719438,0.9062731,681.7566342121246,271.3645540847298,0.9951587,544.1522172359136,268.8390887798354,0.9967118,710.2197342867175,392.18468861921133,0.95642793,524.5238777158604,387.9442137689511,0.97509825,712.4686855512585,492.3504326808737,0.8794021,519.9049913789914,499.6446224421959,0.92146856,664.559136328303,501.03955848964273,0.9610512,574.0181339303127,504.8761305741217,0.9626845,665.5745713465263,646.7093792215946,0.2131429,576.8650556273203,656.8563061210367,0.23035991,633.2736,675.6151,0.013048112,591.96155,682.64636,0.014094323
821.0,617.3369415199534,173.63421974565287,0.9921713,632.4963487121264,160.6358524934818,0.96517396,613.6094830537163,160.74274136387504,0.9820195,652.9781419402284,173.68060931270844,0.6926117,585.1753860924834,175.43234658584203,0.9044234,686.1898627288004,271.0400331376497,0.9951905,553.6507598922857,264.69760966773197,0.996724,712.7625394542457,385.8617869648446,0.9566321,529.0211014841694,383.77760882366687,0.9750768,714.5770215552374,485.5820795969639,0.87953424,523.8792891700119,499.4547285696623,0.92121387,664.5803508638811,504.9359654145572,0.9614279,576.270237091834,509.51342313961385,0.9630226,658.3913071159935,659.2469615683293,0.21536702,567.782397689059,663.2146082491041,0.23261005,632.82214,675.6655,0.013230383,592.00946,682.9933,0.014298439
822.0,620.6822464616342,166.6447825651783,0.99217105,631.51049839719,162.25062332475665,0.96537846,603.1029656159769,158.7615603409697,0.9819313,655.7478717397153,174.30996109816917,0.69472814,579.8103938188574,172.4832129820012,0.90337837,684.2699657034035,278.4394355434851,0.9951752,545.8126328018834,276.5531533557691,0.9966959,712.6418847283715,386.3823052513114,0.9565709,520.1405919252355,385.2806262354016,0.9748181,712.6537792724596,488.7486434387896,0.8791845,524.3480176709475,496.87904364144487,0.9204531,666.8376918602756,505.2678649303449,0.9611286,569.7854184656661,509.644671550573,0.96263623,665.3435338270217,649.6548976242102,0.21306258,570.3231184041176,655.427376776505,0.22977895,633.13,675.6421,0.013054669,592.21344,683.1382,0.01409319
823.0,625.8644482205675,174.5521277166703,0.9921522,636.5087395342555,155.43223206054344,0.9654417,608.0438214301895,156.2589209525393,0.9818484,650.4972579328722,179.25430529220688,0.69622326,583.4777229310541,169.59305095377886,0.90270925,687.5668285734239,269.2365232036933,0.9951695,549.2861832181665,271.8785783757648,0.9966867,715.3219918567903,386.72252180018086,0.9565152,526.9518682046651,379.37606921055607,0.97474414,711.3865965761713,486.4209352912349,0.8790696,527.5642481664117,493.8379371293819,0.92046547,668.1285761422272,508.8556122915935,0.9609883,576.2805864975641,508.2869771304136,0.96250343,663.8672397550366,655.8695869427926,0.21349248,577.1628119040231,651.6010294815619,0.23032144,633.2641,674.2654,0.013166487,592.24304,682.0636,0.014219999
824.0,621.4579157407554,167.61823338597281,0.99212444,636.6461023653859,158.34936381456288,0.96551955,602.2048562820388,158.25038514192764,0.9817037,660.0668655162784,172.9411996221186,0.6986169,587.8078932917199,170.6211795340975,0.9016756,680.3521175575565,270.5009576259178,0.9951809,551.16226234753,272.66880138304214,0.9966796,710.4960318867292,384.42290977683956,0.9564532,521.1505236427622,380.1624454762711,0.97453535,719.5451587697495,482.8613189454635,0.87889636,526.3474989569881,493.6699381136766,0.9199194,668.8581505539462,505.3821535899252,0.9610094,574.8511626602966,501.4474314101334,0.96245074,661.8885486355779,657.0683531446202,0.21500057,571.135883329494,659.9671553741331,0.23156792,632.0998,673.85455,0.013335556,592.61145,681.5426,0.014386475
825.0,622.6339041197876,170.38749746571105,0.99205995,635.4001301801835,163.96054149434195,0.96530294,609.4936010174634,155.988337477801,0.9816178,652.4514241958744,177.20699991285576,0.69813526,581.8305743278406,178.98518192303067,0.901517,684.7381781981361,270.9384414345127,0.9951277,545.8084056593264,272.25837051997655,0.99665225,711.2383020552984,384.20163360398453,0.9559736,530.4995289641384,382.53729400956905,0.9743787,711.783777344043,484.5237766895827,0.8778996,523.3247469138132,488.2447785125072,0.91953033,670.9971037433381,511.5736043154853,0.9602152,574.3931718488311,501.7814676623953,0.9617608,661.4344958889508,656.3374764423731,0.21151817,574.6644865048528,655.1166596375454,0.22840339,632.6453,673.7781,0.013093829,593.6855,681.6305,0.01415661
826.0,621.2782463441699,173.76354208147006,0.9920732,628.1394308132877,160.72991810185,0.9652065,611.0273197807285,154.90239120852556,0.9816735,662.1668689666616,173.28469159543917,0.697307,591.5039405368403,171.67250434332925,0.9022272,686.8937562530853,271.547902329479,0.9951789,552.9437082463558,275.38623028205296,0.99669266,705.8662971306915,382.7168058077969,0.95627606,524.217976645772,387.77653954670205,0.9746616,717.1246722286452,488.4618296563049,0.8784207,527.8975585968849,494.58805518104185,0.92013013,666.6698116487431,509.35132820860116,0.9609276,579.1834155174116,502.47017115114795,0.9624771,656.9395950562049,658.2278935257148,0.21550375,576.6521556028481,655.2942666575484,0.23281622,632.4419,674.78,0.013371021,593.98553,682.32446,0.014465541
827.0,621.0483744380344,169.47795346781734,0.9920664,638.1362761206541,151.6979453459911,0.9653635,610.624913283214,157.93439924899542,0.9816619,651.3045122790245,171.40518783104696,0.6983815,587.2500794396982,176.15780324543303,0.90223217,684.8993126557576,271.7385444197876,0.99522054,552.5544522605314,268.3664241820618,0.99665284,713.1286364298545,383.3932340676005,0.95630467,527.252687061761,383.00248158668217,0.9740099,720.4338756079292,484.7869446471228,0.87807393,522.1563356879797,491.4643284296035,0.91849697,660.4599870696027,509.56242005510086,0.9613493,580.8912602316324,507.9464544296411,0.9625193,661.0090539387586,653.3340899438301,0.221452,574.8024089477938,661.4295392810632,0.23732045,631.5906,676.69556,0.013896346,594.70886,684.1681,0.0149282515
828.0,624.0387481077305,168.86190917596184,0.9920932,638.5794464790572,157.8773035692687,0.96539164,610.6518254123133,159.49445736192726,0.9816816,660.3081684848416,177.21878885571851,0.69886565,585.6197586949869,172.76672373972553,0.9021051,684.9056625479091,270.6728988951334,0.99524224,543.4700256569702,265.9148772115335,0.99670744,712.963456014532,383.27014328150585,0.9566461,526.4143863049934,384.92201591593033,0.9745649,717.5630904295873,483.2582293878795,0.87919325,530.1620439592352,493.85429683229864,0.92004406,670.0560331142312,503.4605351973559,0.9619862,580.1290481499141,504.3411960792858,0.96332407,662.4953808235925,651.9907896097724,0.22351274,574.9913890135518,658.9027958064612,0.2405104,632.47516,676.6045,0.014012963,595.07477,684.18066,0.015119523
829.0,623.6994066456577,171.02120390153397,0.9920671,633.3350129283546,159.29283291529367,0.96553135,609.1943158932775,158.51947870898826,0.9815742,652.1177614437619,174.6041867601417,0.7013649,587.1272984553367,169.02329543422906,0.90090716,685.5630676873424,275.00917275902617,0.9952122,550.1269505490899,270.3757511000856,0.9966854,709.5299886395122,385.0294565828177,0.956651,522.2445145913979,383.5595967173165,0.97453696,711.9576725039967,485.119279948182,0.879892,523.8438436262605,493.59046867508937,0.92027867,671.4605017280927,502.92830245360454,0.962188,570.798264918986,504.3978232980171,0.96352583,664.1197492275509,658.1057157319381,0.22636262,574.0388141246046,659.0950085399331,0.24342704,633.0021,676.4325,0.014281601,594.2167,684.2488,0.015411824
830.0,623.8533481873055,170.7396755730144,0.9920378,634.4485315043382,155.64497748904944,0.9654316,606.3188788905074,160.0327128944547,0.9814842,654.0779188941453,176.20203010417757,0.7024945,588.5306481368026,172.6085643772345,0.90061116,682.6456198189463,275.84651789315745,0.9952259,548.7238793739319,273.2728237936941,0.9967207,708.4161813277694,381.09901131034394,0.9566312,527.4485327070767,388.4770595691507,0.9747517,715.4102163152595,486.0185159936664,0.8797257,526.1539917842724,492.5601348685084,0.92065346,667.3981476305366,504.8115900099556,0.9622054,579.3663377943705,502.52953879098646,0.96367806,660.8525759601063,654.4474832203142,0.22582906,573.7327912891998,662.2420214055137,0.24361244,632.7893,676.4424,0.014222115,594.9591,684.2235,0.0153988
831.0,622.0882327509769,169.28915411980884,0.99202144,642.8605288913176,157.36897887871362,0.9654795,610.6670780945916,161.0847580286801,0.9814632,657.3285676425937,178.0414042100388,0.7027484,588.5309884652897,168.5567956581244,0.9001261,685.169007474197,268.12977260737586,0.99517596,548.7265188773747,266.5279840307569,0.99667954,710.9806175521312,383.49233509870487,0.95642114,527.9789533011574,385.78499898582,0.9745628,719.8078917905551,487.15734939161933,0.87970877,526.9523415926667,497.5091931223865,0.92030483,665.3216548191884,505.1543379749597,0.9618033,576.8616548904763,503.50892067534005,0.9632604,667.2109981190646,654.3083346070142,0.22280699,570.7091128055438,656.5693128075325,0.2403698,633.6196,676.43195,0.013978332,594.8267,684.37714,0.0151385665
832.0,619.0987025949962,166.6113293368687,0.99200106,634.3820040821208,159.66679215458296,0.9654653,612.7474283061276,158.1235201393097,0.981417,658.1655418138128,171.52910680111333,0.7032118,583.7369218690013,168.69354125075085,0.89971614,687.4038194465912,272.58455542801056,0.9951451,550.2334634492611,267.3211922402981,0.9966636,710.2476551650243,385.952094439737,0.9562318,522.084747989801,380.82736572481605,0.97449553,706.5603079672328,489.07689073953327,0.87948525,518.4865693005919,493.9420377542966,0.92014474,666.5871258699215,508.2831703621706,0.9614048,575.1397326972599,501.8562566948913,0.96290624,668.775873581333,651.1471235698248,0.22025442,571.3811759124478,653.8266450936028,0.23791993,634.0097,675.6657,0.013796568,595.03186,683.7728,0.0149602
833.0,626.0198210739487,170.4192444582448,0.99202037,638.6141850383818,158.4059507233388,0.96565366,607.8437819020287,158.23997524731223,0.98144096,655.5565113185395,175.87161789807766,0.7038762,582.9778987498529,169.3074787200017,0.89925694,685.4414604149174,274.588454002064,0.9951389,544.4974446511874,269.7646387839861,0.9966428,710.0230682664496,381.76082751547665,0.9563457,523.2904058295882,385.00356954360893,0.9743887,715.985844458639,487.75710103010374,0.8801781,526.6649850792428,488.43265295314615,0.9202435,664.8015782510608,501.9977436697279,0.96169996,578.9946417069689,502.1788456296814,0.963102,674.6464596988515,650.8023754897692,0.22272217,575.7752723680478,657.1364264873707,0.24009538,634.623,675.6901,0.014019221,594.5189,683.81396,0.0151795745
834.0,623.3757900251097,172.45582549905305,0.99199903,632.8164366966254,157.13509613412916,0.96554863,609.4745093787589,160.3819719687188,0.98141325,655.9939287800297,175.88649835249515,0.70376635,589.2381033927196,174.2064505599257,0.8995544,689.0114611430307,266.6195697169813,0.9951545,544.6997588226881,272.01139217805417,0.996648,707.5965378497106,379.3790394035261,0.9562775,525.4730298455373,389.06361408449936,0.97428036,717.3729355857519,487.88977314409357,0.8797666,525.372237092328,493.84860253872813,0.91977054,662.3881202682237,502.4762149674739,0.96162057,573.8944280821753,507.192526038752,0.9629882,667.5943290597974,649.931396972722,0.22262448,574.8748547428225,658.3530088752258,0.23978639,633.7558,675.8042,0.014024973,594.78076,683.94794,0.015172005
835.0,624.6876460562642,173.18795636402035,0.992001,641.2632997249877,162.7336319356125,0.96561426,602.0837710593652,158.04462571557886,0.9813718,652.237668381246,173.383086206663,0.7042637,583.6920379264014,175.9141167050352,0.8992716,688.0029012836796,276.92575215259353,0.99516326,545.136066056253,275.88725058673475,0.9966366,714.0656378687737,384.96151047053127,0.9562867,523.7586135837943,389.0337811982234,0.9740924,717.5056909204951,488.0048699876388,0.8794222,524.0723706296369,499.765766430164,0.9191785,666.9401476835594,503.5792823333823,0.96152383,575.6223556312804,509.640110194949,0.96280205,664.4903631848053,651.900013432045,0.2227807,572.5978308438439,655.7772346781446,0.23940626,633.3144,675.88617,0.014058799,594.6801,683.75745,0.015176326
836.0,620.4490890555046,171.81003023562815,0.9920058,644.332575275,157.63199716146343,0.96551,612.1708885766767,160.82538901416606,0.9814253,652.2103825525368,173.71640050389786,0.70303935,587.4427386267402,168.44605507279394,0.89985347,685.5992443278859,272.3949168983793,0.9951658,551.7501980032615,269.9360004636582,0.9966492,711.9946733590865,384.21179261009667,0.95625246,524.8184795874453,385.51566554462033,0.97420275,714.8861316377602,489.66544138279636,0.8792968,526.6459028873384,495.88410080215283,0.91941786,665.7561705814996,504.914260475461,0.9614446,575.2143681487007,502.38107528854204,0.96278375,663.8173393588884,656.6694043091505,0.22169146,573.2123014410001,658.6997772255168,0.23858687,633.31177,675.76294,0.013960481,595.00854,683.59094,0.015086383
837.0,621.3489396433524,172.23245495972293,0.9919754,635.4160677013618,159.88931549244288,0.9654552,611.6053749247267,159.58869733203505,0.98127735,653.4967725137442,176.98008995791375,0.7044488,588.0736660726949,175.75568806721972,0.89918363,692.6543742994033,276.91200604912075,0.9951702,546.9586637584891,270.35369087456826,0.99665076,712.9459200919404,389.5615993541641,0.9560747,527.8126898640312,389.3453156120087,0.9740652,716.8687323845734,483.15153634881807,0.878696,533.0513323260002,498.1445667242082,0.9188652,662.3759659247531,510.06616889549485,0.96107185,574.1141757416508,509.13818498030423,0.9624328,663.6664176183065,654.9660076486349,0.22027686,574.9747252674007,653.3663267076689,0.23700458,631.5328,675.4544,0.013858467,595.5301,683.02216,0.014970243
838.0,617.4904984513857,168.0689750788291,0.9919555,641.3917878778565,158.39807173843744,0.96526897,606.8268045876935,154.1061666166566,0.9812857,650.4030049202232,173.2514651245412,0.7033469,587.5401282305635,175.1325656447952,0.8994443,682.965023538718,268.27365543767183,0.99514115,547.6793578042128,267.9848044784631,0.9966591,711.8866304876939,385.90373963441095,0.9558604,528.7074693203829,382.1517533011167,0.9742596,713.3024252548577,490.16776955736174,0.87867296,528.9500015052113,495.6597877487341,0.9195119,669.1582719930399,508.61702063855114,0.9607432,576.4344486842889,505.614419381257,0.96227854,662.624829040753,658.1751232580557,0.21872735,577.8100928917218,658.318246037354,0.23623917,631.8396,675.6796,0.013712317,596.09906,683.2693,0.0148606
839.0,619.1772091903492,168.8154917212306,0.99203646,634.2604628528555,150.83661475604288,0.96563816,603.1405389881676,155.26046857882258,0.9814062,656.3515075966891,177.51455435822282,0.7043459,580.1066198722062,172.25959988653997,0.8992935,687.4172517112165,271.2704244554818,0.995178,552.8592159067778,270.611621627669,0.9966745,712.5113465337506,386.66335540005605,0.9563961,522.2077549570201,384.73605076579537,0.9744321,714.9335971298062,488.4046019781807,0.87986255,526.7362294426241,496.1784404091616,0.91989326,660.4668265849136,503.4660679858218,0.96169364,571.4171142778699,503.5291077373481,0.9631078,657.2510921099291,653.5238014416313,0.22246921,577.9630800045699,659.4743353751245,0.23963481,632.277,676.3562,0.013959974,594.5179,683.8262,0.015099704
840.0,621.882261828482,169.21982819629395,0.9919481,637.6880450770406,158.49735848364088,0.9647944,608.7392787029629,156.64565483009784,0.98139894,653.4019362497712,173.9961937641961,0.69999963,584.1330420148861,174.8002156694541,0.9008429,684.1054201763278,268.44268922803747,0.9950712,546.7121207971555,267.0855578034208,0.9967322,711.3048428257644,390.96433252951607,0.9555647,526.0352512769001,386.822516147901,0.9752712,713.8308702731276,484.0209091220771,0.8782929,520.3665720783858,495.9748059803768,0.9219292,665.9193868663164,507.3763636046777,0.9596297,578.6844755402059,509.7483802449298,0.9618691,667.6706680668735,650.1259843515197,0.2049894,573.9888868568244,657.5934138761743,0.22496772,633.2405,672.44794,0.0125231445,596.2212,681.4762,0.013747543
841.0,621.9510752587602,170.35501072345028,0.9919681,635.4784879035922,157.5241475688415,0.9647312,604.9170135623709,156.7970636466934,0.9814811,653.8055842476001,172.52831437382696,0.6978498,584.869833110297,168.17746508375552,0.9012656,679.4338786888345,274.47067434224135,0.9950471,551.1991153876509,266.41588178973853,0.99673116,718.9279968693802,386.39943962453196,0.95554054,523.2347155506362,378.8111376577269,0.97541606,718.4401044458339,490.0054568333215,0.8784938,523.9333566345136,495.1033008674644,0.92246133,666.2291058914926,504.3580252079088,0.9594396,573.8837383413161,506.345338940262,0.96177137,655.9729615849062,659.4075482932271,0.20366317,572.5513379617673,656.1853947136918,0.22382721,633.6769,671.8146,0.012417734,595.93915,680.3985,0.013644427
842.0,623.1157324432997,169.95204872176132,0.99199075,633.6829062808279,158.18996988750172,0.9649538,604.3528962627933,159.05887495306462,0.98148346,655.1890364662975,174.7685817427469,0.69888514,583.7041238326859,169.57305402249997,0.9007478,679.2599891187881,273.66011925516744,0.9950582,551.083885287539,275.5838071901819,0.9967117,708.6902669672959,387.993766390755,0.9557328,531.0228624235498,383.8931975929213,0.97524595,713.8691009125253,486.35548116427134,0.87908113,522.7628207159471,490.0624004245912,0.92219406,670.355938697885,504.5995603730735,0.95984125,578.2713455842159,506.2010108872395,0.96199536,671.5078798075947,656.3041572217949,0.20809406,575.6721130411862,656.2898295433529,0.22772628,633.9437,672.1649,0.01279968,595.06647,680.5801,0.0140171945
843.0,619.7331149116029,173.2079207650477,0.99202466,636.2798553637875,155.25960691663127,0.9653164,606.9132779367144,157.2314167820704,0.9814551,657.9131901731649,174.8781405078279,0.70158815,587.8005541076984,175.71553033969056,0.90023243,685.6878304659758,269.26320475890725,0.9951465,551.652264583461,271.4406071347642,0.9967061,713.4589959826783,384.0837250255331,0.95625746,526.6841905183949,383.62453643960475,0.97488093,709.6413651911274,487.6847803805431,0.87973416,526.4713186477311,495.86342352535985,0.9212464,666.7355313640643,508.6289051623157,0.9610068,578.5198968726207,507.31918147623065,0.9627459,661.5159440755946,653.7315252326322,0.21713725,576.3906788812583,653.4331941866667,0.23553902,633.4585,673.5371,0.0135546625,594.96277,681.71204,0.014743626
844.0,626.0227887627552,173.505577204922,0.9920396,641.4932923519534,161.45462496239327,0.9654362,608.5727561065436,163.1963489762979,0.9814733,657.8986126222832,178.4462777939562,0.70209396,585.6433965959651,168.65374064303307,0.9000102,684.177973431053,270.9918342061471,0.9951565,555.2610293135698,268.96093739696903,0.9967005,713.9756150305656,386.97538596974766,0.95641816,526.8813478077793,382.7814098564051,0.97485864,718.4303624153528,488.98932994614717,0.8804823,530.6455464259731,494.9287862605843,0.9214654,661.9619518517446,505.0801377984075,0.9614042,578.7690112227591,503.6914265196846,0.9630555,661.9707058248072,656.0889790052407,0.2210477,568.2630328115843,657.0921369793975,0.23933434,633.81647,673.5792,0.013905108,594.47797,681.8423,0.015104353
845.0,624.4986797322188,170.69321861279914,0.99207175,640.0156942152516,163.36314450251388,0.9656943,602.6691323725167,154.86210030514337,0.9814973,648.1242370382724,177.2251997171647,0.7038524,583.6348389349363,167.28555994918497,0.8998536,680.6438710647913,270.24025703911633,0.99521554,553.5048384501313,268.2463412759179,0.9967065,708.9884055804802,388.4236901514049,0.95681745,526.3252216610753,385.5854334432086,0.9747294,719.8275149457346,488.97191588852183,0.8808923,528.4053363850498,494.2721251543387,0.9209944,665.0132777010685,507.2688918719814,0.9621507,573.1917531935823,502.6233722024531,0.96358436,661.5357295488672,652.4572795011388,0.22636312,576.8791181122536,655.3174981046324,0.24381083,632.70435,673.99585,0.0143857,592.5812,682.4497,0.015555948
846.0,622.0175450799877,172.7405262316353,0.9920837,631.4386884679459,155.43732445130473,0.9653939,604.7355911123238,157.90783889513702,0.98160475,656.2424846318654,177.58103478993664,0.70150185,583.5846871147427,171.54769083552236,0.90137607,685.7640197808656,272.43740966762937,0.9952548,552.7490660876413,269.5730820518953,0.9967761,712.2782898563647,386.237628596247,0.95701444,524.4540905197186,382.5538018110284,0.9752939,714.1176849995811,488.21624347573874,0.88107026,525.2657269591409,492.9739536174309,0.922134,666.4198821546784,508.69590058618365,0.9625544,576.2091115806302,508.25047670424084,0.9641805,661.9160311383561,653.7801672225339,0.22648376,570.1493031612398,655.5332407494044,0.24497905,631.72473,674.3901,0.0143123865,592.55444,682.974,0.015526831
847.0,620.1735790728369,170.90185015339188,0.9920656,635.3984375861628,159.34073086753602,0.96528035,611.2993140896987,159.71701633219544,0.9816557,653.9582839374041,178.11655939880953,0.7003966,590.3854376109583,170.04980456376975,0.90165937,695.2078396632841,276.38701846707585,0.99523664,547.8116376369233,267.34503261985776,0.9967686,715.3756165423262,386.81078910368774,0.9568592,526.2486349825225,387.91329622402054,0.975338,714.8649995165159,487.6219264101763,0.88104045,523.2289897195348,496.1797713057621,0.9226092,665.3526072804102,502.92159760638685,0.96250075,570.7396771500291,509.82889821166907,0.9641899,655.8831763984256,655.0599386415643,0.22730318,574.7810521038706,661.205119961676,0.2462923,631.51227,675.1085,0.014402539,592.44104,683.9247,0.015642494
848.0,620.290115092541,171.39571379723793,0.9921107,634.843675088547,158.16866017226175,0.96521795,608.0490991490221,162.76538262515862,0.98177445,653.6545693972519,171.58565303780944,0.69889057,581.0950716137351,170.85108575880346,0.90228075,685.6507374103863,272.4352090473575,0.99526465,548.4020301188118,272.56692658573553,0.9968278,713.4532044508185,387.6743000509401,0.95725256,529.7813823031814,383.8692686747592,0.97590375,715.8479503202719,484.8590276885886,0.8826522,524.6965020443334,491.88912616106825,0.9243353,662.0964173948621,502.6465601491766,0.96325874,576.7067977597234,510.816416669889,0.96506566,662.126445793059,657.0245121529891,0.23068973,573.2418502076257,660.0847821938376,0.2507158,631.9502,674.9807,0.014614582,592.19214,683.6439,0.015923738
849.0,617.9930293245596,174.16897355528914,0.99215233,632.9513569864515,156.58362833114774,0.9654976,604.8107968472597,158.70121461888698,0.98184264,653.7435657798655,174.61177434300717,0.69947296,584.5955519123579,175.2190023598899,0.90200245,680.5358436188824,277.0549741969363,0.99525535,547.2095875400864,277.23602394967713,0.99680007,712.3736612621319,384.5332526792987,0.9573612,528.80402034538,383.38586035961487,0.9757292,710.9713167476133,491.6915805734405,0.88299507,525.7012930158438,498.4061375989115,0.92413163,666.4838592201318,509.44409216996723,0.96336347,575.5228587731123,509.2715381268705,0.965044,658.6496352191465,656.806344901335,0.22958586,569.3229009072576,659.2417401152283,0.24888948,632.82574,675.7972,0.014487177,591.29987,684.0321,0.015754104
850.0,622.5495094654523,169.97453407030142,0.9921702,637.3934310458225,157.18836642521583,0.9657829,605.9899544419247,160.70636442716568,0.9818398,651.1116481752459,177.62317109310985,0.7015425,583.9188593693233,166.45056085279808,0.9014702,688.1488295914135,272.9958470683129,0.99528515,547.4417739245355,271.42408073388015,0.99678665,712.826436576883,390.44452492601874,0.9576744,528.1488062103178,384.1941852872305,0.97554976,714.9572027314435,488.48355379260767,0.8835038,529.1452359063488,498.5581044238343,0.92362034,661.2899760491487,507.6559307741444,0.9641173,575.0018956254073,506.77371111470137,0.96558595,657.7962686017704,656.5513429300341,0.23603398,564.9213805667275,657.6464125564796,0.25457412,633.4896,678.005,0.014986664,590.3379,686.4776,0.016236365
851.0,617.4912486896792,175.19630586408482,0.99225926,634.910093625584,161.1307321609773,0.96575963,605.6073361292424,158.33838116259662,0.9821621,651.4297204099903,176.07575375813883,0.696931,587.0424468145635,170.68090950131815,0.90392697,689.3711776946344,273.1920493366267,0.9953686,549.4734999985254,268.7006091220034,0.9968101,711.3942178604326,388.7752966528642,0.9582329,524.7258496458722,388.076404095399,0.9756111,710.7944715625632,482.7220366113371,0.88416266,519.2853033467004,493.12493532431824,0.92364335,665.6415742621137,511.7596570800669,0.96520233,576.8356165411194,510.65972233675836,0.96643245,665.7292002823885,657.8391958253261,0.24386132,574.2170540231675,663.6434118185181,0.2614944,633.1301,680.5292,0.015594959,589.9886,688.9788,0.016792178
852.0,621.5268510338615,173.32674069909143,0.99224114,634.4784998277479,164.0353251164353,0.9652976,609.5804236014966,160.1628872349877,0.98223966,653.1865935588318,171.9692086943936,0.69320095,587.6500341636994,175.11760159436807,0.90525043,689.7806474378211,272.986468234192,0.99534744,552.3761868676631,269.03008549630874,0.9968561,716.3478648175336,389.78518233957396,0.95804775,521.624255373301,389.45311216396067,0.97611654,720.2241854645748,487.94631201818726,0.8839619,524.4965542897557,499.3288761427277,0.9248835,666.5427568558426,508.91557647068936,0.96481293,577.2640323994882,509.4981105943549,0.9663501,656.8439262167403,649.7934295179151,0.23857844,570.0610450953856,664.6454097138002,0.2577931,633.624,679.59595,0.015080214,590.9351,688.27374,0.016340643
853.0,621.926272721211,174.98220759094414,0.99217755,629.6767134979953,153.3663290520301,0.9652629,606.0584395720359,163.93560105872353,0.9820504,654.7980240499844,174.07537512796299,0.6950258,579.3190989296704,169.80844430555356,0.9044142,686.561253490582,274.14609402365903,0.995305,548.164451767812,271.177538553156,0.99681294,716.4953423844657,386.65570826024475,0.95748174,528.4376423542852,390.9124042085828,0.9755976,709.8329015123165,487.71751389878887,0.88186276,528.2562713387781,492.31794920779373,0.9230341,661.5378961348504,505.5435198193459,0.9636034,578.1296816829317,509.437171987407,0.9651278,662.6818908161168,655.3303655568529,0.23006532,570.3442364242325,660.2221514400069,0.24854058,633.1757,679.1255,0.014402062,592.2377,687.89014,0.015597701
854.0,622.6473182393364,178.9700404302348,0.9921424,630.8843551729822,160.09204650196423,0.9648973,611.0566580553408,161.7087825492461,0.98205066,652.6384909706519,176.9183655542908,0.69285023,585.9899498064942,171.94711260118436,0.90491104,683.0638673512891,274.8591565716949,0.9952488,547.8718999555562,270.68198550434283,0.99683666,711.2438739090743,390.26693523892567,0.9571018,527.4595884852562,385.83889405172533,0.97597873,712.2416617156251,486.55964282475577,0.88119346,527.5860809069171,496.2769312926893,0.9239677,667.128104157444,503.6612844365475,0.96275043,579.5412289392291,510.2837631919651,0.9646332,665.157448939162,658.7691918204556,0.22085345,574.8006072973815,664.9997904749999,0.24059117,633.5206,677.6717,0.013611168,592.29114,686.2472,0.014844894
855.0,621.6382135890736,177.62401924888917,0.99216795,638.0588625296006,160.30023584098407,0.96471804,603.8744901006148,156.8473839633821,0.982231,649.9954320396296,174.91406913647396,0.6890993,587.7152137169162,176.70767106029868,0.9064662,685.6214770233686,272.5148137773858,0.99525815,547.5669360397035,273.56108644532515,0.9968469,714.1009559846387,386.83550139001227,0.95707995,529.9692633165029,388.12316504515576,0.9760642,713.3803490275996,485.16288900229665,0.88089454,523.5874212803159,490.81908989185393,0.9241829,660.8475613847667,506.18615972075537,0.9627133,578.0134794270117,509.35879607656966,0.96462077,663.891793179712,659.7472576065514,0.21933454,572.7045711586143,659.7217119718258,0.23912966,633.39954,677.60596,0.013487548,592.67456,686.2739,0.014706284
856.0,619.2440684986612,174.62782012552887,0.99212945,634.8229864955089,157.8306439172855,0.9641992,605.4979680714496,156.876823369834,0.9822705,653.7671073238643,181.97362659281893,0.6863324,591.2558934673896,173.6332164148695,0.9076264,683.7783862788782,270.878143698937,0.99524707,548.2752853557178,269.9053473543325,0.99691486,704.1599256897466,388.8586924486872,0.95695865,527.5808307461896,386.88350493206934,0.9767103,709.9154133216116,488.49830627761975,0.881145,522.5356452848221,494.03952026410843,0.92589533,666.8406728079339,512.0772968499037,0.96265817,574.7066456178513,509.51257569894193,0.96493983,666.4325420410224,658.2038870756822,0.21769336,574.762415425671,663.7771092237924,0.23946902,633.8657,676.8072,0.013320595,593.8925,686.0789,0.01463744
857.0,616.1312690934674,169.77601091297927,0.99209476,630.83660557766,159.68324836077178,0.96391344,615.1017395730267,160.97617151680737,0.9822475,649.4374832701758,175.6480446234376,0.68492615,587.7402731927401,178.6697184726844,0.90812045,683.4082461067209,272.4086298936807,0.99521947,551.2068562931278,273.10372238823675,0.9969263,711.7096949410765,384.1235130312753,0.9566372,525.0702698233943,387.3987760013294,0.9768077,715.0969940658211,483.57073940420395,0.88033175,526.2775358205038,500.9695845188452,0.92592967,662.6896125078155,509.0839430404907,0.9620353,583.4076832848265,513.9987324017155,0.96451175,669.7907215810756,652.4827519115071,0.21307984,577.1666879139397,661.8474930383021,0.23536792,634.0762,675.7821,0.012951344,595.0171,685.4679,0.014276981
858.0,620.9726395684603,175.03136829002895,0.99207294,635.5573308507411,164.105969004617,0.96342695,605.3455542919285,156.86773499899866,0.9823221,651.8909006523056,178.59756039277582,0.6816324,581.4810536867761,175.74018897569115,0.9096937,685.4964639376853,272.9954608932684,0.9952427,547.2215063071823,273.28710713481206,0.99697936,710.8560596846518,389.8998541557075,0.9565269,520.5350578619577,388.58382265636595,0.9771679,716.286321485717,487.7633609981982,0.8800006,530.8586539158847,501.3195837437337,0.9266843,667.9578044416197,512.678234242565,0.9619498,575.5112890086673,514.0599790991591,0.96464175,668.3657567884944,658.2810351180891,0.21143559,576.3769115998208,663.3339316451792,0.23474395,633.3432,675.37195,0.012809217,596.3236,685.00006,0.0141759515
859.0,622.1498687874764,175.44919619231527,0.9921265,633.7916706298402,156.2468663599946,0.9638523,607.7517787865869,156.07703586236954,0.98238814,649.8520977059101,174.68834447655374,0.6829976,587.0555717574764,178.05434125611174,0.9091346,685.5510742128386,276.25570247848844,0.99524903,551.3956479168022,273.0451344789277,0.9969438,715.1443896758801,385.4908613840943,0.9568111,522.1636562782006,382.26811066102084,0.97694737,711.1898609846246,486.9069371129304,0.8807111,526.4791386942164,497.2663064633176,0.9263102,667.1385152337959,503.3267261284871,0.9623775,578.024895002814,517.9554108363477,0.9648287,665.004563951859,659.6652819956139,0.21429628,568.7918113091481,663.943857790889,0.23670164,634.19904,677.01447,0.013011992,595.1836,686.2894,0.014342964
860.0,619.3311062958767,177.4432635146605,0.9921715,638.7970033772104,165.02860793990465,0.9639783,608.1029215317056,154.05450771391972,0.9824907,650.6532411950982,174.417311709518,0.6820757,586.6898940402474,176.1588240646094,0.9100197,687.8615997997488,275.70253519154517,0.995326,546.4238682298877,267.8758816835361,0.9969382,714.4167509616663,389.5195818101854,0.9571254,524.9653111896789,391.93918315916005,0.9766542,715.3609823493623,487.55724086320953,0.8809688,522.6262119056883,494.6718530295508,0.92551076,665.8062915885197,514.0053525309905,0.9631072,576.7541635262556,508.11914861816985,0.96523046,665.9982280107213,658.5484621390947,0.2226061,575.9734450444665,659.1872391796379,0.24386823,632.96,678.7311,0.013703734,595.1801,687.0706,0.014995068
861.0,618.656852300087,175.9446040505121,0.99221575,632.8374378456032,157.06332691921884,0.9641922,604.1482449483879,153.02258919290566,0.9825529,653.802504825222,172.70321426072516,0.6824332,584.5331274869142,178.43695567965068,0.9104209,685.5137993076853,278.89910277533244,0.99538547,551.5144065831588,276.6940975735461,0.9969361,709.9400554807581,386.9316879604073,0.95747113,522.8605015443326,392.7045575975773,0.97644126,714.4631846366567,487.6510074520047,0.88084435,517.0164544214674,498.47201061979786,0.92461693,666.3096498192402,506.2991310378972,0.9636483,580.1984392049122,507.6993516903007,0.9655166,668.0411079576402,663.7497774933634,0.22602013,571.0385461177812,661.9965333361636,0.24611586,632.52356,680.5028,0.013959616,594.8723,688.0724,0.015196025
862.0,617.7531810290585,174.70876344459097,0.99222726,634.2574754389681,155.74591377764563,0.96446574,604.1135652060206,160.97741916878567,0.9823855,648.5003492084704,179.64718584825533,0.68637526,584.871909699404,170.85426052035876,0.90877473,685.0329828954052,274.1156377622336,0.99537575,548.8446051585258,273.9146761783385,0.99695164,710.3621990946467,383.3099211310518,0.9575379,524.4833693665321,383.20229996344506,0.9765742,712.6506053547747,489.80375279738894,0.8807925,519.3522395711055,500.5680610919694,0.9246459,665.4042031044963,513.1620362699716,0.96337485,570.5320581343215,520.219471651287,0.96535707,660.2339392295337,660.9898830407633,0.22080195,576.546355025835,665.2025309522132,0.24096802,632.0852,679.2044,0.013483435,594.033,686.3694,0.014714658
863.0,617.9150300871951,170.81354727904747,0.99219537,634.5089614519317,164.8829607197772,0.96506035,600.8667267890079,164.4248382185166,0.98196316,652.6286557248377,173.56812290193207,0.695879,589.8588934168812,179.9520542943056,0.90515614,683.8082009501071,273.8468602854955,0.9953891,543.9609630848961,274.4872716926333,0.9969276,708.2637435330196,386.7722782906694,0.9576762,524.1013157664552,386.8119125837722,0.97614944,715.9049282633248,483.9426412537132,0.88030356,527.811558408234,496.8516624881746,0.9229822,670.7890322440329,507.4209098042766,0.96326876,573.9838785227454,509.8300530873336,0.96508074,661.5119970390812,661.9611942923891,0.21866873,570.4914762325433,663.8937311216017,0.23773116,631.67065,678.25684,0.01333797,593.8103,685.1625,0.014534205
864.0,623.047342531084,172.75186924791825,0.9922141,634.5682062415369,163.70522121105483,0.96493304,608.882310974201,161.72384015288344,0.98200965,651.4351778363165,171.63149035361374,0.6951758,584.5001955326741,174.97829185046018,0.9054626,685.1262807462558,272.7831230520506,0.99540514,544.8004159841302,273.5539125842968,0.9969897,709.265140193816,384.5521390509545,0.9579788,527.1759409674488,389.0859608181249,0.97682303,710.3695302671748,486.13790830628716,0.88158906,523.8395928141767,500.72613402686426,0.9249521,662.6858359105934,509.4285474327769,0.9638865,581.1744629236113,508.3782629902726,0.9659188,662.6347826593345,658.4147695177699,0.22134304,572.3586263311438,661.2449228986559,0.24211255,632.94214,678.2986,0.013474435,594.424,685.3374,0.014772415
865.0,618.5421131669124,172.9128430058105,0.9922515,637.6521444942917,161.93335449221277,0.96478915,604.8504976397799,163.18623020709174,0.98216337,652.5484506146964,176.15591443859273,0.6921737,583.9264061670158,178.00743308551165,0.9066881,686.2582224998952,274.4251109165457,0.9954221,545.5445405909753,271.7680769037476,0.99702275,710.6828968123003,392.5083528294842,0.95817304,524.7739362971407,387.1322732884613,0.97715366,714.7480668936506,493.8463045800273,0.8822079,518.135381721371,504.46518639106563,0.9259591,668.8436854545785,512.1907459489304,0.964251,577.8579607862199,507.6953807880671,0.966354,666.9427933207562,657.0367117898627,0.22178808,573.5443765270758,668.8309020481486,0.24314731,633.6198,678.64294,0.013446301,595.3608,685.61084,0.01476717
866.0,621.2463759877834,176.3594233692781,0.9922606,634.4057096010345,161.97281400310663,0.96464634,601.9050707827514,159.4139073061969,0.98217416,655.798687363738,181.74216238036254,0.69156474,588.0212025751989,177.91396914353163,0.90705574,688.0758328218678,275.74247984285876,0.99543667,545.5543461891556,271.18407316354916,0.9970741,708.6169931287341,384.8281514301681,0.9583748,520.1134575731613,390.33220589129536,0.97765887,712.313807902759,484.5860615177623,0.8825543,523.0489979472852,494.97464305551694,0.9270046,663.4951526951878,509.1772525096049,0.96452314,578.7153306701317,509.657802831527,0.9668182,666.4096144605238,661.3231057377658,0.22117332,573.4927343099723,661.800307471979,0.24354076,633.448,678.04834,0.013344586,594.5017,684.86444,0.01471433
867.0,625.0398386909617,174.34647184272876,0.99226093,637.0466947278937,161.7044726960182,0.96465445,600.7750406715767,167.78082994903113,0.98214793,654.5599844515458,174.0075772262414,0.6918179,584.6968671906193,178.19383240356365,0.90689105,682.0733248182298,270.19653552265606,0.9954326,554.7108922589792,274.7300379597596,0.99707156,707.7897720109122,387.0551016311974,0.95832634,522.487103134808,386.78033782332744,0.97763383,713.7290567796554,491.21818228238277,0.88200885,522.2451529530111,497.48850931278383,0.92668176,665.6148622625428,509.70108939543144,0.9642558,580.5062143130747,511.7598711897746,0.9665788,664.4587694987035,661.8444609460669,0.21789616,573.4151598637864,663.0814964591416,0.24002641,632.86395,677.82715,0.013082057,594.06537,684.5287,0.014423847
868.0,619.1173332731443,174.519499708283,0.99225897,640.1649279926803,161.5275948816227,0.96510637,606.2109957092232,156.5248276649503,0.9819703,648.7989344096459,181.3197023029611,0.6965295,582.2769243050508,172.06469182820635,0.90491974,683.290080966512,279.26313640605207,0.99541456,544.8580213476752,273.6194451792927,0.9970211,711.9048050916481,381.6441575080909,0.958266,524.8297140000037,388.91563831599746,0.9771334,715.8378634472114,490.52174524001686,0.88160694,525.1012986565881,499.2310848197268,0.9253142,664.4738234067735,508.7403662799968,0.96391606,578.5933042801056,512.7792186406684,0.9660543,659.6092217374443,660.5200700927305,0.21563926,574.7265778668208,664.898775442826,0.23651439,633.32935,677.64343,0.012935609,594.04865,684.38525,0.014216512
869.0,617.8793614302325,177.11416048780455,0.9923512,632.6651325804789,159.65576627441197,0.96580666,608.4521352883519,158.2301752441545,0.9820053,650.7517623917998,182.70301175397745,0.69940954,585.1177692712096,173.34809032485902,0.904089,684.6166570717611,276.46598803550637,0.995471,543.6322261023663,271.55573440174163,0.9969764,706.869415287738,385.40002860368685,0.9587333,524.0764312151807,385.12944416228544,0.9765129,712.7235806422686,491.71398817094575,0.88170016,520.1585636676841,499.6123732529475,0.92346716,665.8151645346846,508.4477742268915,0.9644858,576.2862999120792,507.76970744520685,0.9661374,661.4230989992429,665.428390230234,0.22039643,570.9432436392095,662.6502700137382,0.23891276,634.0671,678.26807,0.013347447,593.85974,684.3805,0.014525771
870.0,623.5515652682878,174.16871535561165,0.9923625,632.933786573895,165.01094268732575,0.9665743,605.7283523444183,159.94187908524944,0.9818804,655.8077312365695,180.61959264609987,0.705024,580.4681362330292,175.99335333437955,0.9019083,691.0973350380455,273.2437592419332,0.9954939,547.5674969702216,274.13236865283045,0.9968621,709.1045972210462,387.1419275233146,0.9589019,518.7021216850882,385.72550078194774,0.97522265,715.6637161494548,487.80856411868876,0.88160706,525.7407259126729,497.0495689981936,0.9201076,661.9251590237182,509.28401983725587,0.9650565,573.2747990432969,520.7291735095887,0.9660026,665.624214836976,660.1772010851819,0.22968847,570.8505768654798,665.8663252807182,0.24475515,633.9152,680.4419,0.014187783,592.503,686.54956,0.0152232945
871.0,614.6321572263635,175.89397361581857,0.9923762,639.7494875898366,162.28957909067503,0.9663691,600.6684627504228,155.03570719320916,0.98203325,661.5176299991094,182.2966849522973,0.70214766,579.8866205958326,176.2219125807393,0.90323466,683.5272411775545,280.28894619398807,0.995497,542.8430382305855,272.56370795475146,0.9968879,715.8674878240251,391.9311635055599,0.95889884,526.0219101606979,389.4536465953992,0.9755202,716.2899595447124,488.57900388956347,0.8818338,522.1773299664155,495.5489647986943,0.9209454,664.4027550125154,510.6476754377814,0.9652883,568.7573602400593,508.4493948092565,0.96634156,670.9725195014298,660.1802372582833,0.23188663,573.3655339127557,662.6526590742534,0.24766156,633.8132,680.2779,0.014367223,591.9749,686.7027,0.015434414
872.0,624.0295825271651,176.08358695896158,0.99240357,638.5440094675173,159.75967808899483,0.96646154,607.3862375751531,163.17252712199365,0.9820924,650.2132725147148,180.24443643115796,0.70275426,587.2662525740158,175.19130459639436,0.9036381,686.0632133232045,278.18622709704846,0.9955579,549.3099832466928,271.3868979223279,0.99691665,705.590001802166,389.3010613244732,0.95928216,524.0738992575306,386.96373350893816,0.9756592,715.7999555202939,488.0750199434485,0.88216895,524.2319809311948,495.09134806943445,0.921108,662.0261502437152,512.0188953007763,0.96621436,575.4181983547148,510.51071844053865,0.9671776,664.9719686696199,663.3413387888354,0.238074,570.3320745263633,666.0457290869708,0.25387257,633.6416,682.50104,0.0148018,591.98315,689.44116,0.015878707
873.0,625.1038927302707,174.09539603466192,0.9924395,638.9591581447575,162.27293227705115,0.9671406,607.2330982428517,162.25708976511987,0.9819542,651.8148198524566,186.30256734082639,0.7088249,592.0793932424918,181.24013394467136,0.9017559,684.537556741112,284.8271903926491,0.99560875,549.1831863367262,274.9332744074083,0.99687135,709.9760910645239,390.04696060980876,0.9596913,522.9883614285993,391.14668396081635,0.97500026,713.2546632416019,491.97534839497854,0.88223743,529.3297157777812,499.5541806202312,0.91903067,665.1081334833306,514.192175501299,0.9668466,573.388784845643,507.8713593819868,0.9674012,659.9963621369257,664.1019835743881,0.24396655,571.4526958724772,666.9802890147946,0.25745565,633.6376,683.20844,0.015340656,591.00543,690.3832,0.016316652
874.0,621.2933750819608,172.1775547589553,0.992417,634.6850138065972,163.39045333934237,0.9673284,604.7840199286172,157.47736949747105,0.981801,658.5172347539402,179.44924718654872,0.7125808,591.1707702974585,175.53593247089427,0.9003788,684.4653752985416,276.45220162579943,0.99562544,549.5346092878798,274.2192777080666,0.9968718,708.9107560803377,391.0399994757022,0.9598694,527.4724568154456,389.45484519769695,0.9749526,712.1829904089346,488.4098275353213,0.8827765,526.2766035620269,497.7255556959381,0.91899323,663.8871377155004,513.7931994567566,0.9673711,574.4388334935425,512.2998703418201,0.96786326,663.4180993165157,659.0650625126215,0.24979892,573.1325831103967,659.886239759272,0.26328427,634.0085,683.4265,0.01586458,591.1576,691.02454,0.01687041
875.0,620.3798987384524,173.85625470181446,0.99242413,638.4533540424743,164.75335327828012,0.9673474,606.8130524814068,157.59971814663103,0.98183054,656.1175286071333,177.33248686349637,0.71329224,586.5787867344428,179.40124167745117,0.90106434,685.2089740900052,280.6255692991173,0.9957155,548.17567936312,278.38749803511,0.99691534,710.5126811109243,391.18197713977753,0.96041393,531.4066257864574,388.9102079470239,0.97509885,714.3230331216716,491.7309002705083,0.88337976,524.3051652805582,496.6534198337929,0.91902155,665.1200506181012,504.41146399686306,0.96860045,571.7418237719561,511.0975559965904,0.96897244,666.8131351996545,660.1901496137963,0.26142263,578.3784859694517,660.0529136050071,0.27465093,633.28613,683.8504,0.016926467,591.19183,692.2694,0.017948449
876.0,618.0884374438857,171.36461032007526,0.99241054,631.490484857816,172.44255703156978,0.9672069,607.0924405279868,156.93840452010585,0.98183554,656.3304115773316,174.587321985387,0.71220124,590.0274924280442,182.49246587384172,0.9015388,685.4477560331055,276.5534702036474,0.9957168,553.3291885251523,272.26846475440476,0.9969232,711.0219502192457,389.2905767052497,0.9603566,528.7365677122814,381.8074344515624,0.97508585,713.2386396134056,487.3643420665384,0.88333726,520.9799210279767,490.86351990386055,0.91907734,666.3422333045181,511.1092852545663,0.96856403,572.8535677636607,513.0344727564719,0.968954,665.0086097266686,667.0656390836398,0.2604727,569.3240861663153,665.6983193367502,0.27373248,632.90186,682.8943,0.016857564,591.5414,692.0356,0.017872304
877.0,622.0535793744938,180.4845215760213,0.9924213,637.4819916393645,165.87505595807698,0.96737516,610.792820886093,160.85773689785833,0.98184013,654.2996994757533,173.71077529101203,0.7127122,584.7153809728889,178.26007960016517,0.9009458,696.9289979917442,272.97374765000086,0.995701,549.2698034455058,277.04190450604267,0.99689525,711.981784409176,391.55376932748476,0.96031094,529.4367612056265,387.95998742748355,0.9748299,713.3944903350837,492.14594036130035,0.88353837,521.6570737244288,488.105287875363,0.9185885,666.2627523103214,510.5097601263746,0.96845925,575.8012698814894,503.63183731290945,0.96875477,669.750007894388,661.2037735875455,0.2619912,570.4643602534517,671.4346433649715,0.27456233,632.95184,682.5062,0.01706934,591.0943,691.6463,0.01804927
878.0,626.1464362425348,177.15599953046066,0.99237853,640.3803066494066,167.54868174545345,0.967541,612.1198016442083,158.61119893874377,0.9816903,654.6071458264574,184.369876979352,0.7155961,589.8760540346191,181.7932412151816,0.899598,686.6518384165921,276.93402354994356,0.99568623,554.2730694937659,275.90787623403406,0.996842,718.5161490126657,393.5558109939119,0.9600783,525.6654736745089,390.8351068877974,0.9742313,715.8666674363308,485.3357976261641,0.8831816,529.2543986054975,494.9837700124837,0.9173045,664.7569360882953,512.9081118244844,0.9682913,579.6072577661022,501.19408785882007,0.9684103,662.890789778276,657.3114955366442,0.26373178,571.1280312825761,661.3295943043767,0.27533233,632.4558,682.99084,0.017321885,591.8561,692.82745,0.018255115
879.0,624.6030082225775,177.6075386137243,0.99230695,635.9124981148528,165.95592380574894,0.9674667,612.6783215559893,163.5911118626391,0.9814118,655.851143669601,180.9064891557519,0.7185601,583.2740455688438,180.11303974745294,0.89786637,690.2980755872977,277.97463989129324,0.99563664,549.8851287207018,275.50713440405525,0.99684346,712.7957516143566,392.5673886088488,0.95967305,522.1826306493429,388.94744291176966,0.97426975,714.6446197654652,490.2368421365777,0.88235617,524.0948837931973,497.41573905258053,0.917205,668.0462787265337,510.4713190290557,0.96742284,581.7976687748924,516.0472527680705,0.96773374,658.8328075175956,663.1621889189703,0.2552789,572.0618570678027,659.1425283907349,0.26784566,631.95715,680.1592,0.016627967,592.5348,690.2706,0.017613381
880.0,619.9789289386305,173.1211433490569,0.99231994,637.9033148384875,163.7228324254975,0.9676325,608.0385040348016,164.6316065537045,0.981424,656.650174620571,178.92874931968618,0.7197207,590.2709160645574,173.61515041422894,0.8974583,688.8518123417497,275.1724528044562,0.99566936,553.6351073252797,272.38730499444625,0.99684227,711.0390557760447,384.77816831488684,0.9600322,526.8528286052538,386.1879104276514,0.9742807,713.5504300928734,486.9922839383972,0.88357973,530.58760790398,500.1935063365424,0.9176326,667.7421452875107,506.886916749035,0.96831614,569.4165215817752,506.22491326036584,0.9685123,660.806873766862,662.3882757111647,0.26618764,572.474433040403,665.9169721163596,0.27832454,631.98926,681.21674,0.01765871,591.7391,690.988,0.018652976
881.0,625.1092974621322,179.75863221548605,0.9923097,635.4762175166404,157.78938890834263,0.96767545,607.2809865612693,161.31815039895096,0.9813453,658.9011574289923,180.00709583989774,0.72099096,587.5725388818358,178.76524577782996,0.89675033,685.8333762073871,266.65927204981466,0.995661,548.210208171576,276.8128544965482,0.9968481,716.3093608484135,386.72444621512597,0.96005094,525.3941458481056,383.4127510294798,0.9744091,716.1960230023454,490.61314915093317,0.8836044,527.6271413218706,497.6889943237788,0.9178705,669.29467376472,509.51411686234707,0.96833974,578.8186723388724,512.3685772568778,0.9686035,660.8849448858025,654.9867467700219,0.2655472,570.6200570285874,664.986886878588,0.27809522,632.1675,681.0967,0.017585218,591.2776,690.6768,0.018610984
882.0,621.5849380789114,174.60946015944143,0.992295,633.8355883785404,165.98930243808474,0.9680128,612.096253338391,162.31295983425136,0.98119664,650.7522233228493,178.5071798744202,0.7246534,589.9637642098253,175.78822593448405,0.89538836,695.3672008891056,277.2209844873483,0.99568486,554.4937351403612,277.05624994309755,0.99680585,707.8403358940078,388.95207172366554,0.96017015,526.6511198328823,388.5028865031609,0.9738043,719.7554786326243,494.4296917965895,0.883739,523.1174224888503,494.19338415713344,0.91631955,665.7071844845447,512.5366404720905,0.9687769,574.6788236923733,511.100611750159,0.96875656,665.4849944632944,652.4862961364016,0.27339113,567.8121959066268,660.5338000604555,0.28418416,632.12085,682.1078,0.018396318,591.5065,691.4741,0.019352853
883.0,620.2589629517449,177.3819596316086,0.99230635,635.5970903251299,159.98292433635095,0.96816325,610.1110983020225,161.9575643591257,0.9813441,662.0274054616862,182.9078470336118,0.7235048,585.1883196649138,178.7367219316219,0.8954066,688.1965482545495,281.15821126773085,0.99560267,550.2618920146467,274.97317586822504,0.996736,712.0758625437334,387.7913193959011,0.95991427,525.7237468015709,393.4474714286458,0.9735702,715.8688337726613,486.94343063493017,0.88400674,526.3280763427027,499.9277427658969,0.9163552,669.8099718271351,509.0285093272265,0.96836007,574.1923784334047,506.1966663491721,0.96829474,660.8968974318182,659.6516833543174,0.27107075,569.7339552431105,660.253870640442,0.281637,634.5113,682.4006,0.018232822,589.7826,692.0839,0.019168109
884.0,625.0477864751343,169.43843946483005,0.9923016,634.1407478250179,161.71810848439034,0.96829224,608.6533068738771,168.08297577335182,0.9813237,657.7157112730025,178.75154735723802,0.7249918,590.7107813959736,180.60234447472834,0.895134,691.8941546589177,279.9474772454754,0.99564445,546.0818793793546,272.60213469174573,0.9967307,717.2559364465424,387.6512590841434,0.96014005,525.2053963715622,387.58380977853017,0.97338784,713.4479945735432,484.61423402454494,0.884519,527.5605568141142,497.0780291790135,0.91589934,670.1760776728344,507.749174969708,0.9690757,574.1953752392171,509.4910639959959,0.9688642,663.9945123338291,652.5904866134465,0.28005335,575.8173236672163,666.2971160469821,0.28991094,634.7897,684.2455,0.019100964,589.9586,693.6469,0.020029753
885.0,629.3302881901218,173.0577147953712,0.992291,636.6312006047253,164.49540637907532,0.9680785,617.375620170246,164.98008055580544,0.98137236,651.7661732808458,177.62472653184523,0.7230061,590.9106324889813,175.81610407411097,0.8959341,689.4262584931168,276.19863815218497,0.99562913,558.4097394696963,275.3007078293768,0.9967458,715.5769400716914,386.95711279048817,0.9600471,525.7502636777837,385.4436205207855,0.9736068,715.360226797108,487.70747730353105,0.8843292,524.2125029248582,499.0622250669137,0.91643554,663.8691695840187,506.2762559388504,0.9688329,576.8250658618018,507.872152413725,0.9687377,670.0136368590219,658.5603148311453,0.27631953,579.1639947960956,663.4093292465267,0.28690052,635.28265,683.6283,0.018734634,590.0776,692.9884,0.019697666
886.0,625.1870418742658,175.2334217527705,0.9922981,634.1074509178318,163.61694242659706,0.9681339,606.3322645870024,161.87126974247457,0.9813066,656.579882551364,179.81636863461216,0.7243489,591.3533738747652,178.96811695844372,0.895584,688.1584916608771,275.14672051332104,0.9956722,551.3019207180225,271.9542848274714,0.99677306,710.7236270077844,388.53598178016375,0.96036255,523.6645131193576,384.325542227807,0.9737617,710.2504006357078,488.69175972881453,0.88498616,526.0586404749004,499.36890110159965,0.916869,672.9018011167176,509.2158957682221,0.9693844,571.121816380749,509.0820989722636,0.969268,669.9188334833484,653.6109191387394,0.28160924,575.8498300440026,669.2406165197709,0.29218972,635.5543,683.29865,0.01925823,590.62286,692.1505,0.020248502
887.0,625.2590910961254,181.84068766709808,0.9922277,637.3291777991257,164.8082351848349,0.96798944,606.6742926584337,162.2724310495387,0.9810956,656.06131497709,179.92983332978397,0.72622395,595.8853427037623,175.2599554533801,0.89447606,688.6625979756355,278.9239999056631,0.9956591,557.0763126660629,273.3355271382287,0.9967778,716.1357408515103,390.4713666948555,0.960002,526.7620782434537,388.0133376054436,0.9736385,715.6386428841394,493.69840173680905,0.8842001,528.088708383148,498.50023987289023,0.9164573,666.8162641953386,507.72820497161666,0.96884567,581.7302226517539,513.0653675381152,0.9688078,664.444760128484,656.0153524759435,0.2766093,571.490726836563,658.0667818492019,0.2877077,633.78253,683.03174,0.018826991,591.7593,691.6936,0.019849122
888.0,626.2977059513372,177.79817505770754,0.9922514,638.9625053302743,160.99032797162158,0.9681556,605.524098313349,165.00895086460542,0.98111916,654.8411722880398,183.54877672162272,0.7270669,591.3687397704485,174.184150460915,0.8942967,694.8540449872706,279.622892889439,0.9957031,542.7784556993564,272.6343101106457,0.99677515,710.497218569519,387.78398729186614,0.9603485,523.1458328599147,392.2990158378694,0.9735912,718.0782061094075,489.8920080143327,0.8850525,524.0439204772692,490.71548607038375,0.9165416,666.1582810083571,508.86929952122335,0.96971476,577.3069768260034,508.79958718121185,0.9695381,667.3751646220709,660.4415096054131,0.28804228,574.451443839699,663.112105654303,0.29845142,634.0565,685.9112,0.019916475,591.8927,693.78033,0.02093175
889.0,624.2379639700523,173.27943236471495,0.9922813,647.1765713848217,166.3795265361239,0.96771634,613.3512676822708,160.73927480129456,0.981387,654.413278110854,181.18303738747215,0.7206431,590.0807587878479,177.37417312205434,0.89694494,687.5451287661948,279.54128046443395,0.99569076,551.6005601608598,277.50844031526464,0.99682,713.0887937254444,389.12326953139535,0.9603724,527.8959959492622,388.0287186312904,0.9742294,719.2838739834777,480.68189581078224,0.8852894,527.7870131347819,495.0154652622694,0.9181901,670.3168546718751,508.44900433338313,0.96969825,577.2484916483669,513.4821235160044,0.9697416,667.4584446571597,656.9073651512302,0.28439277,574.8977310170236,660.2135799449811,0.29620892,634.5573,685.2613,0.019468814,591.81836,692.9177,0.020541787
890.0,625.1553637482002,173.3575016443874,0.9922949,633.8792323190967,169.03507223483825,0.96738994,608.576029307026,166.61455852230725,0.98155075,655.5851479320859,186.80624527290198,0.7175557,581.9670832734423,178.29922345962137,0.89919084,689.7953885377442,274.7741905761219,0.9957768,553.4366200328834,270.26270059070225,0.99689996,710.0570277835805,387.48923424536645,0.9608258,525.6407624488684,390.4483375241029,0.9748241,714.7779829333103,490.76864399134286,0.886304,529.5700869849846,492.9574915223653,0.9198004,667.4687695519632,509.2566021667653,0.97088933,576.2217002492574,508.1797040461021,0.9710021,667.3862111532616,655.9803676435894,0.29918957,580.6860971017503,664.0806150235385,0.3120349,634.84937,686.74426,0.020905554,593.57086,694.3728,0.02208513
891.0,625.3956878411781,174.90232423504582,0.9923733,641.0384590063071,167.7920882133063,0.9673152,612.6708600485017,163.2148005845019,0.9818492,655.9590160892831,181.8881850704731,0.71164775,593.4632220752544,173.11690727813516,0.9016758,687.953357760986,280.0901376054616,0.9957644,557.8618096106478,271.64575835242806,0.9968721,710.5042163414525,389.56882904487026,0.9608119,535.2991471121042,383.6884072943123,0.9746354,715.8578214106344,489.08529868738424,0.88534343,529.2972332430279,497.249101337769,0.91886955,665.8005699585809,508.05218378043764,0.9704374,585.2110281575804,509.53496625198034,0.9704424,667.851878584598,658.6207080318185,0.29040876,579.3530934553914,657.5888451517735,0.30191368,635.23566,685.8127,0.019989073,592.4548,693.0461,0.021014422
892.0,626.9836747598362,172.5916358004964,0.99231803,642.1090762263599,168.52689013390815,0.9663471,608.0977244360494,161.96428359595922,0.98198396,660.4700339429712,183.14513248653302,0.7033407,587.5305817264243,180.44275255677763,0.90465707,688.3559555535554,279.0410755018152,0.9956949,556.0611659963425,272.4343591382296,0.99692863,713.2743018058411,388.49259688572704,0.960075,531.2825400939778,386.93361907541527,0.97534204,724.13165583054,485.68085874165683,0.8835616,525.0714655261671,496.7635827029049,0.920339,672.8623643455505,507.78097875962646,0.9690441,581.7984620576564,509.8978581300033,0.9695422,671.5406132255063,663.4214776790888,0.2725281,577.1247040261306,663.6893152958703,0.28697485,634.7528,683.89453,0.01816386,594.3462,691.13684,0.019291252
893.0,623.4107563592244,177.81057131669596,0.99226975,642.7380961614352,160.11022558379653,0.9659556,613.4701873948844,165.80245973291835,0.9819853,657.235315227024,179.88374081755327,0.7009759,588.9314547344617,181.97339889526762,0.9054322,687.1520875217078,272.0050971991755,0.9956485,554.2458081237289,278.59397822466326,0.9969373,712.3110249309852,386.06633364655806,0.95966655,528.3387094426907,386.4319226838254,0.9755649,717.0258600804069,490.1774343512256,0.88296974,527.3962424171073,502.9022250124812,0.92101556,670.1636989403124,507.94292210639816,0.96842444,579.5297659132881,505.6278062371131,0.96914434,666.1502088916377,661.9427140725211,0.26759896,571.0509173191841,663.3358349462246,0.2834044,635.11066,682.57544,0.017729163,594.90155,690.33075,0.018917978
894.0,622.5843751768366,171.28608126462382,0.9922975,640.6085325670165,165.9161469564932,0.9659085,613.3095196653617,154.44048765948693,0.98209614,657.6288530406446,184.07065872827542,0.6989531,589.0141169917198,184.854958655687,0.9062822,697.5388805428329,280.83142593226756,0.9956708,553.063744395118,274.69530068453224,0.9969497,713.6380332042005,389.7558603232559,0.95995474,529.9920680685768,384.7926787381233,0.9757538,716.1908006605469,487.7974421905715,0.8835549,529.1519958054494,496.8598514155861,0.92155737,670.7247975382802,504.428391647216,0.96894825,578.6460890055124,508.91996599594603,0.96963763,671.4933356725678,656.7375804376796,0.27269828,577.2773256530526,660.208368591498,0.28845996,635.9395,683.6688,0.018182874,594.5837,690.66833,0.019382805
895.0,628.7809276269522,172.35867405747567,0.9923731,643.4122013457696,163.95793328366776,0.96565074,615.2415765495589,158.29267356686947,0.9825225,656.3139236969629,179.22466110517496,0.69107777,593.13913568932,176.4846890674927,0.9093702,688.5790058468575,278.83467753089656,0.99568486,554.3634741707507,276.8249551118701,0.9969633,714.3939931161702,394.6157230257334,0.96018076,529.5680032860973,382.2919207565694,0.9760962,716.967269672577,490.46844581976154,0.8845563,527.4687276307653,494.6952664604465,0.9229857,665.3494498480324,500.77115667245266,0.969483,580.8115874372585,507.2808834235654,0.97018135,668.8418058166717,659.7053507434792,0.27894312,576.6849685575962,663.3445768083076,0.2949673,637.2689,684.9619,0.018738806,594.2741,691.1975,0.019946605
896.0,629.699661398081,176.69538333157098,0.99235594,638.739619104263,160.93872307108091,0.9653858,609.7212893499365,158.6133778438583,0.9826103,661.7710542595352,178.3770520108357,0.68792015,593.7004086002337,172.00721379292182,0.91031265,687.812201484863,276.21731042020525,0.9956384,554.575587747809,273.6646929389771,0.99694943,723.1363687136716,389.5724604469053,0.9598485,526.2026606122596,392.7549135752491,0.9761398,714.6910560130801,491.63752188433267,0.8841218,531.8659077555144,496.6525899033843,0.92325866,675.0471231873112,507.10405351443274,0.96894455,578.1547263153456,507.02798045466676,0.9697504,668.9088314548994,654.5913531824658,0.27415752,574.0136066687309,660.4440264210497,0.29070824,638.0087,684.43353,0.018294543,594.20294,690.5438,0.019512147
897.0,628.6502908003151,169.30091137063863,0.99241704,635.8148129866992,162.47505325697267,0.965912,619.4808321486086,165.1208508552742,0.9826607,656.8136910203575,182.1568077141008,0.69041747,588.0812711555856,177.83141614336026,0.9098505,689.4817457592715,277.41476697514895,0.9957092,557.5718863434404,279.0218061680455,0.9969214,712.8924756215857,389.52091406557395,0.96049976,529.9116674295577,389.04129879619865,0.97577643,714.647532926077,485.8183710953571,0.8854105,527.9358395097024,491.75806030481914,0.92243564,671.0787530961464,502.8332632790435,0.9701673,579.1107999681,506.57540643960505,0.9705913,667.0678885951065,659.7240200907185,0.28995645,575.601539076502,662.0725400895964,0.30443758,639.21094,686.4803,0.019862533,593.62726,692.0774,0.021010667
898.0,626.183926766431,173.45188629978367,0.9924381,640.259477139617,165.8396011679637,0.96613455,615.5220542554695,163.13792615435509,0.98268974,655.0594235702259,176.61095548541238,0.69202477,590.162909606663,180.83679988434554,0.91002625,692.4631734731082,277.3335592276852,0.9957785,558.8309907005128,273.4668562327187,0.9969194,720.5424776734557,389.5578574970525,0.96097076,532.3194748828637,389.2619052439113,0.9755715,720.5715063673629,487.2494979982831,0.8861252,527.6021757235609,501.04535676093406,0.92190576,672.0636293880561,505.6828778433251,0.9711875,579.5590019657698,508.58450834175625,0.9713718,666.2705429329569,657.2322727479162,0.30336106,576.2654908119424,662.2561074747321,0.31648248,639.7206,688.65344,0.021222562,593.24536,694.1929,0.022326112
899.0,626.783447524536,173.1904216199722,0.9923245,633.9347275618079,160.52582190099406,0.9660753,609.5802802348389,157.13755330667487,0.9823015,658.7986501766433,182.98523948363896,0.69696575,593.6512741338304,176.39065999874737,0.9082787,691.583121207751,274.7454639337289,0.9957727,559.4744715776055,278.41914152740463,0.99688745,713.3252395776439,390.49046828045135,0.960444,531.5697193359475,388.5125874461567,0.97490644,719.4188406884731,487.0658606722056,0.88372356,533.5461296820368,492.2957627989745,0.91931176,670.1856161394277,502.4871855112001,0.97041285,578.7198389705253,504.90626850954,0.97051674,669.418389552135,653.2980208509753,0.29704425,574.6796986175889,662.9739777438477,0.3092922,636.74054,687.8125,0.020688534,594.30615,694.06995,0.021723509
900.0,623.7551367444128,177.34636956447122,0.99228096,639.3568251547151,165.19395464178916,0.96567726,617.5744054279105,159.8259246168419,0.9821695,657.9402938741274,183.06665335998224,0.6965121,590.0875346598988,176.92657737503924,0.90837824,691.5370330758078,276.46479552034543,0.99579304,560.4261900251137,270.49338535213104,0.9969618,715.8730305726064,387.57741277832025,0.9605013,531.8440099772228,389.7804755933429,0.97549146,719.2408844485705,487.3107333741799,0.88424116,531.5107386855099,497.96555099668353,0.9209597,671.0573822464058,504.9627024899849,0.9704956,580.4429751100103,508.1891458012779,0.97084343,671.543416706143,655.6407401798017,0.29841524,582.6903764341663,658.3982668739197,0.3127683,636.8851,684.7157,0.020872563,597.5192,692.0604,0.022056758
901.0,625.382556095882,174.36810707740494,0.9922661,642.825427553894,157.69073455393513,0.9657601,612.9164981172403,162.46005779575913,0.9820945,659.1059786755759,179.42621273865024,0.69793963,593.9633683446147,177.41268291416674,0.90766275,689.3305445600298,280.2003985127075,0.9957879,556.7529370014497,273.4479208410233,0.9969472,711.6321423789333,389.8756634572097,0.9604703,528.0276234289713,386.4913482273012,0.9753187,713.3896685077394,491.63353053782686,0.8844841,525.288295934608,497.11081002589685,0.92056084,670.2347957733128,505.7030548531427,0.9705867,589.8289913438728,500.70832492842356,0.9708761,671.6924160261598,652.0027603100339,0.30114368,581.0015163763417,656.485681401903,0.31505585,636.69257,685.551,0.021137327,597.78735,692.9791,0.022307158
902.0,628.4894320075007,171.7070184433513,0.992273,634.7174054243451,161.74058204121107,0.9656369,611.3076459342282,161.37411139256156,0.98225117,655.7134480279697,177.66052484246006,0.694826,590.7502966874879,176.95728056623034,0.9083494,692.1565418483179,275.88960939716054,0.9957564,550.9079418632385,272.4575870047688,0.9969302,717.0315936102845,389.73273062315036,0.9604057,535.0399154162436,379.78135531007285,0.9754447,722.0873009152261,486.55473109222606,0.8850894,530.1619042605541,498.8298240203353,0.9215566,670.3706592068438,505.6402769071326,0.9706062,580.4340684233724,507.8002180071299,0.9709382,671.887997103054,657.351647420862,0.3033101,578.7373672135108,656.9845015350613,0.31794316,638.51605,685.8767,0.021434546,597.97424,693.3406,0.022661954
903.0,630.1969704838231,174.8418185230807,0.99218535,639.2534612070849,164.74097800518237,0.9644702,613.0831208956657,158.44090327296323,0.98238885,656.7051218277599,173.20237999248397,0.68580145,588.5977628718708,173.57587401699797,0.9110769,694.5983740006235,274.5588249268747,0.99566054,559.3978797443002,275.13151094439274,0.99698424,713.9674177931953,393.16387837405716,0.95945346,534.2248840344597,387.7456369324983,0.9762509,717.1193599385916,489.57459520309936,0.88322973,531.0135268551486,506.2536175738328,0.9234418,670.8704120401752,500.39388277861207,0.96892,579.7666811379105,502.7281174279709,0.9698715,673.2094964890337,653.1619925994215,0.28234413,583.4289578326694,657.003890416234,0.30079797,637.4517,682.8662,0.019307703,599.23615,690.6017,0.020683646
904.0,633.1382739921203,174.102902436788,0.9921142,642.2173165035288,159.16117600628976,0.96440685,612.5952388062769,158.3664276924183,0.9821675,659.5092148132186,177.64504501961386,0.6884423,590.222136991071,171.71694683197262,0.90965587,692.8032330232788,274.14348472654035,0.9955983,555.4996976191917,274.8550987704855,0.99696314,715.3163160433836,387.08940690693856,0.9589734,530.2798269313457,387.47997411923245,0.97615004,721.8697588787779,483.38503133085726,0.88275,532.6419122341543,494.40508754484,0.92336035,671.4352475544619,505.3498254340845,0.9681786,580.7904231264524,505.7094431145075,0.96926916,670.2286327698752,660.4489752210759,0.2763713,581.956311526866,657.1034131067902,0.29546988,637.1675,681.1356,0.018782884,599.4525,688.96704,0.020193279
905.0,626.6782571710846,179.5161999500035,0.99206406,640.9943612320328,159.1411741032317,0.9648446,611.7155454169721,161.62610144330012,0.98203576,658.0883071522464,174.78252193669002,0.6925458,593.9731383950735,172.74989829682622,0.90740615,696.9401216078106,280.953024042451,0.9955437,560.329969923068,271.434268549387,0.9968497,718.010195661808,393.6218824523739,0.95862424,534.4295087250104,385.30767216188076,0.9751742,715.3503027811954,486.247712932978,0.88335454,533.2331750294154,490.8721553616976,0.9217361,670.4469902695956,506.8757040162193,0.9680798,585.7634930480066,498.9241536651154,0.9688396,674.6203606612683,655.770738889503,0.28268686,579.33174131184,658.0982003156744,0.29987,637.2877,683.24194,0.019510508,598.89453,692.0746,0.020840585
