frame,kp_0_x,kp_1_x,kp_2_x,kp_3_x,kp_4_x,kp_5_x,kp_6_x,kp_7_x,kp_8_x,kp_9_x,kp_10_x,kp_11_x,kp_12_x,kp_13_x,kp_14_x,kp_15_x,kp_16_x,kp_0_y,kp_1_y,kp_2_y,kp_3_y,kp_4_y,kp_5_y,kp_6_y,kp_7_y,kp_8_y,kp_9_y,kp_10_y,kp_11_y,kp_12_y,kp_13_y,kp_14_y,kp_15_y,kp_16_y,kp_0_conf,kp_1_conf,kp_2_conf,kp_3_conf,kp_4_conf,kp_5_conf,kp_6_conf,kp_7_conf,kp_8_conf,kp_9_conf,kp_10_conf,kp_11_conf,kp_12_conf,kp_13_conf,kp_14_conf,kp_15_conf,kp_16_conf
0,617.98517,628.1542,599.724,643.4611,574.5079,677.66895,558.67664,714.79034,461.03265,608.4797,352.02484,675.47876,596.33325,650.912,533.0853,665.59326,518.56085,359.13452,343.34192,349.229,344.95807,360.15924,411.50006,417.88165,496.39172,465.80103,516.44275,503.49487,562.49194,563.90137,553.70917,570.47473,562.70703,599.9642,0.98948646,0.96870667,0.97857046,0.7136751,0.820047,0.97468805,0.99320644,0.8969108,0.9732531,0.8979644,0.95916975,0.6827681,0.784505,0.04885122,0.073070675,0.004889637,0.0068674386
1,617.94775,628.2399,599.6492,643.67395,574.3772,677.77075,558.5259,715.2007,460.8322,608.48584,352.1834,675.51697,596.26746,651.0314,533.7422,665.6858,519.0357,358.9546,343.1817,348.95038,344.95038,359.89337,411.46667,417.7019,496.34668,465.8695,516.31396,503.41064,562.43427,563.7624,554.0964,570.5892,562.5602,599.411,0.98951626,0.968959,0.9784938,0.71597594,0.8185328,0.97478735,0.9931847,0.8972007,0.97303355,0.89815766,0.9589213,0.68301356,0.7840377,0.048709363,0.072656006,0.0048621,0.006818831
2,617.6845,628.16534,599.37524,643.65894,573.8912,677.4491,558.1006,715.04944,460.9061,608.3761,352.9318,676.3739,597.1122,651.98376,535.6008,666.5925,521.1083,359.02692,343.36096,348.85687,345.2638,359.58002,411.365,417.27887,496.15076,465.8495,516.4387,502.99542,562.3425,563.5788,554.2831,570.32495,562.2761,598.36707,0.9895529,0.9690888,0.97852516,0.715921,0.8188292,0.97497153,0.99318206,0.8975945,0.9728831,0.8980938,0.95877504,0.68457353,0.7846417,0.04912269,0.07308835,0.0049137473,0.0068831146
3,617.52167,627.8812,599.22375,643.335,573.82434,677.22363,557.89215,714.58484,460.4032,608.53705,353.18445,676.5496,597.4075,652.9264,536.9688,666.4403,522.21075,358.96918,343.24298,348.82745,344.97156,359.4803,411.1516,417.38123,495.8247,466.02863,516.2905,502.56732,562.0413,563.5313,554.85803,571.19635,562.3816,598.6002,0.9894974,0.9689784,0.97836846,0.7168641,0.81866264,0.97521275,0.9932146,0.8977728,0.9727557,0.89751315,0.95846105,0.6882907,0.78709495,0.050025344,0.074320555,0.0050074756,0.007011175
4,617.2878,627.72797,599.0901,643.1985,573.7247,677.09546,557.5218,714.38837,460.37415,608.18256,353.41907,675.8407,596.33154,652.599,535.5157,667.01294,520.82367,358.66626,343.128,348.52332,345.16937,359.26093,411.43555,417.10516,496.13818,465.71906,516.2156,502.08795,562.9325,564.0987,556.5127,572.2438,563.7221,599.2717,0.98956823,0.96922314,0.9783981,0.7185979,0.8181462,0.97555053,0.99325085,0.89971167,0.97301996,0.8992293,0.9588647,0.69466966,0.7912551,0.05080995,0.07514721,0.005041063,0.0070389807
5,616.7566,627.2686,598.81525,642.9724,573.8669,677.01135,557.0395,714.1511,460.1186,608.2014,353.49786,675.34546,595.7016,653.02905,535.9751,666.3086,522.1776,358.4724,342.95386,348.26282,344.88403,358.71588,411.31244,417.19226,495.6955,466.12085,515.9649,501.4355,563.31177,564.5975,557.2907,573.1284,564.4267,599.99023,0.9894702,0.9692477,0.9780295,0.7230137,0.8154891,0.97574025,0.9932431,0.8996761,0.9726522,0.89867115,0.95824707,0.69635826,0.7918188,0.051308572,0.075725496,0.0050961673,0.007112175
6,616.98773,627.34656,599.07825,642.66534,573.9387,677.03406,556.7868,714.14417,460.45685,608.3904,353.68484,674.65674,594.82166,653.169,535.77856,665.57733,522.4716,358.201,342.72607,348.0879,344.6153,358.55658,411.36584,417.17938,495.62402,465.85022,515.8889,500.86536,564.39,565.6135,558.67065,574.32513,566.2587,601.5339,0.9894387,0.9685848,0.9783109,0.7165416,0.8203691,0.97578496,0.99330807,0.89943445,0.973069,0.898351,0.95876074,0.6961666,0.79236233,0.05066365,0.075203925,0.0049993694,0.0069951117
7,616.95996,627.32623,599.00757,642.544,573.71265,676.67896,556.7112,713.9325,460.5086,608.5727,353.76678,674.4242,594.82043,653.02954,536.3146,666.02435,523.2846,358.27667,342.82208,348.1565,344.70966,358.5844,411.38702,417.00305,495.85834,465.69513,515.89136,500.54456,564.1757,565.3424,558.6755,574.2112,566.0862,601.2681,0.9894783,0.96817255,0.9785454,0.7118397,0.82344294,0.9759644,0.9934827,0.9004383,0.9740852,0.89989066,0.96030486,0.699615,0.79642904,0.051044405,0.07640511,0.004996836,0.007030666
8,616.84125,627.3213,598.7555,642.7715,573.39954,676.75903,556.62946,713.96466,460.24365,608.5382,354.27783,674.7899,595.2426,652.82776,537.4065,666.4088,525.0641,358.0476,342.54022,347.8838,344.47302,358.3786,411.06775,416.6479,495.9596,465.55096,516.07294,500.01,563.3572,564.5519,558.89246,574.4558,566.5287,601.62225,0.9895145,0.96844506,0.97857,0.71307385,0.82276845,0.97578704,0.99341667,0.89924574,0.9736639,0.8988677,0.9598315,0.6961785,0.79366493,0.050411373,0.075448275,0.0049262047,0.006929785
9,616.84174,627.3181,598.7727,642.7903,573.5629,676.87134,556.89453,713.8684,460.15756,607.83496,353.33264,675.0862,595.68695,652.71436,537.86835,665.9504,525.30536,357.84326,342.32928,347.6706,344.378,358.2968,411.23456,416.75745,496.29846,465.59827,516.32104,500.1936,563.6501,564.8043,558.8968,574.4624,566.30927,601.5347,0.98951817,0.96849096,0.9784374,0.7150202,0.8215704,0.97587407,0.99349177,0.8992517,0.97385633,0.8986813,0.9599501,0.6959392,0.7941638,0.05014941,0.07531178,0.004887879,0.0068980157
10,616.74603,627.26556,598.652,642.8315,573.42883,676.88495,556.75665,714.1265,460.37302,607.7793,353.56656,674.4426,594.98047,651.94214,537.28326,664.2969,524.1001,357.75092,342.2378,347.57684,344.2616,358.15845,411.06647,416.5451,496.2646,465.54626,516.17065,499.84363,563.33234,564.4064,558.5288,574.04584,565.75684,600.9834,0.98948836,0.9685812,0.9783484,0.71690917,0.820801,0.9760349,0.99345946,0.89960134,0.97356063,0.89862525,0.9594581,0.69755834,0.7945037,0.05087307,0.07599312,0.004983127,0.007005334
11,616.64343,627.2355,598.47205,643.05206,573.3658,677.0637,557.3952,714.3749,460.7146,607.3524,353.37036,675.1886,596.08185,651.2529,537.3783,664.7013,524.4381,357.59973,341.97467,347.38513,343.8922,357.96674,410.87274,416.31525,496.5288,465.16028,516.30237,499.3814,563.3556,564.3692,558.3782,573.99164,566.5206,602.0037,0.9894328,0.96869946,0.97823346,0.7174034,0.8181212,0.97509766,0.99325156,0.89637935,0.97294885,0.8967174,0.95890063,0.6845565,0.7854733,0.048145294,0.07235029,0.004717201,0.0066570938
12,616.5191,627.1125,598.3835,642.9248,573.2648,676.94385,557.3003,714.05994,460.76392,607.0691,353.35333,675.1373,596.02936,651.27106,537.19507,663.9835,523.6692,357.68915,342.11548,347.44293,343.96497,357.8451,410.90283,416.0592,496.8244,465.21082,516.2877,499.57983,563.05115,563.89996,558.5442,573.76953,566.2825,601.40106,0.98941004,0.96869916,0.978171,0.71866107,0.8181912,0.97537434,0.99331015,0.8969422,0.97303593,0.8964858,0.9587437,0.6893098,0.7890383,0.049404144,0.074132115,0.0048594475,0.0068563223
13,617.00287,627.2316,598.8805,643.12463,572.1938,683.9529,553.24176,720.5901,459.21753,616.8573,353.02002,666.7024,581.99,648.1576,542.03345,597.21564,502.07495,358.10315,341.10913,346.98718,341.2782,355.2705,413.3694,418.02557,490.3557,468.22754,516.2318,504.02582,567.26056,565.7679,585.1557,592.1532,585.0323,606.37305,0.9838942,0.9579614,0.9646518,0.6984963,0.77209395,0.97491527,0.9907212,0.87016785,0.9492043,0.83912694,0.9174491,0.7398702,0.8071996,0.078816175,0.10915035,0.008955121,0.0121769905
14,617.01825,627.26465,598.8232,643.23645,572.1629,684.12964,553.5774,720.7207,459.57324,616.9654,352.9019,667.3878,582.8624,648.46783,543.133,597.2219,502.97806,358.05524,341.0528,346.95563,341.2967,355.35236,413.24347,417.87018,490.29883,468.03674,515.98944,504.09216,566.0866,564.58887,584.0719,591.03125,583.98395,605.32043,0.9838153,0.9579749,0.9643735,0.69966763,0.7709781,0.9748203,0.99065924,0.86899436,0.9484767,0.83715755,0.9161089,0.73839813,0.8059404,0.079149395,0.10949117,0.009051919,0.012304813
15,617.15063,627.3657,598.9715,643.09393,572.0833,684.0187,553.2443,720.9424,459.2537,616.6803,352.62717,667.17633,582.4563,648.5486,542.5578,598.8909,503.81903,357.83984,340.8274,346.7638,341.05542,355.1845,413.2165,418.01318,489.92706,467.6808,515.97595,503.54395,567.10657,565.6969,584.5003,591.6601,584.7903,606.3413,0.9837391,0.9571574,0.9644556,0.6935177,0.77200055,0.9743329,0.99069417,0.86850244,0.94974697,0.8389539,0.9187833,0.7353556,0.8050364,0.0768168,0.10732037,0.008686304,0.01188156
16,617.1116,627.371,598.9714,642.9525,571.8705,683.5408,552.68146,720.7927,459.36606,616.9066,353.05975,667.02264,582.1996,649.00055,542.1449,599.41345,503.65073,357.9895,340.93024,346.76068,341.03943,354.89124,413.4358,418.09827,490.3484,467.9417,515.95746,502.9068,567.46783,566.0896,584.6792,592.0562,584.3268,606.4514,0.98368335,0.9563372,0.96499157,0.6862664,0.77579,0.9736614,0.99078655,0.86541665,0.9509778,0.83723474,0.9207872,0.7310209,0.80436504,0.07492158,0.10650951,0.008479685,0.011736095
17,617.0824,627.196,599.06836,642.43933,571.93463,683.2673,552.2888,720.7718,458.62634,616.9934,352.38187,666.5943,581.74426,649.14935,542.0124,599.5652,503.9039,357.6208,340.6623,346.4803,340.79846,354.62708,413.29236,418.08228,490.22693,468.20435,515.841,503.06213,567.71844,566.39154,584.376,591.65894,584.76526,606.6393,0.9836802,0.95582247,0.96516025,0.68380946,0.7786648,0.9739758,0.99102277,0.8665198,0.9522886,0.8382989,0.922407,0.73490417,0.8083518,0.07632133,0.10901123,0.008634329,0.011995524
18,617.1267,627.25903,599.04254,642.5149,571.86536,683.1619,552.5234,720.74097,458.9095,616.98315,352.26013,666.5958,581.9645,649.1521,542.6313,599.90967,504.2792,357.53333,340.55322,346.40625,340.69623,354.60065,413.19318,417.9181,490.312,468.01715,515.71106,503.13965,567.86475,566.5392,584.9997,592.35205,585.0447,607.1369,0.9838071,0.9559422,0.9653499,0.6837938,0.7794358,0.9743111,0.9911772,0.86828697,0.95318925,0.8403404,0.9237335,0.7396108,0.81228304,0.077591896,0.11093053,0.008722603,0.012132168
19,617.23474,627.3488,599.155,642.62476,572.0485,683.27905,552.8163,720.8312,459.3264,617.0091,352.23566,666.3297,581.8103,648.9307,542.7758,599.9077,504.6255,357.43286,340.4447,346.36542,340.5683,354.61316,413.09216,417.81952,490.48456,467.9295,515.85315,502.99646,568.10913,566.77,585.625,593.05334,585.675,607.925,0.98374027,0.95570236,0.96528625,0.6824343,0.77919924,0.9740299,0.9911132,0.867208,0.9530611,0.83949864,0.9236063,0.7366893,0.8103175,0.07610834,0.10915774,0.008521408,0.011872739
20,617.21277,627.36676,599.1727,642.5376,571.99115,683.0752,552.80676,720.58215,459.6037,616.4448,352.02805,666.366,582.03406,648.3429,542.77356,598.74695,504.48,357.4049,340.4865,346.26355,340.68402,354.4237,413.10773,417.72583,490.3711,468.0995,515.6797,503.32996,567.88464,566.42413,584.73615,591.82697,584.68915,606.4991,0.98375773,0.95582247,0.96530765,0.68335587,0.77934897,0.97404283,0.99112225,0.8662323,0.9526639,0.83778363,0.92264074,0.73498404,0.8091161,0.0762316,0.10930073,0.008615762,0.01200524
21,616.9345,627.03326,599.08606,642.08826,572.05237,682.7301,552.9023,720.50574,459.97406,616.0941,352.61115,666.39716,582.2545,648.5458,542.46356,599.57007,503.93472,357.33063,340.6427,346.22632,340.9978,354.3239,413.4052,417.56506,490.2981,467.65973,515.6604,503.34326,568.0907,566.3627,584.8739,591.38446,585.02924,606.23035,0.98351264,0.9550822,0.9648763,0.6811714,0.7786016,0.9737221,0.99110216,0.86578643,0.9532554,0.8376658,0.9234561,0.7348035,0.8098842,0.07584414,0.10936332,0.008566469,0.011992216
22,616.8053,626.9417,598.9805,642.1721,572.0527,682.7741,552.97076,720.6,459.9324,616.4131,352.33792,666.24963,582.2227,648.0726,542.40015,598.9171,503.95804,357.60162,340.9286,346.523,341.1836,354.51898,413.45734,417.6858,490.32617,467.8407,515.75323,503.2282,567.87866,566.15967,584.76355,591.3351,585.2766,606.4949,0.9835675,0.95553184,0.9649428,0.68368363,0.77814305,0.973827,0.9910467,0.8657173,0.95261407,0.83718365,0.9224726,0.73483205,0.80919623,0.07659051,0.10993901,0.008691698,0.012126982
23,616.9724,626.9635,599.12946,641.9247,572.06067,682.6394,552.5806,720.3601,458.14685,616.4291,351.25458,666.31287,582.31445,647.8352,542.89453,599.17,505.16202,357.43054,340.69702,346.4308,340.90967,354.57135,413.0951,417.96844,489.75977,468.2553,515.5639,502.982,567.71216,566.33606,585.01807,591.93134,586.51917,607.5262,0.9834968,0.95501745,0.96486443,0.68017066,0.77919,0.97394514,0.9910028,0.8675065,0.9526576,0.8400384,0.92334235,0.73380506,0.80731434,0.07566583,0.10796201,0.00848192,0.011767298
24,616.7886,626.69037,598.84033,641.83704,571.96,682.80664,553.0026,720.2899,459.01694,616.3707,351.63248,666.20874,582.0977,647.8379,541.4602,599.26056,502.70013,356.98718,340.17206,346.17694,340.3379,354.6129,412.76556,417.89557,489.84747,467.9563,515.6328,502.68512,567.8581,566.5816,584.7951,592.24365,586.33606,608.1227,0.98368764,0.9557278,0.9650902,0.6832962,0.77863896,0.97418237,0.9910015,0.86921257,0.95274377,0.84159863,0.9233726,0.73629546,0.8086055,0.07620397,0.108213484,0.00851953,0.011777163
25,616.85596,626.71045,598.9415,641.7895,572.03735,682.81104,552.93896,720.6438,458.46387,616.5254,351.4334,666.3254,582.29736,647.9602,541.86115,600.06134,503.73608,356.9662,340.12762,346.14337,340.2022,354.5114,412.58667,417.9212,489.79065,468.20374,515.71796,502.43994,567.2629,566.07935,584.1062,591.60803,585.6803,607.37665,0.9835405,0.9550597,0.9649365,0.68008006,0.7785633,0.9736679,0.99103093,0.8672652,0.95334494,0.840852,0.9245566,0.7313917,0.8064092,0.07417667,0.1064772,0.008265972,0.011514187
26,616.8419,626.75525,598.94714,641.77686,571.9662,682.6562,552.7857,720.5333,458.64975,616.4911,351.33047,666.0232,581.94495,647.90137,541.63074,600.85284,504.25333,356.97406,340.14728,346.1046,340.2823,354.4486,412.8706,418.0204,490.06042,468.15375,515.797,502.35345,568.291,567.03754,585.5555,592.98804,587.1203,608.89624,0.98340905,0.9543692,0.9646702,0.67672,0.77809036,0.97360754,0.9910811,0.867915,0.95405173,0.84223926,0.92581093,0.734784,0.809542,0.0748595,0.10775134,0.008283287,0.011562914
27,616.8729,626.7733,598.8992,641.7991,571.83295,682.8026,552.72345,720.7591,458.79858,616.1531,351.47675,666.35693,582.2623,648.10486,542.3923,600.4905,505.2822,357.20148,340.32056,346.3272,340.3628,354.64056,412.8756,417.96912,490.2625,467.90253,515.99664,502.09668,567.62756,566.3935,584.72546,592.3091,586.2889,608.4073,0.9833473,0.9543787,0.96451527,0.67749095,0.77746356,0.9735987,0.9910338,0.8671563,0.9534261,0.8409091,0.92480093,0.7341946,0.8087607,0.07555801,0.10849911,0.008423775,0.011740088
28,616.7456,626.6032,598.76776,641.63306,571.7104,682.6579,552.7979,720.8665,458.64444,616.17676,350.9568,666.24115,582.2739,648.1434,542.258,600.8111,504.85736,357.31146,340.35748,346.40765,340.1817,354.5562,412.61182,417.7428,490.18652,467.83508,515.92065,502.33337,567.60095,566.3578,584.96204,592.4811,586.31616,608.3512,0.98338866,0.9544405,0.9645953,0.67696416,0.7770785,0.9735616,0.9910073,0.86793005,0.95364136,0.8423516,0.92537665,0.7333153,0.8078986,0.07466516,0.107177526,0.008274645,0.011526883
29,616.85785,626.65845,598.8287,641.5803,571.72424,682.593,553.0156,720.64185,458.7947,616.1305,350.86523,666.214,582.3928,648.2528,542.42194,600.5316,504.32016,357.37537,340.37213,346.50208,340.1588,354.70416,412.50098,417.6701,490.17957,467.68787,516.1202,502.35522,567.2023,565.96277,584.6704,592.16693,586.5207,608.47253,0.98336613,0.9541973,0.96471757,0.67522687,0.7785163,0.97352695,0.991065,0.86728954,0.9539414,0.8412876,0.9255372,0.7351085,0.8099897,0.07593113,0.10932055,0.00845933,0.011813849
30,617.1734,626.8463,599.18353,641.3155,571.79504,682.3429,552.87164,720.5663,458.96317,615.84296,351.44672,666.1539,582.70667,647.722,543.5824,598.91766,506.11456,357.12622,340.11542,346.2271,339.80743,354.29724,412.2351,417.51312,489.73804,467.61157,516.46967,502.73657,566.02527,564.8344,584.00574,591.42725,586.7638,608.521,0.98336685,0.9538134,0.96512216,0.67253697,0.7826814,0.97354746,0.99118036,0.8647746,0.9538324,0.83781534,0.924895,0.73514557,0.81107616,0.0778085,0.11259374,0.008790016,0.012321174
31,617.2607,626.9481,599.3358,641.31836,571.8226,682.2479,552.3423,720.5604,458.54453,615.6012,351.06067,665.8517,582.1542,648.23773,543.76196,599.2113,506.8874,357.10474,340.1408,346.18427,339.80707,354.1217,412.3352,417.63477,489.94604,467.96466,516.6726,502.5443,566.64325,565.5322,584.266,591.87085,586.4769,608.5701,0.98310494,0.9529381,0.96482,0.6688154,0.7826956,0.9730488,0.99107236,0.86264014,0.9534541,0.8356706,0.92438126,0.7301848,0.80764794,0.07560453,0.1099197,0.008550376,0.012013853
32,617.23035,626.86945,599.3191,641.2019,571.8194,682.5069,552.289,720.93896,458.4662,615.68524,351.33246,666.04877,582.13495,648.5053,543.3798,598.9604,506.34833,357.17102,340.18164,346.2157,339.83856,354.15106,412.60443,417.7882,490.32983,468.14447,516.85254,502.42383,566.80963,565.57666,583.579,590.8587,586.17896,607.81067,0.9830003,0.95263857,0.9647909,0.66735816,0.7827809,0.9726399,0.99104345,0.86014223,0.9534009,0.83332586,0.9242325,0.72647095,0.80590785,0.07496855,0.10975695,0.008554012,0.012083471
33,617.23236,626.8523,599.3231,641.19037,571.8253,682.6419,552.412,721.136,458.6798,615.2426,351.37332,666.06287,582.13776,648.02856,543.0585,599.3127,506.7144,357.2279,340.2453,346.3106,339.8437,354.24365,412.5122,417.7129,490.41376,468.06366,516.8758,502.3584,566.9868,565.706,584.0436,591.26794,586.75323,608.31396,0.9828956,0.95238304,0.96450394,0.6664386,0.781058,0.97243106,0.99096614,0.86042726,0.9534018,0.8344928,0.92460763,0.7252847,0.80485225,0.07419708,0.108560294,0.008417249,0.011881709
34,617.3363,626.9054,599.41003,641.16376,571.8926,682.6165,552.6178,721.1927,459.05768,615.9382,351.6241,666.1971,582.3787,648.5808,543.62463,599.9545,507.2421,357.15137,340.20312,346.29608,339.78125,354.24768,412.36877,417.51038,490.2824,467.7705,516.7629,502.38306,566.90295,565.6262,584.2621,591.4626,586.22516,607.8102,0.9828094,0.95192397,0.96456224,0.6638606,0.7824101,0.97205305,0.9909651,0.858641,0.95369136,0.832507,0.9247446,0.7218288,0.8032897,0.0722186,0.106533855,0.008174092,0.011601895
35,617.31067,626.8137,599.3804,640.95593,571.70044,682.38153,552.23846,721.2197,458.8999,615.76825,351.54974,665.79456,581.8774,648.804,543.3688,600.13776,507.0022,357.08307,340.1797,346.3308,339.70013,354.2823,412.46967,417.7713,490.41486,468.02716,516.87604,502.39026,567.4343,566.2944,584.2211,591.7832,586.1649,608.2805,0.98288035,0.9521377,0.96492344,0.66326874,0.7838376,0.97187,0.9908396,0.857551,0.95291245,0.8312536,0.92369324,0.71775097,0.7995263,0.07100427,0.10452598,0.008071482,0.011424452
36,617.4061,626.89,599.4707,641.08765,571.94916,682.4309,552.6422,721.0068,459.0894,616.0176,351.29578,665.75195,582.0526,649.2288,544.0579,600.37054,507.23853,357.12982,340.222,346.44214,339.7849,354.51147,412.36523,417.77826,490.17615,467.8871,516.79114,502.35205,566.7471,565.6769,583.7821,591.45435,585.6261,607.78235,0.9828054,0.9517381,0.9646423,0.66256547,0.78386676,0.9723387,0.9909306,0.8608433,0.95367825,0.83464104,0.9249182,0.7221254,0.80220515,0.07175788,0.105213016,0.008078784,0.011401653
37,617.29175,626.7872,599.3861,640.9083,571.81085,682.2455,552.2346,720.7466,458.6547,615.3293,351.00034,665.62366,581.80005,649.26575,543.8882,599.823,507.1078,357.16925,340.2174,346.3971,339.78644,354.41882,412.4605,418.1006,489.9911,468.32135,516.772,502.2052,567.0414,566.06384,583.25183,590.99243,584.9485,606.99524,0.98289025,0.9518639,0.96477914,0.6631921,0.78457177,0.9725769,0.99103034,0.8614768,0.9539443,0.83538103,0.9253698,0.7232157,0.80313635,0.072260916,0.105948895,0.008156419,0.011514008
38,617.19104,626.78174,599.23663,641.00183,571.5327,682.2334,551.50635,720.6842,457.66013,615.0596,350.2202,665.05786,580.8158,649.05493,543.36163,599.37665,506.78415,357.12512,340.22626,346.37292,339.8913,354.4394,412.51837,418.11743,490.11902,468.41498,516.9656,502.35388,566.9084,565.95374,582.95953,590.8167,584.5753,606.8627,0.9830023,0.9522809,0.9651278,0.66452694,0.7857064,0.97262585,0.9910446,0.8608367,0.9536433,0.83416075,0.924652,0.7225791,0.8025383,0.07224324,0.10584438,0.008191615,0.011553168
39,617.2216,626.8091,599.2821,640.9776,571.6392,681.9729,551.8649,720.4601,458.04178,615.2085,350.05603,664.9363,581.10425,648.9898,544.14594,599.8915,507.4936,357.12708,340.2718,346.39056,339.98572,354.47083,412.52576,417.87524,490.153,467.92096,516.789,502.19794,566.8949,565.85913,583.9427,591.71234,585.22754,607.61743,0.9828074,0.9514243,0.96480334,0.66110146,0.7854706,0.9723468,0.99108565,0.86025906,0.9543816,0.8339395,0.9256663,0.72307414,0.80409735,0.071635604,0.10574153,0.0080548525,0.01142326
40,617.1182,626.7425,599.18616,640.8956,571.48364,681.9422,551.8362,720.549,457.99237,615.4099,350.17682,665.3456,581.4859,649.26825,544.1321,601.13074,508.09753,357.1947,340.3647,346.3924,340.1397,354.44318,412.88763,418.00073,490.635,468.1328,516.9651,502.38257,567.4985,566.32935,583.9261,591.30206,585.40875,607.2773,0.9831552,0.9522741,0.9654952,0.6624838,0.7868411,0.9725337,0.9912541,0.86042917,0.9551401,0.83478904,0.9268974,0.72525245,0.8067752,0.072910756,0.1081174,0.008236736,0.011734277
41,617.0052,626.6386,599.0693,640.8331,571.4387,681.7038,552.0855,720.1421,458.3787,615.3794,350.33368,665.3096,581.6858,648.66315,543.76013,601.4731,507.9026,357.10217,340.29535,346.36194,340.06335,354.45728,412.64557,417.84027,490.54968,468.01172,516.8049,502.07227,567.85425,566.72284,584.38293,591.9218,585.91046,607.94244,0.9831893,0.9523725,0.96538985,0.662926,0.78587186,0.9726409,0.99124753,0.8619313,0.95532703,0.8366142,0.92734075,0.72642136,0.8072233,0.0727061,0.10747403,0.008154064,0.011587083
42,616.9903,626.60425,599.0078,640.8694,571.49664,681.7514,552.5108,720.0029,458.17786,615.17615,349.89468,665.2899,581.9919,648.27795,544.3957,601.29553,508.05978,357.06573,340.2696,346.43042,340.2055,354.8213,412.7563,418.14856,490.55396,468.23193,517.07104,502.16772,567.66833,566.5747,584.8832,592.37054,587.1902,608.817,0.98327076,0.95262194,0.9655206,0.66400474,0.78646153,0.9727359,0.9912691,0.8620695,0.95533967,0.83667773,0.92737657,0.7262812,0.8070703,0.07258275,0.10726127,0.008097678,0.011505127
43,616.6553,626.2738,598.65063,640.62195,571.1978,681.6648,552.2927,719.82117,457.95987,614.6139,349.58615,665.2072,581.76733,648.0864,543.8821,601.53687,507.85828,357.21307,340.3791,346.58264,340.31952,355.04932,412.8429,418.38953,490.33838,468.20306,517.17285,502.35938,568.05896,567.0055,585.6224,593.1649,588.0411,609.6005,0.98326313,0.9529211,0.9653355,0.66574925,0.7843944,0.97270155,0.99113846,0.86274594,0.9547268,0.83760947,0.9267775,0.7267683,0.80637074,0.07269329,0.10672471,0.0080934465,0.011444896
44,616.65656,626.279,598.57104,640.5455,570.94617,681.5257,552.0851,719.68616,458.20737,614.67957,349.9501,664.7755,581.1036,648.0559,542.864,601.1837,505.98575,357.22607,340.39282,346.62885,340.4093,355.20526,412.97296,418.50006,490.3241,468.1264,517.1742,502.3924,568.5355,567.4541,585.61755,593.1631,587.75195,609.3407,0.9833119,0.9528759,0.9655963,0.6643341,0.78595936,0.9727552,0.9911647,0.8631405,0.9550091,0.83778065,0.9270202,0.72855294,0.8078387,0.07309058,0.10731232,0.008157104,0.011531472
45,616.6802,626.2444,598.62256,640.32227,570.81824,681.3807,551.5278,720.20905,457.8269,614.4208,349.63113,664.20825,580.25757,647.88306,541.62244,601.1505,505.00366,357.26135,340.3954,346.62,340.31653,355.0891,413.2082,418.7514,490.48444,468.2473,517.0138,502.43835,568.9493,567.87634,585.6693,593.4075,587.1937,609.32135,0.98334,0.9526953,0.9660589,0.66149795,0.78793645,0.97216403,0.99112403,0.86077166,0.9551998,0.8367138,0.9275205,0.72119164,0.80337924,0.0698396,0.10348052,0.007771075,0.011042565
46,616.6975,626.2279,598.6535,640.0944,570.68933,681.14246,551.4002,720.29126,458.1727,614.7091,349.57233,663.9719,580.12427,648.0104,541.702,600.39166,504.50922,357.22095,340.43256,346.59064,340.3609,354.9662,413.1411,418.4178,490.29175,467.75134,517.0396,502.50415,567.9252,566.70703,584.72534,592.17755,586.4976,608.45575,0.98343676,0.95264673,0.9666221,0.6602541,0.7921978,0.97231716,0.99129844,0.8596488,0.9557922,0.83446836,0.92763406,0.72351223,0.8064555,0.0713622,0.10640633,0.008018225,0.011450827
47,616.69824,626.28766,598.6042,640.2174,570.58813,681.33704,551.2606,720.3267,458.30182,614.7024,349.64432,663.9205,579.7992,648.18787,541.4125,600.4365,504.55087,357.31396,340.42358,346.6081,340.30963,354.96313,413.1795,418.47925,490.24695,467.7113,516.9188,502.4668,568.1416,566.92474,584.6785,592.12695,586.62805,608.5901,0.98336196,0.95254445,0.966257,0.66059387,0.79019356,0.9725547,0.9912489,0.8613253,0.95550334,0.8362354,0.927469,0.7274577,0.80833805,0.07313573,0.1082266,0.008229822,0.01169306
48,616.59985,626.1801,598.5374,640.1219,570.5812,681.2799,551.34235,720.0506,458.32498,614.3273,349.473,663.9788,579.90845,648.25006,541.4064,600.7163,504.64847,357.32672,340.48236,346.65442,340.38818,355.0219,413.2044,418.46918,490.14758,467.6162,516.87854,502.63892,568.3775,567.12195,584.9913,592.3025,586.982,608.72784,0.9833374,0.95258725,0.9662899,0.66048205,0.7901228,0.9722192,0.991158,0.8597733,0.9551202,0.83463633,0.9268588,0.72397983,0.8059108,0.071888626,0.10660714,0.008102804,0.011528134
49,616.45886,626.0621,598.3825,639.9966,570.47,680.95984,551.27783,719.5337,457.97665,613.96924,349.5151,663.6953,579.8357,647.8314,542.01685,601.3682,506.03,357.2475,340.39606,346.58575,340.3886,355.06848,413.04877,418.32263,489.93738,467.28497,516.6301,502.34216,568.51636,567.3274,585.378,592.7837,587.5331,609.302,0.9833847,0.9526918,0.9660237,0.6615759,0.78829134,0.9726174,0.9911823,0.86268234,0.95533836,0.8381598,0.9276509,0.72730625,0.80735916,0.072434515,0.106710136,0.008077443,0.011438131
50,616.38403,625.97076,598.3401,639.8415,570.4064,680.8247,551.0833,719.84393,457.9242,614.00684,349.43622,663.4232,579.53625,647.7265,541.7948,601.09094,505.56342,357.29944,340.42505,346.5769,340.36304,354.95435,413.0149,418.2931,489.97168,467.44727,516.5759,502.21484,568.52673,567.32764,585.6196,593.0209,587.5296,609.3345,0.983472,0.95299697,0.9661175,0.6631839,0.7882351,0.97289026,0.9912056,0.8639779,0.95532167,0.8394225,0.9276961,0.72890705,0.8079419,0.07274571,0.106779635,0.008086741,0.011421561
51,616.3742,625.89343,598.4072,639.5643,570.4269,680.61865,550.6841,719.5391,457.34183,614.3424,349.33136,663.12146,579.07275,647.5403,541.0721,601.588,505.71756,357.16943,340.3719,346.50354,340.3565,354.9132,413.14056,418.44354,489.99927,467.5641,516.5939,502.18225,569.4906,568.34186,586.1539,593.5899,588.38696,610.1436,0.9832119,0.9521467,0.9655241,0.6605346,0.78695226,0.9729068,0.9911263,0.865252,0.9552114,0.8407886,0.9277607,0.7305167,0.80829775,0.073037684,0.10662538,0.008097082,0.011385232
52,616.25836,625.7188,598.35657,639.31866,570.5366,680.37354,551.09503,719.7422,458.28445,614.6427,349.29102,663.08905,579.3402,647.3291,540.6287,601.65594,504.55182,357.02704,340.31323,346.42584,340.34216,354.86395,413.04114,418.16638,490.2776,467.43616,516.462,502.45325,569.3438,568.0897,585.8288,593.308,587.1284,609.3308,0.98348993,0.9524921,0.9661858,0.6612164,0.79008794,0.9731779,0.99144214,0.86636686,0.9570817,0.84212846,0.9299785,0.73169047,0.8111824,0.07202545,0.10637981,0.007910311,0.011219978
53,616.2392,625.7119,598.35205,639.42944,570.6272,680.37476,551.2478,719.5804,458.0178,613.62646,348.9497,663.04974,579.4818,646.96985,540.96094,601.70325,505.21347,356.93958,340.22473,346.36688,340.17468,354.7696,412.8612,418.0912,490.22113,467.33392,516.666,502.25415,569.8013,568.61115,585.9461,593.6342,587.63226,610.04236,0.9834595,0.9526499,0.96585727,0.6629819,0.78748935,0.9732995,0.9913697,0.8678746,0.9567461,0.8441303,0.9299098,0.73237,0.81058323,0.07235873,0.10613313,0.007926643,0.0111864805
54,616.0244,625.505,598.19836,639.3137,570.72015,680.1811,551.51495,719.28546,458.48242,614.2095,348.7031,663.2093,579.7842,647.0965,540.6005,602.34863,504.7848,356.76984,340.08466,346.19128,340.12946,354.66638,412.7697,418.07294,489.90582,467.3819,516.18365,502.4497,569.98315,568.8319,585.7106,593.4921,586.0802,608.5866,0.9833915,0.95270836,0.96550196,0.66419166,0.78525186,0.9731866,0.99121654,0.8689358,0.95633054,0.8454877,0.92954725,0.72854525,0.806528,0.06993538,0.102077276,0.007614106,0.010699749
55,615.8997,625.3965,598.0483,639.2081,570.3686,680.4459,550.8254,719.977,458.04367,613.73364,348.1992,663.3655,579.3762,647.32153,539.42224,602.46814,504.3745,356.85327,340.09766,346.20654,340.0951,354.6413,413.40637,418.77625,490.46753,467.93158,516.2434,502.59064,570.51294,569.37506,585.57556,593.50964,586.7521,609.6682,0.98340243,0.9529611,0.96578944,0.66373885,0.7854172,0.9726252,0.9910265,0.8657531,0.9551704,0.84302866,0.9281989,0.72257817,0.801945,0.069244385,0.10110316,0.00762102,0.010705769
56,615.9547,625.5315,598.0662,639.3189,570.3338,680.25146,551.1858,719.37134,458.85812,613.7135,347.98355,663.3541,579.5013,646.888,538.3853,601.92523,502.11206,356.73358,340.03046,346.06232,340.24634,354.6167,413.3949,418.61133,490.36023,467.8943,516.1608,503.14258,569.85205,568.5471,584.4327,592.0415,585.09705,607.6483,0.9834522,0.95289576,0.96594906,0.6628854,0.7868477,0.9726763,0.9911467,0.8657979,0.9558427,0.842494,0.9286299,0.7247748,0.8046468,0.070130706,0.102740556,0.0077657998,0.01094088
57,615.5998,625.2568,597.7002,639.30835,570.1695,680.33496,551.24243,719.07916,458.49814,613.4374,347.68982,663.9139,580.11584,646.6435,538.68585,602.56934,503.47192,356.67468,339.92957,345.9729,340.16614,354.5816,413.52814,418.7187,490.6433,468.0033,516.2746,503.57672,570.6189,569.32196,585.51385,593.1326,586.8495,609.4182,0.98364985,0.95358706,0.96618545,0.6655183,0.7861481,0.9726125,0.9912193,0.8647249,0.9559938,0.84179294,0.92882645,0.7241287,0.80506694,0.070005745,0.103039354,0.007730931,0.010938823
58,615.46814,625.0982,597.6189,639.23804,570.24176,680.1693,551.5741,718.4879,458.7416,613.09033,347.69623,663.5979,580.0056,646.8226,538.4763,602.748,502.48206,356.7354,340.02277,346.0877,340.1908,354.63928,413.2567,418.43616,490.25916,467.71655,516.18414,503.4939,570.0396,568.6825,585.5475,592.913,586.87177,608.91785,0.98355687,0.95359033,0.96597266,0.66607636,0.78500247,0.9725455,0.9910605,0.8653855,0.9554285,0.84223557,0.9281232,0.72471625,0.8043608,0.07033029,0.102837026,0.0077777505,0.010952145
59,615.4988,625.17444,597.49084,639.42267,569.9699,680.30334,551.23303,718.6187,457.67337,613.0913,346.64066,664.0134,580.09924,647.2256,538.1756,602.95306,501.28693,356.7237,339.93854,346.06873,340.1953,354.81818,413.26672,418.8758,490.33685,468.43384,516.2217,503.4452,569.5897,568.45715,584.9221,592.6631,586.1641,608.42303,0.98393035,0.9547345,0.9666821,0.6696558,0.7866757,0.97300076,0.991199,0.8667649,0.955642,0.8434199,0.92839265,0.72720015,0.8059812,0.07120243,0.1037496,0.007871181,0.011060238
60,615.34216,624.9491,597.32733,639.16016,569.7928,680.5784,551.16876,719.9391,457.8373,613.86816,346.91525,664.46106,580.4989,647.8199,539.6089,601.70404,502.33105,356.83484,339.9895,346.12207,339.98248,354.62042,413.15607,418.77148,490.54663,468.74127,516.5438,503.4508,570.68665,569.5043,584.0888,591.6221,584.4554,606.45197,0.9837807,0.95378447,0.9666045,0.66603917,0.7880666,0.9726932,0.9914319,0.86400247,0.9569994,0.8406233,0.92986953,0.7215437,0.80484813,0.068603575,0.102189064,0.0076071024,0.010865957
61,615.4405,625.0733,597.404,639.19696,569.73175,680.5116,551.08295,719.7181,457.69336,613.7905,346.5946,664.5382,580.5722,648.04584,540.0676,602.01935,502.93756,356.71826,339.84888,345.97852,339.88287,354.49414,413.03412,418.76807,490.4878,469.0091,516.65027,503.46594,570.8511,569.7238,584.7029,592.1764,585.4641,607.171,0.98360133,0.95314574,0.9663415,0.6624378,0.7878962,0.97242683,0.99128366,0.86344814,0.9564508,0.84013504,0.929325,0.7188932,0.80217457,0.06763938,0.10048741,0.0074763894,0.010650009
62,615.36865,624.9833,597.3697,639.21826,569.83276,680.66296,550.9262,719.6243,457.26474,613.47656,346.91672,664.1145,579.91956,647.898,539.2937,602.1712,502.37347,356.60022,339.789,345.9519,339.92932,354.625,413.27094,418.99194,490.79486,469.1803,516.6544,503.4087,570.9567,569.8305,584.7905,592.3183,585.92535,607.7003,0.983711,0.95379555,0.966494,0.6658056,0.78731865,0.97245145,0.9912145,0.86328304,0.95588523,0.83992887,0.92854667,0.7176392,0.8005001,0.06737289,0.09971908,0.007453561,0.010586917
63,615.26746,624.952,597.2918,639.2468,569.7041,680.3804,550.56726,719.4463,456.79257,613.62225,346.5706,663.80975,579.64874,647.63086,539.0624,602.36536,502.62018,356.61438,339.77325,345.88324,339.8349,354.39008,413.24286,418.99054,490.9159,469.45923,516.7463,503.49377,570.57635,569.525,584.55505,592.3006,585.93695,608.0895,0.9836495,0.95356476,0.9664216,0.66424465,0.78697646,0.9723368,0.9911759,0.8631376,0.9557917,0.8403584,0.92869055,0.7175658,0.8003023,0.06781307,0.1002672,0.007511407,0.010657102
64,615.2934,624.9924,597.3113,639.2788,569.6411,680.4394,550.2747,719.90125,456.33524,614.48303,345.90503,663.74457,579.4225,647.76965,539.1591,602.24756,502.7324,356.70428,339.8435,345.93347,339.80457,354.30347,413.0838,418.8567,490.93597,469.68628,516.44836,503.70306,570.1884,569.1664,584.5041,592.2682,585.5095,607.7811,0.98371375,0.95352614,0.9665979,0.6637794,0.7882532,0.97264826,0.991334,0.8642132,0.9565202,0.84135276,0.9295734,0.72127384,0.8036128,0.06882617,0.10198188,0.0076053143,0.010810852
65,615.25726,625.0254,597.25195,639.297,569.44763,680.3656,549.82385,719.9343,455.75052,614.4732,345.66098,663.57324,578.98865,648.0348,539.1835,603.1828,503.23798,356.48505,339.65576,345.7049,339.7544,354.15314,413.0511,418.80914,490.90698,469.71167,516.4437,503.64587,570.3283,569.3409,584.77106,592.5496,585.8507,608.1138,0.9838275,0.9536383,0.96688974,0.6628402,0.78944135,0.9726951,0.99137896,0.8647933,0.9569069,0.84248376,0.93035614,0.7209732,0.8035011,0.06809574,0.101061314,0.0074736774,0.01063177
66,615.23175,625.0395,597.1801,639.3948,569.3556,680.32587,549.75415,719.3926,455.48474,614.0143,345.4181,663.6586,579.14325,647.85596,539.5117,602.8711,503.94714,356.2978,339.3957,345.47485,339.432,353.8996,412.88452,418.8003,490.64453,469.6847,516.3068,503.53766,570.1681,569.2836,585.36237,593.2905,586.7654,609.1028,0.9839386,0.95402896,0.96695185,0.6646973,0.78920233,0.97307545,0.99143374,0.8658873,0.95676243,0.84330726,0.9301868,0.7257995,0.8065779,0.070189595,0.10360789,0.007702768,0.0109218955
67,615.1958,624.96027,597.1245,639.29065,569.27704,680.21185,549.701,719.4171,455.73056,613.5992,345.2284,662.98303,578.4011,647.53735,538.51935,602.77234,502.8521,356.27405,339.2975,345.4699,339.15082,353.81805,412.78845,418.70782,490.93835,469.51172,516.78046,503.4082,570.9042,570.014,586.3122,594.4838,587.1509,610.0053,0.9841324,0.95441747,0.9672842,0.6656845,0.78972757,0.9733922,0.9915308,0.86800474,0.9574261,0.8458055,0.9312306,0.72823644,0.8082699,0.06981239,0.102974445,0.007578045,0.010734707
68,615.21484,624.98254,597.09674,639.2294,569.1764,680.01575,549.5027,719.0919,455.63736,613.7693,345.22052,662.72253,578.0304,647.72015,538.1978,603.5054,502.8838,356.14606,339.11035,345.33368,339.00006,353.77545,412.68298,418.61877,490.79724,469.10547,516.60034,502.84326,571.14197,570.32764,586.2307,594.6438,586.88464,610.06726,0.98411006,0.9540884,0.96730757,0.662714,0.79000235,0.9733126,0.99150676,0.86887634,0.9577688,0.84752494,0.93212754,0.7283959,0.8082515,0.06937447,0.10228613,0.0074965656,0.010607988
69,615.18054,625.026,597.0043,639.45135,569.12115,680.0889,549.4992,719.0102,455.54587,613.60754,345.1121,662.51526,577.6935,647.33484,537.46826,603.44775,501.7462,356.07037,339.06146,345.31573,339.1239,353.96625,412.80646,418.76086,490.81897,468.99042,516.558,502.6513,571.1615,570.3582,586.0098,594.6357,586.7434,610.2644,0.9840418,0.9538652,0.9671485,0.66187894,0.7891232,0.9731747,0.99152946,0.8688547,0.9581372,0.8478986,0.93267834,0.73022735,0.8102138,0.070026726,0.10346183,0.007568747,0.010727465
70,615.1011,624.96747,596.8347,639.46783,568.87634,680.0857,549.6926,718.5926,456.19635,613.7322,345.2537,662.78265,578.00964,647.515,537.2147,604.03613,502.31198,356.3156,339.15894,345.5074,338.90002,353.94012,412.57532,418.43835,490.706,468.29163,516.6393,502.29376,570.9633,570.12146,585.7869,594.38745,585.98083,609.5348,0.98426235,0.9545921,0.9675911,0.6633148,0.78973764,0.97320724,0.99147594,0.86901784,0.9578245,0.8482866,0.93245,0.7285942,0.80845505,0.06951466,0.10240504,0.007524729,0.010638773
71,615.04266,624.90686,596.77985,639.4029,568.88983,679.7748,550.21234,718.2129,456.98108,614.0407,345.2533,662.8817,578.6045,647.7153,538.03217,605.4544,503.6506,356.42145,339.214,345.6087,338.7666,353.89374,412.37866,418.1714,490.67297,467.95935,516.3617,502.42676,571.54034,570.705,587.6362,596.26776,587.7433,611.49945,0.98429537,0.9541161,0.967654,0.65973127,0.7906641,0.97336936,0.991654,0.8709424,0.95932555,0.8512039,0.93479997,0.73385257,0.81351244,0.07007423,0.10387421,0.0074589252,0.0105980635
72,614.91504,624.6746,596.6,639.2159,568.76196,679.9739,550.32355,718.1739,456.92816,613.6677,345.42535,663.3154,579.0629,648.0171,538.59467,604.7568,503.96848,356.37787,339.10748,345.64148,338.45325,353.89655,411.87756,417.85596,490.3553,467.65186,516.48975,502.13757,570.3083,569.52563,586.03406,594.6496,586.7267,610.2331,0.9842355,0.95417535,0.96765465,0.66036487,0.7909467,0.97320056,0.9915885,0.86916524,0.95872414,0.84881955,0.9337727,0.73180926,0.81207037,0.07084587,0.10502994,0.007652223,0.010877579
73,615.1211,624.8489,596.6977,639.2764,568.7324,679.8407,550.55786,718.4072,456.87442,613.8812,345.47296,663.07587,579.1637,647.6248,539.69885,605.671,505.58102,356.32733,339.04706,345.6557,338.44257,354.0744,411.7624,417.6057,490.4287,466.99634,516.448,501.7591,570.27924,569.5004,586.57605,595.2918,587.22375,610.97034,0.9841781,0.9536803,0.96744657,0.65761095,0.7900851,0.9732005,0.99165404,0.87022877,0.9594579,0.85079396,0.93516755,0.73444796,0.8145088,0.07123062,0.105878085,0.0076209605,0.010853857
74,615.3314,624.93933,596.82,639.132,568.6583,679.8485,550.28064,718.8604,456.4445,613.8071,345.472,662.6113,578.3744,647.35645,538.24023,606.1073,503.957,355.95068,338.6255,345.3806,338.09363,354.07733,411.72864,417.69373,490.59918,466.71545,516.365,501.30737,570.66,569.96497,585.1179,594.25616,585.6392,610.07996,0.98431075,0.9536403,0.96789664,0.65500677,0.7917865,0.97299135,0.9917325,0.87018615,0.9603175,0.85222214,0.936747,0.73147225,0.8133849,0.06971681,0.104355514,0.0074512362,0.010654718
75,615.2149,624.735,596.63586,638.8315,568.3447,679.67346,550.4935,718.35803,456.88394,611.6653,345.38452,663.0259,579.2175,647.44165,539.56476,605.3921,505.56213,356.08032,338.61658,345.45496,337.7235,353.89117,411.54504,417.36066,490.70227,466.07422,516.2385,500.9641,570.1622,569.3818,584.9133,593.88403,585.64014,610.07025,0.9843999,0.95380056,0.968317,0.65405786,0.79363406,0.9727098,0.9917337,0.86765814,0.96012723,0.8500885,0.9365524,0.7274009,0.8113614,0.069286644,0.104388446,0.0074558556,0.010713458
76,615.15234,624.673,596.5659,638.77203,568.30225,679.63196,550.5322,718.2626,456.97034,611.69824,345.5146,663.05475,579.0669,647.7819,538.49866,606.75885,504.42255,355.94397,338.4519,345.32373,337.60645,353.85352,411.63245,417.37622,490.77936,465.78467,516.03235,500.6402,571.0288,570.22217,585.07666,594.10474,586.2231,610.8148,0.98435247,0.9534273,0.96828,0.6508209,0.7931547,0.97239995,0.9917006,0.86808634,0.96070623,0.85185945,0.93780583,0.72703207,0.811604,0.06864342,0.103752285,0.007348478,0.010580808
77,615.1184,624.4933,596.4856,638.2811,568.0921,679.3449,550.5133,718.27344,457.01538,611.8517,345.6321,663.39795,579.6883,647.30426,538.82574,607.04285,505.58163,355.53723,338.04968,344.98285,337.193,353.6245,411.3277,417.0835,490.9251,465.61768,515.8621,500.88257,570.553,569.77716,584.36365,593.4408,585.8943,610.63513,0.98439085,0.95297956,0.9683784,0.64811563,0.7950852,0.97276986,0.9919256,0.8698232,0.9619329,0.8540143,0.93952864,0.7307377,0.8153336,0.06978685,0.10587379,0.007433951,0.010736316
78,614.9497,624.27936,596.44727,637.9692,568.10187,679.2965,550.18195,718.3785,456.65744,611.43994,345.45853,663.3429,579.4901,647.40076,538.5559,606.45483,505.30878,355.38074,337.9773,344.82532,337.1272,353.36987,411.2647,417.08936,490.67505,465.87274,515.872,501.02808,570.65405,569.85156,583.8148,592.68585,585.9341,610.28784,0.9842955,0.95272493,0.9683095,0.6478354,0.79548717,0.97258174,0.9919218,0.86822855,0.9617753,0.8520677,0.93905616,0.72858113,0.8142849,0.06961653,0.10598889,0.0074752867,0.010826856
79,614.77167,624.09546,596.3102,637.7516,567.90137,679.1788,549.7988,718.44086,456.3668,610.7354,345.5923,663.25305,579.2207,647.3355,537.98157,606.1683,504.72223,355.36652,337.99725,344.786,337.1145,353.2298,411.2397,417.0713,490.5692,465.9558,515.80273,500.91467,570.6171,569.78265,582.89014,591.6619,585.0687,609.2713,0.98428345,0.9528682,0.96846545,0.6478439,0.7956617,0.97209585,0.99179786,0.86587405,0.96120024,0.850072,0.9383131,0.72166884,0.8093574,0.06773955,0.10342327,0.007333964,0.010636866
80,614.7025,624.0369,596.13306,637.5803,567.5322,678.97156,549.5938,718.45764,456.5884,611.13776,345.89133,663.0813,578.9718,647.2178,537.54956,606.4639,504.32495,355.3296,337.89136,344.70813,337.0473,353.2298,411.2691,417.0172,490.81818,465.90918,515.84296,500.89874,570.4841,569.6117,582.8632,591.5802,584.70935,608.92126,0.9844024,0.9528675,0.9688623,0.64573413,0.7977704,0.97206366,0.9918715,0.86573815,0.9617374,0.8503394,0.9390966,0.7208007,0.80945003,0.06693712,0.10268992,0.007216811,0.010498017
81,614.8748,624.1445,596.2717,637.38245,567.44165,678.64136,549.39014,718.2593,456.62265,611.47314,345.80255,663.12634,579.02386,647.14685,536.9154,606.3717,503.4148,355.20154,337.77057,344.57556,337.02466,353.18848,411.16925,417.0011,490.50024,465.7896,515.5355,500.89587,569.60815,568.805,580.9697,589.8456,582.35406,606.78015,0.98416346,0.9519664,0.96850336,0.64146835,0.7979464,0.9718672,0.99173063,0.8662733,0.96140635,0.85098755,0.9388144,0.7171205,0.8057431,0.06568971,0.10022351,0.007096201,0.01026544
82,614.9982,624.1571,596.2837,637.2687,567.3342,678.8218,549.3017,718.6113,456.2125,611.20215,345.85184,663.32697,579.00134,647.72455,537.02466,607.18243,502.97095,354.85217,337.42548,344.38794,336.88446,353.42572,411.10254,417.19867,490.48547,465.76215,515.6676,500.8037,569.03076,568.3717,580.31934,589.4614,582.4754,607.0951,0.9841186,0.9517952,0.96860605,0.639524,0.79873,0.9713713,0.99162227,0.8642595,0.9610465,0.8492229,0.93836546,0.71197104,0.8021954,0.064202726,0.09824717,0.006939411,0.010052472
83,615.0306,624.1616,596.2003,637.1354,567.0635,678.8151,549.1933,718.6559,456.0078,610.88495,345.4339,663.6858,579.308,647.38635,536.89545,607.04913,502.83298,354.601,337.17554,344.18915,336.80566,353.4969,411.0713,417.3152,490.54645,465.87036,515.85284,500.97546,568.7988,568.18427,579.3045,588.5143,581.91077,606.48755,0.9841356,0.95173335,0.96859646,0.6388155,0.79907084,0.9715199,0.99165857,0.8648976,0.96111834,0.849725,0.9384638,0.71283835,0.8027328,0.06488344,0.099027574,0.0070347786,0.010171503
84,614.9632,624.16846,596.1704,637.1472,567.0199,678.6404,548.97205,718.6668,456.1582,611.454,345.39127,663.00244,578.38696,647.8886,536.479,608.20337,502.459,354.4323,337.04468,344.00012,336.7262,353.25842,411.01868,417.05652,490.39142,465.48608,515.62915,500.68158,570.12396,569.45435,580.5588,589.7196,582.40564,607.0928,0.98414373,0.9514033,0.968539,0.6370151,0.7988599,0.97169006,0.9917516,0.86684835,0.9619987,0.8520148,0.93980557,0.7175182,0.8065355,0.06501153,0.099487245,0.0069789886,0.010111868
85,615.03265,624.1768,596.27026,637.2105,567.3525,678.7842,549.71295,718.5664,456.735,611.2739,345.68518,663.3916,579.1819,647.56116,537.0177,607.3743,502.0561,354.27838,336.95038,343.9339,336.71442,353.32556,410.8781,416.90625,490.3639,465.41498,515.60297,500.68134,569.6706,568.9315,580.3484,589.3586,582.18567,606.5887,0.9840889,0.95131475,0.96830547,0.63850784,0.7982717,0.971817,0.9918212,0.867095,0.9622676,0.85169554,0.9398859,0.71840537,0.8076463,0.0651488,0.09989196,0.0069815814,0.010136694
86,614.9729,624.13354,596.2345,637.2087,567.30334,678.8223,549.5644,718.6846,456.53168,611.55115,345.49713,663.41077,579.0791,647.5394,536.55255,607.95056,502.25952,354.34308,336.99286,343.96014,336.6593,353.23438,411.00385,416.9704,490.57074,465.51917,515.5367,500.74927,570.32166,569.5659,581.1625,590.16077,583.25977,607.7165,0.9839724,0.9511559,0.9680651,0.6375633,0.7965569,0.9714799,0.99163276,0.8664757,0.96157205,0.8515808,0.93921363,0.71539205,0.8045335,0.06428045,0.09816149,0.006880015,0.0099538565
87,614.9797,624.1731,596.05493,637.37787,566.92126,679.00946,549.2885,718.7567,456.2726,611.0034,345.45258,663.56647,578.9431,647.6481,536.39325,606.7201,501.13373,354.36035,336.89386,343.96777,336.48645,353.30444,410.96417,417.19702,490.67407,465.88654,515.55396,500.67755,570.22424,569.5997,580.0857,589.38806,581.9081,606.6649,0.98412514,0.9519882,0.96842945,0.6402149,0.79693526,0.97144985,0.99153084,0.8650633,0.9605432,0.84954333,0.93766236,0.7123454,0.80146194,0.06434071,0.09778735,0.006984353,0.010066807
88,614.9398,624.1876,595.9165,637.54016,566.7021,679.2522,549.0321,718.81134,455.89557,610.3614,345.30652,663.53973,578.65485,647.5382,536.1529,606.2228,501.1269,354.19617,336.65002,343.77924,336.21008,353.15344,411.05743,417.27386,491.12,466.01965,515.7654,500.59674,570.30786,569.68225,579.67236,589.07306,581.6293,606.61237,0.9844039,0.95288706,0.96905017,0.6427597,0.79858124,0.9715186,0.9915874,0.86396813,0.96041405,0.84858626,0.9374604,0.7093556,0.79958916,0.06373742,0.09712404,0.0069423616,0.010022908
89,615.01794,624.2135,596.0029,637.3946,566.6915,679.13513,548.87195,718.9846,455.77264,610.2563,345.24707,663.22766,578.2894,647.6365,535.9224,606.1316,500.50806,354.27496,336.6903,343.84113,336.20972,353.1883,410.98627,417.2854,490.96594,465.99066,515.81836,500.66296,570.05145,569.45306,579.5208,588.9596,581.76196,606.8009,0.9844576,0.9527501,0.969244,0.64147455,0.80005586,0.9717382,0.9917101,0.8649952,0.9610864,0.84977174,0.9383886,0.71300554,0.8028236,0.06477293,0.09889066,0.0070414245,0.0101825
90,614.7445,624.0033,596.1047,637.2486,567.3223,678.9787,548.795,719.22034,455.265,612.282,344.54987,662.7362,577.83044,647.1957,535.68207,606.6093,500.99374,353.43024,336.297,343.1745,336.36304,352.73645,411.05438,417.27234,490.31006,466.1917,515.3513,500.64227,572.1954,571.577,580.29285,589.6185,583.0357,607.69684,0.98437357,0.95257306,0.96865666,0.6440886,0.7980112,0.97243,0.9917317,0.86955273,0.96138597,0.8537952,0.93885165,0.7155255,0.8027743,0.06393212,0.096695065,0.0068475306,0.00983125
91,614.76685,624.0175,596.13904,637.20496,567.3324,678.96606,548.80347,719.426,455.4279,612.35876,344.56293,662.7446,577.90173,647.50793,536.30945,606.6599,501.5787,353.43152,336.2909,343.1377,336.35437,352.64795,411.11237,417.185,490.6239,466.28162,515.53033,500.65833,572.0664,571.3904,580.27435,589.4729,582.9175,607.52655,0.984216,0.9519696,0.96840525,0.64193755,0.79779553,0.97226787,0.99172103,0.86875975,0.9614134,0.8529184,0.93883955,0.7145736,0.8024541,0.06373492,0.09670514,0.0068318546,0.009831697
92,615.0226,624.22894,596.41736,637.1819,567.4557,678.8953,548.5966,719.36975,455.29388,612.5267,344.59583,662.5868,577.6264,647.78125,536.3027,606.94006,501.76517,353.38287,336.26587,343.10126,336.41248,352.6765,411.1797,417.43378,490.39044,466.54626,515.35175,500.65698,572.4228,571.8545,580.6748,589.96747,583.46045,608.03503,0.9840131,0.9512327,0.9680988,0.6384774,0.7976679,0.97205675,0.9915905,0.8684455,0.96091485,0.8525425,0.9382649,0.7132528,0.8006799,0.06326485,0.09563357,0.0067780614,0.0097197
93,615.00256,624.24365,596.4097,637.2183,567.4654,678.7997,548.7266,719.2777,455.56613,612.2502,344.50104,662.58875,577.74994,647.70404,536.3755,607.34937,501.9202,353.34155,336.30035,343.08582,336.5487,352.70624,411.32147,417.40698,490.37164,466.222,515.3103,500.57367,572.5856,571.94434,581.09607,590.3484,583.6308,608.293,0.9841077,0.951372,0.9683097,0.63847214,0.7985686,0.9721462,0.9916768,0.8691124,0.9614781,0.8535495,0.9390887,0.7148999,0.8024679,0.06331408,0.09597975,0.0067498684,0.009700507
94,614.8919,624.1938,596.3521,637.2433,567.4692,678.6632,548.66656,718.8982,455.3758,612.1738,344.32822,662.4379,577.639,647.5323,536.2201,607.5519,502.00607,353.22168,336.23846,342.94067,336.50916,352.47742,411.23694,417.18494,490.3064,466.16644,515.2884,500.7621,572.6662,571.95715,581.7326,590.7976,584.33167,608.7607,0.9842316,0.9517,0.9685551,0.63946325,0.7993635,0.97228825,0.99176526,0.8693861,0.9618422,0.85374296,0.9394682,0.7171462,0.80461717,0.06383398,0.09696272,0.006791681,0.009779274
95,614.808,624.19324,596.27203,637.4181,567.4945,678.7682,548.76044,718.8583,455.14648,612.46796,344.32492,662.675,577.88855,647.1396,535.83044,607.34937,501.5778,353.35608,336.38055,343.02368,336.72278,352.56378,411.40698,417.21863,490.48932,466.20587,515.3529,500.60907,572.2144,571.41736,580.6838,589.5927,583.54584,607.7479,0.98435473,0.9522084,0.96871746,0.64180714,0.79927087,0.97239375,0.99183816,0.8693651,0.962065,0.85387385,0.93977123,0.71742016,0.80529976,0.06443021,0.098012984,0.0068876445,0.009934038
96,614.828,624.2102,596.2363,637.38446,567.3224,678.6139,548.5526,718.73694,454.74182,612.8313,344.04364,662.509,577.73474,646.9584,535.7532,607.4652,501.7405,353.42017,336.41376,343.0838,336.70935,352.61572,411.40076,417.32104,490.3523,466.26013,515.26416,500.6607,572.09735,571.37695,581.16895,590.1657,583.921,608.1361,0.9844949,0.9525424,0.968992,0.64228344,0.8003992,0.972703,0.9918958,0.87054724,0.96219563,0.85497296,0.94000053,0.7206496,0.8073046,0.06533286,0.09904358,0.0069630444,0.010017306
97,614.6454,624.09576,596.1099,637.4801,567.4267,678.64514,549.09235,718.73206,455.58508,613.0203,344.3063,663.0441,578.5985,646.7901,536.0998,607.4242,502.1139,353.57355,336.57068,343.17133,336.79858,352.54535,411.24158,417.0221,490.33716,466.1859,515.0797,500.62207,571.5198,570.6842,580.4566,589.24664,582.6258,606.65173,0.9844729,0.9528416,0.96891373,0.64428765,0.798951,0.9721821,0.9917842,0.86794364,0.9616568,0.8524673,0.9391353,0.7132602,0.8023267,0.06327608,0.09639785,0.0067792535,0.009788185
98,614.65344,624.1113,596.10016,637.48444,567.4063,678.4696,549.2899,718.61896,455.86243,613.4082,344.51654,663.17444,579.0017,646.9998,536.81854,608.33264,503.24146,353.7282,336.67346,343.28705,336.8546,352.6294,411.30054,417.15802,490.16895,466.17505,515.10156,500.75574,571.61475,570.8548,581.3982,590.26587,583.6083,607.65,0.9844347,0.952813,0.9687771,0.6436284,0.79786694,0.9719963,0.99165547,0.8676402,0.9611189,0.85243285,0.9386412,0.71201324,0.8006322,0.06285572,0.09543398,0.006709665,0.009661287
99,614.5791,624.0511,596.0646,637.5074,567.4548,678.5432,549.3952,718.6326,455.97476,612.84656,344.91827,663.1388,579.0538,646.68396,537.0561,607.49207,503.25717,353.79163,336.7669,343.3399,336.91455,352.5943,411.22485,416.9627,490.3346,466.21045,515.42847,500.6432,571.29297,570.42834,580.978,589.6159,583.4176,607.1111,0.9844439,0.9532058,0.9687338,0.6465183,0.7969768,0.9719697,0.9915751,0.8668178,0.96044695,0.8510964,0.93758917,0.7092506,0.79799235,0.062514454,0.09467697,0.006711006,0.0096465945
100,614.626,624.0843,596.10474,637.58875,567.58154,678.56024,549.66406,718.30566,456.36404,613.1167,345.06097,663.2336,579.1908,646.822,536.59235,608.0352,502.83722,353.891,336.79364,343.45215,336.84705,352.7079,411.17163,417.07532,490.17664,466.16724,515.14746,500.53674,571.5604,570.79114,581.4978,590.382,584.0869,608.0595,0.9844886,0.95321226,0.9686285,0.64664453,0.79643047,0.9725357,0.9916795,0.87039614,0.9611205,0.8549109,0.9387545,0.718485,0.80426735,0.06518453,0.09804869,0.0069568157,0.009957433
101,614.53906,623.9912,596.05786,637.4913,567.5861,678.6085,549.4287,718.5912,456.31976,613.3102,345.09827,662.99207,578.7022,646.9574,536.0936,608.40894,502.63086,353.8122,336.7497,343.39612,336.86,352.69672,411.36414,417.18073,490.3694,466.1375,515.015,500.43152,572.3372,571.5504,582.1915,591.1678,584.60535,608.90283,0.98440945,0.9528893,0.96852314,0.6455281,0.7961325,0.97229207,0.9916785,0.86962587,0.96133435,0.85446584,0.93902516,0.7170899,0.8038762,0.06414813,0.096980155,0.0068174303,0.009791583
102,614.5121,623.93146,596.08093,637.4697,567.7772,678.3526,549.5275,717.6625,455.8747,613.05865,345.12924,662.9922,578.91943,647.8278,537.1305,607.4874,501.7813,353.55457,336.61847,343.21826,336.9721,352.6917,411.25647,417.1988,489.7166,466.06775,515.40955,499.88965,571.38525,570.69336,580.1082,589.0557,582.1648,605.90106,0.98413765,0.9521067,0.9678407,0.6454554,0.7953657,0.9728776,0.9918113,0.87174,0.9617102,0.85489,0.93915415,0.7282807,0.81198585,0.0691821,0.10400233,0.007494539,0.010740817
103,614.5746,623.97766,596.13947,637.4451,567.78424,678.37683,549.5455,717.7852,455.91644,612.92084,345.13788,663.0374,578.921,647.8439,536.8177,608.26025,501.98093,353.57837,336.614,343.2306,336.94348,352.70746,411.33002,417.1897,489.91632,465.93073,515.13495,499.8037,571.52893,570.8056,579.68774,588.63306,581.9587,605.8591,0.9841479,0.95203674,0.9679324,0.643969,0.7952468,0.9725335,0.9917716,0.87071276,0.96177745,0.8548291,0.93951213,0.7247195,0.8098824,0.06807476,0.10274789,0.0073767304,0.010599047
104,614.5085,623.93396,595.9811,637.5737,567.62665,678.6438,549.39355,717.84143,455.5576,612.9098,345.10742,663.24066,578.8816,648.5852,537.4458,607.4444,501.58713,353.76355,336.66187,343.35895,336.85663,352.7868,411.1308,417.3233,489.82654,466.5556,515.3598,500.15784,570.8917,570.3069,579.9365,588.9278,582.11035,605.78546,0.9842728,0.9527422,0.96824527,0.64722395,0.796113,0.97260284,0.9917521,0.86923426,0.96109134,0.85215974,0.9381484,0.72400606,0.8091233,0.06828776,0.10300794,0.0074440837,0.01069653
105,614.5513,623.95197,595.99963,637.5524,567.6118,678.7665,549.47076,718.03516,455.78806,612.7342,345.04443,663.0123,578.5552,647.79,536.305,607.2488,500.6961,353.7096,336.6065,343.35907,336.80774,352.8778,411.12402,417.31714,490.10107,466.5821,515.46735,500.32837,571.10657,570.4489,580.16846,589.13153,582.45,606.17615,0.9844034,0.9531598,0.96854895,0.6481145,0.79657865,0.97244537,0.99172634,0.868657,0.961028,0.8519374,0.93805754,0.72033024,0.80653584,0.066658676,0.100693196,0.0072370768,0.010402262
106,614.72144,624.05096,596.18,637.511,567.8087,678.7186,549.95435,718.2315,456.68915,612.71594,344.98236,663.179,579.07336,647.97943,537.1553,606.03827,500.05942,353.8224,336.735,343.4724,336.92633,352.9491,411.00653,417.05884,490.06543,466.3546,515.72723,500.70306,570.2471,569.4868,579.7121,588.5404,581.17224,604.9128,0.98418367,0.9522333,0.96824074,0.64538085,0.7973709,0.97247803,0.99183035,0.8686305,0.9616566,0.85106134,0.93844986,0.72293395,0.8095144,0.067397505,0.10236704,0.0073319376,0.010585785
107,614.7619,624.0541,596.2135,637.4757,567.818,678.7752,549.9701,718.2718,456.6859,612.77454,345.0531,663.2671,579.1432,648.2948,537.47205,606.4757,500.59177,353.87103,336.75458,343.52826,336.8756,352.98236,411.0409,417.12598,490.07556,466.34644,515.6749,500.73163,570.6731,569.9447,580.8613,589.6927,582.6824,606.4074,0.9840684,0.9519858,0.9680077,0.64456344,0.79634726,0.9723025,0.9917468,0.86781526,0.96122736,0.85007465,0.93784434,0.7241586,0.8102106,0.068139255,0.10334173,0.0074225366,0.010708809
108,614.7307,623.7904,596.4652,637.00037,568.47595,678.3374,551.0045,717.77203,458.0299,612.0383,345.50125,663.10803,579.6665,648.2086,536.9927,605.57733,497.37427,353.58575,336.80878,343.48407,337.0808,352.9828,410.7699,416.7663,489.36176,465.9978,515.0575,500.36707,570.82776,569.90845,580.5193,588.9282,581.36743,604.36316,0.98379755,0.950985,0.9671779,0.6443981,0.7950933,0.97323513,0.99193084,0.87452674,0.9627774,0.8561512,0.9398869,0.7373116,0.8191729,0.0714196,0.10741261,0.007720679,0.011087298
109,614.80676,623.89185,596.5252,637.13684,568.4463,678.6168,550.9486,718.1531,457.69348,612.3606,345.46576,663.3087,579.6588,648.2053,536.4809,605.6102,496.77875,353.72675,336.90662,343.54694,337.0813,352.91058,410.6786,416.6433,489.31567,466.13843,515.1135,500.6557,570.15094,569.13513,580.2135,588.248,581.50323,603.8818,0.983873,0.95139146,0.96734834,0.6455517,0.7950408,0.9731478,0.99188304,0.8738476,0.9624584,0.85548663,0.9394384,0.7358395,0.8179482,0.07132313,0.1071544,0.0077303946,0.011095047
110,614.85266,623.9975,596.561,637.2447,568.3373,678.6602,550.47217,718.3905,457.46313,612.20557,345.53845,662.8274,578.771,648.37476,535.8126,606.12036,496.52936,353.78967,336.98627,343.59137,337.1629,352.9007,410.80798,416.66144,489.41302,466.0475,515.0769,500.71368,570.59,569.5544,580.7531,588.8679,581.75464,604.47754,0.9838936,0.9513711,0.96768016,0.6436286,0.79618496,0.9726054,0.99180245,0.8716132,0.9623045,0.8538672,0.9392819,0.73039806,0.81458104,0.068892896,0.10419336,0.0074550807,0.010739565
111,614.9171,624.12976,596.4847,637.6062,568.3002,678.9207,550.823,718.04785,457.7114,612.73376,346.13535,663.21985,579.0575,647.8457,534.4683,605.84265,494.81952,353.7185,336.7798,343.47772,336.98468,352.93933,410.80347,416.5902,489.5371,465.6587,515.11475,500.19263,570.30756,569.2377,578.711,586.9342,579.1763,601.97705,0.98406345,0.9521976,0.96751773,0.6480134,0.79352117,0.97322345,0.9918132,0.8751397,0.9622427,0.8574746,0.9395239,0.7347298,0.81617343,0.070786744,0.1056568,0.0076942444,0.010983139
112,614.9403,624.13104,596.4524,637.65686,568.2796,679.07935,551.0395,718.1841,457.97324,612.87,346.61792,663.67126,579.59717,648.0703,535.111,605.5648,495.22244,353.80072,336.82605,343.57147,337.01648,353.09186,410.9217,416.84106,489.5171,465.84167,515.27875,500.276,570.3156,569.29846,578.9134,587.16455,579.2914,601.9772,0.9841404,0.95267123,0.9677587,0.64966553,0.7941072,0.97296107,0.99172723,0.87286586,0.96152836,0.8547596,0.9383569,0.72975487,0.81253785,0.06934801,0.10372275,0.007571757,0.010821819
113,615.00073,624.2031,596.5377,637.6127,568.3019,678.84546,550.87964,718.04895,457.6698,613.6758,346.28784,663.48883,579.5197,647.53876,534.70764,605.2358,495.18506,353.82825,336.8506,343.5114,337.02972,352.92896,411.04388,416.88733,489.47516,466.0324,514.48376,500.49255,570.355,569.32654,579.0209,587.19055,579.0912,601.76294,0.98416036,0.95260346,0.9676896,0.64960116,0.79438305,0.9734274,0.9917661,0.8754798,0.961734,0.85754883,0.9388112,0.7321954,0.8132632,0.06960529,0.103361994,0.0075391233,0.010714382
114,615.1404,624.34607,596.65393,637.7893,568.4457,679.0336,550.98926,718.18207,457.70712,613.4914,346.4545,663.5408,579.56555,647.552,535.314,605.3937,496.08432,353.60907,336.6548,343.35718,336.88397,352.87628,410.74854,416.60858,489.5332,465.87134,514.53784,500.2284,569.9224,568.9279,578.64636,586.9568,578.6527,601.5653,0.983981,0.9519153,0.96734613,0.64739716,0.79375434,0.9731702,0.9917674,0.8748164,0.9619929,0.85709673,0.9391647,0.72919184,0.8116583,0.06796029,0.10146797,0.0073156953,0.010432452
115,615.1294,624.32214,596.5868,637.8118,568.38715,679.00415,551.0499,718.1908,457.5476,613.666,346.3963,663.61444,579.8604,647.2106,536.1277,604.5928,496.76566,353.4452,336.46582,343.23932,336.6693,352.81927,410.38715,416.45508,489.37018,465.9109,514.9381,500.36505,568.9286,568.0586,577.9102,586.4673,578.254,601.34827,0.98406005,0.9523064,0.9674083,0.6498428,0.7939218,0.9734313,0.9917989,0.87488997,0.96167326,0.8562981,0.9384507,0.7298267,0.8117089,0.06875089,0.10231942,0.0074267983,0.010567427
116,615.1786,624.3988,596.5648,637.9517,568.3346,679.3003,551.06885,718.50275,457.58612,613.93304,346.89392,664.34216,580.5925,647.78015,537.7174,604.3881,498.8075,353.31897,336.23865,343.01398,336.4408,352.61438,410.44366,416.65564,489.09314,466.05273,514.65906,500.4848,568.99695,568.2257,578.71783,587.2677,578.92554,601.8616,0.98409885,0.9526151,0.9673897,0.65174836,0.79347605,0.97343254,0.9917666,0.87351024,0.96101284,0.85449696,0.9374435,0.7280265,0.8101306,0.0683302,0.101694345,0.0073818564,0.010508448
117,615.23486,624.47626,596.6681,638.10583,568.5422,679.6707,551.55597,719.06494,458.73343,613.5848,347.04276,664.55927,580.7063,647.53925,536.48914,603.8437,496.72867,353.27234,336.24158,342.9718,336.47906,352.5515,410.484,416.48163,489.25525,465.87073,514.78564,500.71277,569.0501,568.03064,578.378,586.647,578.2805,601.12836,0.98408437,0.95259684,0.9673338,0.65260845,0.79301584,0.97340083,0.9918277,0.8738785,0.9615643,0.8549509,0.9379964,0.72847116,0.81125045,0.068027794,0.10163435,0.007336974,0.010478526
118,614.9889,624.3026,596.46564,638.2154,568.60675,679.6809,551.92316,718.6964,458.95187,613.29346,347.10236,664.4893,581.0923,646.75854,537.34534,603.86414,499.25797,353.46912,336.36566,343.11536,336.35327,352.45416,410.45123,416.19104,489.76965,465.5912,515.3141,500.60767,569.05493,567.94604,579.2274,587.44385,579.81433,602.759,0.98427296,0.9535186,0.9673534,0.6579408,0.791206,0.97378767,0.99182785,0.87494737,0.9611491,0.85597086,0.9375718,0.7290521,0.8106479,0.06849113,0.10171801,0.00734517,0.010448515
119,615.1903,624.4567,596.61426,638.24164,568.5456,679.6033,551.5678,718.60736,458.30756,612.7992,346.76617,664.14624,580.5221,646.89624,536.92456,604.3348,498.94012,353.6535,336.49542,343.3214,336.31012,352.5775,410.14227,416.05603,489.57422,465.4679,514.9265,500.5899,568.6808,567.69806,578.952,587.43726,579.25055,602.62085,0.9843257,0.95347774,0.9678043,0.65513587,0.79294693,0.9732768,0.99180555,0.8728715,0.9612763,0.8546977,0.9378496,0.72520596,0.8088612,0.06716749,0.10048005,0.0072203577,0.010317475
120,615.3855,624.55615,596.9052,637.97986,568.7872,679.7432,551.72144,718.75854,458.5799,613.0854,347.4964,665.00525,581.4022,647.9103,537.9792,604.9031,499.61746,353.71313,336.7047,343.40485,336.96167,352.95538,410.63177,416.43164,489.6106,465.8686,514.3545,500.1031,567.452,566.34955,576.8031,584.5836,578.99976,601.0625,0.9840925,0.95259136,0.96738285,0.6519804,0.7937107,0.9735828,0.991902,0.87331194,0.961491,0.85459363,0.938129,0.7347163,0.81625897,0.07357672,0.10968244,0.008100927,0.01157546
121,615.3878,624.5763,596.89386,638.0228,568.72626,679.69794,551.31696,718.95764,458.11847,613.34375,347.54938,664.5915,580.7633,647.9716,537.7404,604.8617,499.3664,353.76453,336.7044,343.4037,336.9286,352.91663,410.713,416.61365,489.38483,465.91064,514.4236,500.3225,567.8742,566.87604,578.08905,586.14215,579.9518,602.4007,0.9838456,0.9519466,0.9669374,0.6494973,0.79196215,0.97321844,0.991707,0.87292206,0.9608991,0.8545506,0.9375504,0.732251,0.8135296,0.07190019,0.10686043,0.007856458,0.01118806
122,615.13617,624.3863,596.58374,638.1499,568.5737,679.8139,551.66046,718.67914,458.57266,613.63257,347.70963,664.6545,580.9259,647.8848,537.5227,605.44946,499.5755,353.72815,336.6057,343.40363,336.64465,352.8437,410.46875,416.2981,489.55933,465.60718,514.68475,500.2566,567.73364,566.68994,578.5051,586.5521,580.5104,603.0042,0.9839548,0.95244956,0.9670284,0.6517589,0.79115754,0.9732527,0.9917091,0.8730254,0.96091425,0.8545995,0.93752396,0.73300654,0.8141273,0.07207382,0.107118726,0.0078546405,0.011189312
123,614.9271,624.251,596.34985,638.2909,568.5381,679.8743,551.9787,718.54333,458.63608,613.45874,347.7808,664.881,581.37354,647.59076,537.86597,604.8411,499.64093,353.77417,336.56378,343.35376,336.55573,352.74646,410.5761,416.32007,489.50647,465.45923,514.5337,500.22046,568.1526,567.0613,578.4654,586.4443,579.9773,602.36884,0.9840472,0.9532018,0.9669082,0.65615773,0.7885288,0.9732386,0.99158144,0.8728845,0.9600971,0.85456014,0.93657875,0.7285496,0.80974853,0.07036361,0.104109496,0.007662028,0.010878414
124,615.0694,624.3616,596.52374,638.2752,568.67365,679.92676,552.029,718.90924,458.73074,613.48474,347.87238,664.7964,581.3618,647.1418,538.0829,604.2332,500.16946,353.76605,336.56042,343.33032,336.46167,352.6092,410.47327,416.11835,489.67633,465.4157,514.50757,500.16443,568.81885,567.6734,578.5518,586.4828,579.87067,602.32654,0.98412466,0.953251,0.9669261,0.6569883,0.7887901,0.9736099,0.9916972,0.87441385,0.9605616,0.85607594,0.93721807,0.72896993,0.8100024,0.06973025,0.10318878,0.0075396895,0.010704309
125,615.25146,624.5937,596.62354,638.48834,568.6301,679.85114,551.83563,718.8589,458.47247,613.4137,348.1648,665.0579,581.6292,646.8574,538.46136,603.248,500.01746,353.55255,336.3001,343.05585,336.3097,352.42395,410.25916,416.1438,489.54993,465.81116,514.3195,500.0766,568.275,567.31305,577.5443,585.8832,578.568,601.46094,0.9842653,0.9537668,0.9672065,0.65848124,0.7896091,0.97370195,0.9916724,0.87396646,0.9599738,0.8552486,0.93634295,0.72585213,0.8070227,0.06899375,0.10173932,0.0074896812,0.010598779
126,615.45605,624.7371,596.8135,638.348,568.6247,679.5108,551.5564,718.8612,458.286,614.10645,348.32202,664.83325,581.42694,646.7833,538.3491,603.0894,499.60727,353.2978,336.11017,342.83752,336.28107,352.3443,410.27625,416.33118,489.503,466.28076,514.02026,500.0542,568.4193,567.5984,576.87836,585.463,577.0504,600.177,0.9842027,0.9533467,0.9673252,0.6554239,0.7915673,0.97343266,0.99159586,0.87286586,0.95968944,0.85406303,0.9359158,0.71920323,0.8018426,0.06620628,0.09778482,0.00718686,0.0101643205
127,615.6455,624.86365,597.01984,638.2863,568.7609,679.5135,551.5465,719.08,458.43555,614.1399,348.60806,664.813,581.4201,647.01904,538.82776,602.7886,499.77942,353.2851,336.11725,342.8507,336.3382,352.406,410.26935,416.3728,489.50464,466.32086,514.40027,499.92993,568.25543,567.46484,576.67456,585.3154,576.97876,600.1282,0.9840148,0.9525072,0.9671248,0.65185595,0.792488,0.97331864,0.99161565,0.87253946,0.96000147,0.8536438,0.93630624,0.7190319,0.8022295,0.06606433,0.097931504,0.00717023,0.010163903
128,615.7009,624.9197,597.1851,638.3487,569.02136,679.6985,551.60034,719.3549,458.7492,614.69965,349.0856,664.39685,580.8288,646.77264,537.64026,602.45886,498.4012,353.1317,336.11078,342.76575,336.50836,352.40393,410.52606,416.53186,489.40613,466.3694,514.5873,499.8849,568.27136,567.34155,576.1806,584.53644,576.76953,599.4682,0.9839996,0.95269024,0.96716404,0.6533807,0.79248863,0.9731937,0.9915621,0.87154627,0.9596549,0.8522492,0.9355906,0.71822935,0.80160487,0.066334605,0.09831354,0.007263541,0.0102953315
129,615.75543,624.9418,597.2584,638.38257,569.19366,679.9939,551.8088,719.6447,459.15543,615.1239,349.3152,664.8752,581.32196,647.0052,538.38074,601.28015,498.6893,353.01416,335.9873,342.64252,336.35846,352.24622,410.20697,416.22168,489.3839,466.50293,514.50824,499.94397,567.3603,566.40344,575.0163,583.24426,575.3185,597.82214,0.9839821,0.95267695,0.9670604,0.65502524,0.7930776,0.97357464,0.99166787,0.8720735,0.95976055,0.85163593,0.93528664,0.7197267,0.8027594,0.06712636,0.09945667,0.007384956,0.010471284
130,615.89575,625.06244,597.4193,638.32855,569.2886,679.92737,552.0434,719.7626,459.82422,615.01013,349.7911,664.9036,581.5609,646.9183,539.18463,601.6919,499.84943,352.7437,335.80298,342.4171,336.3407,352.13763,410.195,416.0631,489.46265,466.3042,514.8927,499.78552,567.7429,566.7064,576.1138,584.1667,576.6665,598.9291,0.98381114,0.952117,0.9666734,0.6532837,0.7922812,0.97343934,0.991585,0.8717507,0.9594345,0.8509723,0.9348234,0.7193137,0.802095,0.06675449,0.098793,0.0073129237,0.010358363
131,616.0458,625.1837,597.60657,638.48596,569.49176,680.1858,552.1767,719.90466,459.9115,615.24475,350.8943,665.4657,581.99835,647.18805,538.6574,602.45557,499.69495,352.8001,335.8913,342.4944,336.3728,352.16046,410.2135,416.17773,489.26,466.3792,514.68524,499.5492,567.29175,566.2937,575.2881,583.34503,576.105,598.2088,0.98395425,0.9528103,0.9669478,0.6556101,0.7925136,0.9734205,0.99149907,0.8718972,0.9589856,0.85150945,0.9344682,0.7161521,0.79887515,0.06588614,0.09709811,0.0072266757,0.010200709
132,616.36646,625.40765,597.97266,638.30426,569.5686,680.1222,551.5617,720.12964,460.23914,615.3664,351.32727,664.7524,580.899,647.547,538.09674,601.276,499.12924,352.651,335.77435,342.34662,336.25543,351.9521,410.3294,416.3181,489.11206,466.45166,514.6583,499.67108,567.4684,566.50464,574.9028,583.08124,575.4313,597.8887,0.98364365,0.951614,0.9666338,0.65108865,0.79400647,0.9734212,0.99145865,0.87151223,0.95868534,0.8501797,0.9336879,0.7182008,0.80002713,0.06703609,0.098558754,0.0074267983,0.010457069
133,616.44226,625.4099,598.0919,638.15955,569.62634,680.062,551.2769,720.1717,459.73486,615.9491,350.7566,664.6808,580.6367,647.9035,537.6468,601.32043,498.51257,352.54462,335.6764,342.24957,336.05432,351.75293,410.1388,416.2444,488.9792,466.65894,514.45154,499.87628,567.6929,566.8076,575.1322,583.3897,575.44196,597.97363,0.9836247,0.95148146,0.9667304,0.64987034,0.7949859,0.9734067,0.9914199,0.8716202,0.9585477,0.8499931,0.9333962,0.71698266,0.79870963,0.06625685,0.09726909,0.0073310733,0.010305047
134,616.69635,625.7115,598.2623,638.5104,569.89435,680.29315,551.8859,720.37067,460.247,616.6216,350.94034,665.1707,581.4467,648.14813,539.5799,601.1819,499.8478,352.2011,335.38684,341.93353,336.122,351.7744,410.15063,415.94226,489.28125,466.35193,514.2722,499.60693,567.16583,566.19446,574.4324,582.5598,574.1876,596.66425,0.98351955,0.95126647,0.96626055,0.65088385,0.7937112,0.9735811,0.99141073,0.8719517,0.95825195,0.84937394,0.93274957,0.71586555,0.7973218,0.065689474,0.096253365,0.0072545707,0.010185361
135,616.93427,625.9823,598.42816,638.777,569.9939,680.498,551.7559,720.80884,459.97638,616.909,350.83862,665.4026,581.4568,648.3951,539.7767,601.1643,499.6197,352.1667,335.36853,341.906,336.31506,351.95862,410.15125,415.97607,489.25635,466.2838,514.3508,499.6278,566.1533,565.2602,572.60315,581.0366,571.5636,594.5638,0.9835605,0.9512781,0.96638227,0.65104294,0.79456764,0.9736149,0.9915329,0.8719122,0.9588256,0.8493204,0.9334028,0.71554226,0.7979908,0.06550437,0.09644917,0.007257104,0.010224789
136,617.14624,626.085,598.72156,638.8014,570.42377,680.7106,552.1062,721.0194,460.08932,616.9611,350.91553,665.40674,581.49475,648.46606,539.6312,601.02814,499.00406,352.03973,335.31958,341.88794,336.23645,351.9621,409.98566,415.82477,489.297,466.27307,514.29785,499.57874,566.4791,565.55664,572.7329,581.1213,571.4633,594.4175,0.98355174,0.95105743,0.9664782,0.65033233,0.795596,0.9734872,0.9916258,0.8713224,0.95949644,0.8487203,0.93410647,0.7133704,0.79760456,0.06402105,0.09505758,0.007060975,0.010008186
137,617.3605,626.2213,598.8888,638.7581,570.48486,680.7602,551.9655,721.1118,459.52094,617.24554,351.08862,665.42365,581.4544,648.56824,539.9153,601.0062,499.0996,351.5855,334.9527,341.5503,336.15198,351.9771,410.07037,416.04706,489.281,466.4757,514.42084,499.58282,565.8236,564.99207,571.5392,579.9894,570.65173,593.4697,0.9837046,0.95136225,0.96696067,0.65063244,0.79848593,0.9735663,0.9916942,0.8705292,0.9595375,0.8475106,0.9339746,0.7104553,0.7957311,0.06329599,0.094222546,0.0070030093,0.009939164
138,617.6244,626.4845,599.1582,638.9718,570.6977,681.0563,552.0987,721.4396,459.92218,617.16113,351.36115,665.5775,581.6225,648.9742,541.1296,600.77124,500.62943,351.44006,334.82593,341.3977,336.0371,351.79315,409.98798,415.81207,489.2798,466.28888,514.16425,499.61615,565.47003,564.58594,571.84717,580.15393,571.10925,593.89343,0.98356783,0.9510961,0.9667662,0.649949,0.7982173,0.97335136,0.9915614,0.8688245,0.95862913,0.8452169,0.93254703,0.7072588,0.79274714,0.062777966,0.0933336,0.0069682896,0.009878129
139,617.85126,626.7983,599.34985,639.2949,570.8661,681.0783,552.1946,721.3826,460.23483,617.36005,351.49728,665.42773,581.3772,648.96124,540.7434,602.1484,500.7389,351.37762,334.8427,341.36096,336.39984,352.0465,410.4361,415.96307,489.71887,465.99847,514.11835,499.34814,565.59955,564.6504,571.3642,579.8236,569.86053,593.17786,0.98330176,0.95011485,0.9662353,0.6458678,0.796536,0.9728334,0.9914792,0.8683418,0.9589363,0.84581983,0.9333327,0.70430726,0.7910607,0.061285853,0.09149432,0.0067717135,0.009620428
140,617.90186,626.94604,599.4287,639.5554,571.00287,681.3324,552.1854,721.6365,460.30698,617.7299,351.36816,665.4002,581.20276,649.4009,541.1752,601.94763,501.154,351.45764,334.89062,341.33966,336.46942,351.93097,410.39203,415.8152,489.58734,465.9464,514.1814,499.20905,565.089,564.06635,570.86725,579.1082,569.22797,592.23816,0.9833845,0.95028466,0.9663045,0.64718306,0.7969257,0.9732711,0.9916191,0.8698628,0.9594537,0.8471399,0.9340087,0.70885026,0.79459286,0.06266934,0.09354392,0.0069233477,0.009842306
141,618.2151,627.339,599.65796,639.9384,571.0988,681.4425,552.2395,721.6025,460.6024,617.5398,352.13147,665.5072,581.1669,649.27045,540.70105,602.9238,501.04352,351.32397,334.8011,341.2287,336.6726,352.1037,410.62842,415.9403,489.65167,465.56958,514.0613,498.7995,564.6162,563.5915,569.7526,578.2163,567.8098,591.3052,0.98340225,0.9500617,0.9664459,0.644941,0.7974744,0.9729011,0.9917016,0.86858857,0.96017456,0.84693277,0.93519676,0.70801014,0.7957301,0.062457144,0.09407833,0.006914109,0.00989306
142,618.1952,627.3135,599.61896,639.97076,571.05383,681.42267,552.5381,721.5344,460.4709,617.2616,351.71893,665.6469,581.4647,648.829,540.2975,604.057,501.08307,351.16913,334.60883,341.0891,336.32812,351.89404,410.4212,415.7588,489.79303,465.49878,514.17365,498.79498,565.8371,564.7824,571.6741,580.07355,570.05383,593.4028,0.9833145,0.9495996,0.96624804,0.6416904,0.795771,0.9723934,0.9916432,0.8680111,0.9605719,0.8477758,0.9362054,0.70601165,0.7950734,0.06107071,0.092482805,0.006680459,0.009593934
143,618.3321,627.4694,599.7287,640.1239,571.0515,681.4944,552.51105,721.822,460.38528,617.3819,351.88855,665.54834,581.3661,648.7223,540.42706,603.9986,501.14093,351.0553,334.47308,340.96912,336.16388,351.7495,410.41138,415.76373,489.92102,465.60693,514.5695,499.0581,566.1365,565.098,572.376,580.8358,571.5731,595.0036,0.983385,0.94982505,0.9664302,0.64166355,0.7959774,0.9724046,0.9916265,0.86754316,0.9603125,0.84721494,0.9358338,0.7076046,0.7961355,0.062104136,0.09391317,0.0068119466,0.00977385
144,618.2058,627.3365,599.5956,640.03796,570.9991,681.53644,552.5497,721.9678,460.4378,617.43176,351.7012,665.46985,581.2339,648.4871,539.9975,604.0155,500.70285,350.99414,334.37317,340.90723,336.07214,351.75513,410.4557,415.8667,490.14044,465.84772,514.3899,499.19305,566.769,565.72754,572.815,581.3066,571.75684,595.2749,0.9833386,0.9496361,0.96625125,0.64131665,0.7948116,0.9722744,0.9916377,0.8674762,0.96057314,0.8476221,0.9362662,0.7065565,0.7958009,0.061296105,0.09297919,0.0066908896,0.009622157
145,618.02167,627.15436,599.5554,640.0836,571.20197,681.61743,552.7057,722.1266,460.2885,617.3933,351.67297,665.4357,581.45624,647.63086,539.8261,602.2451,500.73187,351.40625,334.68512,341.1595,335.8943,351.43103,410.34827,415.76202,489.95703,466.0056,514.2129,499.39398,567.2474,566.1537,573.28326,581.66974,571.90607,595.3185,0.9830054,0.94915426,0.96519667,0.6432406,0.7895268,0.97234774,0.99148786,0.86878526,0.959901,0.84921014,0.935623,0.7073224,0.7947886,0.06176585,0.09285259,0.0067406595,0.009634644
146,617.9686,627.0695,599.4846,640.1042,571.305,681.6704,553.33276,721.8682,461.01547,617.3167,352.2556,665.504,581.8563,646.9259,539.5424,600.8877,499.4659,351.50928,334.7245,341.25903,335.82874,351.50256,410.18274,415.55988,489.90308,465.78882,514.3122,499.23846,566.9171,565.7112,572.89465,581.0768,571.25464,594.3035,0.9829309,0.9490402,0.9647877,0.644892,0.7879032,0.97265625,0.99155116,0.87029254,0.96020937,0.8503113,0.9359187,0.7111458,0.797582,0.062897354,0.094329715,0.0068632066,0.009800404
147,617.8978,627.06116,599.42633,640.2478,571.2805,681.81647,553.2246,721.98016,460.6065,617.50366,352.14243,665.7909,581.9897,647.3906,539.81793,601.5277,499.8682,351.59467,334.7854,341.2898,335.8266,351.42188,410.15387,415.59216,489.9607,466.12878,514.3834,499.23462,567.1893,566.0238,573.7197,581.8563,572.3307,595.17847,0.98297393,0.94937205,0.96482056,0.6460556,0.7871926,0.9726219,0.99149376,0.8701405,0.9598737,0.85020494,0.9355833,0.71093833,0.79699445,0.062828034,0.094055474,0.0068430305,0.009761393
148,617.8694,627.0312,599.3777,640.3109,571.3268,681.98914,553.18005,721.8704,460.42468,617.55237,351.94434,665.5646,581.5228,647.442,539.2222,601.82294,499.42844,351.63977,334.83325,341.44647,335.9624,351.80896,410.3567,416.13397,489.79242,466.40918,514.4275,499.51318,568.1302,567.12476,574.48816,582.9525,573.49,596.57996,0.9830899,0.9499364,0.9649166,0.6485904,0.7866769,0.97278535,0.9914489,0.87099415,0.9595081,0.85082597,0.9350606,0.71191174,0.79676414,0.06279808,0.09349239,0.0068181157,0.0096851885
149,617.8816,627.0626,599.3251,640.40015,571.2361,681.9241,553.5032,721.7051,461.0973,617.0879,352.52048,665.4682,581.6966,647.00446,539.6021,600.9945,499.363,351.7074,334.83344,341.49518,335.8167,351.75403,410.00592,415.74316,489.69244,466.055,514.67285,499.22424,567.7113,566.6531,574.21704,582.6296,573.2672,596.2533,0.9831945,0.9504331,0.96501315,0.65057576,0.7861433,0.9730044,0.9914193,0.87162983,0.9591226,0.8510784,0.934525,0.713508,0.7971755,0.06379655,0.094475925,0.006955385,0.009843975
150,617.74866,627.0482,599.3363,640.73376,571.8549,682.56213,554.3757,721.4924,462.17377,616.3933,353.32263,666.186,582.29156,647.1957,538.759,602.0578,498.34747,351.81537,335.13196,341.67377,336.70935,352.40784,410.71277,416.02942,490.04272,465.7414,514.61426,499.00055,567.0514,565.6667,573.4093,581.2909,573.9019,596.34485,0.9831294,0.9508078,0.964635,0.65569365,0.78355044,0.9727086,0.99153495,0.8693785,0.95958364,0.8483772,0.93453896,0.718324,0.80323386,0.066724,0.099760056,0.007372856,0.010540277
151,617.6406,626.99146,599.20233,640.86237,571.81915,682.5217,554.45056,721.1865,461.98883,616.40967,352.9872,666.11426,582.2489,647.1944,538.7908,602.539,498.49326,351.87225,335.1178,341.70734,336.59314,352.39093,410.59583,415.99396,489.97693,465.74146,514.735,499.3689,567.7678,566.4722,574.6385,582.73846,574.9419,597.6363,0.9831952,0.95134175,0.964406,0.6584597,0.7809033,0.9730048,0.9914099,0.8717625,0.95896214,0.8507166,0.9339578,0.72046816,0.8027669,0.06685901,0.098778486,0.0073292255,0.010385841
152,617.6167,626.9922,599.174,640.94855,571.81915,682.57446,554.5937,721.0594,461.83557,616.35266,353.03125,666.5738,582.87585,646.8588,539.21094,601.79425,498.74298,351.9521,335.22565,341.77307,336.72626,352.44342,410.6223,416.07953,489.6936,465.77216,514.8102,499.29297,567.484,566.18384,574.5005,582.475,574.6968,596.98773,0.9831914,0.9515892,0.9643326,0.6602112,0.7803844,0.9729434,0.99135906,0.8708256,0.95842254,0.8492868,0.9330792,0.71831995,0.80092764,0.066480905,0.09808648,0.0073149204,0.010356814
153,617.71124,627.12866,599.2311,641.02527,571.6674,682.48224,554.37195,721.2254,461.53845,616.5305,353.14758,667.01416,583.26074,647.3535,539.325,602.2539,498.6038,352.3183,335.48785,341.9859,336.92548,352.52228,410.93982,416.58148,489.55658,466.24707,514.83203,499.47552,567.5684,566.3722,575.02655,583.0695,575.6962,597.9019,0.9834083,0.9520762,0.96503043,0.65902936,0.7826458,0.97285134,0.9913713,0.8699526,0.9584005,0.8490988,0.93334776,0.7186557,0.80154556,0.067233145,0.0993405,0.007422358,0.010521233
154,617.59216,627.0778,599.1145,641.2667,571.7576,682.67633,554.7978,720.97327,461.78214,617.29504,353.0169,667.41693,583.7142,647.6754,539.1863,603.1223,498.3962,352.35968,335.5677,342.07996,337.0348,352.65924,411.09576,416.64185,489.52844,466.114,514.55664,499.67285,567.9394,566.70593,575.6816,583.64185,576.3242,598.42377,0.98340166,0.952348,0.9647975,0.6609373,0.7808862,0.9729275,0.9912925,0.8709117,0.95811427,0.8498821,0.9329803,0.7204254,0.80206096,0.067622215,0.09939727,0.007444918,0.010517597
155,617.5757,627.1044,599.09717,641.38367,571.7447,682.58496,554.65125,720.8001,461.42142,617.06244,352.09024,667.1304,583.42535,647.5452,538.8265,602.3878,497.54803,352.64362,335.77863,342.28882,337.11285,352.71185,411.2574,416.90973,489.66156,466.46692,514.71277,499.89978,568.1477,566.97217,576.3824,584.5515,576.6335,599.09326,0.98338294,0.95207065,0.9647562,0.6599819,0.78122157,0.9732303,0.99143195,0.8725754,0.95886874,0.8516616,0.9340036,0.725515,0.80619323,0.06883022,0.101181895,0.0075310767,0.010642678
156,617.6001,627.1107,599.138,641.3493,571.7453,682.6655,554.63354,720.78516,461.44885,616.7196,351.78433,666.87036,583.0585,647.128,537.92163,602.6045,497.3388,352.85522,335.93176,342.48102,337.1023,352.78546,411.2857,416.91956,489.8465,466.47217,514.67395,500.0155,568.52484,567.28253,577.1037,585.16077,577.7355,600.1135,0.98336685,0.9520311,0.9646963,0.6593915,0.78041697,0.9731948,0.9913725,0.8732276,0.9587906,0.8529446,0.93417764,0.72605497,0.80613947,0.06892568,0.10099888,0.007510811,0.010586977
157,617.58215,627.1699,599.08057,641.4329,571.5555,682.5595,554.3742,720.9305,461.3306,616.84326,351.56836,667.1397,583.2926,647.21454,538.11487,602.7487,497.88376,353.1267,336.14197,342.63318,337.25006,352.79364,411.40204,417.01428,489.9889,466.65576,514.7148,500.26453,568.12524,566.933,576.4717,584.7032,576.5463,599.3231,0.98363316,0.9529004,0.96535575,0.6612449,0.7819295,0.9730804,0.9913572,0.8718041,0.9583668,0.85163534,0.9335922,0.7212003,0.80256766,0.067582875,0.09919411,0.0073960125,0.01043269
158,617.50464,627.1458,599.1012,641.45807,571.65686,682.431,554.4395,720.7765,461.72607,617.0271,351.113,666.94434,583.138,647.35583,537.76843,602.96216,497.60162,353.48206,336.46887,342.8938,337.38782,352.73822,411.3501,416.80762,489.9154,466.5019,514.8154,500.56854,568.35913,567.0839,577.45886,585.5962,577.3441,600.2115,0.9835536,0.9525807,0.96526253,0.65953,0.7816714,0.9729513,0.991346,0.8718094,0.95859456,0.85175025,0.9338708,0.7230446,0.80429435,0.067974865,0.09994596,0.0074229836,0.010485947
159,617.3931,626.95215,599.0376,641.41113,571.70886,682.6145,554.3736,720.8407,461.2224,616.4377,351.0075,666.8152,582.8877,647.6729,537.7135,601.8434,496.49802,353.69617,336.6742,343.15063,337.2621,352.7213,411.13513,416.745,489.72992,466.66693,514.9247,500.6891,568.6275,567.3898,578.1317,586.2466,578.0555,600.7466,0.9834421,0.9526769,0.96498525,0.66184205,0.78027976,0.97311646,0.9912566,0.8724424,0.95797056,0.85159886,0.9328534,0.72556645,0.8050681,0.06910536,0.10092637,0.0075769126,0.01065594
160,617.4409,627.03754,599.033,641.4767,571.58527,682.71124,554.4127,720.8523,461.32635,616.67444,351.1294,667.0391,583.051,647.949,537.8335,601.6793,496.1509,353.8094,336.7589,343.18823,337.39478,352.74518,411.4447,416.85602,489.9519,466.83307,514.79175,501.04822,568.8268,567.45544,578.82434,586.50244,578.88904,601.0072,0.9835797,0.95314926,0.9653892,0.6627823,0.7818826,0.9730874,0.99122906,0.8709993,0.9574616,0.8495021,0.93187433,0.7244226,0.8042464,0.06911102,0.10098073,0.007610798,0.010710418
161,617.7573,627.2956,599.27844,641.5016,571.53284,682.7118,554.2884,720.98755,461.2462,616.5404,350.8578,666.9659,583.0151,647.8274,538.45557,600.7212,496.62564,353.7793,336.6812,343.14343,337.18164,352.60822,411.27014,416.89044,489.8966,467.2088,514.9306,501.20178,569.1868,567.89246,580.1644,587.8478,579.9862,601.9271,0.98356783,0.9529066,0.96554697,0.66056585,0.7836562,0.9731848,0.9911994,0.87101066,0.9571116,0.84898657,0.9313034,0.7237037,0.80306643,0.068424046,0.09970409,0.007497072,0.010520458
162,617.7243,627.2576,599.24164,641.4859,571.50244,682.66754,554.3125,720.9951,461.28098,616.4752,351.03665,666.7599,582.7742,647.8702,538.23096,601.03766,496.1249,353.7481,336.65137,343.1471,337.10547,352.59546,411.05914,416.67596,489.79828,467.00122,515.0087,501.18994,569.25354,567.9574,580.1455,587.8595,580.1917,602.187,0.9835653,0.95281065,0.96552676,0.65987974,0.7833983,0.9732397,0.99123263,0.8718998,0.9575412,0.85014784,0.9319942,0.726302,0.8051925,0.069202185,0.10086945,0.0075744987,0.010633588
163,617.7123,627.3289,599.17346,641.45013,571.28125,682.75934,553.7867,721.4211,461.4907,616.1992,351.87088,666.7219,582.5343,648.06354,539.7316,600.9597,499.138,353.7232,336.61346,343.04572,337.40253,352.7506,411.67883,417.12683,490.19775,467.01843,515.12054,500.72723,569.48645,568.19415,579.7857,587.5531,580.0194,602.256,0.9834534,0.9524789,0.96524763,0.6594852,0.78268707,0.9730674,0.99120337,0.8696095,0.956866,0.84765136,0.9310566,0.7232119,0.80307066,0.06898597,0.10086292,0.0076013505,0.010695368
164,617.6716,627.3563,599.1492,641.429,571.18677,682.5991,553.5116,721.4388,461.4625,616.21924,352.12793,666.8734,582.6417,648.3305,540.3391,601.3038,500.06638,353.75482,336.64233,342.95508,337.53735,352.61664,411.77148,417.1521,490.1421,467.21027,514.81494,500.74554,569.5128,568.2333,579.947,587.6608,579.8036,601.9965,0.98339593,0.95226794,0.9649567,0.65935534,0.78161186,0.9733106,0.99125826,0.87085027,0.95705575,0.848956,0.93144476,0.7276069,0.8061496,0.070617914,0.10298222,0.0077810884,0.010935873
165,617.606,627.2858,599.1418,641.37604,571.2761,682.554,553.2725,721.2632,461.13705,616.4462,352.05292,666.6685,582.30975,648.42096,540.16705,600.7466,499.67728,353.7135,336.6206,342.90894,337.52325,352.53918,411.6833,417.1383,490.1247,467.5006,514.93964,500.95093,569.3791,568.16254,579.7232,587.5457,579.6454,601.9346,0.9833266,0.9521543,0.9647968,0.6598506,0.7814272,0.9734584,0.99125814,0.87125385,0.956893,0.84867936,0.9309751,0.7288469,0.8066586,0.07119653,0.10354504,0.007866114,0.011033684
166,617.50037,627.2759,599.05115,641.62964,571.3917,682.71545,553.61176,721.2577,461.30087,616.5032,351.5141,666.4365,582.3119,647.84393,540.673,600.6144,500.80682,353.7237,336.62036,342.91718,337.53284,352.55566,411.8811,417.25586,490.52448,467.661,515.42316,501.0921,569.9354,568.65765,581.5797,589.34955,581.59143,603.85596,0.9834435,0.9527557,0.96469194,0.66436815,0.7798685,0.9738349,0.9913064,0.87235606,0.95672655,0.84933823,0.93064106,0.73176825,0.8082763,0.0717361,0.10396245,0.007848859,0.01098755
167,617.5012,627.24335,599.1187,641.64874,571.6541,682.82166,553.74725,721.05585,461.34253,616.3271,351.68347,666.5038,582.3753,647.9762,540.65204,600.09247,500.3216,353.6861,336.6532,342.91077,337.6526,352.6009,411.91052,417.1501,490.52875,467.5675,515.05786,501.22864,569.4076,568.0779,580.533,588.2268,580.2224,602.5221,0.98307014,0.9519628,0.96383524,0.6638445,0.7772285,0.9735259,0.9911908,0.8711796,0.95621645,0.8475795,0.92963266,0.7301901,0.8070365,0.07169247,0.103874,0.007908642,0.011072576
168,617.5812,627.1966,599.19806,641.42566,571.70624,682.735,553.92505,721.28107,461.30847,616.4756,351.6403,666.38806,582.44635,647.7026,540.5696,599.6591,499.49213,353.30225,336.32928,342.65112,337.35144,352.47375,411.70245,417.234,490.29932,467.86108,515.16766,501.31366,569.88,568.62366,581.5408,589.2583,581.5928,603.6244,0.9831701,0.9520995,0.9640852,0.66435766,0.7789506,0.9738053,0.9912667,0.87231374,0.95653975,0.84829104,0.92988384,0.7313023,0.80768347,0.07116774,0.103009015,0.0077783465,0.010879129
169,617.5182,627.1544,599.188,641.4474,571.7364,682.9229,553.68066,721.6115,461.00906,616.8867,351.42175,666.3662,582.0735,647.9834,539.79645,600.2186,499.09625,353.3499,336.36774,342.65515,337.34973,352.39667,411.771,417.34338,490.2696,468.0619,515.08527,501.28052,570.3443,569.0827,581.98206,589.64215,581.791,603.6931,0.98317575,0.95227766,0.9640744,0.66484016,0.7779765,0.9736618,0.9911473,0.87248814,0.9561528,0.848994,0.92965484,0.7283491,0.8046826,0.06954825,0.10039523,0.0075649917,0.010554522
170,617.3994,627.06335,599.13965,641.4225,571.8555,682.6865,554.039,721.3889,461.57178,617.09705,351.91583,666.2874,582.36035,647.6486,539.8427,600.54083,499.23273,353.28198,336.34314,342.5564,337.3723,352.25,411.917,417.1817,490.29614,467.61493,514.9086,501.10687,570.51135,569.12,582.45276,589.9746,582.0609,604.0075,0.98314774,0.95208675,0.9638605,0.66474533,0.7770226,0.97373784,0.9912323,0.87333065,0.95685935,0.85029566,0.9307221,0.7312896,0.80752134,0.0701808,0.101597935,0.007594168,0.010623246
171,617.41327,627.1058,599.1387,641.43365,571.78296,682.6027,553.76227,721.5099,461.54175,616.949,351.61108,666.32904,582.3114,647.96497,540.1747,598.95154,498.31268,353.474,336.53827,342.7024,337.51093,352.24152,411.51074,416.7791,490.09338,467.60583,514.8529,501.17816,568.5393,567.1736,579.25354,586.9224,578.10864,600.4241,0.98338515,0.95254576,0.9645885,0.6664858,0.7814741,0.97429776,0.99151796,0.8742331,0.9577987,0.8502196,0.9314337,0.73336816,0.8100408,0.07142532,0.10383862,0.007814497,0.010968357
172,617.4281,627.14014,599.1153,641.50916,571.7454,682.73975,553.85284,721.6521,461.5284,617.1954,351.72778,666.78174,582.8212,647.9687,540.80725,599.4432,499.58768,353.44397,336.52386,342.68396,337.5608,352.30444,411.5813,416.85327,490.1963,467.67004,514.85254,501.06158,568.5176,567.16345,579.58105,587.2006,578.6109,600.77673,0.98330367,0.9524538,0.9643789,0.6662792,0.7803417,0.97400415,0.99142724,0.8726853,0.95726246,0.84861964,0.9307032,0.7302316,0.80770427,0.07054296,0.10265604,0.007720679,0.010844141
173,617.54297,627.28186,599.2266,641.60425,571.7704,682.9326,553.73645,722.0087,461.60318,617.11975,351.58124,666.7358,582.6526,647.9719,541.1553,599.75336,500.922,353.48962,336.54663,342.70978,337.60895,352.35297,411.82495,417.10168,490.37976,467.75916,515.1207,501.03845,569.2843,567.93726,581.04895,588.70685,580.5223,602.7622,0.9833678,0.95270675,0.9645875,0.66625935,0.7805941,0.973778,0.99129903,0.87129277,0.9564394,0.8473311,0.92970645,0.72595537,0.8039069,0.06891593,0.100185305,0.0075081587,0.010529369
174,617.5117,627.2829,599.1936,641.6309,571.7339,682.92505,553.57996,722.0005,461.6077,617.17664,351.97354,666.68695,582.5349,648.022,541.5743,599.92896,501.81448,353.3636,336.5028,342.60364,337.72174,352.34198,412.00305,417.0728,490.45496,467.51587,515.01324,500.82562,569.62317,568.23157,581.0794,588.6961,579.9791,602.2693,0.9830545,0.9520016,0.9639246,0.6644445,0.77812475,0.9732828,0.99110186,0.8695816,0.95565104,0.8456093,0.92868227,0.72148305,0.8001703,0.06742403,0.09803218,0.007369429,0.010330409
175,617.352,627.15155,599.08026,641.635,571.73193,682.90607,553.6229,721.78876,461.18973,617.0675,351.3911,666.8583,582.74554,647.71,540.9991,599.5394,500.85715,353.43274,336.55786,342.61603,337.66852,352.19543,411.87775,416.97473,490.43024,467.76978,514.87115,501.03473,569.5301,568.1019,581.07086,588.53796,580.0847,602.0946,0.9831461,0.95242584,0.9639863,0.6666201,0.7775239,0.97342837,0.9911349,0.87016344,0.95570713,0.84616077,0.9287101,0.7225031,0.800865,0.06783426,0.09845579,0.0074126124,0.010383427
176,617.5199,627.22974,599.2333,641.6236,571.8695,683.0145,553.74194,721.93677,461.214,616.81506,352.0772,666.71484,582.5068,647.7811,540.493,599.412,499.54,353.21466,336.37366,342.48285,337.53156,352.19373,411.79407,416.9179,490.42572,467.71545,514.7005,500.85388,569.6444,568.20404,580.6512,588.10364,579.52246,601.4486,0.98328245,0.952781,0.9642602,0.6680013,0.77854455,0.9736872,0.9911934,0.8715733,0.95607036,0.84766304,0.9292489,0.72322106,0.80114603,0.067511976,0.09784815,0.007354498,0.010289431
177,617.53217,627.2155,599.2311,641.51324,571.73804,683.04395,553.48615,721.8694,460.7934,616.7213,351.71933,666.7123,582.23706,647.9049,539.7273,600.1868,499.31726,353.12036,336.26776,342.41956,337.42645,352.19318,411.8399,417.1441,490.31897,467.8866,514.65265,500.92468,570.3954,569.017,580.9041,588.36334,580.24,601.98816,0.983248,0.9527107,0.9642063,0.6667142,0.77795535,0.973468,0.99104595,0.8713602,0.9555067,0.8478706,0.9287824,0.72052926,0.7983036,0.06659177,0.09613013,0.0072515905,0.010109723
178,617.6081,627.3253,599.267,641.6362,571.7992,683.01984,553.7743,721.77563,460.82288,616.88635,351.63828,667.26276,583.07544,647.53156,540.4861,600.33936,500.3078,352.92426,336.09814,342.22382,337.43793,352.16937,411.7279,417.01215,490.23212,467.66992,514.8794,500.83734,569.8075,568.4487,579.8733,587.39484,579.41907,601.15344,0.98302424,0.9522364,0.9634701,0.66618013,0.7749951,0.9733808,0.99095803,0.8716222,0.95511997,0.8481066,0.92840695,0.7205503,0.79777336,0.06720978,0.09660047,0.007345259,0.010210425
179,617.711,627.4765,599.37036,641.62726,571.7629,682.77673,553.44995,721.52356,460.74268,616.9363,351.6527,666.86,582.58624,647.05774,540.0063,600.1359,500.2144,352.8924,336.10498,342.14886,337.6286,352.17603,411.9521,417.12482,490.07318,467.5251,514.27606,500.8247,569.9396,568.5684,579.6239,587.18567,578.62506,600.57886,0.9831598,0.9522375,0.96368146,0.66590726,0.776675,0.97396755,0.9911759,0.8745226,0.9562314,0.85142624,0.93006754,0.7268838,0.8026891,0.06877658,0.098680526,0.0074780285,0.010382503
180,618.0259,627.5512,599.6416,641.58484,572.1865,683.25836,554.7218,722.076,462.06485,615.7667,352.54355,667.06055,583.08496,647.307,540.2022,600.5509,498.44778,352.2356,335.63354,341.8778,337.37018,352.41058,411.39795,416.3745,490.03143,466.43567,514.5749,501.15857,568.9256,567.3063,578.19653,585.37213,578.0021,599.52545,0.9830666,0.9518037,0.96364474,0.6642793,0.77723265,0.9737802,0.99127,0.874666,0.957432,0.85166097,0.9313966,0.7291822,0.80611086,0.06970531,0.10083255,0.00760594,0.010632247
181,618.074,627.55237,599.68384,641.56,572.3065,683.1569,554.8662,721.7542,461.74625,616.00806,352.53085,667.0283,583.2346,647.23303,540.4901,600.72394,498.6672,352.1172,335.48785,341.79218,337.18982,352.37054,411.04187,416.11963,489.91272,466.31372,514.76166,501.06897,568.15594,566.6139,577.6435,584.9212,577.6531,599.1588,0.9831358,0.95185107,0.9637426,0.66444504,0.7779238,0.9740215,0.9913789,0.8758559,0.95803577,0.85291255,0.9322692,0.7312622,0.8079061,0.07022327,0.10164255,0.00763461,0.010678351
182,618.24475,627.72174,599.8299,641.6043,572.2971,683.1143,554.58606,721.7341,461.5367,615.86993,352.73312,666.7424,582.74023,646.80347,539.51324,600.83435,497.94492,351.85223,335.26758,341.56836,337.15564,352.3427,411.1861,416.3562,489.95105,466.45038,514.53937,500.74933,568.3314,566.8432,577.2085,584.6798,577.25903,599.0062,0.9830222,0.9513838,0.9635207,0.6623922,0.7775154,0.97391605,0.99135065,0.8761588,0.95811343,0.85377204,0.9326061,0.73123777,0.80776477,0.0701392,0.10137281,0.00761953,0.010639191
183,618.04364,627.5542,599.6266,641.5377,572.1375,683.19714,554.2822,721.99695,461.15137,616.4876,352.8851,666.9856,582.8252,647.3727,540.39,601.2322,499.42322,351.8595,335.28766,341.5733,337.16583,352.31287,411.1977,416.33752,490.12866,466.61554,514.40295,500.4052,568.5089,567.0722,576.6113,584.1107,576.631,598.4091,0.9828318,0.95075023,0.9632486,0.66005325,0.7773378,0.9735247,0.99130756,0.8741645,0.9580375,0.85189384,0.9325259,0.72565913,0.8042814,0.06819576,0.09929174,0.0074228942,0.010416269
184,617.9237,627.4946,599.5705,641.55115,572.13086,683.1212,554.16364,722.06934,460.98795,616.75085,352.6167,666.9027,582.68616,646.9642,539.56604,601.4123,499.01657,351.89404,335.3479,341.56213,337.20172,352.18646,411.25177,416.3683,490.198,466.81116,514.45734,500.4702,569.07983,567.609,576.5846,584.07556,576.5072,598.29114,0.98293597,0.95097876,0.9635041,0.65986097,0.77751344,0.9733976,0.99131197,0.874161,0.9583137,0.8527018,0.9331423,0.72243,0.80211926,0.0666199,0.097251385,0.0072239935,0.010150999
185,617.95825,627.5303,599.5722,641.57404,572.0539,683.20776,553.7761,722.4784,460.85977,616.9697,352.85043,666.5334,581.89075,647.0365,538.66364,601.47876,497.7776,351.7749,335.29425,341.53644,337.29828,352.34583,411.3128,416.51282,490.1974,466.85974,514.2773,500.37274,569.2213,567.824,576.1898,583.99963,575.647,597.9647,0.9831155,0.95149595,0.9638907,0.6615634,0.7786779,0.97364986,0.99135745,0.87548816,0.9584991,0.85398716,0.9333589,0.7230422,0.8020916,0.06610948,0.09626448,0.007142514,0.01001206
186,618.021,627.6188,599.59515,641.7446,572.07056,683.4928,553.75604,722.4565,460.90833,617.23804,353.1602,667.0101,582.3384,647.5158,540.0838,600.799,499.54575,351.68475,335.16858,341.43103,337.1023,352.17694,411.0044,416.28864,490.03656,466.9452,514.27356,500.37506,568.21936,566.89374,576.07074,583.8557,575.57526,597.74384,0.98327667,0.95202374,0.9642244,0.6643438,0.78093153,0.9741212,0.99147016,0.87555814,0.9582821,0.8526958,0.93258417,0.72473526,0.8031122,0.066937536,0.09732941,0.0072416663,0.010144442
187,618.20386,627.8179,599.76044,641.89087,572.202,683.38196,553.96063,722.12036,461.2322,617.7639,353.45862,667.07825,582.5427,647.87634,540.3473,601.8579,500.05582,351.65277,335.13733,341.39917,337.15808,352.22247,411.00854,416.2262,489.84204,466.62537,514.15643,500.41473,567.7009,566.4083,575.72614,583.57916,574.996,597.2874,0.9832133,0.95172274,0.9640602,0.66270196,0.7807191,0.9741291,0.9914565,0.8762245,0.9584081,0.8535466,0.932907,0.72717774,0.80477524,0.06788841,0.098519,0.0073500574,0.010281801
188,618.1384,627.768,599.7792,641.9316,572.4268,683.2467,554.40234,721.70984,461.67416,618.244,354.2104,667.46045,583.35583,647.7749,541.04626,601.8572,500.88766,351.53888,335.1148,341.27643,337.18146,352.02417,410.93164,415.86133,489.7967,466.30127,514.0541,500.17352,566.9114,565.5058,574.50006,582.0992,573.3229,595.3184,0.9830579,0.95127296,0.963755,0.6618755,0.7803229,0.973885,0.99147785,0.8748791,0.95865345,0.85214734,0.9331267,0.7248424,0.8040546,0.067542315,0.09866127,0.0073625147,0.0103520155
189,618.4551,627.98456,599.9293,641.8993,572.1841,683.3691,554.01074,721.92487,461.2012,617.92346,353.9364,667.43115,583.0084,648.1147,541.12366,601.3884,500.56808,351.38867,334.85083,341.1842,336.76947,351.99902,410.49512,415.86285,489.7572,466.63654,514.21063,500.0078,566.6385,565.4408,574.3464,582.2567,573.1373,595.31836,0.9832999,0.951577,0.96468043,0.65993357,0.7848035,0.97385716,0.991566,0.8735307,0.9588074,0.85049164,0.9331472,0.72200376,0.80268157,0.06642562,0.09754938,0.0072449744,0.0102171
190,618.63385,628.20544,600.0587,642.20984,572.2493,683.8104,553.92365,722.2756,461.18616,618.4065,354.25116,667.7367,582.91895,648.16113,540.534,601.6386,500.4245,351.24786,334.68213,341.042,336.66626,351.96075,410.6767,416.08496,489.97864,466.82764,514.461,500.05365,567.516,566.3464,575.4689,583.5044,574.25287,596.5604,0.9831265,0.9513502,0.9643583,0.65865576,0.7829808,0.9733219,0.9912849,0.87179947,0.95757467,0.8488709,0.93162847,0.7155484,0.79669905,0.064104825,0.09378114,0.0069753528,0.009797484
191,618.703,628.26636,600.18726,642.17566,572.3313,683.76697,553.8956,722.42725,461.41992,618.43774,354.4743,667.7639,582.95276,648.47815,540.673,602.23645,500.8513,351.01416,334.54755,340.81677,336.62347,351.72272,410.8286,416.07635,490.01,466.80786,514.2091,500.02985,567.7628,566.529,575.61084,583.5034,574.3935,596.6371,0.9830506,0.9510851,0.96424603,0.6576861,0.78300476,0.9732529,0.9912659,0.87158227,0.9575441,0.8487114,0.9316033,0.71602416,0.79710466,0.064412534,0.09426746,0.0070222914,0.009867221
192,618.8044,628.3377,600.29834,642.1392,572.44806,683.7008,553.8032,722.3641,461.30984,618.9489,354.36758,667.7938,583.0103,648.70654,541.2164,601.63525,501.30203,350.89764,334.44806,340.6994,336.6079,351.67163,410.8404,416.11945,489.8672,466.80933,514.06775,499.95142,567.70105,566.53735,574.8425,582.8704,572.7396,595.178,0.98310095,0.95111144,0.9645659,0.6572181,0.78508395,0.9729529,0.99128073,0.8688654,0.95733917,0.84531724,0.93087435,0.7084015,0.7922617,0.06177169,0.09115425,0.0067614615,0.009550542
193,618.74243,628.2734,600.19916,642.11053,572.4312,683.6536,553.9504,722.3044,461.43814,618.7425,354.4234,668.01917,583.3956,648.4757,541.5967,601.62866,501.77255,350.8927,334.44366,340.70825,336.646,351.7613,410.7603,415.89862,490.06506,466.46692,513.92236,499.7511,567.23096,566.04675,574.28326,582.43115,571.9917,594.79175,0.9832171,0.95150125,0.96460605,0.65961856,0.78470355,0.9732677,0.99139154,0.8701408,0.9577466,0.84649813,0.93135583,0.71051717,0.79396296,0.06223321,0.091774106,0.0067914724,0.009592831
194,618.6503,628.18054,600.1261,642.02985,572.416,683.4776,553.8401,722.0754,461.1072,618.9494,353.7685,667.5573,583.0487,648.5165,542.14984,601.15216,502.23373,350.96448,334.49188,340.77814,336.65167,351.79688,410.8676,416.0916,490.15564,466.7879,513.99884,499.92908,567.8459,566.73413,575.307,583.5341,572.95276,595.8181,0.9832569,0.9516554,0.96472716,0.660383,0.7853369,0.97329044,0.9913696,0.86928356,0.95730484,0.84489185,0.93047154,0.7089223,0.7924923,0.061587155,0.09084058,0.0067147613,0.009483367
195,618.8162,628.33124,600.2836,642.0094,572.43555,683.54254,553.66815,722.4562,461.15262,619.0482,353.73346,667.8957,583.2833,648.9164,542.5348,601.1548,502.8307,350.9469,334.47614,340.7207,336.7943,351.8546,411.17664,416.4922,490.28796,467.2082,514.05505,500.07593,567.708,566.656,573.9326,582.2441,571.24725,594.20514,0.9831835,0.9513841,0.96476614,0.65834486,0.78607005,0.97291225,0.99126226,0.8673415,0.9567244,0.8431314,0.92976177,0.70114535,0.7865002,0.05966881,0.0881885,0.006550789,0.00925675
196,618.84686,628.3845,600.3461,642.0775,572.4695,683.6026,553.7781,722.46716,461.45068,619.10425,353.9502,667.89984,583.26306,648.57764,541.9726,601.3374,502.76492,350.9771,334.49957,340.71106,336.63037,351.60974,410.84796,415.99744,490.2729,466.9029,514.01514,499.86133,567.8075,566.6289,573.8387,581.91174,571.1054,593.807,0.9830266,0.9509649,0.96439445,0.6567845,0.7842958,0.97271204,0.99116284,0.86766326,0.9566606,0.844032,0.92995787,0.7000208,0.7853191,0.059275895,0.087471336,0.006502539,0.009176105
197,618.9379,628.4807,600.42017,642.19385,572.5322,683.6089,553.7556,722.52795,461.66437,618.8798,354.03125,667.80237,583.131,648.4292,541.62604,601.2819,502.4021,351.08466,334.56012,340.79272,336.6698,351.68683,411.0265,416.07428,490.51703,466.70233,514.0901,500.09576,567.6481,566.4835,574.2242,582.61487,571.19037,594.69775,0.9829006,0.95062923,0.964103,0.65604985,0.7830099,0.9725907,0.99115187,0.8675184,0.9567142,0.84404486,0.9299996,0.7025665,0.7875447,0.060114622,0.088733196,0.006593257,0.009306908
198,618.92267,628.4341,600.41144,642.20294,572.55347,683.75946,553.8576,722.4612,461.65704,618.97235,354.34628,668.1072,583.3758,648.9421,541.6916,600.1391,501.24744,350.97516,334.43127,340.6751,336.44208,351.47888,410.86816,416.0794,490.10443,466.90454,514.0612,500.11017,567.8341,566.69727,573.3317,581.5699,570.6068,593.5665,0.98305565,0.95157033,0.9644332,0.6596619,0.78349113,0.9727359,0.9909603,0.86709434,0.95518816,0.8424376,0.92771345,0.6981949,0.78212726,0.059608012,0.0871267,0.0066190064,0.009274304
199,618.96716,628.5744,600.4866,642.4032,572.6224,683.7771,553.6146,722.5797,461.68265,619.22473,354.36826,668.0377,583.28784,649.0836,542.3118,600.7756,503.50848,351.01508,334.4251,340.61,336.4386,351.3208,411.31378,416.37183,490.23242,466.72485,513.91974,500.07916,568.43774,567.3491,574.6504,583.1759,571.8882,595.58716,0.9832012,0.9516368,0.96476114,0.6587784,0.7848554,0.97289455,0.99110866,0.8674302,0.955889,0.8436476,0.92893803,0.70011914,0.7843797,0.059692293,0.08767092,0.006563127,0.009226561
200,618.8428,628.4102,600.48303,642.3883,572.9831,683.90265,554.5161,722.4076,462.8016,618.9745,354.83124,668.22675,583.80493,649.099,542.07947,600.8059,502.4713,351.02057,334.4828,340.685,336.2968,351.1942,410.81836,415.5122,490.10065,465.76788,514.1156,500.0243,568.567,567.2228,574.904,583.0461,572.7014,596.08875,0.9833416,0.9519933,0.9648702,0.6612772,0.7848512,0.9733864,0.99134374,0.8698481,0.95728123,0.8457765,0.9305517,0.70917976,0.79244393,0.062219262,0.09166703,0.0068318546,0.009643078
201,618.91974,628.5202,600.5709,642.6653,573.27924,684.12054,555.212,722.5548,462.89243,619.4372,354.39288,668.8464,584.7252,648.6859,541.9677,601.2209,502.3729,351.1867,334.59436,340.76184,336.38727,351.2378,411.036,415.45685,490.25854,465.43854,513.79004,500.3717,568.8576,567.36255,574.821,582.75256,572.07886,595.3805,0.98332524,0.9521688,0.9646423,0.66208476,0.78223324,0.97296816,0.9912222,0.8691173,0.9571225,0.8461616,0.93070054,0.70252115,0.7874886,0.05979806,0.08829883,0.006532103,0.009233743
202,619.1425,628.7217,600.74207,642.7049,573.24774,684.2622,555.0167,722.83777,462.4688,619.6113,354.55576,668.9015,584.51855,648.68945,541.49426,601.4873,501.66248,350.88513,334.37396,340.51575,336.42615,351.24493,411.12372,415.49426,490.2049,465.38354,513.63464,500.2329,568.536,566.9934,574.0804,581.81116,571.6859,594.59656,0.9834112,0.9525294,0.9649439,0.66249824,0.78325856,0.9727411,0.99111426,0.86764395,0.9564171,0.8444505,0.92965996,0.6977602,0.7834524,0.058742046,0.08661437,0.006449163,0.009102166
203,619.21063,628.8492,600.83325,642.8654,573.3186,684.3212,554.65204,722.9133,462.01236,619.8103,354.22882,668.71674,584.1382,648.6856,541.4092,601.11334,501.87167,350.97656,334.46997,340.5323,336.58972,351.22864,411.37946,415.7212,490.18634,465.58185,513.3822,500.46997,568.2954,566.7881,574.2415,582.07153,571.4419,594.62616,0.98341453,0.9526501,0.9649282,0.66381717,0.78323436,0.97285634,0.9911342,0.867536,0.9561839,0.8439909,0.9291587,0.6989976,0.7841636,0.05917996,0.08711699,0.0065042377,0.009169906
204,619.3159,628.8695,601.0038,642.75195,573.46124,684.34314,554.68945,722.7974,461.80203,619.79987,353.81342,668.7893,584.2738,648.8935,541.8391,600.3827,502.20624,351.0014,334.4749,340.55634,336.3053,350.96985,410.97437,415.4417,489.81396,465.55347,513.5542,500.45953,569.05804,567.5704,575.3874,583.06323,572.8442,595.59607,0.9832558,0.95196545,0.9647961,0.66051614,0.78425,0.9727371,0.9910988,0.86701334,0.9561504,0.843006,0.9289701,0.69720703,0.7828543,0.058232993,0.08587521,0.006376952,0.008997828
205,619.41785,628.93445,601.1738,642.76263,573.64813,684.3701,554.83923,722.56384,461.88184,619.7444,353.92075,668.83545,584.3334,648.94,541.2177,600.30023,501.35657,351.09943,334.55383,340.62323,336.2677,350.898,410.90967,415.51855,489.68005,465.89008,513.57544,500.3871,568.9455,567.4522,575.1103,582.6153,572.9424,595.22815,0.98312616,0.9516671,0.9645368,0.65970707,0.783521,0.97270465,0.99104214,0.8672613,0.95596313,0.8432736,0.92882013,0.6991418,0.7839856,0.059352577,0.087239444,0.006537944,0.009205818
206,619.42444,628.9015,601.2066,642.93115,573.9277,684.72986,555.10535,722.7732,461.88818,619.83105,353.98676,668.748,584.16235,648.3253,540.3651,599.19727,499.99554,351.17773,334.66736,340.78992,336.34955,351.11377,410.96002,415.46106,490.1352,465.87897,513.8448,500.40704,568.825,567.2497,574.3774,581.95605,571.6376,594.1813,0.9829562,0.9516338,0.964105,0.6618372,0.78116345,0.97242844,0.99092245,0.86617744,0.95540047,0.84181607,0.9278016,0.69491607,0.78052783,0.05825028,0.0855898,0.0064496994,0.009076834
207,619.45715,628.9338,601.26294,642.8646,573.96594,684.4687,555.01294,722.6542,461.98358,619.71216,354.2613,668.06995,583.5983,648.141,540.9386,599.478,500.7984,351.13776,334.66028,340.77032,336.36633,351.0822,410.7603,415.16803,490.26764,465.84668,513.71,500.21973,569.093,567.5128,575.9095,583.4951,572.8109,595.45874,0.98285675,0.95085275,0.9639362,0.65862024,0.7819365,0.972641,0.9910731,0.8679856,0.9565749,0.8440807,0.92956364,0.69978577,0.7849208,0.05843115,0.086199015,0.0063712895,0.008990914
208,619.75543,629.1961,601.5186,642.95184,573.9955,684.5003,554.80145,722.88025,462.0463,619.74677,354.10843,667.88446,583.1141,648.8077,540.5125,599.8218,499.80518,350.97943,334.5384,340.67267,336.2843,351.05322,410.9145,415.43304,490.36407,466.0487,513.79346,500.1676,570.218,568.7237,576.69086,584.546,572.95154,596.0349,0.9829434,0.95060354,0.9644569,0.655266,0.7852277,0.97260785,0.99115944,0.86818993,0.9573071,0.84448564,0.930557,0.6989487,0.78502095,0.0571239,0.084736556,0.006186098,0.008755654
209,619.9283,629.3343,601.6607,643.074,574.12335,684.75696,554.8533,722.8579,461.73383,619.10077,354.3166,668.53394,583.84393,649.2399,542.2418,598.94,501.19177,350.91827,334.48254,340.6125,336.3236,351.09686,410.90076,415.55835,490.29077,466.31152,514.0446,500.1233,569.1325,567.7201,576.3645,584.1875,572.75055,595.54224,0.98286074,0.9505147,0.9642698,0.6565208,0.7855408,0.97276616,0.99120533,0.8672905,0.9569268,0.8424262,0.9296757,0.7003002,0.7861414,0.058175653,0.0862858,0.006336391,0.0089741945
210,620.8734,630.22217,602.3025,643.5393,573.9448,684.71893,555.45874,722.4147,462.5502,619.85547,355.48303,669.48846,584.9046,649.4332,541.024,602.67346,500.9543,351.13306,334.45972,340.82257,335.92896,351.20978,410.6587,415.35413,490.5865,465.72046,514.14746,499.69238,569.62146,568.2847,578.1148,586.08295,576.1336,599.0575,0.98269355,0.94963354,0.96448386,0.64461684,0.78620076,0.9712198,0.99060357,0.86378586,0.9553255,0.84120893,0.92875195,0.68852997,0.7758957,0.055184513,0.08144659,0.0059715807,0.008401781
211,620.792,630.2506,602.22705,643.8715,574.03906,685.0892,555.85736,721.716,462.54498,618.7763,355.11353,670.0934,585.1335,647.861,537.30133,600.47864,495.0539,350.72174,334.14917,340.4016,335.753,350.8413,410.26007,414.86206,490.21088,465.5672,513.8294,499.79156,569.934,568.30273,576.088,583.563,574.1549,596.2064,0.98343027,0.95217365,0.9655237,0.6550457,0.7868476,0.97250295,0.9910378,0.8684738,0.9567902,0.8451464,0.93019485,0.70310986,0.7877581,0.059948117,0.0878751,0.0065927505,0.009255797
212,621.00757,630.42487,602.40015,644.0,574.1515,685.35944,556.15784,722.04736,463.60223,618.82214,355.86743,670.2837,585.32117,648.19885,537.69653,599.7622,495.26126,351.01746,334.3363,340.6505,335.73425,350.95245,410.2049,414.85205,490.22778,465.5807,513.76965,499.93744,569.79114,568.1524,575.6272,583.11707,572.9668,595.14813,0.9833224,0.95217156,0.96533793,0.65557086,0.7856856,0.9721701,0.9908408,0.8664254,0.95556974,0.8424536,0.9282961,0.6978245,0.7829851,0.0589543,0.08624908,0.006546259,0.009174228
213,621.22125,630.6179,602.5392,644.1504,574.2402,685.344,556.54266,721.8198,464.46216,618.74615,357.03323,670.11365,585.34534,648.76807,538.6996,600.1234,495.62555,350.93225,334.23596,340.6385,335.68323,351.07178,409.9038,414.5479,490.13043,465.38873,513.8075,500.40417,568.5896,566.9817,575.0222,582.5182,572.40906,594.6356,0.9833449,0.95208347,0.965415,0.6550474,0.786919,0.9724662,0.9909021,0.8676535,0.955859,0.8431747,0.9285201,0.70182145,0.785793,0.06018132,0.08789432,0.0066826046,0.009354711
214,621.2533,630.77014,602.49426,644.45667,574.09863,685.33813,556.3121,721.8511,464.55682,619.2189,356.66977,669.9982,585.1008,649.7483,539.58624,600.4969,496.3205,350.88196,334.14465,340.5526,335.5954,350.9494,409.92334,414.586,490.2575,465.5918,513.7827,500.71906,568.49756,567.0101,575.2544,583.0858,571.9834,594.8935,0.9833466,0.95176184,0.9657364,0.65181947,0.7891854,0.9721805,0.9909291,0.86583245,0.9560539,0.84121966,0.92856264,0.6985362,0.7842629,0.058856368,0.08665648,0.006523758,0.009178907
215,621.37946,630.83704,602.5203,644.45526,574.0119,685.4193,556.1024,722.08044,464.54086,619.2654,357.20526,669.66174,584.59094,649.6944,539.4581,600.1662,496.23755,351.05713,334.2265,340.79962,335.6643,351.385,410.1198,415.1828,490.46924,466.09924,513.86896,500.45258,568.7201,567.4548,575.5067,583.8522,572.2278,595.7145,0.9832889,0.9515691,0.96590626,0.6499951,0.79026586,0.9716113,0.99079907,0.8627684,0.9553659,0.8382739,0.927592,0.69102603,0.7787993,0.056739956,0.0839214,0.0062939525,0.008872896
216,621.5336,631.1026,602.60925,644.8664,574.0409,685.7943,556.27673,722.5179,465.10583,618.90045,357.84103,669.68884,584.4938,649.3618,539.5069,600.25385,496.9519,351.21893,334.28247,340.87225,335.63458,351.37518,410.0777,415.0398,490.7779,466.0177,513.9179,500.14136,568.9464,567.5943,575.798,584.0996,572.48584,596.0655,0.9833518,0.95164394,0.96603143,0.64924455,0.7897055,0.97135615,0.99081004,0.8619752,0.9556717,0.83869416,0.9284016,0.68790233,0.7771998,0.055626392,0.082752526,0.006136775,0.00868538
217,621.74243,631.2699,602.8544,644.9486,574.2766,685.91455,556.34015,722.56866,464.86392,618.85376,357.68384,669.9244,584.7037,649.1528,538.9894,600.0203,496.34766,351.1344,334.19733,340.76562,335.5963,351.30505,410.211,415.27338,490.77374,466.25928,513.9437,500.1364,569.01733,567.6921,575.5917,583.93256,572.5,596.02264,0.9831872,0.95123386,0.9655429,0.64870083,0.7880783,0.97148013,0.99074626,0.8634464,0.95544887,0.84033835,0.9283389,0.68951845,0.77738273,0.056127846,0.082910806,0.0061819255,0.008704156
218,621.9556,631.6343,602.95337,645.4124,574.1513,686.24115,555.84766,723.1321,464.22647,619.14526,357.71155,669.8533,584.1376,649.8965,539.73065,600.1058,496.64938,351.16803,334.16162,340.70587,335.78052,351.40942,410.41083,415.7318,490.69757,466.9947,513.9752,500.34265,568.94196,567.77136,575.573,584.0539,572.6082,596.0956,0.9832847,0.9516221,0.9657693,0.64950854,0.7883995,0.9714633,0.99070716,0.86230594,0.95479834,0.83886945,0.92743087,0.68893707,0.7765692,0.056356788,0.083186746,0.006235093,0.008774638
219,622.2408,631.8161,603.1651,645.27905,574.05334,686.10724,555.75555,723.12,464.30536,619.15076,357.7143,669.59534,583.92834,650.4928,540.5376,600.4591,497.16782,351.08203,334.09552,340.72382,335.74207,351.55322,410.30414,415.9098,490.40527,467.21295,514.1225,500.46307,568.6859,567.64374,576.51624,585.00024,573.8548,597.04315,0.98311734,0.9508573,0.9657053,0.64512396,0.79025996,0.97134733,0.99058676,0.8619871,0.9542719,0.8379287,0.9266539,0.68853456,0.77536625,0.056046844,0.082439095,0.006175846,0.008661032
220,622.3687,631.9815,603.3274,645.4297,574.13696,686.3564,555.6977,723.64966,464.53232,618.6819,358.31738,669.62134,583.79724,650.54193,540.73785,601.20374,498.49127,351.38873,334.3333,340.9225,335.84344,351.55573,410.52502,415.99792,490.7663,467.22748,514.60925,500.26733,569.572,568.44916,578.06323,586.4259,575.80237,598.9298,0.98299074,0.9504837,0.96543014,0.6433294,0.78829336,0.97093976,0.9904878,0.8609254,0.95411617,0.83797365,0.9269434,0.68708473,0.77453125,0.055596083,0.08201519,0.006096095,0.008567482
221,622.32385,631.97815,603.3022,645.54474,574.20953,686.38574,555.72437,723.6627,464.41385,619.0707,358.8674,669.4855,583.6608,650.1144,540.59033,601.4831,498.55066,351.41443,334.414,340.96973,336.0161,351.66534,410.6109,416.0205,490.94855,467.3487,514.55273,499.91577,569.8392,568.7014,579.07056,587.41376,577.07214,600.08307,0.9830436,0.9510429,0.9652327,0.64681804,0.7860384,0.97118205,0.9903903,0.8623026,0.9534515,0.83916485,0.9262032,0.68934804,0.7746902,0.056066006,0.08197993,0.0061164796,0.008543193
222,622.77454,632.39594,603.6599,645.80255,574.4209,686.61536,555.81415,723.8218,464.13187,619.3997,358.86053,669.51013,583.5416,650.13947,540.59143,601.1515,497.84326,351.2707,334.21533,340.85657,336.005,351.85565,410.45563,416.2337,490.70538,467.7234,514.6757,500.12738,569.2263,568.24,577.4999,586.0147,575.6543,598.55115,0.9830322,0.95092696,0.9652159,0.64586055,0.7863352,0.9712298,0.990381,0.8626151,0.95335126,0.8393594,0.9261098,0.68873006,0.7738674,0.056227863,0.082029104,0.0061670244,0.008596629
223,623.0148,632.52527,603.86816,645.7323,574.5054,686.7084,555.99304,724.0725,464.1204,619.39026,359.24573,669.7125,584.0253,650.4164,542.4961,601.30963,500.3494,351.05914,334.0099,340.74023,335.75006,351.81134,410.27228,416.3058,490.4878,467.80743,514.8678,499.9405,569.42206,568.56384,578.6598,587.17303,577.59,600.1625,0.982929,0.95031655,0.9650652,0.64346105,0.78725135,0.9712804,0.9904562,0.8619518,0.9535068,0.83836067,0.926258,0.69035304,0.77567315,0.05670339,0.08301297,0.006193191,0.00865677
224,622.9004,632.5166,603.63696,645.99677,574.23145,686.88196,556.20435,723.97485,464.352,619.2207,359.25525,670.0947,584.41095,650.1603,542.2756,601.7412,500.57318,351.20178,334.00995,340.8188,335.53174,351.76624,410.1198,416.24774,490.40643,467.64062,514.9946,499.96582,569.84784,569.0073,579.6065,588.182,578.73126,601.3142,0.98326635,0.9516425,0.9654959,0.64777887,0.7860297,0.971421,0.99041057,0.8623048,0.95295143,0.8389914,0.92573106,0.69131154,0.7756716,0.05713004,0.083216816,0.0062310994,0.00868234
225,622.9029,632.4209,603.7551,645.8351,574.49646,686.86066,556.5509,724.15234,464.64258,619.49554,359.2109,669.91235,584.5831,650.2104,543.147,601.35016,501.4522,351.07574,333.9903,340.79022,335.35687,351.56555,409.95502,415.8941,490.4698,467.365,515.0371,499.61108,570.53,569.5832,580.6522,588.9922,580.3329,602.64185,0.98310316,0.95121944,0.9653525,0.6467352,0.78631884,0.9711192,0.9903519,0.8599483,0.9525498,0.83586633,0.9247861,0.6898148,0.77515364,0.05719158,0.08370036,0.0062754154,0.008775562
226,622.83887,632.4362,603.7419,646.0681,574.6416,687.09766,556.5593,723.9516,464.45197,619.25397,358.92383,670.03467,584.5642,650.0636,542.6747,600.8695,501.2232,351.2016,334.0774,340.8313,335.38147,351.4809,410.14948,416.06818,490.57465,467.6576,514.914,500.01642,570.86584,569.8906,581.0923,589.38586,580.6202,602.94904,0.98321605,0.9517857,0.96551067,0.64967227,0.7859511,0.97111225,0.99037445,0.85905004,0.9523254,0.8348259,0.9242879,0.688949,0.77477765,0.057078183,0.08365044,0.0062762797,0.008789539
227,623.10974,632.7252,603.97815,646.46375,574.9109,687.6008,556.65344,724.33276,464.28122,618.89056,358.57452,670.0749,584.2438,649.9484,541.5277,601.625,500.36856,351.08752,333.95886,340.7865,335.4052,351.6797,410.47302,416.3864,491.0282,467.64056,514.8277,500.0484,570.95624,569.9908,580.85815,589.46783,580.28455,603.3367,0.98330796,0.95190704,0.9653211,0.65171254,0.7846599,0.97177076,0.9906182,0.86331916,0.95375663,0.8399687,0.92652786,0.6974448,0.78143036,0.05859068,0.08561885,0.0063584745,0.008891195
228,622.91064,632.67224,603.79956,646.71045,574.8821,687.8926,556.7241,724.737,464.39355,618.29443,358.54745,669.98047,583.9846,649.3588,540.99805,601.70984,500.1745,351.06628,333.97327,340.73633,335.58954,351.72412,410.7599,416.5376,491.12152,467.57324,515.10767,500.30566,571.48785,570.3828,581.2911,589.7585,580.94226,603.92786,0.983478,0.952901,0.9654381,0.6569263,0.7822373,0.9715167,0.9905658,0.86161184,0.95323026,0.83854985,0.92577076,0.69515395,0.78007996,0.058268756,0.08535963,0.0063457787,0.008896381
229,622.8674,632.63477,603.7817,646.648,574.8833,687.7238,556.80884,724.33514,464.48138,618.1463,358.4954,669.95984,584.08673,649.39624,540.90344,601.86206,499.86227,351.07556,334.01868,340.7334,335.68146,351.7077,410.7586,416.4104,491.09814,467.4995,514.943,500.38135,571.0111,569.83154,580.84863,589.0975,580.7145,603.41235,0.98339546,0.9526527,0.96533006,0.65570104,0.7822695,0.9714373,0.9905299,0.86154044,0.9532007,0.8384638,0.92573076,0.69589233,0.78062856,0.05886951,0.08616218,0.006436348,0.009018719
230,622.8698,632.5433,603.76324,646.4679,574.869,687.72363,556.9122,724.13385,464.86996,617.8754,358.61237,669.5559,583.7338,648.91425,540.5471,601.0567,499.74057,351.15637,334.0476,340.88544,335.56207,351.87164,410.58362,416.42407,491.0119,467.47015,514.79346,500.10437,571.28845,570.14124,580.6412,588.94617,580.3316,602.9689,0.98304987,0.9516866,0.9646044,0.6528237,0.7800319,0.97118104,0.9903635,0.8614639,0.95268905,0.838555,0.9252206,0.69478154,0.7790033,0.05876851,0.08568171,0.0064456463,0.009001553
231,622.9319,632.7058,603.7851,646.7208,574.86835,687.89276,556.79346,724.3041,464.85336,618.46265,358.8644,669.7205,583.7623,649.1253,541.21124,600.6022,500.3299,351.0963,334.0056,340.76587,335.67566,351.80725,410.6532,416.35608,490.9768,467.44202,514.66266,500.07117,570.925,569.7537,579.90906,588.14087,579.10187,601.6908,0.9830852,0.95195246,0.96448886,0.6552867,0.7796068,0.9715469,0.9903951,0.86227465,0.9523822,0.83849466,0.9245666,0.6957047,0.77895725,0.0590266,0.085730344,0.0064867735,0.009036303
232,622.8703,632.6329,603.69836,646.669,574.74023,687.875,556.65027,724.0856,464.20358,618.30176,358.4975,670.0645,584.01465,648.82733,540.5523,600.8556,500.15112,351.15643,334.02075,340.8275,335.51782,351.76587,410.53442,416.28888,491.0324,467.30255,514.57263,499.90417,571.52356,570.4003,579.93774,588.3186,579.40515,602.1974,0.9833924,0.95262617,0.9653026,0.6553543,0.78196156,0.97138214,0.99051,0.861179,0.9530632,0.8382813,0.9256332,0.6918134,0.77740407,0.057672948,0.08443338,0.006325662,0.008859962
233,622.8487,632.6203,603.7411,646.63513,574.8111,687.88434,556.60516,724.2703,464.5346,618.4322,358.9153,670.105,584.00037,649.27075,540.6368,600.6608,499.75067,351.22693,334.13153,340.84253,335.67273,351.6972,410.55945,416.22388,490.72302,467.2215,514.3915,499.90833,570.78296,569.59424,579.56433,587.7396,578.9177,601.4579,0.9833212,0.9525492,0.96511644,0.6561629,0.78166044,0.97157824,0.9904933,0.8620192,0.95286727,0.8386235,0.9252494,0.69475293,0.7790158,0.058701813,0.08558825,0.0064540207,0.009016961
234,622.8012,632.60706,603.67834,646.63916,574.73944,687.911,556.4706,724.57007,464.3103,618.8184,358.5605,670.13727,583.9545,649.38245,540.9039,600.471,499.74426,351.1632,334.06287,340.75214,335.7047,351.67877,410.56598,416.3451,490.6515,467.5584,514.2976,500.01947,570.8432,569.69904,579.4754,587.6629,578.703,601.1549,0.9833468,0.9526552,0.9651359,0.6568027,0.7817286,0.97163147,0.99049294,0.8619229,0.952693,0.8382608,0.9249212,0.69349974,0.77784085,0.05821258,0.084849566,0.0063952208,0.00893268
235,622.9449,632.5442,603.7905,646.2004,574.6528,687.5692,556.56537,724.21704,464.60123,618.6583,358.66138,670.05695,584.19495,649.6871,541.652,600.48083,500.28268,350.91107,333.87122,340.67383,335.43457,351.67194,410.25238,416.1825,490.5511,467.4851,514.2676,499.87305,570.5697,569.5136,579.3287,587.541,578.75696,601.05115,0.98308253,0.95157915,0.964869,0.6515742,0.78331566,0.9716011,0.99039745,0.86238194,0.952458,0.83822405,0.92460465,0.6940683,0.7774603,0.058617085,0.08506572,0.0064554513,0.008980453
236,622.9874,632.57214,603.8015,646.15936,574.5867,687.48865,556.4794,724.0992,464.5136,618.7822,358.6984,670.14624,584.28516,649.9442,541.9096,600.89056,500.66473,350.90454,333.86267,340.6847,335.46985,351.76013,410.24805,416.35284,490.40173,467.67682,514.17725,499.89795,570.41656,569.46704,579.1931,587.51324,578.74567,601.02484,0.98299205,0.9513762,0.9646281,0.6509734,0.7826061,0.971612,0.9903141,0.8627581,0.95199394,0.838426,0.9240607,0.69449854,0.7769192,0.058895588,0.08505231,0.006490767,0.008996457
237,623.0126,632.59955,603.8267,646.2169,574.61865,687.4425,556.293,723.9747,464.2611,618.82367,358.7352,669.8622,583.9282,650.0892,541.9881,600.72296,500.7544,350.94495,333.89728,340.72998,335.44214,351.74475,410.2386,416.3269,490.44275,467.65942,513.92395,499.74146,570.48047,569.5862,579.4215,587.91864,578.4475,601.0678,0.98312867,0.95160234,0.9650092,0.65112925,0.78443813,0.9718405,0.99040806,0.8636493,0.9524603,0.83947325,0.92473114,0.69464946,0.7770611,0.058291346,0.08427575,0.006386131,0.00885427
238,623.24054,632.82367,603.97473,646.35077,574.5498,687.3632,556.5237,723.5768,464.52634,618.33594,358.87268,670.3388,584.62036,650.3662,542.6583,600.931,501.27826,350.99115,333.87372,340.73938,335.27393,351.64282,409.97382,416.16785,490.17664,467.50525,514.145,499.7367,570.104,569.2631,579.5371,588.0221,578.75055,601.2024,0.98325825,0.95191175,0.9655516,0.6495867,0.78643453,0.97136486,0.9903208,0.8605314,0.95182514,0.8361369,0.92375124,0.6895018,0.7737454,0.05745426,0.083429575,0.006338775,0.00881359
239,623.1141,632.7452,603.88086,646.47125,574.71625,687.31177,556.9815,723.32227,464.51288,619.1304,359.07016,670.4489,585.02325,649.8298,542.35693,601.0211,500.61514,351.0758,333.97803,340.79462,335.42236,351.69165,409.9242,415.83624,490.20764,467.11902,514.1027,499.7129,569.3134,568.32684,578.6041,586.82776,577.43115,599.5763,0.98350585,0.9526607,0.965832,0.6533749,0.7866199,0.9718104,0.9905478,0.8624279,0.9530118,0.8382798,0.92533225,0.6933877,0.77762747,0.058290064,0.08488062,0.006417036,0.008949012
240,622.8132,632.4631,603.8503,646.22,575.02875,687.1642,557.06824,723.6225,464.94934,617.88794,358.47144,670.0756,584.8617,649.74646,542.99133,599.38965,500.78598,351.44623,334.34033,340.96057,335.51453,351.31372,409.53967,415.37384,489.72778,467.14227,514.5077,500.12592,569.5546,568.4112,578.7819,586.6585,576.7622,598.5849,0.9830585,0.95160794,0.9647574,0.65331763,0.7826924,0.9714128,0.9904296,0.8616245,0.9528091,0.8372122,0.92483294,0.6872199,0.7729515,0.055725187,0.08152181,0.00610137,0.0085392
241,622.6824,632.2511,603.77106,645.98535,575.005,687.06836,556.86975,723.4584,464.4161,617.8187,358.03088,670.07275,584.7648,649.7618,542.1118,599.2936,499.4241,351.37524,334.33002,340.9652,335.4654,351.3078,409.51202,415.45435,490.04712,467.67255,514.30804,500.1131,569.4858,568.3882,578.44763,586.38763,577.0519,598.9011,0.9828507,0.950968,0.9644832,0.65095997,0.78267324,0.9713085,0.9904214,0.86156857,0.9529545,0.83709824,0.9249431,0.6897263,0.7751372,0.05698067,0.08329299,0.006275356,0.008779258
242,622.4424,632.022,603.5211,645.8202,574.8981,687.0176,557.0738,723.3117,464.63303,617.3605,358.59735,670.0689,585.03,648.9144,542.6441,599.2348,500.81235,350.99548,334.0221,340.68225,335.41968,351.34723,409.52856,415.4461,489.92462,467.3629,514.3684,500.0291,569.463,568.32495,578.15576,586.0017,577.6312,599.21326,0.982932,0.9515721,0.96440244,0.65456593,0.7810308,0.9712249,0.99031645,0.86045676,0.95203036,0.8358259,0.923679,0.6859989,0.7716039,0.056508094,0.08237025,0.006242603,0.0087168515
243,622.1887,631.80963,603.3178,645.71985,574.74506,686.9406,556.54626,723.09827,463.65216,617.1338,358.50146,670.0443,584.8192,648.8201,542.54315,598.9916,501.31647,350.9715,333.94055,340.5434,335.18964,350.98566,409.38,415.3161,490.0337,467.71045,514.17584,499.9989,569.3932,568.302,577.7596,585.59247,577.4845,599.02594,0.9827995,0.9513849,0.96404827,0.6547421,0.7790307,0.9710188,0.99022835,0.85951304,0.95154655,0.8351865,0.9232005,0.682827,0.76889527,0.056000024,0.0816108,0.0062039793,0.008662045
244,622.2775,631.9164,603.3971,645.75464,574.8297,686.69556,556.6265,722.9615,463.70038,617.6186,358.6214,670.1068,585.2069,648.8865,543.8418,599.2038,502.73068,350.7611,333.8181,340.36456,335.3202,350.99176,409.47186,415.26343,490.0144,467.48657,514.11774,499.9334,568.7938,567.74615,577.00586,584.98035,576.27795,598.1004,0.982674,0.9508927,0.9636555,0.65397453,0.77886355,0.97131383,0.9902781,0.86103034,0.95174897,0.83637905,0.9234933,0.6846814,0.7697908,0.056319475,0.081842005,0.0062221885,0.008668065
245,622.26965,632.00525,603.4177,645.8323,574.78925,686.55115,556.61255,723.14557,463.99805,617.99664,359.00082,670.35016,585.5399,649.222,544.6432,600.3014,503.9947,350.71625,333.8299,340.2058,335.45325,350.739,409.40955,414.85278,489.69592,466.9491,513.6935,499.69482,568.2728,567.0991,577.04364,584.71277,575.60175,597.1649,0.9826281,0.95081556,0.963441,0.65359306,0.7776543,0.9712218,0.99017596,0.86162543,0.95153296,0.83751273,0.923594,0.6830815,0.76779795,0.055463046,0.08041218,0.00609228,0.008472323
246,622.29736,631.9669,603.5118,645.661,574.90704,686.29285,556.6699,723.07263,464.06702,618.17,359.28287,669.91095,585.3634,649.3866,545.37305,600.72125,504.89166,350.43158,333.67377,340.02423,335.3651,350.59796,409.09277,414.5592,489.12695,466.6098,513.42334,499.41296,567.77954,566.6306,576.9775,584.5493,575.56854,596.8242,0.9825655,0.95071936,0.96333855,0.6535542,0.7778515,0.9712431,0.99004316,0.8621157,0.95088524,0.83769286,0.92276764,0.6810999,0.7647874,0.054717362,0.078878015,0.0059936345,0.008295566
247,622.5114,632.1258,603.8037,645.58356,575.04785,686.21985,556.42737,723.19366,464.03528,618.2495,359.3777,669.6349,584.79724,649.6284,544.1044,602.11206,504.0903,350.22693,333.614,339.92236,335.36835,350.50067,409.1297,414.40265,489.18365,466.2058,513.1339,498.9624,568.2958,567.0862,576.6101,584.2184,575.5101,597.0466,0.9824586,0.9498241,0.96339136,0.64794445,0.77952313,0.97115886,0.9901283,0.8637634,0.9522843,0.8407361,0.9251482,0.6841168,0.76801574,0.05506429,0.07965127,0.00600639,0.008327931
248,622.81586,632.3733,604.09875,645.42737,575.04114,685.9584,555.975,723.3628,463.5363,618.5978,358.91208,669.6359,584.6542,650.5194,544.4719,602.85864,504.2151,349.96844,333.42383,339.6433,335.45978,350.40674,409.44104,414.72028,489.1344,466.4901,512.61224,499.06885,568.1491,567.0194,575.2757,582.9261,573.5111,595.15515,0.9823692,0.9489293,0.9636624,0.64173657,0.7829404,0.970783,0.9901392,0.86247784,0.952746,0.8401028,0.92595166,0.6777699,0.7639338,0.053144813,0.0774287,0.0058040917,0.00807941
249,622.4447,632.12225,603.77527,645.3774,574.8833,685.79816,555.82733,723.30115,463.69385,618.9738,358.89804,669.48145,584.4468,650.4913,544.2638,603.59406,504.4155,349.7876,333.3416,339.44647,335.5952,350.28223,409.55212,414.5044,489.04114,466.04163,512.2407,499.05664,568.0172,566.7705,575.4154,582.9581,573.3125,595.08344,0.9824325,0.94945383,0.96371853,0.6442038,0.7819209,0.9704915,0.9900215,0.8610963,0.9521461,0.83870167,0.9250444,0.6743138,0.7610838,0.052244246,0.07617065,0.0057109,0.00795427
250,622.3983,632.07587,603.78033,645.17523,574.7763,685.5536,555.5584,723.3321,463.54504,619.2588,358.78897,669.41705,584.36224,650.32227,543.9401,604.02374,504.68732,349.62543,333.2152,339.25885,335.45642,350.00208,409.46643,414.4231,488.87897,466.0429,512.14014,498.97504,568.51465,567.27356,575.47046,582.9902,573.82434,595.5426,0.9823675,0.948846,0.963619,0.6409929,0.78247285,0.97070247,0.99013066,0.86299086,0.95309985,0.8413454,0.92667615,0.6786659,0.7648295,0.053172052,0.077554256,0.005791247,0.008067757
251,622.3917,631.9675,603.73676,644.9798,574.6918,685.5673,555.535,723.196,463.48636,618.96893,358.75763,669.6311,584.43823,650.4649,543.17017,604.50385,503.90793,349.4701,333.00677,339.16132,335.16498,349.97778,409.3943,414.52814,489.06738,466.1808,512.23926,498.98517,569.0194,567.85913,575.9208,583.6356,574.088,596.00824,0.9823905,0.9487581,0.9636831,0.63990605,0.7828041,0.97068936,0.9901421,0.86373395,0.95343375,0.84250176,0.9272959,0.6786294,0.76483786,0.052652597,0.07678044,0.0057010055,0.007938534
252,622.2297,631.8694,603.5574,645.16675,574.7391,685.7136,555.8546,723.3658,463.59573,619.36786,358.5753,669.8265,584.81696,650.49506,543.7502,604.75085,504.54736,349.45795,332.92554,339.1137,335.0208,349.89935,409.12372,414.15985,488.9751,465.74,512.0442,498.94263,567.82635,566.65094,574.9782,582.7752,573.0956,595.311,0.98243296,0.94933987,0.963487,0.6439333,0.7802175,0.97060776,0.99010456,0.8628417,0.95296127,0.8414602,0.9265367,0.6780947,0.764462,0.053092092,0.07742554,0.0057758987,0.008049965
253,622.48755,632.1034,603.75146,645.2532,574.7479,685.65015,556.1562,723.192,463.58954,619.23083,357.93185,670.3624,585.6361,650.43134,544.1626,605.04974,504.9903,349.5193,332.88763,339.1084,334.8473,349.7987,408.85767,413.9967,488.6687,465.52393,511.8568,498.97302,566.9958,565.85315,574.2028,581.9645,572.39734,594.49023,0.98242795,0.94893146,0.9634938,0.6408869,0.78101397,0.9707285,0.9901924,0.864221,0.95370567,0.84365237,0.92794955,0.6802343,0.76651555,0.053702682,0.07833156,0.0058238506,0.008118004
254,622.3962,632.0525,603.6176,645.3001,574.5665,685.71594,555.9624,723.06476,463.4834,619.0992,357.60242,670.38696,585.52313,650.5275,544.1537,604.6472,505.4129,349.59656,332.82996,339.10443,334.55194,349.60138,408.56567,413.85236,488.4154,465.50732,511.5287,499.02936,566.9414,565.8774,573.708,581.59436,571.7687,594.0311,0.9823809,0.9490322,0.9633689,0.64113444,0.77979136,0.970528,0.9900029,0.86334455,0.9526354,0.84279764,0.92665994,0.675758,0.76182437,0.05294916,0.07686636,0.005770564,0.008012563
255,622.4396,632.079,603.6325,645.3605,574.5623,685.62427,556.2416,722.89886,463.73093,619.6429,357.7085,670.71893,586.1195,650.77203,544.43964,604.4796,505.25037,349.797,332.9361,339.2489,334.38818,349.5072,408.20197,413.6413,488.01672,465.3907,511.62292,498.727,565.9787,564.9778,573.0731,580.9933,570.9014,593.0028,0.9826004,0.94963145,0.96398604,0.6417366,0.7820877,0.97060716,0.9900433,0.86301756,0.9526621,0.84233284,0.92667687,0.6747731,0.76120216,0.052947015,0.076925516,0.005790204,0.008043438
256,622.5742,632.21533,603.7024,645.487,574.6339,685.5338,556.4808,722.758,463.60645,620.1921,357.47247,670.8808,586.4531,650.8879,544.5432,605.7096,505.45215,349.76147,332.84296,339.2187,334.37958,349.64868,408.23462,413.74414,487.97095,465.17267,511.6316,498.59106,565.68353,564.7763,573.1101,581.28345,570.84705,593.2498,0.98259175,0.94921124,0.96397567,0.63861436,0.78233856,0.9705088,0.99012184,0.86397,0.9536586,0.84443176,0.9284374,0.6760139,0.76299685,0.052696347,0.0768469,0.005705714,0.007945031
257,622.38904,632.0049,603.6588,645.31055,574.75323,685.3887,556.3216,722.7274,463.1687,620.4385,357.5095,670.34546,585.9803,650.34686,543.8599,605.5791,505.42688,349.67804,332.82788,339.16028,334.34772,349.51666,408.42822,413.97058,487.96863,465.42682,511.7036,498.36133,566.3266,565.4156,573.41547,581.54846,571.69165,593.8687,0.9827111,0.94978726,0.9641638,0.6409623,0.7822218,0.9706439,0.9899996,0.864815,0.9530192,0.84571075,0.9279731,0.67266417,0.7586808,0.05181113,0.07503533,0.0055930316,0.007743776
258,622.37103,631.96674,603.65717,645.21533,574.7738,685.2439,556.51324,722.6902,463.8624,621.0783,358.4466,670.7048,586.33575,650.97986,543.21466,607.0315,504.44885,349.56775,332.7273,339.03784,334.29565,349.41174,408.38934,413.73584,487.93463,464.99292,511.5462,498.2201,565.95764,564.9903,573.05286,581.1755,571.3423,593.6915,0.9828199,0.94984704,0.96460944,0.6388537,0.78408295,0.9703566,0.99004054,0.8641694,0.9537314,0.8457512,0.92901266,0.6720666,0.7595034,0.05155146,0.07514945,0.0055647492,0.007740319
259,622.2804,631.9357,603.5752,645.36383,574.8223,685.52203,556.7579,722.65717,464.1958,620.2643,359.02594,671.08044,586.6396,650.92004,543.00055,606.6317,503.67422,349.52515,332.72986,338.98102,334.44537,349.4433,408.50195,413.703,487.85693,464.80334,511.682,498.23364,565.37646,564.2562,572.5218,580.3263,571.1245,593.0317,0.9829316,0.9504874,0.9646678,0.6429868,0.7834129,0.97054267,0.99013364,0.8641254,0.95385766,0.8452828,0.92891157,0.67520505,0.7625513,0.05273801,0.07695615,0.005722642,0.0079756975
260,622.2151,631.8056,603.5056,645.14136,574.7182,685.3605,556.70874,722.8244,464.06088,620.1972,358.60495,671.24866,586.97754,651.1397,543.60455,606.64984,504.1462,349.45264,332.66443,338.93457,334.32397,349.37286,408.24158,413.58142,487.7202,464.8556,511.76825,498.27094,564.59125,563.54956,571.68225,579.5909,570.46155,592.45074,0.98288953,0.95049775,0.9646809,0.6430046,0.78359556,0.9703047,0.9900422,0.8626025,0.95319766,0.84335405,0.92785895,0.6713028,0.75927794,0.052289397,0.07627645,0.0057094395,0.007954389
261,622.29785,631.90674,603.5759,645.3218,574.87915,685.5176,556.83795,722.87573,464.18478,620.41907,358.84836,671.22174,586.85144,651.255,543.39624,606.46027,503.37445,349.4109,332.58838,338.87012,334.31708,349.3899,408.22852,413.5534,487.76257,464.86542,511.70154,498.2002,564.4773,563.4317,571.58746,579.54803,569.95776,592.04443,0.9828001,0.9503605,0.9644575,0.6430455,0.78250897,0.97012115,0.9899608,0.86219096,0.9529487,0.8429014,0.9275039,0.6691209,0.75735354,0.05151719,0.07514933,0.005617678,0.007825166
262,622.39966,632.07227,603.6314,645.58624,574.8363,685.7112,556.85724,723.36584,463.9092,620.984,358.7952,671.4366,586.93225,651.1844,542.86584,607.34924,503.12216,349.46997,332.5805,338.8255,334.20807,349.208,408.32874,413.41418,487.99878,464.6391,511.6797,498.21222,564.89166,563.7368,572.30096,580.11584,570.5969,592.6594,0.9829823,0.9509689,0.96484995,0.64352673,0.7821109,0.9697813,0.98989,0.8610788,0.9528363,0.8428136,0.92770433,0.66582924,0.7551383,0.05064419,0.07407835,0.005509436,0.0076891184
263,622.3635,632.03986,603.7566,645.5216,575.04846,685.7251,556.8144,723.9284,463.9181,621.47943,358.61505,671.52454,587.1587,651.4767,543.8216,607.6932,505.04968,349.4004,332.66235,338.7569,334.23474,348.89478,408.1963,413.1366,487.7213,464.4582,511.77222,497.80457,564.95654,563.7312,572.197,579.7956,570.71906,592.4828,0.98270917,0.95029914,0.9644599,0.64134276,0.7812153,0.9691167,0.9896638,0.85848004,0.95197415,0.84028506,0.9265889,0.6562677,0.74731123,0.04845977,0.071086526,0.00527817,0.0073764324
264,622.3668,631.9865,603.8654,645.3196,575.2538,685.4428,556.8605,723.6499,464.0059,621.27026,358.41925,671.10315,586.9619,651.3623,544.11,607.6614,505.49484,349.38342,332.7033,338.77765,334.30878,348.90796,407.95703,412.96808,487.4615,464.42206,511.8153,497.72852,564.4742,563.2808,571.6788,579.29675,570.16907,591.85516,0.98248243,0.94950277,0.9640318,0.6388986,0.780836,0.96911025,0.98960924,0.8596112,0.9520856,0.84156525,0.92691267,0.6561076,0.7465258,0.048270315,0.07062149,0.0052440166,0.007310897
265,622.2626,631.92596,603.7416,645.43005,575.3504,685.77295,557.2991,723.9427,464.07452,621.54767,358.6566,671.76373,587.71436,650.5226,543.68164,606.7867,504.47955,349.2403,332.63342,338.63556,334.67084,349.16498,408.59546,413.2954,487.64917,464.15808,511.86078,498.01892,564.2588,562.84186,570.21796,577.47363,568.9242,590.18726,0.9824451,0.9499233,0.96363086,0.6432221,0.77776134,0.96892905,0.9896097,0.8577671,0.9517039,0.83934444,0.9260442,0.6556285,0.74709535,0.049169064,0.07209578,0.0054220557,0.0075820982
266,622.07117,631.85406,603.549,645.5433,575.2058,685.75256,557.3122,724.1846,464.396,621.6847,358.76202,672.0254,588.0891,650.2156,543.7672,607.1498,505.29498,349.22937,332.6065,338.5279,334.64264,348.963,408.6684,413.35126,487.62073,464.24774,511.78113,498.06,563.9929,562.565,570.60284,577.9118,569.4236,590.8759,0.98257,0.9504892,0.96362877,0.6464257,0.776443,0.96913165,0.98965394,0.8583994,0.9516407,0.84019214,0.9260332,0.6572525,0.7481232,0.04950732,0.0724425,0.0054311454,0.007587552
267,622.171,631.9801,603.67084,645.5922,575.19165,685.8951,556.83966,724.63196,464.0274,621.8445,358.7728,671.8403,587.48956,650.5702,543.3647,607.48975,505.35327,349.32947,332.70734,338.56622,334.77277,348.9466,408.92474,413.50067,487.71606,464.32355,511.51172,498.14746,564.2911,562.8357,570.3614,577.6279,569.0271,590.58185,0.98263574,0.95056957,0.96392596,0.64536583,0.77736294,0.9689783,0.9896296,0.85782075,0.95163274,0.84029186,0.9262487,0.6545428,0.74608326,0.048876703,0.07165766,0.0053696036,0.0075087547
268,622.1355,631.9963,603.6245,645.6077,575.11304,685.756,556.6657,724.5786,463.94012,622.59375,358.80902,671.98804,587.7444,651.05884,544.7931,608.1696,507.6485,349.28986,332.6682,338.48804,334.7599,348.83594,408.90863,413.50922,487.82385,464.62085,511.6407,498.2934,564.4021,563.05774,571.1712,578.54614,569.5817,591.24286,0.98255014,0.95017093,0.9637979,0.64358646,0.7778164,0.9688554,0.9896103,0.85680044,0.951413,0.838944,0.92586803,0.6519364,0.7440422,0.04801938,0.07057151,0.0052512586,0.0073536932
269,622.4815,632.33673,603.91846,645.8831,575.22723,685.91876,556.4311,724.6559,463.64557,622.8123,358.81036,671.6725,587.1095,651.3823,544.4096,608.1143,507.04834,349.2688,332.6278,338.4984,334.63586,348.80872,408.75513,413.45697,487.7105,464.6142,511.04205,497.97986,564.4918,563.2485,570.86176,578.48755,568.98175,591.0498,0.9826366,0.95008665,0.96406364,0.6421671,0.7796685,0.9693756,0.9897705,0.8594258,0.95226437,0.8417506,0.9271414,0.6581185,0.748741,0.049090177,0.071973026,0.005352944,0.0074805915
270,622.551,632.2152,604.01416,645.54144,575.4738,685.3274,557.44305,724.27637,464.35645,623.06775,358.11813,671.2287,587.9845,651.1274,547.4705,606.60455,508.57953,348.9984,332.41705,338.3512,334.29706,348.6151,408.0053,412.8307,486.9226,464.13647,511.30267,497.52216,563.6179,562.3872,572.615,579.9663,570.51025,591.7413,0.98247206,0.94972134,0.96353245,0.64326596,0.77971065,0.9701246,0.98967564,0.86227,0.95134616,0.8423079,0.9255557,0.6624861,0.7491998,0.049578786,0.07169092,0.005342096,0.007390797
271,622.6439,632.28674,604.09186,645.40967,575.38806,685.0692,557.2976,724.03284,464.14166,622.70575,358.36234,671.0037,587.7774,650.80023,547.1102,607.03516,508.32373,349.0337,332.4862,338.40643,334.49817,348.7893,408.14215,412.91827,487.19812,464.3026,511.46844,497.74976,563.55054,562.298,571.8264,579.0973,569.9896,591.0975,0.98254323,0.94952816,0.96388537,0.6404006,0.7816651,0.9699857,0.98975456,0.86210525,0.9520945,0.8429837,0.9267881,0.6606115,0.748729,0.049146324,0.07142955,0.0052987337,0.007353872
272,622.70013,632.32,604.1502,645.40106,575.33374,685.169,557.212,724.2408,464.03824,622.5273,358.00525,670.9784,587.569,650.63135,545.9779,607.1487,507.38547,349.07153,332.4485,338.4063,334.2486,348.6183,408.02417,412.87756,486.9939,464.06934,511.72925,497.62756,563.897,562.6235,572.19366,579.4756,570.8021,591.8879,0.982671,0.9499643,0.9643476,0.63972116,0.78232837,0.9695618,0.989567,0.8608918,0.9514711,0.842566,0.92633426,0.6545679,0.74341,0.047820896,0.069423646,0.005154133,0.007141173
273,622.77356,632.3772,604.1837,645.39185,575.301,685.14453,557.13495,724.01715,463.93982,622.06384,357.96625,670.7762,587.24744,650.5061,545.4595,606.9254,506.38953,349.0465,332.42188,338.40735,334.3241,348.7613,408.07098,412.96857,487.11035,464.19147,511.77838,497.6637,563.74475,562.4667,572.3125,579.5838,570.70825,591.74316,0.9827581,0.9500766,0.96469176,0.63917726,0.78400826,0.9694633,0.98962355,0.8602225,0.95176864,0.84189636,0.9265782,0.65358806,0.74339914,0.047388077,0.06905022,0.0051017404,0.00708586
274,622.68713,632.3229,604.0982,645.35004,575.1275,685.19336,556.7356,724.2777,463.8938,622.15234,358.31772,670.72705,586.8397,650.67444,544.63885,607.7842,506.4203,349.11523,332.50116,338.4629,334.40533,348.7923,408.3955,413.17725,487.4079,464.2005,511.59155,497.59296,564.44086,563.14954,572.19806,579.5779,570.60516,592.0207,0.98279256,0.9501912,0.96482885,0.6386458,0.7837253,0.9692011,0.98956674,0.85949326,0.9516878,0.8419772,0.9267372,0.6516357,0.7420412,0.047112286,0.06875041,0.005088806,0.007073641
275,622.744,632.3662,604.1395,645.39844,575.20435,685.1416,556.77716,724.1286,463.73288,622.2505,358.08325,670.6932,586.8516,651.02264,544.9381,607.98645,506.43454,349.08344,332.4444,338.43787,334.39075,348.8474,408.44824,413.31458,487.3982,464.28943,511.37683,497.47626,564.4936,563.2929,571.82135,579.3902,569.915,591.5614,0.9825803,0.94966125,0.9643688,0.63716066,0.7821827,0.9689331,0.98941386,0.8590466,0.95114297,0.84160537,0.9261658,0.6491646,0.7393751,0.04663679,0.06789702,0.0050467253,0.0070011616
276,622.5591,632.2089,604.01965,645.4249,575.35156,685.2522,556.9797,724.19037,463.86826,622.0582,358.03476,670.7336,587.0835,650.8037,545.8473,607.18964,507.3108,348.95404,332.42395,338.37964,334.5019,348.87646,408.35168,413.1756,487.24908,464.17065,511.3462,497.3322,563.9083,562.67957,570.9769,578.5115,568.9563,590.5477,0.9824653,0.94972634,0.9637816,0.6412969,0.7797965,0.9693009,0.98945075,0.85991114,0.95081437,0.8414188,0.92537254,0.6514531,0.74052656,0.04733911,0.06865612,0.0051377714,0.0071136057
277,622.59717,632.2137,604.0319,645.36,575.2995,685.1085,557.077,724.05023,463.67725,621.8228,357.63904,670.68933,587.2089,650.4126,545.55115,607.3469,507.0669,349.01538,332.41638,338.4367,334.39624,348.9198,408.31348,413.32422,487.0854,464.1615,511.4795,497.44208,564.05023,562.88916,571.45465,579.11615,569.9828,591.61707,0.98262644,0.9500351,0.96410334,0.64119697,0.780558,0.96949327,0.9895191,0.86115885,0.9512601,0.8433081,0.92627454,0.6543225,0.7428338,0.04793498,0.069419354,0.00517866,0.0071624517
278,622.53796,632.1781,603.9807,645.38824,575.3048,685.22815,557.1918,724.1368,463.9005,622.00726,357.7575,670.9285,587.39026,650.585,545.3134,607.9017,507.10544,349.06927,332.45447,338.47864,334.41412,348.94482,408.30273,413.31476,486.9182,463.98712,511.38342,497.40637,563.93915,562.75336,571.2572,578.8579,569.90234,591.4474,0.9827273,0.95017207,0.964211,0.6416876,0.78086627,0.9697998,0.98968166,0.86284345,0.9521979,0.8454225,0.9276391,0.6587402,0.7469399,0.04870072,0.0706279,0.005239278,0.0072572827
279,622.67224,632.3247,604.08765,645.45953,575.3208,685.19666,557.16504,724.16394,463.9017,622.3341,357.93365,670.94196,587.35315,650.2645,544.76685,608.4231,506.90695,349.01056,332.39697,338.4187,334.47168,349.0088,408.5409,413.53345,487.0769,464.03357,511.32837,497.49432,564.4295,563.2553,571.79706,579.50775,570.35364,592.13477,0.98277104,0.9500141,0.9643949,0.6397037,0.78169656,0.96954125,0.9897526,0.86194015,0.9527899,0.8451965,0.92848873,0.6577342,0.74751014,0.04818055,0.070338756,0.005163789,0.0071849823
280,622.50543,632.1586,603.9551,645.2847,575.2201,685.07227,557.0104,724.22015,464.37357,622.63086,358.03537,670.8065,587.1632,651.1418,545.3343,608.9177,507.6078,349.13214,332.5285,338.5487,334.5738,349.0761,408.55402,413.54028,486.90625,463.93353,511.07825,497.4441,564.25525,563.1207,571.70245,579.4904,569.9419,591.9589,0.9826,0.9493588,0.9642915,0.6367123,0.78247225,0.9691959,0.9897068,0.86046106,0.9527817,0.84368885,0.92835987,0.6563244,0.74704057,0.047958136,0.07036197,0.005158782,0.0072021484
281,622.41016,632.0216,603.86035,645.04816,575.0762,684.89453,556.8099,724.04,464.26633,621.90643,358.09995,670.48364,586.6594,650.7301,544.1843,608.78827,505.8441,348.98193,332.44098,338.4583,334.60767,349.12024,408.4276,413.3844,486.99725,463.9159,510.89685,497.26587,564.3246,563.1295,571.31134,579.02997,569.3413,591.2742,0.98251456,0.9491831,0.9640987,0.6362431,0.7814676,0.9690361,0.98962295,0.8608502,0.9527134,0.8442527,0.9283381,0.6553864,0.74595827,0.047551274,0.06961405,0.00511536,0.0071289837
282,622.0311,631.656,603.4923,644.8841,574.9299,684.8627,557.11066,724.3422,464.42307,621.95276,357.91513,670.54333,586.975,649.8677,543.99445,609.4129,506.2796,348.9699,332.4746,338.5158,334.63678,349.23224,408.3792,413.19824,487.2586,463.62384,511.03406,497.16266,564.7138,563.4122,571.89355,579.55066,570.1135,592.04224,0.98247355,0.9492403,0.9635967,0.6382183,0.7778686,0.9691906,0.98964834,0.8630432,0.95324165,0.8472451,0.92938817,0.6583329,0.7480533,0.047757477,0.069749504,0.0050829053,0.0070759356
283,622.04626,631.68274,603.4418,644.85724,574.7146,684.807,556.73047,724.32434,464.2658,621.54315,357.7298,670.4668,586.61,650.34827,543.4884,609.5805,505.54163,348.93048,332.3645,338.43927,334.50586,349.17877,408.39453,413.5138,487.09943,463.99072,510.94403,497.1632,564.93,563.77954,572.0823,580.0206,570.0271,592.2449,0.98280704,0.9500873,0.9644647,0.63928527,0.78081393,0.96926093,0.9896895,0.8627642,0.9531788,0.84708196,0.92930555,0.65495986,0.74523187,0.046596944,0.06808919,0.00494045,0.006875962
284,621.8587,631.4589,603.21155,644.765,574.6925,684.8672,556.78894,724.1895,464.13556,621.1943,357.7319,670.45544,586.5575,650.4399,543.51337,609.0379,504.7204,348.7953,332.24243,338.39905,334.54877,349.42798,408.393,413.59814,487.18335,463.99963,510.69812,497.14624,564.29297,563.2062,570.66174,578.8232,568.06866,590.6167,0.9828988,0.95058316,0.964484,0.6432029,0.78048825,0.9695723,0.9898001,0.8634556,0.9533802,0.84722537,0.929266,0.6560243,0.746194,0.046828747,0.06842443,0.004982233,0.0069374144
285,621.85,631.4501,603.1826,644.7449,574.62775,684.8715,556.8294,724.0001,464.1324,621.21716,357.8529,670.4401,586.6599,650.24744,544.15894,609.02765,506.07028,348.7854,332.21326,338.41052,334.46533,349.42957,408.34143,413.58478,487.20087,464.02234,510.79413,497.17834,564.6008,563.5341,571.50574,579.5888,569.3788,591.6952,0.98297274,0.95079887,0.9645374,0.64410794,0.78055245,0.96979153,0.9898292,0.86358213,0.9531658,0.8469669,0.92892367,0.6581474,0.7475861,0.047448277,0.06919932,0.0050440133,0.0070157647
286,621.8702,631.44336,603.1276,644.73724,574.52386,684.9448,556.77875,723.7761,463.73975,621.0623,357.47766,670.4906,586.5619,650.3949,543.87006,608.9435,505.33502,348.7428,332.1322,338.4303,334.41046,349.60626,408.30212,413.73724,487.03064,463.9903,510.83264,497.29993,564.69366,563.7113,571.13916,579.34204,569.21826,591.5398,0.98304904,0.95090955,0.96477914,0.6435876,0.7816284,0.9697715,0.98987794,0.86331475,0.9534065,0.8466542,0.9291614,0.65831476,0.7482655,0.04752201,0.069450766,0.0050637126,0.0070534647
287,621.5875,631.1959,602.9282,644.7232,574.62646,684.978,556.9127,723.7474,463.75223,621.1997,357.65106,670.5805,586.8718,650.5709,545.2457,608.8595,507.24167,348.81635,332.2295,338.50024,334.4052,349.53235,408.02045,413.47296,486.88428,463.97803,511.01288,497.10706,564.48065,563.5345,571.4754,579.6654,569.6748,591.855,0.9829402,0.95104265,0.96424335,0.6470563,0.77875984,0.9699333,0.98980033,0.86362845,0.9527003,0.84623826,0.92811835,0.65852034,0.74727523,0.04764366,0.06931883,0.005071461,0.007046193
288,621.4984,631.1038,602.91003,644.735,574.8256,685.1079,557.13715,723.57983,463.94547,620.5913,357.50925,670.52905,586.8159,650.454,544.9219,608.3046,506.4167,348.83087,332.2397,338.49908,334.35712,349.45178,407.98846,413.29388,487.2226,464.03186,511.073,497.13306,564.9983,563.9383,572.8544,580.89124,571.2611,593.3674,0.9830782,0.95154095,0.96440136,0.6501162,0.7789264,0.9703219,0.98992234,0.8647858,0.9530717,0.8468553,0.9283167,0.66250944,0.7505878,0.048111707,0.069981694,0.005085349,0.007069081
289,621.4774,631.1093,602.8596,644.705,574.6692,685.0603,556.9917,723.4815,463.95645,620.40735,357.28693,670.52,586.6656,650.44543,544.383,608.7561,506.02774,348.72266,332.15167,338.40173,334.35767,349.43817,408.00616,413.3565,487.09265,464.03052,510.97284,497.3286,564.9609,563.90137,572.7071,580.7239,571.212,593.2803,0.9830849,0.9515852,0.96442604,0.64979184,0.7787282,0.97023773,0.989887,0.86468995,0.95293903,0.8468646,0.92816913,0.66363186,0.7514024,0.048585206,0.07056102,0.005152166,0.007154554
290,621.54083,631.194,602.9632,644.70605,574.7717,685.067,556.8518,723.65894,463.88437,620.1202,357.0182,670.4062,586.58624,650.4559,545.45026,608.1312,507.13568,348.6803,332.17694,338.3601,334.55957,349.48126,408.07825,413.47284,487.0492,464.26257,511.38782,497.45508,564.84204,563.8032,573.2777,581.2877,571.74854,593.7406,0.9829671,0.9509406,0.9642539,0.64803964,0.77987695,0.970418,0.9900497,0.8649537,0.9536256,0.8466975,0.92883885,0.6662204,0.7543684,0.048818618,0.07124561,0.0051482916,0.0071748495
291,621.52386,631.207,602.96985,644.7381,574.8135,685.0374,556.9779,723.7128,464.36655,620.0025,357.28354,670.4154,586.70557,650.6555,545.93097,608.2665,507.67615,348.72723,332.24677,338.38013,334.6518,349.45453,408.11816,413.36804,486.97388,464.0321,511.0818,497.30994,564.5919,563.48846,573.1614,581.0718,571.2731,593.29395,0.9829718,0.9508406,0.964265,0.64789015,0.78020245,0.9704853,0.99013746,0.86516494,0.9541025,0.84709525,0.9294623,0.6676351,0.75613713,0.049025476,0.0717943,0.0051628947,0.007215351
292,621.4606,631.1667,602.92084,644.72015,574.7587,684.933,556.85706,723.6481,464.41623,620.42725,357.3811,670.3591,586.6395,650.79865,546.0518,608.59155,508.2686,348.73608,332.26355,338.3814,334.62256,349.3791,408.0348,413.2436,486.87305,463.89014,511.13208,497.385,564.6146,563.54016,572.8628,580.8612,570.74713,592.95026,0.9829017,0.95075834,0.9641723,0.6473513,0.7796016,0.97016263,0.99000895,0.863745,0.9534941,0.84554243,0.92859995,0.6639318,0.75297385,0.048410952,0.07090366,0.0051267445,0.007162869
293,621.295,631.04193,602.8623,644.7335,574.86597,684.972,557.0676,723.4245,464.88745,619.8013,357.61383,670.2875,586.7175,650.52466,546.0123,607.9093,508.25513,348.79108,332.35394,338.37903,334.62018,349.15485,408.17358,413.12335,487.22522,464.08948,511.16626,497.67865,564.89087,563.62573,573.79083,581.3913,572.0355,593.87476,0.9828771,0.950948,0.96408343,0.64949054,0.778811,0.97013664,0.9900111,0.8625005,0.953164,0.84376186,0.927812,0.66565245,0.7547865,0.049346805,0.072390795,0.005256206,0.007358849
294,621.23676,630.9977,602.8136,644.78937,574.8996,684.99316,556.9236,723.49963,464.5227,619.82416,357.32993,670.1767,586.47534,650.7203,545.7821,607.55475,507.24576,348.8286,332.40247,338.39624,334.69305,349.1609,408.20154,413.1375,487.38025,464.3158,511.35046,497.82263,564.5708,563.3203,573.5214,581.21027,571.094,593.0865,0.9828787,0.95105696,0.9639691,0.65114385,0.7783624,0.9705521,0.99006,0.864902,0.95345426,0.8458959,0.9282081,0.66860896,0.75621,0.049540192,0.07231903,0.0052505136,0.0073252916
295,621.2273,630.90955,602.7984,644.5228,574.74445,684.8402,556.9624,723.36584,464.76044,619.7196,357.35358,670.2158,586.5737,650.8358,545.4612,608.14343,507.17453,348.87775,332.46936,338.5055,334.64124,349.20917,408.08557,413.0666,487.10242,464.01074,511.35486,497.65845,564.7504,563.474,573.66,581.1863,571.7795,593.42883,0.9828367,0.950771,0.9641255,0.64813155,0.77957785,0.97020274,0.98995304,0.86393416,0.95328504,0.84526235,0.92813385,0.66584826,0.7541163,0.04902798,0.07163614,0.0052047074,0.007262349
296,621.36957,631.04706,602.87256,644.59247,574.6682,684.7977,556.81244,723.2911,464.57224,619.9229,357.2857,670.1713,586.4326,651.1561,545.21014,607.61914,506.0384,348.9812,332.53912,338.6004,334.73694,349.34583,408.1573,413.21936,487.02777,464.10474,511.41333,497.75464,563.678,562.4568,571.7459,579.37854,569.55554,591.3421,0.98300266,0.95092744,0.96474326,0.6471955,0.7832331,0.9703721,0.9901295,0.86375594,0.953982,0.8448765,0.9288355,0.6656824,0.7550615,0.049195647,0.072236985,0.005256206,0.007357836
297,621.3546,631.01,602.7879,644.38654,574.34064,684.6142,556.143,723.37036,463.76276,619.9585,357.0103,670.2563,586.24896,651.7195,545.6817,607.6404,506.44458,349.0821,332.53516,338.59778,334.70776,349.31842,408.21906,413.44336,487.2467,464.7364,511.34033,498.1634,563.84595,562.7806,571.64087,579.44714,568.8836,590.84436,0.9829309,0.9505924,0.96465147,0.6450748,0.78336257,0.9703905,0.99007475,0.8639616,0.95366406,0.8451048,0.9285906,0.66433656,0.7532534,0.048817784,0.0714854,0.00521785,0.0072867274
298,621.2792,630.9278,602.7339,644.35474,574.3555,684.6017,556.0299,723.0962,463.4466,620.0498,357.00305,669.94025,585.7808,651.3802,544.6542,607.5938,505.36774,348.98657,332.50146,338.5921,334.77045,349.44983,408.47247,413.72833,487.55872,465.02576,511.35236,498.12805,564.61176,563.5625,571.4417,579.34076,568.90704,590.9675,0.9828551,0.950328,0.9644217,0.6448512,0.7826941,0.97048753,0.9901279,0.8647444,0.9540574,0.8459619,0.92911685,0.6670567,0.7556405,0.049454123,0.07240793,0.005295366,0.0073947906
299,621.1947,630.80994,602.5272,644.3039,574.2516,684.54443,556.4795,722.96423,463.90717,620.178,356.83792,670.47217,586.5493,651.7694,545.0393,608.55304,505.3182,349.00665,332.43256,338.6587,334.76282,349.7697,408.45215,413.84357,487.70557,464.8968,511.18896,497.95465,564.0637,563.12036,570.959,579.18713,567.88306,590.40686,0.9832108,0.951275,0.96503067,0.64756495,0.7841854,0.97084206,0.9903034,0.8661481,0.9548012,0.8476409,0.93017334,0.6687039,0.7574278,0.049426645,0.07247743,0.0052591264,0.007354766
300,620.75104,630.23035,602.1994,643.8828,574.3079,684.9269,556.6247,723.0421,463.56772,620.3981,356.2918,670.45166,586.5398,650.403,544.19867,605.59296,504.4587,348.98993,332.4762,338.71838,334.5296,349.6211,408.33655,413.56073,488.3991,465.42847,511.43878,498.10095,565.2058,563.99866,572.7622,580.2984,570.28406,591.69037,0.98294926,0.95164347,0.9641394,0.65467083,0.779963,0.97094387,0.98998046,0.86464036,0.95217335,0.84322333,0.9256264,0.66454166,0.7512566,0.04894331,0.07075742,0.005244851,0.00726521
301,620.80225,630.2253,602.2549,643.68085,574.1797,684.77893,556.2498,723.0457,463.5801,620.23267,356.5298,670.2173,586.18274,650.54407,543.9771,605.66187,504.90158,349.21307,332.62073,338.90405,334.503,349.66766,408.47644,413.79102,488.61676,465.63263,511.5296,498.07355,565.3745,564.24646,572.69,580.41785,570.16095,591.94366,0.98292124,0.95124507,0.96426463,0.6521518,0.78125685,0.9708552,0.99005294,0.86392176,0.95253515,0.8428645,0.9261812,0.66484904,0.7524012,0.049191356,0.07143894,0.0052847266,0.0073420107
302,621.1128,630.5233,602.37134,643.8262,573.81494,684.845,555.9737,723.093,463.00958,620.08014,356.27603,670.4558,586.1459,650.4989,543.2013,605.59357,503.85257,349.5216,332.72815,339.12396,334.38947,349.80774,408.557,414.12146,488.542,465.80408,511.73004,498.65112,565.86816,564.8496,572.3568,580.2106,569.7656,591.5743,0.98303246,0.95149964,0.96468323,0.6498046,0.78190905,0.9704718,0.98988295,0.86255014,0.9517858,0.84216017,0.9255717,0.66032994,0.74834,0.048618555,0.07043326,0.0052648485,0.007295698
303,621.15076,630.58374,602.42377,643.9072,573.8423,684.889,556.124,722.93726,463.21976,619.7494,356.1324,670.40564,586.02246,649.7755,541.49176,604.81915,501.42166,349.68988,332.88763,339.26764,334.49,349.8676,408.6336,414.2013,488.66772,465.99963,511.92328,498.73157,566.0967,564.9626,572.1326,579.8226,569.96765,591.5193,0.98309404,0.9516283,0.96484995,0.6497528,0.78231984,0.97058487,0.9899559,0.8634306,0.95232,0.8432566,0.9262653,0.6637047,0.7514996,0.049585342,0.07180047,0.005384803,0.007460922
304,621.1083,630.6107,602.3602,643.8229,573.45514,684.70557,555.3447,723.03394,462.6715,619.8161,356.0926,670.3707,585.6821,649.8212,541.43365,605.2904,502.6209,349.96606,333.11945,339.43103,334.61548,349.81506,408.85822,414.42584,488.732,466.19586,512.0293,498.661,566.80066,565.7324,573.0474,580.83264,571.00336,592.7005,0.98310757,0.9514694,0.9650441,0.6470355,0.78332484,0.97050244,0.9898972,0.8632391,0.95207393,0.8436935,0.9263758,0.6635267,0.7509409,0.04964423,0.071763754,0.0053875744,0.0074505806
305,621.04425,630.612,602.31604,643.89276,573.36316,684.7871,554.9562,723.087,462.65073,620.10974,356.70087,670.6506,585.56665,650.5447,541.0996,605.6364,502.34586,350.20886,333.32172,339.5772,334.76178,349.80835,408.90186,414.5119,488.63916,466.4756,511.72223,498.6764,566.6637,565.6567,572.19885,580.0659,570.03613,591.86383,0.9829589,0.9510964,0.96485716,0.6451068,0.7828413,0.9702346,0.98978865,0.86249775,0.95174396,0.84324193,0.92611396,0.6623827,0.7498683,0.04981211,0.07198155,0.0054492652,0.007533133
306,621.0032,630.4808,602.29095,643.81213,573.4838,684.7913,555.32043,722.8634,462.9271,619.94867,356.7185,670.496,585.65436,650.4254,541.1207,605.3766,502.22705,350.19128,333.2871,339.63422,334.53156,349.7898,408.7296,414.31665,488.63,466.17395,511.60388,498.72284,566.7234,565.6953,572.61554,580.48737,570.1379,592.049,0.9828054,0.9506842,0.9644219,0.64502954,0.78142583,0.9703547,0.9897951,0.8636401,0.951972,0.84427994,0.9263724,0.665424,0.75204957,0.05027786,0.07252106,0.0054808855,0.007568568
307,621.1576,630.65564,602.4071,644.0019,573.5041,684.9413,555.2637,723.1525,462.579,620.48474,356.76456,670.9181,586.0734,651.0151,542.4144,605.2163,503.37317,350.26678,333.35492,339.68823,334.57343,349.79486,408.85205,414.5155,488.65198,466.4641,511.85822,498.83496,567.2969,566.36475,572.74426,580.6898,570.306,592.17816,0.98263097,0.9501393,0.96414775,0.6428527,0.7811551,0.9701506,0.9897368,0.8622384,0.9515847,0.8424928,0.92578936,0.6634337,0.75061715,0.050088167,0.07240221,0.005488366,0.0075900555
308,621.02344,630.60767,602.357,644.1769,573.666,685.02985,555.46704,723.04834,462.99448,619.8148,357.2951,670.5573,585.7495,650.5722,542.11584,605.46875,503.47223,350.2574,333.427,339.6905,334.6687,349.72424,408.7188,414.11713,488.61707,465.99817,511.83472,498.53406,567.0873,565.9852,573.4663,581.1898,571.22876,592.9519,0.9827615,0.95066446,0.9642855,0.6456051,0.7803829,0.9703024,0.9898189,0.863232,0.95212173,0.8439547,0.9265877,0.66686106,0.7536976,0.050613046,0.073248476,0.0055120885,0.0076337457
309,620.87726,630.47485,602.281,644.0048,573.6239,685.12274,555.1693,723.4895,463.01135,619.31433,356.78815,670.4683,585.45276,650.72565,542.4202,604.6431,503.69772,350.16425,333.39044,339.57056,334.68896,349.55463,408.67017,414.10675,488.722,466.48126,511.9367,498.74048,567.4547,566.3111,573.2878,580.8684,570.8191,592.377,0.9825492,0.9499546,0.9638556,0.6444993,0.7799526,0.97034156,0.9898702,0.86332715,0.9523555,0.8436484,0.9266628,0.6659263,0.75324285,0.050112158,0.072713524,0.0054519176,0.007565677
310,621.0291,630.5233,602.46045,643.8466,573.76514,685.13403,555.24994,723.3207,463.10648,618.6904,357.18646,670.2353,585.10614,650.3843,541.5007,604.424,502.2553,350.04138,333.32275,339.54437,334.7204,349.693,408.61444,414.10248,488.76428,466.50214,512.1254,498.7882,567.89294,566.70233,573.1915,580.6487,570.9722,592.2434,0.9823587,0.94920546,0.9633784,0.64248383,0.77895766,0.9704418,0.9899359,0.86476004,0.953038,0.8450911,0.927557,0.6706992,0.75738657,0.05105874,0.07406226,0.00555107,0.0077037513
311,621.30023,630.7719,602.6578,644.0593,573.873,685.1663,555.66724,723.00806,463.11026,618.81506,356.744,670.35175,585.4405,650.1589,541.3766,605.0956,502.17947,350.04913,333.307,339.625,334.64984,349.84332,408.58215,414.13782,488.74316,466.31055,512.26416,499.10254,568.1688,567.0093,574.0701,581.5923,572.44727,593.74286,0.98236746,0.9489118,0.96339613,0.64003384,0.77944714,0.9705994,0.9900329,0.86624014,0.953813,0.84693307,0.9287237,0.6769024,0.76270914,0.052476585,0.076070994,0.005675286,0.007873654
312,621.7265,631.12604,603.05786,644.00104,573.9004,685.0189,555.17017,723.1123,462.77185,618.7475,356.82477,670.14746,584.9966,651.3254,542.2265,605.3255,502.46832,349.9439,333.2224,339.51733,334.69897,349.82538,408.6388,414.4439,488.52002,466.85632,511.8907,499.07642,567.9757,566.9946,573.5973,581.2306,571.5868,592.87024,0.9823722,0.9483614,0.96387625,0.63531226,0.7836796,0.9705483,0.9900854,0.8654412,0.9540135,0.8460041,0.92897713,0.6752274,0.7618065,0.05200717,0.07569271,0.0056416094,0.00784266
313,622.03064,631.4443,603.3049,644.2499,574.03564,684.933,555.61365,722.6771,463.29636,618.49615,356.94385,670.1519,585.2571,650.9939,542.1574,604.9033,501.42838,349.92548,333.2962,339.55713,334.88782,349.94147,408.64642,414.1363,488.48816,466.21484,511.80658,498.9713,567.4883,566.35297,573.06226,580.5094,570.6234,591.8523,0.9823965,0.9482111,0.9640217,0.634259,0.7852292,0.9706707,0.9902199,0.8657706,0.9547188,0.8458363,0.92957675,0.6791711,0.7659532,0.0530397,0.07743332,0.005775422,0.008048236
314,621.9507,631.34265,603.2941,644.02344,574.04004,684.8326,555.3735,722.75964,463.37225,618.3761,357.19626,669.7282,584.7146,650.8095,541.826,604.691,501.2527,349.85956,333.3275,339.53033,335.06445,349.99115,408.80518,414.18225,488.4817,466.13318,511.82275,498.85846,567.8345,566.6231,573.5339,580.84454,571.3505,592.4497,0.98234665,0.9478702,0.96397704,0.63347703,0.78600836,0.9708265,0.9903225,0.866351,0.9552663,0.8462402,0.9301527,0.6823658,0.76896495,0.053586006,0.07840237,0.0058200657,0.00812456
315,622.09454,631.4564,603.3744,644.0677,574.00793,684.84314,555.31335,722.5681,463.28192,617.8003,357.34222,669.5283,584.5126,650.34924,541.66364,604.1342,501.34204,349.9292,333.28778,339.61346,334.95654,350.14746,408.86023,414.51227,488.58118,466.36975,512.08777,498.84338,568.3174,567.2429,574.1249,581.76245,572.49744,593.8972,0.98248786,0.9481829,0.9643109,0.6333113,0.78690994,0.9709369,0.9903251,0.86653066,0.95509464,0.8467143,0.9301242,0.6827829,0.7689127,0.053879738,0.07863447,0.0058459044,0.008141637
316,622.13525,631.505,603.41254,644.08484,574.08167,684.6144,555.76843,722.32166,463.49203,618.1122,357.05887,669.6037,584.9909,649.8812,541.7822,604.8168,501.31964,349.86523,333.30652,339.5755,335.097,350.18433,408.9984,414.33575,488.7461,465.99414,511.92352,498.85846,568.8112,567.5817,575.4011,582.76855,573.3031,594.4572,0.9824863,0.94780654,0.9642142,0.63145614,0.7870577,0.9711057,0.9904694,0.86841583,0.9563062,0.84916484,0.9318994,0.6868938,0.7729503,0.05391535,0.07893935,0.0057697,0.008056015
317,622.1476,631.51495,603.4186,644.15393,574.115,684.6878,555.8434,722.30273,463.4368,618.2983,357.2208,669.7041,585.15137,650.0637,542.2695,604.27765,501.50848,349.89722,333.28827,339.56793,334.96112,350.0669,408.75153,414.20398,488.57288,466.19446,511.91125,498.92932,568.3098,567.11914,574.9949,582.28046,572.63403,593.49884,0.98262,0.9485254,0.9644481,0.634523,0.7871959,0.97115076,0.9903923,0.8675596,0.95546746,0.8476037,0.9305726,0.68320566,0.769241,0.05321029,0.07767466,0.00571993,0.00796935
318,622.37244,631.7134,603.59094,644.2745,574.1689,684.73804,555.8736,722.458,463.60248,618.0588,357.43643,669.445,584.81177,649.99677,541.6422,604.3242,500.58356,349.94934,333.28418,339.61902,334.927,350.1557,408.69757,414.2096,488.555,466.07208,511.89874,498.9619,567.5001,566.33167,573.6409,581.084,570.9937,592.1832,0.98260736,0.9484132,0.9644846,0.63369304,0.7872708,0.9710648,0.9903851,0.867867,0.95566624,0.8484944,0.9310313,0.6826405,0.7688645,0.053203344,0.07766664,0.0057331026,0.007984757
319,622.35864,631.6756,603.61285,644.1677,574.1621,684.6323,555.90497,722.55524,463.82767,618.2273,357.76978,669.6093,585.17053,650.15594,542.4133,604.6915,501.98944,350.04462,333.37177,339.67267,334.87653,350.01904,408.66748,413.97778,488.60425,465.7473,511.88098,498.92932,567.3286,566.11066,574.0173,581.3693,571.5388,592.789,0.9825026,0.94800025,0.9642811,0.63229287,0.7869781,0.9710765,0.9904044,0.86786807,0.9558017,0.8485985,0.9312871,0.68508667,0.77102494,0.05411586,0.0790759,0.005834788,0.008134693
320,622.3853,631.6437,603.692,644.0658,574.32855,684.65796,556.0432,722.55054,463.85843,618.3146,357.69482,669.81525,585.4428,650.28455,542.40424,604.68713,501.87982,350.04248,333.43915,339.73462,335.0163,350.16022,408.56598,413.97748,488.17212,465.58435,511.67114,498.8944,566.5176,565.3229,572.39124,579.7196,569.9724,591.06934,0.98235685,0.9476068,0.9639268,0.6321044,0.78640383,0.97112185,0.99041283,0.8684256,0.95590556,0.8489892,0.9313586,0.68565506,0.77136326,0.05453551,0.0795666,0.0059081614,0.008229643
321,622.5049,631.84845,603.7152,644.27075,574.2659,684.6261,556.1952,722.7822,464.25735,619.21704,357.66968,669.85645,585.7337,650.7224,544.2269,605.04004,503.86572,350.0589,333.3911,339.68518,335.11743,350.2401,408.79718,414.19214,488.43457,465.88904,511.9054,499.22412,566.30975,565.1692,573.3513,580.71716,570.5732,591.7581,0.9826245,0.9481003,0.96441746,0.6335567,0.7887923,0.97161984,0.990659,0.8686854,0.9564707,0.8484977,0.93177056,0.690199,0.7757506,0.055512458,0.08136529,0.005983919,0.008367926
322,622.4505,631.80334,603.6709,644.24744,574.2282,684.7736,556.02484,722.78784,464.03162,619.2389,357.7657,670.1471,585.77856,651.0173,544.0357,605.0647,503.722,350.07825,333.38794,339.6801,335.1057,350.22253,408.83008,414.32446,488.3825,466.11237,511.89185,499.26074,566.77655,565.6717,573.7265,581.0649,571.3291,592.34326,0.9827168,0.94838536,0.9646341,0.63416445,0.7894292,0.97167516,0.99069774,0.8683915,0.95650256,0.8480704,0.9317484,0.6911148,0.77674043,0.05588883,0.082001865,0.006036401,0.008450717
323,622.4897,631.7721,603.71124,644.1728,574.26575,684.8869,555.79913,722.579,463.3759,619.28906,357.44653,670.48706,585.8491,651.11664,543.47473,605.3428,503.38315,349.94824,333.33295,339.66846,335.17358,350.41943,408.89508,414.58276,488.27515,466.237,511.77783,499.23615,567.2216,566.2466,573.3413,580.9106,571.34937,592.464,0.98209745,0.94711566,0.9634259,0.6303446,0.7850764,0.97065455,0.9901382,0.8657439,0.95424634,0.84529376,0.92894137,0.68170244,0.7672045,0.054095685,0.0785858,0.0058994293,0.008189768
324,622.5504,631.76373,603.718,644.2114,574.2619,684.85095,556.156,722.573,463.96893,619.29846,358.38147,670.2125,585.9088,650.999,544.22253,604.4024,503.45795,349.93488,333.2397,339.68036,334.7293,350.18835,408.45563,414.05603,488.47742,465.98596,512.2192,499.1886,567.0073,566.00793,574.37146,581.9493,572.0145,593.2361,0.98224604,0.94764435,0.963709,0.6327161,0.7860235,0.97096074,0.99015296,0.86608934,0.95396495,0.8446437,0.9282282,0.6816831,0.7665206,0.053640664,0.0777736,0.0058167577,0.008061558
325,622.6121,631.80444,603.7596,644.18054,574.2387,684.859,556.0548,722.4849,464.2204,618.6664,358.59155,670.0381,585.5663,651.30035,543.82227,604.33813,502.62076,349.90033,333.22253,339.67126,334.82605,350.30432,408.6455,414.1958,488.43018,465.77515,512.1937,499.20544,566.6959,565.672,573.90247,581.51965,571.433,592.83997,0.9822769,0.9478066,0.9639257,0.6330533,0.78689164,0.9708229,0.9901527,0.86485577,0.95378935,0.84310806,0.9277575,0.68297064,0.76806694,0.054559797,0.07924512,0.005975187,0.008293688
326,622.6189,631.82544,603.72687,644.24756,574.1403,684.99,555.90643,722.34827,463.89786,617.8717,358.50836,670.09155,585.4479,651.22906,543.541,603.66315,502.0784,349.92017,333.18335,339.65424,334.68958,350.21613,408.68475,414.22827,488.82343,466.07056,512.45557,499.5268,567.13525,566.092,573.81024,581.3977,571.6208,593.0469,0.98233247,0.9478313,0.96405363,0.6330563,0.7874258,0.97097564,0.99029505,0.8648379,0.95430565,0.8429848,0.92828226,0.68522733,0.77076316,0.055360824,0.08069259,0.006082773,0.008468777
327,622.4926,631.7276,603.584,644.1386,573.95154,684.8579,555.5999,722.2549,463.75455,618.1594,358.4772,669.807,585.04895,651.05005,543.19763,604.4461,502.81094,349.77008,333.0661,339.5475,334.70233,350.26,408.8214,414.43665,488.8371,466.16534,512.36084,499.4049,567.33765,566.3593,573.91797,581.64417,571.8323,593.38135,0.98244977,0.9482457,0.9643245,0.63351464,0.78790927,0.9708638,0.99018383,0.86448675,0.9537209,0.84300005,0.9277431,0.6814702,0.7669356,0.054333717,0.078933865,0.005960673,0.008271962
328,622.4484,631.74695,603.48193,644.2948,573.90656,684.9662,555.7961,722.31757,464.24738,618.76965,358.5142,670.1895,585.4681,651.6604,544.0795,604.52765,503.2053,349.77563,333.06274,339.54547,334.78888,350.33606,408.9073,414.45203,488.96948,466.1842,512.4217,499.3631,567.1869,566.21765,574.3309,582.1058,571.77277,593.4483,0.98258936,0.94883585,0.96455574,0.63617027,0.7887346,0.9710756,0.9902066,0.8642233,0.9533695,0.8416426,0.92688286,0.6822523,0.7673037,0.054481566,0.079089314,0.0059808493,0.008298308
329,622.50555,631.8167,603.50806,644.50867,573.9936,684.9895,556.20825,722.2004,464.04614,618.31323,358.05426,670.66,586.2595,651.48596,544.2913,603.6974,502.22433,349.9027,333.11652,339.62384,334.68433,350.29053,408.72113,414.53125,488.81824,466.57013,512.7624,499.72296,566.8456,565.9508,573.69885,581.57324,571.3561,592.93665,0.98264056,0.9489026,0.9646436,0.63613254,0.78893983,0.9711734,0.99031186,0.8647884,0.95395195,0.84245896,0.92768705,0.6826186,0.7682226,0.05461359,0.07944906,0.0059902966,0.00832656
330,622.46576,631.87256,603.5193,644.7089,574.1624,685.3876,556.4777,723.4841,465.36826,619.27905,359.51508,670.5392,585.8436,651.5617,543.5,604.4075,501.14813,349.99567,333.2152,339.64508,334.88873,350.3047,408.85034,414.19733,489.22052,466.1859,512.71204,499.89587,567.07043,565.90027,574.32104,581.9401,572.13745,593.9657,0.9828354,0.9496119,0.9651762,0.6381669,0.788784,0.9704808,0.9903767,0.8607362,0.954422,0.83882546,0.92786443,0.6794946,0.7688012,0.053911358,0.07980254,0.005939454,0.008368075
331,622.6358,632.0395,603.6599,644.823,574.2311,685.58563,556.4427,723.71405,465.35352,618.7285,359.14227,670.635,585.7971,651.64856,543.5377,603.507,500.58896,350.00635,333.1903,339.64435,334.89386,350.36493,408.7685,414.41357,488.9212,466.48108,513.00824,500.26282,566.91785,565.8336,574.0204,581.77344,571.9084,593.76624,0.9829192,0.9498664,0.96536815,0.6394286,0.78971285,0.97065043,0.99046063,0.8605737,0.95443046,0.83798397,0.9275204,0.6805893,0.76991034,0.054302096,0.08041912,0.006000787,0.008459687
332,622.6625,632.09436,603.6545,644.9513,574.2372,685.5066,556.5068,723.2615,464.84546,618.5406,358.5479,670.27454,585.59406,651.09766,543.6306,603.4437,500.84875,349.94482,333.1941,339.65332,335.01483,350.51654,409.0044,414.62207,489.0719,466.5539,513.12476,500.2063,567.48096,566.3887,575.2365,582.9326,573.2013,594.827,0.98297846,0.95022386,0.9653343,0.64137685,0.78906167,0.97092015,0.9904308,0.86172724,0.9540597,0.8388053,0.92705643,0.68365484,0.7712079,0.055009812,0.08091915,0.0060587823,0.008500397
333,622.68964,632.1498,603.65393,645.07715,574.2592,685.62006,556.655,723.1836,465.1208,618.4034,358.76498,670.55396,585.8972,651.2416,543.9521,603.28925,501.08688,349.93884,333.14233,339.6203,334.94263,350.48114,408.88196,414.5835,488.97986,466.57758,513.18884,500.12067,567.2174,566.1539,575.0266,582.7593,573.0679,594.6687,0.9829419,0.9501291,0.96528494,0.64091843,0.78887177,0.97078645,0.990432,0.8608321,0.9540169,0.8378458,0.92693454,0.68345827,0.7715285,0.0552707,0.08148557,0.006108731,0.0085865855
334,622.8407,632.2195,603.75006,645.0553,574.25696,685.52844,556.7599,722.99744,465.0007,618.6647,359.09525,670.523,585.9479,651.12317,543.55396,603.6525,500.6385,349.9367,333.06866,339.66217,334.73883,350.53748,408.8186,414.65857,488.9936,466.5094,513.1569,499.90997,567.50916,566.54407,575.23566,583.18115,573.32965,595.1146,0.9829266,0.94995284,0.96535665,0.6386187,0.7891669,0.97058314,0.99033237,0.8608971,0.9539079,0.83863914,0.9271946,0.68122137,0.76937586,0.05451435,0.08024645,0.006007701,0.008427709
335,622.7752,632.2864,603.68604,645.38367,574.34106,685.7217,556.81885,723.2647,465.14502,618.9842,359.0995,670.51416,585.88715,651.42505,544.06946,603.9464,501.34082,350.0265,333.1281,339.6679,334.89282,350.5512,409.04413,414.71033,489.07068,466.39008,512.9601,499.96674,567.29193,566.2926,575.0277,583.0277,572.63794,594.7267,0.9830303,0.9504632,0.9654201,0.64143,0.78814226,0.9706317,0.990379,0.86052585,0.953902,0.83845496,0.927184,0.6823821,0.7706204,0.05506909,0.08122727,0.006086409,0.008556366
336,622.65955,632.17773,603.5861,645.38245,574.33203,685.9248,556.8531,723.4433,465.28253,618.5171,359.02264,670.733,585.98694,651.104,543.5135,603.3662,500.83917,350.18103,333.23785,339.7755,334.8971,350.5589,409.03583,414.65424,489.3214,466.48553,512.8152,499.89648,567.2903,566.2184,574.72363,582.67053,572.13837,594.28394,0.9830023,0.9507509,0.9652318,0.64384305,0.78627455,0.97048956,0.99027824,0.8598789,0.9532782,0.8378118,0.9263257,0.67922693,0.7677191,0.05445057,0.080146015,0.0060341656,0.00847134
337,622.73145,632.23755,603.64105,645.4223,574.328,685.8894,556.8062,723.5116,465.2567,619.11426,359.02588,670.8239,586.04517,651.5428,543.5952,603.42456,500.4792,350.2503,333.25867,339.80695,334.80054,350.46692,408.92444,414.51672,489.34845,466.4851,512.64294,499.91602,566.97284,565.9365,574.3556,582.3887,571.3571,593.73004,0.98296064,0.95050716,0.96525913,0.64224255,0.78694975,0.9704253,0.9902727,0.85968643,0.95337474,0.83756566,0.9264302,0.6784432,0.76725405,0.054174483,0.079853535,0.0060077608,0.008440673
338,622.72015,632.26196,603.67725,645.5203,574.4708,686.02124,556.92163,723.52155,465.35077,618.793,358.85416,670.94775,586.11456,651.52966,543.3285,603.3048,499.8686,350.19897,333.28284,339.75952,334.9496,350.46368,408.88336,414.36865,489.28772,466.39954,512.54626,499.93353,566.2968,565.1689,573.2988,581.1657,570.48145,592.682,0.98285896,0.95049715,0.96490014,0.64389837,0.7851639,0.9704513,0.9902322,0.8600076,0.95310473,0.8375376,0.9259294,0.67985976,0.7679785,0.055018753,0.0808233,0.006137252,0.008606881
339,622.65125,632.1905,603.66345,645.4547,574.486,685.97974,556.6797,723.50464,465.06046,618.8456,358.80627,670.97253,586.00793,651.7369,543.1758,603.3916,499.912,350.2428,333.33405,339.78503,334.91553,350.3675,408.65082,414.30933,488.89954,466.51038,512.42377,499.98938,566.12463,565.0931,573.10895,581.09717,570.16223,592.4105,0.9828317,0.950525,0.9648032,0.6443543,0.7846663,0.97047436,0.99015975,0.8606404,0.9527889,0.8381493,0.9255899,0.67811495,0.7657013,0.054258853,0.079401195,0.006034702,0.008436561
340,622.7232,632.23,603.7221,645.44354,574.5649,686.2033,556.6309,723.9271,465.0487,618.86426,359.06723,670.9103,585.8087,651.871,543.2097,603.56915,500.40335,350.2453,333.30737,339.81873,335.01086,350.60938,409.0088,414.79865,489.03253,466.65063,512.55865,499.7669,566.4057,565.42584,572.72614,580.84937,570.5428,592.9261,0.9827079,0.94996965,0.9647865,0.6414825,0.7851253,0.9698789,0.9901706,0.857476,0.9529754,0.8356428,0.92584825,0.6743711,0.7646305,0.053869337,0.07966611,0.0060293376,0.008492798
341,622.7143,632.2226,603.7067,645.498,574.56055,686.2933,556.5861,723.8424,464.94418,619.0263,359.12842,670.8063,585.46765,651.75397,541.9975,603.62305,498.8375,350.24194,333.30975,339.8542,334.9723,350.64032,408.91327,414.69684,489.00378,466.53955,512.51874,499.8067,566.5166,565.51294,572.5629,580.7037,570.3698,592.7838,0.982935,0.9506054,0.9652537,0.64300764,0.7863893,0.97021234,0.9902457,0.8593811,0.95346546,0.8377408,0.92658997,0.67682064,0.7662426,0.054139346,0.079854906,0.006043136,0.008494854
342,622.6969,632.1901,603.7332,645.4647,574.6387,686.2913,556.5636,723.8744,464.76434,619.0349,359.13666,670.58777,585.1148,651.3821,540.8099,604.67957,498.1384,350.04028,333.1903,339.73816,334.91742,350.612,408.9165,414.65662,489.20953,466.4666,512.6717,499.6731,567.22064,566.18494,573.294,581.4854,571.3651,593.89685,0.9829439,0.950507,0.96521044,0.64239174,0.78573596,0.97007304,0.99028057,0.8600492,0.9541241,0.83920705,0.92767256,0.6769348,0.7668894,0.0534077,0.07898235,0.005903572,0.008312851
343,622.72437,632.23456,603.807,645.58765,574.81024,686.2107,556.6017,723.787,464.4976,619.44196,359.01044,670.44836,585.05,651.1897,540.49316,604.5007,497.62265,350.149,333.3012,339.81836,334.96826,350.59113,408.85608,414.62604,489.03674,466.48767,512.60376,499.83167,567.04675,566.05963,572.50305,580.8516,570.0525,592.8113,0.9829395,0.9506705,0.9650425,0.64388454,0.7844442,0.97019446,0.99022734,0.8613081,0.9539456,0.84057784,0.92757356,0.6757481,0.76497054,0.052889526,0.07784787,0.005841255,0.008194536
344,622.84766,632.30835,603.9118,645.5959,574.83435,686.1993,556.75397,723.69006,464.6826,618.9729,358.91083,670.4939,585.2272,651.4939,541.04987,604.6015,498.17584,350.3683,333.42578,340.01794,334.8164,350.5865,408.62463,414.50787,489.17865,466.61914,512.7761,499.79303,567.06726,566.1304,573.05536,581.45483,570.54663,593.3572,0.9829447,0.9504598,0.96519303,0.6419375,0.78547287,0.97011197,0.99025595,0.8609924,0.9542091,0.84052944,0.92803615,0.6750548,0.7649213,0.052551955,0.07761106,0.005784631,0.008133113
345,622.9323,632.40924,603.93994,645.71344,574.74915,686.3793,556.51215,723.8921,464.10046,619.48346,358.61624,670.6969,585.14526,651.3507,540.2804,604.5647,497.59805,350.44226,333.40503,340.0348,334.719,350.5805,408.6892,414.7699,489.19855,466.9624,512.9427,499.94867,567.72046,566.8722,573.51013,582.05365,571.25415,594.0788,0.9828964,0.9503672,0.9651151,0.64064765,0.78474164,0.9699031,0.99013853,0.8605757,0.95374477,0.84044695,0.9276303,0.67327833,0.7629845,0.052183688,0.07683748,0.0057449937,0.008056462
346,623.0193,632.5674,604.0261,645.92053,574.7746,686.49225,556.55396,724.4529,464.5885,620.1321,359.03915,670.6232,585.0571,651.126,540.36865,603.9532,497.54373,350.4865,333.46338,340.0149,334.72803,350.3927,408.6681,414.46143,489.5351,466.90216,513.22186,499.91034,567.8595,566.8642,573.6718,582.0586,570.92346,593.7925,0.98298776,0.9506079,0.96552455,0.64055866,0.7861481,0.9695341,0.99014795,0.85771245,0.9536294,0.83729416,0.9270973,0.6678976,0.7600473,0.05092135,0.0756287,0.0056313574,0.007943839
347,623.0261,632.6443,604.09015,646.1112,575.0474,686.66394,557.0223,724.49854,465.0788,620.5931,359.1945,670.65247,585.372,650.3285,540.74927,602.884,497.89923,350.31537,333.4021,339.8568,334.89142,350.339,408.69824,414.1762,489.6103,466.6383,513.18884,499.64374,567.1015,565.8916,572.40186,580.3766,569.92444,592.2772,0.98282456,0.95022595,0.96486807,0.64233273,0.7844279,0.97011554,0.990265,0.8601097,0.9540386,0.8390352,0.92748797,0.67342305,0.76394206,0.052553445,0.07772201,0.0058199465,0.0081912875
348,623.2378,632.87823,604.26697,646.33435,575.1627,686.8849,557.1168,724.6681,465.4751,620.2022,359.2473,670.4903,585.2324,650.76196,542.08905,601.3481,498.4183,350.39288,333.42615,339.91675,334.91406,350.4043,408.74396,414.43024,489.47632,467.01428,513.35486,499.5766,567.1763,566.04364,572.5884,580.6184,570.36414,592.64246,0.982939,0.95065457,0.96511364,0.64486206,0.7860011,0.97061366,0.990339,0.8599796,0.95347595,0.83731824,0.9262346,0.6769728,0.7661575,0.054073542,0.0797396,0.0060364306,0.008482158
349,623.1857,632.8199,604.279,646.3523,575.30444,686.95746,557.1819,724.8737,465.28903,620.33264,359.05908,670.34326,585.0917,650.3798,541.3957,601.14923,497.52612,350.4333,333.5017,339.9676,334.9973,350.4433,408.89813,414.62177,489.44733,467.14703,513.52344,499.71362,567.3591,566.1984,573.24554,581.255,571.46564,593.6537,0.9829252,0.9507407,0.9649117,0.64640325,0.78470254,0.97096086,0.99037135,0.8623272,0.9537549,0.8398887,0.92677087,0.6822995,0.7695618,0.05526486,0.08103278,0.006133169,0.008586109
350,623.42377,633.07336,604.4617,646.61755,575.33887,687.1781,557.22955,725.1566,465.2362,619.95984,358.93414,670.30566,584.95184,650.3646,541.3544,601.37103,497.54276,350.47437,333.4917,340.01514,334.88416,350.44812,408.80298,414.6654,489.46057,467.2185,513.81366,499.70898,567.5148,566.3999,573.89594,582.0204,572.34576,594.62634,0.9831337,0.95136094,0.96535575,0.64748406,0.78544235,0.9710382,0.99036133,0.86262286,0.95359135,0.84050727,0.92676306,0.68220156,0.76907957,0.055135965,0.08068484,0.0060968697,0.008520722
351,623.5954,633.1708,604.59204,646.6364,575.4865,687.258,557.3296,725.3401,465.2774,620.4807,359.36618,669.902,584.58264,650.2925,541.65125,600.2382,496.86325,350.33044,333.36877,339.96295,334.89893,350.62848,408.79822,414.75574,489.36975,467.2729,513.8988,499.87836,567.2564,566.18274,573.32385,581.504,571.5248,593.7767,0.9830235,0.95100904,0.9651781,0.64714074,0.7857573,0.97108865,0.9903911,0.8620528,0.9535171,0.8389409,0.9261676,0.6824742,0.7694552,0.05527714,0.08098894,0.0061410964,0.0085892975
352,623.7245,633.3001,604.6996,646.7574,575.5493,687.4108,557.3826,725.3418,465.3191,620.62756,359.40158,670.15845,584.82153,650.7158,542.32916,600.004,497.4658,350.40344,333.44745,340.03357,334.96826,350.68286,408.8548,414.84076,489.31317,467.3902,513.8762,499.90283,567.2893,566.23755,573.3888,581.4941,571.385,593.44366,0.98304045,0.9512383,0.9652252,0.648461,0.78606653,0.97108686,0.9903459,0.8608506,0.9528028,0.8367573,0.92485356,0.6812498,0.76817185,0.05529967,0.08092058,0.006182313,0.008640856
353,623.90784,633.4148,604.9459,646.7616,575.82043,687.64514,557.47675,725.7919,465.24457,621.6928,359.5356,670.38586,585.0575,650.6714,542.5722,598.5594,497.20093,350.46686,333.49426,340.03918,334.89478,350.52405,408.72125,414.8565,489.10974,467.92596,513.7465,500.02612,567.1608,566.1115,573.1239,580.97644,571.0172,592.4599,0.9829782,0.95124507,0.9649935,0.650266,0.7859448,0.9715078,0.99031234,0.8619879,0.95217925,0.8367282,0.92373955,0.6810763,0.7665118,0.05526012,0.080274284,0.006185204,0.00859949
354,623.9579,633.47864,605.02124,646.75543,575.9279,687.3842,557.9976,725.52924,465.84805,621.9768,359.44098,670.30865,585.4492,650.47314,542.854,598.9258,496.96112,350.33923,333.46307,339.9325,335.02087,350.4806,408.87415,414.67273,489.0183,467.42633,513.5447,500.013,567.2821,566.04114,574.106,581.56464,572.39734,593.4166,0.9829597,0.9508815,0.9649621,0.64863,0.7869458,0.9717852,0.9904765,0.8633965,0.95322424,0.8380469,0.9250281,0.6894045,0.77394074,0.05746588,0.08364591,0.006412208,0.0089357495
355,624.03076,633.56335,605.07,646.9076,576.00555,687.56116,558.13403,725.5619,465.92773,621.38446,359.48727,670.39496,585.62445,650.471,543.72736,598.0097,497.68573,350.50677,333.55804,340.04486,335.0055,350.50037,408.81097,414.65198,488.9594,467.39764,513.75793,499.95874,567.1027,565.86884,574.23065,581.67584,572.28955,593.24396,0.9830215,0.95115006,0.9649621,0.6507236,0.786668,0.9720739,0.99055314,0.86387,0.9532087,0.83811915,0.92491066,0.6914281,0.7754058,0.05812171,0.08453107,0.0064873993,0.009039968
356,624.03326,633.58057,605.09424,646.9097,575.96686,687.7574,557.7162,725.8707,465.4587,621.2239,359.26865,670.43256,585.28735,650.5447,543.3177,597.8067,497.71887,350.62384,333.64502,340.11194,335.05078,350.49298,408.98914,414.8501,489.2506,467.75818,513.78705,500.08038,567.64026,566.4198,574.1636,581.65735,572.5891,593.68524,0.98288035,0.9507237,0.9647234,0.64916456,0.7860035,0.9719466,0.9905095,0.86351085,0.9530718,0.8380688,0.92486906,0.6905259,0.7746721,0.058112234,0.08452001,0.0065012574,0.009057969
357,624.12946,633.67377,605.21124,647.029,576.1998,687.94495,557.97437,726.01373,465.5728,621.17456,359.30173,670.53296,585.583,650.6444,544.5747,596.9629,498.75064,350.5398,333.62085,340.05676,335.1665,350.54254,408.98816,414.7644,489.23053,467.73108,513.8987,500.23822,566.6496,565.3792,572.72974,580.04694,570.9005,591.7593,0.9828959,0.9509339,0.96465147,0.6520874,0.7861792,0.9721124,0.99058616,0.86255896,0.9528222,0.8359102,0.9239603,0.68842876,0.7733077,0.0579153,0.08442354,0.0065223873,0.009106785
358,624.1679,633.73236,605.32275,647.1295,576.359,687.9122,558.04816,726.0219,465.62363,621.77637,359.39465,670.2708,585.2945,650.7361,543.9166,597.6516,498.01782,350.6629,333.78522,340.18262,335.28546,350.55377,409.06165,414.7682,489.25427,467.81982,513.80145,500.25287,567.05927,565.7509,573.3945,580.62506,571.8787,592.63727,0.9827433,0.95059466,0.96431696,0.6509747,0.78473425,0.9719593,0.99047595,0.86277676,0.9525564,0.8363037,0.9237274,0.6905843,0.7744756,0.05865839,0.08522946,0.00661096,0.009209365
359,624.3092,633.8797,605.42175,647.2415,576.36725,688.0578,557.8166,726.2197,465.51367,621.912,359.02423,670.437,585.3423,651.4645,545.18097,597.3583,499.54056,350.70642,333.80322,340.2093,335.32977,350.61194,409.2447,415.0705,489.35156,468.1499,513.9946,500.48193,567.1478,565.9695,573.9516,581.4151,571.625,592.7423,0.9826437,0.95042336,0.9643982,0.6500842,0.78580225,0.97133964,0.9903189,0.8582573,0.951264,0.8306477,0.9214206,0.6810297,0.7673913,0.056101292,0.082008034,0.006352961,0.0088814795
360,625.1506,634.3779,606.123,647.23145,576.9269,688.01135,559.0462,725.8414,467.19418,622.02295,359.36456,670.4518,586.09644,652.29346,547.11383,595.2219,497.8183,350.58295,333.8031,340.42126,335.38684,351.17108,408.85712,414.70886,488.5896,467.05786,513.6325,500.7531,565.63245,564.4713,574.6555,582.16785,570.8323,592.1203,0.9821988,0.94891405,0.9639398,0.6461316,0.7890048,0.97142226,0.9903568,0.8573159,0.9512168,0.8258321,0.9195646,0.68819904,0.77357006,0.05775526,0.08453351,0.0065779984,0.009205431
361,625.0964,634.2222,606.1664,646.97003,577.0399,687.97894,559.09326,725.84595,467.1416,621.6592,359.31625,670.2805,585.8793,651.9289,545.99286,594.6273,496.08295,350.5083,333.72992,340.3651,335.13263,350.9508,408.36017,414.33502,488.4099,467.153,513.6183,500.48682,565.6124,564.4039,574.3402,581.6719,571.3429,592.1789,0.98218024,0.94896865,0.9638553,0.6466229,0.7884268,0.97163785,0.9903268,0.8589551,0.95115876,0.82748663,0.9195991,0.6915003,0.77530694,0.059096485,0.08594781,0.0067541003,0.009411514
362,625.22253,634.382,606.2818,647.2488,577.2502,688.37256,559.5877,726.1291,467.31674,621.6295,358.94244,670.80695,586.5851,651.9541,546.9992,594.6533,497.32547,350.56396,333.73468,340.36884,335.141,350.9671,408.3756,414.38995,488.2141,467.16864,513.5475,500.7597,565.4828,564.2254,575.44574,582.5083,572.39075,592.72595,0.9823042,0.9496391,0.96382105,0.6504714,0.7871662,0.97179615,0.9903177,0.858871,0.9506069,0.82699084,0.91873294,0.6918939,0.77514064,0.059129924,0.08578184,0.0067259073,0.009363264
363,625.04803,634.2294,606.1227,647.2258,577.19934,688.29565,559.7592,725.93317,467.6479,621.65826,359.12668,670.51715,586.3389,651.4404,545.6709,595.3614,496.53946,350.61664,333.74084,340.41113,335.0329,350.9372,408.51318,414.31805,488.50043,466.75806,513.5714,500.5005,566.0987,564.7287,576.0182,583.07587,573.47485,594.01184,0.9824174,0.95013475,0.9639457,0.6516343,0.78578275,0.9716656,0.99022835,0.8591237,0.9504367,0.82819617,0.91888356,0.69225025,0.7750835,0.05941689,0.08597407,0.00675261,0.009382516
364,624.99646,634.23987,606.1093,647.38763,577.26294,688.4974,559.76465,726.1963,467.63446,622.2772,359.44827,670.4956,586.2775,651.2903,546.0483,596.2162,498.5008,350.79834,333.9004,340.55322,335.1369,350.9978,408.89282,414.59894,488.60583,466.7251,513.5921,500.44202,567.6107,566.22205,578.55566,585.55945,575.92737,596.3717,0.9823512,0.95022404,0.96367586,0.6518656,0.78331184,0.97130704,0.989954,0.8583412,0.94924605,0.8282936,0.91789055,0.6873916,0.76986194,0.057491183,0.08284673,0.006467223,0.008952975
365,625.0094,634.2687,606.082,647.48914,577.2543,688.5467,559.9886,725.9514,467.85562,621.6884,359.55856,670.321,586.08,650.91895,545.17487,595.6161,496.86578,351.04248,334.05176,340.77692,335.1297,351.13562,408.69904,414.44537,488.61084,466.5819,513.94495,500.55762,567.5298,566.0919,577.9662,584.9492,575.4797,595.90857,0.9826261,0.95080304,0.96425885,0.6532767,0.78496397,0.97156847,0.9902119,0.8590318,0.95056736,0.8291404,0.91950214,0.69141734,0.7746616,0.058602363,0.08499423,0.0066079497,0.009196848
366,625.1464,634.3115,606.20215,647.427,577.26196,688.6312,559.9812,726.10254,467.49802,622.13684,359.27274,670.5419,586.24976,650.62134,544.10785,595.3776,496.0097,351.2237,334.11603,340.90454,334.89545,351.0644,408.74188,414.6593,488.55182,466.68585,514.12537,500.58923,568.1323,566.7337,578.3054,585.33093,575.6213,595.94727,0.98257405,0.95053315,0.964219,0.65116435,0.78482354,0.97145355,0.99014974,0.8595151,0.9506182,0.8304688,0.9200001,0.68990767,0.7731639,0.057929993,0.08385268,0.006512642,0.009045839
367,625.1643,634.398,606.2194,647.5658,577.2668,688.57513,559.8872,726.22833,467.46225,622.2443,359.0453,670.21844,585.95276,650.8567,544.7374,595.72784,496.79648,351.25037,334.15967,340.9157,334.998,351.07153,408.8797,414.69946,488.74005,466.76727,514.1637,500.80017,568.3117,566.91626,578.8961,585.99304,575.9764,596.57874,0.9825513,0.9501241,0.96427953,0.6490176,0.7857882,0.9714259,0.99027,0.8594341,0.9514475,0.8307615,0.92113316,0.69070095,0.7748549,0.057614356,0.08395964,0.00643453,0.008979708
368,625.06036,634.3509,606.1357,647.60144,577.26294,688.6422,559.85034,726.3196,467.48572,622.63666,359.04242,670.42084,586.0427,651.21844,544.8314,596.1969,496.93695,351.32385,334.24963,340.9574,335.16583,351.1305,408.8164,414.68335,488.37793,466.67194,514.08044,500.51904,567.86957,566.4852,578.37305,585.412,575.5959,595.9828,0.9825119,0.95017904,0.964019,0.65039104,0.7844615,0.9715935,0.9902879,0.86037695,0.9514744,0.8314866,0.92116773,0.6944176,0.77746046,0.058903456,0.08559954,0.0065952837,0.009192824
369,625.0981,634.3629,606.1344,647.6034,577.2404,688.7097,559.8939,726.32837,467.49332,622.2867,359.07574,670.4874,586.1128,651.4487,545.3711,596.53625,497.6742,351.3546,334.2296,340.99286,335.1449,351.24,408.83887,414.77692,488.40735,466.65784,514.16516,500.5763,567.8658,566.53235,578.5968,585.706,575.6732,596.12054,0.98228896,0.9497854,0.96354324,0.64937544,0.7822515,0.97109103,0.9900533,0.85855675,0.95039225,0.8297334,0.91985536,0.69012105,0.7735199,0.057991713,0.08414757,0.0065116584,0.00906384
370,625.0421,634.29126,606.05225,647.6344,577.22314,688.8147,560.0126,726.1409,467.48126,622.0225,359.14923,670.5165,586.1549,651.09174,544.92755,596.04224,497.1552,351.37415,334.22058,341.0354,335.01923,351.24146,408.70422,414.6336,488.52307,466.55615,514.1295,500.354,567.5655,566.2035,578.27545,585.37134,575.5276,595.9384,0.9824695,0.9505742,0.9637332,0.6531782,0.78193796,0.97148323,0.99008375,0.8598312,0.9501462,0.83065784,0.91944647,0.69261783,0.7746551,0.058985174,0.08508217,0.0066361427,0.00920102
371,625.0635,634.3276,606.1383,647.71155,577.3876,689.0203,560.0211,726.28015,467.41602,622.3108,359.01007,670.5325,586.0644,650.8109,544.5459,595.4626,496.91672,351.37036,334.18884,340.96838,334.93463,351.06415,408.80933,414.57947,488.66113,466.54144,514.1981,500.7815,568.1281,566.67,579.587,586.5182,577.29364,597.6371,0.98243225,0.9506523,0.963519,0.654691,0.7808257,0.97163117,0.9900546,0.86006725,0.94975114,0.83035016,0.918689,0.6952514,0.7762363,0.059827268,0.08600968,0.0067206323,0.009299755
372,625.15216,634.36664,606.1884,647.61163,577.2654,689.07184,559.64795,726.889,467.23206,622.3042,359.44476,670.4768,585.7328,650.84717,544.1405,595.51074,496.5366,351.39783,334.21704,341.0055,334.98608,351.154,408.93262,414.74225,488.91443,466.72723,514.0823,500.5509,568.16956,566.7472,578.9876,586.08154,576.3153,596.9871,0.98242134,0.9504231,0.9637548,0.65235513,0.7818996,0.9712213,0.9900403,0.85840935,0.9499632,0.82946587,0.9191546,0.6895797,0.77269506,0.05797577,0.08390203,0.006511897,0.009046972
373,625.1028,634.3452,606.1274,647.76215,577.37604,689.13086,560.0871,726.53516,467.4862,622.5603,359.41803,670.7427,586.2475,650.3813,544.08527,595.0562,496.30353,351.41864,334.2249,341.01758,334.91968,351.11,408.71533,414.44257,488.9356,466.59045,514.144,500.68207,567.70245,566.2169,578.833,585.81995,575.93713,596.4425,0.98256946,0.951034,0.96384746,0.65569615,0.7816602,0.9716048,0.9901273,0.85972875,0.95012486,0.8302459,0.9191321,0.6922908,0.7745474,0.058699727,0.08469316,0.0065880716,0.009137809
374,625.1398,634.39557,606.1227,647.80493,577.29156,689.14075,559.98846,726.42114,467.19812,621.90356,359.31427,670.71185,586.1744,650.20276,543.9818,595.04736,496.36902,351.40424,334.16992,340.99243,334.89227,351.15485,408.83978,414.67224,489.00378,466.73145,514.2992,500.781,567.8904,566.4528,578.73096,585.8083,576.33496,596.895,0.98264015,0.9513105,0.9639999,0.6561653,0.7815192,0.9714649,0.9900738,0.85881555,0.9496897,0.8295821,0.9186686,0.69037,0.7729491,0.05859053,0.08448285,0.0065975785,0.009145856
375,625.23773,634.49567,606.2073,647.82117,577.2361,689.1348,559.53796,726.48663,466.6949,621.4642,359.50018,670.6014,585.7624,650.4321,543.6456,595.0604,495.94998,351.33972,334.14178,340.9449,334.98047,351.19836,408.8357,414.78925,488.714,466.6776,514.1758,500.45,567.26666,565.9193,577.2544,584.5253,574.8784,595.6411,0.9825734,0.951059,0.96398497,0.65485924,0.7819396,0.9713358,0.9900538,0.85858834,0.9497002,0.8297014,0.918843,0.68880147,0.7717335,0.058361202,0.08416247,0.0065995753,0.009145349
376,625.2481,634.51886,606.23376,647.8269,577.2793,689.26965,559.4331,726.8214,466.86853,621.63965,359.82864,670.5804,585.61084,650.6485,544.0002,595.00867,496.60028,351.43634,334.22418,341.01013,335.11462,351.2895,408.94147,414.9126,488.7672,466.85278,514.14276,500.45496,567.2789,565.93396,577.03595,584.29144,574.57104,595.3294,0.9823774,0.95030713,0.96365964,0.652249,0.7815391,0.9711497,0.9900949,0.85793614,0.9501749,0.82940114,0.9195392,0.6887003,0.7725748,0.058334976,0.08459517,0.0066000223,0.009183586
377,625.2131,634.3833,606.1944,647.6027,577.2424,689.19507,559.5739,727.0129,466.7439,621.9674,359.73315,670.87897,586.16394,650.68274,544.5543,595.27026,497.42975,351.4519,334.23633,341.09155,335.02606,351.37726,408.8897,415.06775,488.79645,467.08044,514.3018,500.3736,567.1942,565.9459,577.156,584.50244,574.81384,595.4856,0.9826615,0.9511788,0.9643026,0.65462714,0.78347653,0.97114956,0.9900836,0.85688883,0.9497176,0.82812965,0.9188401,0.68264294,0.7676091,0.056467444,0.08195335,0.0063670576,0.008860171
378,625.14233,634.34656,606.14813,647.593,577.27747,689.0582,559.6754,726.6117,466.63458,621.7911,359.27112,671.0172,586.4859,650.3561,544.4617,595.6957,498.04666,351.4124,334.23633,341.0293,335.1198,351.35095,409.08624,414.97968,488.912,466.57904,514.3116,500.30072,567.027,565.67865,576.46484,583.73206,574.23694,595.0116,0.9825026,0.95087445,0.96390647,0.6540284,0.7816688,0.97077084,0.98996675,0.8556416,0.9492991,0.82717633,0.91836953,0.6792214,0.76501465,0.055955797,0.0812383,0.006335348,0.008817822
379,625.1801,634.4194,606.16034,647.59143,577.2433,689.01355,559.6135,726.6759,467.14505,622.2295,359.64233,670.9795,586.4479,650.8849,545.78125,594.96,498.83203,351.35364,334.17432,340.9306,335.20044,351.32343,409.2005,415.06934,488.8299,466.74652,514.191,500.35974,567.73865,566.41864,577.4441,584.68945,574.7559,595.50134,0.98222804,0.9498763,0.9633354,0.6514677,0.78164625,0.97102296,0.9900224,0.8562944,0.9494461,0.82669103,0.9182147,0.68452156,0.76911914,0.057192266,0.083028495,0.006475836,0.009016067
380,625.02527,634.2829,606.0562,647.4596,577.1885,688.9811,559.4126,726.8816,467.2557,622.2158,359.7528,670.83984,586.2826,650.94165,546.1701,594.33,499.43735,351.2412,334.06055,340.75464,335.06647,351.04443,409.22687,415.03296,488.98938,467.01495,514.1617,500.39044,568.05615,566.7024,577.6898,584.84784,574.8932,595.61237,0.98236567,0.9502975,0.96369696,0.65325284,0.782957,0.9710311,0.9900813,0.8545888,0.94922006,0.8243631,0.91751146,0.6815297,0.7673453,0.056494236,0.08239901,0.006416291,0.008964241
381,624.9372,634.2842,605.99585,647.5581,577.1794,688.99646,559.37494,727.06964,467.17212,623.14716,359.8375,671.0197,586.46606,651.42053,546.9062,595.74164,500.97858,351.2896,334.12933,340.73718,335.2207,351.00378,409.3927,415.11432,489.03094,467.25946,513.7606,500.45605,568.27997,566.92633,578.64233,585.6324,575.91223,596.35486,0.982411,0.9504718,0.96351767,0.65441275,0.78166837,0.9714116,0.99010396,0.8569388,0.94935954,0.82718104,0.91810477,0.6861935,0.7699965,0.05743754,0.08332676,0.006469369,0.009008825
382,625.098,634.42004,606.1239,647.61633,577.23486,688.96277,559.5188,727.2151,467.20636,623.50385,359.84668,670.97186,586.52856,651.3164,546.85315,596.8955,501.4665,351.2683,334.13287,340.7776,335.27728,351.15344,409.4737,415.09357,489.16895,466.93585,513.7252,500.52148,568.1013,566.7373,578.7947,585.8609,576.0531,596.7573,0.9823314,0.9500077,0.96347344,0.65138847,0.7817005,0.97099006,0.9900687,0.8560526,0.9497484,0.8272879,0.91891056,0.683272,0.76848894,0.056263,0.08202398,0.0062983036,0.008796632
383,625.12366,634.53723,606.1828,648.0162,577.4507,689.5179,559.6404,727.647,467.0752,623.707,360.22363,671.5336,586.86194,651.21747,546.3491,596.98474,501.4922,351.30835,334.1897,340.80603,335.40656,351.22333,409.57642,415.2859,488.89294,466.91528,513.73535,500.35486,567.25195,565.88745,577.0853,584.17456,575.3385,595.95184,0.982409,0.9508274,0.96344376,0.655922,0.77962744,0.97081673,0.989979,0.85433906,0.9487764,0.82551956,0.9175318,0.6814079,0.76685464,0.057153314,0.08313361,0.0064884126,0.009054124
384,624.9497,634.2828,606.053,647.5418,577.3345,688.9204,559.6846,727.15234,467.41638,623.421,360.62476,671.36804,587.07684,650.87463,546.48114,596.7886,501.1635,351.1659,334.15234,340.71777,335.4743,351.18713,409.40503,414.93323,488.8935,466.57288,513.9615,500.1772,566.69977,565.26624,576.27,583.2571,574.5251,595.04553,0.9823187,0.95039034,0.96333754,0.6542998,0.7804747,0.9708978,0.9900334,0.8550451,0.94927156,0.8258537,0.9180387,0.6826938,0.76812315,0.057531565,0.083726645,0.0065452754,0.009136289
385,624.8661,634.1919,606.0335,647.4187,577.401,688.9224,559.6039,727.2019,467.22537,623.5889,360.56735,671.6174,587.2814,650.997,546.55927,596.99725,501.4467,350.96368,333.98798,340.5074,335.42053,351.037,409.41327,414.95544,488.92902,466.787,513.8035,500.22357,566.8429,565.42365,575.9094,582.86456,574.6979,595.1488,0.98221266,0.95014745,0.96307325,0.6540928,0.7796398,0.9707566,0.99002016,0.8540721,0.94911647,0.82472205,0.9177209,0.6821378,0.76806855,0.057851583,0.08433369,0.006614685,0.009248346
386,624.7627,634.0823,605.94696,647.3499,577.4022,688.8363,559.80743,727.0421,467.6546,623.6327,361.29807,671.74255,587.5409,650.7891,546.3174,597.3252,501.32306,350.90985,333.94434,340.44092,335.3697,350.95007,409.28735,414.69708,488.9112,466.5304,513.6088,499.8853,566.49365,565.00415,575.5733,582.41235,574.28015,594.58545,0.9821989,0.9503771,0.9628711,0.65552056,0.77795976,0.97069395,0.98987865,0.8544771,0.9485013,0.825328,0.9171163,0.68000376,0.76532006,0.057277292,0.0830732,0.0065427423,0.009113163
387,625.01355,634.194,606.1226,647.03235,577.2776,688.3344,559.9415,726.84265,468.14954,624.41235,361.5171,671.8517,588.0802,651.20264,547.5691,597.56415,502.23886,350.85614,333.86316,340.43323,335.20386,350.93982,408.91382,414.47644,488.75842,466.57068,513.683,500.10394,566.05383,564.69867,575.13715,582.0835,573.15955,593.47766,0.9820631,0.9494547,0.96293443,0.6496907,0.78080356,0.97053516,0.98980975,0.8542102,0.9484821,0.8246991,0.9170856,0.6753204,0.76131505,0.055592388,0.080691814,0.0063346326,0.008815259
388,625.02734,634.2258,606.1556,647.0301,577.20294,688.3534,559.7445,726.71985,468.21143,624.8314,361.34714,672.22296,588.31396,651.3778,547.29663,597.732,502.80203,350.8092,333.77063,340.3166,334.865,350.53455,408.5821,414.24707,488.54553,466.71173,513.3437,500.1034,566.43555,565.1367,575.8926,582.8649,573.8229,594.1399,0.9820632,0.94923913,0.9630559,0.64737576,0.7819716,0.97053164,0.98976576,0.85463005,0.9484014,0.8253215,0.9171256,0.67313385,0.75903845,0.05451271,0.07897127,0.0061682165,0.008565277
389,625.02655,634.25464,606.19196,646.9718,577.1814,688.016,559.76685,726.45557,468.30685,624.52893,361.74054,671.9154,588.2527,651.07227,547.6828,598.47125,503.80417,350.6817,333.6933,340.1667,334.85956,350.3678,408.63605,414.1853,488.51447,466.65222,513.21063,500.09216,567.269,565.9389,576.7728,583.62634,574.7009,594.8518,0.98191404,0.9486867,0.96265054,0.6450074,0.78036875,0.97030246,0.9896393,0.8550248,0.9482676,0.8266409,0.9174712,0.67074114,0.7565364,0.053399533,0.07724905,0.005994588,0.008311421
390,624.6709,633.9597,605.8499,647.0769,577.2618,688.4064,560.04224,726.64136,468.9672,625.4641,362.28363,672.7483,589.0774,651.40814,548.56165,597.6941,505.18616,350.54236,333.4038,339.9182,334.44257,350.05145,408.1944,413.97913,487.83362,466.448,512.76404,499.95917,566.83484,565.6415,575.5814,582.7295,572.6288,593.0987,0.9815302,0.9484099,0.96136856,0.64813423,0.77399564,0.96989423,0.9893422,0.853057,0.94642544,0.82395256,0.91482395,0.66557235,0.7511878,0.052772045,0.07600778,0.0059875846,0.0082812905
391,624.70526,634.00464,605.90063,647.1945,577.3462,688.38434,560.1317,726.39044,468.84503,624.76794,361.87094,672.4513,588.7479,651.0412,547.38385,597.48254,503.29065,350.40363,333.33344,339.83246,334.40326,349.9823,408.31177,413.94623,488.15656,466.41547,512.58606,499.80127,567.1134,565.82166,575.7638,582.9022,572.6991,593.36035,0.9817203,0.94882786,0.9619318,0.64853466,0.7758126,0.9698254,0.989422,0.85294175,0.94708014,0.8243309,0.9156679,0.6636677,0.75053513,0.051808864,0.074941516,0.0058505833,0.008113623
392,624.6316,634.1426,605.69336,647.6779,577.13776,688.35516,560.24805,725.8418,468.84473,624.45374,361.67865,672.33215,588.5643,650.4215,546.3478,598.4254,502.44714,350.40375,333.28894,339.83868,334.5177,350.18256,408.25336,413.7815,488.23456,465.85193,512.7408,499.64844,566.3355,565.03613,573.9125,581.3622,570.87665,592.1301,0.9820735,0.9496772,0.9625275,0.6497102,0.77606606,0.9700047,0.9895936,0.8549624,0.9484093,0.8280618,0.9180773,0.66674376,0.7538453,0.052636474,0.076268435,0.0059422255,0.0082503855
393,624.44934,633.9886,605.50305,647.6061,576.94366,688.3878,560.02466,725.8173,468.7001,624.1885,361.46732,672.3051,588.1981,650.0298,544.5602,599.1087,501.15833,350.37372,333.21405,339.81366,334.39465,350.1756,408.17395,413.8476,488.1939,465.89667,512.3147,499.64856,566.8402,565.5744,573.7421,581.3729,570.9879,592.5225,0.9822735,0.9503308,0.96287555,0.65068746,0.77542794,0.9698802,0.9895143,0.8557504,0.9483916,0.8302067,0.9185838,0.6643947,0.7514625,0.051839203,0.07488626,0.0058304667,0.008074164
394,624.5228,634.07513,605.4931,647.7342,576.9133,688.3601,560.2164,725.64386,468.41806,624.3532,361.47156,672.364,588.37164,649.797,544.429,600.1638,501.385,350.48187,333.2622,339.9331,334.48804,350.44678,408.26556,413.96228,488.3543,465.79553,512.4152,499.65253,566.6567,565.4248,573.44806,581.1566,570.8607,592.4222,0.98231864,0.9504522,0.96304,0.6492652,0.77497184,0.9693151,0.98936975,0.85424805,0.94816744,0.829954,0.9188007,0.65758,0.7462572,0.05016744,0.07266492,0.0056286156,0.0078042746
395,624.5196,634.09705,605.4625,647.78125,576.79913,688.34827,559.97345,725.52313,468.1471,624.117,361.3835,672.2966,588.1781,650.0277,544.5527,599.7402,501.31073,350.51837,333.28442,339.94513,334.44525,350.3672,408.1457,413.81573,488.23816,465.6773,512.4687,499.65582,566.156,564.9333,572.7068,580.42505,569.89496,591.4994,0.9824445,0.95075023,0.96350795,0.6492499,0.7769736,0.9692913,0.98939973,0.85340846,0.9481596,0.8289158,0.9186516,0.65507126,0.74457407,0.04970801,0.07217768,0.005600989,0.007777065
396,624.5225,634.0329,605.5071,647.6579,576.8628,688.34985,559.4387,725.4633,466.97018,623.8904,360.39648,671.7546,587.35516,650.199,544.44794,598.1556,500.2469,350.47266,333.26385,339.95343,334.367,350.34082,407.9154,413.91138,487.9666,466.16534,512.1426,499.35345,565.906,564.8347,572.3082,580.2027,569.0751,590.6842,0.98267305,0.9510175,0.96417475,0.6502632,0.7813715,0.97014654,0.98975706,0.8561561,0.94960177,0.8311051,0.9202976,0.65979886,0.74882865,0.05005601,0.07283732,0.0056046844,0.0077925324
397,624.663,634.17236,605.70807,647.5985,576.93555,688.15784,559.3157,725.2071,466.98596,623.8839,360.771,671.72504,587.34125,650.4618,544.77686,598.8297,500.99838,350.29797,333.18573,339.77258,334.38293,350.1131,407.8565,413.60803,487.80463,465.82007,511.85254,499.04846,565.9048,564.7544,572.2873,579.92725,569.08136,590.404,0.98260367,0.95054704,0.9642112,0.64724106,0.7828342,0.9699852,0.98972356,0.85578406,0.9497274,0.83095574,0.92063546,0.657636,0.74725693,0.049365878,0.07197976,0.0055193007,0.007681012
398,624.69037,634.147,605.65375,647.3987,576.65344,687.9237,559.2061,725.09216,466.97256,623.6367,360.18268,671.92456,587.5371,651.0746,544.8677,600.2123,501.0982,350.29358,333.14325,339.82715,334.2508,350.193,407.7223,413.70898,487.69604,465.84375,511.7035,499.20117,566.2097,565.2079,573.45276,581.3568,570.6486,592.322,0.98275375,0.95042205,0.9647597,0.64368045,0.78581107,0.9700519,0.9898776,0.85666454,0.95084757,0.8324731,0.92231023,0.661793,0.7516531,0.049851686,0.0729897,0.005523175,0.007708341
399,624.901,634.2567,605.8324,647.27234,576.65564,687.73615,559.22284,724.6349,466.97134,622.9014,360.73682,671.8288,587.5612,651.0264,544.9125,600.49884,501.30402,350.06506,332.9237,339.65216,334.05518,350.11426,407.7058,413.69763,487.8416,465.82922,511.78455,499.2058,566.1416,565.16455,573.00256,580.89716,570.2003,591.7864,0.98271906,0.95018685,0.9647001,0.64207894,0.78609395,0.97010773,0.9898256,0.8573816,0.9506727,0.8334005,0.92233896,0.6616377,0.7507831,0.04995066,0.07283667,0.00554204,0.0077082515
400,624.96484,634.2842,605.8518,647.2782,576.65857,687.6322,559.47766,724.518,467.1675,622.9955,360.8622,671.99365,587.88,650.9547,544.3428,600.7229,500.16348,350.1302,332.9679,339.71198,334.0573,350.1729,407.71222,413.60663,487.72955,465.41016,511.5421,499.11804,565.5765,564.5535,572.27075,580.16724,569.0421,590.74225,0.9827697,0.95021063,0.9648701,0.64134115,0.7867956,0.97007775,0.98988616,0.8579352,0.9513194,0.83455646,0.9233389,0.6625831,0.75216377,0.050066143,0.07314426,0.005553007,0.0077342093
401,624.77966,634.1057,605.7409,647.094,576.61676,687.5075,559.3187,724.30237,467.0715,623.2826,360.83612,672.0355,587.8578,651.10046,544.1848,600.8421,500.11432,350.1093,332.9887,339.69275,334.10883,350.12244,407.66003,413.62238,487.5584,465.57446,511.6026,498.97852,565.85645,564.8546,572.5685,580.39014,569.7532,591.1569,0.98278546,0.9503923,0.9649041,0.6418919,0.7868031,0.9700675,0.98978436,0.8578348,0.95073617,0.83407766,0.9225529,0.66109157,0.75010324,0.049782902,0.07246077,0.005526781,0.007675886
402,624.6693,634.09247,605.62146,647.20056,576.4628,687.5846,558.8065,724.491,466.62326,623.11346,360.7463,672.08246,587.5399,651.77905,544.46783,601.2245,500.59082,350.13385,332.98444,339.61902,334.17993,350.02673,407.7517,413.74603,487.42578,465.7791,511.33002,499.2079,565.55865,564.63257,572.32764,580.2744,569.1506,590.80176,0.9827479,0.95048976,0.96483475,0.6424095,0.785913,0.96988845,0.98967636,0.85709107,0.95011693,0.833506,0.9218441,0.65910953,0.7479641,0.049467415,0.07189259,0.005505681,0.007638186
403,624.6449,634.0166,605.6245,646.9791,576.38153,687.44135,558.4611,724.75867,466.0724,623.2866,360.3553,671.7887,587.1443,651.90436,544.41797,601.86816,500.90213,349.93176,332.82214,339.45587,334.047,349.89136,407.815,413.77557,487.6701,465.90442,511.37164,499.34906,565.97064,565.0685,572.80054,580.8053,569.7402,591.58606,0.98281205,0.95031464,0.9651098,0.64065546,0.78760386,0.9698931,0.9898091,0.85707486,0.9509429,0.83395576,0.92300606,0.6594818,0.74935806,0.049191296,0.07192424,0.0054475963,0.007588893
404,624.3722,633.7682,605.47577,646.92694,576.5067,687.26807,558.7459,724.47485,465.77942,623.1898,360.29895,671.66425,587.4642,651.25555,544.57526,601.74786,501.45627,349.92224,332.8858,339.43848,333.99744,349.66022,407.7705,413.47876,487.74335,465.6587,511.48376,499.01514,565.8175,564.7698,572.44147,580.1387,569.93823,591.3613,0.9828124,0.9503597,0.9649819,0.6421019,0.7867832,0.97001064,0.98991615,0.8575944,0.9515872,0.8349942,0.9240204,0.66051644,0.7508997,0.0495975,0.0727424,0.0054884553,0.0076673627
405,624.0649,633.42,605.27045,646.43555,576.36395,686.6966,558.3334,723.9404,465.51324,622.5601,360.18506,670.9378,586.721,651.2285,543.7855,602.78906,500.89185,349.6018,332.74072,339.20972,334.0915,349.58636,407.76837,413.35175,487.34027,465.1352,511.35205,498.84558,565.3893,564.3094,572.26263,579.94,569.9885,591.4646,0.98270464,0.94983697,0.9648466,0.6399707,0.7870779,0.9699603,0.98994017,0.85893077,0.9523282,0.83690023,0.9251956,0.6634337,0.7534131,0.049865365,0.07316142,0.0054893196,0.007668704
406,624.2156,633.67175,605.3982,646.6312,576.3562,686.8336,558.24084,724.44336,465.7406,622.6685,359.97632,671.18567,586.80176,651.2814,543.82965,603.3832,501.37738,349.6053,332.7666,339.14392,334.46484,349.755,408.34924,413.82776,487.51367,465.25598,511.46094,499.03137,565.66394,564.53125,572.0912,579.7536,569.4061,590.9919,0.98289025,0.9503441,0.96538234,0.63980967,0.7881367,0.9693887,0.9898871,0.85577464,0.95198804,0.83446246,0.92484224,0.6559281,0.7486107,0.048357397,0.071483254,0.0053480566,0.0075090826
407,624.0928,633.51764,605.1935,646.54474,576.09955,686.9151,557.615,724.65356,464.58945,622.99335,359.03436,670.5854,585.8089,651.1853,543.0586,602.747,500.56854,349.45276,332.56238,339.07404,334.2555,349.8548,408.38116,414.25543,487.3532,465.5315,511.41516,498.72534,565.44183,564.5207,571.30786,579.4259,568.5528,590.5389,0.9829999,0.95080864,0.96557945,0.6419393,0.78863543,0.9697685,0.9898468,0.85746604,0.9515369,0.8360927,0.9244378,0.65530944,0.74632895,0.048057407,0.07045257,0.005303502,0.007395655
408,623.6395,632.95746,604.82556,645.93726,575.8649,686.3236,557.3891,724.1203,463.72202,622.6435,358.52997,670.0374,585.51587,649.89014,541.62494,602.99493,499.70248,349.13727,332.33032,338.87964,333.9229,349.6435,408.16205,414.1538,487.46637,465.53247,511.61755,498.0813,566.3053,565.4164,571.91907,580.16205,569.9007,591.845,0.98285866,0.95015764,0.965129,0.6401599,0.7870271,0.9699325,0.9899348,0.8602619,0.952675,0.84002256,0.92646515,0.65936446,0.7496673,0.048351556,0.07077274,0.0052714646,0.0073415935
409,623.42163,632.81934,604.6039,645.9632,575.6677,686.16724,557.4226,724.40875,463.81775,622.79913,358.11456,670.1295,585.8557,650.22546,542.5795,603.2324,500.74506,349.57257,332.61115,339.1305,333.875,349.49896,408.0409,414.06097,487.6416,465.8568,511.9386,498.15564,566.18243,565.3151,572.40826,580.65674,570.07385,592.05817,0.9830259,0.9506829,0.96549666,0.64100206,0.7871611,0.96982145,0.9899123,0.8595539,0.95253265,0.8398974,0.9265495,0.65533775,0.7465114,0.047381222,0.0695402,0.0051470995,0.0071823597
410,623.2735,632.66455,604.4413,645.71857,575.52826,685.72955,557.58984,724.046,464.06125,622.6466,358.3006,670.118,586.36926,649.8702,543.8398,603.296,502.25726,349.25043,332.35333,338.8376,333.82233,349.37854,408.03418,413.85004,487.8205,465.63318,511.7403,497.99872,565.6477,564.7391,571.37195,579.53937,569.15295,591.13086,0.9829229,0.950169,0.9651756,0.6397849,0.78687537,0.969975,0.9900073,0.8599796,0.9529405,0.8403079,0.9271089,0.65677416,0.74809986,0.048028946,0.070605606,0.0052285492,0.0073064566
411,623.22394,632.5444,604.49615,645.572,575.7218,685.6307,557.6595,723.72705,464.04126,621.8998,358.00684,669.8686,585.91254,650.1266,541.99884,604.1686,499.47342,349.1046,332.29456,338.79352,333.77515,349.35986,407.92877,413.69495,487.7401,465.2978,511.9319,498.0686,565.98157,565.0219,571.66736,579.92596,569.77795,591.9998,0.98302555,0.9503629,0.9655204,0.6393063,0.7879511,0.9699742,0.9900448,0.8617524,0.9538513,0.84273124,0.92848253,0.6597138,0.7508025,0.04810822,0.070760906,0.005207151,0.0072781444
412,623.2167,632.55475,604.4494,645.5234,575.55493,685.50476,557.7062,723.8773,464.01447,621.6227,357.6468,670.1621,586.45825,649.5022,542.0401,603.48553,499.5307,349.2511,332.37683,338.81024,333.75116,349.20532,407.85132,413.4961,487.96802,465.3557,511.9453,497.9699,564.9507,563.8846,570.30066,578.3373,568.44525,590.4477,0.98302764,0.95043576,0.9654612,0.6399219,0.78754604,0.9700235,0.990052,0.8616749,0.95368475,0.84278506,0.9283259,0.65780085,0.74914837,0.04818037,0.07074466,0.005235344,0.0073097646
413,623.30054,632.56494,604.5912,645.2777,575.6173,685.1886,557.72174,723.71045,463.94778,621.6117,357.7249,670.0067,586.6122,649.6191,543.36066,604.36346,501.503,349.0647,332.33893,338.75854,333.8593,349.2782,407.7448,413.42615,487.7292,465.20752,512.17346,497.88678,564.859,563.84924,570.56067,578.55066,569.041,590.8053,0.9828548,0.94948053,0.9652338,0.6358347,0.7886464,0.9699538,0.9901195,0.8617958,0.9543208,0.84303665,0.92927206,0.6589065,0.7507999,0.04821101,0.07111406,0.0052161217,0.007304698
414,623.2768,632.5684,604.62463,645.1823,575.5818,684.86865,557.71985,723.494,464.23584,621.437,357.77728,670.17505,587.0211,649.5747,543.59814,604.36487,501.774,349.03625,332.3734,338.6601,333.9626,349.08148,407.76917,413.34314,487.41248,465.07336,512.0662,497.9428,564.1626,563.09985,569.45825,577.2973,567.578,589.1703,0.98278815,0.94926804,0.9651072,0.6350318,0.7885338,0.96991,0.99009275,0.86180246,0.9542177,0.84312963,0.9292172,0.6585842,0.7503967,0.0485301,0.07148999,0.0052826405,0.0073911846
415,622.958,632.3987,604.35706,645.37317,575.5584,685.025,557.6636,723.48755,464.21133,621.0628,357.66046,670.3174,587.18506,649.97766,544.9563,604.6736,503.97537,349.102,332.45142,338.6477,334.05237,348.94836,407.8506,413.2256,487.47058,464.98853,512.0901,498.0744,564.0564,562.95245,570.7552,578.5157,568.99817,590.6432,0.98284614,0.9499836,0.96499306,0.6398452,0.78662217,0.9699845,0.990021,0.860971,0.9532871,0.8416861,0.92780054,0.6590478,0.7499858,0.048859686,0.0717769,0.005313337,0.007425934
416,623.0064,632.456,604.3908,645.5577,575.7281,685.3407,557.77686,723.7716,464.1215,620.7887,357.72964,670.3076,587.04126,650.0394,544.92365,604.67725,503.75067,349.19513,332.4817,338.70886,334.18353,349.1626,408.09552,413.48688,487.71497,465.13733,511.99078,498.01178,563.67957,562.57806,570.4497,578.2738,568.21454,589.99927,0.9828552,0.95039487,0.96468115,0.643631,0.78390926,0.9701087,0.98996866,0.86172545,0.95285475,0.8425939,0.9274055,0.6591188,0.74911296,0.04881054,0.0713875,0.005295664,0.007381171
417,623.0895,632.5205,604.434,645.54,575.6345,685.3211,557.73846,723.74005,463.9286,621.1103,357.79846,670.84607,587.5377,650.65076,545.04517,605.84155,504.1785,349.265,332.4859,338.74683,334.13202,349.19684,408.25586,413.89832,487.42554,465.30505,511.9748,498.06616,564.4093,563.4503,571.576,579.53015,569.99664,591.7009,0.9830553,0.9507686,0.9651681,0.64254117,0.7854753,0.97015244,0.9900061,0.8619245,0.95306706,0.8433137,0.92797303,0.6610502,0.7508384,0.04920453,0.071979135,0.005319029,0.007415533
418,623.04346,632.4895,604.3904,645.49115,575.53485,685.26276,557.4548,723.4876,463.7296,621.2839,358.0117,670.88556,587.5537,651.06036,545.8528,605.74615,505.51233,349.2251,332.43988,338.65344,334.08844,349.036,408.47797,413.9447,487.79156,465.49652,511.75598,497.79974,564.2992,563.3273,572.06165,579.89014,570.446,592.0531,0.98308074,0.95095724,0.9653764,0.64305043,0.78683305,0.9700177,0.9899271,0.8595011,0.9520987,0.840192,0.92646843,0.65770197,0.7479875,0.048978418,0.07169694,0.005328417,0.007431209
419,622.9287,632.3504,604.299,645.37775,575.47546,685.2446,557.4352,723.37286,463.67087,621.5488,357.98212,671.2449,587.9617,651.5519,546.6429,606.61206,507.10748,349.19263,332.44635,338.66113,333.9983,348.95972,408.29877,413.84766,487.49292,465.41003,511.63953,497.6714,564.78375,563.88245,573.3188,581.13135,571.6208,593.01306,0.9829647,0.9507011,0.96512294,0.64191276,0.7859375,0.96985936,0.9897993,0.85928714,0.95158434,0.83986866,0.9259044,0.65713054,0.746785,0.048655182,0.07102749,0.0052755475,0.007342547
420,623.10065,632.4141,604.29456,645.04785,575.1016,685.036,557.0935,723.67883,464.31668,621.6627,358.2461,670.6643,587.1315,651.86053,546.9493,606.8552,507.2833,349.0465,332.22168,338.60474,333.73645,349.05823,407.9016,413.36444,488.13837,465.19977,511.46448,497.34985,565.6704,564.8069,574.15564,582.24146,571.655,593.7517,0.98270833,0.94927704,0.9649242,0.6340116,0.78746605,0.9696741,0.9897232,0.8601426,0.9519961,0.8409394,0.92662156,0.6550038,0.7447443,0.047122747,0.06886244,0.00505358,0.007026762
421,623.0481,632.37213,604.20795,645.1032,575.0489,685.1315,557.1773,723.2807,464.03247,621.4712,358.16687,670.8971,587.2727,651.47504,546.03595,606.92834,506.44394,349.14606,332.2375,338.71484,333.68652,349.2124,407.7787,413.44568,488.0957,465.29175,511.54614,497.2854,565.4171,564.6105,573.2368,581.4062,571.346,593.34753,0.98278815,0.9495226,0.9650903,0.6339439,0.7873665,0.96953666,0.9897233,0.85993445,0.9521897,0.841439,0.9271536,0.6541629,0.74454385,0.047331423,0.0692364,0.0050973,0.0070926845
422,623.0132,632.27747,604.22705,644.8843,575.118,684.667,557.2842,722.5042,463.74066,620.6386,357.79102,670.26465,586.8718,651.2466,545.3041,607.3347,504.8385,349.1151,332.32428,338.81238,333.95496,349.5088,407.94055,413.70227,488.07166,465.41162,511.7453,497.12524,565.3976,564.60254,572.717,580.8748,571.29565,593.0709,0.98283195,0.949215,0.96531904,0.6316366,0.78938353,0.96978915,0.989905,0.8622167,0.95361793,0.8443988,0.92929244,0.65943724,0.7495757,0.048249185,0.07073036,0.005178809,0.007216245
423,622.9738,632.19446,604.1438,644.78107,574.96326,684.60895,557.287,722.54224,463.99188,620.3155,358.02594,670.2891,587.00256,651.2237,545.61334,607.3213,505.5715,349.2829,332.35608,338.91864,333.7032,349.4262,407.88538,413.7467,488.23474,465.51306,511.7262,497.1236,566.0487,565.31274,574.4085,582.70197,572.7798,594.7899,0.98272336,0.9488417,0.965102,0.6298127,0.7882429,0.9695374,0.9898052,0.8616077,0.9533122,0.8442654,0.9291101,0.65790427,0.7481353,0.04758972,0.069767326,0.0050702393,0.007063389
424,622.9513,632.1726,604.13104,644.6758,574.8087,684.5959,556.60736,722.83905,463.29315,620.2236,357.5894,670.17664,586.4501,652.34106,545.8963,608.8423,506.47998,349.11945,332.21228,338.76422,333.62305,349.31555,408.09082,414.1053,488.5113,466.05737,511.6114,496.98187,566.71545,566.1411,575.2921,583.869,573.5084,595.95386,0.98278654,0.9484887,0.96543044,0.62687784,0.79046017,0.96955717,0.9900178,0.86162007,0.95447814,0.84501076,0.9308109,0.6608242,0.75216895,0.04775271,0.07065618,0.00505358,0.007087469
425,622.8155,632.0608,604.04285,644.6466,574.8369,684.6394,556.6965,722.6583,463.7092,620.17523,357.9373,670.40533,586.71326,652.44336,546.1498,609.1661,507.50766,349.21692,332.30267,338.82202,333.65662,349.2749,408.05408,413.98492,488.47266,465.9674,511.33728,496.9884,566.5836,565.9745,575.44293,583.9131,573.35144,595.71826,0.9826332,0.9483541,0.964862,0.62835765,0.78777635,0.9695831,0.98988646,0.8622191,0.9538175,0.8454393,0.930037,0.66083187,0.75089765,0.04776144,0.07023513,0.0050483644,0.0070510805
426,622.769,632.05646,604.0077,644.7417,574.8884,684.63495,556.98004,722.46484,463.84796,620.0803,357.52963,670.4421,587.01807,651.86145,546.42145,609.0681,508.44577,349.3731,332.4217,338.9447,333.64746,349.26825,407.90076,413.78503,488.45807,465.80322,511.52686,497.10693,566.50793,565.8468,576.01416,584.3858,573.895,596.12573,0.9827352,0.948713,0.9649002,0.6301281,0.78725237,0.9697991,0.9899315,0.86319184,0.9539504,0.8465003,0.9302827,0.6616144,0.75126576,0.047697484,0.07002577,0.005010098,0.0069904625
427,622.70667,632.0949,603.90576,644.9916,574.8483,684.6465,557.14844,722.2656,464.15225,620.0512,357.9771,670.22437,586.7555,651.3585,545.3661,609.20276,507.0776,349.48755,332.5174,339.05176,333.79468,349.43085,407.956,413.7859,488.4818,465.60883,511.56848,496.80347,566.5473,565.8369,575.5612,584.0015,573.42194,595.7757,0.98278713,0.9489959,0.96491283,0.6308833,0.78595006,0.9696283,0.9898952,0.8632574,0.9540641,0.847195,0.9306385,0.66172034,0.751539,0.047775924,0.07014999,0.0050257146,0.007012874
428,622.6524,631.95056,603.8729,644.77295,574.8925,684.665,557.40454,722.2419,464.64175,619.93933,358.17856,670.60254,587.2831,651.7667,546.0397,609.31305,507.65665,349.41907,332.4765,339.03632,333.71033,349.41272,407.784,413.51318,488.50757,465.32538,511.41254,496.59003,566.2799,565.51636,575.3495,583.6502,573.0409,595.2789,0.98239577,0.94783264,0.9641535,0.6279082,0.7843264,0.96922517,0.9898027,0.8619815,0.9539119,0.84562314,0.9302809,0.6606062,0.7511723,0.047705114,0.07025677,0.005035728,0.007044196
429,622.64856,631.9906,603.81995,644.8277,574.78784,684.71814,557.191,722.3574,464.48853,619.964,358.36877,670.45026,586.99866,651.34686,545.9535,609.0716,508.0752,349.43896,332.45642,339.0235,333.75464,349.47955,407.82605,413.55554,488.544,465.26166,511.44037,496.5141,566.2671,565.5204,575.39343,583.78107,573.1384,595.5086,0.982466,0.94820297,0.9641757,0.6296411,0.7836068,0.969329,0.9897654,0.86221683,0.95352066,0.8458679,0.92985356,0.66032654,0.75023746,0.047689974,0.06998423,0.00503096,0.007018596
430,622.5872,631.887,603.75336,644.60913,574.5412,684.6848,556.70557,722.7176,463.90576,619.8518,357.64542,670.70435,587.03076,651.6875,545.8629,608.713,507.8325,349.4499,332.4605,339.02686,333.69897,349.42456,407.76978,413.83978,488.36682,465.84607,511.35028,496.5431,566.0211,565.4169,573.7495,582.2954,571.64233,594.0366,0.9822887,0.94767404,0.9639461,0.62746936,0.78334725,0.9691197,0.98969334,0.861295,0.9531026,0.84495956,0.9293673,0.65825486,0.7484633,0.047999114,0.07036829,0.0051261485,0.0071454346
431,622.6044,631.8831,603.69403,644.6424,574.44904,684.69366,556.8744,722.72864,463.69495,620.2675,357.7131,670.9469,587.50903,651.50226,546.4341,608.8383,508.72913,349.50757,332.4151,339.03174,333.52228,349.3794,407.78375,413.82666,488.56696,465.8122,511.42096,496.3866,565.8768,565.28076,574.2924,582.7838,572.06665,594.2952,0.9823969,0.9480542,0.9641167,0.6281085,0.783186,0.969007,0.98964155,0.8603586,0.9526976,0.84430254,0.92901695,0.65519357,0.74584854,0.04737267,0.06944704,0.0050460994,0.0070331395
432,622.5731,631.925,603.60425,644.8228,574.3734,684.8354,557.04944,722.6684,463.63873,620.2023,357.85138,671.3242,588.0426,651.1886,547.10187,608.9117,510.1976,349.59235,332.48315,339.0913,333.63843,349.49585,408.03143,414.0003,488.625,465.67725,511.5069,496.26245,566.1465,565.51306,574.4926,582.86304,572.58307,594.55707,0.98257303,0.9487283,0.9643961,0.63032687,0.7832272,0.96892166,0.9896432,0.8589369,0.952338,0.843076,0.928596,0.65197504,0.74358845,0.046953082,0.06896576,0.0050106943,0.006995082
433,622.60034,631.96893,603.56915,644.853,574.19867,684.97424,556.62134,723.063,463.1691,620.25854,357.79114,671.4322,587.81024,651.3502,547.0963,609.21655,510.3442,349.50482,332.42688,339.05347,333.68475,349.59192,407.96484,414.0354,488.6195,465.71094,511.42957,496.14685,565.62427,565.0897,574.0372,582.6558,572.7014,595.04614,0.98254144,0.9488516,0.9642032,0.6316965,0.7822069,0.96915305,0.9896028,0.85993373,0.9518934,0.8436339,0.9280193,0.6554547,0.7452831,0.048038334,0.070087135,0.0051347613,0.007134974
434,622.5441,631.8985,603.5369,644.9086,574.4136,685.04193,557.19183,722.7676,463.67194,619.99414,357.75964,671.7706,588.5077,651.663,548.2072,608.9751,510.98874,349.5539,332.50592,339.13538,333.83313,349.75165,407.9879,413.94293,488.42145,465.35242,511.3703,496.34735,565.05115,564.45593,573.73663,582.2075,572.03906,594.1851,0.98238444,0.9487133,0.96377516,0.6328061,0.7805754,0.969049,0.9894798,0.85955006,0.9512719,0.8427193,0.9270662,0.6542702,0.7436839,0.04798916,0.06982902,0.0051472783,0.007141292
435,622.6951,632.1363,603.6146,645.09045,574.263,685.1593,557.0413,723.32556,463.78137,620.4862,357.3136,671.9778,588.50745,651.70074,547.61066,609.271,510.51755,349.79614,332.6399,339.22504,334.00983,349.82678,408.37903,414.34558,488.4237,465.49188,511.2834,496.54352,565.3013,564.68494,573.8479,582.31836,572.20496,594.4459,0.98246473,0.9489813,0.9640064,0.6320544,0.78048575,0.9686906,0.9893477,0.8580594,0.950618,0.84178275,0.9264126,0.6505191,0.74048984,0.04741308,0.0689452,0.005097002,0.0070661604
436,622.97565,632.313,603.88824,645.18164,574.53345,685.2222,557.41565,723.2182,464.0329,620.56195,357.4883,671.8427,588.56885,651.4354,547.3699,608.8674,510.19708,349.9131,332.69434,339.39978,333.84882,349.9328,408.3111,414.42566,488.37726,465.3946,511.29175,496.4898,565.621,565.07544,573.7982,582.4838,571.7538,594.26117,0.9825153,0.94893515,0.9641119,0.631513,0.7812025,0.968881,0.9894104,0.85928154,0.9510589,0.843287,0.9271288,0.6509621,0.74074346,0.047176093,0.06856179,0.005053371,0.0069993436
437,622.8555,632.2479,603.8002,645.2259,574.50903,685.164,557.2119,723.0387,463.74664,620.57007,357.49362,671.682,588.27966,651.4575,546.9824,608.8009,509.63675,349.92053,332.7296,339.38196,333.922,349.87427,408.34302,414.39246,488.4331,465.49036,511.30945,496.43048,565.4233,564.86536,573.6053,582.2904,571.2963,593.8306,0.98265946,0.94938916,0.9643825,0.6335007,0.78207076,0.96918225,0.9895165,0.8602843,0.9514386,0.8441615,0.92756605,0.65312976,0.74252605,0.047478586,0.06898558,0.0050802827,0.007036507
438,622.81024,632.2626,603.78467,645.4195,574.734,685.252,557.74115,723.0293,464.4683,620.35675,357.38608,671.27563,588.038,650.7571,546.47107,608.31555,508.43484,349.78766,332.61334,339.2591,333.87518,349.8051,408.16553,414.02917,488.69666,465.37854,511.51123,496.7257,565.44183,564.71735,574.0459,582.5876,571.3091,593.8729,0.9827649,0.9497289,0.9643932,0.6362087,0.7812018,0.96940595,0.98968863,0.8612956,0.9523349,0.84502625,0.92842686,0.6567248,0.7464596,0.04777485,0.069713175,0.005083084,0.007066965
439,622.75977,632.24207,603.74854,645.4734,574.7528,685.4589,557.7683,723.09326,464.6449,620.4008,357.22577,671.5374,588.23285,650.90735,546.79114,608.9464,510.0591,349.81348,332.6056,339.26923,333.79797,349.7677,408.14734,414.00507,488.6891,465.2318,511.3401,496.66956,565.67053,564.9529,574.0082,582.5687,571.3531,594.00977,0.98252463,0.9490397,0.96372837,0.6345627,0.77860093,0.96923363,0.98960173,0.8614968,0.95218337,0.84577453,0.9285361,0.656132,0.7456457,0.0476681,0.06946483,0.005060971,0.007029921
440,623.02356,632.5418,603.9929,645.72876,574.79846,685.51685,557.4845,723.014,464.02222,620.0537,356.87625,671.2445,587.6698,650.7233,545.8706,608.45013,508.6614,349.917,332.6704,339.33002,333.76105,349.6966,408.2577,414.17114,488.73895,465.41547,511.5359,496.83783,566.47156,565.7811,575.06995,583.74146,572.8528,595.6924,0.9828404,0.9495766,0.9646039,0.63406444,0.78213954,0.9695742,0.9898236,0.8623823,0.95315856,0.8468684,0.92976713,0.660225,0.7499133,0.048238456,0.07054865,0.00509727,0.007096857
441,622.915,632.3411,603.9246,645.49207,574.75305,685.3898,557.6045,722.71387,464.48215,620.1299,357.5479,671.0509,587.65405,651.0021,546.49774,608.9013,510.0116,349.8766,332.71332,339.44946,333.5744,349.66528,407.88342,413.73682,488.5407,464.89734,511.57794,496.443,566.95715,566.2627,575.74854,584.3491,573.91614,596.5703,0.9825732,0.94884765,0.96425927,0.63070905,0.7816838,0.9691337,0.9895519,0.8612507,0.95224327,0.84556127,0.92867744,0.6563962,0.7457594,0.047524124,0.06928706,0.005034983,0.006988436
442,623.01447,632.3219,603.9665,645.3328,574.6542,685.39185,557.4575,722.49945,463.93857,620.198,357.36218,671.14264,587.6709,650.94354,546.22296,608.00073,509.26352,349.93652,332.7071,339.54797,333.33313,349.66333,407.49634,413.5437,488.5464,465.05157,511.789,496.30127,566.3684,565.74866,574.9154,583.5243,573.04486,595.46326,0.9826611,0.9491143,0.96468,0.6304338,0.7840111,0.96911,0.9894749,0.8605014,0.9516772,0.844231,0.9278163,0.6508762,0.74066246,0.046431065,0.0675447,0.0049393177,0.006838858
443,623.0255,632.346,604.0106,645.3025,574.67804,685.2603,557.5353,722.3384,464.1396,620.2069,357.38644,671.04974,587.7308,650.8183,546.4427,607.85535,509.49326,349.90668,332.7129,339.50146,333.38873,349.5929,407.5113,413.4649,488.45172,464.9823,511.63672,496.2621,566.2363,565.5575,574.53705,582.96075,572.83746,594.9958,0.98248875,0.9487449,0.9642755,0.6296026,0.7825575,0.96897763,0.9893195,0.86023927,0.95096403,0.8438076,0.92697406,0.64998716,0.7390016,0.04666087,0.067573726,0.004989475,0.006885618
444,623.08826,632.4144,604.08606,645.4007,574.8719,685.3085,557.82227,721.9508,464.0031,620.24536,357.28745,671.3099,588.21027,650.372,546.8366,607.5841,510.10443,349.84338,332.68488,339.4745,333.47882,349.6996,407.63477,413.59558,488.7102,465.2503,511.5298,496.1706,566.40753,565.72833,574.8555,583.21765,573.4275,595.39795,0.98250884,0.9487343,0.96433157,0.62980473,0.7832079,0.9688927,0.9894163,0.8589785,0.95124525,0.8424084,0.927124,0.64852977,0.7390552,0.04638487,0.0675644,0.004958093,0.006872475
445,623.05225,632.43445,604.0387,645.51935,574.79895,685.43994,557.569,722.2068,463.76328,620.6992,357.08945,671.3696,588.07886,650.803,547.1052,607.3089,510.3439,349.86395,332.70825,339.44543,333.50342,349.6018,407.78662,413.69183,488.60986,465.28638,511.38818,496.25525,566.38617,565.7111,574.9569,583.3044,572.97943,595.0023,0.98266876,0.9494306,0.9647232,0.6324177,0.78426623,0.9688864,0.9893751,0.8575972,0.9505304,0.8403994,0.925912,0.6449311,0.73580873,0.045635313,0.066473186,0.0048939884,0.006783098
446,623.1303,632.48096,604.1592,645.47534,574.8747,685.5638,557.4669,722.5345,463.79413,620.5789,356.9976,671.4024,587.9118,651.0527,546.5949,607.5483,509.94183,349.85632,332.68585,339.40802,333.41962,349.4828,407.75153,413.66394,488.44897,465.13403,511.49194,496.18823,566.5548,565.85443,574.9073,583.2245,573.4998,595.5032,0.9825288,0.9491752,0.9644983,0.63120687,0.78305984,0.9685719,0.9891898,0.85693514,0.94984376,0.8399662,0.925203,0.64370173,0.73411983,0.045771122,0.06645095,0.0049319565,0.006818682
447,623.2309,632.59064,604.23035,645.634,574.95844,685.73553,557.5394,722.8129,463.74475,620.44684,356.96826,671.57434,587.98865,651.3391,546.61475,607.4734,509.33987,349.9665,332.7649,339.49524,333.50958,349.58673,407.76233,413.60913,488.52295,464.98444,511.63306,496.32324,565.95605,565.2331,573.9026,582.2815,572.0004,594.24365,0.98258305,0.9491174,0.96471703,0.63066316,0.78419983,0.9685551,0.9893881,0.8567678,0.95097125,0.84018147,0.92656565,0.64483154,0.7368993,0.045927882,0.06724915,0.0049565434,0.006896913
448,623.50073,632.7948,604.5274,645.73193,575.2201,685.9425,557.63574,722.7868,463.14618,620.2032,356.63947,671.80444,588.06616,651.2257,545.8015,607.88165,508.26038,349.7287,332.59076,339.34467,333.48077,349.6306,407.9284,413.8629,488.49957,465.06055,511.51147,496.2367,566.9321,566.22253,574.73425,583.0902,573.80695,595.82025,0.98248804,0.9488402,0.9645894,0.6284608,0.7836858,0.9682287,0.98921436,0.8566128,0.9505679,0.8406241,0.9263954,0.6427083,0.73453283,0.045427084,0.066281885,0.0048868656,0.0067795813
449,623.5287,632.8603,604.5731,645.8245,575.2864,686.0425,557.5968,723.0228,463.10635,620.29346,356.61646,671.87714,588.06256,651.37805,545.7581,608.2324,508.31885,349.74304,332.60626,339.3277,333.6007,349.67017,408.03558,413.98462,488.55505,465.27185,511.5598,496.54974,566.30054,565.59375,574.19977,582.554,573.4206,595.47235,0.98252285,0.9489132,0.96466845,0.6287966,0.7840868,0.96820223,0.98924536,0.85644335,0.9506959,0.8406948,0.9265777,0.6413439,0.73366874,0.04513198,0.06594753,0.004846275,0.006730199
450,623.2854,632.5592,604.46765,645.38403,575.3294,685.923,557.5165,723.6384,462.50336,620.5041,354.8225,672.0016,588.5332,650.61456,546.4914,607.586,509.76422,349.29755,332.42706,338.98077,333.698,349.45898,408.2657,414.04584,488.39246,465.12695,511.78864,496.8819,566.17694,565.3312,574.8526,582.885,574.72986,596.4013,0.9828719,0.95008427,0.965158,0.6357482,0.7860539,0.9690732,0.98957217,0.85749334,0.951077,0.8400581,0.92619437,0.6455743,0.73746586,0.045895785,0.06705207,0.0049055815,0.0068196356
451,623.29767,632.576,604.4706,645.30676,575.21924,685.82,557.36597,723.76385,462.3841,621.1324,355.0434,672.0007,588.44055,651.01447,546.3237,609.1095,510.01492,349.08923,332.27216,338.8111,333.74646,349.47803,408.3781,414.22638,487.9619,464.97925,511.54858,496.92212,565.7982,564.9988,574.70557,582.6958,574.92566,596.39636,0.9829001,0.9500786,0.9652662,0.63447136,0.7864945,0.96891344,0.9895033,0.8574753,0.9509993,0.8405909,0.92638195,0.64559036,0.7372144,0.045940727,0.06703654,0.004904896,0.0068112016
452,623.15894,632.53375,604.4068,645.3313,575.2684,685.7831,557.3295,723.848,462.74692,620.773,355.65027,671.7093,588.0996,650.6794,546.1781,609.0159,509.92517,349.11102,332.35657,338.74854,334.01953,349.4148,408.5844,414.0558,488.35388,464.95764,511.40094,496.54626,565.997,564.9823,574.90607,582.53876,574.68024,595.89514,0.98276126,0.9494803,0.9649239,0.63324404,0.78541607,0.96879196,0.989626,0.8575317,0.9520173,0.8413243,0.9277878,0.64625716,0.73927927,0.04559359,0.067067236,0.0048390627,0.0067616105
453,623.1277,632.56494,604.3597,645.3589,575.1562,685.7144,557.2643,723.74695,462.9432,621.0381,356.05908,672.0375,588.31555,650.6826,545.44476,609.391,509.06335,349.0644,332.3228,338.63855,334.12738,349.35583,408.74213,414.08936,488.27686,464.85864,511.21973,496.67358,565.6871,564.6139,574.0648,581.6067,573.7455,594.91125,0.9830349,0.9501494,0.96548176,0.6344213,0.78717625,0.96905494,0.98977757,0.8584038,0.95269287,0.8424771,0.92869365,0.64843297,0.74166477,0.046101928,0.06791502,0.004902035,0.0068587363
454,622.8647,632.1947,604.2222,644.8502,575.11804,685.6697,556.9435,724.00903,462.52075,620.94,355.36517,672.2974,588.50476,650.5248,545.1,608.9836,509.3756,348.7423,332.07874,338.35052,333.8684,349.03394,408.77112,414.29297,488.4884,465.47754,511.38696,496.60046,566.26074,565.2179,574.1605,581.68146,574.22906,595.24695,0.9828399,0.9495957,0.9651589,0.6337466,0.786921,0.9687616,0.9897523,0.85662246,0.95245576,0.8404565,0.92815113,0.6433402,0.73818,0.045081586,0.066666275,0.004799247,0.00673306
455,622.9502,632.2792,604.2429,644.85614,575.0165,685.65204,556.83325,724.2401,462.33868,621.0659,355.29727,671.91113,588.14233,650.23004,545.55054,609.0493,510.46417,348.7433,332.01978,338.36627,333.74475,349.07037,408.63623,414.23163,488.5396,465.4109,511.1772,496.30463,566.63464,565.64624,574.0001,581.6294,574.3114,595.4735,0.98297286,0.9495529,0.96540684,0.63256955,0.78802955,0.969123,0.9899795,0.8579397,0.9535287,0.8424072,0.9297708,0.6474762,0.7424559,0.0458768,0.06811929,0.004870087,0.0068531036
456,622.8218,632.1804,604.1655,644.90906,575.18353,685.7212,557.011,724.252,462.20456,621.066,355.5355,672.16626,588.55316,650.4514,546.46576,610.01953,512.0274,348.5605,331.92944,338.2174,333.89972,349.12085,408.83905,414.26172,488.61707,465.2013,511.0846,496.11847,566.3327,565.3192,573.6423,581.2339,573.9359,595.07477,0.982705,0.94913626,0.9646618,0.63307106,0.78460205,0.96859396,0.9897581,0.85644853,0.9526784,0.8412925,0.9288697,0.64115584,0.73678267,0.044599295,0.06617302,0.0047291517,0.006651491
457,622.61536,632.11774,603.9739,645.06866,575.0621,685.7607,557.31213,724.24316,463.3044,621.1146,355.65234,672.2499,588.73755,650.456,546.5037,610.15686,512.3696,348.6723,331.99573,338.20667,333.84833,348.87207,408.8556,414.09454,488.6048,465.20117,510.65186,496.2813,567.02795,565.8574,575.2283,582.4944,574.79846,595.67334,0.983195,0.9507973,0.96547157,0.63885784,0.7854929,0.9690305,0.98983264,0.85714424,0.9525043,0.8417486,0.9285118,0.64160204,0.73665565,0.044243634,0.065539986,0.004662186,0.006553769
458,622.6284,632.16925,603.96924,645.1956,574.9584,685.9564,557.1606,724.72253,463.06314,620.9149,355.82587,672.3881,588.7451,650.28516,546.458,609.63684,512.3436,348.8133,332.01392,338.206,333.55933,348.52832,408.43262,413.71344,488.4005,465.16113,510.94373,496.32886,566.7804,565.5792,575.844,582.97546,576.1631,596.76086,0.9833505,0.9513694,0.9657102,0.6405076,0.7851713,0.9694132,0.98985547,0.8587693,0.9524492,0.84355557,0.92868847,0.6460858,0.7393499,0.04539174,0.066862494,0.0047721863,0.006684035
459,622.72217,632.2086,604.0751,645.1166,575.0471,685.77734,557.1066,724.35986,462.96838,621.11145,355.49252,672.50244,588.8581,651.0762,546.6893,610.0961,512.11646,348.67822,331.9193,338.13007,333.49188,348.49884,408.17932,413.61237,487.76825,464.83972,510.7931,496.52667,566.3412,565.281,575.6041,582.98584,575.74695,596.6437,0.9833213,0.9511975,0.9658077,0.639336,0.7866367,0.96935964,0.9898693,0.8583002,0.9524505,0.84230673,0.9282964,0.6477304,0.7409439,0.04574579,0.06742996,0.0048276186,0.0067648888
460,623.0502,632.44165,604.2964,645.1999,575.11383,685.91614,557.11664,724.44183,463.1587,621.00635,355.49902,672.7435,588.9008,651.86084,546.8611,610.0622,511.3878,348.48328,331.65424,338.00293,333.19116,348.50287,407.84692,413.4798,487.69348,464.66052,510.62323,496.33447,565.7054,564.80615,574.73474,582.5827,573.66907,595.3261,0.98340976,0.95097816,0.9661961,0.6372195,0.7895957,0.96950316,0.9901071,0.8586763,0.95369846,0.84257907,0.9296975,0.6497628,0.7443217,0.04564613,0.06784141,0.0048074424,0.006774962
461,623.1453,632.4697,604.3644,645.2295,575.17096,685.8155,557.4802,724.3461,463.36594,620.9216,355.81,672.7001,589.2613,651.756,547.52545,610.5571,512.57697,348.6867,331.77264,338.224,332.98773,348.5291,407.73706,413.45532,487.68787,464.42242,510.96478,496.0506,566.2964,565.4648,576.36334,584.3696,575.437,597.2259,0.9832468,0.95034707,0.96596426,0.6336571,0.7887722,0.9690183,0.9899759,0.8576651,0.9535688,0.8424324,0.9299123,0.646566,0.7418659,0.044650108,0.0665091,0.004662782,0.0065771937
462,622.941,632.3678,604.2263,645.4169,575.25006,685.84503,557.5575,724.5997,463.79782,621.12683,355.70358,672.455,588.97046,652.2985,547.47156,611.60706,512.6437,348.92603,331.9596,338.38885,333.01227,348.4624,407.6477,413.2895,487.7047,464.27673,510.93372,495.87823,566.10175,565.2747,577.10974,585.33386,575.8634,598.2274,0.98333406,0.95085907,0.96606684,0.6358851,0.7874514,0.96891737,0.9899167,0.85795796,0.95349836,0.8433321,0.9300698,0.6473051,0.74219435,0.044597298,0.066430986,0.0046339035,0.006537825
463,622.84686,632.28,604.1118,645.3884,575.1733,685.60596,557.6758,724.1645,463.7675,620.91583,355.42126,672.1412,588.8428,652.6504,548.096,611.842,512.50287,348.88416,331.9317,338.3617,332.87927,348.31433,407.14667,412.53326,487.56702,463.64972,511.00873,496.1277,565.1128,564.2019,577.1808,585.2231,575.6273,597.9243,0.98343074,0.9511604,0.9663137,0.63677627,0.7884096,0.96906555,0.98995876,0.8584329,0.9537242,0.8431584,0.9300811,0.64940345,0.74396,0.044825852,0.06681973,0.004649669,0.006565124
464,622.8455,632.2425,604.1789,645.2677,575.27435,685.5754,557.78687,724.32544,464.2012,620.78107,355.59714,672.3528,589.21216,652.72687,548.58765,611.6874,513.17633,348.91083,331.9914,338.37305,332.92554,348.2558,407.03198,412.49823,487.32098,463.73688,510.7693,495.94025,564.58466,563.6738,576.7329,584.6903,574.8916,597.01544,0.9832126,0.9504974,0.96578,0.6357799,0.7869939,0.96904004,0.98997116,0.858565,0.95380205,0.84321153,0.9301473,0.65079135,0.74521995,0.04522991,0.067439765,0.0046961308,0.0066348314
465,622.50134,631.94385,603.8482,645.1698,575.0895,685.4939,557.53845,724.0054,463.6353,620.38306,355.2078,672.3948,589.2681,653.0206,549.50775,610.849,513.74304,348.88696,331.99127,338.35596,332.8733,348.15405,406.70428,412.28802,487.09192,463.86194,510.83917,495.677,563.7997,562.9606,575.90076,583.87646,574.037,595.99713,0.98335874,0.9511694,0.9660256,0.6398448,0.78790474,0.9694389,0.99007416,0.85863197,0.9536523,0.8421776,0.92956066,0.6510723,0.7452929,0.045463324,0.067763776,0.0047399104,0.0066986084
466,622.4892,631.93414,603.85406,645.13684,575.1233,685.43884,557.43994,723.8251,463.5999,620.6991,355.51007,672.1062,589.0188,653.0095,549.9401,610.9226,514.9846,348.81488,331.9179,338.28375,332.83105,348.10956,406.83838,412.35315,487.09277,463.7226,510.71912,495.3803,564.0764,563.247,576.0239,583.99115,574.1636,596.1118,0.9832243,0.95061463,0.9657969,0.637821,0.78779197,0.96934026,0.9900734,0.8581604,0.9537609,0.8419732,0.9298299,0.6509156,0.7454728,0.045488626,0.06796962,0.004745245,0.0067165494
467,622.51685,631.99304,603.85596,645.24365,575.1087,685.5146,557.44543,723.5799,463.55252,621.24585,355.68182,672.42004,589.18353,653.25476,549.33057,611.34424,514.28125,348.7708,331.88605,338.24353,332.87097,348.1383,406.95087,412.48047,486.8999,463.70648,510.47284,495.6056,564.16547,563.35394,575.85315,583.79407,574.3207,596.15295,0.9833506,0.95109063,0.9660181,0.6391044,0.788365,0.9695326,0.99007034,0.8587309,0.9535693,0.84218484,0.92948043,0.6534813,0.74698573,0.046280563,0.06885761,0.004847318,0.0068416297
468,622.598,632.10864,603.89636,645.302,575.006,685.4062,557.217,723.7947,463.32886,621.2527,355.5382,672.2671,588.9696,653.06305,548.9157,611.61285,514.2361,348.82892,331.87872,338.24164,332.86798,348.14117,407.03387,412.65802,486.91925,463.80347,510.3158,495.54724,564.0062,563.27075,574.3885,582.58624,572.67926,594.93536,0.9834924,0.9512187,0.9664284,0.63744146,0.78965735,0.96939135,0.99011576,0.8586608,0.9540365,0.84347117,0.930545,0.64899004,0.7439392,0.045335323,0.067685455,0.0047502816,0.0067158043
469,622.6779,632.1275,603.99036,645.23694,575.1058,685.40576,557.2313,724.0867,463.38736,621.5535,355.6929,671.72046,588.5472,652.5145,549.3363,611.022,514.9776,348.74994,331.79932,338.21777,332.72278,348.11774,406.79352,412.5285,487.02527,463.99084,510.27185,495.2276,564.0491,563.34796,575.0336,583.277,573.18585,595.4194,0.98326635,0.9504024,0.9658779,0.63564986,0.7883115,0.96955323,0.9901267,0.85999763,0.95425457,0.84484434,0.9309584,0.6514038,0.7453679,0.045481652,0.067777574,0.0047282577,0.0066738725
470,622.50745,632.03894,603.75287,645.2545,574.8567,685.27673,557.31726,723.3862,463.22183,621.15314,355.68726,672.1764,589.14685,652.04877,549.3646,611.69226,515.83466,348.64288,331.6997,338.10974,332.7444,348.14618,406.89832,412.59967,487.08923,463.89496,510.2909,495.04303,564.49036,563.77734,575.2882,583.435,574.2533,596.1736,0.9834256,0.9510919,0.96605474,0.6374923,0.7876426,0.9694587,0.99004537,0.85923934,0.9536343,0.8442594,0.93031776,0.6495165,0.7434398,0.045504063,0.06759685,0.0047438443,0.0066823065
471,622.32025,631.8709,603.5829,645.3216,574.92584,685.3496,557.5966,723.44684,463.30362,621.1036,355.16602,672.1558,589.35486,652.23486,550.37897,610.73956,516.08276,348.6507,331.67487,338.11188,332.60168,348.05,406.5725,412.38684,486.84473,463.94592,510.08545,494.8734,564.103,563.4205,575.14124,583.30585,573.41003,595.2691,0.9835044,0.9515663,0.9661483,0.640576,0.78732824,0.9695349,0.9900644,0.8586377,0.95338166,0.8431187,0.9297323,0.64725196,0.74163485,0.044959277,0.0668987,0.0046914816,0.0066189766
472,622.1234,631.77277,603.3928,645.4347,574.8948,685.28766,557.4101,723.33777,462.92007,621.74396,354.73126,671.8088,589.01685,652.2909,551.04736,611.0544,517.3519,348.53296,331.59216,338.01813,332.64392,348.05145,406.5622,412.33978,486.6819,463.73364,509.94702,494.8828,563.81433,563.2107,574.75824,583.16125,572.9981,595.2568,0.9834722,0.9514668,0.96587086,0.6414536,0.786132,0.96994907,0.99015427,0.86069936,0.95378435,0.8451278,0.9303509,0.65265834,0.74547976,0.046060294,0.068342924,0.00479424,0.006751895
473,622.2798,631.8592,603.5811,645.33954,575.05927,685.17725,557.47205,723.25244,463.0609,621.7689,354.8438,671.55695,588.80615,652.61035,551.195,611.5195,517.22266,348.37103,331.48572,337.94244,332.64282,348.10547,406.47687,412.27698,486.67004,463.66864,510.0666,494.86755,563.5155,562.94293,574.4207,582.8874,572.8584,595.2094,0.98338187,0.9508133,0.9658309,0.63834596,0.7875557,0.9699836,0.99025786,0.8612652,0.9545959,0.84573305,0.9313737,0.655394,0.74853307,0.046499193,0.06927544,0.004832059,0.006823778
474,622.18726,631.802,603.51355,645.37836,575.09656,685.2309,557.58,723.09424,463.21048,621.662,355.0844,671.28876,588.5339,652.30865,550.87384,611.2803,516.93384,348.43988,331.56915,337.99457,332.73047,348.11975,406.54773,412.0829,486.74896,463.2978,510.09534,494.70477,563.62103,562.88354,574.91705,583.07947,573.22205,595.2586,0.98338026,0.9508104,0.96577257,0.63905215,0.7871969,0.9700842,0.9903209,0.86182404,0.955041,0.846341,0.9319176,0.6577119,0.75081,0.046723515,0.06974277,0.004838884,0.006845206
475,622.1441,631.84265,603.469,645.5933,575.15497,685.37244,557.6527,723.2224,463.47342,621.6108,355.03195,671.2245,588.31665,652.0622,549.9265,611.6872,516.2296,348.38263,331.50165,337.9229,332.74115,348.12073,406.70557,412.19305,486.9651,463.30157,509.8617,494.64697,564.01886,563.26056,574.62634,582.9849,572.53156,595.0741,0.98348975,0.9511759,0.9659011,0.64047503,0.7864493,0.96991146,0.99035656,0.8614772,0.9553555,0.84674025,0.9324138,0.6552497,0.7495948,0.045890123,0.0687668,0.004740089,0.0067240596
476,622.058,631.7445,603.43933,645.4302,575.191,685.4254,557.6345,723.51794,463.69928,621.52856,355.3151,671.0442,588.0007,651.55695,549.09143,611.74255,515.48773,348.20483,331.44122,337.8166,332.9192,348.21478,406.82867,412.18634,487.0398,463.16125,510.0869,494.63446,564.29004,563.39905,574.539,582.70044,572.9938,595.2849,0.98344666,0.95109534,0.9657197,0.64103216,0.7855415,0.9699849,0.990378,0.86234295,0.9556321,0.8476486,0.9327574,0.6577029,0.7515899,0.04640171,0.06946728,0.004791558,0.0067943633
477,622.11255,631.77356,603.5494,645.48303,575.3783,685.5819,557.6654,723.8101,463.75595,621.39606,355.27472,670.9158,587.7925,651.91174,549.1083,611.77936,515.3468,348.17108,331.41083,337.78412,332.84387,348.1297,406.9438,412.31726,487.1595,463.36755,510.23126,494.94336,564.7415,563.8582,575.37024,583.58826,573.7154,596.17413,0.98337686,0.9509659,0.9655142,0.64165866,0.7846992,0.9700511,0.9903642,0.8627986,0.9555608,0.84792554,0.93260217,0.6590487,0.7523018,0.04643008,0.069423825,0.00477612,0.0067675114
478,622.16907,631.80975,603.60565,645.4524,575.3568,685.3721,557.74146,723.51965,464.06274,621.46875,355.80396,670.8303,587.8685,652.0288,549.2619,611.8585,515.33606,348.1667,331.41895,337.78687,332.76935,348.02557,406.8493,412.099,487.22418,463.18842,510.05743,494.46222,564.6635,563.7582,574.69495,582.8844,573.0646,595.51855,0.9832673,0.9505342,0.9653741,0.6391916,0.7848036,0.9699937,0.99029195,0.86302954,0.95542103,0.8482853,0.93262,0.6590794,0.7518473,0.04677546,0.06977901,0.0048362315,0.0068385303
479,622.1561,631.78876,603.5917,645.41364,575.34717,685.38855,557.65845,723.31995,464.0845,621.07166,355.9446,670.6069,587.54193,651.6323,548.52856,611.692,515.06006,348.10712,331.3706,337.75464,332.78278,348.08856,407.0094,412.22095,487.24963,463.05017,509.61243,494.31818,564.8031,563.871,574.00665,582.2167,572.161,594.7445,0.9833009,0.95065546,0.9653865,0.63991976,0.7845297,0.96998894,0.9902873,0.86318827,0.95541304,0.84885466,0.93272316,0.6573756,0.75037396,0.04638627,0.06914657,0.004800886,0.006783247
480,622.2756,631.77875,603.8504,645.1013,575.607,685.42944,557.73584,724.1592,463.79062,621.4479,355.89163,670.96747,587.96075,651.16547,547.9472,612.35406,514.5731,347.6364,331.18695,337.42114,333.01733,348.06122,407.4713,412.54437,487.0572,463.00714,509.2932,494.40393,565.51404,564.42737,575.1394,582.9463,573.92664,595.9046,0.98297983,0.94971716,0.964934,0.63675594,0.7839037,0.969023,0.99010634,0.85984814,0.9550736,0.8460854,0.93219364,0.649275,0.7450893,0.04439509,0.06665161,0.0045758486,0.0064962804
481,622.32874,631.851,603.9359,645.17163,575.76636,685.3795,557.84534,723.7081,463.96368,621.06287,356.2892,670.93604,587.93994,651.07733,547.64575,612.3164,514.0754,347.51355,331.11725,337.28058,333.18127,348.08685,407.82544,412.7536,486.98486,462.91736,508.8277,494.57666,565.6282,564.4839,574.63135,582.33966,572.654,594.60284,0.98283005,0.94936585,0.96461284,0.63584983,0.78254884,0.9685868,0.989979,0.8587254,0.95478415,0.84548414,0.931963,0.64465153,0.7414744,0.043398798,0.06525263,0.0044858754,0.006373763
482,622.4703,632.0016,604.0165,645.3148,575.7478,685.35345,558.14954,723.7949,464.45013,620.938,356.44702,670.8916,588.0724,650.7116,547.3398,612.3312,513.4503,347.77173,331.27643,337.4887,333.1803,348.18634,407.78442,412.7677,486.92798,462.7854,509.13013,494.64,565.7009,564.5424,575.6923,583.4445,573.7294,595.7299,0.98297215,0.9496138,0.9648062,0.635995,0.7828462,0.9690231,0.9900874,0.86135435,0.95545614,0.84846663,0.9330958,0.65148413,0.74662435,0.044418335,0.066556364,0.004547775,0.006446898
483,622.2704,631.7998,603.8277,645.1639,575.55994,685.452,557.9328,724.05646,464.07007,620.95746,356.20886,671.22595,588.31146,650.9293,547.60657,611.69666,513.57117,347.91614,331.4096,337.57544,333.2085,348.11957,407.8224,412.81714,486.9665,463.10974,509.1596,494.77075,565.50916,564.30914,575.52716,583.01807,573.76587,595.29816,0.983038,0.9500171,0.965032,0.6377673,0.78362906,0.96900475,0.9900658,0.860024,0.9549648,0.846666,0.9322366,0.6484786,0.7442011,0.044140786,0.066177964,0.0045440197,0.0064461827
484,622.1376,631.7462,603.74365,645.2401,575.59375,685.53,558.0071,724.25507,464.18823,621.2307,356.1731,671.4262,588.51624,651.0214,547.906,611.9897,514.0792,348.0384,331.5725,337.64972,333.41962,348.12903,407.8814,412.724,487.0072,463.1471,508.8852,494.83215,565.6435,564.3613,575.27155,582.5659,573.5227,594.87024,0.98306155,0.95024693,0.9649247,0.6395379,0.782459,0.9690838,0.9900918,0.86020887,0.9549956,0.8468826,0.9322705,0.6493759,0.74501306,0.04448396,0.06671479,0.004590541,0.0065182745
485,622.0147,631.6392,603.6503,645.1782,575.51013,685.56824,557.6405,724.2965,463.8896,620.96454,355.95877,671.19775,587.91473,650.893,546.505,612.0056,512.7394,348.09955,331.60022,337.67688,333.39893,348.1081,408.0664,413.01233,487.21625,463.51538,508.97382,494.87592,566.59717,565.34436,576.3157,583.76984,574.6974,596.29376,0.9830662,0.9503197,0.9649236,0.63964474,0.7817643,0.9690048,0.9900384,0.860621,0.9549396,0.8476838,0.932341,0.6492113,0.74451566,0.04406926,0.0659703,0.0045220554,0.006410718
486,621.98413,631.58215,603.66766,645.11206,575.563,685.5918,557.67694,724.646,464.2369,620.7742,356.28662,671.1952,587.9826,651.09247,547.1444,612.25653,513.7381,348.112,331.6444,337.70837,333.37097,348.04468,407.90668,412.82007,487.27698,463.49524,509.04272,494.83923,566.4083,565.1464,576.2807,583.74927,574.3702,596.0886,0.9828867,0.94976187,0.9645576,0.6381999,0.7806101,0.9687723,0.9899998,0.8601514,0.9549737,0.8474734,0.9324473,0.6474639,0.743368,0.043608338,0.06544936,0.004467398,0.0063445866
487,621.9165,631.52325,603.6108,645.1427,575.61115,685.67584,557.9155,724.6803,464.25253,620.7323,356.03973,671.45935,588.3664,650.66974,547.0178,612.12964,513.6919,348.20654,331.72467,337.7751,333.39148,348.0498,407.85535,412.65717,487.3734,463.32587,509.1344,494.84662,566.4074,565.05634,576.6626,583.98804,574.6461,596.20435,0.9829631,0.95016116,0.9645468,0.6404026,0.7795721,0.96888626,0.99001956,0.8607531,0.95503426,0.84812665,0.9325547,0.64812505,0.7438072,0.043611765,0.06537649,0.0044528544,0.006321341
488,621.8905,631.49084,603.5489,645.13306,575.5626,685.5459,558.08484,724.29755,464.4178,620.70386,356.1969,671.4839,588.5939,650.79034,547.5675,612.27405,514.3205,348.22278,331.67505,337.77722,333.23468,347.99982,407.7381,412.51575,487.38855,463.13885,509.07874,494.74005,566.50134,565.1767,576.9281,584.2932,574.6531,596.27826,0.9830526,0.95028174,0.96475327,0.6401375,0.7803685,0.9689122,0.99008703,0.86043817,0.9553075,0.84787863,0.9329012,0.6484387,0.7446903,0.043620825,0.065612316,0.0044517815,0.0063358247
489,621.67163,631.06,603.3323,644.46014,575.2757,685.15704,557.6592,724.3124,464.11276,620.6655,356.10095,671.0476,588.1161,651.1639,547.2455,612.1104,513.7043,348.40607,331.73096,338.01288,332.9098,348.07178,407.4748,412.70996,487.29974,463.4922,509.2273,494.70386,566.90393,565.82434,577.74115,585.55585,575.33594,597.4187,0.9830409,0.9499181,0.9649508,0.6376717,0.7821748,0.96899444,0.9901244,0.86123514,0.9557152,0.84880155,0.93352246,0.64901596,0.74511987,0.043241918,0.065102845,0.004383117,0.0062378943
490,621.43604,630.8413,603.14825,644.42975,575.3087,685.1345,557.68884,724.25183,464.02164,620.7457,355.79517,670.7102,587.76416,650.97015,546.58374,612.0848,512.8434,348.51355,331.852,338.14447,333.00055,348.1831,407.49615,412.74365,487.357,463.5531,509.3418,494.85992,566.59235,565.5038,577.4751,585.36957,574.5515,596.8092,0.98312783,0.9503287,0.96486205,0.6412335,0.7809913,0.96946305,0.9902473,0.86361724,0.9562789,0.8510189,0.9342077,0.6536261,0.74851406,0.043766737,0.06573564,0.0044125617,0.006272316
491,621.46246,630.7698,603.1305,644.1806,575.2049,685.0282,557.6282,724.0459,463.62186,620.3511,355.4427,671.0633,588.14514,651.21625,546.9305,612.1473,512.9006,348.39258,331.69415,338.0819,332.81464,348.21973,407.17462,412.69604,487.2116,463.64246,509.44885,494.82996,566.4185,565.4702,576.89557,584.95337,574.7945,597.0268,0.98316824,0.950366,0.96506023,0.64022934,0.7822014,0.96944165,0.99024343,0.86318934,0.9561396,0.8503792,0.9339961,0.65319496,0.7482166,0.04410258,0.06619716,0.0044698715,0.006350696
492,621.5836,630.9647,603.0208,644.4325,575.0121,684.98206,557.90845,723.8827,463.78326,620.73236,355.6121,671.3043,588.584,651.0122,547.68164,613.02765,513.66656,348.04858,331.32635,337.80206,332.92316,348.56354,407.53772,413.02856,487.44348,463.36426,509.26898,494.62927,566.27295,565.40924,576.3438,584.7176,573.5674,596.24023,0.983342,0.950814,0.96521336,0.64116436,0.782089,0.96948427,0.9902574,0.8634832,0.9561238,0.8510077,0.93416655,0.6508316,0.74610317,0.043295592,0.06492159,0.0043645203,0.006194234
493,621.42694,630.8582,602.859,644.45825,574.897,684.99646,558.00165,723.69763,463.96692,620.33203,355.5978,671.49335,588.788,650.7275,547.1754,612.8738,513.1599,348.07727,331.31415,337.77808,332.86163,348.48718,407.4265,413.08936,487.0888,463.48987,509.1994,494.87134,566.17554,565.3208,576.0583,584.3655,573.53674,595.9417,0.9833189,0.95109785,0.9649359,0.6431814,0.7795062,0.96952075,0.9901589,0.8640925,0.9555825,0.85167783,0.933596,0.65306854,0.7468678,0.044217914,0.06584996,0.004481226,0.0063325763
494,621.0736,630.5635,602.50775,644.42126,574.7722,685.07275,558.11346,723.5149,463.80423,620.2944,355.1085,671.4786,588.8614,650.1403,547.0837,611.9669,513.0451,348.06262,331.28705,337.77588,332.81927,348.50702,407.24475,413.03577,487.05707,463.73273,509.2456,494.86053,565.80066,564.9294,575.08673,583.2792,572.9867,595.0355,0.983443,0.95182276,0.9648833,0.64817744,0.778049,0.9699495,0.99022794,0.8649553,0.9553938,0.8518751,0.93313164,0.6547979,0.7477274,0.044958264,0.06669456,0.00457716,0.0064557493
495,621.02954,630.52893,602.5097,644.40125,574.8828,685.156,558.4041,723.6776,464.20654,620.01886,355.31137,671.5299,589.01074,650.2646,547.42944,613.2543,513.92615,347.9989,331.32178,337.7688,333.03583,348.63696,407.55255,412.94952,487.41992,463.2223,509.37555,494.5547,566.297,565.23267,576.3258,584.2254,574.81995,596.6841,0.98321056,0.95119095,0.96438736,0.64610094,0.7760695,0.9693974,0.9900843,0.8636598,0.95523894,0.8511833,0.9331316,0.6528249,0.74659675,0.04442507,0.06612325,0.004499227,0.006361872
496,620.9959,630.43896,602.4169,644.33356,574.7914,685.1315,558.46765,723.5604,464.3773,619.68964,355.06287,671.48596,589.0873,650.1349,547.59595,612.1391,513.7564,348.07416,331.3067,337.8487,332.83575,348.6527,407.4806,412.98492,487.5257,463.27234,509.31927,494.7179,566.2578,565.2658,576.05695,584.2016,573.8474,596.1417,0.98326576,0.9516075,0.96435535,0.64898163,0.7755716,0.96970326,0.99002475,0.8643364,0.9544861,0.8510203,0.931948,0.65154797,0.74404997,0.044139832,0.065220624,0.004475951,0.0062943995
497,621.04126,630.51624,602.4245,644.43896,574.8209,685.2505,558.61707,723.647,464.567,619.65045,355.23996,671.4276,588.91284,650.1765,547.1718,612.71674,512.8635,347.90442,331.18262,337.75537,333.0005,348.8839,407.61963,413.11987,487.51678,463.18152,509.26062,494.77863,566.12634,565.1043,575.8263,583.9509,573.95056,596.1974,0.983394,0.9518257,0.9646363,0.64911646,0.7767024,0.9697851,0.9901159,0.86499727,0.9551012,0.85201746,0.932794,0.6529807,0.745794,0.04417652,0.06543198,0.004460603,0.0062838197
498,621.09534,630.64923,602.4533,644.5326,574.67065,685.1826,558.0485,723.6122,464.15048,619.3771,355.08575,671.0302,588.21625,649.9246,546.7696,612.15906,512.68866,347.87225,331.13196,337.6789,333.0244,348.82275,407.63208,413.27936,487.44476,463.4298,509.45758,494.66705,566.0524,565.12524,575.56104,583.9356,574.0411,596.5873,0.9834307,0.95178515,0.96481985,0.6481012,0.7778587,0.96994334,0.9901568,0.8654281,0.95514584,0.85245746,0.93291736,0.6548047,0.7470227,0.04471469,0.066111565,0.0045214295,0.0063580573
499,620.9442,630.4354,602.373,644.28723,574.6893,685.13684,557.97235,723.5506,464.2558,619.05676,354.97302,670.9229,587.96875,650.0332,545.9293,611.6696,511.2014,347.7837,331.1056,337.63586,332.99152,348.75873,407.45953,413.08118,487.19904,463.20178,509.427,494.68396,565.80786,564.82434,574.5132,582.82135,572.45734,594.95776,0.9832945,0.95148975,0.9645723,0.6480104,0.77723753,0.9697486,0.99010146,0.86510104,0.9550936,0.8518517,0.9326366,0.65237343,0.7451702,0.04412201,0.0652816,0.004481584,0.0063049793
500,620.90424,630.3897,602.36176,644.255,574.7848,685.0244,558.434,723.6773,465.0206,619.2135,355.05246,670.93085,588.30176,650.0918,546.38477,612.55164,511.61453,347.79004,331.14606,337.67047,333.04016,348.79034,407.39587,412.82788,487.18073,462.7458,509.30463,494.66833,565.74554,564.6682,575.42206,583.6432,573.2975,595.89606,0.9832282,0.95115864,0.9643748,0.64680684,0.7764401,0.96969247,0.9901507,0.86578465,0.95575213,0.8529378,0.93357456,0.65585893,0.7486848,0.044496417,0.06605774,0.0044852495,0.006327957
501,620.9506,630.4485,602.35315,644.3097,574.70935,685.2414,558.06116,723.8708,464.50146,619.6559,355.07443,671.0058,588.0144,650.4252,546.33466,612.0077,511.37903,347.71173,330.98883,337.5511,332.9745,348.8084,407.60065,413.26343,487.15173,463.23456,509.3036,494.9948,565.9909,565.0443,575.31195,583.69507,573.2839,595.95746,0.9833628,0.95144,0.96463186,0.6478815,0.7777445,0.9700813,0.99029857,0.86619425,0.9559913,0.8528686,0.9336877,0.65907013,0.7514875,0.04523477,0.06719038,0.004568428,0.006449759
502,621.20184,630.6861,602.59174,644.39923,574.7667,685.4538,557.9131,724.4031,464.45627,619.24976,355.2735,671.1172,587.8744,650.6543,546.4579,612.5575,511.78284,347.59167,330.91278,337.45264,332.98663,348.77478,407.64337,413.21173,487.3269,463.13416,509.24078,494.82623,566.25757,565.27216,575.00165,583.3577,572.91345,595.7073,0.9834111,0.9512367,0.9648092,0.6461067,0.7788094,0.97006583,0.9904425,0.8662435,0.9568324,0.8535652,0.9349304,0.65976846,0.7534082,0.045193195,0.067593426,0.0045564175,0.0064651966
503,621.11566,630.70184,602.5209,644.418,574.62555,685.3283,557.681,724.4857,464.54575,619.3839,355.47397,671.2985,588.1155,650.901,547.59973,612.7356,513.7452,347.60492,330.8753,337.30176,332.95795,348.4712,407.67578,413.1353,487.24695,463.1949,509.0802,494.77722,566.12897,565.13727,575.05994,583.3117,572.9515,595.6704,0.98348486,0.95145416,0.96500003,0.6462474,0.7792135,0.96995914,0.99043584,0.86470616,0.9564869,0.8522036,0.93455565,0.65782654,0.75220585,0.04523632,0.06785518,0.0045835674,0.006518662
504,621.08875,630.6146,602.51245,644.167,574.5677,684.82983,557.598,723.90643,464.49365,619.61224,355.75162,671.06116,588.11194,650.7646,547.285,613.295,513.60925,347.5863,330.9173,337.33984,333.02045,348.52637,407.6552,413.02423,487.22424,462.8645,509.14832,494.42554,565.7072,564.751,574.2489,582.6476,572.1959,595.1239,0.9833486,0.9508308,0.9648805,0.64273965,0.7801137,0.96982026,0.9903598,0.86530256,0.95658505,0.85313225,0.9349258,0.6563992,0.7505819,0.044895053,0.06718087,0.0045470595,0.0064490736
505,620.8216,630.33093,602.31805,643.9873,574.6427,684.66864,557.7911,723.68524,464.5693,619.533,355.5049,670.9612,588.1898,650.43115,546.9211,613.73584,513.40594,347.4787,330.91638,337.31506,333.11377,348.59497,407.63342,412.88403,487.40466,462.74805,509.07837,494.3855,565.60583,564.5902,573.844,582.2383,571.3802,594.4198,0.9833842,0.95117915,0.9648693,0.6452678,0.7791389,0.9695842,0.9903449,0.8644657,0.95659494,0.8523916,0.9347883,0.6523597,0.7479039,0.04386267,0.065855145,0.004442185,0.006316453
506,620.8209,630.26965,602.33203,643.8745,574.7319,684.50934,557.8873,723.3867,464.24442,619.37933,355.06726,670.53125,587.99554,649.67395,546.96844,612.944,513.4429,347.24817,330.71344,337.16852,332.91486,348.53217,407.3568,412.6985,487.2845,462.64752,509.17914,494.51355,565.5198,564.5414,573.3473,581.82556,570.751,593.8321,0.983238,0.9507596,0.96444833,0.6451404,0.77783704,0.9695512,0.99033487,0.8644873,0.9565549,0.85210526,0.93458414,0.6509579,0.74672186,0.043494195,0.065283716,0.004405558,0.0062618554
507,620.9307,630.29767,602.4927,643.71704,574.8678,684.4713,558.03754,723.18567,464.6451,619.10535,355.40225,670.1453,587.63293,649.3301,546.4778,612.90515,512.9596,346.95178,330.55634,337.01678,332.8792,348.51678,407.3036,412.50842,487.2824,462.34973,509.17664,494.2503,566.1139,565.01074,574.05914,582.2698,571.79614,594.48663,0.98298573,0.94982165,0.9639594,0.6420681,0.77739525,0.9694638,0.99029636,0.86500835,0.9567554,0.8523715,0.93476015,0.6529268,0.7482461,0.043599576,0.06540227,0.004400879,0.0062507987
508,620.92566,630.25543,602.50806,643.6349,574.9209,684.4492,557.90564,723.1179,464.54172,619.41077,355.45087,670.0297,587.37616,649.3769,545.9172,612.9512,512.3576,346.84747,330.46893,336.97107,332.87073,348.5965,407.40814,412.69928,487.3902,462.4745,509.19568,494.1665,566.3505,565.32367,573.49414,581.95056,571.4263,594.45056,0.9829112,0.9495741,0.9638449,0.64107263,0.77729845,0.969403,0.99026954,0.86496305,0.9567109,0.8523381,0.9347224,0.65330744,0.7484842,0.04391724,0.06582928,0.0044543147,0.006321579
509,620.9214,630.2692,602.5014,643.6309,574.8956,684.4468,557.82495,723.1128,464.29013,618.8718,355.27072,669.57605,586.88074,648.5684,545.3512,612.4846,512.01685,346.89252,330.50055,337.00745,332.91028,348.65253,407.37012,412.64404,487.47327,462.466,509.43433,494.37,566.6077,565.51666,573.66125,582.0119,572.01776,594.87866,0.9829758,0.9496657,0.9639048,0.64121205,0.77702284,0.96957254,0.9903165,0.8662622,0.95709,0.854087,0.93540305,0.6540504,0.74890417,0.04380524,0.065579444,0.004417002,0.0062617064
510,620.6559,630.0882,602.17834,643.6273,574.639,684.52637,557.9898,722.8777,465.21573,618.8433,356.26566,669.91,587.5552,649.49634,548.75006,612.69836,516.86456,347.06396,330.59155,337.09796,332.7702,348.47363,406.7716,411.85266,487.32343,462.08453,509.47314,494.04248,565.0573,563.90076,575.53064,583.3955,573.6572,595.7657,0.98320544,0.950389,0.964501,0.6439228,0.7801161,0.9698889,0.9904059,0.86471343,0.9566537,0.8511871,0.93433195,0.6532015,0.7482919,0.043432176,0.06526086,0.0043448806,0.006179273
511,620.5634,630.02747,602.05194,643.718,574.6018,684.39355,558.16754,722.54974,465.04303,618.52374,355.93866,670.0458,587.9316,649.3609,548.93445,612.2716,516.5935,347.15344,330.60028,337.10944,332.6435,348.3592,406.36713,411.50958,487.12146,462.0033,509.31073,494.0827,563.3974,562.27094,572.76514,580.6852,569.7533,591.93304,0.9834569,0.95126057,0.96492124,0.6475163,0.780515,0.97004926,0.9905205,0.86493146,0.9569812,0.8516616,0.93476856,0.64947736,0.7458243,0.04284385,0.064540744,0.0043126047,0.0061460733
512,620.33484,629.724,601.9684,643.4361,574.8987,684.4092,558.4552,722.5194,464.9182,618.31616,355.5078,670.22955,588.3966,649.4834,549.96967,612.3379,517.7982,346.79327,330.37726,336.84705,332.61353,348.26367,406.25696,411.25812,486.9397,461.53833,509.45142,493.83014,562.97534,561.78314,572.34656,580.109,570.02594,591.96484,0.98307115,0.9504869,0.9637543,0.64898336,0.7764645,0.9700672,0.9904524,0.86527884,0.95662725,0.8511989,0.9340967,0.65200186,0.74730146,0.04366371,0.06556538,0.0044041276,0.0062687695
513,620.2557,629.61255,601.9682,643.30115,575.04266,684.3394,558.35535,722.88464,464.70612,618.25366,355.62292,669.9171,587.9647,649.2734,548.8849,612.76025,516.1815,346.71954,330.37964,336.8136,332.85254,348.43732,406.57953,411.552,487.302,461.8155,509.30768,493.59143,562.91565,561.707,571.63086,579.5405,569.46423,591.7279,0.9830439,0.95035243,0.96364564,0.6490824,0.7757282,0.97003174,0.9905133,0.86622673,0.9573124,0.8530339,0.9352463,0.6527225,0.74843127,0.043603778,0.06562778,0.00438115,0.0062465966
514,620.2258,629.4574,601.9201,643.04407,574.9513,684.3617,558.4387,723.1958,464.43048,617.91656,355.1234,669.86804,588.0091,649.59094,549.4082,613.18896,516.806,346.69202,330.2572,336.83685,332.40833,348.3202,406.18152,411.4115,487.24628,461.84778,509.61365,493.57202,563.6533,562.5261,572.51086,580.4492,570.9338,593.04126,0.98315763,0.9503014,0.9639521,0.6474415,0.7769227,0.9702017,0.99065095,0.867231,0.9581604,0.85464853,0.9366047,0.65484726,0.75090384,0.043696314,0.06605366,0.0043571293,0.0062329173
515,620.3613,629.5237,602.1528,642.93896,575.1347,684.25256,558.4755,723.3143,464.3747,618.3434,355.4136,670.07446,588.2986,649.7981,549.08966,614.3169,516.9282,346.63428,330.2567,336.77423,332.36877,348.14948,406.2605,411.4474,487.16547,461.87073,509.26422,493.4171,563.7479,562.61475,572.5384,580.3898,571.6355,593.6325,0.9826715,0.94879246,0.9630668,0.6414544,0.7745817,0.9694103,0.9903903,0.8658861,0.9577235,0.8543068,0.93646884,0.6511069,0.7477077,0.043227762,0.065318346,0.004315406,0.006167859
516,620.2706,629.443,602.0624,642.8681,575.1238,684.2896,558.4476,723.69116,464.5914,618.24176,355.34772,670.15765,588.4172,649.75226,549.5291,613.99304,517.3794,346.47717,330.08258,336.58856,332.3236,348.08636,406.26337,411.4975,487.21234,461.93542,509.38776,493.4458,563.0676,561.96515,571.8549,579.86523,570.92053,593.22424,0.9828757,0.94953895,0.963218,0.6459996,0.7743652,0.9700407,0.9905715,0.86738867,0.95796543,0.85525745,0.9366014,0.65679467,0.7520965,0.044656456,0.06731635,0.0044650137,0.0063768625
517,620.08594,629.25354,601.9526,642.81146,575.2047,684.4435,558.5729,724.14966,464.7769,618.4343,355.3489,669.98535,588.2929,649.5362,549.60706,613.4827,517.4677,346.46002,330.0619,336.55322,332.14362,347.86652,406.0313,411.1911,487.24,461.90607,509.49133,493.3675,563.0764,561.8803,572.6339,580.46375,571.7888,593.8897,0.98290086,0.9498353,0.9630591,0.6490133,0.7730737,0.9703875,0.990592,0.86882424,0.95795876,0.8563694,0.9365478,0.6588367,0.75292695,0.04474324,0.06722146,0.0044408143,0.006329626
518,620.10913,629.2529,601.89954,642.7883,575.05615,684.50134,558.4874,724.16956,464.9735,618.3238,355.66476,669.94995,588.17786,650.00275,550.17267,613.54016,518.2426,346.40222,329.93713,336.5,331.90125,347.78326,405.97137,411.08472,487.25452,461.63495,509.1162,493.35522,563.4866,562.3217,573.2369,581.1485,572.1008,594.4852,0.9829942,0.9500328,0.9633734,0.6487767,0.7742175,0.9702702,0.99058247,0.8675157,0.95773375,0.8549322,0.9361107,0.65640545,0.75130653,0.04412207,0.06649369,0.0043790936,0.006254405
519,620.0704,629.249,601.8774,642.90094,575.1624,684.45703,558.7902,724.0974,465.23346,619.00256,355.61133,669.69806,588.2881,649.5734,551.2101,612.6826,519.3187,346.3335,329.90405,336.4666,331.82086,347.6787,405.78546,410.7605,487.2364,461.39587,509.28552,493.24298,563.4409,562.2218,573.8495,581.6702,572.18225,594.4825,0.98312414,0.95030606,0.96364105,0.6504296,0.7757797,0.9705548,0.9907302,0.86744523,0.9581276,0.85414624,0.93626785,0.6563706,0.75198543,0.04369414,0.06617358,0.0043159723,0.0061858892
520,620.00397,629.1833,601.7986,642.8573,575.0744,684.3447,558.81415,724.05237,464.86798,619.47876,355.34497,669.8725,588.6939,649.7274,552.33655,613.0396,520.94446,346.35376,329.87457,336.4469,331.6093,347.4806,405.5915,410.54077,487.15662,461.26697,509.25977,493.07568,563.7798,562.59576,575.28796,583.04614,573.8422,595.96405,0.9831308,0.9502108,0.96375537,0.64893496,0.7765378,0.9704188,0.9906747,0.86683726,0.9579708,0.85375476,0.9362292,0.6531848,0.7493237,0.0427157,0.06478807,0.004184097,0.006000787
521,619.89777,628.9769,601.7175,642.62286,575.0604,684.4607,558.6254,724.10205,464.19308,619.6692,355.1729,670.12854,588.83716,649.9608,552.5782,613.0613,521.5137,345.93567,329.4773,336.14178,331.20508,347.2978,405.2567,410.599,486.7021,461.49353,509.0785,493.2127,563.56476,562.5673,574.9219,582.8522,573.97064,595.9956,0.9832139,0.95033,0.96391124,0.6497801,0.7777233,0.9707005,0.9908246,0.8672457,0.95842254,0.85391986,0.93668115,0.6557489,0.7519705,0.043293685,0.06581417,0.004242122,0.006096393
522,620.0458,629.1615,601.80115,642.8496,575.0656,684.51953,558.6175,724.1277,463.9358,620.0027,355.3443,670.28217,588.99866,650.2436,553.13434,613.1147,521.8103,345.94464,329.42035,336.12335,331.11902,347.28552,405.0542,410.66522,486.37177,461.70758,509.2386,493.35547,563.0156,562.173,574.51324,582.6333,573.8901,595.9205,0.9833913,0.9507272,0.9643767,0.64999473,0.7796298,0.9709407,0.990911,0.8678037,0.95867145,0.8545317,0.9370948,0.65751356,0.7534077,0.04380107,0.06658518,0.004294008,0.006170541
523,620.0348,629.2121,601.79944,642.96094,574.9949,684.5385,558.3687,724.2295,463.96353,619.5239,355.66708,670.0155,588.557,650.3033,552.91473,613.98206,522.5526,345.82306,329.29645,335.98816,330.95764,347.0857,405.0979,410.65717,486.38226,461.51807,509.01697,493.27954,563.58966,562.7675,575.2125,583.50366,574.7947,597.28406,0.9834565,0.9507525,0.96456146,0.64896697,0.7795447,0.9707371,0.9909501,0.8672427,0.9590366,0.85499454,0.9378193,0.65793836,0.7546479,0.043791175,0.06689733,0.0042790473,0.006170392
524,620.25555,629.40735,601.9769,642.93286,574.9023,684.2831,558.31964,723.89526,464.282,619.255,355.75732,669.7241,588.3303,650.27466,552.8196,614.5797,522.8366,345.65118,329.13672,335.85565,330.75696,346.92957,405.05994,410.48303,486.23663,460.95856,508.6665,493.2697,564.4662,563.6312,576.65173,585.0009,576.43054,599.2107,0.9834836,0.950393,0.9648349,0.6448654,0.78153574,0.970698,0.99094355,0.86769056,0.9592956,0.8558627,0.9383408,0.6604697,0.7566782,0.04405257,0.06728226,0.004282236,0.006169528
525,620.45154,629.5421,602.1656,642.9021,574.9693,684.2113,558.2071,723.9541,464.18845,619.408,355.628,669.394,588.08606,650.33826,553.4058,614.03613,523.5718,345.59668,329.02325,335.78088,330.485,346.72992,404.8471,410.3512,486.05255,460.84216,508.70428,493.1062,564.4004,563.6381,577.16406,585.631,576.9072,599.82935,0.98347914,0.9501481,0.9648049,0.64410853,0.782402,0.97115993,0.99104226,0.86919487,0.9595177,0.85683763,0.93856287,0.6660801,0.7606218,0.045162767,0.06876451,0.004377395,0.006292671
526,620.49023,629.50714,602.2222,642.7566,575.0529,684.24194,558.3605,723.60205,464.1519,619.1157,355.49103,669.48145,588.13635,649.9793,552.5597,613.9697,522.53827,345.4229,328.89532,335.6952,330.43384,346.80017,404.7345,410.39502,485.8216,460.88403,508.48718,493.10327,564.7761,564.00714,577.51624,585.8467,577.87933,600.3754,0.9832808,0.9495398,0.9643295,0.64235973,0.78118,0.971072,0.9909769,0.86980414,0.9594941,0.8573741,0.9385452,0.6677443,0.7615764,0.045437366,0.068948895,0.004395604,0.0063040555
527,620.60754,629.54675,602.2786,642.6655,574.9804,684.2996,558.0881,723.8752,463.79803,619.55206,355.22763,669.20044,587.579,650.22644,551.965,614.0105,521.5828,345.35834,328.8191,335.68805,330.44305,346.98035,405.07532,410.80542,486.37042,461.39276,508.3656,493.02515,565.2465,564.53613,577.2666,585.7483,577.1386,599.85956,0.98321724,0.94945467,0.964382,0.64126956,0.78157246,0.970665,0.9907826,0.8680359,0.95858383,0.85557944,0.9373779,0.6602546,0.75490594,0.043910563,0.066518754,0.0042666793,0.0061047673
528,620.7784,629.7682,602.4039,642.80914,574.9475,684.3081,557.9382,724.02313,463.57208,619.58325,355.22394,668.9975,587.2702,649.9467,551.6677,613.92694,521.30566,345.31458,328.80493,335.62457,330.5852,347.0182,405.16797,410.7926,486.24957,461.16174,508.3756,493.0072,564.8195,564.0478,576.0263,584.40234,575.7999,598.41614,0.98337805,0.9497051,0.9649211,0.6405109,0.78379565,0.97054315,0.9908687,0.86715347,0.9590279,0.8552079,0.9379888,0.6572137,0.75365245,0.0433684,0.0661003,0.0042304695,0.00607726
529,620.84155,629.8104,602.47974,642.8095,575.05035,684.23346,558.2203,723.8358,463.9912,619.4571,355.22107,669.0227,587.4939,649.7625,551.6887,613.68945,520.97156,345.3067,328.81995,335.64673,330.5938,347.03967,405.0335,410.6584,486.12036,461.0443,508.2718,493.13843,564.5669,563.76764,576.07916,584.4164,575.89746,598.502,0.9832884,0.9492997,0.9648069,0.6389961,0.7841132,0.9704627,0.9909096,0.8669379,0.95935273,0.8548856,0.9382575,0.6588406,0.7556768,0.043719888,0.066829056,0.0042662024,0.00614202
530,620.79315,629.85864,602.4542,643.01526,575.11676,684.2257,558.2474,723.60474,463.93842,619.5869,355.1254,669.00397,587.45667,650.0763,551.90137,614.3418,521.33765,345.30786,328.85968,335.6394,330.7318,347.0584,405.11304,410.716,485.90155,460.92285,508.35333,493.12152,564.7501,563.9723,576.39,584.7774,576.0127,598.65924,0.9833678,0.94947636,0.9649707,0.6392748,0.7844291,0.970393,0.99097276,0.86659646,0.95970935,0.8547034,0.93869406,0.65919113,0.75676745,0.04353589,0.06685221,0.004238993,0.0061240196
531,620.8151,629.83167,602.5022,642.9048,575.13385,684.27344,558.19464,724.081,463.9477,619.673,355.07742,668.98816,587.4186,650.1732,552.1358,614.6102,521.7231,345.11176,328.70374,335.48816,330.5799,346.9275,404.93182,410.6347,485.61578,460.8109,508.20392,492.96533,564.6734,563.9241,576.65454,585.06665,576.5201,599.1718,0.98328006,0.9491879,0.9647858,0.6386172,0.78376836,0.97029203,0.9909774,0.86629283,0.9597851,0.85450816,0.9387908,0.6607225,0.75832796,0.043918163,0.06755331,0.0042749345,0.006185293
532,620.7505,629.8444,602.47437,643.05164,575.155,684.3733,558.22107,724.1089,464.13986,619.61975,354.9075,669.1848,587.6155,650.39105,552.39417,614.45386,522.1214,345.0606,328.65338,335.3877,330.4881,346.69995,404.7932,410.5318,485.18945,460.68805,508.01904,493.01306,564.2664,563.5211,576.24945,584.6375,576.4856,599.1095,0.9833388,0.9495541,0.9648143,0.64066136,0.7833561,0.970472,0.9909977,0.8663211,0.9595334,0.854174,0.9383378,0.66381687,0.76050854,0.04513654,0.06925148,0.004422635,0.0063919425
533,620.6453,629.7329,602.47516,642.8946,575.2759,684.31635,558.3526,723.92035,464.43088,619.22186,354.7844,669.19055,587.6754,649.8846,551.5847,614.86414,521.9767,344.96826,328.6648,335.3255,330.62964,346.69348,405.00568,410.59802,485.25153,460.60724,507.86615,493.0619,564.7311,563.85547,576.62695,584.79144,577.08563,599.4863,0.98315597,0.9489615,0.96430516,0.63951206,0.78175306,0.9704116,0.99097025,0.86744714,0.95981693,0.85581344,0.9389071,0.6647209,0.7610729,0.045009017,0.06894773,0.0043824315,0.006327063
534,620.26794,629.5025,602.1814,643.0939,575.3766,684.4498,558.5779,723.68414,464.4038,619.0029,354.70993,669.5779,588.18445,649.0689,551.1274,614.42584,522.0759,345.028,328.7119,335.24225,330.7315,346.5191,405.3211,410.57556,485.7932,460.68866,507.81653,492.94415,564.8665,563.8209,576.38,584.3822,576.28217,598.6801,0.983202,0.94985807,0.9638927,0.64606476,0.7771455,0.9703619,0.99087775,0.86702955,0.95909035,0.8555878,0.93803144,0.6612333,0.7576483,0.044510275,0.06792775,0.004344046,0.0062603652
535,620.26306,629.45874,602.1151,643.02936,575.2811,684.33167,558.6038,723.2618,464.45435,619.15936,354.781,669.2244,587.83704,648.5044,550.15283,613.27203,520.21045,345.10156,328.7503,335.33087,330.73383,346.64215,405.47064,410.6217,486.29962,460.8761,507.94678,492.85223,565.1647,564.0493,576.9635,584.907,576.5745,598.90717,0.9832375,0.9501188,0.96414363,0.6463547,0.77835226,0.9702635,0.99074244,0.8662627,0.95838654,0.85420835,0.93691707,0.6572765,0.7536118,0.04359117,0.06626421,0.0042586625,0.0061143637
536,620.2926,629.54285,602.1569,643.05774,575.26135,684.31537,558.41174,723.3013,464.39877,619.578,354.93945,669.34454,587.8384,648.6377,550.11786,614.17255,520.9968,345.05255,328.78284,335.30347,331.0652,346.8452,405.9491,411.1313,486.1819,460.99982,507.75378,492.8413,565.3559,564.28296,576.5185,584.5066,576.5844,598.906,0.98323846,0.9499787,0.9642104,0.64488477,0.7789625,0.9701487,0.99075425,0.8657909,0.95849,0.8542466,0.93722665,0.6575628,0.75424266,0.04398361,0.0669646,0.0043139756,0.0062001348
537,620.1522,629.34106,601.9972,642.74805,575.0259,684.088,558.4467,723.1193,464.51364,618.6229,355.2031,669.3211,587.94763,648.44507,549.8238,614.10547,520.3268,345.03937,328.7359,335.29236,330.87982,346.74487,405.64954,410.83087,486.1897,460.88007,507.88556,492.81714,565.07367,563.9452,575.8798,583.69525,576.9055,598.92163,0.98334944,0.95037246,0.9645393,0.6452087,0.77980435,0.9701245,0.990682,0.8658198,0.95819104,0.85449225,0.93699753,0.6555137,0.7520377,0.04397887,0.06674343,0.0043306053,0.0062088966
538,619.8381,629.05273,601.7852,642.5593,574.99915,683.95215,558.37494,723.02045,464.4575,618.7984,355.23294,669.4339,588.1583,648.4304,549.7978,613.65015,520.34717,345.1963,328.8969,335.35016,330.9702,346.59656,405.6471,410.69128,486.10712,460.87573,508.0146,492.8562,564.3187,563.10693,574.72766,582.3197,575.489,597.22595,0.9833148,0.9505204,0.96436316,0.64759713,0.7789573,0.97014934,0.99068075,0.86536014,0.9579911,0.8536901,0.9365815,0.65364397,0.7505665,0.043886423,0.06662506,0.0043471456,0.0062369406
539,619.4794,628.6781,601.5392,642.3281,575.0155,684.0274,558.4852,723.3501,464.5994,619.1749,355.37183,669.8579,588.66516,648.77625,550.13165,614.65,521.7721,345.31177,328.98303,335.41876,330.87384,346.4657,405.68713,410.6792,486.0428,460.71448,507.92645,492.7539,564.87714,563.64685,575.0169,582.5537,576.3191,598.0186,0.98306096,0.95000064,0.96347773,0.647751,0.774593,0.9701166,0.9905837,0.86660206,0.9578911,0.85560906,0.9368928,0.65589976,0.7515639,0.04449725,0.0672892,0.004396409,0.006295055
540,619.34094,628.60834,601.47687,642.4787,575.1958,684.0144,558.24054,723.4656,465.03824,619.2009,355.6203,669.3305,587.8746,649.4138,550.14417,614.68744,521.212,345.10065,328.83087,335.25702,330.93036,346.46637,405.63672,410.85797,485.84875,461.0462,507.22766,492.62524,564.4729,563.44977,574.4075,582.63403,574.324,597.2298,0.9827025,0.94904983,0.962471,0.64736825,0.77093655,0.9700841,0.9905786,0.8676864,0.95812476,0.8566445,0.93712693,0.65965044,0.75438666,0.044838727,0.06780356,0.0044172406,0.0063255727
541,619.30817,628.50397,601.41064,642.33813,575.10425,684.098,558.2396,723.70544,464.8317,619.0172,355.5203,669.39124,587.98193,649.4002,550.76355,614.26624,521.91534,345.15247,328.82623,335.33386,330.73724,346.45892,405.29358,410.5728,485.7013,460.7445,507.29114,492.3988,564.293,563.2849,574.3322,582.52783,574.4244,597.208,0.9826599,0.9490477,0.9623903,0.6476142,0.7704334,0.96998334,0.99050075,0.86707973,0.9576933,0.85593253,0.9365895,0.6569661,0.75185287,0.044399768,0.06707123,0.004378915,0.006265521
542,619.05664,628.2353,601.1865,642.1466,574.94055,684.1493,557.95935,724.0088,464.67416,619.598,355.5201,669.5857,587.9399,649.517,549.9163,614.2416,521.4284,345.27698,328.87762,335.41412,330.59546,346.38702,405.32837,410.83228,485.51404,460.99268,507.24738,492.55304,564.85767,563.95105,574.3815,582.7947,574.55316,597.57574,0.9826907,0.9493972,0.96252906,0.64864445,0.7699683,0.96960473,0.99036086,0.86529315,0.9569901,0.8543829,0.93568707,0.65127575,0.74711853,0.043414026,0.06559488,0.004301429,0.0061535537
543,619.0879,628.22974,601.2266,642.01416,574.8756,683.9939,557.7529,723.86383,464.49887,619.489,355.57672,669.6701,587.8793,649.97723,549.39026,614.90735,520.5972,345.30707,328.872,335.4048,330.51593,346.2942,405.08582,410.7323,485.3109,461.13806,507.23242,492.71204,564.3277,563.48694,574.25116,582.6952,574.47205,597.4433,0.98265535,0.9490684,0.96258765,0.6463574,0.77083087,0.96961033,0.99040747,0.8661535,0.9575199,0.85552603,0.9364778,0.6544465,0.74996555,0.043935508,0.06641412,0.004344046,0.0062170625
544,618.94403,628.0427,601.12024,641.8667,574.8199,683.8771,557.9361,723.5928,464.69693,619.23987,355.7261,669.9204,588.35254,649.99786,549.51166,614.5524,520.5253,345.5008,329.03503,335.55298,330.39948,346.14838,404.88342,410.53558,485.2837,461.24255,507.44324,492.71613,564.1973,563.3158,574.23584,582.4765,574.0691,596.64386,0.9825251,0.9488367,0.96223176,0.64643246,0.7695544,0.9695945,0.99033284,0.86645913,0.95725685,0.8555999,0.9361671,0.6535386,0.7486353,0.043748647,0.06594622,0.0043289363,0.0061840415
545,618.9917,628.1161,601.1298,641.9834,574.78644,683.9439,558.12115,723.6675,464.96985,618.8484,355.70856,670.1002,588.6309,649.7334,549.4494,614.95654,520.9296,345.73853,329.2497,335.774,330.55853,346.33093,405.08356,410.5951,485.44885,460.94116,507.36353,492.58386,564.3212,563.369,574.99164,583.2141,574.9366,597.6541,0.9827467,0.9496137,0.9627173,0.64826643,0.77008176,0.96951604,0.9903147,0.86585504,0.9570551,0.85542727,0.93601906,0.6524707,0.7478775,0.043607622,0.0657385,0.004307449,0.0061538815
546,618.77997,627.921,601.00745,641.8142,574.75757,683.74866,557.8576,723.6464,464.57697,618.8395,355.47495,669.93555,588.55237,649.8153,549.9321,614.9538,521.73584,345.65106,329.29626,335.70428,330.7345,346.24786,405.30438,410.5664,485.5558,460.81317,507.24353,492.38287,563.668,562.6506,573.8048,581.92773,573.5569,596.32465,0.9827183,0.9495664,0.9625798,0.6499745,0.7702122,0.9697838,0.99044883,0.86614674,0.9574008,0.8553539,0.93628526,0.65502065,0.75044554,0.04444158,0.06713992,0.004413575,0.006318867
547,618.45197,627.6023,600.7413,641.5828,574.7104,683.5844,557.8685,723.5733,464.76852,619.36487,355.5501,669.8879,588.44,649.8437,548.94244,615.9984,520.70276,345.59906,329.32605,335.69708,330.99695,346.44147,405.5553,410.67145,485.6692,460.6643,507.28284,492.43933,563.554,562.47754,573.0636,581.1975,572.5951,595.4901,0.9824691,0.9490545,0.96181184,0.64984244,0.766807,0.9695457,0.9903533,0.8667122,0.9574352,0.85614026,0.93641716,0.6563554,0.7513113,0.044724345,0.06744,0.0044496357,0.0063643456
548,618.1958,627.459,600.49817,641.5341,574.4226,683.4315,557.45386,722.96765,464.40344,618.5773,355.14325,669.75446,588.01855,649.47394,547.7446,616.16284,520.03973,345.65295,329.3816,335.71124,331.09192,346.43005,405.65997,410.8512,485.59973,460.85974,507.315,492.57916,564.60394,563.53735,573.55725,581.7014,573.7262,596.5179,0.9827759,0.9500402,0.9624407,0.6517391,0.76756847,0.9696764,0.9903178,0.8673197,0.95715237,0.85705906,0.9362536,0.6555785,0.7498789,0.044573665,0.066883594,0.004434556,0.006318927
549,618.07275,627.3115,600.39526,641.3513,574.3473,683.0702,557.4392,722.69244,464.29736,618.7394,354.61914,669.5303,587.9044,649.41406,547.10254,616.70667,518.9779,345.61688,329.35498,335.7046,331.0692,346.44775,405.56683,410.86603,485.49854,460.90265,507.2124,492.59998,564.66907,563.6717,573.32294,581.6686,573.2318,596.2894,0.98272216,0.9498584,0.96234524,0.650423,0.76691127,0.9694582,0.9902327,0.86762464,0.9571492,0.8577636,0.9364294,0.65414774,0.7484617,0.044108003,0.0660972,0.0043829083,0.0062367916
550,618.0996,627.2983,600.39124,641.25995,574.36115,683.0167,557.46356,722.51465,464.28284,617.8439,354.568,669.2668,587.5607,649.35034,546.8884,616.4398,517.8683,345.37756,329.16138,335.5783,331.07977,346.62292,405.34186,410.9204,485.25897,461.0442,507.2141,492.60315,564.7033,563.79596,572.55383,581.06335,572.4644,595.5304,0.9829204,0.9501116,0.9627189,0.6510141,0.7686311,0.9699906,0.9904878,0.8700375,0.9583612,0.86014616,0.9379492,0.65938485,0.75334024,0.04475391,0.06720364,0.0044297874,0.0063146353
551,618.14,627.3696,600.3937,641.26074,574.3275,682.7827,557.84436,721.96686,464.84433,617.2245,354.65033,668.884,587.58716,648.9719,547.83203,616.8623,519.3396,345.29443,329.0633,335.49683,331.03162,346.6106,405.11542,410.6195,484.9646,460.58704,507.1527,492.61536,564.6141,563.62964,573.3268,581.5462,573.04626,595.6295,0.9829323,0.9498378,0.96261644,0.6496506,0.768455,0.9701426,0.99056524,0.8712901,0.95895755,0.86178577,0.9389305,0.662034,0.7556816,0.04480928,0.06738219,0.0043919384,0.0062679052
552,617.99054,627.201,600.29675,641.18695,574.4505,682.972,557.8267,722.1026,464.77432,617.1302,354.62067,668.9847,587.5742,649.1727,548.3493,615.57904,519.0359,345.23682,328.98236,335.42145,330.94043,346.52094,404.79535,410.406,484.80975,460.80695,506.86993,492.66992,564.3855,563.43164,573.214,581.42017,572.91327,595.4061,0.98284566,0.9498863,0.9622067,0.652505,0.76687574,0.9705651,0.9906,0.8723631,0.9587401,0.86180663,0.93833745,0.66659355,0.75853115,0.0459657,0.06880891,0.0045200884,0.0064357817
553,618.0906,627.1574,600.3085,640.96185,574.3015,682.7846,557.79156,721.72314,464.48624,616.5122,354.81573,669.0762,587.6397,648.954,547.1843,615.3135,516.98865,345.09418,328.80658,335.3855,330.7141,346.6427,404.5448,410.52094,484.42004,460.72882,506.83612,492.63666,564.03735,563.2448,571.5703,580.10846,571.2726,593.95575,0.9827934,0.9498259,0.9621488,0.6515466,0.7666156,0.970333,0.990433,0.8724618,0.95820534,0.8620616,0.9378058,0.6620936,0.75388205,0.045123905,0.06713086,0.0044595897,0.0063156188
554,618.0785,627.1611,600.2714,640.93,574.19635,682.7031,557.56726,721.4821,464.12555,616.4748,354.77808,669.11444,587.5515,649.07117,546.8685,615.85187,517.02203,345.1645,328.88367,335.44727,330.87714,346.784,404.7381,410.73193,484.3427,460.76654,506.40222,492.65167,563.86804,563.11304,570.7524,579.3081,570.4379,593.1274,0.9828726,0.95000815,0.96239185,0.6513648,0.76756287,0.9703432,0.9904515,0.872576,0.95830786,0.8626125,0.93811804,0.6620694,0.7539276,0.04535827,0.06746015,0.004501164,0.0063726604
555,618.1409,627.18665,600.2847,640.973,574.19183,682.82086,557.66315,721.5388,464.14948,617.06104,354.7809,669.24023,587.6083,649.324,546.4916,615.76044,516.1189,345.0855,328.76245,335.39032,330.667,346.71747,404.5249,410.52942,484.21362,460.53436,506.10547,492.51263,563.06555,562.3121,569.7211,578.28375,569.2616,592.0089,0.98288643,0.9500172,0.96259147,0.6509296,0.768696,0.97016025,0.9904831,0.87128067,0.95843065,0.861194,0.93805325,0.6612423,0.75427586,0.04551652,0.06801176,0.0045491755,0.0064629614
556,618.04517,627.0726,600.2588,640.67615,574.0002,682.2463,557.2491,720.87964,463.88477,616.3536,354.39413,668.73315,587.2193,649.7513,546.97046,616.6678,517.0378,344.89282,328.71417,335.23486,330.66614,346.4666,404.65674,410.47687,484.28723,460.53186,506.00342,492.42224,563.5145,562.7417,570.9208,579.35376,569.9314,592.59424,0.98279715,0.9495064,0.96262646,0.6479032,0.7701924,0.9700429,0.99043405,0.8711562,0.95838004,0.8610833,0.9380832,0.661421,0.754188,0.045258075,0.06762484,0.004509568,0.0064030886
557,618.1049,627.14996,600.18713,640.6623,573.6938,682.21387,557.0558,720.8233,463.65646,616.08264,353.5943,668.9861,587.32983,650.3174,547.28955,616.7269,516.7788,344.88,328.6551,335.235,330.65436,346.58325,404.516,410.5703,483.86572,460.4795,505.83997,492.61957,563.0862,562.42505,570.1206,578.67395,569.1927,591.9037,0.9830239,0.94978464,0.9633944,0.6464571,0.7741406,0.970181,0.99059033,0.8710089,0.9589511,0.8608371,0.9386806,0.6621564,0.75580955,0.04545757,0.06822905,0.00454098,0.00646773
558,618.177,627.1639,600.22424,640.66364,573.7754,682.14136,557.57227,720.60516,464.39688,615.9253,354.0062,669.1152,587.68005,650.7991,547.50385,617.01117,515.79004,344.84448,328.60187,335.25928,330.54803,346.64203,404.2837,410.31854,483.86987,460.2284,505.96777,492.58112,562.8082,562.13135,569.645,578.2163,568.4802,591.2466,0.9830067,0.9496629,0.9634172,0.6453593,0.7744069,0.97008973,0.99056816,0.87123495,0.9591582,0.860971,0.9389254,0.6618559,0.75576127,0.04525885,0.068024725,0.004523754,0.006449312
559,618.2253,627.20984,600.2862,640.6184,573.74634,682.0835,557.499,720.6307,464.15253,616.16406,353.80533,669.05023,587.65173,650.0701,546.8972,616.68036,515.49243,344.82477,328.67432,335.27612,330.74835,346.73828,404.48065,410.48944,483.7782,460.25903,505.87787,492.4845,562.75916,562.0123,569.1299,577.50146,567.8384,590.211,0.98299503,0.94943947,0.96345395,0.6441733,0.77520335,0.9700817,0.99063253,0.87135553,0.9595504,0.8614212,0.93948835,0.66132027,0.75589556,0.04509288,0.06790513,0.004507482,0.0064333677
560,618.2799,627.1915,600.3028,640.5123,573.72107,682.1034,557.58734,720.7172,464.20673,615.87585,354.06488,669.12384,587.8103,650.16925,547.55176,616.0868,515.69824,344.80383,328.57446,335.25684,330.47223,346.6407,404.12164,410.28912,483.75232,460.3911,506.1394,492.6966,563.0354,562.3536,569.7257,578.13635,568.69385,590.99426,0.9831077,0.9496355,0.96367323,0.64473045,0.7763033,0.9704287,0.9907408,0.872085,0.95980287,0.8616116,0.93964446,0.66378975,0.7579161,0.04544756,0.06845844,0.004529983,0.0064686537
561,618.1479,627.0608,600.24664,640.25793,573.58923,681.8955,557.15814,720.73193,464.56503,616.0525,354.13727,668.77185,587.2622,650.69196,547.206,616.49744,515.79694,344.73718,328.57806,335.15662,330.4886,346.41492,404.31055,410.3037,483.83582,460.44678,506.00146,492.7721,562.98224,562.2246,570.4474,578.7123,568.8333,591.1954,0.98315597,0.94946635,0.964118,0.6431175,0.77926326,0.9703313,0.9908774,0.87077624,0.96037877,0.8602069,0.94008493,0.6656223,0.76106644,0.04573399,0.06952205,0.004565537,0.0065630674
562,618.3036,627.1404,600.37384,640.16223,573.6655,681.6055,557.51636,720.3059,464.8276,616.1489,354.05927,668.7269,587.49,650.6947,546.9286,617.47943,515.0601,344.63965,328.49854,335.16302,330.51312,346.6377,404.2428,410.41992,483.63428,460.38293,506.0968,493.04736,562.8628,562.19714,570.36017,578.7908,569.0227,591.46643,0.98311776,0.94914424,0.96414125,0.6403187,0.779806,0.9700668,0.9908128,0.87081337,0.96049786,0.8605725,0.94036484,0.66483045,0.76050735,0.045447737,0.06907681,0.004528165,0.0065051317
563,618.2109,626.9942,600.2005,640.0648,573.58405,681.3828,558.0767,719.76416,465.1574,615.895,353.97852,669.0538,588.406,650.1995,547.8737,616.4101,515.0166,344.5921,328.40546,335.15247,330.32898,346.6518,403.6996,409.95154,483.38287,460.06775,506.42755,493.1554,561.5106,560.85754,569.735,578.1342,568.09265,590.3138,0.98313814,0.9494811,0.96401715,0.64300925,0.7792829,0.9702776,0.9907942,0.87102467,0.9600775,0.85964024,0.9394691,0.6648105,0.75982434,0.045623153,0.06904134,0.004555285,0.0065257847
564,618.1079,626.9361,600.06915,640.0652,573.4156,681.3207,557.92957,719.8922,465.06635,616.4779,353.87463,669.06366,588.31287,650.46326,547.73315,617.4217,515.17316,344.6233,328.4245,335.18933,330.35223,346.70624,403.6034,409.95068,483.08344,459.90442,506.28247,493.0141,561.3876,560.8046,569.806,578.3444,568.5222,590.88116,0.9829179,0.94870037,0.96363604,0.63928103,0.7780983,0.9698935,0.99070233,0.8708322,0.9601983,0.860168,0.93991077,0.6654035,0.76046973,0.04577014,0.0693315,0.0045621097,0.0065386593
565,617.94305,626.76855,599.8929,639.9281,573.2236,681.3977,557.4951,720.07043,464.08417,616.3965,353.47418,668.9486,587.9895,650.772,548.17834,617.1987,515.6735,344.64362,328.40198,335.18256,330.30457,346.6925,403.5028,410.00525,482.95062,460.1416,506.4336,493.01202,560.75226,560.23553,568.6743,577.11774,568.18146,590.15576,0.98299575,0.9491005,0.96366954,0.6418083,0.77776474,0.97032785,0.9907858,0.8715859,0.96011573,0.86051154,0.9397901,0.6703398,0.7639389,0.047697186,0.07199511,0.0047997534,0.0068686306
566,617.68524,626.5783,599.66516,639.94446,573.148,681.3088,557.2865,719.94006,463.8556,617.7184,353.50266,668.9312,588.00214,651.291,548.8531,617.3206,516.82245,344.5923,328.36462,335.10022,330.26556,346.53864,403.68054,410.1319,482.8023,460.17694,506.07684,492.82507,560.77637,560.3395,568.91016,577.4666,568.06946,590.1924,0.98316365,0.9499709,0.9639431,0.6458902,0.77820635,0.97056496,0.99073553,0.8709927,0.9592657,0.8590429,0.9384497,0.6694867,0.7621545,0.047787726,0.07181525,0.0048322678,0.0068939626
567,617.66675,626.58386,599.6085,640.0944,573.06744,681.52313,557.3464,720.11273,463.9323,617.4721,353.68063,669.38715,588.22876,651.8163,548.2995,618.0293,515.8517,344.7387,328.40186,335.16974,330.08826,346.42242,403.5061,409.922,482.99323,460.1776,505.9829,492.912,560.7627,560.30426,569.0491,577.6161,568.2449,590.5211,0.98311627,0.9500234,0.9639016,0.6450561,0.77676475,0.9700384,0.99057364,0.86964536,0.95886683,0.85837173,0.93814445,0.66587055,0.7594039,0.04711184,0.070877105,0.004771173,0.0068122447
568,617.7163,626.5647,599.66406,639.8713,573.0584,681.38,557.2326,720.4546,464.13486,617.1812,353.91583,669.10065,587.9204,652.05176,548.4053,618.91614,516.0698,344.4297,328.14868,334.94275,330.01685,346.4134,403.36194,409.7956,483.01428,460.00592,505.87494,492.6424,560.1452,559.72095,568.1275,576.84894,567.53076,590.11755,0.9830818,0.94971174,0.9639061,0.6433153,0.77725077,0.969875,0.990571,0.86956704,0.9590792,0.8587687,0.9385538,0.6640072,0.758188,0.04662767,0.070293486,0.0047127604,0.006735772
569,617.76953,626.61145,599.67334,639.8428,572.9589,681.4395,557.1481,720.55035,464.427,617.48206,353.92926,668.8782,587.5862,652.3025,548.6918,619.1684,516.9851,344.41138,328.07245,334.92938,329.82635,346.34778,403.29608,409.72943,483.30493,460.09827,506.0605,492.5041,560.93915,560.52576,568.8578,577.5845,568.31635,590.93274,0.98304045,0.9494233,0.9639542,0.6410522,0.77800167,0.969738,0.99048305,0.8690773,0.9587809,0.8582751,0.93825483,0.66060644,0.7550415,0.04566139,0.06883225,0.0046027005,0.0065727234
570,618.1188,626.8666,599.8815,639.79565,572.79205,681.65405,556.3774,720.84094,462.75247,616.81067,353.2973,669.24243,587.2835,652.58545,547.5923,620.24194,515.904,344.07202,327.8634,334.7677,330.229,346.9532,404.50165,411.23492,483.64716,460.66693,505.62354,492.43164,562.2724,562.077,569.20526,578.39557,569.7107,592.81586,0.9830803,0.94938993,0.96423197,0.63904583,0.77943915,0.9694011,0.99047685,0.86753106,0.95865893,0.8574084,0.93824244,0.66019225,0.75542694,0.045852154,0.06921163,0.0046347976,0.0066229105
571,618.35364,627.0574,600.2166,639.6632,572.8432,681.5421,556.29065,721.1848,463.07257,616.28503,353.2578,669.5784,587.81805,652.53625,548.3535,619.8947,517.56,344.49408,328.27417,335.01862,330.25934,346.61108,404.33472,410.84668,483.5738,460.57166,505.67273,492.3595,562.38196,562.0315,569.7759,578.5099,570.5433,593.14056,0.9825803,0.94759643,0.96333003,0.6322037,0.7780082,0.9691633,0.9903494,0.8679216,0.95854884,0.8582355,0.9384554,0.66133577,0.75580424,0.046385437,0.06981644,0.0046877265,0.0066833794
572,618.15155,626.8721,600.0691,639.6221,572.9406,681.4968,556.55804,720.8113,462.94702,615.5315,353.03665,669.5705,588.0784,651.9542,548.75916,619.44434,517.9319,344.29956,328.1228,334.83923,330.19684,346.4984,404.32562,410.70435,483.93286,460.64526,505.9132,492.1933,562.6612,562.21765,570.39514,578.9542,571.2206,593.554,0.9826362,0.94791424,0.9632213,0.63500756,0.77684,0.96932065,0.99043614,0.86811763,0.9587823,0.8582983,0.9386828,0.6620933,0.7568828,0.046399027,0.06999159,0.0046718717,0.0066761076
573,618.1904,626.9285,600.07947,639.70703,572.96063,681.59436,556.6548,720.9286,462.9957,615.73804,353.10107,669.6516,588.20966,651.9142,549.12103,619.0945,518.06146,344.32068,328.1595,334.87292,330.3271,346.6239,404.40668,410.75696,483.9912,460.6886,505.97864,492.21948,562.16846,561.7023,569.77576,578.2643,570.6811,592.886,0.9827149,0.94818866,0.96334183,0.6365087,0.7774459,0.96955395,0.9905089,0.86828667,0.9588324,0.8580439,0.938585,0.6632833,0.7578934,0.046872705,0.070696056,0.004732549,0.0067640245
574,618.09357,626.8844,600.0,639.7153,572.8488,681.49176,556.43787,721.006,462.77634,616.1986,353.07242,669.52954,587.9838,651.81213,548.3998,619.54224,517.6052,344.41998,328.27722,334.9328,330.43842,346.60352,404.67145,410.91504,484.05066,460.66315,505.92285,492.20984,562.50287,562.0022,569.93353,578.42303,570.60956,592.9308,0.9828479,0.9483607,0.96368444,0.6362057,0.77859926,0.9696361,0.9906446,0.8688009,0.9596231,0.859196,0.9397335,0.6652852,0.7604919,0.047031194,0.0712696,0.004733622,0.0067889392
575,618.0258,626.7871,599.84204,639.6848,572.7213,681.2344,556.72754,720.48035,462.92792,616.1355,353.30237,669.2709,588.02435,651.49835,548.31635,619.5566,517.0639,344.32166,328.11926,334.9109,330.2486,346.72235,404.47333,410.8952,483.79358,460.4478,505.79132,492.33875,562.2588,561.8676,569.247,577.98755,569.6917,592.2335,0.98314166,0.9493992,0.96427244,0.63883704,0.77947724,0.96970075,0.99059033,0.86891913,0.9592569,0.8594087,0.9393464,0.66234344,0.7574097,0.046468258,0.070171714,0.004689336,0.0067051053
576,618.12286,626.89014,599.86914,639.7628,572.643,681.12726,556.6769,720.15796,462.83344,615.9784,353.29276,669.10077,587.9121,651.4963,548.54724,619.6979,517.4671,344.24567,328.01282,334.8623,330.1233,346.7204,404.31848,410.80786,483.69604,460.278,505.59473,492.16644,561.83026,561.5197,568.6277,577.5526,569.0698,591.8617,0.9831792,0.9492302,0.96436834,0.63733685,0.7804448,0.9699382,0.9906815,0.8701173,0.95972604,0.8608083,0.94008315,0.6650544,0.7595973,0.047029823,0.07098293,0.0047371387,0.0067692995
577,618.3027,626.98267,599.97974,639.62683,572.5885,680.971,556.8318,720.1564,463.18814,616.2135,353.16315,669.2012,588.14746,651.5842,548.6039,619.7895,517.18036,344.16425,327.87128,334.79987,329.92572,346.70715,404.15393,410.7694,483.64575,460.22266,505.58435,492.06055,562.0941,561.8405,568.8285,577.8712,568.86194,591.7621,0.98312116,0.94868445,0.9645403,0.6328381,0.7821611,0.9694682,0.9906119,0.86868703,0.959764,0.8597771,0.94019663,0.6593377,0.75573945,0.045456648,0.068942994,0.0045679808,0.006543517
578,618.26965,626.95795,599.97687,639.62524,572.60925,681.01953,556.67145,720.22656,462.84814,616.2964,352.8804,669.1855,588.0318,651.849,548.75867,619.9187,517.54553,344.15662,327.86334,334.78113,329.87122,346.62634,404.10547,410.8421,483.49567,460.43842,505.32123,492.08508,562.34467,562.1553,569.05444,578.12836,569.2803,592.149,0.98321486,0.94893074,0.96472704,0.6337055,0.7827759,0.969646,0.99068356,0.86897457,0.9599203,0.86002874,0.9403703,0.6606499,0.7568984,0.045701385,0.06935984,0.0045885444,0.00657779
579,618.28784,626.95874,600.0759,639.7403,572.862,681.08527,557.28296,720.28284,463.6713,616.95044,353.1052,669.0547,588.2382,651.5654,548.4314,619.61725,516.9535,344.16675,327.88232,334.78876,329.64398,346.35657,403.94507,410.50958,483.3645,460.16168,505.2505,492.13745,562.4571,562.10284,570.2089,578.959,570.1305,592.6419,0.98315334,0.94881237,0.9645736,0.6338629,0.7820196,0.9696212,0.99064803,0.86929214,0.95997703,0.8602731,0.94037163,0.6617778,0.75767434,0.045640677,0.06925139,0.004559636,0.0065360963
580,618.43024,627.0475,600.2328,639.72504,573.00726,680.9651,557.4379,720.1209,463.5319,616.3367,352.927,668.9879,588.32947,651.3744,548.36285,619.99365,516.8874,344.17786,327.85413,334.8083,329.53998,346.36298,403.768,410.48102,483.2884,460.12036,505.44482,492.08997,562.61053,562.3247,570.6394,579.558,570.77563,593.45,0.98307365,0.9483218,0.96455383,0.63052773,0.78206325,0.96910524,0.9905803,0.86841774,0.96019685,0.86040026,0.94094133,0.6562419,0.7539718,0.043999553,0.06708586,0.0043588877,0.006265044
581,618.46356,627.07666,600.2908,639.89417,573.2679,681.3221,557.693,720.4547,464.02472,617.052,353.22388,668.83386,587.94946,651.6087,547.5227,619.66956,515.427,344.1374,327.72125,334.74707,329.3166,346.27838,403.67462,410.3924,483.2699,460.0183,505.3636,492.06293,563.12695,562.8146,571.4193,580.40906,571.53894,594.38135,0.98332965,0.94951445,0.96495444,0.63552177,0.78179246,0.969367,0.9905268,0.86880594,0.9596255,0.86020577,0.94002986,0.65724194,0.7536484,0.044165105,0.06698257,0.0043783784,0.0062708855
582,618.5017,627.1166,600.37317,640.0527,573.5488,681.585,558.0222,720.4901,464.58774,616.98474,353.82315,669.0161,588.1814,651.18506,547.44073,618.843,515.47675,344.10083,327.66864,334.70178,329.2063,346.18896,403.5019,410.22528,483.08105,459.80963,505.15936,491.80127,563.2618,562.9231,572.08887,581.1195,571.9694,594.89966,0.9832339,0.9495505,0.9645077,0.6379957,0.77942765,0.9694047,0.9904692,0.8689318,0.9592247,0.8598957,0.9393536,0.6571851,0.7529874,0.043919384,0.06640342,0.00433743,0.006200254
583,618.49316,627.0933,600.33374,640.07684,573.4819,681.6156,558.093,720.2728,465.02698,616.9241,354.14188,669.0518,588.2085,651.4227,547.455,617.89307,514.9339,344.26398,327.72705,334.82727,328.95996,346.05695,403.14685,409.91248,483.0952,459.7951,505.09558,491.5282,562.9502,562.6255,571.6817,580.75287,571.2677,594.29846,0.98324037,0.9496411,0.9646844,0.63797915,0.7805124,0.9692898,0.99040806,0.86762756,0.9587592,0.8580212,0.93851113,0.6537821,0.75020844,0.04342264,0.06569889,0.004313886,0.0061674714
584,618.64856,627.2644,600.421,640.2878,573.5644,681.67444,558.2767,719.9844,465.04807,617.0405,353.91193,669.1894,588.4265,651.7477,548.0186,618.4468,515.57513,344.2732,327.67834,334.85468,328.94116,346.20142,403.1853,410.04718,483.1872,459.82703,504.91785,491.45703,562.8312,562.6089,572.42505,581.7141,571.8987,595.219,0.9834012,0.94984126,0.9650395,0.6375862,0.78219575,0.9695779,0.9905747,0.8684848,0.9594285,0.85897297,0.93939286,0.6583579,0.75453514,0.044102043,0.06689963,0.0043525994,0.006235659
585,618.6588,627.28253,600.43567,640.36646,573.59045,681.81396,558.1175,720.3827,464.96783,616.89746,354.12854,668.99054,587.98413,651.964,547.68414,618.3375,514.75867,344.27228,327.66113,334.8468,328.91895,346.1917,403.13593,410.07172,483.09082,459.87128,504.94434,491.54065,562.828,562.63983,572.29175,581.72296,571.5184,595.0908,0.9833477,0.9497378,0.9649681,0.6374348,0.78151906,0.9693849,0.99054706,0.8680929,0.95946455,0.8588692,0.9394716,0.6575669,0.75416076,0.043830812,0.066622615,0.0043275654,0.0062084794
586,618.8411,627.3821,600.7401,640.20544,573.9158,681.62634,558.3544,720.28186,465.4141,616.7539,354.20703,668.798,588.069,651.5568,547.70483,618.4869,515.1931,344.0598,327.58862,334.71313,328.91913,346.0606,402.99036,409.83368,483.04102,459.74377,505.04346,491.5548,562.8114,562.54755,572.6041,581.8894,572.07654,595.50037,0.98330545,0.9492096,0.9649553,0.6354633,0.78299475,0.96957636,0.99072313,0.86895764,0.96037436,0.85961497,0.9404883,0.6617192,0.7585502,0.04447207,0.06789583,0.0043741167,0.006296009
587,618.692,627.2579,600.57117,640.25037,573.8176,681.7821,558.28815,720.54205,465.2193,617.1068,353.95657,668.8443,587.8948,651.8856,547.3879,618.7037,514.469,344.0722,327.58978,334.7379,328.87378,346.06964,402.9613,409.84906,482.99146,459.79767,505.06042,491.6599,563.41907,563.177,572.8904,582.23364,572.1809,595.64124,0.98317593,0.94921196,0.96449053,0.63671976,0.7801674,0.96952665,0.9905406,0.8696899,0.95968246,0.8600955,0.939687,0.6614775,0.75674444,0.044323266,0.06715003,0.004360497,0.006242156
588,618.8447,627.3441,600.7668,640.31445,574.0041,682.0583,558.23193,720.94635,465.19647,616.74164,353.88864,668.94666,587.7854,652.402,547.22833,618.63983,514.09985,344.1037,327.6181,334.81012,328.75476,346.04053,402.83185,409.90106,482.7115,459.7572,504.8412,491.5512,563.14465,562.9789,572.8545,582.3934,572.44617,596.2228,0.9830332,0.9487975,0.9643364,0.6353173,0.7799811,0.969308,0.9904928,0.86916316,0.95961976,0.85978603,0.9396268,0.6616045,0.7570225,0.044485748,0.067465484,0.004380673,0.006275207
589,618.89923,627.3369,600.8158,640.23956,573.9905,681.98395,558.33984,720.9969,465.29803,616.568,353.71887,668.84155,587.85205,652.17224,547.4383,618.2277,514.1223,344.11194,327.58124,334.84882,328.4613,345.90015,402.3537,409.6136,482.57825,459.78052,505.12885,491.4558,563.0701,562.9662,573.5935,583.236,573.5719,597.3766,0.9829891,0.9484714,0.9642817,0.63384557,0.7803605,0.96947193,0.99054736,0.87002444,0.9599216,0.8604435,0.9399909,0.6649684,0.75970834,0.045066,0.068309456,0.004416406,0.0063236654
590,618.9863,627.37915,600.92755,640.1098,573.9997,681.8632,557.94434,720.79614,464.87637,615.93524,353.7624,668.4139,587.15405,652.5212,546.78644,619.04034,513.65,343.90417,327.43134,334.7163,328.48328,345.9616,402.49384,409.88635,482.34058,459.73932,504.83496,491.41357,562.91876,562.91113,573.10016,582.9336,573.5796,597.63525,0.9831214,0.9485487,0.9647167,0.632835,0.78267765,0.96967506,0.9906851,0.87102777,0.9606241,0.86197186,0.9410629,0.6694052,0.7637695,0.04608476,0.069969,0.0045177042,0.0064760447
591,619.18286,627.50006,601.1593,640.0749,574.18835,681.825,558.1387,720.67944,465.05524,615.11597,353.3438,668.418,587.2632,652.4046,546.7042,618.6123,513.1001,343.98218,327.50897,334.81647,328.45618,345.9912,402.35266,409.9699,482.2785,460.0907,504.69934,491.51788,563.5692,563.60754,574.07947,583.9546,574.07056,598.10864,0.9830029,0.9478661,0.9646609,0.6295099,0.78341687,0.9693264,0.9907044,0.8702562,0.9610367,0.86159027,0.94157344,0.6662971,0.7624103,0.044756204,0.06839368,0.004356116,0.0062707365
592,619.29565,627.6516,601.25446,640.22974,574.2922,681.74304,558.3032,720.69836,465.5712,615.7419,353.56128,668.39703,587.4551,652.8545,547.86597,619.37115,514.7612,343.91986,327.4737,334.74872,328.52307,345.97705,402.3767,409.8297,482.16882,459.72046,504.34436,491.4627,562.8543,562.9028,573.9937,583.94885,572.9911,597.3733,0.9828969,0.9473392,0.96452594,0.6274196,0.7838304,0.9690894,0.99071527,0.8693682,0.9612162,0.86085755,0.9417544,0.6643718,0.7615789,0.044041753,0.067656636,0.0042716563,0.006170392
593,619.5662,627.8873,601.5287,640.1625,574.199,681.61304,557.63806,720.5663,464.97412,615.8231,352.7446,668.2456,586.89075,653.2721,547.00415,619.5648,514.26135,343.85626,327.41986,334.65234,328.36975,345.71655,402.40613,409.90814,482.0503,459.89062,503.72992,491.6355,563.5458,563.6632,574.66315,584.7092,573.1933,597.84534,0.98290503,0.94688535,0.9650604,0.6222939,0.7874925,0.96864927,0.9906837,0.867414,0.9611949,0.85919785,0.9416436,0.66010094,0.7590378,0.042960525,0.06632307,0.00417313,0.0060421526
594,619.6212,627.8751,601.4931,640.1069,574.0238,681.8572,557.66205,720.52057,465.05963,614.8338,352.91037,668.7633,587.3291,653.20557,547.05426,618.6287,514.4252,343.93353,327.3518,334.68976,328.00928,345.6112,402.1676,409.8695,482.12177,460.03033,503.5205,491.37708,563.69775,563.8534,574.41125,584.43933,573.2499,597.7659,0.98284006,0.94686615,0.964856,0.62267524,0.7863432,0.9686014,0.9906009,0.8667524,0.9605694,0.8583778,0.9408386,0.65823865,0.7569835,0.043014824,0.06615886,0.004199505,0.006065339
595,619.39453,627.73425,601.3414,640.12335,573.99945,681.8374,557.5071,720.0786,464.83157,614.1279,352.5865,669.03436,587.3436,653.2138,545.7418,619.4214,513.2793,343.7696,327.24762,334.49316,328.04034,345.44263,402.12952,409.82214,481.8886,460.01404,503.33466,491.6137,563.44464,563.5699,573.6288,583.6304,572.7806,597.2782,0.9828745,0.94731617,0.96479475,0.6245745,0.7846376,0.9683955,0.9905056,0.8668379,0.9603083,0.85889477,0.9406363,0.65734714,0.75590515,0.043067932,0.06601527,0.0042204857,0.006082982
596,619.4095,627.70984,601.3614,639.9805,573.9839,681.74207,557.7223,720.27545,465.3213,614.47504,352.61902,669.0476,587.6964,652.6795,546.43115,618.5697,514.2868,343.8161,327.29004,334.51923,327.95142,345.3199,402.05554,409.56598,482.0841,459.87787,503.37244,491.72137,563.6319,563.6474,574.1092,583.89813,573.0122,597.3867,0.98283386,0.9469723,0.96478677,0.6234077,0.7856178,0.96837336,0.99056053,0.8660083,0.9604563,0.8577852,0.94060194,0.6545167,0.75436455,0.042280734,0.06511256,0.0041304827,0.0059717596
597,619.5347,627.8596,601.3912,640.0845,573.80646,681.5296,557.71497,719.8343,464.8239,614.36957,352.2646,669.0692,587.89246,652.5091,546.79346,619.2153,514.8003,343.5523,327.0094,334.25208,327.69458,345.10132,401.82855,409.33185,481.95917,459.6543,503.4308,491.56232,563.3099,563.3525,574.34735,584.08044,573.31464,597.439,0.983058,0.94748604,0.9652769,0.6228879,0.7870549,0.96850294,0.9905822,0.86658037,0.96054024,0.85867757,0.9409621,0.6552742,0.75470656,0.042418927,0.0651997,0.004132241,0.005964339
598,619.4745,627.85614,601.385,640.11664,573.7882,681.54376,557.6811,719.6565,465.14877,614.22815,352.31177,669.2719,588.04724,652.89355,546.9541,619.5896,515.4242,343.59918,327.0973,334.27423,327.73914,344.97418,401.89038,409.30792,481.79932,459.5924,503.40344,491.83667,563.69604,563.6936,575.10736,584.697,574.43616,598.42755,0.98311806,0.94746023,0.96541095,0.62232625,0.7881721,0.9688542,0.9907054,0.86778957,0.9610373,0.85968685,0.9415493,0.66107696,0.75954074,0.04354599,0.066945106,0.0042330027,0.006113738
599,619.52637,627.8778,601.4379,639.9852,573.66077,681.39294,557.45374,719.7729,465.23676,614.9651,352.5665,669.2914,587.9824,653.0164,546.64386,620.40576,515.9787,343.59778,327.04016,334.22095,327.48083,344.71234,401.70178,409.08588,481.7829,459.47888,503.21716,491.7566,564.20953,564.23676,575.69116,585.3351,574.63745,598.77295,0.9831419,0.94722664,0.9654976,0.6195854,0.7886967,0.9689232,0.99067426,0.86912733,0.96121824,0.8615936,0.9421433,0.6609186,0.75873923,0.043053806,0.06600839,0.0041546524,0.0059843063
600,619.5488,627.9396,601.5164,640.0231,573.716,681.6486,557.2795,720.96387,465.83057,615.9532,353.31638,669.1471,587.42694,653.70624,546.02856,620.0343,514.14404,343.30396,326.85693,333.93713,327.47748,344.45856,401.6621,408.9734,481.27136,459.22174,503.4757,491.3653,564.18585,564.1022,575.20294,584.69507,574.3949,598.3231,0.9833336,0.9474973,0.9662312,0.6192124,0.7926525,0.9690441,0.99084705,0.8688456,0.9620354,0.8610494,0.94289,0.66120696,0.7604198,0.042738557,0.066108406,0.0041237473,0.005976528
601,619.50476,627.9369,601.4512,640.07947,573.7208,681.38586,557.8002,720.39374,466.59833,616.82837,354.22385,669.13727,587.96173,653.3133,546.7923,621.50305,516.56665,343.11523,326.67273,333.75513,327.24957,344.24768,401.5067,408.5327,481.17517,458.46606,503.40253,491.18634,564.20465,564.0415,575.37573,584.69507,574.4591,598.2054,0.9833842,0.9474101,0.96604884,0.618611,0.7915443,0.9694053,0.990938,0.8711931,0.96269333,0.8639262,0.9440993,0.666181,0.76410896,0.043533474,0.0672259,0.0041710734,0.0060396492
602,619.3654,627.8177,601.31177,640.1492,573.7903,681.52527,558.1668,720.52747,466.56482,617.3804,353.59164,669.6428,588.6371,653.2362,546.83105,621.2313,516.2294,343.00037,326.46997,333.56122,326.95416,343.97943,401.34558,408.28503,481.27075,458.3479,503.25604,491.12427,564.20087,563.9892,574.8427,584.11707,574.03284,597.7679,0.9833145,0.9477626,0.9655905,0.62170106,0.7880741,0.9693112,0.9907445,0.871004,0.9617238,0.86346376,0.94287896,0.6628337,0.7600074,0.043236673,0.06625962,0.0041605234,0.0059939325
603,619.28,627.80206,601.28357,640.2794,573.93726,681.57117,558.296,720.45667,466.69537,617.18616,353.70312,669.3744,588.29083,652.9433,546.1469,621.7531,515.3987,342.96643,326.53845,333.58313,327.2401,344.1621,401.40747,408.29486,481.1869,458.28015,503.24512,491.1501,564.316,564.0373,575.06354,584.27655,574.4021,598.0414,0.98328495,0.9476312,0.9654021,0.6218667,0.78684866,0.9694017,0.99083686,0.8724758,0.96247375,0.8653778,0.943956,0.6680991,0.76471615,0.044029623,0.067581,0.004216343,0.0060845315
604,619.10156,627.66907,601.1671,640.37177,573.9971,681.89703,558.0369,720.9524,466.09686,617.17755,353.4944,669.5151,588.1013,652.8462,545.6016,621.0799,514.7531,343.07593,326.60974,333.60425,327.23584,344.05286,401.25098,408.26526,481.02258,458.62585,502.83655,491.16443,563.87317,563.6124,574.30383,583.5058,573.50073,597.07275,0.9832151,0.9481708,0.9650315,0.6264117,0.78329635,0.96914595,0.9906401,0.8713486,0.96136963,0.8642098,0.94251245,0.66308546,0.7595831,0.043369323,0.06620371,0.00417915,0.006009668
605,618.8834,627.4685,601.0167,640.3009,574.02,681.9211,558.1587,720.9398,466.1192,617.453,353.52185,669.7385,588.44196,652.5284,545.7393,620.9566,515.2207,343.0713,326.65985,333.6145,327.23376,343.95862,401.13074,407.98108,481.16687,458.51196,502.72278,490.83276,563.8175,563.4713,574.08655,583.13416,573.6257,597.0357,0.9830378,0.9478699,0.9645804,0.62651455,0.78129715,0.96887887,0.9905238,0.87057364,0.96099234,0.8634969,0.94207346,0.6599232,0.7568909,0.042946577,0.06553656,0.004146397,0.0059616566
606,618.8548,627.4022,600.9389,640.16724,573.9169,681.83044,558.0717,720.8473,466.17014,617.54126,353.2464,669.706,588.2245,653.0364,545.2173,621.51483,513.9073,342.9657,326.5746,333.59845,327.29163,344.1753,401.162,408.11206,481.0437,458.39,502.38184,490.89838,563.92395,563.65765,574.0942,583.3924,573.6094,597.4453,0.98307824,0.9477594,0.96487224,0.6245815,0.7829931,0.9686587,0.9905702,0.86985457,0.9613886,0.86279917,0.94240344,0.6603795,0.7583516,0.042856485,0.06574261,0.004138857,0.0059722364
607,618.6762,627.2005,600.84045,640.04297,574.08136,681.6229,558.356,720.9668,466.31293,618.2335,352.90277,669.4486,588.36725,652.8329,546.0193,621.126,514.1055,342.6507,326.326,333.32758,327.0899,343.9131,400.76868,407.6537,480.85583,458.16602,502.31775,490.68872,563.2112,562.93036,574.1368,583.45667,573.4157,597.3193,0.9829291,0.9473596,0.96438146,0.625378,0.7815033,0.96894,0.99062806,0.871192,0.9616733,0.86357516,0.9426253,0.6646622,0.7615204,0.04355541,0.06674406,0.0041884184,0.0060422122
608,618.52954,627.06934,600.7461,639.9153,574.0354,681.45087,558.04144,720.69995,466.0315,618.4098,352.76245,669.43964,588.35474,653.05396,546.40845,621.31995,515.3221,342.58563,326.28033,333.25513,327.04364,343.78705,400.8584,407.69086,480.9348,458.14435,502.1626,490.53113,563.15765,562.94977,574.0061,583.52515,573.5164,597.8336,0.98298955,0.9475405,0.9646569,0.62552017,0.78296876,0.96877766,0.99060845,0.86952364,0.961337,0.8618217,0.94207954,0.66060454,0.7586111,0.042974263,0.06603265,0.0041466653,0.005991012
609,618.6306,627.13153,600.86414,639.82446,574.0296,681.2865,557.79193,720.3297,466.09497,618.3263,352.7366,669.04895,587.7427,653.345,545.428,620.978,513.59296,342.40143,326.10327,333.08807,326.8117,343.55707,400.71155,407.67297,480.83698,458.4087,501.95898,490.435,563.5668,563.4083,574.60266,584.1955,574.1764,598.5634,0.9831152,0.9475049,0.96530604,0.62295526,0.7869382,0.96884173,0.9907086,0.86932576,0.961808,0.86138964,0.94248843,0.6621005,0.76058066,0.043048114,0.06640744,0.004153073,0.0060139
610,618.53485,627.0712,600.6703,640.0072,573.88763,681.2828,558.12616,719.98315,465.9707,617.89764,352.78278,669.17554,588.15564,653.25037,546.08374,620.95953,513.8632,342.4353,326.00604,333.10052,326.48077,343.46686,400.2202,407.40588,480.422,458.23248,501.9826,490.44733,562.943,562.8794,575.1504,584.8141,575.14215,599.3696,0.98332304,0.9485209,0.9655391,0.6267936,0.7859746,0.9690536,0.99065447,0.8699242,0.96133107,0.86184186,0.94196266,0.6637128,0.7607555,0.04353282,0.06674674,0.0041894615,0.006042987
611,618.7297,627.1757,600.7859,639.9747,573.9498,681.0319,558.47,719.4158,466.01212,617.9746,352.3642,669.1146,588.3386,653.0686,545.4459,620.9147,512.0493,342.2843,325.7699,333.0063,326.20197,343.51093,399.95697,407.44476,480.2171,458.2505,501.9397,490.4051,562.8036,562.8857,575.61237,585.59186,575.9883,600.4458,0.98358047,0.94915974,0.96609527,0.6273179,0.7880721,0.96947116,0.9907134,0.87177694,0.9615452,0.86335194,0.9422365,0.66788244,0.76334107,0.044197083,0.0673863,0.004230976,0.0060765743
612,618.74023,627.15674,600.79034,640.04016,574.02637,681.07764,558.6204,719.03064,465.7579,617.8755,352.00662,669.2707,588.68304,653.45886,546.34094,620.215,512.6988,342.4225,325.76465,333.0888,325.92596,343.40234,399.7146,407.38477,480.17554,458.50623,501.58838,490.35626,562.3852,562.5896,574.8947,584.97327,575.85925,600.2971,0.9835988,0.9496785,0.9659736,0.6299515,0.7867074,0.96975887,0.9905077,0.87235296,0.96017253,0.8633304,0.940603,0.6667894,0.7597622,0.044851243,0.067451864,0.004330635,0.00615862
613,618.8194,627.23047,600.76697,640.14026,573.9461,680.9545,558.71686,718.4945,465.3377,617.8247,351.40994,669.3694,588.89655,653.50934,546.08386,620.0552,511.69232,342.45532,325.63495,333.06055,325.6717,343.36853,399.43738,407.33362,480.07245,458.60352,501.71606,490.6233,561.3801,561.7079,574.2928,584.56854,575.2522,599.81665,0.983909,0.9505596,0.96662194,0.6319221,0.78873956,0.970092,0.9906331,0.8729248,0.96040124,0.8636434,0.940781,0.6688912,0.7615669,0.045425057,0.068240136,0.0043878853,0.0062361658
614,618.8233,627.2733,600.7015,640.22235,573.8208,680.6615,558.7628,718.2318,465.2555,618.1878,351.3071,669.04504,588.82324,653.635,546.95544,620.93274,512.86584,342.46112,325.58215,333.05017,325.50647,343.27417,399.19177,406.93256,480.2868,458.2787,501.65045,490.4536,561.3577,561.71454,574.6866,585.0968,574.94977,599.8949,0.9839052,0.9500029,0.96674657,0.62785476,0.7898639,0.9698628,0.9907669,0.87238204,0.96137816,0.86384165,0.9421607,0.6683773,0.7630144,0.044757217,0.06797668,0.004291266,0.0061448812
615,618.53564,627.0829,600.45544,640.3042,573.7886,680.8134,558.6893,718.43317,465.09814,617.9905,350.61438,669.5111,589.1819,653.91705,547.20306,621.0473,513.47473,342.44348,325.5119,332.96118,325.4005,343.12128,399.02856,407.08545,479.72644,458.41687,501.38513,490.31335,561.51025,562.0122,574.5657,585.28235,574.8491,600.0727,0.9839948,0.9506375,0.966756,0.6311116,0.788268,0.9698479,0.99069667,0.87256795,0.9609668,0.86441165,0.94184697,0.66563946,0.76011693,0.04414594,0.06684822,0.004224539,0.006037563
616,618.43713,627.06714,600.3906,640.3969,573.7361,680.9264,558.4782,718.4171,464.9805,618.32513,350.4894,669.31683,588.7379,653.7214,546.50244,621.22205,513.3337,342.27625,325.41168,332.79486,325.39093,342.96234,399.09253,407.13068,479.56616,458.5451,501.05878,490.29742,561.96436,562.4132,574.9413,585.4708,575.3015,600.1975,0.9839301,0.9503816,0.96653426,0.6306457,0.7874608,0.97006404,0.9907631,0.8738228,0.96134305,0.86578393,0.94240713,0.6716069,0.76480484,0.045446962,0.06870493,0.0043498278,0.006212443
617,618.4468,627.0537,600.41626,640.3092,573.7173,680.881,558.58105,718.56287,464.88675,618.0049,350.03702,668.96606,588.50684,653.07886,546.1013,620.88116,512.8078,342.1892,325.34363,332.7226,325.27924,342.84503,399.02673,406.9865,479.72894,458.54565,501.24268,490.305,562.3396,562.6571,575.61896,585.85175,576.3854,600.862,0.98403263,0.9503173,0.9668196,0.6294103,0.7889602,0.9702445,0.99093676,0.8746625,0.96228397,0.86705637,0.94367397,0.6740124,0.76784056,0.045578957,0.06927496,0.004329294,0.0062077343
618,618.40485,626.9788,600.42053,640.09283,573.6639,680.5768,558.3015,718.4855,464.87967,618.11835,349.90732,668.4016,587.9474,653.0747,545.8741,621.0542,512.64996,342.00818,325.18585,332.55176,325.11536,342.6261,398.99457,406.86536,479.91687,458.59644,501.05908,490.31238,562.4752,562.79395,576.8593,587.171,577.7997,602.5896,0.9840251,0.94990623,0.967062,0.6262163,0.7912383,0.9702039,0.9909748,0.87460834,0.962631,0.86718345,0.94411474,0.67482567,0.7688929,0.045372337,0.06916827,0.0042764544,0.0061407685
619,618.4948,627.0417,600.52,640.0117,573.6902,680.5965,558.17413,718.92896,464.68042,618.385,349.84253,668.5626,588.01135,653.59875,546.36975,621.9072,513.1615,341.90527,325.15143,332.50195,325.25006,342.73035,399.10028,406.98242,479.86353,458.53534,501.0738,490.2528,562.65924,563.01794,576.49347,586.8708,577.9645,602.85187,0.9839329,0.9491645,0.966982,0.6226578,0.79214144,0.9702005,0.9911357,0.8748801,0.96358204,0.8678513,0.9454063,0.67922014,0.77388036,0.046425015,0.07130146,0.004379183,0.0063250065
620,618.4198,626.94904,600.50714,639.988,573.9079,680.5673,558.6656,718.79755,465.19937,618.6764,349.847,668.5019,588.2272,652.7218,545.4613,621.7827,512.4423,341.74683,325.04706,332.4181,325.1977,342.73804,399.01752,406.87592,479.67926,458.20557,500.75867,490.21655,562.36975,562.6638,575.2465,585.6394,576.63635,601.63336,0.98393184,0.9492423,0.96678716,0.62434036,0.79078853,0.97021776,0.99116695,0.87563396,0.96389854,0.86897534,0.9458598,0.6781869,0.77331305,0.046113133,0.07084584,0.0043469667,0.0062802136
621,618.1964,626.72705,600.3131,639.6512,573.6707,680.2106,558.4086,718.4623,465.86432,618.747,350.51068,668.1255,587.9833,653.2501,546.89386,621.76465,514.553,341.50323,324.86432,332.1985,325.0628,342.48688,398.84143,406.55896,479.50134,457.97644,500.50586,490.0318,562.19275,562.48303,575.27527,585.55457,576.3924,601.3137,0.98371315,0.9482925,0.96648604,0.6209277,0.7917031,0.9702177,0.9911336,0.8752276,0.96373874,0.86804086,0.94553804,0.6783691,0.77319515,0.046260208,0.071119994,0.0043729246,0.0063183308
622,617.88635,626.3939,599.9683,639.55035,573.6266,679.9236,559.20154,717.7629,466.1855,618.6045,350.312,668.5439,589.0459,652.3645,546.44006,621.00256,512.7871,341.51666,324.8374,332.23608,324.93915,342.54126,398.46747,406.23138,479.2448,457.61304,500.4408,489.99,561.1191,561.3674,573.6932,583.95306,574.5672,599.32153,0.9840913,0.9500041,0.96693665,0.6285702,0.790992,0.97065026,0.99120903,0.87642956,0.96374065,0.8687881,0.94537026,0.6793288,0.77361155,0.046809286,0.07164338,0.004448861,0.0064139664
623,617.7481,626.2662,599.7876,639.4056,573.3583,679.83624,558.787,717.63745,465.66052,618.15784,350.2646,668.2038,588.31396,651.6881,544.2158,622.2854,511.2925,341.44397,324.81244,332.2475,325.08954,342.81763,398.69727,406.5681,479.43597,457.63696,500.71002,489.94977,561.34326,561.6135,573.07385,583.52234,574.59985,599.57446,0.9841085,0.9498937,0.96682346,0.6278759,0.78969383,0.97071517,0.99131155,0.8783216,0.96461403,0.87167835,0.9468333,0.6847855,0.77840495,0.047905058,0.07329786,0.0045356154,0.0065392256
624,617.558,626.0255,599.6737,639.0828,573.27435,679.5382,558.82166,717.3779,465.5644,618.0563,349.64563,668.1393,588.7093,651.94244,546.0246,622.49036,514.124,341.46228,324.88397,332.28845,325.04065,342.69025,398.58435,406.38354,478.93182,457.1762,500.64496,490.0365,560.91046,561.1625,573.48816,583.6676,574.8439,599.3834,0.98396313,0.9493018,0.9666078,0.6259688,0.7899851,0.97058386,0.9912945,0.87743473,0.96452343,0.8707385,0.9467057,0.6837308,0.77785224,0.047807783,0.07335749,0.0045277774,0.006541878
625,617.4282,625.9314,599.5631,639.0903,573.1801,679.6521,558.749,717.63196,465.78485,617.9763,349.7486,668.2846,588.68884,651.7398,545.1576,622.4945,513.4512,341.39105,324.84473,332.21893,324.96783,342.55627,398.49036,406.305,478.7019,457.05756,500.4218,489.9718,560.74243,560.95404,573.1439,583.3137,574.5647,599.14465,0.9841052,0.9500818,0.9668479,0.62913096,0.789606,0.9705659,0.9912269,0.8772951,0.9641019,0.87064624,0.94615316,0.6817621,0.7757099,0.047501862,0.07262266,0.004509151,0.00649783
626,617.48584,625.9702,599.5271,639.17725,573.0464,679.7808,558.45886,717.5608,465.18988,617.9741,349.02646,668.6903,588.8522,652.39655,545.24756,621.73773,512.8413,341.28387,324.6081,332.06335,324.61066,342.3745,398.3504,406.43378,478.5774,457.29254,500.21252,490.01172,560.4808,560.8856,572.2665,582.834,572.99097,598.056,0.9841989,0.95047486,0.9670886,0.63029337,0.79051816,0.97073287,0.9912352,0.8770368,0.96373343,0.86986387,0.94552946,0.68176913,0.77529174,0.047900885,0.07301313,0.004586071,0.006594479
627,617.33966,625.8874,599.4547,639.0502,573.0147,679.3541,558.56067,716.8604,465.03177,617.5912,349.072,668.53094,589.07874,652.7637,546.7595,622.47034,514.026,341.0631,324.6092,331.87036,324.93134,342.26788,398.26147,406.0824,478.15906,457.1678,499.9225,490.1338,559.5222,559.7711,572.1681,582.0028,572.8137,596.66473,0.98420477,0.9500477,0.9671763,0.6285673,0.79281676,0.9710059,0.9914561,0.8778999,0.9648256,0.8705158,0.9468157,0.68570197,0.77972996,0.048320204,0.07422793,0.004597813,0.0066539347
628,617.30084,625.84094,599.4209,638.907,572.8246,679.16174,558.07245,716.0736,464.9721,615.59064,349.6549,668.7237,588.5702,653.3509,543.7034,625.2706,511.3216,341.0962,324.65778,331.85382,325.12836,342.3542,398.8379,406.2519,478.82758,456.80414,499.247,490.04803,560.05145,560.17694,572.1395,582.07336,571.5764,596.15735,0.98412776,0.94997185,0.9672587,0.62519836,0.7914412,0.96966994,0.9910843,0.8759699,0.96434975,0.8709758,0.94692874,0.6731672,0.7699827,0.04479167,0.06890383,0.0042405725,0.00613302
629,617.2843,625.8461,599.4238,638.8493,572.8097,679.0829,558.1544,716.06793,465.3117,615.6508,349.69626,668.97626,589.0051,653.28674,544.21497,624.7958,511.9691,341.02734,324.65723,331.76587,325.25586,342.2898,399.0783,406.2646,478.84802,456.5597,499.25647,489.90314,559.99677,560.0178,571.04944,580.80786,570.51526,594.9594,0.98421586,0.95014274,0.96741486,0.62607527,0.7926511,0.96999407,0.99121594,0.8761278,0.9645868,0.87069964,0.9470593,0.67530364,0.77214396,0.04574278,0.070467025,0.0043671727,0.006325662
630,616.9524,625.5839,598.9641,638.5819,572.1286,678.7583,557.5681,716.02936,464.36783,616.4198,349.447,669.5945,589.70215,653.7399,545.82074,626.2304,515.1228,340.9796,324.5133,331.6441,325.11395,342.2041,399.1098,406.58716,479.03815,457.33295,499.47577,490.3369,560.0995,560.37756,571.54065,581.4976,572.1134,596.45935,0.9847034,0.95160675,0.9683103,0.62913114,0.7955575,0.9706086,0.99125695,0.8770515,0.9640975,0.8714201,0.94664097,0.6726074,0.7684396,0.045167923,0.06907669,0.004278362,0.006161958
631,616.8132,625.46136,598.8725,638.5,572.14685,679.04694,557.5467,716.66125,464.27286,616.6378,349.6063,669.79407,589.7875,653.7443,546.5044,626.95123,516.8087,340.90167,324.50525,331.55157,325.24524,342.17584,399.34003,406.4383,479.4605,457.14246,499.49695,490.33466,560.728,560.80743,572.75214,582.2469,573.5502,597.4293,0.984436,0.9509542,0.9675481,0.62881076,0.7920443,0.97031903,0.9911679,0.8764117,0.96390367,0.8710133,0.94647837,0.6719553,0.7680119,0.04488018,0.0687491,0.0042307377,0.006104976
632,616.83856,625.4586,598.89685,638.37964,572.07776,678.9702,557.1421,716.7646,464.01056,617.1423,349.69495,669.59216,589.47754,653.98895,547.13306,626.3613,517.5366,340.74066,324.3927,331.43878,325.19873,342.11694,399.30798,406.513,479.2929,457.2848,499.30884,490.2235,560.66113,560.85425,572.7831,582.4501,573.6839,597.75256,0.9844198,0.95069206,0.9676981,0.62754107,0.79428303,0.9704865,0.9912517,0.87580645,0.9639399,0.8697088,0.9462263,0.673712,0.7697358,0.04544717,0.06976628,0.0043014586,0.0062152147
633,616.92004,625.4373,598.91925,638.1184,571.91974,678.8734,557.159,716.9077,463.82324,616.7693,349.57263,669.4956,589.6478,653.55945,548.0742,625.3087,518.444,340.74646,324.346,331.46265,325.0421,342.1339,399.18225,406.53162,479.1369,457.21057,499.71875,490.0202,560.8362,561.0399,573.2672,582.7694,575.2124,598.77527,0.9844394,0.95060873,0.9677733,0.626972,0.79524815,0.9707406,0.9913143,0.87567484,0.96386206,0.8690662,0.94602466,0.6768243,0.77217495,0.04665205,0.07154864,0.004431069,0.006400615
634,616.94543,625.4296,598.8446,638.0137,571.7337,678.66406,557.111,716.983,463.71973,617.69165,349.50012,669.74756,590.07935,653.7431,548.9468,625.7583,519.6537,340.8186,324.3661,331.53748,325.0794,342.31396,399.1895,406.67822,478.96918,457.17407,499.49237,490.20398,560.598,560.9628,572.3075,582.1033,573.3744,597.2978,0.98426735,0.9499402,0.96740186,0.62408787,0.7943717,0.9705032,0.991228,0.8754271,0.96367705,0.8690636,0.9459379,0.6729125,0.7687794,0.045683622,0.070019215,0.0043420196,0.006264776
635,617.0912,625.5111,599.0006,637.90454,571.8065,678.5663,557.01483,717.10956,463.43466,617.6846,349.31097,669.5223,589.85516,653.8708,549.2041,625.4928,519.2109,340.84692,324.38904,331.57904,325.09485,342.362,398.99677,406.63086,478.8263,457.3368,499.60413,490.27368,560.506,560.9295,572.9689,582.7797,574.5012,598.322,0.9842379,0.9495244,0.9674414,0.62206393,0.79574114,0.9707242,0.9913424,0.8762656,0.96421456,0.86957747,0.946517,0.6774913,0.7728131,0.046429068,0.07129535,0.0043901503,0.006343782
636,617.09314,625.5046,598.9459,637.85,571.67883,678.5113,556.9974,717.06604,463.53116,617.642,349.3189,669.6044,590.0117,653.6831,549.465,625.1825,519.5965,340.78827,324.29242,331.518,325.01782,342.36682,399.05304,406.70557,479.06012,457.4093,499.82483,490.09778,560.57837,561.0261,572.79974,582.70667,574.4021,598.33264,0.9842684,0.94955015,0.9674641,0.6220157,0.7960465,0.9709109,0.9913769,0.8766147,0.96419656,0.8697322,0.946505,0.67881966,0.7736666,0.046940565,0.071964145,0.0044462085,0.0064171553
637,617.173,625.565,598.97266,637.72003,571.46405,678.13257,556.7083,716.7745,463.29532,617.51025,348.98276,669.11755,589.52185,653.79297,549.2715,625.8261,519.15875,340.73297,324.26385,331.53668,325.0329,342.46448,398.94666,406.63074,478.9121,457.11243,499.9264,490.15076,560.319,560.8397,573.1582,583.27344,575.74817,600.0247,0.9844249,0.9496107,0.9680829,0.6189772,0.7994248,0.9709946,0.9914671,0.8767473,0.9646442,0.869879,0.94704396,0.68350184,0.7779367,0.048253357,0.07411915,0.004573703,0.006608069
638,616.9684,625.3657,598.8231,637.6546,571.55725,677.98895,556.99695,716.5364,463.49023,617.8131,349.03436,669.1887,589.8458,653.66797,549.31525,625.0513,518.2877,340.84094,324.3703,331.60773,325.0769,342.42554,398.67035,406.35156,478.64923,457.09503,499.7619,490.13232,559.5096,560.001,571.85284,581.8611,573.8229,597.88574,0.9843431,0.9497379,0.9677664,0.6217907,0.79766434,0.9710238,0.9914176,0.8768612,0.9643531,0.8694355,0.94648576,0.6823818,0.7765815,0.048218608,0.07386929,0.0046012998,0.0066384077
639,616.90314,625.31635,598.8115,637.64984,571.61017,678.0183,556.9798,716.5143,463.10794,617.49023,348.74963,668.59454,589.3219,653.0369,549.42834,624.9955,519.0377,340.78833,324.3852,331.62317,325.10815,342.45007,398.65546,406.24854,478.71735,456.9502,500.17285,490.09186,559.86975,560.2691,573.15564,582.9311,576.03577,599.70557,0.98436654,0.94970804,0.9678004,0.6219435,0.797768,0.97109187,0.9914906,0.8768879,0.9646805,0.8695773,0.94690365,0.68472576,0.77897775,0.048590958,0.074676454,0.004607618,0.0066642463
640,617.0647,625.4321,598.97784,637.59265,571.67035,677.8004,556.8428,716.2819,462.92056,617.0861,348.52698,668.6373,589.41626,653.3616,549.7188,625.2751,519.2362,340.8191,324.36218,331.6225,325.03308,342.41553,398.56805,406.4286,478.67004,457.38727,500.16638,490.4037,559.93945,560.5255,573.50104,583.6177,576.47705,600.55347,0.98435193,0.94944704,0.96790785,0.6195326,0.7988494,0.97101235,0.9914759,0.8768096,0.96465886,0.8696712,0.9469619,0.6842234,0.778494,0.048434675,0.07440767,0.0045845807,0.0066258013
641,616.3183,624.8569,598.3069,637.62103,571.4252,678.0202,556.79126,716.101,463.2244,616.7011,348.29077,668.7058,589.3012,653.04834,548.932,624.61365,519.10803,340.94733,324.47675,331.6375,324.99146,342.15125,398.81177,406.29944,479.1176,457.35596,499.76007,490.09784,560.67487,561.02673,574.69995,584.5043,576.0515,600.0416,0.9843818,0.95042247,0.9677247,0.62663066,0.79539084,0.9705835,0.99128187,0.87466204,0.9636387,0.86753803,0.94548345,0.67426854,0.770263,0.045569837,0.07004458,0.0042962134,0.006212622
642,616.2961,624.7987,598.2279,637.5153,571.35596,677.7858,557.17914,715.65454,463.601,616.7878,348.46765,668.7576,589.67395,652.81604,548.8583,625.3581,518.96466,340.97565,324.52515,331.7704,325.13666,342.497,398.8454,406.33606,478.96832,456.8847,499.84222,490.0426,560.4208,560.78125,573.9872,583.85175,575.9565,599.9494,0.9845232,0.9507423,0.9679232,0.6270213,0.79590905,0.9708861,0.99139416,0.87601626,0.9641489,0.86891425,0.9461968,0.6807674,0.7756172,0.04747978,0.07287997,0.004496634,0.0065002143
643,616.3053,624.74866,598.24725,637.36554,571.3324,677.61456,556.9519,715.32874,463.63715,616.63885,348.3481,668.0915,588.9181,653.0152,548.8347,624.8967,518.6637,341.15753,324.69482,332.01367,325.20105,342.6947,398.70654,406.32056,478.83014,456.92035,499.5885,490.101,560.4541,560.8965,574.6653,584.681,576.2708,600.49005,0.9844103,0.9501828,0.9679036,0.62414134,0.7970511,0.97083664,0.9913682,0.87601465,0.9641627,0.86864,0.94610626,0.6820184,0.77643853,0.047525764,0.07295185,0.0044952035,0.006494075
644,616.05334,624.5404,598.05634,637.3051,571.3259,677.5093,557.0133,715.2619,463.71515,616.47034,348.0419,667.6422,588.61505,652.386,548.3668,623.8284,517.71704,341.06573,324.63208,331.90967,325.14008,342.5288,398.7088,406.21643,478.9906,457.03168,499.51038,490.0534,560.25354,560.5893,574.3366,584.2272,576.1184,600.28625,0.9845073,0.95048624,0.9680715,0.6264299,0.79764324,0.97115064,0.9915176,0.87659496,0.9646541,0.86907494,0.94657665,0.68486935,0.7793125,0.04829088,0.07432917,0.004570991,0.0066201985
645,616.06995,624.5178,598.0856,637.13696,571.27716,677.3335,556.60785,715.48596,463.1094,616.3659,347.86844,667.208,588.09607,652.14966,548.5702,624.16205,518.28864,340.93073,324.5863,331.83112,325.27307,342.61108,398.90527,406.35455,479.18463,457.09656,499.48535,490.1599,560.78625,561.161,575.42847,585.45514,576.95886,601.4067,0.9843798,0.950009,0.9678204,0.62477607,0.7969868,0.97102535,0.9914522,0.8768867,0.96457183,0.8696379,0.94662166,0.6837337,0.7779525,0.047453493,0.07294768,0.0044532716,0.006439388
646,616.1466,624.58777,598.1181,637.2417,571.25464,677.4341,556.6609,715.5892,463.024,615.98645,347.63104,667.2707,588.17993,652.18835,548.99756,624.079,518.7241,340.87268,324.50818,331.81744,325.08923,342.56604,398.68408,406.24286,479.15277,457.01715,499.7326,490.14,560.9125,561.34656,575.6685,585.85583,577.22437,601.87994,0.9843794,0.94988966,0.9679131,0.62368053,0.7975273,0.97084785,0.9914633,0.8761242,0.9646796,0.86903536,0.94674796,0.68137145,0.77673,0.04671994,0.07211673,0.0043733716,0.006340474
647,616.1305,624.5931,598.0515,637.2181,571.07855,677.2724,556.5079,715.32043,463.13223,615.83624,347.72372,667.07556,587.90405,652.19806,548.3539,624.66223,518.40564,340.92834,324.50366,331.88434,325.10907,342.7304,398.7152,406.53046,478.87378,457.05615,499.59705,490.0901,560.7626,561.333,574.89813,585.3893,576.9044,601.84216,0.9845314,0.9503071,0.96825373,0.6234309,0.7983724,0.9709543,0.99143696,0.876981,0.96458787,0.87040085,0.94691795,0.68276894,0.77708113,0.047436714,0.07285103,0.0044558346,0.006433755
648,616.0648,624.56226,598.0287,637.22766,571.12866,677.18616,556.59875,715.0864,462.87405,616.1316,347.4591,667.27954,588.1987,652.1412,548.111,625.14294,518.17737,340.9148,324.57617,331.88422,325.312,342.78522,398.75586,406.55377,478.4964,456.9259,499.44495,490.20294,560.2557,560.79736,573.8486,584.17664,576.132,600.72217,0.9845202,0.9503175,0.96813965,0.6240734,0.79793596,0.9709939,0.99147743,0.8773154,0.9648045,0.8707043,0.9471587,0.6842118,0.7784954,0.04798478,0.07370368,0.0045232475,0.0065351427
649,616.42944,624.8179,598.3968,637.1526,571.3482,676.9753,557.0499,715.0826,463.28455,616.1279,347.60065,667.47864,588.8593,652.1127,548.7888,625.4479,518.6162,341.05676,324.7268,332.0111,325.44977,342.88806,398.70532,406.388,478.04877,456.30804,499.22327,490.2448,559.4772,559.9513,573.34143,583.44714,575.46674,599.7954,0.98422027,0.9490733,0.96773237,0.61830574,0.797724,0.9703341,0.9913794,0.8755851,0.9648404,0.86956465,0.9473032,0.68098253,0.7769507,0.047468334,0.0732964,0.0044879913,0.0065068007
650,616.52264,624.92303,598.47406,637.15906,571.3269,677.02045,556.7925,715.08484,463.44308,616.1767,348.0334,667.2814,588.451,652.55963,549.0718,625.46423,519.1241,341.0354,324.6693,331.96405,325.50568,342.94403,398.9063,406.65765,478.0692,456.49774,499.56738,490.32227,559.5388,560.0705,573.85913,584.0343,576.21533,600.57336,0.9841225,0.94868183,0.9677562,0.6156921,0.7987654,0.96996796,0.9912388,0.8738402,0.9642434,0.8677504,0.9465267,0.67625296,0.77295256,0.04643807,0.07174191,0.0043928027,0.0063648224
651,616.5632,625.00745,598.52496,637.23584,571.2971,676.92267,556.7966,715.08154,463.5555,616.10815,348.38672,667.1158,588.3885,652.31146,549.3315,625.9794,519.94244,341.05548,324.71008,331.9743,325.50726,342.862,398.87695,406.54694,478.14783,456.44617,499.7472,490.22217,560.07684,560.57904,575.0011,585.1125,577.8847,602.16455,0.9840783,0.9482664,0.96775675,0.6126824,0.7989557,0.9697648,0.9912498,0.8734759,0.9645401,0.867996,0.94709724,0.67707986,0.77424216,0.04652354,0.07214597,0.004380882,0.0063637197
652,616.586,624.9883,598.5781,637.14624,571.4036,676.8243,556.8706,714.9104,463.67532,616.2113,348.38663,667.09503,588.5071,652.64764,549.9442,625.8158,520.27966,341.0647,324.75757,331.99646,325.59265,342.89307,398.9613,406.53485,478.3064,456.52655,499.64966,490.26416,559.8017,560.28613,574.851,584.8872,577.372,601.6192,0.9839423,0.94767237,0.9675072,0.6114533,0.7992953,0.9699408,0.9913268,0.8740003,0.9648647,0.8680575,0.94735533,0.68003654,0.7768271,0.047145367,0.07321614,0.0044412315,0.00646016
653,616.61926,624.96106,598.65906,636.9947,571.44086,676.7378,556.74445,714.8418,463.40518,615.9827,348.09756,666.7449,588.1528,652.5199,549.72394,625.75684,520.088,340.97162,324.7204,331.97516,325.51367,342.84106,398.8512,406.4546,478.25702,456.49536,499.85962,490.32648,559.7863,560.2629,575.76917,585.75085,578.9708,603.10974,0.9839794,0.94748175,0.96773076,0.61007774,0.80132854,0.97014225,0.99142927,0.87469023,0.96535355,0.8685685,0.9478953,0.6830155,0.7795454,0.04747066,0.07386407,0.0044390857,0.006464958
654,616.53,624.8842,598.61316,637.0151,571.4787,676.7482,556.85724,714.8875,463.31866,616.1743,348.0452,666.9887,588.5692,652.44214,550.10114,625.09314,520.31726,341.13635,324.87256,332.08527,325.49268,342.72186,398.68372,406.32855,478.0724,456.61444,499.90125,490.32208,559.3251,559.7899,575.0597,584.909,578.0306,601.87805,0.9840227,0.9477875,0.9678134,0.6119847,0.8013625,0.97017777,0.99145937,0.8741522,0.9653021,0.86786324,0.9477277,0.6813517,0.77854264,0.047364414,0.07382643,0.0044522583,0.0064944923
655,616.59845,624.8967,598.66473,636.97,571.5042,676.7543,556.8559,714.80896,463.0086,616.1737,347.65613,667.18585,588.8158,653.09985,550.88086,625.0337,520.59985,341.00104,324.73737,331.97034,325.32812,342.6068,398.47742,406.15894,477.88,456.50452,499.77258,490.41156,558.52014,559.0319,574.35175,584.17554,577.112,600.8906,0.9840125,0.947695,0.96785104,0.6119826,0.8023101,0.970304,0.99151987,0.8739979,0.9653934,0.8671572,0.947634,0.6825154,0.77972215,0.047797292,0.074601024,0.004509121,0.006586224
656,616.70264,624.95465,598.6804,636.8866,571.29205,676.7335,556.438,715.1483,462.5838,616.2722,348.03412,667.1967,588.6832,652.90247,550.92706,625.0696,521.5481,340.96594,324.57672,331.90222,325.01245,342.50635,398.15094,406.11316,477.5819,456.3852,499.536,490.07043,558.019,558.7238,573.1306,583.35974,576.11224,600.37366,0.9840401,0.9477153,0.9679316,0.6110034,0.8022822,0.97014576,0.99147904,0.87325484,0.96512425,0.8670366,0.94751906,0.6793993,0.7771778,0.04750991,0.07410449,0.0045009255,0.0065672696
657,616.7815,624.9001,598.8287,636.53876,571.4205,676.43036,556.6014,715.0076,462.75424,616.1605,347.77695,667.0523,588.8257,653.1544,551.329,625.803,521.71545,340.693,324.4193,331.74707,324.97174,342.47998,398.07025,406.02557,477.276,456.0935,499.38007,490.16357,557.837,558.53534,574.30505,584.43677,578.1023,602.19806,0.98402417,0.9472298,0.9679749,0.6085676,0.80411625,0.97055143,0.99161047,0.87521553,0.9658117,0.868641,0.94834685,0.68793947,0.7838774,0.049254507,0.07674354,0.004628539,0.006751299
658,616.73706,624.825,598.6922,636.501,571.2239,676.4138,556.6152,714.79224,462.57745,616.5655,347.30707,667.7208,589.47974,653.34625,551.0708,625.53876,520.836,340.62677,324.34692,331.73126,324.84467,342.50336,397.83282,405.9914,476.9027,455.99963,499.20862,490.28845,557.05927,557.8646,573.4376,583.76263,576.5287,600.78485,0.9842846,0.948012,0.9686781,0.60992336,0.80718505,0.9705901,0.99172086,0.8743373,0.96606207,0.86731505,0.9483423,0.68559605,0.7831026,0.048560023,0.076022774,0.004576564,0.006697595
659,616.6726,624.8175,598.5864,636.6149,571.2233,676.39606,556.92944,714.6953,462.59714,617.1062,347.36996,667.70416,589.65967,652.89746,551.2978,626.0427,520.9074,340.35657,324.18182,331.54462,324.9431,342.57428,397.72192,405.6914,476.9489,455.6958,499.31006,490.1493,556.43317,557.1287,573.3063,583.3932,576.5089,600.3854,0.9843473,0.94818306,0.9687872,0.61061764,0.8075589,0.97048676,0.9918107,0.87354875,0.96649086,0.8664521,0.9487263,0.6862447,0.78491145,0.04864785,0.07667184,0.00458166,0.006740749
660,616.73706,624.7525,598.6652,636.26373,571.1568,676.6669,556.49255,715.515,462.8577,616.67725,348.39355,667.9105,589.4214,653.49695,551.7061,625.6155,521.3984,340.0088,323.84973,331.23523,324.70074,342.4065,397.62634,405.9143,476.8175,456.2093,499.07043,489.6848,557.0408,557.8446,573.72046,583.8419,577.26953,600.9445,0.98419034,0.94772756,0.96848685,0.60990894,0.80700874,0.97054446,0.99174154,0.8734665,0.96600693,0.86601925,0.9481183,0.68692154,0.78454244,0.049033433,0.07697302,0.004631877,0.006796062
661,616.6464,624.6854,598.6417,636.2981,571.2326,676.6106,556.6458,715.448,463.14108,616.76416,348.13348,668.1134,589.66626,653.6192,550.9713,626.02167,520.5141,339.97327,323.83942,331.16583,324.63074,342.2052,397.6032,405.88098,476.60303,456.2113,498.78778,489.94263,557.1332,557.9188,573.47943,583.6198,576.5962,600.3835,0.9842092,0.9482399,0.9683806,0.61250335,0.8051617,0.9704013,0.9915845,0.8734609,0.96530753,0.8659586,0.9472183,0.6845189,0.78148896,0.04861334,0.07579085,0.004609078,0.0067293644
662,616.7119,624.7672,598.72437,636.4034,571.4018,676.7217,557.01324,715.78723,463.56647,616.7723,348.13873,668.04346,589.76245,653.31104,551.2132,626.5529,521.18677,339.87085,323.7146,331.05646,324.47156,342.07727,397.34326,405.49066,476.6692,455.77826,498.95667,489.65955,557.1914,557.8847,573.69446,583.7683,577.04675,600.8815,0.98409,0.9476255,0.96798396,0.6109302,0.803352,0.97034854,0.99167305,0.8741964,0.9660324,0.8673431,0.9483361,0.6874596,0.78475773,0.049002558,0.07679412,0.0046131313,0.0067643225
663,616.59485,624.728,598.5546,636.53394,571.1438,676.80084,556.527,715.94525,462.77698,617.26086,347.78998,667.93054,589.3391,653.5148,551.009,627.21436,521.6787,339.72406,323.50824,330.8728,324.10425,341.74664,397.17908,405.34204,476.66943,455.693,498.72668,489.38086,557.632,558.40405,575.2146,585.47595,578.7952,602.9624,0.9843152,0.9482759,0.9684957,0.61193407,0.8047385,0.9704419,0.99174154,0.8739748,0.96619785,0.86738396,0.948594,0.6885189,0.7859298,0.04882291,0.07671118,0.004558295,0.0066957176
664,616.6465,624.8175,598.602,636.63257,571.09875,676.7678,556.38403,715.8009,462.53275,616.9596,347.59995,668.1179,589.5208,653.799,551.3191,627.0564,522.04047,339.9378,323.67804,330.99292,324.1491,341.66724,397.17804,405.29926,476.5838,455.7025,498.7057,489.6502,557.1184,557.89575,574.5899,584.8115,578.09827,602.2776,0.9843768,0.94845486,0.9687469,0.6116844,0.8058231,0.97039294,0.99175745,0.87324035,0.9661517,0.86672854,0.9485072,0.68745893,0.7854401,0.04897234,0.077067465,0.0045989454,0.0067632794
665,616.5629,624.72375,598.5448,636.6077,571.02106,676.81177,556.1996,715.58264,462.12036,616.7262,347.5096,668.58057,589.77576,654.3698,550.84436,626.5918,520.7938,340.01215,323.6693,330.97137,323.81293,341.29517,396.6117,405.06268,476.16925,456.2257,498.56512,489.7754,556.6858,557.56464,573.9838,584.1438,577.246,601.0391,0.98447204,0.9489467,0.9690223,0.613295,0.80649495,0.97034645,0.9917601,0.87242717,0.96597743,0.86556137,0.9480927,0.68549305,0.7841284,0.04868096,0.07667118,0.0046009123,0.0067729056
666,616.7065,624.8093,598.6524,636.62396,571.13135,676.6879,556.771,715.77277,462.35712,617.34686,347.0941,668.77435,590.66223,654.456,552.9624,626.777,523.2365,339.85144,323.46393,330.81305,323.4355,341.02185,396.22302,404.498,475.99323,455.47546,498.59686,489.557,555.9768,556.81946,573.7089,583.76685,576.80994,600.5498,0.9845623,0.9489943,0.969208,0.612755,0.80755436,0.9704672,0.9918407,0.8722662,0.966243,0.86544037,0.94846284,0.6842964,0.7837681,0.048434913,0.07660851,0.004566133,0.006742686
667,616.67554,624.79584,598.5812,636.62317,570.9952,676.76025,556.6461,715.8896,462.17224,617.098,347.26288,668.7904,590.57996,654.29297,553.0712,627.01263,523.877,339.8866,323.4287,330.81525,323.3474,341.01874,396.07764,404.4701,475.84967,455.4442,498.5055,489.29797,556.2576,557.1399,574.3717,584.4321,577.6671,601.2527,0.9845866,0.9491325,0.9691063,0.6132081,0.8063382,0.9705529,0.9917886,0.8732146,0.9660634,0.8667755,0.9485172,0.68433326,0.78290766,0.048148096,0.07581544,0.004506469,0.006632358
668,616.67505,624.7756,598.6113,636.597,570.97516,676.79675,556.2726,716.0067,461.53348,616.8595,347.11383,667.98895,589.49634,653.9673,551.8958,626.80634,522.7645,339.8026,323.3454,330.76666,323.1745,340.91858,396.18878,404.7036,476.05652,455.8988,498.37848,489.34058,557.12317,558.0307,575.2837,585.37537,579.43665,603.023,0.98480386,0.9498129,0.96968937,0.61433256,0.80812955,0.9706476,0.99179256,0.8732556,0.96601,0.8672199,0.94855595,0.6832556,0.78178954,0.04779309,0.075196296,0.0044591725,0.0065549016
669,616.6807,624.7631,598.6028,636.50726,570.9692,676.683,556.2936,715.89197,461.1247,616.9647,347.01743,668.1086,589.8888,653.60046,552.7422,626.63586,524.486,339.73383,323.21014,330.62335,322.97473,340.72003,396.1247,404.4995,475.98718,455.47107,498.10022,489.224,556.9625,557.8471,574.62225,584.622,579.0,602.5542,0.9847211,0.9492251,0.9695083,0.6122458,0.8079337,0.9705703,0.99193,0.87242186,0.9666188,0.86694145,0.9493854,0.6842865,0.7842607,0.04839903,0.07679278,0.0045306683,0.006704688
670,616.3096,624.4715,598.20966,636.47235,570.71436,676.84607,556.2934,715.79047,461.26895,616.7752,347.0964,669.11664,590.4771,653.2897,550.0889,627.3555,521.5633,339.63104,323.1443,330.54004,323.08124,340.8324,396.2821,404.78577,475.92303,455.58905,497.844,489.39532,557.04065,557.9177,572.6847,582.8691,577.25024,601.0619,0.98505545,0.95080346,0.9700599,0.61765814,0.8076862,0.9703343,0.99188757,0.8718698,0.96646917,0.8670226,0.9492315,0.6781257,0.7798389,0.047130436,0.074741185,0.0044394135,0.0065675676
671,616.3138,624.5031,598.1754,636.45886,570.5939,676.9763,555.7814,716.3175,460.1783,616.8528,346.40308,668.87305,590.041,653.49414,551.2284,627.06525,523.2027,339.41498,322.9073,330.28265,322.98553,340.69525,396.2744,404.74353,475.693,455.29022,497.72607,489.06506,556.69116,557.59283,571.876,582.01196,576.63153,600.3575,0.984915,0.94999534,0.9697956,0.6151794,0.8077251,0.97037435,0.9920124,0.8716424,0.96700966,0.8671311,0.95000976,0.67925483,0.7818103,0.047420025,0.075708866,0.004463613,0.0066375434
672,616.44354,624.67114,598.34454,636.6255,570.74023,677.1102,555.89014,716.59143,460.6023,617.0052,346.56592,668.9186,589.88354,653.3478,549.96063,627.3508,521.75024,339.39838,322.90588,330.2141,322.95355,340.50653,396.19934,404.42188,475.69385,454.87708,497.7367,489.1267,557.0795,557.8271,571.58887,581.6044,575.8327,599.67786,0.98485494,0.9496385,0.9696548,0.6133034,0.8067715,0.97015643,0.9920224,0.87215936,0.9675044,0.8682586,0.9507588,0.6786678,0.7820397,0.04676339,0.07491937,0.004386157,0.006537497
673,616.4728,624.67737,598.3578,636.6572,570.8713,677.0222,556.6555,716.2979,461.62683,617.3041,346.86267,669.32074,590.86176,653.56586,551.2615,627.5397,522.9449,339.35364,322.8462,330.18127,322.84497,340.46002,396.13684,404.22955,475.46167,454.33264,497.58484,488.82812,557.17444,557.85736,571.91644,581.774,575.59485,599.20544,0.98486924,0.9494936,0.96961415,0.6125281,0.80688924,0.97031736,0.9920968,0.8728279,0.9678997,0.8689014,0.95131135,0.68124354,0.7844516,0.047210097,0.07582411,0.0044192076,0.0066022277
674,616.6924,625.00867,598.4923,636.87366,570.6854,676.9431,556.0995,716.2623,461.15298,617.3809,346.63013,669.48834,590.8137,653.8932,551.8566,627.30005,523.8482,339.12878,322.6009,329.8236,322.7384,340.0924,395.93512,404.02588,475.04388,454.2069,497.27136,488.49048,556.11206,556.8665,569.9928,579.9216,573.2503,596.9303,0.9848815,0.9491936,0.9697263,0.6100944,0.8086103,0.9705646,0.9921787,0.873428,0.96809036,0.8693985,0.95161295,0.682138,0.78508663,0.04768783,0.07652187,0.0044869184,0.00669685
675,616.91876,625.1978,598.6537,636.79724,570.53253,676.7672,555.84784,716.3717,461.2702,617.16455,346.8227,669.2558,590.4088,654.2707,551.6355,628.1813,523.4453,338.85107,322.32745,329.57184,322.526,339.91956,395.72113,403.83118,474.85278,453.93652,497.11353,488.30548,556.157,556.94543,570.39935,580.4208,573.6051,597.4813,0.98478365,0.94816834,0.96983904,0.6028642,0.8107433,0.970221,0.99218494,0.8733673,0.9686577,0.8701682,0.9525845,0.68106717,0.7851337,0.046766132,0.07548225,0.004360527,0.006527692
676,616.99756,625.19104,598.6838,636.64526,570.4908,676.93115,555.4744,716.8323,460.75024,617.1064,346.85428,669.5382,590.4364,654.60583,552.1857,627.43317,523.51416,338.4807,322.00793,329.27948,322.43964,339.93518,395.79413,404.19067,475.0022,454.58893,497.01337,488.2063,556.0813,557.03876,569.85565,580.1455,573.10583,597.1645,0.98480415,0.9484191,0.9699364,0.60466033,0.8117771,0.97027385,0.99214685,0.8722873,0.96806794,0.868307,0.9515703,0.6763728,0.7809794,0.04581842,0.07380295,0.004285902,0.0064035654
677,616.8884,625.0717,598.5951,636.50085,570.3815,676.79486,555.5975,716.4585,460.7482,617.2744,346.91678,669.5695,590.622,654.3806,551.77374,628.08813,523.78973,338.2821,321.82257,329.06122,322.18097,339.61816,395.78174,403.95117,475.1682,454.3786,497.1833,488.1194,556.2687,557.06885,569.91504,579.75476,573.4298,596.834,0.9847461,0.9481325,0.9699544,0.6023138,0.8118963,0.96967363,0.9920684,0.8698799,0.9679531,0.8665516,0.9514786,0.67037123,0.7774217,0.044707596,0.07246959,0.0041954517,0.006295204
678,616.64966,624.85394,598.3924,636.35254,570.2621,676.84796,555.44965,716.78766,460.88184,617.23987,346.6183,669.7346,590.6496,654.3342,551.45514,627.4622,523.1873,338.24646,321.77087,328.96857,322.0832,339.42218,395.6626,403.78113,475.34076,454.55573,497.22644,488.31604,556.20325,556.94446,569.904,579.69995,573.29456,596.7891,0.984777,0.9484229,0.9699093,0.6048455,0.811255,0.9699321,0.99211085,0.8705504,0.9679594,0.866714,0.951308,0.67244124,0.7788044,0.045167178,0.073085785,0.0042407215,0.006358832
679,616.57153,624.7807,598.37335,636.316,570.31384,676.69586,555.67725,716.4337,461.22513,617.1241,347.09534,669.51855,590.63367,654.1086,551.16266,628.23737,523.5126,338.23224,321.77478,328.96625,322.01385,339.33374,395.58093,403.70142,475.02368,454.36426,496.75635,488.00348,556.4167,557.12274,570.4472,580.07684,574.1715,597.32684,0.9848592,0.94877803,0.9700278,0.60532594,0.8108274,0.969852,0.992031,0.8709632,0.96778834,0.86781716,0.9513891,0.67140716,0.77733845,0.044902414,0.072428346,0.0042008758,0.0062835813
680,616.21375,624.486,598.1124,636.21,570.2391,676.57385,555.4733,716.5349,461.33035,616.8811,347.33374,668.7595,589.78345,653.3623,550.20404,628.56104,523.18066,338.1084,321.72662,328.8817,321.92462,339.14465,395.1947,403.2187,475.00177,454.1399,496.86218,487.81665,555.9979,556.6233,570.8777,580.5093,574.85565,598.1714,0.9848355,0.94876343,0.96978134,0.6072348,0.8090429,0.9701669,0.99212575,0.8732885,0.9683969,0.8703853,0.9522797,0.6783789,0.78261966,0.046042442,0.074175775,0.004269123,0.006384015
681,616.0402,624.3728,598.0148,636.1115,570.123,676.355,555.1068,716.30786,461.426,616.5891,347.26352,668.4361,589.32947,653.22815,549.5147,628.0817,522.7279,338.17346,321.7813,328.84216,321.84735,338.82428,395.26025,403.09613,475.17053,454.16003,496.73633,487.64905,556.71027,557.2675,571.64594,581.2709,575.5692,599.1378,0.9847491,0.9486035,0.9697415,0.6062516,0.80885184,0.9697807,0.9919727,0.87177753,0.96779436,0.8689592,0.9514774,0.6731937,0.77819985,0.044894278,0.07225311,0.0041673183,0.0062220395
682,616.0308,624.38586,598.0506,636.04956,570.06683,676.01904,555.07104,715.77405,461.11063,616.1235,346.9046,668.5077,589.8213,653.17957,551.09546,628.1043,525.2489,338.28784,321.8979,328.85852,321.74603,338.4879,394.9001,402.58734,474.82495,453.85962,496.40753,487.67615,556.03735,556.5572,571.63885,580.95013,575.16626,598.3072,0.98462987,0.9479183,0.9695772,0.6032542,0.80921537,0.9696902,0.9920014,0.8714741,0.9680156,0.8690198,0.9518912,0.67186815,0.77770334,0.044564992,0.07199061,0.004126698,0.006177485
683,616.0058,624.33167,598.08826,635.92896,570.1112,676.18176,554.7354,716.0947,460.45557,616.109,346.63235,668.32056,589.4745,653.1575,551.53394,627.87415,526.63947,338.19556,321.85425,328.81757,321.7655,338.51733,395.10516,402.94116,474.85608,454.19904,496.65692,487.68036,556.8159,557.40027,571.42865,580.73834,576.0126,598.9557,0.9844038,0.9472313,0.9690994,0.6018839,0.80767024,0.96945286,0.9919052,0.8702395,0.9675152,0.8678146,0.95127904,0.6688367,0.7750258,0.044422954,0.071692914,0.0041374266,0.006188333
684,616.0561,624.4275,597.9611,636.08984,569.772,676.1018,554.6394,715.79126,460.55695,616.3157,346.4942,668.2089,589.2356,653.55634,551.4689,628.1232,526.0398,338.3108,321.87036,328.9336,321.69568,338.64905,395.1056,402.8236,475.06555,453.81982,496.81726,487.69092,557.0105,557.62616,571.95465,581.4816,575.86914,599.2936,0.9846631,0.94821054,0.96973467,0.6029984,0.8094542,0.9693899,0.9918142,0.8692678,0.9669236,0.8663494,0.95038325,0.6659588,0.77212477,0.043737233,0.07038802,0.004083544,0.006090522
685,616.01227,624.3971,597.87195,636.09186,569.6761,676.0895,554.7936,715.8662,460.6743,615.7648,346.62073,668.38885,589.6869,653.41705,552.94617,627.7157,527.6208,338.43445,321.94684,328.99146,321.68567,338.60608,394.78937,402.40503,474.969,453.49963,496.84253,487.42456,556.11584,556.6692,571.95044,581.2585,575.21173,598.3248,0.9844985,0.94764984,0.96919584,0.6029613,0.8073794,0.96961117,0.99188244,0.87047887,0.9672367,0.86744446,0.95085454,0.66995585,0.7752633,0.044401318,0.071463585,0.004124582,0.006157577
686,615.99603,624.3524,597.8214,635.9807,569.56555,675.8567,554.90094,715.3238,461.03998,615.5387,346.75348,668.1749,589.62524,653.57025,553.0226,628.1261,527.78644,338.43414,321.92914,329.03534,321.64557,338.69348,394.8166,402.41534,474.71295,453.0772,496.73785,487.48938,556.2181,556.7866,572.4842,581.8183,575.70874,598.86884,0.984591,0.94780695,0.9694762,0.60188687,0.8087618,0.9696355,0.9918575,0.8707317,0.9672054,0.86774355,0.95088017,0.67058414,0.77542865,0.04443255,0.07140529,0.0041205883,0.006142199
687,615.91785,624.27454,597.71356,635.8571,569.3633,675.81177,554.584,715.5145,460.33344,615.6494,346.62424,668.33765,589.6127,653.6734,552.74915,629.20776,528.0445,338.35144,321.85815,328.9734,321.66998,338.75488,395.03186,402.66693,474.97876,453.28192,496.8722,487.5714,556.7063,557.3351,571.9147,581.35785,575.81085,599.08936,0.9845832,0.9475733,0.9695026,0.5996208,0.8088906,0.9693153,0.99182606,0.8701298,0.9673347,0.86802506,0.9513141,0.6654186,0.7719239,0.043235272,0.069720745,0.0039982796,0.0059707463
688,615.69446,624.197,597.494,636.0165,569.1889,675.8812,554.307,715.5156,459.87903,615.0565,346.62723,668.50385,589.56104,653.14465,552.014,629.6979,528.23224,338.27173,321.80444,328.82495,321.6864,338.57965,395.0866,402.61987,474.9345,453.1372,496.6114,487.3907,557.093,557.6718,571.5647,581.0155,575.8886,599.26807,0.9846175,0.9479252,0.96953446,0.6005828,0.80740285,0.968804,0.99175954,0.86854875,0.9672065,0.86768067,0.9513932,0.66064787,0.7689527,0.042498767,0.06878045,0.003940612,0.0058998764
689,615.70233,624.2434,597.36224,636.1236,568.9657,675.7899,554.2532,715.1042,459.5497,614.8235,346.49152,668.38745,589.4412,652.9641,552.3013,629.9295,528.2325,338.05774,321.56512,328.6565,321.5896,338.65186,395.01978,402.52203,475.2198,453.06042,496.66846,487.28174,557.2156,557.8402,572.3407,581.93787,576.7282,600.2733,0.984722,0.9482654,0.9696821,0.6008255,0.8075485,0.96896756,0.9917544,0.8692001,0.9671283,0.8681258,0.95134044,0.6630337,0.7702705,0.042859018,0.06913251,0.0039586127,0.0059120357
690,615.81726,624.1503,597.64233,635.7114,569.4353,675.70435,554.3644,714.4796,459.84866,614.85565,346.5867,667.3682,588.2907,652.66766,550.5585,629.0809,525.6097,337.8806,321.6518,328.74634,322.0816,339.17712,395.53394,402.9383,474.99487,452.9621,495.9176,487.54578,557.15936,557.646,571.619,580.8643,575.20215,598.2935,0.9842218,0.9466326,0.9688233,0.59783244,0.80677396,0.96860224,0.9916139,0.86875236,0.96689343,0.86686164,0.95066535,0.6619649,0.76908076,0.042406082,0.06827894,0.003939837,0.005872607
691,615.5615,623.9442,597.3521,635.5519,569.0534,675.7671,553.8235,714.8503,459.63617,614.4082,346.65204,667.68835,588.236,653.0147,550.39075,629.28235,525.84607,338.02576,321.7318,328.8164,322.11792,339.1925,395.46765,403.09198,474.86896,453.27405,495.7602,487.50995,556.80597,557.39197,570.98004,580.3837,575.0603,598.3187,0.9842809,0.94704884,0.9689189,0.59936607,0.80638087,0.96856314,0.99157083,0.8683244,0.9665368,0.86663175,0.9502827,0.66082406,0.7677996,0.04255992,0.06836292,0.003969401,0.0059079826
692,615.37366,623.80383,597.1135,635.47577,568.7119,675.54126,553.59576,714.7618,459.48285,614.3533,346.50323,667.5769,588.0683,652.5021,549.1928,629.4842,524.8097,338.1595,321.80225,328.90015,322.05048,339.15076,395.41486,403.02344,474.96906,453.1772,495.7926,487.51514,556.70886,557.2917,570.3416,579.8892,574.56604,598.14655,0.9844769,0.9477522,0.9692765,0.6008012,0.8066883,0.9686419,0.9915756,0.8689723,0.9665824,0.8677293,0.9504974,0.6603504,0.7671834,0.04255721,0.0681881,0.0039711,0.0058983266
693,615.32214,623.7801,597.09656,635.4862,568.67664,675.489,553.55963,714.56586,459.2682,614.1019,346.53934,667.5705,588.1093,652.364,549.061,629.5499,524.883,338.16376,321.8208,328.85175,321.9912,338.93494,395.33136,402.72595,475.05176,453.0395,495.7804,487.4516,556.28973,556.74963,570.1652,579.39087,574.64966,597.8167,0.9845309,0.9480492,0.96937,0.60181355,0.80671716,0.9687437,0.9915463,0.869396,0.9664446,0.86821437,0.95041966,0.6602515,0.76656467,0.04271394,0.06822887,0.0039883554,0.0059113204
694,615.2364,623.72546,596.98346,635.4917,568.5551,675.5438,553.6255,714.59283,459.18527,614.1416,346.71674,667.8838,588.5268,652.44574,549.81305,629.6597,526.0083,338.1756,321.82898,328.82196,321.98743,338.86176,395.37067,402.6057,474.96674,452.74158,495.84485,487.40344,556.1821,556.564,569.90027,578.85065,574.5531,597.2985,0.9845737,0.94843614,0.9693176,0.60396826,0.8057311,0.9688056,0.9915078,0.8690858,0.9660827,0.8677193,0.9499662,0.6594678,0.76550734,0.042874545,0.06833351,0.004019588,0.0059514344
695,615.0175,623.5338,596.8434,635.495,568.6454,675.52124,553.5566,714.3351,458.72855,614.3074,346.6904,667.7833,588.47327,652.12854,549.9719,629.71906,526.9858,338.25177,321.90295,328.8899,321.93713,338.7998,395.1853,402.56836,474.80127,452.94873,495.53046,487.15253,556.5892,557.0597,570.8614,579.9139,575.03186,597.7522,0.98446566,0.9483161,0.9689354,0.60524416,0.80339736,0.9686539,0.99144065,0.8691226,0.965914,0.8681117,0.9499016,0.65697575,0.76318,0.041889697,0.06672925,0.003896594,0.005766809
696,615.2482,623.7019,597.04095,635.42694,568.6542,675.5231,553.24774,714.66815,458.79526,614.34796,346.59,667.8047,588.2914,652.91364,550.40137,629.4458,526.9127,338.30603,321.94446,328.9218,322.04877,338.88818,395.29755,402.73425,474.84625,453.1438,495.35974,487.32056,555.835,556.3871,569.85675,579.09283,572.90027,596.0414,0.98438805,0.9478456,0.9690119,0.6030489,0.80529404,0.9685079,0.9914443,0.8680968,0.9658543,0.86680186,0.94964546,0.65331024,0.7606591,0.041051626,0.065603435,0.0038301349,0.005677521
697,615.3331,623.7269,597.163,635.3025,568.75836,675.4216,553.4735,714.7217,459.27042,614.5598,346.72287,667.667,588.24536,653.04504,549.9896,630.1299,526.30255,338.46857,322.10895,329.0797,322.19135,339.01392,395.48975,402.7704,475.13184,453.13086,495.44678,487.40247,556.17004,556.6129,570.64514,579.67316,573.4219,596.3867,0.98429084,0.94715476,0.9689184,0.5994221,0.80566734,0.96836317,0.9914744,0.8686675,0.96643734,0.86789906,0.95053864,0.65488285,0.762602,0.04092267,0.065653205,0.003791839,0.005635679
698,615.35126,623.73975,597.2291,635.41614,568.96985,675.3775,553.7887,713.9874,459.32086,614.69385,346.4076,667.5885,588.3977,653.18945,550.25366,630.29706,526.7004,338.60535,322.24805,329.27136,322.21082,339.11768,395.49414,402.7389,475.01306,452.901,495.4718,487.6834,556.1625,556.62036,571.8833,580.9184,574.9133,597.90186,0.98445404,0.94761205,0.9692978,0.60047716,0.8074646,0.96866703,0.99157894,0.86904013,0.9667037,0.86774963,0.9506757,0.6597668,0.76676047,0.041831613,0.06717956,0.0038668811,0.0057534575
699,615.3212,623.7615,597.1986,635.4467,568.7985,675.1636,553.5165,713.61707,458.9557,614.44727,346.2882,667.5928,588.3014,653.4493,549.4402,630.6118,525.85767,338.9176,322.50543,329.4715,322.31085,339.07526,395.71545,402.86945,474.84637,452.74255,495.34662,487.87762,556.3636,556.8075,571.27234,580.2903,574.5163,597.56366,0.9846474,0.9482975,0.96990234,0.6003813,0.80920845,0.9684026,0.99152493,0.86768353,0.9664736,0.8670319,0.95049775,0.65709364,0.7649418,0.04186532,0.06728554,0.0039117634,0.005821854
700,615.4939,623.8718,597.3395,635.4842,568.8312,675.33563,553.3371,713.7582,458.55417,614.48145,346.0655,667.5598,587.99615,653.44226,548.6729,630.4828,525.0421,339.17328,322.6947,329.75403,322.35876,339.3305,395.77673,403.14008,475.0531,453.05493,495.49677,487.82538,556.7798,557.3189,571.51953,580.7602,574.83105,598.10205,0.98458755,0.94805455,0.96991396,0.59854263,0.80937016,0.968131,0.99146855,0.86691177,0.9663431,0.8665565,0.95039445,0.6554714,0.7638091,0.041585952,0.06687012,0.0038914084,0.005790621
701,615.3184,623.67737,597.267,635.2908,568.87683,675.14215,553.3265,713.52155,459.0909,614.36255,346.2663,667.43146,587.90784,653.46814,548.0932,630.50037,524.62177,339.36078,322.86,329.9187,322.41858,339.36584,395.7696,403.40765,474.9317,453.61145,495.53357,487.99762,556.9668,557.60846,571.88947,581.3163,575.11725,598.5156,0.9844059,0.9477655,0.9695257,0.5982654,0.80742216,0.9678006,0.9912354,0.86659795,0.9654988,0.8662652,0.9494262,0.65182877,0.7593721,0.04095769,0.06537816,0.00383538,0.0056741536
702,615.453,623.73804,597.4277,635.2228,569.0481,675.14636,553.2361,713.2937,458.8745,614.3888,346.03183,667.03754,587.4378,653.63104,547.8976,629.9054,524.19666,339.43896,322.93073,330.04626,322.52228,339.5874,396.07507,403.81262,475.00732,453.81287,495.53333,488.10498,557.3879,558.09125,571.84656,581.38635,575.0161,598.5495,0.9842695,0.94710493,0.96944916,0.59570956,0.808493,0.9675715,0.99122906,0.86528337,0.9654881,0.86482567,0.949253,0.6497233,0.7583387,0.040581226,0.065032005,0.0038137436,0.0056550205
703,615.49817,623.80774,597.3658,635.3136,568.8206,675.2499,552.7787,713.34424,458.24857,614.4139,345.4301,667.0853,587.19336,653.8171,547.9972,629.48364,524.5831,339.65356,322.99597,330.1811,322.45093,339.66516,396.12762,404.07513,475.3423,454.33643,495.5658,488.12146,557.59094,558.4508,572.0542,581.9049,574.75745,598.6708,0.9844098,0.9477068,0.9697962,0.5968094,0.8093977,0.9675851,0.9911556,0.86448777,0.9648348,0.86393523,0.94845843,0.64571106,0.75429356,0.03992635,0.06374934,0.0037599504,0.005556941
704,615.4988,623.77014,597.46436,635.07025,568.7922,675.0238,552.07324,713.41077,457.6959,614.3065,345.0539,666.6134,586.40063,653.90704,547.28595,629.11896,523.85767,339.70514,323.08942,330.19836,322.53973,339.5598,396.32965,404.33868,475.62683,455.0022,495.77246,488.4461,558.26074,559.18225,573.453,583.448,575.90906,600.098,0.98425055,0.9469123,0.96975404,0.5930643,0.8107713,0.9673886,0.9911065,0.86407876,0.964787,0.8634691,0.9483476,0.6441779,0.75296605,0.039203823,0.06263414,0.003670901,0.005421996
705,615.46075,623.70966,597.44556,634.9936,568.798,674.8005,552.4297,712.9898,457.74084,613.45703,345.10004,666.89844,587.2002,653.5476,548.32495,629.54236,525.44904,339.7556,323.12006,330.2329,322.39087,339.4272,396.03485,404.07123,475.58344,454.9135,495.88416,488.32703,558.0245,558.9432,574.45074,584.31085,577.5211,601.3969,0.9843267,0.94707954,0.9697796,0.5936801,0.81057644,0.9676635,0.9911847,0.86540335,0.96513736,0.8650694,0.9490048,0.6471876,0.7553431,0.039610326,0.063243955,0.0036737323,0.005426526
706,615.23737,623.60925,597.13525,635.178,568.4481,674.9697,551.99634,713.09076,456.56256,613.63184,344.78653,667.11926,587.27106,653.48676,549.1936,629.29224,526.8459,339.86847,323.16943,330.27167,322.3484,339.36536,395.97455,404.1958,475.71533,455.5373,496.2655,488.3567,557.88434,558.89954,575.6642,585.4641,579.1646,602.6073,0.98468906,0.94854563,0.97048146,0.5987535,0.81234765,0.9679506,0.9912754,0.8642304,0.964851,0.8635461,0.94849634,0.6456361,0.7542729,0.039345115,0.06292164,0.0036377013,0.005381584
707,615.2074,623.63586,597.1632,635.22485,568.4963,675.039,551.77576,713.0359,456.4748,613.1836,344.79694,666.998,586.8916,654.01575,549.0716,629.79224,526.9214,339.90326,323.23236,330.2444,322.51892,339.32397,396.21558,404.28503,475.78467,455.58844,496.2046,488.4355,558.14923,559.09894,575.3443,584.9732,578.8147,602.1135,0.98449844,0.94802225,0.97005546,0.59762686,0.81052905,0.9677324,0.9911667,0.864167,0.9645717,0.86368835,0.94827914,0.64502734,0.7532383,0.039355695,0.06279731,0.003650397,0.005392432
708,615.07544,623.5228,597.00226,635.162,568.34296,675.0763,551.77246,713.1627,456.6308,613.3905,344.64056,667.0187,586.82776,653.5949,548.1416,629.3472,525.8237,339.95703,323.2556,330.26617,322.54364,339.35718,396.49127,404.40338,475.95026,455.437,495.94946,488.59155,558.80426,559.65,575.7208,585.27075,579.1763,602.5623,0.98460007,0.948521,0.970182,0.59950095,0.81021476,0.96781296,0.9911341,0.864388,0.9643636,0.86388314,0.94798493,0.6446656,0.75250167,0.0392527,0.062449723,0.0036401153,0.0053661764
709,614.8978,623.40466,596.73303,635.30316,568.2694,675.02435,552.3213,712.85443,457.45984,613.4474,344.92288,667.03186,587.11224,653.3794,548.1725,629.04596,524.9398,339.88843,323.1194,330.22748,322.46387,339.48755,396.16858,404.16083,475.87854,455.25964,495.992,488.5714,557.789,558.66113,573.36694,583.1086,576.2992,599.91284,0.9847716,0.94952345,0.97022074,0.60444546,0.80838484,0.9681107,0.99110174,0.8655762,0.96401787,0.8646507,0.94753134,0.64485455,0.75151455,0.039761007,0.06283584,0.0037237406,0.0054656267
710,614.48267,622.989,596.39355,635.06134,568.2059,674.91846,552.3602,712.8822,457.79367,613.31354,345.31042,666.9107,586.9667,653.3183,547.4656,628.90576,523.63904,339.90143,323.1225,330.22607,322.41595,339.42365,396.15485,404.0855,475.98615,455.25366,496.14386,488.8103,558.1745,559.0017,574.1589,583.9564,576.74207,600.59204,0.9848719,0.95007265,0.97020483,0.6085656,0.80717653,0.9684509,0.9911787,0.86722994,0.96437174,0.86601424,0.9478799,0.6482824,0.75409675,0.03985071,0.06293404,0.0037035048,0.0054370463
711,614.10815,622.6525,596.1102,634.8765,568.1346,674.8408,551.85645,712.69836,457.54187,613.02905,345.51935,666.82574,586.54663,653.4718,546.8496,628.59186,522.9772,339.8097,323.14795,330.17755,322.6311,339.47968,396.2483,404.3015,475.7887,455.52594,495.98724,488.71082,558.0174,558.942,573.81714,583.8893,576.14557,600.3494,0.98491734,0.9507987,0.97018623,0.6140282,0.80636585,0.96858144,0.9911299,0.86684036,0.9637054,0.8646774,0.9466869,0.64854324,0.75341713,0.040090322,0.06300646,0.003752023,0.005491495
712,614.1176,622.6778,596.0613,634.90564,568.0,674.9517,551.68134,712.978,457.21066,613.3502,345.15887,667.0339,586.5824,653.38293,546.5108,628.80505,522.8174,339.6833,323.04156,330.07434,322.66132,339.53772,396.34753,404.44177,475.8871,455.65326,495.94946,488.81384,557.66864,558.6175,572.71326,582.85504,575.0166,599.3036,0.9848975,0.95089567,0.9701288,0.6144191,0.8058162,0.96837294,0.9910394,0.86601007,0.9632447,0.86393785,0.9461186,0.64474064,0.7500218,0.039676845,0.062221527,0.0037335157,0.0054543614
713,614.0591,622.57275,596.00574,634.7625,567.99854,674.8787,551.8281,713.01074,457.01868,613.73157,344.79095,667.18646,586.9828,653.4474,547.42706,628.718,523.8063,339.73712,323.02307,330.12042,322.45813,339.4801,395.99725,404.36664,475.49097,455.70068,495.93677,488.68304,557.8451,558.9044,573.68274,583.85767,576.52686,600.59326,0.98485,0.95040023,0.9700629,0.61213547,0.8062904,0.9684254,0.9911632,0.86618614,0.96390533,0.8642318,0.94694805,0.6466806,0.7526897,0.03968057,0.0626083,0.00370121,0.005432576
714,614.245,622.79407,596.09735,634.93146,567.7851,675.05286,551.6492,713.32733,456.76266,613.5083,344.96255,667.16864,586.7982,653.3291,547.3767,629.2625,524.69104,339.85138,323.0376,330.1402,322.27704,339.3227,396.0252,404.32776,475.5775,455.6079,495.90747,488.56183,558.63556,559.62134,574.8041,584.7131,577.8352,601.5088,0.9847584,0.9497391,0.9700782,0.6068136,0.80646133,0.9678328,0.9910984,0.8647045,0.9640858,0.8642628,0.9476101,0.6428644,0.75063956,0.038808823,0.06161046,0.0036015213,0.0053063035
715,614.2207,622.7412,596.0529,634.9141,567.88617,674.8054,552.1431,713.07074,456.6765,613.37463,345.1468,667.2942,587.49817,652.8098,548.39844,629.3235,525.3566,339.8139,323.00574,330.1208,322.33215,339.43427,395.9225,404.19495,475.73035,455.6053,496.12793,488.63495,558.21674,559.2151,574.0019,583.9006,576.95184,600.47266,0.984795,0.95020795,0.9698939,0.60985845,0.8042722,0.96786785,0.9910234,0.8649908,0.9636512,0.8644977,0.947178,0.64065206,0.74799126,0.038694203,0.061151177,0.0036024153,0.0052924156
716,614.3096,622.83264,596.17163,634.99304,568.0213,674.82007,552.3404,713.166,457.55557,613.6525,345.8094,666.8072,586.9948,652.69775,547.8529,630.079,525.4721,339.83722,323.036,330.17578,322.26965,339.4032,395.95312,403.877,475.73615,454.63477,496.10657,488.1775,559.1408,560.00696,575.3809,585.3188,578.10175,602.0723,0.9846364,0.94950545,0.9695432,0.6070225,0.8027902,0.9676732,0.99099135,0.8656627,0.96402436,0.8656432,0.9478099,0.6445737,0.7513762,0.0389798,0.061703146,0.0036045015,0.0053006113
717,614.4053,622.8592,596.3142,634.8844,568.13324,674.8259,552.2082,713.22253,457.83606,613.7014,345.98373,666.4485,586.5548,653.0825,548.1695,629.75574,525.8209,339.8695,323.11255,330.28662,322.2837,339.46338,395.93054,403.8194,475.79828,454.57086,495.74255,487.95905,559.25916,560.14825,575.5039,585.5381,578.3238,602.6003,0.9845166,0.9487459,0.9694419,0.60408664,0.80421984,0.9679631,0.99109304,0.86664987,0.9644823,0.86623466,0.9482808,0.6494451,0.7554407,0.039826095,0.06311828,0.0036799908,0.00541538
718,614.5592,622.9525,596.40405,634.8767,568.11957,674.8093,552.4427,713.0593,457.92203,613.7764,346.0371,666.5386,586.8344,652.9507,548.3119,629.47626,525.66907,339.8708,323.09497,330.3333,322.25812,339.5979,396.0188,404.0108,475.8266,454.72833,495.77368,488.17688,559.1932,560.10345,575.11035,585.0732,578.15796,602.17957,0.98449874,0.94861907,0.96948713,0.6027793,0.80488694,0.96785176,0.9910516,0.8658819,0.964251,0.86538076,0.9479455,0.64766955,0.7539941,0.039805204,0.063049495,0.003696382,0.005435884
719,614.81384,623.10016,596.66315,634.80896,568.2643,674.78876,552.58215,713.34827,457.74432,613.6648,345.62955,666.2503,586.65027,652.97156,548.5295,629.5978,525.5232,339.89008,323.1336,330.44153,322.21143,339.69434,395.80585,403.73694,475.6587,454.11255,495.92786,487.93274,559.0245,559.9013,574.3582,584.3122,577.3678,601.4547,0.9844502,0.9478879,0.96949816,0.59905124,0.8060422,0.9679644,0.99122864,0.86713237,0.96538854,0.86711884,0.9495311,0.65157545,0.7585411,0.040325403,0.06432301,0.0037358701,0.0055213273
720,615.0463,623.34595,596.8593,634.8294,568.17065,674.4064,552.6947,713.1193,457.8291,613.9825,344.8002,665.81335,586.4118,651.8982,546.28296,630.367,523.2429,339.85944,323.09692,330.3623,322.2165,339.61865,396.08813,403.94873,476.40387,454.7907,496.22186,488.44836,558.85065,559.60486,573.9757,583.7267,578.6039,602.4279,0.98482,0.9489764,0.97030777,0.5990265,0.80852145,0.96844184,0.9912013,0.8696327,0.96526,0.86996704,0.9497005,0.6549307,0.7593365,0.041615546,0.065514624,0.0038604438,0.0056479275
721,615.19275,623.4758,596.9496,634.9706,568.2142,674.47314,552.91034,713.1885,458.40665,614.4922,344.68903,665.5901,586.292,652.7945,547.43176,630.2859,523.7663,339.9757,323.11975,330.48853,322.00903,339.59277,395.7353,403.65387,476.16443,454.50055,496.13922,488.25897,558.2869,559.09863,575.10333,584.944,579.4556,603.4631,0.984975,0.94911397,0.97079897,0.59793675,0.8116653,0.9688855,0.9913604,0.87049043,0.9657978,0.8701925,0.9501896,0.66062796,0.7642375,0.04237491,0.06692457,0.0039038956,0.0057249963
722,615.40027,623.6193,597.1493,634.93665,568.29443,674.49207,552.7823,713.5964,458.18265,614.7147,345.06808,665.79645,586.3542,652.9935,547.2235,630.3573,523.08844,339.9109,323.01404,330.38623,321.88892,339.4901,395.57812,403.63806,475.8421,454.45258,495.97064,488.19775,558.4604,559.36194,574.7479,584.76196,578.9401,603.1449,0.9846884,0.9480136,0.9703156,0.59358335,0.81023306,0.9682817,0.99125993,0.86920583,0.9657651,0.86948013,0.95025516,0.6576234,0.7624971,0.041726142,0.066140115,0.0038507283,0.0056599975
723,615.19635,623.6215,597.0294,635.23346,568.37054,674.3912,552.9577,712.85834,458.80362,614.7316,345.50558,666.3165,586.9961,653.65735,547.8979,631.0303,524.3076,339.87463,323.08105,330.22235,322.06506,339.1327,395.8144,403.34644,475.44025,453.6521,495.68036,488.1006,558.7008,559.429,575.0305,584.76587,578.10846,602.22534,0.9848467,0.9486356,0.9705754,0.59605503,0.811003,0.96836454,0.99132216,0.86907244,0.96598065,0.8691881,0.95041144,0.6564269,0.76210856,0.04103741,0.065311044,0.0037804544,0.0055747926
724,615.1547,623.589,597.0548,635.18713,568.50024,674.48596,553.1676,713.3268,459.22302,614.2607,345.73544,666.183,586.9524,653.04065,547.70416,631.1361,524.38446,339.8626,323.14325,330.23444,322.2661,339.22815,395.8921,403.23315,475.51215,453.3053,495.92792,487.953,558.4769,559.039,575.3899,584.91876,579.0126,602.9901,0.9848951,0.9487568,0.9705224,0.5978461,0.81036896,0.96862894,0.99145865,0.87041867,0.9666254,0.8707706,0.95127636,0.6611259,0.7664395,0.041739196,0.066583455,0.003815949,0.005640745
725,615.3152,623.70593,597.1378,635.24347,568.55865,674.41736,553.5851,713.15186,459.64432,614.45374,345.5896,665.9667,586.9426,652.9543,547.4346,631.2772,523.37634,339.6369,322.9109,330.09235,322.12738,339.2973,395.79602,403.09344,475.3656,452.8001,495.75244,487.86823,557.8583,558.38715,574.1046,583.6663,577.36993,601.46405,0.9849988,0.94867206,0.97075427,0.5963397,0.8119866,0.96892715,0.9916301,0.87202334,0.9675394,0.87255055,0.9524791,0.6651378,0.770455,0.04237607,0.06783506,0.0038699508,0.0057348013
726,615.0657,623.55066,596.92444,635.3542,568.535,674.62335,553.3497,713.5489,459.1053,614.3377,345.10236,666.0843,586.7811,652.9149,547.0576,631.4281,523.2412,339.7329,322.99878,330.14374,322.23126,339.3205,395.73645,403.0578,475.42236,452.8567,495.71265,487.7343,557.73065,558.2798,572.8124,582.55505,575.8578,600.30457,0.9848497,0.9484751,0.9702932,0.59776205,0.80883735,0.9685838,0.99159026,0.8715127,0.9675565,0.87271494,0.95263267,0.66217685,0.768639,0.04187548,0.06722,0.0038351119,0.0056967437
727,615.1382,623.5845,597.0288,635.2883,568.65564,674.6405,553.40717,713.84827,458.98923,613.99554,345.08237,665.7565,586.6058,652.62585,547.9068,631.04553,524.09546,339.4319,322.78577,329.91046,322.15918,339.2091,395.64478,402.83972,475.45868,452.63806,495.86023,487.59296,557.6033,558.07733,572.90356,582.4779,576.1857,600.4336,0.98476243,0.9479562,0.9700872,0.5968213,0.80882704,0.96873486,0.99167395,0.87208503,0.96794283,0.87320584,0.95310664,0.6631465,0.7698082,0.041790187,0.06728661,0.0038044453,0.005663812
728,615.41724,623.81476,597.1932,635.2498,568.47296,674.61993,553.2316,714.21326,458.69684,613.7143,345.09836,665.88275,586.7185,652.78186,548.6373,631.4229,524.58044,339.07562,322.44458,329.58875,322.00677,339.12347,395.59747,402.9524,475.5077,452.94897,495.9046,487.4353,557.3707,557.9088,573.5193,583.04126,577.77563,601.7027,0.9848601,0.9478804,0.9704144,0.59418505,0.8112329,0.9690197,0.991761,0.87271255,0.96816283,0.8737894,0.95347816,0.66782176,0.7734207,0.04293534,0.06904802,0.003897071,0.0057969093
729,615.44586,623.8017,597.17926,635.1493,568.4298,674.5627,553.452,714.1008,458.6928,613.3443,344.74722,666.22205,587.2428,652.9863,549.49316,631.7019,525.1,338.78003,322.164,329.33698,321.8427,339.049,395.31982,402.85254,475.15576,452.90814,495.83618,487.40924,557.18304,557.7764,573.2314,582.682,577.3678,600.93994,0.98470485,0.94730335,0.97001314,0.5926229,0.8098992,0.9688935,0.99173015,0.87278616,0.9681508,0.87379044,0.95349795,0.6679632,0.7735275,0.0429416,0.06903866,0.0038973093,0.0057982504
730,615.34607,623.67346,597.12573,634.9192,568.4,674.36945,553.28424,714.25934,458.72662,613.74927,344.80756,666.1245,587.2632,653.0331,550.00385,631.8393,526.12305,338.4925,321.927,329.0641,321.6787,338.80188,395.31244,402.72437,475.20276,452.7096,495.88977,487.24097,556.964,557.56195,573.03094,582.5717,577.5231,601.3683,0.98466647,0.946879,0.96997,0.59121585,0.8108595,0.969115,0.9918305,0.8733338,0.9685334,0.87419283,0.9539429,0.67038035,0.77579355,0.043457747,0.07002634,0.003936231,0.0058654547
731,615.0802,623.4768,596.86664,634.83026,568.1335,674.4368,552.6338,714.33923,457.84738,614.1398,344.91214,666.2359,586.8905,653.2921,549.34625,632.50464,526.22205,338.32526,321.8382,328.90057,321.77814,338.75714,395.56873,402.97754,474.9416,452.70886,495.53595,487.15332,557.2561,557.891,572.097,581.631,576.677,600.42255,0.98464704,0.9469118,0.96992505,0.59142005,0.8105434,0.96891963,0.99177974,0.8728337,0.96841204,0.874137,0.9539174,0.6665683,0.7728029,0.04264182,0.06874362,0.0038717687,0.00576964
732,614.95984,623.3998,596.7029,634.7696,567.89185,674.255,552.3066,714.15234,457.75922,614.2348,344.57886,665.76685,586.28613,653.5463,549.0436,632.1638,525.643,338.18414,321.67334,328.72034,321.64722,338.57874,395.71033,402.97638,474.77625,452.33667,495.16602,486.90588,557.4024,558.0188,571.4708,581.0601,575.6168,599.6066,0.9848162,0.947469,0.9702194,0.59308684,0.81160444,0.9694133,0.99181736,0.8743334,0.9683623,0.87518036,0.95385253,0.6694278,0.77399635,0.04326561,0.06936124,0.0039404333,0.0058476627
733,614.6706,623.1656,596.3715,634.78296,567.69556,674.4837,552.0557,714.1351,457.4047,614.5261,344.21265,665.8062,586.0575,653.2609,548.69525,631.40765,525.6618,337.8603,321.38788,328.47034,321.51483,338.5431,395.78992,403.15247,474.88696,452.62878,495.00378,487.09717,557.67896,558.3402,570.9132,580.62024,574.5333,598.6237,0.98487043,0.9480313,0.97026753,0.5963371,0.8111936,0.96924424,0.991724,0.8727348,0.9676696,0.8732132,0.9527453,0.66147614,0.7673645,0.04160869,0.06663218,0.0038030744,0.0056360066
734,614.60004,623.16205,596.20856,634.84906,567.4766,674.31964,552.0309,714.0629,456.84662,614.68396,343.65955,665.83167,586.1904,652.6846,548.22894,631.15485,524.8173,337.71838,321.19104,328.28546,321.43616,338.51062,395.86365,403.36377,474.61774,452.58044,494.99274,487.0415,557.8546,558.5762,569.70984,579.5643,573.73535,597.8376,0.9850929,0.94884634,0.9706865,0.5976791,0.811792,0.9691236,0.99166983,0.87223405,0.9674074,0.87330246,0.95260817,0.6549239,0.7619704,0.040472925,0.064723015,0.0037073493,0.00548476
735,614.6918,623.2844,596.17145,634.96045,567.1995,674.23236,551.9181,713.81525,456.76993,614.3571,343.21948,665.7246,586.0311,652.52985,547.6969,631.44666,524.5913,337.6682,321.03088,328.1927,321.13666,338.37042,395.63123,403.29486,474.3778,452.4654,494.50818,486.86993,557.6134,558.4059,569.0489,579.03955,572.69305,596.9372,0.98517394,0.9489706,0.9709182,0.5956352,0.8123595,0.96898437,0.9915863,0.8726365,0.9672612,0.87453043,0.95277673,0.6514052,0.75849533,0.039731503,0.06330657,0.0036322773,0.0053544343
736,614.5423,623.1564,595.95056,634.96326,566.9524,674.1216,551.5607,713.5899,456.29013,614.23676,343.1847,665.08984,585.0631,652.08154,546.0092,631.23926,522.44666,337.40686,320.7177,327.99536,320.7411,338.22205,395.41528,403.16132,474.2976,452.1244,494.47632,486.82684,558.5745,559.4569,569.62885,580.08746,573.1283,598.1529,0.9855752,0.95022994,0.9717258,0.5987475,0.8145015,0.9692919,0.9917284,0.8734604,0.9677682,0.8754072,0.95332617,0.65297925,0.7603159,0.039435774,0.06299341,0.0035854876,0.0052925944
737,614.5924,623.26575,595.9572,635.2396,567.0365,674.2067,551.94885,713.0386,456.10657,613.8885,343.06305,665.4332,585.5863,651.61694,545.798,630.7838,521.7117,337.2754,320.57574,327.86145,320.6233,338.1383,395.03766,402.9137,473.79944,451.95056,494.32642,486.92896,557.44336,558.3201,567.78357,578.1022,571.27014,595.8612,0.98570764,0.9506658,0.97183573,0.60123503,0.81451035,0.96967745,0.9919201,0.87478375,0.96848214,0.87668836,0.95417684,0.65749276,0.7648072,0.040488064,0.06481758,0.0036956668,0.00546962
738,614.379,623.1178,595.7286,635.2989,566.9401,674.348,552.10095,712.9436,456.11893,613.9132,342.98444,666.0607,586.3009,651.51,546.40137,630.8648,522.8987,336.94482,320.29126,327.56415,320.43756,337.94604,395.07477,402.9875,473.66418,451.9126,494.36334,487.02148,558.29736,559.2012,568.42346,578.7663,572.25916,596.75885,0.98581505,0.9512874,0.9718448,0.60452265,0.8135476,0.9698333,0.99190784,0.8748095,0.9681693,0.8764024,0.9537294,0.65649295,0.7635063,0.040285647,0.06431389,0.0036723316,0.0054264963
739,614.5774,623.3408,595.99963,635.2568,566.93774,673.99976,551.5005,713.07874,455.54193,614.1837,342.5753,665.7451,586.0067,651.7035,547.04205,630.4353,523.9794,337.09943,320.48535,327.57617,320.5868,337.6634,395.34265,403.0921,473.45007,451.86566,494.44617,486.80334,558.6045,559.51135,568.9182,579.2328,572.33435,596.9018,0.9856684,0.95028746,0.9718625,0.5988191,0.81573117,0.9695966,0.9919282,0.8735827,0.96832436,0.8754178,0.95394516,0.654445,0.762689,0.039780438,0.06385812,0.0036257505,0.0053738654
740,614.57007,623.3583,596.01575,635.30835,567.014,674.0661,551.99994,713.1517,456.07034,614.2239,342.93115,666.4996,587.2026,651.6947,548.73926,630.08826,525.68646,337.09924,320.5296,327.52002,320.6125,337.47583,395.03864,402.6424,473.02783,451.5525,494.18958,486.59497,557.6763,558.45636,568.6237,578.4319,572.1007,595.8308,0.9855596,0.9502768,0.9714341,0.6010775,0.81356364,0.9697465,0.991887,0.8736346,0.9679036,0.8748213,0.9533216,0.6568649,0.7639004,0.04077065,0.06516674,0.0037374198,0.0055296123
741,614.6052,623.4364,596.02795,635.3806,566.9715,673.9559,551.7456,713.3132,455.418,614.4255,342.16885,666.6291,587.3937,651.3606,549.32745,629.6961,526.5414,337.0451,320.46368,327.41608,320.54266,337.32288,394.7359,402.44006,472.94897,451.61957,494.3377,486.42383,557.08124,557.9651,568.28107,578.3595,571.0469,595.14636,0.9857222,0.9506036,0.97179484,0.6019038,0.81542593,0.96988046,0.9920422,0.87341154,0.96836954,0.8745816,0.953798,0.6536674,0.76253855,0.03963843,0.063774794,0.0036072135,0.0053598285
742,614.7634,623.53784,596.2437,635.2904,567.13025,673.76886,551.9447,713.00964,455.56128,614.2644,342.24744,666.5676,587.572,651.1412,549.3989,630.11194,527.1023,337.12927,320.5752,327.521,320.55786,337.32263,394.6001,402.31018,472.61926,451.2749,494.41064,486.27942,557.3789,558.24585,568.54767,578.51935,571.7739,595.63794,0.9856674,0.950035,0.9717388,0.5986208,0.8159007,0.9698382,0.9921299,0.8736805,0.9689554,0.8751911,0.95461625,0.6572933,0.76645577,0.04033506,0.065193266,0.003668785,0.0054705143
743,614.87585,623.59216,596.3744,635.1738,567.2123,673.6571,551.92993,712.9332,455.78342,614.3388,342.1024,666.6998,587.7037,651.57324,549.6714,630.344,527.02356,336.86096,320.40546,327.34314,320.54468,337.29242,394.52783,402.224,472.42065,451.0287,494.32465,486.33575,557.30835,558.21625,568.6246,578.74304,571.8758,596.0393,0.98556066,0.94944537,0.9717202,0.59539425,0.8172285,0.9695606,0.99211407,0.87249744,0.9689781,0.8736969,0.954429,0.6562939,0.7663672,0.040114254,0.065081865,0.0036555827,0.0054633617
744,614.969,623.70416,596.48145,635.2374,567.303,673.5433,551.6614,712.8884,455.3628,614.37726,342.2783,666.08826,587.01575,651.84863,550.13043,630.97876,527.83923,336.63757,320.2138,327.13715,320.52686,337.23077,394.45587,402.17175,472.265,450.94708,494.20032,485.99097,556.80444,557.78674,567.74915,577.9927,570.7284,595.01715,0.98543084,0.9486125,0.97154593,0.59176135,0.8175007,0.9694179,0.99216497,0.8726262,0.9694661,0.8744751,0.9552485,0.656329,0.767144,0.039946318,0.06515047,0.003632754,0.0054470897
745,614.9341,623.6597,596.4825,634.95044,567.1103,673.238,551.291,712.9042,455.5077,614.54047,342.47076,665.98645,586.82446,652.1226,549.90234,631.2726,527.6835,336.55066,320.19965,327.00238,320.6115,337.04608,394.60504,402.1328,472.02686,450.75952,494.01318,486.23322,556.859,557.7598,567.9495,577.95886,571.1974,595.29456,0.98545027,0.94839966,0.97181344,0.58894247,0.8196962,0.969291,0.9921743,0.87168753,0.9695164,0.8734781,0.9551965,0.6566222,0.7679031,0.040156662,0.06567001,0.0036664903,0.005507201
746,614.6867,623.42474,596.2655,634.8822,567.13983,673.3075,551.5243,712.9182,455.7457,614.3893,342.268,666.03235,586.85706,652.3646,549.81726,631.3647,526.8088,336.5039,320.1565,326.97858,320.59576,337.06525,394.5523,401.89813,472.26776,450.5155,493.94012,486.17493,557.0493,557.84937,568.3114,578.24536,571.4527,595.67664,0.9853419,0.9480762,0.97155404,0.5891472,0.8183224,0.9690882,0.9922122,0.8712952,0.969906,0.8731594,0.95557505,0.65788805,0.7700871,0.040156722,0.06610587,0.003657788,0.0055245757
747,614.4137,623.1751,595.95874,634.80664,566.98315,673.3379,551.6716,712.55505,456.38263,613.83606,343.26288,666.4659,587.36084,652.53125,550.2803,630.8159,527.083,336.39575,320.0052,326.83893,320.40662,336.90344,394.31934,401.53992,472.2464,450.2174,493.6764,486.07642,556.0664,556.8262,567.43726,577.3257,570.1804,594.47894,0.9855359,0.9491766,0.97170293,0.5955921,0.8180014,0.9696282,0.99228346,0.8720146,0.96971464,0.872916,0.95507646,0.66062284,0.7716303,0.04093653,0.06712949,0.0037466288,0.0056491494
748,614.06305,622.88403,595.6012,634.6455,566.6861,673.2431,551.62494,712.464,456.3585,613.86414,342.998,666.3774,587.27423,651.9983,549.77454,630.9602,526.9572,336.3512,320.02795,326.8189,320.549,336.966,394.6073,401.539,472.167,449.60657,493.6045,485.83722,556.7234,557.31165,567.9946,577.6128,570.6913,594.7118,0.98551136,0.9492634,0.9716248,0.59589493,0.8169211,0.96927524,0.99218166,0.87114185,0.96950305,0.8725142,0.95491624,0.6571836,0.7690376,0.040156096,0.065905124,0.0036715865,0.0055381358
749,613.8546,622.66736,595.4354,634.4861,566.5482,673.1491,551.1487,712.12067,455.84302,613.7976,342.75433,666.5728,587.0982,652.805,548.7974,631.6727,526.0467,336.4201,320.0816,326.8612,320.53674,336.93274,394.76294,401.92914,471.88782,449.95453,493.1631,486.09882,556.9304,557.68256,567.64716,577.5365,570.0506,594.38727,0.9854279,0.949311,0.9715329,0.59608227,0.81620777,0.96889395,0.99198776,0.8703564,0.96880054,0.87197554,0.9541267,0.65264827,0.7643719,0.039438397,0.06437147,0.0036249459,0.0054435134
750,613.6416,622.4813,595.3793,634.4548,566.81573,673.12354,551.9658,712.27203,457.2868,613.49005,343.20856,666.72565,587.6552,652.54065,549.1947,633.5146,527.06305,336.09186,319.85437,326.55304,320.1411,336.34723,393.78906,400.6264,471.91394,449.37103,493.0221,485.56006,556.9467,557.4311,570.8646,580.26776,572.2628,596.17303,0.98515046,0.9478632,0.97075576,0.59221756,0.81298304,0.9686557,0.9921572,0.872395,0.97042185,0.8749315,0.9563558,0.659009,0.7716752,0.03879395,0.064189255,0.0034471154,0.005233407
751,613.51465,622.31647,595.1677,634.2779,566.61884,672.84283,552.1334,711.56635,457.3058,613.1918,343.29547,666.7824,588.0602,652.0974,549.70795,633.2499,527.7782,335.9336,319.64746,326.4179,319.92877,336.3153,393.61823,400.3286,472.07916,448.95337,492.89978,485.32385,556.3265,556.8001,569.88165,579.2951,571.1467,595.10925,0.9851803,0.9480771,0.9707619,0.59287775,0.8127872,0.96859056,0.9920937,0.87180376,0.97007084,0.8742826,0.9559258,0.6552117,0.7683502,0.038400322,0.06339711,0.0034272373,0.0051932335
752,613.28735,622.1004,594.8273,634.2039,566.19336,672.78784,551.7306,711.2057,455.9783,612.6372,342.5332,666.83154,587.9289,651.9558,549.28894,633.4015,527.50916,335.83612,319.438,326.34045,319.58148,336.28284,393.5487,400.7046,472.09143,449.5287,492.98566,485.57434,557.2511,557.94617,570.4265,580.1355,572.2959,596.2967,0.9855129,0.9491489,0.9714951,0.5944523,0.81478965,0.96862096,0.99213684,0.87144196,0.97014165,0.8745995,0.95619655,0.65077925,0.76523113,0.037386477,0.061849475,0.0033204257,0.0050359964
753,613.24866,622.04376,594.6968,634.147,565.96356,672.60474,551.7506,710.7893,455.95456,612.50415,342.71765,666.8103,587.923,651.98267,548.88245,633.4181,526.4114,335.73816,319.30896,326.2697,319.4461,336.29065,393.5135,400.7682,471.83307,449.3943,492.7663,485.43384,557.6488,558.3928,570.495,580.265,571.68445,595.6087,0.98562026,0.9493589,0.97175956,0.59349394,0.8159249,0.96866894,0.9921286,0.8722893,0.97029495,0.8756789,0.9565522,0.6495557,0.7640015,0.036749452,0.06072879,0.0032509565,0.0049236417
754,613.05945,621.94836,594.4731,634.2483,565.7674,672.4066,551.4827,710.2907,455.71893,611.8329,342.54044,666.2531,587.3092,652.39813,549.07916,633.48914,526.23193,335.63043,319.159,326.13837,319.26562,336.1126,393.2821,400.5672,471.5655,449.19067,492.5459,485.40472,556.7507,557.5685,570.1754,580.14417,571.3425,595.641,0.9859197,0.95019907,0.9724194,0.5957589,0.8186963,0.96927726,0.9923438,0.8737409,0.9709549,0.87699145,0.9573469,0.6567895,0.7701967,0.03802553,0.06300205,0.003359437,0.005099714
755,612.7768,621.68036,594.1717,634.14026,565.671,672.2729,551.7456,709.5632,455.7018,611.6044,342.63782,666.30975,587.62524,651.82117,548.78406,633.44666,526.2747,335.58655,319.06183,326.0697,319.2284,336.16473,393.48047,400.61896,471.56653,448.7699,492.47913,485.2635,556.5753,557.3181,569.89355,579.7198,571.3126,595.3511,0.9859772,0.9509541,0.97222686,0.6005332,0.8160378,0.9694587,0.9922346,0.8744767,0.9703413,0.8775715,0.9566908,0.6581943,0.7696538,0.038779527,0.063596964,0.0034432411,0.005192369
756,612.5824,621.404,594.1961,633.56866,565.67303,671.85693,550.9184,709.408,455.52988,611.1076,342.89078,665.5344,586.36584,651.83167,546.436,634.321,524.7384,335.26154,318.89502,325.802,319.14215,335.839,393.51416,400.60815,471.43994,448.72833,492.2627,485.18054,557.1758,557.9116,569.7397,579.734,571.74536,596.26746,0.9857744,0.94970226,0.9721478,0.5940435,0.8175694,0.9689084,0.99223566,0.8738336,0.97091925,0.8779143,0.9575136,0.6562615,0.76954746,0.038089395,0.062939614,0.0033722222,0.0051069856
757,611.9335,620.9007,593.6025,633.5233,565.47217,671.95496,550.83215,709.45667,455.6876,610.7022,342.95334,665.40686,585.90155,650.90656,544.10767,634.6544,522.73706,335.17688,318.81366,325.73822,319.1996,335.93945,393.576,400.7979,471.2334,448.53064,492.42798,485.00745,557.9058,558.62964,569.90265,580.2197,572.6412,597.62775,0.98593664,0.9508955,0.97217155,0.6003931,0.81436086,0.9687072,0.9921646,0.87403214,0.97075933,0.8788245,0.95744586,0.6551217,0.76845795,0.037788987,0.062295735,0.0033362508,0.0050463676
758,611.9776,620.8366,593.7039,633.1373,565.54083,671.5377,550.6546,709.6282,455.48962,610.7962,342.86066,664.7939,585.48206,650.25146,543.84766,635.02344,523.1294,334.9787,318.70642,325.64954,319.2613,336.06744,393.55865,400.90417,471.07843,448.37695,492.46857,484.94153,558.0213,558.847,568.70105,579.355,572.1387,597.6041,0.98603487,0.9508908,0.9723446,0.59974277,0.8155471,0.9689385,0.99227834,0.87503445,0.97120786,0.88003963,0.9580688,0.6556228,0.7692251,0.03786373,0.06250629,0.0033398867,0.005054325
759,611.8077,620.65796,593.53345,632.86743,565.2859,671.40125,550.15186,709.17145,454.91498,610.94714,342.5238,665.2554,585.62463,650.3062,542.6929,636.0165,523.2755,335.11218,318.84326,325.73267,319.47406,336.21094,394.01648,401.41644,470.97186,448.53967,491.8568,485.19507,558.6451,559.5333,568.7486,579.43506,571.84265,597.30914,0.98589295,0.9505905,0.97212315,0.59745824,0.8145094,0.9682117,0.9920064,0.8735287,0.9703995,0.87933123,0.9572879,0.6453496,0.76015055,0.03594044,0.059025496,0.0031691194,0.004772514
760,611.4777,620.3205,593.3284,632.784,565.60724,670.9775,550.59314,708.36285,455.1406,610.84564,342.6451,664.3352,585.2247,650.3074,543.3055,636.2043,523.173,334.9425,318.74384,325.70856,319.44574,336.3015,393.6363,400.97882,470.73193,448.00488,491.57642,485.18982,557.2045,558.1649,567.3521,578.3901,570.31757,596.48914,0.98597676,0.9508052,0.97216547,0.6005219,0.81463325,0.96870494,0.99223816,0.87529147,0.9713514,0.8808099,0.95833546,0.6529795,0.76726866,0.037226886,0.06150937,0.003280729,0.004966229
761,611.4993,620.27954,593.29315,632.67163,565.48303,670.72986,550.4681,707.98987,454.77585,610.50464,342.8416,664.5134,585.48926,650.41266,543.41815,636.6421,523.2374,334.9013,318.6607,325.69104,319.33118,336.3496,393.4616,401.01855,470.63306,448.10297,491.18982,484.99915,556.61487,557.75745,566.2103,577.60364,569.1366,595.6847,0.985883,0.9506568,0.9719956,0.59921247,0.8136416,0.9683281,0.9920526,0.87462807,0.97071517,0.880593,0.95776415,0.64797926,0.7622473,0.036730975,0.060328633,0.00325495,0.0049025416
762,611.3661,620.18555,593.2351,632.6097,565.44446,670.8069,549.8333,708.19836,454.44345,610.1753,342.98703,664.24695,584.7069,650.6661,542.5458,636.6758,522.707,334.92474,318.72742,325.6844,319.47052,336.31494,393.56787,401.12903,470.2942,447.9757,490.9464,485.14935,556.5403,557.7162,566.4353,577.98987,569.3377,596.27747,0.98581666,0.95069885,0.97180617,0.60115,0.8125108,0.9684206,0.9920211,0.875162,0.97051144,0.8808747,0.95744455,0.65187156,0.76452833,0.037440956,0.061216682,0.0033220947,0.004989326
763,611.1331,619.97864,593.07965,632.49066,565.5075,670.5919,550.39966,707.6974,454.89948,610.2675,343.19012,664.85474,585.9529,649.82043,543.26263,635.23224,523.0906,334.9522,318.75226,325.6101,319.37976,336.00153,393.21155,400.6828,470.0027,447.94568,490.82666,485.1101,555.75287,556.7942,565.9414,577.0242,568.4867,594.60254,0.98583114,0.9508583,0.97159004,0.60436785,0.8115144,0.9689142,0.99215657,0.8763723,0.9708438,0.8813846,0.95768285,0.6545254,0.76686937,0.037887007,0.06195128,0.0033576488,0.0050490797
764,611.208,620.00183,593.0287,632.4586,565.34357,670.3943,550.5737,707.1035,455.1119,610.3176,342.98682,664.72205,585.9032,649.40155,542.45056,635.2182,521.64606,334.86566,318.59155,325.60352,319.15247,336.11823,392.97424,400.52722,470.35248,447.91333,491.03882,485.08405,555.7776,556.88,566.11395,577.47266,568.8439,595.33746,0.9858064,0.9506484,0.97162163,0.6013609,0.8118926,0.9687956,0.99204326,0.87696767,0.9706523,0.88192624,0.9575497,0.6534846,0.76513743,0.037613124,0.061164945,0.0033242106,0.004973531
765,611.4387,620.27966,593.2191,632.7283,565.4515,670.4839,551.10657,707.32935,455.54913,609.7982,343.73123,665.53296,587.22687,649.7433,545.129,635.1224,523.87616,334.6759,318.4842,325.32947,319.16498,335.79443,392.79773,400.02606,469.97302,447.4068,490.85706,484.9154,554.97144,555.89905,567.171,577.91016,569.3379,594.92834,0.98586404,0.950992,0.9716556,0.60361433,0.81183726,0.9688106,0.9920944,0.875638,0.9705293,0.88018584,0.9571924,0.65353054,0.76586735,0.037552357,0.061336845,0.0033102632,0.004974574
766,611.76324,620.52893,593.62915,632.5155,565.53516,670.2121,550.9385,707.89056,455.11316,609.2789,343.46478,665.8161,587.7725,649.8865,546.57526,635.9186,525.6967,334.34283,318.35455,324.98126,319.20374,335.3849,392.62445,399.7218,469.5384,447.27002,490.66608,484.5962,554.8053,555.6492,567.2555,577.53107,569.7379,594.5342,0.9856818,0.9499085,0.9712992,0.5989555,0.8119825,0.9689844,0.9921607,0.8772285,0.970979,0.8819474,0.95799416,0.65787774,0.7691996,0.03824413,0.062418908,0.0033538938,0.0050390363
767,611.6022,620.41565,593.458,632.4384,565.3654,670.2024,550.71326,707.8363,454.9544,609.3855,343.33722,666.227,587.9446,649.2742,545.129,635.3408,524.0016,334.22736,318.2364,324.83752,319.20776,335.34222,392.4713,399.7931,469.3755,447.6474,490.729,484.84186,554.3111,555.2014,566.11865,576.52185,569.09265,593.9037,0.9857197,0.950295,0.9714757,0.5998722,0.8123596,0.9685601,0.99205446,0.87544537,0.9705178,0.88031834,0.9573009,0.65097857,0.7639662,0.037333935,0.06090337,0.0032969415,0.0049489737
768,611.63947,620.3197,593.542,632.07263,565.3563,670.0923,550.5625,707.92596,454.66174,609.52496,343.143,666.55084,588.43835,649.719,546.5038,634.9464,525.7083,334.26562,318.29602,324.87103,319.1839,335.28235,392.5666,399.9925,469.1084,447.8258,490.41058,484.93756,554.5668,555.51843,566.81055,577.04193,569.68304,594.1026,0.9852413,0.948472,0.97065973,0.59376514,0.81113,0.9680296,0.99191016,0.8738785,0.9701492,0.87878245,0.95684147,0.6475148,0.76120365,0.03678158,0.060076714,0.0032495856,0.004880786
769,611.329,620.0442,593.2654,631.98016,565.2704,669.99097,550.2667,707.52386,454.03748,609.4354,342.8996,666.04254,587.6764,648.9309,544.4953,635.085,524.2576,334.21613,318.25012,324.85797,319.22845,335.417,393.09595,400.4513,469.4381,447.7124,490.42017,484.78998,556.17914,557.14197,567.0051,577.56384,569.93384,594.95026,0.98533034,0.94919336,0.9706691,0.5972443,0.809067,0.967749,0.9917785,0.8734107,0.9697032,0.8789344,0.9564465,0.642537,0.7566524,0.03584823,0.058350295,0.0031708777,0.0047483444
770,611.35803,620.0038,593.28577,631.8386,565.2589,669.803,550.4401,707.3197,454.06693,609.96643,342.56458,665.9382,587.9608,648.88257,545.9181,635.51306,526.4728,334.0204,318.10486,324.76147,318.9928,335.28192,392.7259,399.90503,469.54883,447.2527,490.53235,484.59613,555.7118,556.651,567.3906,577.854,570.15674,595.1076,0.98516834,0.9481906,0.9703688,0.59313786,0.80946964,0.9678621,0.99185395,0.874014,0.9701363,0.8792621,0.95696384,0.6453284,0.7593328,0.03612271,0.05897844,0.0031761527,0.0047658086
771,611.3066,619.8371,593.20715,631.6047,565.302,669.7264,550.92126,706.9798,454.3087,609.6974,342.27606,666.44305,588.915,648.28564,546.47754,634.60565,526.5745,333.81903,317.92065,324.66956,318.87634,335.40753,392.57202,399.9392,469.42065,447.23346,490.50922,484.82495,555.0948,556.0825,567.4205,577.9375,570.23425,595.11456,0.98505986,0.94778335,0.970093,0.5929361,0.8091605,0.9678544,0.9918979,0.8736769,0.97024083,0.8785045,0.95688,0.64537793,0.7599778,0.036099374,0.05904919,0.003165841,0.00475806
772,611.1682,619.6874,592.99524,631.47754,565.1635,669.7143,550.98834,706.83734,454.51428,609.55786,342.32513,666.532,588.87427,648.34863,545.59485,634.72974,524.88477,333.62567,317.6947,324.52606,318.86835,335.59436,392.68103,400.01282,469.35852,446.71143,490.73413,484.8022,554.7093,555.6869,566.54285,577.25684,570.0008,595.2473,0.9851928,0.9482229,0.97034806,0.59412825,0.80999964,0.9679793,0.9919692,0.87397945,0.97051775,0.87861794,0.9571136,0.64852047,0.7629963,0.036803186,0.0602659,0.0032374263,0.0048709214
773,611.04895,619.6404,592.91364,631.5055,565.1393,669.7923,550.59607,707.3622,453.74994,609.9553,341.76233,666.1472,588.2422,648.1598,545.3826,634.9493,525.1323,333.385,317.48413,324.25427,318.818,335.40845,392.6775,399.9978,469.28052,446.70654,490.78455,484.39667,555.01685,555.9812,566.6559,577.3573,570.4407,595.6157,0.98517674,0.9481532,0.97040594,0.59358263,0.8098465,0.9674978,0.9919504,0.87203526,0.9705242,0.877458,0.9571853,0.6437969,0.7604307,0.035980254,0.059339643,0.0031647086,0.0047847033
774,610.97327,619.70795,592.77985,631.65594,564.792,669.8981,549.9683,707.6299,453.25732,609.85443,341.6441,666.2367,587.8195,648.0872,544.32733,635.2738,524.73206,333.40033,317.45862,324.13422,318.8266,335.2069,392.82483,400.06293,469.20325,446.63654,490.71332,484.27844,555.351,556.2819,566.36523,577.05896,570.2455,595.49347,0.98532975,0.948763,0.970642,0.59500456,0.8097853,0.96762824,0.9919506,0.8725715,0.9704298,0.8783111,0.95722365,0.64435285,0.7603717,0.036121875,0.05936429,0.0031799376,0.0047957897
775,610.5969,619.43677,592.3854,631.83466,564.7759,670.3108,550.1225,707.9977,453.12128,610.1716,341.19324,666.82886,588.22974,647.2719,543.2302,633.5436,522.53156,333.1353,317.1953,323.88275,318.7323,335.16248,392.69482,400.11877,469.1886,446.94287,490.82465,484.55487,554.7281,555.6826,564.8727,575.8249,568.95264,594.5172,0.9854673,0.95037365,0.97043467,0.60641503,0.80604994,0.96808803,0.9918699,0.87340647,0.9695314,0.8778077,0.95572686,0.6429733,0.7572541,0.03621337,0.058774054,0.0032084882,0.0048006177
776,610.58704,619.47424,592.298,632.0471,564.73413,670.41895,550.15607,707.76215,452.99594,610.153,340.4583,666.7374,587.9848,647.2498,542.6611,632.8889,520.99713,333.11108,317.09882,323.8745,318.63245,335.24048,392.5238,400.08838,469.22668,447.07,490.57355,484.63312,554.5265,555.5563,564.6954,575.9165,568.4315,594.4046,0.98548067,0.9507667,0.97050875,0.6077311,0.8055713,0.9677242,0.99169004,0.8719841,0.9687456,0.8761438,0.95459473,0.63663524,0.75138664,0.035185307,0.056881756,0.0031264424,0.00466159
777,610.425,619.4323,592.07947,632.2308,564.50366,670.4939,550.2135,707.9857,452.87112,610.7813,339.85767,667.0183,588.2999,646.8022,541.98334,632.8865,520.5802,333.26917,317.15668,323.8988,318.5658,335.10596,392.63635,400.23138,469.32117,447.38806,490.5011,484.83398,554.4946,555.47815,564.47754,575.5763,568.2837,594.04626,0.98569185,0.9517859,0.9708588,0.6111164,0.8051888,0.9676645,0.9916254,0.8714007,0.9683188,0.8759792,0.954157,0.63222265,0.747383,0.034677744,0.055895865,0.0030865371,0.004592508
778,610.01984,619.18164,591.69214,632.5006,564.5131,670.6999,550.4613,707.912,452.99887,610.45013,339.96368,667.00494,588.15283,646.92834,541.2967,633.86884,519.6902,333.24207,317.0907,323.8463,318.5199,335.0829,392.50287,400.05573,469.31342,447.18854,490.31616,484.79333,554.2706,555.2256,564.2818,575.4953,567.957,594.0165,0.9859889,0.95332074,0.9710201,0.61989176,0.8023708,0.9682059,0.9917344,0.873844,0.9686663,0.87850606,0.9546952,0.6382464,0.75175446,0.035432875,0.056943446,0.0031363368,0.0046641827
779,609.94977,619.06006,591.6677,632.50433,564.5944,670.9769,549.92596,707.8869,452.39786,609.57605,340.0688,667.4001,587.9054,647.431,539.91644,632.9479,517.7383,333.06415,316.8723,323.67645,318.12744,334.79205,392.2386,399.94788,469.43005,447.24805,490.10217,484.29492,554.53253,555.65814,562.18945,574.0619,565.8333,592.95624,0.9859433,0.9538441,0.9706826,0.6252654,0.79941654,0.9687817,0.99167955,0.87606597,0.96807206,0.8798219,0.9539355,0.6460391,0.75560844,0.03773001,0.05972922,0.0034091175,0.005020201
780,609.75354,618.74506,591.5238,632.3423,564.7838,671.0701,551.0235,708.0177,452.0241,610.7493,339.6905,667.98627,589.38324,646.34814,541.0383,632.8851,519.0244,333.2433,317.04956,323.8921,317.9154,334.727,391.85986,399.36536,469.60858,447.0221,490.338,484.2113,554.7653,555.64087,563.9227,574.8843,567.7175,593.2253,0.98601484,0.9544685,0.9705223,0.6302383,0.79659534,0.9687578,0.9916953,0.8756073,0.9681294,0.87937474,0.95396894,0.6429819,0.75383496,0.036882192,0.0586181,0.0033023357,0.004883826
781,609.78204,618.7744,591.4386,632.34973,564.59143,670.7295,551.33356,707.8202,452.83463,611.35205,339.43152,667.40295,589.1864,646.5443,541.6655,632.6439,518.72095,333.27686,316.98145,323.92743,317.71484,334.72412,391.68097,399.2224,469.41736,446.72845,490.4306,484.25452,554.39374,555.30286,564.72943,575.82025,567.89557,593.663,0.9860895,0.95440584,0.9709231,0.6274027,0.7991512,0.96855915,0.991665,0.8746019,0.968109,0.8782315,0.9538132,0.639835,0.75165945,0.0359627,0.057370305,0.0032019615,0.00474301
782,609.66956,618.68,591.4085,632.3209,564.5627,670.71326,550.83167,708.01807,452.51144,611.92505,339.14117,667.1166,588.5646,646.6251,540.467,632.48126,517.8815,333.45343,317.09082,324.06256,317.5163,334.53418,391.4723,399.35748,469.32605,447.35632,490.44513,484.5171,554.6497,555.74634,564.8713,576.4129,568.4693,594.8673,0.9860866,0.9543271,0.97098273,0.62691355,0.79965377,0.9687521,0.9916941,0.8755572,0.96822286,0.8791398,0.9539697,0.6425899,0.7534044,0.03642735,0.057962596,0.0032393634,0.0047878623
783,609.616,618.70807,591.405,632.35645,564.45874,670.92786,550.25684,708.35864,452.0604,611.7537,339.05457,667.30414,588.4276,647.0774,541.28394,632.0529,519.71405,333.4452,317.0899,323.9643,317.45984,334.2428,391.39392,399.47424,468.90704,447.7801,490.38013,484.6659,554.9513,556.1322,565.26886,576.7191,569.8511,595.90985,0.98622054,0.95485675,0.9712256,0.629565,0.800859,0.9693197,0.9917557,0.8761445,0.9678854,0.87900835,0.95343137,0.64564526,0.7547504,0.03726992,0.058988005,0.0033227205,0.0048945844
784,609.7985,618.83563,591.54645,632.3335,564.4838,670.8527,550.1918,708.2493,451.72635,611.63116,339.23547,667.36816,588.5879,646.9382,541.55786,631.5772,519.70074,333.39526,316.96002,323.867,317.3141,334.1792,391.2478,399.56927,468.7766,448.1637,490.2401,484.9734,554.1819,555.4824,564.9762,576.50824,569.9916,595.9791,0.98618007,0.9545579,0.97116673,0.62800384,0.8014428,0.9694934,0.9917977,0.8766816,0.96797675,0.8795119,0.9535891,0.6481776,0.75655484,0.037917107,0.05989188,0.0033776462,0.004968494
785,609.86597,618.9489,591.55383,632.49536,564.4628,671.199,550.3288,708.79065,451.93536,611.7464,339.00583,667.809,588.8888,646.65515,541.0587,630.8532,518.80066,333.3062,316.8183,323.71014,317.25366,334.1007,391.35834,399.62592,468.89685,448.19482,490.37854,485.26886,553.9635,555.1611,564.36816,575.766,569.45807,595.3598,0.9862097,0.9547327,0.97120494,0.62911797,0.801293,0.9693978,0.9918062,0.875944,0.96793073,0.8788028,0.95340836,0.6450522,0.75457764,0.037403733,0.05919805,0.0033349693,0.00491333
786,609.91907,619.0116,591.6073,632.5125,564.48474,671.1067,550.34674,708.76965,451.9113,611.79565,338.84576,667.7344,588.9245,646.4863,541.24744,630.6214,518.85815,333.18195,316.7052,323.56293,317.1895,333.96075,391.28113,399.5125,468.96045,448.28284,490.40887,485.27448,553.64246,554.8184,564.1047,575.4419,569.1417,594.96375,0.98622084,0.95468783,0.97128195,0.62850666,0.8019906,0.96937,0.9918115,0.875679,0.967937,0.8785535,0.9533992,0.64306664,0.75312805,0.037038237,0.058677226,0.0033001602,0.004864037
787,610.05255,619.1499,591.81854,632.42676,564.62445,671.04407,550.45276,708.9308,452.105,611.4451,338.72083,668.1422,589.62286,646.0819,542.2845,631.25507,521.422,333.04346,316.6372,323.32538,317.2444,333.66443,391.35138,399.24103,469.11963,448.02966,490.37653,485.04504,553.3425,554.33484,564.9795,575.85315,569.99115,595.3023,0.98609006,0.9540357,0.97088987,0.62637365,0.80100787,0.9693817,0.99184644,0.87628675,0.9682112,0.87954915,0.9539437,0.64337635,0.7535904,0.036781758,0.05833438,0.0032396317,0.0047796965
788,610.27136,619.3175,592.1462,632.5028,565.0968,671.24756,550.97644,709.5113,452.53564,611.32666,338.89148,668.71875,590.543,646.0465,543.4726,631.03253,522.5271,332.97522,316.67273,323.24353,317.38055,333.56146,391.2016,398.90417,469.11475,447.87805,490.40222,484.8811,552.16614,553.0236,563.55804,574.12573,567.85596,592.8312,0.9859288,0.9536546,0.9703285,0.62817997,0.7986527,0.96944827,0.9919239,0.87649983,0.9684551,0.8795192,0.9541334,0.6439612,0.75472283,0.036998898,0.058852643,0.003267467,0.004836321
789,610.4442,619.53644,592.29694,632.579,564.99066,671.14276,550.5972,709.86786,452.01877,611.53357,339.00055,668.66113,590.46564,646.04425,544.22034,631.0992,523.5074,332.82513,316.5652,323.01703,317.35822,333.26874,391.10516,398.65588,469.0313,447.86206,490.30164,484.9088,551.5143,552.3368,563.38586,573.77,567.9563,592.7107,0.98593014,0.95334196,0.97050965,0.6253921,0.8006504,0.96947515,0.9919909,0.8761877,0.96870875,0.8794457,0.9545103,0.64465797,0.7558597,0.03723836,0.059428185,0.0032870471,0.004875481
790,610.64307,619.6445,592.6201,632.3865,565.19714,671.1754,549.7803,710.36945,451.39288,611.93396,339.1123,667.931,589.05164,646.4428,542.80237,630.89386,521.81287,332.6078,316.50433,322.89307,317.49078,333.25665,391.2962,398.98395,468.5475,447.99377,489.9483,485.19733,552.38904,553.30707,563.9321,574.5483,568.67847,593.8133,0.98567355,0.9522196,0.9702792,0.62073535,0.80195975,0.96921384,0.99195564,0.87584364,0.9688343,0.8789604,0.95450115,0.64575374,0.7569189,0.037082374,0.059280604,0.0032725036,0.0048553944
791,610.872,619.8291,592.761,632.4148,565.21844,670.99554,550.0435,710.02295,451.59943,611.85315,338.90173,668.39813,589.79285,647.25824,544.261,631.5255,522.6428,332.53284,316.4076,322.8537,317.48877,333.38702,390.94336,398.9406,467.9428,447.89893,489.69208,484.89423,551.271,552.38306,562.9408,573.7749,567.3119,592.4386,0.985692,0.9519224,0.9703745,0.61798537,0.8037019,0.96943665,0.9920356,0.8769573,0.9692037,0.8798552,0.9550462,0.64866984,0.7592766,0.03754285,0.060009867,0.00330922,0.0049092174
792,611.14124,619.96045,593.0257,632.2825,565.40283,670.93207,550.4231,709.9088,452.50177,611.8719,338.77136,668.5358,590.0547,647.61255,544.0541,630.477,520.74133,332.35175,316.28986,322.78503,317.37262,333.38147,390.65106,398.79474,467.70386,447.90466,489.7473,484.76807,550.9618,552.08167,562.3006,573.1611,566.0621,591.1427,0.9856555,0.95157397,0.97052705,0.61585283,0.80628055,0.9695183,0.99205863,0.87700075,0.9692898,0.8788259,0.9547718,0.6480105,0.7588823,0.037231803,0.059536964,0.0032929778,0.0048837364
793,611.2096,619.9949,593.0375,632.29987,565.4293,670.72473,550.90576,709.72754,453.45178,611.9364,339.50958,668.31726,590.17163,648.11334,544.7557,631.20447,520.63074,332.30804,316.2453,322.79468,317.3451,333.45935,390.45477,398.33368,467.81378,447.29382,489.56372,484.52673,549.93616,550.9823,561.3965,572.2263,564.45654,589.7435,0.9858653,0.95223016,0.9709312,0.6175404,0.8075071,0.96979815,0.9921204,0.8778503,0.9694953,0.87941146,0.95499897,0.6500805,0.7604318,0.03758955,0.060111642,0.003329128,0.0049384236
794,610.7529,620.7861,592.47705,633.87854,565.269,673.3961,546.9903,704.85297,457.4102,609.5099,345.76813,653.30676,568.3892,644.05316,520.68414,626.07434,496.0557,331.5874,315.54657,321.2622,318.06677,332.19678,389.48755,395.80707,464.3191,447.2365,484.24927,487.99878,551.4455,550.25366,552.71606,556.54376,548.08545,563.2332,0.98558927,0.962494,0.97137237,0.72375935,0.81136,0.9790908,0.98973167,0.89869094,0.9464743,0.86394763,0.91117084,0.7109878,0.75853777,0.05383706,0.06399977,0.0058603585,0.0069549084
795,610.9121,620.95874,592.5122,634.13654,565.21313,673.53,547.207,704.8614,457.5028,609.62994,345.87158,653.6759,568.63116,644.1401,519.767,626.2396,494.13208,331.664,315.48108,321.3081,317.8576,332.23224,389.22437,395.6825,464.37408,447.16864,484.1526,487.92407,551.4861,550.36884,551.7189,555.83984,546.98035,562.5548,0.9856715,0.96263623,0.971539,0.72284836,0.81119883,0.97902584,0.98975575,0.8990754,0.9470011,0.86501056,0.9121945,0.7114763,0.7594367,0.05405727,0.064330876,0.005901724,0.007008791
796,610.9531,621.0053,592.48553,634.21515,565.1626,673.5564,547.24084,704.89355,457.286,608.7868,345.89246,653.8511,568.79395,644.3344,519.98425,626.75665,494.0441,331.47357,315.2423,321.11572,317.6762,332.17896,388.97253,395.6504,464.31445,447.26837,483.94177,487.3042,551.3594,550.3533,551.2308,555.58044,547.0438,562.77734,0.9859513,0.9633274,0.9720553,0.7245657,0.8121754,0.979115,0.9899026,0.8990742,0.94755036,0.8654429,0.91312706,0.71173334,0.76049805,0.05421689,0.06476465,0.005915642,0.0070471764
797,611.1576,621.17615,592.7274,634.3611,565.3898,673.6368,547.0271,705.31885,457.14954,608.4605,345.70123,653.3369,568.1424,644.5908,519.9438,626.8537,494.4063,331.50372,315.18457,321.1103,317.40228,331.9975,388.79285,395.60876,464.24268,447.1023,484.14966,487.04456,551.3378,550.47766,551.12787,556.0247,546.4555,563.1588,0.9860547,0.9634647,0.9723088,0.72456056,0.81275505,0.97915983,0.99000525,0.89940023,0.94813824,0.8664357,0.9142096,0.7122067,0.76137805,0.054094613,0.06483531,0.0058856606,0.007025242
798,611.2216,621.2917,592.8704,634.5422,565.5828,673.84875,546.8257,705.5914,456.82288,608.69604,345.8493,653.29095,567.8287,645.1726,519.64954,627.4559,494.59903,331.48663,315.19067,321.03387,317.46075,331.85944,389.22626,395.88092,464.5274,447.2779,484.26776,486.75342,552.1569,551.25494,551.0741,555.917,547.1043,563.7886,0.986237,0.96413326,0.9727278,0.7265664,0.81333077,0.9790249,0.9898979,0.8979002,0.9471175,0.86480534,0.9128735,0.7078115,0.7572842,0.05361086,0.06422874,0.0058842003,0.0070213377
799,611.269,621.43066,592.80975,634.92816,565.48114,674.32214,546.9026,705.73346,456.70096,608.1638,346.07407,653.405,567.6278,644.9968,518.96094,627.3277,493.74026,331.4204,314.99463,320.8808,317.14984,331.65564,388.95715,395.54468,464.6704,447.0841,484.41174,486.39185,551.8422,550.8239,550.6601,555.27075,546.89905,563.2285,0.9862515,0.96417964,0.97270787,0.7265533,0.8119894,0.97888976,0.98997676,0.8974756,0.94785297,0.8650032,0.9140846,0.7091336,0.7598456,0.05417645,0.06532529,0.005957544,0.007146448
800,611.47864,621.7083,592.96295,635.34235,565.6565,674.5828,547.25354,705.6174,456.72137,607.57355,346.1073,653.5192,567.81085,645.01575,519.20197,627.8482,494.22656,331.11298,314.67218,320.5652,316.96332,331.4992,389.11572,395.54834,464.7433,446.72906,484.44128,486.3009,552.27356,551.1945,550.4728,555.04065,546.9874,563.2924,0.98650277,0.9648993,0.9730054,0.7294007,0.8117234,0.97915447,0.9900655,0.898438,0.94799185,0.86644673,0.9145684,0.7115512,0.76157826,0.055071384,0.06623435,0.006059766,0.007258773
801,611.57214,621.726,593.00104,635.12524,565.3841,674.1794,547.0788,705.86835,456.28415,607.85803,345.67,653.8638,568.4752,645.81323,521.30005,629.8309,497.3932,330.94403,314.51355,320.45758,316.6402,331.29907,388.719,395.46252,464.0476,446.47717,483.8683,485.72705,553.6005,552.7932,552.3606,557.2759,549.29016,565.791,0.98663604,0.96483594,0.9735069,0.7246008,0.81423956,0.97896266,0.9900409,0.89790756,0.9482092,0.8669667,0.9156867,0.7099614,0.7605832,0.054371744,0.06562713,0.0059428513,0.007131517
802,611.81866,621.92883,593.0295,635.2124,565.0867,674.3876,547.5019,706.2695,456.6714,606.7336,345.14175,654.5331,569.1704,645.7897,521.202,630.6473,496.93295,330.6878,314.10742,320.21185,316.1646,331.22485,388.34552,395.3067,463.81726,446.00732,483.4568,485.25397,554.3705,553.5782,552.1142,557.0923,549.2862,565.7625,0.9867702,0.96497506,0.97385895,0.72136223,0.8145857,0.9785093,0.9899062,0.89700055,0.9482523,0.86757255,0.91661096,0.7018315,0.7542457,0.051870614,0.06282386,0.0056402683,0.0067817867
803,611.7464,621.8373,593.0989,635.10175,565.3442,674.32007,547.69025,705.98456,456.8186,606.8873,344.9892,654.6654,569.435,646.0698,521.0619,630.0652,496.4181,330.6756,314.09576,320.09943,315.9986,330.82123,388.27173,395.039,463.6869,445.99,482.83936,485.52112,554.69775,553.78516,551.96594,556.5877,548.8437,565.01,0.98648655,0.9642545,0.9733479,0.7195526,0.8131509,0.9781692,0.9897923,0.89570045,0.94800436,0.8659796,0.9159772,0.69734854,0.7509471,0.050642222,0.06157115,0.0055214763,0.0066598654
804,612.26,622.0854,593.51514,635.1195,565.78284,674.50995,548.247,706.05023,457.1569,606.6843,345.56644,654.36206,569.16595,645.5305,519.65466,630.36255,494.4746,330.6407,313.89453,320.2868,315.64606,331.3559,387.69025,395.04395,463.66266,445.6469,483.31763,485.00537,553.9083,553.2872,550.2818,555.8459,547.5582,564.8507,0.9864169,0.9638666,0.9731091,0.71732754,0.81182545,0.9781949,0.98984873,0.8975339,0.9490252,0.8689035,0.91788995,0.7016569,0.7547618,0.051701427,0.06274012,0.0056234896,0.006768346
805,612.3607,622.28986,593.62604,635.3422,565.6965,674.64545,547.5814,706.58075,457.13986,606.0727,345.69318,654.1922,568.4542,645.7778,519.09784,629.9501,493.85025,330.48328,313.76605,320.06488,315.61932,331.0946,387.7478,395.34192,463.649,446.40552,483.2799,485.0329,554.4933,554.0099,550.3631,556.3194,547.869,565.7307,0.9865428,0.9643445,0.9734228,0.7184833,0.8125328,0.9782467,0.9897392,0.897283,0.9478708,0.86838603,0.9163264,0.70045185,0.7523049,0.05185598,0.06250268,0.0056753755,0.0067938566
806,612.6193,622.5652,593.7964,635.5751,565.6689,674.67706,548.22437,706.8616,457.7721,606.3919,345.6997,654.9625,569.57166,646.2672,520.1007,631.6884,494.74863,330.56982,313.84552,320.1748,315.63293,331.1654,387.58643,395.04797,463.497,445.7716,483.45233,484.77094,554.9182,554.36743,551.21045,557.02545,548.8312,566.4706,0.98655283,0.96399176,0.973601,0.71344584,0.8136412,0.9779089,0.9897378,0.8969412,0.94884354,0.8691657,0.9182812,0.6991637,0.75263834,0.051065505,0.06202084,0.0055460036,0.0066733956
807,612.78125,622.7817,593.81537,635.73376,565.4139,674.5259,548.13226,707.0467,457.585,607.6895,345.85965,654.91016,569.4743,646.5189,520.02155,632.8016,494.4838,330.40222,313.61365,319.95074,315.4735,331.0387,387.438,394.93677,463.1032,445.50366,483.1056,484.38318,555.06903,554.567,551.0589,556.86597,548.29895,565.7146,0.98672026,0.96408767,0.974069,0.7100296,0.81567025,0.97784597,0.98977333,0.89732695,0.94957674,0.8706281,0.91989595,0.6987609,0.7527256,0.050581902,0.061590284,0.005473137,0.006593168
808,612.9714,623.04114,593.8249,636.1359,565.26874,674.69977,548.2401,707.01624,456.80826,607.66815,345.49402,655.61304,570.1445,646.4905,520.16595,633.7507,494.45688,330.5299,313.62012,319.99152,315.49194,331.17847,387.4958,395.03778,463.354,445.57117,483.08765,484.32666,554.7408,554.29675,550.65796,556.5609,547.41833,564.85864,0.986679,0.96388733,0.9738003,0.70863736,0.8133786,0.9778029,0.98985887,0.89828825,0.95051783,0.8727453,0.9217621,0.7021821,0.75643194,0.051284373,0.062561065,0.0055220425,0.006664574
809,613.1301,623.0897,593.8723,635.9295,565.08307,674.6167,548.17035,706.8639,456.98886,607.55554,345.90063,655.6678,570.1408,646.4558,519.9938,633.6615,494.00458,330.26483,313.3296,319.8228,315.23743,331.22015,387.2398,395.016,463.3225,445.6361,483.2735,484.33838,554.8836,554.5463,550.65,556.7219,548.1128,565.5724,0.98661053,0.96333957,0.973802,0.70431024,0.8151264,0.97785854,0.9899086,0.89877766,0.9509988,0.8731425,0.92239094,0.7047146,0.75879204,0.05190012,0.06331396,0.0055814683,0.0067317486
810,613.0783,622.927,594.2466,635.42395,565.8494,674.1074,548.3933,707.2889,457.76196,608.39966,346.43433,655.26636,570.37683,647.1841,521.7607,633.0639,495.60416,330.1319,313.52716,319.69238,315.60852,330.82874,387.46014,394.79773,462.84454,445.43018,483.37213,484.52527,554.9354,554.43146,550.32263,555.9719,547.1737,564.2852,0.98661375,0.96364224,0.97379214,0.70939183,0.8161834,0.9781456,0.98988044,0.8985496,0.94997656,0.87105703,0.9201015,0.70055985,0.7538739,0.050734818,0.061680496,0.0054877102,0.006605178
811,613.1433,622.9376,594.2591,635.2874,565.66254,674.21277,548.07837,707.52875,457.66742,607.41797,346.0006,655.4084,570.334,647.17633,521.91205,631.87006,495.65836,330.13245,313.46582,319.67017,315.41528,330.73352,387.2942,394.93512,462.62653,445.7212,483.30554,484.6579,555.009,554.6041,550.21094,555.9973,547.0229,564.2516,0.9865633,0.96345496,0.97374433,0.70878136,0.81672955,0.9781901,0.9898901,0.89826083,0.94965464,0.8703201,0.9194338,0.6995495,0.7528297,0.050537705,0.061374277,0.005474031,0.006582856
812,613.1575,622.931,594.2527,635.24207,565.5839,674.1908,547.8159,707.5429,457.43597,607.3347,346.05853,655.52734,570.24615,647.67773,521.69727,632.72784,495.5671,329.95892,313.2574,319.49084,315.188,330.57574,387.0027,394.7896,462.5398,445.74304,483.3512,484.53662,554.31934,554.0318,549.76807,555.7977,546.8025,564.3288,0.9866634,0.9636062,0.9739701,0.7084645,0.81772697,0.9783453,0.9900025,0.89912397,0.950292,0.8715121,0.9204401,0.70321524,0.7562215,0.051499754,0.06256807,0.0055719614,0.0067023635
813,613.2532,623.0534,594.3103,635.3392,565.5775,674.20984,547.97626,707.57074,457.94824,607.4991,346.3896,655.3344,570.1315,647.30786,521.7491,632.59644,495.8228,329.8551,313.2046,319.41522,315.2425,330.5912,386.99268,394.6449,462.29895,445.31232,483.25415,484.35706,554.4574,554.07086,550.40393,556.2589,547.0183,564.2944,0.9867159,0.9636623,0.97409374,0.70804024,0.81850815,0.9784026,0.9900303,0.8993556,0.95046574,0.87173057,0.9206444,0.70434517,0.7572119,0.05143714,0.06249976,0.005546838,0.006671369
814,613.35583,623.1898,594.3025,635.71643,565.60913,674.4413,548.19977,707.3874,457.7909,607.0848,346.63504,655.4817,570.306,647.4608,522.3207,633.1124,496.45328,329.72168,313.00574,319.35498,314.9817,330.64166,386.76233,394.64832,462.47278,445.46442,483.2727,484.14783,554.4257,554.2148,550.2383,556.52057,547.0277,564.7739,0.98681056,0.96393394,0.9741355,0.7089921,0.8177272,0.97853196,0.99008346,0.9000901,0.9506737,0.8729068,0.92121756,0.70578647,0.75824976,0.05173877,0.06279367,0.00555861,0.006679982
815,613.22363,623.1215,594.1272,635.7092,565.3012,674.38226,548.00854,707.5134,457.68707,607.355,346.8073,655.6604,570.48846,647.4412,522.85547,633.19525,497.4777,329.83936,313.08154,319.39655,314.92987,330.50537,386.6554,394.5166,462.24432,445.34137,483.29016,483.94977,554.64307,554.41504,550.99335,557.1198,547.64703,565.06024,0.9867816,0.9638644,0.9741372,0.7078258,0.817556,0.9783319,0.9899713,0.89927167,0.95023286,0.87227786,0.92086214,0.70261174,0.75539756,0.05083248,0.061725974,0.0054504573,0.0065511465
816,613.15936,623.07227,594.03424,635.7273,565.22076,674.4026,547.9719,707.455,457.6263,606.9874,346.55182,655.8239,570.57153,647.53156,522.67993,633.4062,497.1058,329.70312,312.99243,319.31433,314.96222,330.57312,386.75415,394.73175,462.1432,445.46478,482.88635,484.0171,555.0614,554.9022,551.2307,557.52783,547.93884,565.5685,0.986861,0.9643,0.97417605,0.71019983,0.8168044,0.9784241,0.9899029,0.8995857,0.9495452,0.87235296,0.9198661,0.7035647,0.7551596,0.05121067,0.061801434,0.005500853,0.0065840185
817,612.84766,622.85547,593.78815,635.7786,565.2142,674.4227,548.3051,707.5751,457.84515,607.3175,346.6295,656.1831,571.2689,647.03723,523.22144,633.5396,498.3338,329.74823,313.05292,319.32532,314.95215,330.4403,386.60883,394.5161,461.98407,445.28168,483.00885,483.89264,554.86835,554.64,551.39404,557.537,548.775,566.13794,0.9869373,0.96478164,0.974126,0.71393245,0.81498647,0.97851455,0.98993015,0.8996074,0.9494016,0.8724321,0.9197002,0.7051666,0.75656474,0.052119642,0.0628711,0.0056087673,0.0067171454
818,612.8331,622.8124,593.71234,635.7405,565.07446,674.4611,548.1564,707.4213,457.74988,607.0752,346.55365,656.6854,571.7006,647.9706,524.4406,633.9892,499.74838,329.69666,312.9757,319.30872,314.82532,330.4604,386.26685,394.5365,461.51764,445.4308,482.82697,483.85132,554.244,554.24817,550.7268,557.15454,547.6014,565.095,0.9869298,0.96493566,0.9740107,0.7153313,0.8142785,0.97859335,0.98984134,0.8996767,0.9484625,0.871855,0.9183217,0.70421004,0.7544522,0.052034408,0.0623855,0.005619228,0.006701499
819,612.74896,622.72076,593.7499,635.551,565.19714,674.34424,547.86115,707.59784,457.7378,607.36096,346.87695,656.2786,571.09296,648.0259,523.79913,633.8092,498.85538,329.72687,313.08716,319.3371,315.08313,330.50092,386.47473,394.5504,461.71124,445.48376,483.05872,483.9298,554.2135,554.13684,550.4065,556.7743,547.54315,565.1371,0.9868807,0.9647082,0.97403574,0.714379,0.8153099,0.9786073,0.9898821,0.89981854,0.94887805,0.871938,0.9187733,0.70483327,0.75534314,0.052165955,0.06268859,0.0056401193,0.0067356527
820,612.6735,622.5378,593.7633,635.30896,565.4112,674.2041,548.04065,707.4108,457.9231,606.662,346.77716,655.8505,570.9151,647.7606,523.9542,633.2168,498.91144,329.73175,313.11536,319.445,315.05652,330.6358,386.4314,394.59674,461.82928,445.4696,483.2804,483.80603,554.1393,554.111,550.3607,556.95636,547.77344,565.7465,0.98685586,0.9647917,0.97389257,0.71678185,0.8146802,0.97878957,0.98989826,0.9002874,0.9485888,0.8718929,0.9181378,0.7067589,0.7564037,0.052911103,0.0633862,0.005731344,0.0068302155
821,612.69305,622.592,593.77496,635.3831,565.3476,674.32446,547.78986,707.5595,457.90805,606.57275,346.81665,655.855,570.6966,648.0039,524.0176,633.1559,499.15964,329.65515,313.06775,319.3556,315.04205,330.52295,386.45288,394.5172,461.89703,445.43,483.22095,483.77344,554.0637,554.00696,550.5724,557.1405,547.91327,565.9682,0.9868418,0.9647293,0.97393095,0.7162182,0.8152111,0.97879815,0.9899028,0.9001021,0.94852525,0.87150466,0.91793525,0.7074102,0.7569786,0.053114295,0.06364676,0.005757451,0.006861776
822,612.66547,622.6745,593.61206,635.68884,565.12646,674.4577,547.7338,707.6256,457.7088,606.43097,346.6261,655.99115,570.69977,648.0819,524.1658,633.858,499.50342,329.5479,312.88165,319.22522,314.9463,330.56262,386.46582,394.67358,461.7345,445.3047,483.14655,483.5904,554.2063,554.2621,550.71173,557.5966,547.86597,566.2777,0.9870064,0.9653095,0.97415173,0.7178993,0.8144364,0.9787283,0.989817,0.89998674,0.94800496,0.8719228,0.9176514,0.70544434,0.75468755,0.052537084,0.06278032,0.0056816638,0.006757349
823,612.5861,622.55457,593.5569,635.5604,565.1731,674.4678,547.9739,707.5792,457.91022,606.4342,346.87445,655.974,570.86237,647.7619,524.2152,633.7195,499.85837,329.50836,312.86182,319.20203,314.91986,330.55402,386.49194,394.5686,461.82678,445.1411,483.1375,483.5338,554.0744,554.01685,550.237,556.83777,547.19714,565.20844,0.9869839,0.9652717,0.9740902,0.71825254,0.8140378,0.9786289,0.9898162,0.89954036,0.94815624,0.8716359,0.91786635,0.7023069,0.75248873,0.051641047,0.061903715,0.0055863857,0.006660193
824,612.63135,622.5883,593.53723,635.6034,565.1297,674.46124,548.3455,707.6525,458.31128,606.5498,346.77692,656.0284,571.0865,647.548,523.9435,633.6703,498.75958,329.58844,312.90674,319.3045,314.94208,330.7041,386.49988,394.4751,462.0036,444.9206,483.07098,483.6211,554.16064,554.0191,550.9219,557.44946,548.0442,566.0868,0.98703474,0.9653108,0.9743322,0.7170696,0.8152052,0.97844774,0.9898356,0.89872575,0.9485465,0.87093556,0.9182819,0.7017567,0.75314677,0.05137652,0.061919004,0.0055473745,0.006638825
825,612.6566,622.59393,593.546,635.52826,565.01324,674.3932,548.252,707.50696,458.4308,606.5549,347.0846,655.7688,570.7401,647.34985,523.14404,633.4644,497.86667,329.77374,313.04608,319.44513,314.95178,330.70648,386.6073,394.3949,462.24664,444.812,483.04358,483.5882,554.26556,554.0033,551.3257,557.6112,548.4848,566.31274,0.9869877,0.9650916,0.9743382,0.71526706,0.8156684,0.9783861,0.98980886,0.89863944,0.94864607,0.87099695,0.9184863,0.7030213,0.75436556,0.05179149,0.06243649,0.0055971444,0.0066981614
826,612.53894,622.4713,593.57007,635.2938,565.1491,674.0447,548.36255,707.1381,458.5384,606.3539,347.2353,655.69745,570.8869,647.2397,522.7542,633.39307,496.83524,329.85223,313.2447,319.47864,315.28662,330.6754,386.9239,394.51465,462.25854,445.06042,482.6645,483.55566,554.4556,554.04205,551.117,556.96375,548.34985,565.57544,0.98690516,0.9647865,0.97419333,0.7145259,0.81580853,0.9784024,0.9898732,0.8990431,0.949279,0.8716078,0.91935956,0.70410854,0.75588006,0.051970184,0.06281516,0.0056158304,0.0067359507
827,612.7647,622.58124,593.80273,635.1504,565.3316,673.80383,548.19727,706.7645,458.3008,607.11957,347.50153,655.40137,570.5784,647.39575,522.5157,633.9139,496.79538,329.79224,313.22284,319.51233,315.41638,330.94733,387.0089,394.81738,462.02905,445.12598,482.9743,483.76636,554.0663,553.84784,550.6551,556.87976,547.8273,565.3666,0.9868022,0.9644568,0.97405076,0.71252066,0.8162825,0.9783911,0.9897506,0.8994374,0.94872,0.87168485,0.9186388,0.7047557,0.75516725,0.052294612,0.06278348,0.0056678355,0.006759256
828,612.6448,622.4994,593.8502,635.0413,565.50336,673.7182,548.0387,706.84485,458.3902,607.3454,347.70142,654.6698,569.80304,646.54987,521.3498,632.7951,495.5472,329.74573,313.3114,319.43542,315.63306,330.77454,387.23578,394.75427,462.3169,445.39563,483.19604,483.86365,553.7298,553.2666,550.41284,556.13934,547.655,564.6468,0.98667455,0.9638902,0.9738322,0.71163976,0.8167788,0.97862124,0.9900061,0.90042424,0.95024085,0.8727106,0.92038023,0.71024835,0.76125884,0.053521603,0.064653546,0.005787134,0.0069342256
829,612.4623,622.3667,593.7249,634.9727,565.4908,673.57117,548.2252,706.7058,458.7496,607.8823,347.72546,654.8596,570.22833,646.6415,521.7895,632.9495,496.1488,329.8308,313.4273,319.45264,315.73712,330.65967,387.37018,394.6977,462.17413,445.22644,482.97058,483.774,554.064,553.4972,551.24097,556.67834,547.968,564.5949,0.98656535,0.96355534,0.9736075,0.71070063,0.8161316,0.9785093,0.9899966,0.9002099,0.9505064,0.8726145,0.9207621,0.70953465,0.7611264,0.052861065,0.06406623,0.005687177,0.0068326294
830,612.38477,622.32086,593.5826,635.14526,565.4542,673.8916,547.98883,706.8734,458.22177,608.5529,347.1415,654.5582,569.4685,646.51917,520.4151,632.5934,494.24374,329.7683,313.3573,319.48035,315.82,330.96387,387.74,395.14514,462.58423,445.50824,482.98468,484.10834,554.05066,553.54675,550.9855,556.75854,547.7241,564.95166,0.986644,0.9639541,0.97372085,0.71332526,0.8159869,0.9786192,0.9900322,0.90021926,0.950359,0.87217236,0.92017794,0.71208596,0.7632209,0.053780645,0.06507221,0.00581035,0.0069724917
831,612.1454,622.1185,593.3564,635.115,565.4054,674.09564,547.9629,707.01154,457.96466,608.8328,346.98956,654.8589,569.68616,646.2893,520.59454,632.02234,494.5091,329.81238,313.43616,319.5548,315.95776,331.10248,387.7965,395.23645,462.536,445.61108,482.88892,484.3872,554.0268,553.51483,551.2296,556.9349,548.0157,565.128,0.98661584,0.9640113,0.97356844,0.7156112,0.81519634,0.97865003,0.9901384,0.8996571,0.9506123,0.8710636,0.92002976,0.71288186,0.7648677,0.05388719,0.06550354,0.005818218,0.0070111454
832,611.91003,621.7994,593.3006,634.8485,565.69714,674.05396,548.017,707.2921,458.09415,608.5381,346.8593,654.50446,569.3535,646.2931,520.20294,632.1439,494.24832,330.09045,313.74158,319.9256,316.13318,331.37628,387.83258,395.2724,462.74725,445.45142,483.42065,484.6153,553.98816,553.51697,551.1405,557.2552,547.9457,565.9538,0.9866841,0.96451426,0.9735534,0.720399,0.81378216,0.9787307,0.99014103,0.89990664,0.9503894,0.8709982,0.9194568,0.71279305,0.7645217,0.05380538,0.065345824,0.00580886,0.0069978535
833,611.9956,621.7648,593.44745,634.6664,565.96655,674.0767,548.21875,707.3423,458.34235,608.1814,346.88147,654.5958,569.5781,646.5574,520.77985,631.9937,494.78992,330.23987,313.87103,320.11664,316.2116,331.5913,387.77405,395.35876,462.82166,445.586,483.53772,484.57397,553.79504,553.39795,551.0188,557.2844,547.67126,565.884,0.9864005,0.9638926,0.97303015,0.71902424,0.8120642,0.9783243,0.98992884,0.89840645,0.9494601,0.86907434,0.91806674,0.7069658,0.75929314,0.052288473,0.0635162,0.0056541264,0.0068113804
834,611.81116,621.64307,593.2782,634.78033,565.99133,674.292,548.25116,707.3373,458.23605,608.3843,346.78577,654.531,569.4438,646.256,520.8173,631.3409,495.07468,330.59192,314.19556,320.44916,316.4912,331.88013,387.91858,395.50415,462.99628,445.8324,483.49603,484.6787,553.59753,553.1704,550.823,556.9893,547.11914,565.17255,0.986315,0.96413445,0.9726256,0.7230052,0.80901766,0.97834414,0.9897733,0.8982637,0.9482362,0.86836237,0.9162065,0.7051713,0.7563424,0.052051842,0.06279963,0.0056464076,0.0067724288
835,611.63916,621.50745,593.1532,634.74725,566.0191,674.2085,548.01794,707.0158,458.18774,608.2195,347.00372,653.9612,568.79596,646.14795,520.6195,630.35767,494.67758,330.617,314.27368,320.50775,316.69965,332.02216,388.0996,395.6687,463.23334,446.1903,483.56952,484.84705,552.80853,552.40186,549.0583,555.3265,545.5039,563.7842,0.98631155,0.96447015,0.9726238,0.7261216,0.8088795,0.9783237,0.989635,0.8970278,0.9467621,0.8659555,0.91364145,0.7007271,0.7514378,0.051801383,0.0622136,0.0056991875,0.0068119466
836,611.3664,621.2061,592.9948,634.5105,565.98816,674.18604,547.61334,707.0492,457.96783,608.15857,347.12567,653.34314,567.8434,645.5652,518.544,629.7205,492.73022,330.8808,314.542,320.75586,316.79102,332.05402,388.20807,395.64966,463.5464,446.30566,483.68024,485.18677,552.5518,552.042,549.1742,555.3895,545.72437,564.20306,0.98637116,0.9649031,0.9727384,0.72924095,0.80830353,0.9783602,0.98960876,0.8969388,0.94642276,0.8655601,0.9127962,0.7020239,0.7522665,0.052391976,0.06277168,0.00578776,0.0069069564
837,611.1738,621.0447,592.76654,634.5848,565.97266,674.47577,547.8302,706.8949,457.99286,608.30396,347.03406,653.2649,567.6926,644.9977,517.9695,628.86707,491.92545,331.0946,314.70862,321.0028,316.97815,332.4218,388.41406,395.79895,463.8083,446.3651,483.58246,485.88977,552.1189,551.51404,549.2982,555.3293,545.65594,563.99207,0.9862912,0.9648474,0.9724015,0.73152775,0.80656874,0.97852117,0.98972225,0.89747834,0.94692326,0.8657954,0.91303235,0.7064978,0.756638,0.053455055,0.064126074,0.00589478,0.007046938
838,611.0225,620.99475,592.6163,634.6324,565.77374,674.6844,547.1686,707.30566,457.79562,608.3677,347.14218,652.681,566.4453,644.9177,516.3498,628.1405,490.36765,331.34375,314.86017,321.07922,317.17487,332.437,389.06122,396.2636,464.2998,446.74817,483.62085,485.94,552.79504,552.06976,549.15845,555.06665,545.1125,563.50745,0.98620415,0.96493167,0.9721726,0.73284435,0.80429065,0.978354,0.9894681,0.8968804,0.9454796,0.8652828,0.9112618,0.7031719,0.7522566,0.052948892,0.06309605,0.0058773756,0.0069912374
839,610.88354,620.8935,592.4784,634.73267,565.776,674.7263,547.6124,706.66925,457.89166,608.03815,346.78052,652.8252,566.9612,644.13336,516.59393,626.77246,490.33746,331.63013,315.16187,321.383,317.33807,332.589,389.12866,396.11285,464.71167,446.79358,483.92737,486.1521,552.1631,551.25494,549.1883,554.66516,545.1158,562.9304,0.9862212,0.96521676,0.97210705,0.7361212,0.80395436,0.97857165,0.9895327,0.89677495,0.9451877,0.8641103,0.9102353,0.70503676,0.75385106,0.053894103,0.06413323,0.006009996,0.0071466267
840,610.90436,620.64386,592.58386,634.2978,566.3647,674.1487,548.86053,704.70276,457.57788,607.0608,345.90714,652.87335,568.2871,642.3801,517.2494,625.13806,490.08368,331.53796,315.1142,321.5517,317.26556,333.01874,388.5288,395.65887,464.9179,446.74164,483.7973,486.7223,550.622,549.7544,546.8956,552.362,543.1526,560.739,0.985808,0.9640976,0.9710953,0.7349583,0.8022044,0.9785718,0.98960817,0.89728034,0.94587046,0.86405015,0.9106903,0.7035737,0.7533602,0.05373788,0.064036876,0.005999416,0.007142782
841,610.91815,620.6657,592.5282,634.2155,566.0788,673.9144,548.62646,704.7434,457.83722,606.8453,346.37265,653.2329,568.58105,643.5003,517.9233,626.7256,490.80405,331.536,315.08142,321.52063,317.23547,332.98254,388.333,395.58295,464.70312,446.66882,484.01373,486.73248,549.84607,549.12695,545.3993,551.1494,541.6271,559.57404,0.9859338,0.9642911,0.97134846,0.73410594,0.8031771,0.9787139,0.9896327,0.8982706,0.94600916,0.8654486,0.91130364,0.7055076,0.7544451,0.054621518,0.064887226,0.006125033,0.0072746277
842,610.9701,620.6931,592.533,634.20123,566.0432,673.8564,548.7272,704.5728,458.11252,607.2986,346.32578,653.22327,568.6121,643.567,517.75977,625.94275,489.7246,331.53577,315.05817,321.56134,317.18103,333.05316,388.1695,395.55542,464.64294,446.7782,484.30188,486.8629,549.4312,548.7646,544.89624,550.7571,540.87744,558.9001,0.9859753,0.96427,0.97160375,0.73356193,0.8055651,0.97875607,0.9897188,0.8977713,0.9462718,0.8640832,0.9110903,0.70494574,0.7546395,0.054399043,0.06483963,0.0061179996,0.0072814226
843,611.0286,620.77924,592.48773,634.2658,565.77795,673.9969,548.59045,704.5392,457.9552,607.74805,346.4182,653.33496,568.42725,643.8367,517.3257,626.38086,489.0888,331.8072,315.27374,321.802,317.3543,333.28412,388.29926,395.65344,464.6659,446.87024,484.41486,487.42755,549.6433,548.9041,546.2632,551.75745,542.1737,559.5675,0.985978,0.9640558,0.9718417,0.73028547,0.8073491,0.9785632,0.98967654,0.897343,0.94662035,0.8639113,0.91168725,0.7036935,0.7540679,0.05333978,0.06377655,0.0059506,0.0070954263
844,611.02295,620.7354,592.6086,634.2007,566.0897,674.05176,548.3953,704.54425,457.4934,608.10596,346.35724,653.1417,568.1647,643.90186,517.5292,626.09607,489.92468,331.71075,315.23376,321.71863,317.38318,333.21698,388.41797,395.81207,464.57367,447.0346,484.3733,487.3991,549.74445,549.0709,546.0322,551.6228,541.8322,559.2975,0.9857974,0.9638165,0.97136605,0.7313634,0.80536807,0.9785187,0.9895359,0.8970635,0.945611,0.8632046,0.9102054,0.7017695,0.75125504,0.05307743,0.06314969,0.005941987,0.007060021
845,611.1117,620.84174,592.5858,634.2129,565.81256,673.88055,548.07745,704.34204,456.9996,608.27484,346.12384,653.078,568.15704,643.84033,518.557,626.07166,491.50482,331.73883,315.2567,321.771,317.45825,333.36957,388.42615,396.05652,464.5512,447.42615,484.42834,487.1482,549.7541,549.23987,545.7885,551.52136,541.72815,559.0668,0.98575044,0.9634657,0.97143495,0.7279312,0.8068006,0.97839844,0.9894748,0.89634025,0.945253,0.86252975,0.9099966,0.6982341,0.7479908,0.052327335,0.062250495,0.005863577,0.006959915
846,611.4171,619.9521,592.9864,632.655,565.85004,671.2758,551.91364,708.7113,452.52658,611.08984,340.52142,668.61487,590.31506,648.9603,543.6053,630.8451,515.5419,332.32935,315.90936,323.091,316.7179,334.27026,389.51312,398.29797,467.5868,447.00153,489.81934,483.67297,549.3364,550.862,557.65356,569.5983,561.5032,587.6458,0.9855262,0.9515648,0.9700818,0.6168812,0.80203044,0.96899986,0.9920071,0.8767303,0.96966064,0.8788978,0.9553423,0.65157443,0.762954,0.03876975,0.062274575,0.003511697,0.0052312315
847,611.5876,620.07556,593.17334,632.6256,565.9046,671.47986,551.9699,709.2035,453.21133,610.81635,341.02014,668.87744,590.5299,649.28613,544.34015,630.87897,516.6908,332.39905,316.00482,323.15826,316.75452,334.24365,389.6541,398.32556,467.8374,447.12292,489.7129,483.7508,550.0262,551.4789,559.4094,571.1657,563.22473,589.25476,0.9854139,0.9513395,0.9699128,0.61596733,0.8015113,0.9687437,0.9918405,0.87564397,0.96892715,0.8776344,0.95439035,0.64822537,0.75932825,0.038093716,0.06097567,0.003440857,0.005111277
848,611.62506,620.13763,593.2096,632.609,565.80804,671.4376,551.58765,709.252,453.20334,610.63293,341.0231,668.42847,589.7279,649.4215,543.3108,630.9974,515.40295,332.4546,316.10547,323.22223,316.95642,334.349,389.91296,398.4485,468.11072,447.1819,489.84363,483.84467,550.212,551.609,559.44714,571.22284,563.3594,589.61414,0.98550224,0.9514332,0.9702462,0.6149975,0.803573,0.9689119,0.991881,0.876421,0.96915734,0.87830806,0.9546636,0.6497352,0.7604029,0.038146704,0.061022103,0.0034382045,0.005102068
849,611.6664,620.22253,593.2123,632.7734,565.7876,671.4555,551.76654,709.50494,453.646,611.055,341.25037,668.4116,589.8885,649.2812,543.93005,630.55347,515.97797,332.5293,316.13257,323.26697,316.83337,334.2376,389.65088,398.1317,468.12952,446.99744,489.97034,483.54077,549.8575,551.2409,559.1634,571.00995,562.506,588.94867,0.98565626,0.95172864,0.9705771,0.6156579,0.8050636,0.9692557,0.99204427,0.87710035,0.9697082,0.8789081,0.9553262,0.6519714,0.76297975,0.038389385,0.061694592,0.003453195,0.0051416755
850,611.7835,620.318,593.3019,632.736,565.7378,671.30505,551.82477,709.2518,453.68484,610.9621,341.4758,668.7483,590.3419,649.27966,543.75195,631.4765,516.2703,332.52606,316.14478,323.25635,316.9076,334.28906,389.86377,398.377,468.1679,447.1651,489.70728,483.6947,549.929,551.3392,558.9375,570.7544,562.589,588.9183,0.9857266,0.95178455,0.9707587,0.6140411,0.8060051,0.9692375,0.992049,0.87736356,0.9697983,0.87967086,0.95563066,0.65195394,0.7629546,0.038532734,0.06185198,0.0034665763,0.005156368
851,611.7887,620.3606,593.4662,632.69336,566.00244,671.296,551.7016,709.70026,453.80182,611.2046,341.21396,668.8931,590.45605,649.2199,543.7277,630.8894,516.24756,332.44202,316.14746,323.06366,317.0857,334.02246,390.05396,398.3841,468.10376,447.23877,489.6629,483.61316,549.9531,551.2642,558.19336,569.8832,561.51917,587.84485,0.98532987,0.9506961,0.9698849,0.61224544,0.8027321,0.96865666,0.9918572,0.8759178,0.96919,0.8783138,0.9548393,0.64571553,0.7576362,0.037576795,0.060244292,0.0033970475,0.0050475597
852,611.7396,620.36127,593.4479,632.81433,566.0841,671.2731,552.0936,709.4661,454.17416,610.9701,341.5796,669.17804,591.12244,649.5562,545.46594,631.7533,518.7313,332.59094,316.31384,323.18457,317.18256,334.01147,389.87793,398.12,467.8861,447.01428,489.6737,483.43488,549.5384,550.8115,558.6173,570.02686,561.65063,587.46204,0.98532045,0.9508076,0.9697001,0.613593,0.8012522,0.96872926,0.99185854,0.876245,0.9691747,0.87871176,0.95495427,0.6476384,0.75897634,0.0379934,0.060906142,0.0034307837,0.0051015913
853,611.85596,620.4848,593.5871,632.8743,566.14264,671.27386,551.96277,709.6245,454.50525,610.9607,341.76437,668.99207,590.75824,649.7511,544.71,631.7124,517.7435,332.57782,316.26837,323.13483,317.09564,333.88904,389.85364,398.1822,467.82544,447.12952,489.8614,483.51062,549.51355,550.8309,558.33435,569.94934,561.567,587.7344,0.9853809,0.9511141,0.9698443,0.61435634,0.80150187,0.96879125,0.9917916,0.8764596,0.96879697,0.8786949,0.9544579,0.64766264,0.75801647,0.03818214,0.060885966,0.0034595132,0.0051231384
854,611.81415,620.4911,593.52423,633.0483,566.1282,671.4202,552.0331,709.60486,454.32382,611.0222,341.72394,669.3085,591.03125,649.6848,544.51904,631.7237,517.54095,332.6671,316.33276,323.2118,317.10034,333.92413,389.8344,398.28363,467.8369,447.39014,489.98688,483.73303,549.62305,550.98773,558.1612,569.8431,561.6911,587.8367,0.98537815,0.95139915,0.96980083,0.61569524,0.80041826,0.96857154,0.9916936,0.8756267,0.968348,0.8779638,0.95390636,0.64474505,0.75532037,0.03794849,0.060378373,0.003453672,0.005106479
855,612.00336,620.6574,593.6447,633.07446,566.0119,671.37573,551.7199,709.31854,453.93414,611.1595,341.6097,669.2021,590.7348,649.7081,544.18134,631.6025,517.1932,332.54333,316.1963,323.10754,316.9121,333.80682,389.81604,398.3048,468.17175,447.74036,489.9254,483.69415,550.30444,551.7264,559.7245,571.4701,563.9647,590.1489,0.985588,0.951764,0.9704164,0.6145041,0.8040951,0.9690645,0.9917975,0.8765405,0.9685153,0.87824434,0.9539888,0.6494142,0.75865746,0.038628906,0.061297834,0.0034976602,0.0051594377
856,612.2063,620.89496,593.859,633.1245,566.1259,671.21356,551.91315,709.43823,455.03568,611.20135,342.0443,669.3058,591.025,650.25525,544.9899,631.20654,517.30084,332.62268,316.23596,323.0484,317.00085,333.63574,389.77185,398.07648,468.06555,447.58478,489.98962,483.69568,549.45044,550.7831,559.2396,570.8606,562.7419,588.97754,0.98569846,0.9515054,0.9709773,0.61098087,0.8085224,0.9690913,0.9919793,0.87588334,0.969318,0.87768817,0.9548627,0.6480658,0.7596205,0.03806466,0.06111893,0.0034374297,0.005111128
857,612.2981,620.93677,593.98267,633.1405,566.2754,671.1424,552.16785,709.49036,455.17264,611.19714,341.74408,668.88074,590.7524,650.0959,544.32,631.39417,516.4496,332.6208,316.1516,323.01782,316.62854,333.36475,389.4784,397.58624,468.04944,446.87378,489.83276,483.3587,549.357,550.59265,558.9409,570.5544,562.406,588.94104,0.9857574,0.9516982,0.97103655,0.6118355,0.8077028,0.96911186,0.9920247,0.87627053,0.9696086,0.87842,0.9552924,0.6511544,0.76255083,0.03876394,0.06234941,0.0035082102,0.005225241
858,611.9374,620.73926,593.6946,633.39996,566.2108,671.47107,551.8347,709.8915,453.75946,611.02966,340.54468,669.4322,590.8971,650.1816,543.58356,631.2211,515.31195,332.3388,315.9577,322.73865,316.49567,333.05267,389.31628,397.89874,467.7348,447.79065,489.90033,482.86493,550.6403,552.03925,557.1698,568.9879,561.5232,587.749,0.9861249,0.9535686,0.9713832,0.6215307,0.805958,0.9700078,0.9921396,0.8791778,0.9695633,0.8809881,0.9554019,0.6562711,0.7650538,0.04034224,0.064221084,0.0036946833,0.0054711998
859,612.1166,620.95886,593.6854,633.67206,566.04456,671.65247,552.224,709.9866,453.87155,611.66516,339.97482,669.88403,591.5377,650.20575,544.4906,631.52545,516.2046,332.2389,315.76587,322.6358,316.3346,333.11066,389.23932,397.85675,467.70953,447.6051,489.84326,482.89502,550.65436,552.06934,557.17554,568.92834,561.4619,587.4474,0.9863161,0.9543035,0.97158086,0.62327987,0.80561024,0.9702637,0.99208283,0.879807,0.9690659,0.8812381,0.95482975,0.6549842,0.76263016,0.040120482,0.063384175,0.0036674142,0.0054009557
860,611.9801,620.8917,593.61755,633.7331,566.08203,671.7362,551.9446,709.8291,453.55164,611.39856,340.53528,669.8003,591.385,649.59814,544.46423,630.58154,517.2292,332.4875,315.95654,322.75372,316.362,332.9635,389.27808,397.748,467.62903,447.4422,489.75287,483.00537,550.4944,551.85455,557.983,569.63477,562.9702,588.95764,0.9862096,0.9542599,0.9713905,0.6244895,0.80444926,0.9699521,0.9919847,0.87788355,0.96850836,0.87951136,0.95405984,0.652017,0.76030713,0.03993115,0.06312135,0.0036583245,0.0053901374
861,612.04614,621.0089,593.62024,633.7678,565.8559,671.74585,551.4993,709.97925,453.60617,611.6472,340.4345,669.7913,590.9305,649.93353,543.40845,631.0657,516.21594,332.48175,315.90588,322.68872,316.38544,332.95044,389.4535,398.0667,467.67615,447.8354,489.875,483.19714,550.94006,552.3694,558.7125,570.5416,563.5685,589.7842,0.9863497,0.95456564,0.97191405,0.6228521,0.8069862,0.9697199,0.99193805,0.87685436,0.96832466,0.87869984,0.9538223,0.64847517,0.7575989,0.03902486,0.06174627,0.003567487,0.0052547157
862,611.59656,621.80646,593.1808,635.51184,566.14294,674.6449,548.29224,705.4818,457.76385,608.6164,346.00455,654.7618,569.63214,644.8357,519.1829,626.7339,492.9535,331.87384,315.3451,321.26514,317.3606,331.8991,389.01367,395.68585,465.27106,447.75897,484.61078,486.36194,551.371,550.3211,547.706,552.3265,543.76697,560.0199,0.98609376,0.9642598,0.97200423,0.72993433,0.8075568,0.9788684,0.98978996,0.8975274,0.94644624,0.8646716,0.9121976,0.70542896,0.7552488,0.05454153,0.065160275,0.006098628,0.007273406
863,611.6654,621.8804,593.2982,635.55756,566.31433,674.59717,548.2336,705.7274,457.65314,608.4305,345.85428,655.0919,569.95953,645.90125,520.4077,627.95557,494.19586,331.78802,315.25787,321.1582,317.36548,331.84357,388.93958,395.84253,465.01086,447.96863,484.68262,486.25122,551.7498,550.9102,548.1913,553.2239,544.3147,561.01855,0.9861302,0.96452916,0.97199374,0.73106027,0.80663747,0.9788467,0.9896282,0.89777493,0.9454179,0.8650096,0.91117287,0.7038426,0.75231,0.05410379,0.06422198,0.006039858,0.0071699023
864,611.7748,621.96985,593.3248,635.56934,566.11035,674.61053,548.1436,706.0835,457.36432,609.09814,345.50916,655.3762,570.306,646.4235,521.2415,628.53534,495.30106,331.68512,315.09296,321.01923,317.00458,331.54803,388.6947,395.6599,465.15973,448.18982,484.8518,486.45825,551.68384,550.89764,548.4923,553.45605,544.8751,561.4046,0.98629963,0.96468925,0.97245264,0.72977865,0.8090819,0.9790242,0.98980045,0.89791733,0.94613147,0.86517644,0.9121146,0.70560944,0.75457215,0.054600954,0.06505424,0.0060847104,0.007242471
865,611.7207,621.9282,593.30286,635.49524,566.04785,674.6179,547.96814,706.3256,457.13275,609.08936,345.3523,655.10596,569.95245,646.3828,521.25214,628.5782,495.58218,331.76825,315.18323,321.0503,317.09283,331.5127,388.8496,395.81226,464.95013,448.33813,484.55786,486.74963,552.0254,551.1824,549.2501,553.9103,545.59454,561.6487,0.98621273,0.9645214,0.9723177,0.72909445,0.80830336,0.9788338,0.98967063,0.89737475,0.9456549,0.86493874,0.9116715,0.70307255,0.75200856,0.053756773,0.06400755,0.0059767067,0.0071108043
866,611.59607,621.9061,593.1207,635.7132,565.9338,674.6447,547.61664,706.1582,456.8247,609.19385,345.56244,654.5542,568.9722,646.3185,519.84924,628.55066,493.74625,331.8874,315.15472,321.0824,317.02307,331.5511,388.75104,395.75848,464.76794,448.0221,484.56152,486.75024,551.9359,551.178,549.23535,554.3196,545.423,562.2021,0.9863913,0.96515083,0.97257304,0.73157287,0.8075383,0.9789612,0.98966014,0.89831483,0.945607,0.86627686,0.9117782,0.7064834,0.7542576,0.054603398,0.06474468,0.0060696006,0.0071989596
867,611.78125,622.00146,593.3034,635.65265,566.11127,674.5131,548.024,706.38574,457.6002,609.3148,346.01273,654.33624,569.09094,646.4935,520.4632,629.139,494.4648,331.7431,314.98474,321.0069,316.80994,331.54297,388.54132,395.65894,464.33136,447.47266,484.3672,486.39124,552.10114,551.427,549.1498,554.5179,545.1688,562.35547,0.98640096,0.9650688,0.97260875,0.73036313,0.8077078,0.97886324,0.9895756,0.8984494,0.9454706,0.86693865,0.9119817,0.7040753,0.75172734,0.05366823,0.06358078,0.0059444904,0.0070420206
868,611.74066,621.9786,593.2041,635.6699,566.0305,674.5516,548.0431,706.2565,457.53802,609.2976,346.35498,654.3091,569.0893,646.2544,520.8247,628.96204,494.9508,331.5697,314.83386,320.86804,316.85205,331.64062,388.724,395.8681,464.2799,447.51874,484.09918,486.32452,552.40155,551.7358,549.5331,554.83496,545.57513,562.5323,0.986346,0.96494395,0.97243524,0.7302788,0.80710864,0.9788492,0.9895557,0.8982787,0.9453012,0.866745,0.91177917,0.70409626,0.7516414,0.05359429,0.06347135,0.005926639,0.007019788
869,611.8052,622.09814,593.23236,636.0395,566.1449,674.9032,547.92883,706.42944,457.0048,608.9588,346.2027,653.9787,568.3846,646.233,519.7152,628.66284,493.43344,331.66052,314.7746,320.9101,316.6353,331.63226,388.51233,395.90247,464.23804,447.67877,484.19653,486.4624,552.1088,551.5597,548.43396,554.10895,544.622,562.09924,0.9865194,0.96564543,0.9726868,0.73362505,0.80585986,0.9788106,0.98952466,0.89800185,0.9449096,0.86674774,0.9113134,0.70219994,0.74978805,0.053435057,0.063207716,0.0059404075,0.0070310235
870,611.88354,622.0292,593.31274,635.87476,566.4012,674.7222,549.0219,706.3275,458.37555,609.8661,346.50793,653.88245,569.0822,645.6002,520.1528,628.45636,493.13715,331.15942,314.44324,320.65295,316.4176,331.6239,388.3723,395.62708,463.93054,447.06165,483.95312,486.94165,552.9037,552.2357,550.21826,555.686,546.14404,563.3152,0.98649395,0.9657885,0.9725537,0.735073,0.80534196,0.97888386,0.98932934,0.8984392,0.94375205,0.8661547,0.90920335,0.7028571,0.7485249,0.053321064,0.06249541,0.005914718,0.0069535077
871,611.7736,621.9682,593.2098,635.89294,566.3818,674.7299,549.22424,706.36523,458.6724,608.8096,346.5348,654.2468,569.52893,644.9312,519.6705,628.3031,492.71716,331.06805,314.35925,320.54572,316.4333,331.60797,388.3225,395.63757,463.75977,446.80518,483.89563,486.3891,553.2395,552.5526,549.27606,554.8991,545.25507,562.64575,0.9865625,0.9660077,0.97253156,0.73634577,0.8038074,0.9787736,0.9893745,0.89852446,0.94427264,0.8671045,0.91028714,0.6999743,0.74682313,0.052407026,0.061619163,0.0058040917,0.006841421
872,612.1259,622.3049,593.5057,635.94495,566.4123,674.5455,549.1921,706.6001,458.83746,608.2104,346.5465,654.09656,569.54956,645.0215,520.7433,628.5487,493.64053,330.6764,314.0088,320.1424,316.31915,331.39447,388.30377,395.6176,463.64648,446.734,483.94183,486.23853,553.4689,552.82263,549.37384,555.09393,545.6488,563.15063,0.9865562,0.9657245,0.97259426,0.7333686,0.80498767,0.9788208,0.9893705,0.89903855,0.94434786,0.8679863,0.9107796,0.7005402,0.74686587,0.05257681,0.061709076,0.0058101714,0.0068354607
873,612.3462,622.5379,593.6582,636.0985,566.3907,674.5125,549.6501,706.8267,459.23685,608.3237,346.70377,654.1326,569.90564,644.5433,520.8895,628.98914,493.6117,330.588,313.9378,320.0385,316.29138,331.30896,388.35034,395.3246,463.74548,446.1181,484.0902,485.93396,553.52563,552.6522,549.6481,554.94104,545.5881,562.58026,0.9865518,0.9652622,0.9727739,0.7286657,0.8064562,0.978531,0.98949254,0.8985512,0.9460368,0.8687965,0.91359794,0.698798,0.74775386,0.05153635,0.06122905,0.0056512356,0.006704569
874,612.6427,622.7216,593.7799,636.11475,566.2626,674.46875,549.76263,706.7757,459.08325,608.4402,346.5973,654.6448,570.6109,645.37976,522.61487,629.5997,495.0887,330.51624,313.7566,320.0708,316.00024,331.49463,387.89062,395.37817,463.3133,446.1516,483.87402,485.78973,552.8881,552.36096,549.10645,554.9568,545.23254,562.6718,0.98661685,0.9653126,0.9729593,0.72742265,0.8080586,0.9786236,0.98947096,0.8984922,0.9454713,0.8683455,0.91291124,0.69922626,0.74740493,0.052078843,0.061651736,0.0057284534,0.0067754686
875,612.61414,622.7554,593.78503,636.1748,566.18726,674.55743,549.6428,706.9558,459.21396,608.03455,346.57083,654.67615,570.4438,645.20544,521.9415,629.40875,494.26294,330.4242,313.71753,319.94104,315.99207,331.27545,387.95972,395.36438,463.3405,446.32642,483.91187,485.96173,553.58826,552.9462,550.0474,555.6422,546.3631,563.4871,0.986653,0.9653443,0.9731367,0.7265996,0.80877155,0.9785253,0.98947585,0.8981705,0.9457092,0.8682258,0.9132384,0.69866204,0.7474396,0.051701307,0.06136629,0.0056740046,0.006723881
876,612.6035,622.74896,593.784,636.26654,566.29956,674.5825,550.0381,706.70166,459.39172,607.8287,346.59033,654.89667,570.91077,644.88544,521.91626,629.8178,494.45868,330.31824,313.62384,319.8651,315.87305,331.20465,387.77008,395.1006,463.50342,446.20184,484.09357,486.0614,553.13184,552.43555,549.6326,555.1503,546.27826,563.3057,0.98670053,0.9655044,0.9731107,0.7277318,0.8079731,0.97863984,0.9895706,0.89884704,0.9462577,0.86914647,0.914019,0.70177084,0.7505323,0.05279365,0.06269336,0.005800098,0.0068789124
877,612.63184,622.77954,593.8235,636.21246,566.223,674.46814,549.984,706.82117,459.38654,608.4729,347.0473,655.08887,571.29224,645.30005,523.087,630.2968,496.3606,330.2461,313.56293,319.70752,315.74988,330.87195,387.85638,394.95526,463.4862,446.0641,484.02234,485.7553,553.208,552.4326,550.05286,555.20807,546.22754,562.70734,0.98668253,0.9653503,0.97313666,0.7262466,0.80859643,0.97859204,0.9895311,0.8984258,0.9460831,0.8688835,0.91406405,0.69922334,0.7481856,0.052009016,0.06182775,0.0057037175,0.006769061
878,612.7164,622.90216,593.8492,636.38525,566.1564,674.6191,549.8891,706.71625,459.1583,608.69476,347.4022,654.93256,570.96027,645.40967,523.0707,630.48395,496.37106,330.3828,313.70966,319.86816,315.97266,331.1161,388.00616,394.96686,463.4959,445.87006,483.88977,485.66528,552.90594,552.0654,550.1188,555.0502,546.8461,562.95496,0.986648,0.9652278,0.9731722,0.72459215,0.80915,0.97855973,0.9894661,0.8983946,0.94591296,0.86897385,0.91402256,0.7011638,0.74952686,0.052903146,0.06277588,0.0058187246,0.00689435
879,612.787,623.00635,593.9271,636.34863,566.0324,674.5554,549.63904,707.11224,459.52057,608.7391,347.18347,655.07996,570.8766,645.29944,521.83856,630.7028,495.18155,330.18054,313.5276,319.58276,315.84216,330.776,388.07556,395.07153,463.45337,446.01874,484.0783,485.5003,553.68567,552.8185,550.3359,555.3433,546.8851,563.15063,0.98675585,0.9651811,0.9735187,0.72220194,0.8109481,0.97856027,0.98964894,0.89868397,0.94719446,0.8699132,0.9158782,0.7035883,0.753132,0.053302705,0.063640445,0.005857438,0.0069696903
880,612.77094,622.99426,593.8358,636.4226,565.90515,674.75244,549.4334,707.08435,459.03558,608.3562,346.62183,654.96,570.4922,645.2658,521.4632,630.5499,494.98706,330.07593,313.36346,319.5066,315.64514,330.78412,388.0893,395.13123,463.65002,445.90967,484.11615,485.24078,554.0448,553.21436,550.1697,555.3519,546.6859,563.2329,0.9868089,0.96520364,0.97366047,0.7213973,0.81136703,0.9785131,0.9896984,0.89854264,0.9475903,0.87018716,0.91658556,0.7019056,0.75227475,0.052622795,0.063028395,0.005768597,0.0068776906
881,612.9048,623.0651,593.945,636.34125,565.91046,674.7147,549.2724,706.91644,458.8611,608.0967,346.46188,655.03784,570.47516,645.7069,521.8086,630.977,495.51056,329.9862,313.29602,319.47955,315.6228,330.8615,388.11505,395.25507,463.70013,446.00525,483.9807,485.29865,554.3793,553.6567,550.8093,556.1915,547.1606,563.9867,0.9867786,0.96497977,0.9736737,0.71974754,0.81241417,0.97847533,0.9896926,0.8983732,0.94755673,0.86979246,0.91644347,0.70100904,0.7514864,0.05195695,0.062253356,0.0056683123,0.006757349
882,612.8249,622.9835,593.92316,636.28546,565.968,674.76025,548.612,707.0697,458.0575,607.989,345.92548,654.6487,569.5651,645.89276,520.71045,630.7019,494.26617,329.872,313.18378,319.38684,315.5824,330.8534,388.02692,395.49744,463.68146,446.49792,484.1676,485.28674,554.0847,553.57825,549.50195,555.4738,545.95026,563.57715,0.9868171,0.9651152,0.97372377,0.72122216,0.8126026,0.9786495,0.9897816,0.8991247,0.9477958,0.87043965,0.91662014,0.70217305,0.75228953,0.052272826,0.062538,0.0057154,0.0068047047
883,612.82947,622.9376,593.9391,636.1033,565.9569,674.32666,548.97516,707.09485,458.36368,608.0715,345.91608,654.6062,570.0633,646.04175,521.5941,631.5025,494.74185,330.04004,313.3191,319.51416,315.62152,330.87122,387.9563,395.3695,463.43475,446.21454,483.83752,485.3587,554.07275,553.5543,550.2061,556.1024,546.7948,564.3608,0.9868692,0.96520835,0.9738456,0.7205343,0.8126465,0.97858775,0.9897407,0.8992198,0.94782645,0.87101936,0.9169706,0.7032193,0.75312614,0.052609265,0.06293467,0.005740285,0.006834626
884,612.72003,622.8933,593.69336,636.3617,565.7592,674.5738,549.5698,707.0164,458.7754,607.71313,346.09866,654.9413,570.6594,645.3868,521.62335,630.97327,494.4888,330.02173,313.20105,319.49286,315.34412,330.82074,387.73486,395.08105,463.72937,446.0374,484.03528,485.1045,553.779,553.12775,549.50806,555.1519,546.0605,563.2133,0.9870099,0.9656666,0.9740172,0.722656,0.8120458,0.9786391,0.9898329,0.8991893,0.9482832,0.87133765,0.9176832,0.70221186,0.7530817,0.052484453,0.063005924,0.005733192,0.006847143
885,612.6173,622.89105,593.473,636.6709,565.59155,674.6483,549.5754,707.0096,458.66904,608.5339,346.08514,654.77246,570.5173,645.21106,522.00964,630.6472,495.02472,330.06982,313.0929,319.4862,315.0401,330.73022,387.33057,394.90118,463.53943,446.04468,483.97467,485.05127,553.43097,552.94073,549.3746,555.3888,545.1885,562.7605,0.9871436,0.9661274,0.9741788,0.72460777,0.8113307,0.9787449,0.98984396,0.8994465,0.94811094,0.871718,0.9175416,0.7018386,0.75230277,0.052228004,0.06259507,0.0056967437,0.00679484
886,612.5653,622.9135,593.3734,636.8813,565.5236,674.7757,549.44824,706.6723,458.3171,608.58777,346.25128,654.879,570.4486,645.4496,522.3067,631.3581,496.0851,330.01746,313.01086,319.46283,314.97296,330.78223,387.40686,395.05737,463.60706,446.086,483.9737,484.74634,554.5311,554.157,550.40173,556.6614,546.77496,564.5401,0.98722976,0.9664213,0.9743668,0.7245623,0.81139153,0.9786042,0.98970705,0.8987607,0.94735765,0.8712393,0.9168702,0.69866097,0.7489205,0.051433742,0.061519057,0.0056026876,0.006670028
887,612.4773,622.8568,593.375,636.88745,565.50305,674.99304,548.805,707.04913,457.99048,608.4757,346.00595,654.2572,569.2582,645.939,521.56934,630.99133,495.74435,329.92072,312.91278,319.34448,314.71674,330.42975,387.19067,394.87616,463.49567,446.23486,483.76562,484.93665,554.5421,554.17664,550.27405,556.5503,546.9662,564.93915,0.9871867,0.9663067,0.9744723,0.7237556,0.81226546,0.9784826,0.9896567,0.8978528,0.9470309,0.87015873,0.9162133,0.6971079,0.7476367,0.051273912,0.061429948,0.0056124628,0.006687224
888,612.3234,622.7579,593.0962,636.9711,565.15686,675.31226,548.35944,707.2346,457.53644,608.1123,346.0062,654.96875,569.18964,647.05707,520.4017,632.6289,493.90936,329.48212,312.49365,318.98627,314.597,330.49036,387.1936,395.28223,463.18018,446.56818,483.26318,485.0598,555.007,554.87146,549.7074,556.458,547.0405,565.46625,0.98733246,0.9669214,0.97464085,0.72579324,0.8112724,0.9784511,0.98954135,0.89826185,0.9463917,0.87072706,0.9155102,0.6979258,0.74731946,0.051633418,0.06145826,0.005669892,0.0067264736
889,612.2049,622.6747,593.1045,636.92377,565.3601,675.3594,548.3971,707.1865,457.39136,607.7534,346.08722,655.308,569.67883,647.139,521.7218,632.9346,496.16776,329.18585,312.34326,318.68652,314.61035,330.1809,387.09265,394.9325,463.1455,446.37122,483.49426,484.8028,554.75183,554.5036,550.25653,556.67065,547.4399,565.3777,0.9873172,0.9668554,0.974488,0.7274402,0.8110588,0.9786464,0.98974204,0.8986853,0.9472532,0.8709209,0.91645956,0.69967395,0.7498096,0.05155164,0.06169468,0.0056171715,0.0066957176
890,612.23157,622.6872,593.10077,636.95123,565.35675,675.4716,548.23254,707.2111,457.42715,607.1901,345.839,655.50574,569.6249,647.02905,521.0737,632.41095,495.09097,328.9472,312.10028,318.498,314.41718,330.12396,386.78717,394.97583,462.85974,446.54517,483.53375,485.03693,554.7003,554.62866,551.0137,557.93286,548.2365,566.84827,0.9874305,0.9672915,0.97473204,0.72962284,0.8118192,0.97866213,0.9897389,0.8982656,0.94678956,0.86970496,0.91526556,0.6992886,0.74929595,0.0511609,0.061118662,0.0055595636,0.006618023
891,612.238,622.76587,593.0089,637.1579,565.16284,675.7787,548.2864,707.41205,457.62866,606.4607,345.9552,656.19324,570.1903,647.0331,521.2949,632.5375,495.41574,328.80658,312.01202,318.38647,314.51788,330.20197,386.86047,395.02606,462.90692,446.48413,483.55457,484.97778,554.0376,553.92236,550.1232,556.9709,547.73645,566.22375,0.9875417,0.96784294,0.97480154,0.73290986,0.8109908,0.978795,0.989726,0.89819443,0.94605064,0.86916506,0.9140789,0.7007602,0.74995244,0.052306086,0.06217909,0.005728245,0.006799042
892,612.1935,622.7566,592.90436,637.3522,565.1529,675.91113,548.6785,707.28345,457.9075,606.2672,346.1653,656.3476,570.5514,646.7229,521.47845,632.7302,496.0876,328.8294,311.92786,318.39398,314.28442,330.17072,386.6698,394.85156,462.83435,446.11707,483.47607,484.76898,553.83484,553.7186,549.84106,556.76044,547.369,565.9486,0.98760855,0.96814346,0.97478855,0.7345216,0.80940723,0.9787954,0.98968375,0.8985041,0.94588166,0.8700907,0.9142561,0.7000839,0.7489936,0.052260846,0.062000662,0.005718738,0.006779045
893,612.0296,622.669,592.7543,637.5188,565.12756,676.2406,548.3189,707.3963,457.725,606.35046,346.1837,656.52246,570.2247,647.53296,521.0854,632.8108,495.63242,328.71405,311.81647,318.2663,314.23193,330.0761,386.80188,395.11322,463.00085,446.66364,483.45715,484.90375,553.95276,553.9402,549.6906,556.83734,547.4741,566.3766,0.9876795,0.968758,0.974861,0.73876226,0.8083435,0.9788056,0.9895215,0.89754736,0.944138,0.86802655,0.9114255,0.6987591,0.7464021,0.05265656,0.062045902,0.005824983,0.006874293
894,611.6681,622.312,592.4326,637.21155,564.8758,675.8764,548.1298,707.1136,457.65375,606.5781,346.0893,656.2831,570.1552,647.88477,521.63306,633.4114,496.98892,328.69354,311.71698,318.17047,313.90076,329.74432,386.5542,394.9928,462.2317,446.2528,483.04333,484.68402,554.179,554.26074,550.45807,557.64746,547.7736,566.62054,0.98779035,0.9690303,0.97492856,0.7405643,0.80790716,0.97915614,0.9896258,0.89927876,0.94458854,0.87024957,0.91238654,0.7041792,0.7504388,0.053715676,0.0631018,0.0059086084,0.006960988
895,611.7388,622.37036,592.60425,637.07007,564.95557,675.781,547.6913,707.51166,457.07867,606.2244,346.07507,655.8652,569.6564,647.5038,521.8852,633.475,498.1897,328.3235,311.4784,317.77783,313.79315,329.32404,386.58496,394.89612,462.07074,446.18195,482.92236,484.08295,555.3777,555.3923,552.1959,559.1737,550.0637,568.5311,0.9878548,0.9689828,0.97513485,0.7391644,0.80923367,0.9792359,0.98973334,0.89959246,0.94525415,0.8711443,0.91359556,0.7054138,0.75197524,0.053540975,0.06309152,0.0058383346,0.0068921745
896,611.99426,622.5253,592.91974,637.01434,565.2052,675.8632,547.8119,708.06934,456.827,606.2275,345.6594,656.00836,569.98846,647.8941,523.0491,633.3338,499.40527,328.12866,311.30328,317.5868,313.4699,328.9735,386.44238,394.84985,461.62964,446.0487,482.6311,483.74866,556.2159,556.2667,553.0984,560.00726,550.82623,569.1026,0.98781425,0.9686409,0.97513926,0.73740727,0.8104625,0.97923565,0.98985213,0.89938736,0.94597656,0.87115306,0.9146453,0.7044745,0.7521794,0.052702904,0.06251466,0.0057083666,0.006771356
897,612.1138,622.60754,592.99414,637.1752,565.4701,676.111,548.4738,708.0766,457.585,605.87396,345.60767,656.77344,571.1302,647.84644,524.1519,632.6822,500.39505,327.89087,311.02136,317.393,313.22125,328.93744,386.27173,394.7611,461.66382,445.85175,482.3457,483.64783,555.3548,555.47675,552.2854,559.51514,549.2766,568.1733,0.9877356,0.96874875,0.9747629,0.7412398,0.8084053,0.9792174,0.98981166,0.89843726,0.94499457,0.8691369,0.9127097,0.7017463,0.7496118,0.052264124,0.061910212,0.005681008,0.006737083
898,612.0827,622.47546,592.95435,637.0673,565.525,676.2302,548.6478,707.78015,458.18314,605.44916,345.781,656.1646,570.50146,646.96484,522.7412,630.67896,498.48798,327.80353,310.89862,317.424,312.9027,328.9491,386.122,394.62286,462.1964,445.9096,482.57373,483.45288,555.2002,555.2531,551.7193,559.0453,548.89435,568.09186,0.9876452,0.96866715,0.97467387,0.7419894,0.80848527,0.9791956,0.98974645,0.8975933,0.9442799,0.8672354,0.91105926,0.70146966,0.7491576,0.05289194,0.062536806,0.005815178,0.0068840086
899,611.7167,622.075,592.6827,636.96747,565.7762,676.47723,549.33295,707.4574,458.9589,604.42957,345.60397,656.6207,571.32544,646.37256,522.9312,629.5426,498.91364,327.2173,310.3275,316.94763,312.2699,328.5443,385.6825,394.39587,462.07617,445.8745,482.04272,483.1853,555.0486,555.1325,551.1068,558.63043,548.6238,568.1543,0.98761296,0.968912,0.9742968,0.7473303,0.805603,0.97935253,0.9898709,0.89740884,0.94428504,0.86636794,0.91039014,0.7027382,0.7509327,0.053646892,0.06356636,0.0059218705,0.0070310533
900,611.5871,622.004,593.00946,636.9485,566.5853,676.42114,548.264,708.50256,457.57877,606.63245,346.04022,655.29065,569.51715,645.8624,521.6917,629.21124,499.26596,326.43683,309.87927,316.23816,312.18127,327.8363,385.55994,394.6156,460.75818,446.12848,481.87238,482.8714,555.38367,555.7593,549.931,558.19257,548.5072,568.8713,0.98754835,0.96885383,0.9740503,0.7498578,0.8045517,0.97963774,0.9899487,0.8988559,0.9444357,0.8681235,0.91063875,0.70566916,0.7523328,0.054535,0.06432131,0.0060319006,0.0071333945
901,611.81006,621.8386,593.3876,636.1335,567.09827,676.0497,548.93854,708.58466,458.34094,607.00244,346.12555,655.60425,570.2837,646.6566,521.64905,630.26996,497.70236,326.08325,309.66345,316.11023,312.0008,327.89423,385.05255,394.2448,460.43298,445.80872,481.41785,482.84918,554.90405,555.3014,550.2847,558.5117,549.4157,569.7515,0.9874835,0.9679448,0.9742105,0.74448764,0.8092387,0.97972506,0.99045026,0.89953756,0.9481518,0.8688066,0.9150107,0.7136916,0.76362896,0.055646747,0.06699416,0.0060839653,0.0073059797
902,611.2986,621.47235,592.9147,636.2073,566.98663,676.18494,548.99915,708.70685,458.88153,606.8435,345.996,655.5502,569.87836,645.5112,518.32477,629.439,493.1602,325.75464,309.36517,315.73346,311.90613,327.65466,384.87964,394.00305,460.23944,445.57947,481.02478,482.98865,553.8602,554.10114,548.913,557.23016,547.80835,568.56866,0.9875954,0.9689226,0.9741366,0.7519498,0.805023,0.97967815,0.9903327,0.8996622,0.9473048,0.8686639,0.9133163,0.7152876,0.7642782,0.056716114,0.06779158,0.006263554,0.0074912608
903,611.525,621.7269,592.9435,636.46027,566.7491,676.25793,548.87823,708.5329,458.55762,606.5603,345.94046,655.6691,569.7302,645.70734,517.98224,630.308,492.0079,325.6928,309.2751,315.74353,312.01868,328.00116,384.73816,393.97205,460.5166,445.74402,481.1975,483.5136,552.93524,553.2698,548.5122,557.045,548.092,569.11084,0.9876094,0.96884406,0.9742644,0.74947417,0.80584574,0.97962296,0.990337,0.8998132,0.9475453,0.86884344,0.91363585,0.71983755,0.7683917,0.058610976,0.069977224,0.006497979,0.0077631176
904,611.5766,621.6955,592.9375,636.3051,566.6833,676.0785,549.0091,708.32574,458.46725,606.4615,345.9206,656.01184,570.2747,646.38116,519.13525,631.5285,493.174,325.66852,309.19232,315.74048,311.8849,328.06134,384.502,393.88293,460.20746,445.51984,481.20966,483.76593,552.8743,553.34955,549.6865,558.363,549.3801,570.4401,0.9875504,0.9687457,0.97406805,0.7489178,0.8049021,0.97965324,0.9902146,0.90064085,0.94701886,0.8696829,0.9131725,0.722309,0.7692013,0.059155762,0.07015321,0.006521672,0.007754147
905,611.68243,621.8012,593.0624,636.397,566.835,676.29016,548.87335,708.41394,458.45343,606.1549,346.14822,655.82336,569.9083,645.9909,518.80835,630.55194,493.15186,325.41846,308.97327,315.52112,311.79565,327.97876,384.6109,394.08545,460.2445,445.65668,481.4652,483.37775,553.2128,553.71704,549.0368,557.8607,548.86414,570.0269,0.9874714,0.96854687,0.97382027,0.7490331,0.8041762,0.9797641,0.9902228,0.9010496,0.94684815,0.86995184,0.9129324,0.72215384,0.7685728,0.059214234,0.07003477,0.0065392554,0.007757902
906,611.8279,621.96783,593.19824,636.5751,566.9276,676.3091,549.0428,708.8467,458.37994,606.9115,346.3579,655.82965,570.1146,645.93616,519.38934,631.03705,493.77762,325.27527,308.82764,315.33716,311.59766,327.6883,384.36365,393.57996,460.3628,445.29266,481.65747,483.3385,552.6341,553.0465,549.4765,558.1426,549.55853,570.63153,0.9875812,0.9686922,0.97404194,0.7490183,0.80504584,0.97998774,0.9903823,0.90203464,0.9478042,0.87131524,0.9143745,0.7268329,0.77307165,0.06055188,0.07176989,0.006652713,0.00790602
907,612.0563,622.0569,593.4889,636.55347,567.2449,675.90643,549.978,707.99976,458.85712,607.0105,347.16522,656.1221,571.17584,646.1501,519.38184,634.355,494.5965,324.9143,308.52856,315.09155,311.1056,327.35565,383.771,393.07947,459.25977,444.14478,481.16882,482.26538,552.20496,552.6475,551.10876,559.6274,551.86774,572.2765,0.9878253,0.9688612,0.97455883,0.7462225,0.8070111,0.98027503,0.9906976,0.9050375,0.9506569,0.8767172,0.9195217,0.7412063,0.78680587,0.06493166,0.07730931,0.007049918,0.008409619
908,612.0648,621.9443,593.48663,636.12024,567.0646,675.6303,550.1209,707.21796,459.34088,606.0372,347.30328,656.64905,571.898,646.3804,519.59485,634.0129,494.5137,325.05237,308.68982,315.20782,311.1966,327.37317,383.86755,392.9455,459.70544,444.31116,480.85663,482.1953,552.05646,552.3146,550.35876,558.2661,550.34485,569.9531,0.9875883,0.9680097,0.9743818,0.7409742,0.8085816,0.97971857,0.99061054,0.90237814,0.95064646,0.87369925,0.9192767,0.732877,0.781502,0.062227577,0.07486373,0.0068004727,0.008171827
909,611.732,621.6225,593.3143,636.07184,567.34985,675.9144,550.5513,707.54596,459.4631,605.27234,346.72736,657.1455,572.40094,645.9573,518.3218,634.39526,493.3142,324.87482,308.4914,314.99005,310.87012,327.01935,383.49292,392.48865,459.76154,443.99182,480.7887,482.24567,551.8691,551.99854,549.62744,557.5161,550.2633,570.1444,0.98748946,0.9681198,0.973961,0.744065,0.8037441,0.9792603,0.9905534,0.9010711,0.9508254,0.8730495,0.9195036,0.7294289,0.7801204,0.061506838,0.074528694,0.006739825,0.008152872
910,611.6177,621.62335,593.2058,636.10547,567.02167,675.6652,550.0788,707.5675,459.64325,606.4944,347.38684,656.4602,571.51105,646.32404,518.0323,634.97424,493.33826,324.89697,308.5086,314.87738,310.74927,326.56573,383.56067,392.15814,459.77588,443.7517,480.52002,481.70856,552.79407,552.75775,552.14355,559.59955,552.5176,571.8905,0.98765576,0.9682992,0.9744969,0.7417905,0.80634254,0.9794727,0.99059254,0.90209633,0.9512912,0.87455785,0.9205335,0.7348757,0.7842736,0.06272578,0.07591739,0.0068269074,0.008246869
