frame,kp_0_x,kp_0_y,kp_0_conf,kp_1_x,kp_1_y,kp_1_conf,kp_2_x,kp_2_y,kp_2_conf,kp_3_x,kp_3_y,kp_3_conf,kp_4_x,kp_4_y,kp_4_conf,kp_5_x,kp_5_y,kp_5_conf,kp_6_x,kp_6_y,kp_6_conf,kp_7_x,kp_7_y,kp_7_conf,kp_8_x,kp_8_y,kp_8_conf,kp_9_x,kp_9_y,kp_9_conf,kp_10_x,kp_10_y,kp_10_conf,kp_11_x,kp_11_y,kp_11_conf,kp_12_x,kp_12_y,kp_12_conf,kp_13_x,kp_13_y,kp_13_conf,kp_14_x,kp_14_y,kp_14_conf,kp_15_x,kp_15_y,kp_15_conf,kp_16_x,kp_16_y,kp_16_conf
0.0,588.7800351335353,336.90605242180436,0.9674808,604.0205648433368,328.2910091245976,0.962183,588.3731883074408,323.47413756024264,0.8260633,643.3492299117459,343.7612356776116,0.9223168,599.527644818575,333.19139478206733,0.26615232,694.4999212620784,418.2566646424151,0.9755596,561.6708110430485,409.0387528786465,0.98134065,747.0866427277931,514.8324438413257,0.9058958,521.5846069843353,501.8297873864941,0.91517097,652.4918689637352,536.936963115555,0.9027964,605.6890824078564,535.7847664916562,0.89104736,665.6649534917635,582.5088095686775,0.668297,581.5784664470583,576.4948074141058,0.680985,642.6061248715716,565.0717146713785,0.058897734,557.0000154425984,559.266862871551,0.065318316,675.7108294674326,575.6883651597398,0.006864816,620.7616377593963,579.0699591478547,0.00828293
1.0,588.7244809837744,336.9720364511172,0.9666002,603.974780217701,328.3756042542796,0.96110165,588.3589316331608,323.50792009137643,0.8216427,643.3173412795404,343.8886722914691,0.9210988,599.565446916352,333.2104943872828,0.26307273,694.481609902929,418.4388426794952,0.97527415,561.6630943568506,409.0790961284614,0.9810889,747.0289176245043,515.0547959136138,0.9059536,521.6395115686802,501.81749146735046,0.91502845,652.1472277483056,536.971158409618,0.9028634,605.6647870031559,535.6447656031602,0.8909459,665.6993192654165,582.5646016681198,0.66728604,581.6071947798013,576.4767680655,0.67975,642.4680180016169,564.9504134932096,0.05758226,556.7334103752389,559.0756152918301,0.06386143,675.7219941989886,575.5126136648505,0.0066474974,620.6449283316383,578.9052246814011,0.008019835
2.0,588.6352395497236,336.9981509757338,0.9661942,603.9095174285018,328.4125013753886,0.9605031,588.3247944692539,323.4976983233712,0.8203984,643.2898557323327,344.0154587746099,0.91991794,599.606175504015,333.2279010246328,0.2632239,694.4521144080352,418.7148430258324,0.9749116,561.6831476418837,409.1883290847565,0.98104537,746.8867703411606,515.4148397931508,0.9051523,521.7301215320927,501.8351782849978,0.91570103,651.6509387668232,537.0444773780401,0.9025947,605.6801353917633,535.4435211564203,0.89208305,665.7262176828175,582.4988289387052,0.6634813,581.6416190983359,576.3182094728986,0.67763394,642.2051014859896,564.4629258046152,0.05617231,556.1911620336159,558.5175536039399,0.06270933,675.795194000998,575.1348721862385,0.0064602494,620.323523539414,578.5625336910073,0.0078315735
3.0,588.5630973652487,336.92135637039473,0.968745,603.8785665155276,328.3192320867769,0.9641653,588.2899621431096,323.40311040949166,0.8290725,643.325143643712,344.0371149663173,0.9259521,599.6293961436867,333.2229574960835,0.26340234,694.4202879913692,418.9614958918278,0.97596955,561.7467490124552,409.35820681368745,0.9816747,746.6739878966258,515.7431470350964,0.9062784,521.8185201147568,501.89263374092627,0.915023,651.2428233064692,537.1457991925092,0.9037454,605.7714947218244,535.2939176472483,0.8913034,665.7063706759734,582.2847228097833,0.66979915,581.6520332140472,576.0573888197728,0.6829185,641.9190956936136,563.7387387035699,0.061204344,555.551616155984,557.807201694,0.06769875,675.9374580802728,574.7381059676666,0.007247567,619.8231764657708,578.2639139989681,0.00874275
4.0,588.557436192951,336.8026029837245,0.9682194,603.9380020897493,328.1667793773105,0.9636221,588.2858327670201,323.27790602664163,0.82641447,643.4651263315528,343.98646996751523,0.9255047,599.6211150678985,333.1935864396736,0.26183873,694.3835534043039,419.10710062638907,0.97581476,561.8249247869123,409.5216532676534,0.98141587,746.4578445169293,515.8969892789107,0.9057121,521.863417301352,501.9517649145172,0.91373014,651.0689428353487,537.2477715995816,0.9029895,605.8840891734369,535.2529298133916,0.8897558,665.6836306923533,582.1462862579219,0.6691417,581.6672911198149,575.9317913503847,0.68136394,641.7636224426278,563.3647567824938,0.060875386,555.1193785662986,557.522547392108,0.06718817,676.1549290019183,574.6782571250267,0.0071899295,619.308011249868,578.3344619551244,0.008653194
5.0,588.6172822158693,336.7336100340873,0.9697757,604.0955826906118,328.07298609698836,0.9657395,588.3154288678422,323.1917278954287,0.8335253,643.6947223366542,343.97329974728945,0.92816484,599.5580957196444,333.15126164184403,0.2648052,694.333010050894,419.1736102460985,0.9763602,561.8781180937358,409.6207343292098,0.9815954,746.2963139958895,515.8870562231256,0.90644157,521.8533652848076,502.003030626091,0.91265297,651.1460321388143,537.3295629874768,0.9034029,605.9418037371686,535.2862505471378,0.88851583,665.7628581555871,582.2825953753271,0.672939,581.7629876395927,576.0963444830379,0.6835823,641.8205754748271,563.7292346955937,0.06333789,555.0149579737504,557.9352491373436,0.06932205,676.5275053826879,575.1322318097759,0.0075809956,618.8865387611509,578.8092849554866,0.009071618
6.0,588.7010177955025,336.75583463149883,0.9704387,604.3141604469824,328.0971071003421,0.9659498,588.3578790403182,323.1692952322854,0.8386202,643.962898591993,344.0789619703454,0.9271084,599.4289328108166,333.10549121029635,0.27142406,694.2539245346322,419.2295495916088,0.9762168,561.8954051929435,409.6514065960976,0.98210514,746.187504907168,515.8260571017167,0.906005,521.816116875499,502.09105116944124,0.91630083,651.3888099462084,537.3768239393319,0.9036139,605.9060172312622,535.3138938630135,0.8926102,665.9876070787428,582.6385568712187,0.671116,581.9770485761849,576.4412044796873,0.68553114,642.0379024832632,564.5943274647212,0.059922963,555.1017665724838,558.6833779833955,0.066755265,677.1193000681649,575.9051560332994,0.0069859624,618.527174741257,579.3411706835793,0.008468628
7.0,588.7730471876929,336.87742687784,0.9697884,604.5580777461932,328.2503619805592,0.9653311,588.3942740008106,323.2109956757739,0.8347185,644.2283348097928,344.33047905054934,0.92691225,599.2322749599628,333.0606478068021,0.26786745,694.1125144914752,419.3261540440354,0.97610086,561.8947804143687,409.6284431923691,0.98190975,746.0890234028179,515.798256128548,0.9058977,521.7805402040041,502.23839484916095,0.9154264,651.6790342171823,537.3701276737391,0.9029685,605.7590015223429,535.2700357927233,0.8912151,666.2880462551624,583.0210404040922,0.67268133,582.2800549053601,576.7370811370117,0.686293,642.2408143841071,565.4222241515641,0.060127676,555.1725811485005,559.1616806330807,0.066827565,677.8788224346044,576.642279014844,0.0069933236,618.1364572036262,579.494749418506,0.008463383
8.0,588.8160997946263,337.0812727252654,0.97312933,604.7775791755962,328.50342691580573,0.9695295,588.4135993514421,323.3148707638768,0.8520817,644.44458385357,344.6758655855158,0.9314038,599.0066396073393,333.0342955611106,0.27996403,693.9126586912571,419.46444609596176,0.976865,561.9050243156414,409.56389618710506,0.982372,745.985081018709,515.8259420271997,0.9057163,521.7462570756455,502.39090356171187,0.91442406,651.9397435351359,537.3080262745285,0.90276253,605.5502584802745,535.1655850709274,0.89026153,666.5377506480845,583.3610766770339,0.66829026,582.5830966255137,576.923470583957,0.6816045,642.268006118705,566.0238704627285,0.060094684,555.1396193988161,559.2427659158819,0.06648341,678.6311177094747,577.198530365017,0.007093489,617.738171651996,579.235223742653,0.008569896
9.0,588.8285642567043,337.3176923296757,0.9729103,604.9077713323072,328.7855812019825,0.9693311,588.4238191536385,323.4656487379934,0.850455,644.5652692492922,344.9993989810829,0.9312277,598.8607349527481,333.0481754356911,0.2767646,693.7459573857968,419.61022655618666,0.9766413,561.9441000838426,409.48648260420714,0.9822756,745.9160717650767,515.8974853620782,0.905648,521.7077404049096,502.4788816120705,0.914912,652.1538541173072,537.2283057556448,0.9031193,605.4112662419774,535.0899045353127,0.8910706,666.6678035696657,583.7394937035152,0.6679782,582.7959702092674,577.1415750355227,0.682003,642.1498890396228,566.6731522079813,0.060351253,555.098322277385,559.3989210251107,0.066871345,679.169817065327,577.7283549954625,0.0071540177,617.5569033940144,579.0308945884667,0.008657694
10.0,588.8231892802369,337.51981312244266,0.97235906,604.9431805336619,329.02590180324785,0.9685278,588.4514058113406,323.61107718913365,0.8489938,644.6031377583619,345.2406591138871,0.92936206,598.8754313067753,333.0829476363375,0.27668118,693.7007957114587,419.7482051975642,0.975774,562.0005650811199,409.429876722075,0.981781,745.9221572206163,515.9846401777435,0.9033792,521.6862452688614,502.5016900486918,0.9141126,652.303018998216,537.1727401949611,0.9016906,605.4255901384231,535.1030644579898,0.890602,666.7560637889676,584.1830517126036,0.6544454,582.9392984589344,577.4648634765894,0.66982806,642.0582577032496,567.5368898628568,0.054908305,555.1731777419881,559.9300504767644,0.061282545,679.4460384806753,578.409731130479,0.0063867867,617.7492527448542,579.2612799945939,0.0077604055
11.0,588.8119834544405,337.6302447150241,0.9719589,604.9491177634424,329.18712218584403,0.96793765,588.5106509834101,323.6781986649362,0.8474959,644.6218270919314,345.4460046751926,0.9283822,599.0110024260549,333.08705724467814,0.27692407,693.7574170748844,419.8817735365201,0.97560287,562.0508575008539,409.39554774971026,0.98172843,745.9895128732467,516.042216220735,0.90267557,521.7197242631297,502.50934543470817,0.91444886,652.303765731027,537.1368725222442,0.90085316,605.5527607498684,535.1623188872053,0.8906963,666.9598358719974,584.5644627693536,0.65316457,583.1419137672895,577.7558444941391,0.66931695,642.1031437607726,568.3200417233363,0.053818375,555.3499763224556,560.491817860073,0.060354322,679.6330561772211,579.1952911985222,0.006200701,618.1383948243406,579.7838278414488,0.0075616837
12.0,588.8071863696068,337.6521009783501,0.9715712,604.9986942261819,329.2859364291191,0.9676224,588.594644233556,323.64748623850954,0.84421194,644.6786607663678,345.6895609942346,0.92869127,599.160396670294,333.037527948865,0.2729321,693.8180866117124,419.9919344967235,0.9756809,562.0896911387487,409.3536256284506,0.98168397,746.083355877813,516.013949946646,0.90347254,521.8236670675064,502.54128383635066,0.9141016,652.1038595978498,537.08214363354,0.90146965,605.7229610383081,535.1931730200665,0.8903239,667.3529400972691,584.7677327017493,0.65567386,583.4998393001343,577.8720076010094,0.670977,642.2855848140393,568.7223977678017,0.054469287,555.5555391208928,560.6756309930734,0.06081429,679.9825960862677,579.9678966301213,0.006264031,618.3985606587817,580.2828085492177,0.007617861
13.0,588.8280001861224,337.65698830831457,0.97217274,605.1244573222165,329.3770401906072,0.96845484,588.6881758657344,323.58031456252456,0.8462149,644.801068126942,345.98274214824073,0.9302673,599.2431008279011,332.9602468431168,0.27354598,693.8181342896785,420.04330524595593,0.97615737,562.1278550119853,409.2767152290414,0.98197603,746.1852976007202,515.8797224599056,0.9045459,521.9655125084964,502.60705914644836,0.9143975,651.7889523427724,536.9932943441444,0.9021924,605.924018385085,535.193346810133,0.8904163,667.855220385989,584.8587026990391,0.6606865,583.9661376808671,577.8756486635739,0.6754722,642.5662280926792,568.9544187472537,0.05701956,555.7838789925815,560.6458380755648,0.06341526,680.6095493157552,580.7702901849981,0.006626159,618.3958761778297,580.70311811596,0.008045286
14.0,588.8815387262093,337.68661832183193,0.9729136,605.3032605268928,329.46853116574084,0.96920156,588.770109974779,323.53385361472795,0.8505883,644.9848720850136,346.2483378545852,0.93048126,599.2425517106915,332.89579860116,0.27749264,693.7861626077263,420.01404065238796,0.976121,562.1770850902994,409.1662765735176,0.9822401,746.2726748093189,515.6929299458236,0.9046171,522.0957872507106,502.6912418579057,0.9161532,651.4724494941802,536.9008554583154,0.902908,606.1722080168402,535.2456332361608,0.8928071,668.3040331363385,584.9568620923765,0.6606372,584.384714321968,577.9044473012234,0.6771947,642.869481434102,569.3734190332243,0.056522965,556.0488777786884,560.8000952452699,0.06332445,681.3679957776633,581.6151181124661,0.006522149,618.2435342008614,581.1150581440991,0.007967591
15.0,588.9497004297683,337.6919729733395,0.972915,605.4773993819875,329.4927404477869,0.96919954,588.822764540266,323.492874936644,0.85132957,645.1910842006309,346.38681518408566,0.9301154,599.1985681051115,332.8657365509096,0.27838218,693.7931662960693,419.90486669704603,0.9757598,562.2432822507196,409.0521873271441,0.9819323,746.3257892384304,515.5273443920144,0.903684,522.2000157723257,502.76802382685617,0.9152674,651.2006943114305,536.8447100492264,0.90194416,606.4604584294705,535.4304264560087,0.8917175,668.5751539047302,584.9998635453217,0.654193,584.6236769288746,577.919271767294,0.670663,643.0913705639366,569.8024779154666,0.0528031,556.3074405008905,561.0504804040881,0.059213668,681.9610570528532,582.2494880071127,0.005970806,618.1100140569315,581.4171215506732,0.00729689
16.0,589.0075260828592,337.603942605395,0.97412884,605.5932157340308,329.38729709042343,0.9710015,588.8471526066915,323.4119221065887,0.8557213,645.3555049555555,346.3519869201266,0.9331879,599.1722021864894,332.86235321341394,0.27789563,693.8704791220853,419.73655876877626,0.9762793,562.309359435817,408.97899313166954,0.98206925,746.3669164813699,515.3985630518619,0.90466315,522.2864466952551,502.82671385068545,0.91426575,651.0375920604379,536.8374423563673,0.90284574,606.7500540317437,535.7316926579948,0.89070135,668.6307777585345,584.8337107608696,0.6558466,584.6429760689869,577.7849336227216,0.6707182,643.1771750431716,569.7579913618754,0.05397269,556.4939724941371,560.9962189161666,0.060037762,682.1620877859696,582.398870841504,0.0061495304,618.084807105382,581.4748580242339,0.0074808
17.0,589.049277922039,337.42013334755393,0.97388875,605.6358715286965,329.16250552861555,0.97083116,588.8587857911006,323.2808576758664,0.85380363,645.4426771664209,346.15222189295724,0.93379927,599.1949128252362,332.85214360576083,0.27647287,694.0011139522971,419.5443176047195,0.9767483,562.3378619505762,408.98019140054345,0.98226047,746.4336200491109,515.2732952703134,0.9059109,522.3427477695454,502.8788320967105,0.91420937,651.0846126757185,536.8799077567143,0.90316284,607.0049033550961,536.0614285249746,0.8898625,668.4882120798693,584.4705703548742,0.66376865,584.4607637577711,577.5175913205869,0.6773301,643.1430448943095,569.1855654427842,0.057585835,556.5865739478446,560.6036262963434,0.06367418,681.9142651935159,582.0945961314627,0.0066690743,618.2076014100369,581.3519665522185,0.008079201
18.0,589.0881196032356,337.21214380597644,0.9737612,605.637043739411,328.8970045317713,0.9705192,588.8706451368126,323.13832006605116,0.8534913,645.4847316638989,345.84478314412127,0.9333092,599.2468870898921,332.8075425275544,0.27706873,694.1573259479208,419.35951999666696,0.976586,562.3176749142849,409.0381248317077,0.98228824,746.5297907190491,515.1338549499474,0.9051387,522.3480277857724,502.9333838609764,0.9143936,651.3536146193303,536.9836165153979,0.90249497,607.227909600286,536.3509973207669,0.88988113,668.2041023228771,584.0500013757844,0.66070175,584.1375627686485,577.2266193850702,0.6750524,643.015304259651,568.4399047984678,0.055838376,556.5966098237241,560.1379912842986,0.062025487,681.3291584515144,581.5567286991392,0.0064085424,618.4607065825085,581.1310661973296,0.0077827275
19.0,589.1343524109955,337.05385937952275,0.9735205,605.6346139542164,328.6789285479666,0.9703661,588.889516269595,323.0341498652926,0.851744,645.5302055217644,345.5339636830663,0.9336698,599.3057262647809,332.7488334689259,0.2759344,694.3216208557776,419.19341039305345,0.97709566,562.2903995442948,409.09080701711673,0.9823458,746.641166398354,514.997203075169,0.90622836,522.311516022986,502.97308073734814,0.9133758,651.7385031213815,537.1458734197869,0.9029823,607.4440699533309,536.5795683157867,0.8885901,667.888823823957,583.6652732232524,0.66839707,583.7883921744514,576.9569020297984,0.6803985,642.8355872517859,567.8181656983867,0.059880465,556.5468682848468,559.7645309328152,0.06588438,680.6625632416307,580.9348587868953,0.007002026,618.727659852345,580.7717995247342,0.008441776
20.0,589.1809603692755,336.9554685632713,0.97357863,605.6296422067762,328.54207764011164,0.97036785,588.9232330343808,322.98329502367324,0.85289884,645.588427975923,345.31355843408335,0.9334607,599.4066323313284,332.7263971906316,0.27803636,694.4982785988798,419.04495957099164,0.9770713,562.315054220915,409.0960619990076,0.9823355,746.7683526780822,514.8840904037887,0.9057869,522.2683872743087,502.97474015428634,0.9131929,652.1417220058414,537.3261868822285,0.902541,607.6734460969926,536.7510237539223,0.88834417,667.6803646842679,583.3440658427422,0.6664292,583.5472984777534,576.7171106882264,0.67851233,642.7209257858337,567.4582712428141,0.05926892,556.5151157251203,559.5816765109676,0.06525576,680.1920912067656,580.296799063624,0.00693506,618.9220727415315,580.3010530075849,0.0083602965
21.0,589.2045421002625,336.889195425982,0.9735818,605.5950070692804,328.47038796887733,0.97050107,588.9723767851954,322.96931412650895,0.8518318,645.6474741697725,345.2101143803335,0.933984,599.605022024052,332.760742196429,0.2748417,694.7120755337519,418.91517806786965,0.9769522,562.4042023097522,409.0683646764784,0.9822872,746.9192697372712,514.7868088561829,0.90616125,522.2452355762246,502.95374883463006,0.91351366,652.5393846229504,537.4719413233929,0.902938,607.9333172744016,536.8717337440689,0.8885821,667.6614629183955,583.0672020868492,0.6655063,583.4793465302901,576.5070156377137,0.6777679,642.8107618031104,567.3648278027729,0.058231086,556.6072404426852,559.6478620724638,0.064095885,680.0063509749828,579.731731814685,0.0067895353,619.1024880131097,579.896773826386,0.008186907
22.0,589.1852526682787,336.847986724105,0.9725221,605.5248224937293,328.44827487278167,0.96914387,589.0214622089605,322.97997064541164,0.8463247,645.7164686849538,345.2023316490631,0.93231094,599.8836885345338,332.82797418554975,0.27129447,694.9726264111063,418.8115996454837,0.9765223,562.5137779727665,409.0434944639544,0.9821669,747.08461118533,514.665512594061,0.9054018,522.2461740636431,502.9359953524617,0.9141855,652.939543827616,537.5401366174783,0.9022099,608.2046073343438,536.9228629741513,0.8892515,667.8034381485506,582.8006645945507,0.6648122,583.5352141955174,576.3058433850741,0.67830074,643.1124051318208,567.4150715247317,0.056933105,556.800484257427,559.8646284908921,0.0631454,679.9886832148707,579.3474841748011,0.0065558255,619.3097881936019,579.6962269910698,0.007949501
23.0,589.1367841284446,336.8546572805959,0.9720504,605.4648557756877,328.4830300776176,0.9688096,589.055809008875,323.0264322002316,0.84333795,645.8394363638016,345.27020208609235,0.932516,600.1465858186845,332.90649122041225,0.2684837,695.2509605751673,418.7462317770587,0.9766418,562.61819872627,409.02492243043775,0.982048,747.2373248243666,514.489420373619,0.9057113,522.2683447957334,502.8789595703105,0.91305435,653.3650125609572,537.4955717810271,0.9017856,608.4156849804313,536.8583037537664,0.88746476,668.0161277010991,582.5732472195995,0.67009944,583.6291764472417,576.1213989276122,0.6820526,643.4812194019048,567.563459506151,0.059407175,556.9329170177718,560.1258101607094,0.06546837,680.0850819617292,579.1942460714045,0.0069170594,619.4328516447704,579.658213140783,0.008348912
24.0,589.1174042415112,336.9359460051163,0.97123206,605.4965807230465,328.58449939651314,0.96787465,589.0838816062131,323.1359256677487,0.8384634,646.0847229321356,345.39559030479757,0.9314753,600.2976352713339,333.0117852310379,0.26419085,695.5060774251912,418.7203425051257,0.9764197,562.7580540509451,408.99018200446824,0.9817867,747.3491907302327,514.2749454062613,0.90615296,522.315349488082,502.69743301445556,0.91291046,653.8574318773001,537.3466697796682,0.9024739,608.5431171636658,536.6698761784688,0.8877512,668.2471639307607,582.4791829559895,0.67117894,583.747327486481,576.028314394635,0.6825614,643.7909208555623,568.0190741843451,0.059589565,556.92869936897,560.5895003874385,0.06550771,680.450479476835,579.3050775390408,0.0069013536,619.3580707500112,579.7449269966567,0.00831601
25.0,589.2073613478894,337.08756115379344,0.9714303,605.6948133136626,328.73066486780544,0.96807444,589.1467501782612,323.3166177099689,0.8401245,646.5108006768216,345.52954760907807,0.9314914,600.3218309792592,333.16298960295524,0.2649347,695.7247256131664,418.70764750493765,0.9760739,562.9882018115889,408.9402661910234,0.98174405,747.4039059457677,514.0543678406889,0.9051429,522.3909144579183,502.3739249564678,0.9135916,654.431700188456,537.1613615078483,0.9019848,608.6594891132916,536.4231564236749,0.88866353,668.5191052652542,582.5924695031802,0.6659504,583.9538662249018,576.131621783418,0.6789508,644.0650333138321,569.0227544435168,0.05698496,556.9243457369618,561.5712883677102,0.06313196,681.2288808908711,579.7793272078765,0.006552547,619.1377229072305,580.1580607279827,0.00794214
26.0,589.4529453386109,337.2330630394771,0.9728985,606.0644618308427,328.8403269987241,0.9699191,589.3006859003517,323.5091570358212,0.8478224,647.0962151032213,345.58569712474844,0.933149,600.3239964206582,333.3313078947533,0.2679395,695.9491896474267,418.66644788522706,0.9757062,563.3098801335838,408.91464284925144,0.98166513,747.4227832422393,513.830481585849,0.9038726,522.4971678594098,501.9895526076788,0.91364056,655.0348087010559,536.9880125716459,0.90186447,608.8241572399277,536.1944556590844,0.88934773,668.8901481653495,582.875811338675,0.66006255,584.3066587876958,576.4638743873716,0.6745622,644.4604130352815,570.3885087471346,0.054382116,557.1510932579395,563.0615627148137,0.06052497,682.2942918877161,580.583025965246,0.006174445,619.0079264977055,581.1109741101714,0.0075085163
27.0,589.8157082328279,337.22749447137363,0.97333264,606.5080803003589,328.79287159984904,0.96992,589.5724882301741,323.5860634413644,0.8535563,647.7172480671943,345.498052852602,0.9310131,600.4798373487943,333.45148992659705,0.2768935,696.2639321783856,418.5749323254745,0.97529924,563.672532776731,408.9454179846937,0.98163617,747.4757207576612,513.5962310929417,0.9031135,522.6512033601186,501.6438408293062,0.9152125,655.5679085219335,536.8156253635811,0.9020848,609.0207339606536,536.0279885533928,0.8920362,669.3910394671324,583.135698207717,0.655043,584.7844336659738,576.8734128001709,0.67125696,645.128666819617,571.3896243748823,0.051372945,557.7324946591986,564.4598040901251,0.05773601,683.2969288267087,581.2184348267156,0.005713284,619.232104247272,582.302845487559,0.006985128
28.0,590.1961965661868,336.96074643478426,0.97313786,606.889418638317,328.52632822507826,0.96972275,589.9357029355733,323.44778793069617,0.8518083,648.2266783965918,345.29872428597184,0.9311305,600.9072595552246,333.4876734047624,0.2750898,696.7127525413362,418.440460252556,0.975415,564.0325855982147,408.9994599204515,0.9816464,747.6393660179208,513.367600229072,0.90342116,522.8792990543449,501.36240014638,0.9147432,655.9466143732373,536.6228452681206,0.9022633,609.1734463816604,535.9282609420158,0.8914695,669.9954168329295,583.160011920215,0.658998,585.3158818150066,577.1165592077546,0.67443824,646.0678722025901,571.3424965684516,0.053023726,558.6239697857955,565.0402840784128,0.059393138,683.9615966544529,580.9666967085776,0.005918801,619.8774731266863,582.9883411904151,0.0072164834
29.0,590.5059599185493,336.4764578907467,0.97222507,607.1171795223777,328.1152288381651,0.9685087,590.3210775609214,323.1297917242118,0.8469729,648.5258080141448,345.0870359596879,0.9298275,601.5621073994179,333.4648950277147,0.272905,697.234097279915,418.26962710724104,0.9755288,564.3913153453947,408.9895602299542,0.9817582,747.9427638337048,513.165967141056,0.90427333,523.1730452379252,501.09163052716497,0.9155053,656.1606772362941,536.3997871877564,0.90291286,609.1526689911177,535.8406422998544,0.89226305,670.6313368296968,582.9381734934404,0.6647889,585.8551446584096,577.1049240334362,0.6798894,647.1200212935781,570.3274156887679,0.055419534,559.7081961361197,564.6974766413125,0.06202364,684.2952036434282,579.6743411503486,0.006251484,620.7935677289408,582.7589922421741,0.0076144636
30.0,590.6996857105563,335.9647330005621,0.9698827,607.1583259515911,327.7166918236429,0.96591175,590.6382988015908,322.7886285399226,0.83320844,648.5826095276623,344.9045294379768,0.92798376,602.2663370865284,333.4321715878812,0.26023114,697.720480190667,418.0599349157083,0.9746679,564.7684090075799,408.87310512571935,0.9811101,748.3413638077712,512.9988559754033,0.90356064,523.4715456949807,500.79715427494637,0.9140595,656.2948184202644,536.1691225415972,0.9012381,608.9040062882323,535.7259358591466,0.8897396,671.2110608010765,582.6241382551881,0.6562849,586.3833757084076,576.9373126714503,0.6712615,648.0770379732519,569.0840812454661,0.052364945,560.8000655659712,563.9832857716434,0.058585763,684.4712001030484,578.0266868568907,0.0059241354,621.7570813257428,581.9880007176522,0.007214725
31.0,590.7761398958905,335.60752751607214,0.96870846,607.0357477684563,327.44135660353174,0.96434355,590.828111139347,322.5692686214976,0.82689345,648.4545624728726,344.70950476224317,0.9258783,602.8583229403941,333.41743061525267,0.2565498,698.1253416455356,417.8238905234514,0.97452086,565.1480787536016,408.7054781994335,0.9810699,748.7365382422341,512.8757147696564,0.9046725,523.710698468151,500.5321698471822,0.91557395,656.4686016602118,535.9993828423018,0.9024502,608.5561573526417,535.6353840137845,0.8917881,671.6648803731553,582.3237139586959,0.6624988,586.8518629166826,576.7267710672927,0.6777251,648.8209770231222,568.2009412014494,0.05331698,561.682829793504,563.4410340276684,0.05978039,684.5795437761429,576.7786479626407,0.0059625506,622.6143464552943,581.30692118302,0.007279277
32.0,590.7761885799983,335.4305207361257,0.9668086,606.8278671752211,327.2871338220857,0.96193683,590.9129586868152,322.49183828041475,0.8170164,648.2672026799364,344.4763937513877,0.9228879,603.3154891355832,333.41914468599293,0.24935606,698.4764067733462,417.59062925297127,0.9739778,565.4719602601955,408.5626833486142,0.98075277,749.0381057757909,512.8084683708254,0.90505284,523.8727051785736,500.3645589197764,0.9165659,656.7150924593382,535.9339843449056,0.90332854,608.2469163148039,535.6295399269121,0.893347,671.983396248238,582.0698266950706,0.6675736,587.1977179637731,576.5531148326089,0.6830662,649.4411822700772,567.7404458890097,0.054763556,562.3543302727478,563.2416791961739,0.06152755,684.5777014533983,576.0254259690487,0.006113112,623.3933560023098,580.9635826741307,0.0074717104
33.0,590.7743488277949,335.3439433898084,0.9661341,606.6289018831495,327.19184902476627,0.9610481,590.9811120265595,322.49108183292174,0.81357676,648.114393116284,344.2298207456139,0.9221438,603.730724199416,333.4355689826263,0.24816659,698.819113786564,417.3776287043636,0.9742009,565.6994970915985,408.47426452620977,0.9809029,749.2247078022367,512.7767588241798,0.905707,523.9719098450456,500.2849853080889,0.9168925,656.9744726971684,535.9403191165494,0.90360093,607.9649195427041,535.6892526681798,0.8935102,672.2174260976676,581.9456200001545,0.6727031,587.4083728949633,576.5446014923735,0.6877668,650.1531856083573,567.6091639995878,0.05700597,563.0519615794341,563.4389841730048,0.06394526,684.4188786203772,575.506511915495,0.0064325035,624.2442253418592,580.9484133776382,0.007851243
34.0,590.8876747952385,335.26791203592154,0.96566474,606.5466718680347,327.0963494410429,0.96072805,591.1444812421598,322.513168759618,0.8098333,648.039070527138,343.9741643084615,0.922233,604.1914453720469,333.4837937928269,0.24407127,699.1757508977164,417.1707770220928,0.9741297,565.859982441546,408.4547825445044,0.98063534,749.3474114149951,512.721254144534,0.9057499,524.0275514552167,500.23726595823285,0.9157311,657.2158642287011,535.9542143847666,0.9028693,607.6563718285254,535.7426697728138,0.89177775,672.3899923460299,582.033457801929,0.67434275,587.4993857242594,576.8124696236213,0.688229,651.0170796802568,567.7498194502784,0.05671534,563.894495523055,564.0670715763207,0.0634318,684.1186398648053,575.10666447805,0.006353855,625.1700515218881,581.2840367984301,0.007745445
35.0,591.2469083416612,335.1716424601526,0.960306,606.7238686468314,326.95835966457344,0.95376617,591.4908791669882,322.5322131876564,0.78585494,648.1193261018245,343.6804466522317,0.9142077,604.6778222828542,333.57287043502555,0.23436645,699.5269313812405,416.9442638722402,0.9728223,566.032455264458,408.5278214709507,0.9796846,749.4731519260456,512.5942436993714,0.9052473,524.0695876601872,500.20629977489523,0.91591334,657.4630379601872,535.951015910814,0.9018354,607.366514526015,535.7614150988957,0.891785,672.4655095485792,582.2626599347415,0.6721525,587.4910293968125,577.2889782055236,0.68615216,651.8166321765841,567.9658045434699,0.05461225,564.7096944852024,564.9186017234631,0.06134802,683.7852668308799,574.8307897154651,0.0060533583,625.9177016908376,581.9157233418118,0.007388413
36.0,591.8743445550242,335.07636109955007,0.96331507,607.2271361509307,326.78426129175,0.9571055,592.0074711882297,322.55291337778135,0.80168915,648.4353088879022,343.35428611446986,0.9173983,605.083486277231,333.6965666950642,0.24615276,699.8313100149303,416.6964958710372,0.9738169,566.2845206066642,408.6916756898379,0.98051584,749.6301998334035,512.407073937347,0.90576017,524.1346681163054,500.22083549570635,0.9164671,657.7216692216942,535.9570153083034,0.90196645,607.1759932702156,535.805584921064,0.8919277,672.4387456898613,582.4548889104879,0.67161846,587.4470487152478,577.7627775078921,0.6856535,652.3084883607455,567.9741167806446,0.05412358,565.285176489409,565.6010725018641,0.060767263,683.6028745679898,574.6438926138226,0.0059785843,626.2444055367557,582.6145878452049,0.007288873
37.0,592.6422056581059,335.02419039994743,0.9643082,607.9510954843927,326.62179455746286,0.9584011,592.5785147330166,322.6004196023796,0.80710804,648.9497999273148,343.03979297302556,0.91864955,605.3208439599822,333.84502470281546,0.24949622,700.0676812355282,416.44900165256917,0.97401524,566.6190908077031,408.90616194602194,0.9806024,749.8043475208929,512.2072383272001,0.9060896,524.2411510502416,500.2942350631604,0.9161336,657.9553083179794,535.9798194584635,0.902161,607.0434551600808,535.9323339197799,0.8913356,672.3806704799221,582.4834682527348,0.6710011,587.4583098124668,578.0606646324712,0.6843421,652.4883779932287,567.6085797872076,0.054312915,565.608684040558,565.8274416280245,0.060720026,683.6805823648705,574.4434440232262,0.006035179,626.1758424019936,583.1182155739344,0.0073290467
38.0,593.4098692689298,335.0033293483681,0.96545476,608.7562804405666,326.48770270706416,0.9598216,593.102346667473,322.6523111174103,0.8133036,649.5575400777127,342.78380382602336,0.91978365,605.3592105817534,333.9784139017305,0.25330412,700.2254109071371,416.2223786839111,0.9740717,566.9636877074167,409.1173132823518,0.98062706,749.9708181127194,512.0103402693785,0.90530616,524.3915330795095,500.4211054697087,0.9153827,658.1288609663206,535.9864785755251,0.9018316,606.8709679920094,536.1246083425979,0.89087886,672.3992232757489,582.3206454983545,0.6652674,587.5958238633609,578.1194040022291,0.6787504,652.5131321777628,566.882927384846,0.05309415,565.8189816805022,565.5261257240687,0.059361756,684.0027852522751,574.1966057562213,0.0059200227,625.9076328738381,583.3043405597509,0.0071877837
39.0,594.1189133273693,334.9569530521117,0.9653255,609.6036946979732,326.3703047940509,0.95932174,593.5631261491271,322.6332549476534,0.81387925,650.2078488668651,342.6598518677404,0.9186003,605.2111034306954,334.02456369636707,0.25566763,700.2855043524332,416.04771015406334,0.97447145,567.2244996076008,409.2651512573096,0.98092335,750.1270595687959,511.802788164363,0.90732545,524.5882961608612,500.59665875061273,0.91679335,658.244589013746,535.9795951435513,0.9039186,606.6970659909032,536.3465133167365,0.8927137,672.5842341751052,582.014864317752,0.67491984,587.8984316586303,577.9439756006111,0.6875105,652.4715569613643,565.9754190372013,0.056753814,566.0437645404529,564.7635840395574,0.063162,684.5277265133204,574.0450408444274,0.0063966215,625.6131766407907,583.1750542598995,0.0077301264
40.0,594.7261411233811,334.8454441212747,0.96870136,610.4534078921114,326.2675912963002,0.9636735,593.9711793763604,322.4859421800237,0.830973,650.8662642457091,342.73218812965945,0.92344284,604.9593351657873,333.9278293251681,0.2669922,700.26598905122,415.97521002467283,0.9752916,567.3630419685107,409.2947842002238,0.9813869,750.3045584135023,511.6076839979258,0.9069437,524.8222903928354,500.7893650289252,0.9154282,658.3258207703705,536.0024248981002,0.9031765,606.6353605832887,536.5781673026395,0.8908309,672.9487970745909,581.6866767779537,0.6706135,588.3448996612133,577.6036420116761,0.6825345,652.3582861669505,565.1376125508742,0.056539446,566.3191718770671,563.687564214043,0.06259808,685.1853239492318,574.1404080027668,0.00644508,625.4321688984535,582.7654499870022,0.0077649653
41.0,595.1384736519558,334.6501241440293,0.9704674,611.1427579103361,326.15742216282604,0.965577,594.2918679886916,322.20660967501226,0.8419187,651.4247594637211,342.94035401656834,0.92495006,604.7646419322763,333.689213915065,0.27821904,700.2607488245997,416.0207828580403,0.9756984,567.4186403717788,409.1988171622935,0.9819808,750.5452339529863,511.48004423703867,0.9065193,525.065702920167,500.9339622587422,0.9166561,658.4105148834046,536.0559787817833,0.9026837,606.6838512400927,536.7980846743817,0.8917506,673.4164816852589,581.4755994923105,0.6682651,588.8365500692752,577.2428558014252,0.68192333,652.2273751011062,564.5171781752063,0.05659011,566.6093188226062,562.5272791616355,0.062932044,685.8118024078851,574.4338905146537,0.006503582,625.4881567294055,582.1961817617491,0.007860899
42.0,595.2793186533067,334.37480540201864,0.97128487,611.4901811024843,325.9947186686461,0.96680903,594.4681578984785,321.84587446807274,0.84493965,651.7627590989493,343.11521469951913,0.92668307,604.7586685995199,333.3754875292265,0.277456,700.3834483885005,416.1340102314198,0.97549915,567.4498498039177,409.04833158337476,0.98173916,750.8603415411067,511.44811841508795,0.90530837,525.288570387255,501.00608750510844,0.9150278,658.5604121835729,536.0989825700029,0.90208924,606.7764110325414,536.9952142382078,0.89038503,673.8794630958823,581.4553972848485,0.65816396,589.2422256530003,577.026118176481,0.67181563,652.2154306202235,564.1012372975049,0.053801626,566.8501079635187,561.5537130414839,0.059768796,686.1955540191801,574.748251282344,0.0061635077,625.7999760419204,581.7174352003059,0.007451415
43.0,595.1985163388524,334.0802297971127,0.96945095,611.4924293407657,325.7770777951548,0.96487594,594.4950371556006,321.502930840977,0.833714,651.8724606629983,343.1284591983681,0.9253427,604.9192646289757,333.0927948106814,0.26689118,700.6598453338513,416.251389134467,0.97528756,567.4704789053876,408.9646749594714,0.98124325,751.221610758267,511.49522289814274,0.9056854,525.463588918656,501.0625939456312,0.9134214,658.8267853463965,536.1080809932984,0.9014855,606.9433541312993,537.1744271301495,0.8880239,674.2346881225576,581.6198572074676,0.6623129,589.4566459178568,577.0592139513856,0.6740735,652.3473576554575,563.8353939942673,0.055702537,566.9671785131184,560.9808835976971,0.061419785,686.2005708831009,574.993000314856,0.0064246953,626.2378859766836,581.5788326676993,0.007733524
44.0,595.0634344320096,333.87882289518626,0.96861875,611.340122271646,325.5776008548807,0.9639399,594.446868488363,321.28933019252156,0.82874274,651.861655621276,342.98370432462286,0.9245473,605.1092410917282,332.92501489141364,0.26190364,700.9952952945174,416.3493936051497,0.97493786,567.4710957272238,409.0303666168545,0.98098266,751.5784360491286,511.5743981513517,0.90534484,525.5726087451603,501.16243301497127,0.91320074,659.2131306505078,536.0778249819355,0.9014621,607.2672820694013,537.3221807363844,0.88803554,674.4090649014153,581.8949485626179,0.66086197,589.4647895312195,577.3180155889006,0.6727613,652.4705872237649,563.6808417695444,0.05492714,566.927484702056,560.8317788763276,0.060646206,685.8717833625169,575.2077637304851,0.006308347,626.6537536823382,581.8423447758178,0.0076019466
45.0,595.034159707075,333.86998654012484,0.9676309,611.2504265674293,325.5027554656194,0.96275413,594.4307303551053,321.27455506530083,0.8245314,651.850600544444,342.7936758282499,0.9231515,605.2302002582185,332.8914576988793,0.26005864,701.263814675607,416.43304029735725,0.9745408,567.4737814611499,409.2167803280131,0.9805494,751.8742193414271,511.62633664305383,0.9036788,525.6337147679894,501.28741717598757,0.91125834,659.684282206106,536.0144344979743,0.89988613,607.7102826538788,537.3989167393765,0.8857751,674.4303891659079,582.1231646264919,0.6549571,589.3869752677101,577.6111442897605,0.66632223,652.4727555839413,563.5393214053578,0.053661466,566.8136289268316,560.864170817288,0.059190452,685.4178041926325,575.4272744074418,0.006169617,627.0145109444587,582.3053584443671,0.007419616
46.0,595.1660471511044,334.0796601355412,0.969444,611.3260008532345,325.6218392386852,0.9647858,594.5143121740643,321.45845822827414,0.83439374,651.8991006588399,342.69206706699987,0.92480934,605.2815598070544,332.95938180941795,0.2679801,701.410539577193,416.5136416262143,0.97494423,567.5154593393241,409.4211105546319,0.98102754,752.0719976360506,511.6065916065117,0.9036562,525.6952799160019,501.3694755880376,0.9122734,660.2077337123017,535.9676290181916,0.9006589,608.0887243202308,537.3990178601662,0.8875214,674.4160922301241,582.134633439324,0.65395784,589.3897007559067,577.6947882783077,0.6663521,652.421935224871,563.2811998424284,0.054049373,566.7908257750892,560.7412175743037,0.059803903,685.025193061144,575.6061056907542,0.006238669,627.3825390765105,582.6375814416708,0.0075179935
47.0,595.4168849466619,334.4645727627924,0.9691865,611.556150161897,325.9311606825347,0.96451867,594.6904602297627,321.78919623833985,0.8334546,652.0258662678154,342.7476379018997,0.92462623,605.2858077810422,333.07900443585504,0.2684911,701.458486105862,416.60595268884464,0.9750307,567.6091276266602,409.5633787551638,0.98102725,752.1739313379094,511.5155104787558,0.903533,525.7913831075895,501.37647895692675,0.9118363,660.7896799577716,536.0057841610243,0.900183,608.2243540555697,537.3749857427291,0.8867605,674.4466586882061,581.8768234889642,0.6548269,589.5354548858576,577.4548225627585,0.6668572,652.4112707331064,562.8717032166287,0.054757595,566.9251742631425,560.2811511406879,0.06050223,684.7362237894117,575.696679566742,0.00635761,627.7564329745737,582.6021687501668,0.00765121
48.0,595.7124306119767,334.954154614007,0.9686675,611.8939317589126,326.3677008655063,0.96350724,594.9015947214746,322.19825999471277,0.83345366,652.2614558141191,342.95025671297435,0.92239773,605.2320537347731,333.21842268397467,0.27363145,701.4634069649896,416.7223670631202,0.9751117,567.764016364639,409.63009953621906,0.98107004,752.2146166951957,511.40788725661764,0.9034399,525.9219663043581,501.345719645489,0.91217434,661.4113377634058,536.133400265428,0.8994453,608.1085712294557,537.3742621381912,0.88674974,674.5120158477016,581.4668679368006,0.6572389,589.7672182843326,576.9792438719667,0.6691682,652.3723559508192,562.4124157590365,0.055998653,567.0583897943029,559.5310060454343,0.06190601,684.5510177471292,575.7410272871122,0.006548375,627.9505413382922,582.163941332938,0.007875502
49.0,595.9939688051843,335.45663520380674,0.9708529,612.2933161047004,326.8341515791331,0.9663925,595.099769323104,322.600635774619,0.8442589,652.629650165924,343.25700436726174,0.92591643,605.1304448692601,333.3602318378836,0.2818892,701.4840706634767,416.8787095386533,0.9761138,567.9841455188833,409.6557221529297,0.98160297,752.2366804034407,511.3589697388284,0.90437067,526.073832589973,501.3442516966568,0.9116521,661.9363640947508,536.2813986512981,0.8993483,607.9272294398489,537.4083076200774,0.88557506,674.5930419476924,581.1633978906914,0.6632385,590.0100733830554,576.5314979469415,0.6738971,652.1710071547678,562.1306918484613,0.05937314,566.9891530091671,558.7605849611311,0.06520358,684.5088127946397,575.8823571281628,0.007087797,627.8003088662747,581.5262099745886,0.008490264
50.0,596.2323432911161,335.8454325132783,0.97205806,612.701968214024,327.2205965511074,0.9682643,595.2910212318212,322.87737233992686,0.849126,653.0764655897119,343.6268030354495,0.9287247,605.0717879151396,333.45351991943403,0.28189272,701.5504505674976,417.1006262575877,0.9761476,568.22334271235,409.67881831237423,0.9814612,752.2708752220208,511.4078476519164,0.9035135,526.2455148697667,501.42129783360275,0.9098685,662.1932666016572,536.3800197876219,0.8990654,607.8901272167972,537.4679352671789,0.88376725,674.7485473019563,581.2269314647451,0.6566305,590.2671451445868,576.4042859293954,0.6668048,651.8636247321703,562.283312467304,0.057954043,566.781133462964,558.3437877354452,0.0633595,684.6545440000586,576.2741430650826,0.006942123,627.4878718543134,581.0409821538142,0.008292437
51.0,596.4232714623231,336.0128047364668,0.9743547,613.0627427785114,327.4461454070567,0.9711813,595.5105802507799,322.93022971117205,0.861524,653.482929510124,344.01331461594896,0.93196094,605.1671934011035,333.4313787244906,0.29169965,701.6589618745793,417.3974363282226,0.976457,568.418452753449,409.71061977410665,0.9816102,752.3358536748902,511.5473138585292,0.9022491,526.4459728301606,501.5757026958971,0.9081359,662.107938482186,536.4154039123384,0.8976935,608.0496499171695,537.5304182270804,0.8817555,675.0660176574372,581.7312115275228,0.64955485,590.6034822042716,576.7090336391865,0.65958506,651.6584224004678,562.9652273665312,0.056261957,566.702146143151,558.495162766224,0.061392576,684.9821529782721,576.9403074633377,0.006768465,627.4171936317935,580.9473610445627,0.0080778
52.0,596.5703110982397,335.9675751885402,0.97228134,613.3298203300108,327.50561226571915,0.9687278,595.7522618399353,322.7864187173659,0.84960854,653.7702118646291,344.3488456293181,0.9294152,605.4281262782554,333.3121195931053,0.2801302,701.8122452014054,417.7315986762518,0.97524524,568.572191546559,409.7553757926089,0.98087823,752.4330303363714,511.74701280902747,0.8998392,526.6683644865967,501.74690744596194,0.9070423,661.6979830852883,536.4228730717016,0.8957702,608.3031215211524,537.575227873942,0.8804792,675.5156718158901,582.5359019472444,0.63324344,591.0142719734338,577.3359050348046,0.6449163,651.6126942199753,564.0580347366306,0.050389618,566.8503840308667,559.1782754065698,0.055399954,685.3764186238129,577.7591685773245,0.0059271753,627.738049117019,581.2431809652203,0.0071179867
53.0,596.6592328838907,335.8323056792426,0.97366476,613.4670765176849,327.4640191758346,0.9704114,595.9478688341064,322.59079110541074,0.8570678,653.9337711728818,344.5721898975456,0.9312123,605.7570321328985,333.21337021037255,0.2865073,702.0201132091104,418.03239258502606,0.9756808,568.7378375243575,409.83202864435964,0.9811282,752.5404652628567,511.96633848236354,0.9001485,526.8827568889644,501.867522234602,0.90664357,661.0505376163615,536.4348893467853,0.89571536,608.5377424436338,537.6035622793695,0.87992936,675.9224505199404,583.4129314932816,0.634109,591.3663059933675,578.0829655350974,0.6452704,651.5798081622538,565.315203293076,0.050762534,567.0535942660102,560.1958599846776,0.055608302,685.6551236117773,578.5333656477119,0.0059880316,628.2192866778198,581.7532409040599,0.007177055
54.0,596.6697957811111,335.736950181192,0.97225326,613.464354479101,327.4101849726434,0.9688136,596.0372350309121,322.4760762311103,0.8484088,653.9918686356556,344.6886577943966,0.92962074,606.0464009031604,333.22980245285646,0.2766378,702.2536938348463,418.24960035460947,0.97479796,568.9414984221899,409.93993576283935,0.9806068,752.6392182109528,512.1674249019086,0.89920235,527.0731898354367,501.9253656795723,0.9064541,660.3369485001647,536.4531696503478,0.8959775,608.7320331533226,537.6354205403093,0.88062733,676.1160301972748,584.1656312517853,0.62707686,591.5216881211762,578.7551131316873,0.63925856,651.4223026402865,566.4311512862014,0.047298163,567.1133733792533,561.2086344863505,0.05206275,685.7221931647863,579.0790946062232,0.005431026,628.5603761411674,582.1962959303661,0.0065327287
55.0,596.6267260493479,335.75428463428125,0.9719801,613.3843626791863,327.4195711776182,0.9687661,596.033586962156,322.48736020926077,0.84549963,653.982446886891,344.76442750733486,0.9304683,606.2283886185829,333.3486540204853,0.27166107,702.4534229132692,418.3867370694114,0.97485316,569.1670979402421,410.04137137517,0.98043,752.7296202737383,512.3214626824163,0.8995774,527.2537408385306,501.9414577738959,0.90533733,659.7488959164609,536.4657672723868,0.89584696,608.8881649420116,537.6658290845576,0.8789856,676.0980097950048,584.7060096587301,0.62825406,591.4986144006101,579.2290077682514,0.63909096,651.1607644278495,567.1906009853208,0.04766664,566.9914341001488,561.8645176344917,0.052214354,685.6738234677275,579.39092609075,0.0054982305,628.6413787162454,582.3541595373152,0.006594181
56.0,596.5899009032487,335.89894498410354,0.97264385,613.3246541400406,327.5242582886456,0.9697337,595.9967245685652,322.60772705515853,0.8483366,653.9680807757516,344.8449635612666,0.9318397,606.2851741554674,333.4963072246597,0.2717067,702.5946560814733,418.4806726446801,0.9748794,569.3860784119493,410.1101597412311,0.9803543,752.8107045540376,512.41056129213,0.89954734,527.4336597310062,501.9210062309163,0.904564,659.3910662485218,536.4560141448941,0.89637434,608.9635142771724,537.6385200175309,0.8786175,676.0281924398887,585.0671248569313,0.6249298,591.4481154246994,579.5101262668504,0.6352773,650.9568655022304,567.5966166594953,0.046880335,566.7860010056429,562.0719795715366,0.05118841,685.6962670184173,579.637569769003,0.0053943694,628.541044111331,582.2741703136331,0.0064572394
57.0,596.6088018882784,336.137020198887,0.97283876,613.3420479674012,327.7006838834459,0.9701366,595.9861669290538,322.7964888628356,0.84842837,653.9986576892093,344.91591651158944,0.9326569,606.2668981048132,333.6156902496383,0.270119,702.6961894422823,418.5545601040337,0.9749341,569.5682507257119,410.1696926353271,0.9802345,752.8821102103586,512.426467708821,0.8994154,527.5957182582272,501.875512539331,0.903591,659.2544875530801,536.419820800294,0.89581037,608.9148533506443,537.5011350773357,0.87726986,676.0398274010269,585.2982401746638,0.62321407,591.4798769548373,579.6719863627,0.6330137,650.9407644472799,567.7255796813002,0.04649061,566.5880272914952,561.9911802996455,0.05064392,685.8448298840274,579.8918012364836,0.0053584874,628.3900821928327,582.1772193318724,0.0064103603
58.0,596.717776455374,336.3965837261578,0.973562,613.4591684643633,327.89327612459954,0.97078407,596.0580857799612,322.98928447446553,0.85358644,654.0876611689669,344.955583348582,0.93271405,606.2639038498814,333.6689342845248,0.27651718,702.7523159280357,418.6068111847617,0.9751665,569.6796826397642,410.25922997819094,0.9805362,752.9725436270847,512.3686089552929,0.8994019,527.7227411895528,501.8542293886521,0.9047841,659.2442647373265,536.399226248378,0.8962896,608.7043025513954,537.2615921776395,0.8791177,676.1337877015106,585.368132942908,0.6251875,591.5963553364878,579.728014326201,0.6358911,651.0259646561218,567.525398913836,0.04750094,566.3821027846859,561.74357664333,0.0519723,685.9744376227748,579.9711619369251,0.0055059493,628.2201060638492,582.1599472251123,0.006606072
59.0,596.9227804207105,336.59523152254565,0.97330964,613.6765794542521,328.05217169081357,0.97056675,596.2434933954198,323.10984851804363,0.8520813,654.2097146162994,344.9890055490713,0.93248725,606.336412159759,333.62900029721266,0.2747267,702.7190943188959,418.6439646191292,0.9749929,569.7026728669769,410.37990525822534,0.9803687,753.1125927993163,512.2592494078846,0.8992759,527.8233309534485,501.89922625925203,0.9044043,659.2349477404787,536.4475774426747,0.8963841,608.2957512917972,536.9710083532206,0.8789195,676.2532968700252,585.2192714146814,0.62451434,591.7713636396531,579.6220152856822,0.6349767,651.006083684573,566.8734946048385,0.046930045,566.130752858886,561.2609647947735,0.051309705,685.9234831338771,579.619787148642,0.0054107606,628.0068236417458,582.0701796002825,0.006486386
60.0,597.1689092015002,336.6938487264448,0.9743998,613.9317364445137,328.15594402242596,0.97201586,596.4964893499911,323.13708323215565,0.85721546,654.3087457497311,345.0492824259053,0.93477094,606.4752994007299,333.53397011624503,0.2798757,702.610204118208,418.68620753729203,0.97607136,569.67393647765,410.49825986874504,0.98072445,753.273302923275,512.1569179146474,0.90149295,527.9069310262398,501.98119792871114,0.9022254,659.1339842723024,536.5494859483028,0.8973657,607.7619400038254,536.6927421309122,0.87613297,676.3703924941228,584.9136094338205,0.63147986,591.9794460462579,579.3720366800492,0.6381491,650.8313252913509,565.8663815520408,0.050565213,565.8745071957569,560.5165145906228,0.05423647,685.7252352872883,578.8689982996522,0.0059701204,627.7906513306559,581.7594455010831,0.007053852
61.0,597.3711955654584,336.7206001641101,0.97421974,614.1192650753721,328.21245132767075,0.9716569,596.7218853772906,323.12476796806317,0.85689586,654.3371673219142,345.1221796128925,0.934044,606.6400287219669,333.47471190493536,0.28076124,702.5279196434425,418.7456531330645,0.9759083,569.6637997460837,410.59223755382413,0.98081607,753.3885115282976,512.121934135752,0.9012407,527.9616158011331,502.0282149767512,0.90331626,658.8992366913054,536.6343334221696,0.8972521,607.297698318953,536.4870330750538,0.87733316,676.4896903904173,584.6532700097321,0.6286528,592.1749619335434,579.1424055624253,0.6366204,650.6387832545511,564.9360742768736,0.049730718,565.6590068204197,559.7913826967756,0.05361277,685.551763701772,578.1313292161533,0.005871713,627.6415020569648,581.3932522439259,0.0069621503
62.0,597.4946846758869,336.72435756271085,0.9735726,614.2004571632924,328.243759535224,0.9708978,596.8734006706333,323.11868388122025,0.852955,654.3028883367735,345.1771617193133,0.93329096,606.8000723321124,333.4736963062563,0.2768036,702.5328830023108,418.82094411844173,0.9756611,569.691265404723,410.66528379393367,0.98070884,753.4374590084983,512.1494002450718,0.90111434,527.9795146464088,502.02242157407176,0.90381193,658.5628466206731,536.6608486353297,0.897634,607.0414759831858,536.374828251171,0.87821823,676.6354404675368,584.6032113925617,0.6276162,592.3396030120716,579.0953286219867,0.6362884,650.5590443275312,564.5156158251068,0.049682945,565.4882298215987,559.4733029331121,0.05368206,685.5234941266863,577.8414911155376,0.00587219,627.5753209407853,581.3167607480215,0.0069748163
63.0,597.564332347162,336.72049730759204,0.97321564,614.2290333395883,328.2633853203671,0.97030175,596.973052958635,323.10218945510826,0.85179687,654.2573796805656,345.2117062631516,0.93216896,606.9314241706858,333.45539210072445,0.27743036,702.5709529315136,418.8973468817153,0.97552776,569.7138967231862,410.7143563199912,0.98085403,753.4565079239344,512.1678095139932,0.90146196,527.9745431529052,502.01050291776517,0.9056395,658.2555827736694,536.6356706826255,0.89812124,606.9774056233773,536.3194058700615,0.8801724,676.8274916538038,584.7573812073343,0.6314796,592.5099076207042,579.2388719428159,0.64144164,650.6207134154799,564.6821075256154,0.04967493,565.4065055848268,559.6611269535621,0.053975046,685.6624553377656,578.0726729121697,0.0058059692,627.5983672293794,581.6240584222348,0.006923139
64.0,597.6100566985396,336.6995052439378,0.97310996,614.2617926433784,328.2722251593567,0.97011364,597.0553583916992,323.0460671230388,0.8517648,654.2427304839496,345.24159748472067,0.93153083,607.034435423768,333.3602156788944,0.27808952,702.5743850323261,418.94869533742775,0.9752263,569.7111032280386,410.7174378158194,0.9806982,753.4767841908686,512.1122369468746,0.9004141,527.9685384607693,502.0175497442033,0.9052243,658.1173665104076,536.5763313979032,0.8976563,606.9872249523031,536.2646518013183,0.8801646,677.0431905302588,584.9850405280258,0.6269815,592.7055575920185,579.4500747388977,0.6375698,650.8011755852356,565.1975233485077,0.048943967,565.4718932411281,560.1366734697812,0.05327785,685.9379949731916,578.538292575394,0.0057238936,627.7130207938944,582.0537472514377,0.0068330765
65.0,597.6428764099909,336.6660688294029,0.9730565,614.3025827725769,328.27720737034394,0.96996164,597.1409995273517,322.9676431061904,0.8519596,654.2622150339594,345.2842142801843,0.9310045,607.1580757900813,333.22522140426497,0.27889702,702.5511533184565,418.95722138387794,0.9750486,569.719283577354,410.66271922188497,0.98063505,753.4898456687071,511.9815483045378,0.8998604,527.9756459968394,502.0011280181524,0.9053171,658.1495131013828,536.500321261409,0.89708036,606.9215300491048,536.1805241201029,0.880231,677.2365578729604,585.1296007589182,0.62420726,592.8938128742523,579.5750876253949,0.6353179,651.0782450633128,565.7653536907565,0.04752785,565.6297394297213,560.6414045255223,0.051910996,686.297092596875,578.8838132837067,0.005507529,627.8240885043754,582.3230489351857,0.0065915883
66.0,597.6639640551756,336.6404901444141,0.973221,614.3175526661998,328.2909327236193,0.9702225,597.2352683843808,322.9162053785668,0.851884,654.2788206600128,345.341865947855,0.9316355,607.3563206462377,333.1397276901969,0.27751273,702.5527724257379,418.9308316034217,0.9753375,569.7837536769637,410.56779199549254,0.9807589,753.4774053381036,511.83531647578883,0.900911,527.9989300106148,501.88207207132587,0.9053557,658.2037305970226,536.4295805155314,0.89786625,606.6611870610391,536.064702649169,0.88022643,677.3819637905362,585.0689791858372,0.6294056,593.0368963815415,579.4966920828961,0.6395343,651.4019147341373,566.1813742515919,0.048882842,565.7217134061859,561.0450188432719,0.053185314,686.6579953065675,578.9129184100898,0.0056861043,627.7863726986667,582.3858987793409,0.006789595
67.0,597.6674760129326,336.6350112468233,0.97317773,614.2757831755082,328.31211054864144,0.970062,597.3182406098164,322.92139180959623,0.85124034,654.2483912379025,345.387451664397,0.9313586,607.6089904034536,333.15348934041754,0.27684215,702.6009391797388,418.88978448128194,0.9753404,569.9026284637445,410.46718131378987,0.9810034,753.439330654184,511.7405384337946,0.90182114,528.0306612426547,501.6267338563128,0.9076394,658.1418636846089,536.3880614005193,0.89875543,606.191427262855,535.9354281640758,0.88262403,677.4520863996486,584.767944512818,0.63403505,593.1024967641099,579.1844742599502,0.6454698,651.6506664084848,566.3295355681366,0.048888206,565.6125732000255,561.2815728584332,0.053501636,686.8966434218378,578.6102144914549,0.0056215227,627.5507705528964,582.3267028315975,0.0067463815
68.0,597.6392626005395,336.6504860327145,0.97237086,614.1846823361257,328.3293899862671,0.96911347,597.3471537995138,322.97219417217036,0.84649926,654.1739320188897,345.39723182442293,0.9307705,607.8051541783577,333.24237409360677,0.27382284,702.6540036508733,418.8428164066289,0.9753695,570.0222786889711,410.3908503131884,0.9811845,753.3721761516267,511.70876059231955,0.9024377,528.0480177959386,501.3244494800489,0.90875864,657.9859930786815,536.39898167569,0.8988798,605.6881831807044,535.8480463221838,0.88321066,677.4023936858464,584.3284759221426,0.6407035,593.0569857981848,578.7398207780693,0.65286255,651.6824540192537,566.1706060796417,0.05012405,565.29207168724,561.260845006042,0.054998666,686.9183541827807,578.1194069488647,0.0057418644,627.1714361942202,582.1650733919729,0.006901294
69.0,597.5719975290492,336.686291373151,0.972872,614.0844155779102,328.3400100792933,0.9698697,597.2911718234766,323.0415249074314,0.84865004,654.10294852375,345.38308526412317,0.9320835,607.8337539297229,333.3548144261617,0.27417117,702.6514368994274,418.7878379387483,0.97554624,570.0855589285623,410.35450224881663,0.98116976,753.2590236664703,511.70444857491407,0.90258527,528.0208613070773,501.13573941768516,0.9078827,657.8757460100711,536.4660525805923,0.89886224,605.4195667080913,535.8607770145624,0.8821059,677.2254306191487,583.9377700127604,0.64038974,592.9022357540913,578.3480883922794,0.6516551,651.4822638941473,565.8200685246125,0.0503996,564.910093187645,560.9862949823339,0.055060953,686.7486655670937,577.7180305355233,0.0057978034,626.7493950801262,581.9180035339284,0.0069484115
70.0,597.4868033507105,336.73683779868173,0.9732792,614.0158791485685,328.3489086741583,0.97055995,597.1722305513124,323.11121046369857,0.8497599,654.0764858773458,345.3720386662173,0.93319225,607.69507021501,333.46016544472957,0.27233624,702.5852485283143,418.7325742646886,0.9755335,570.0673379468303,410.36096472757845,0.98100626,753.1046610442861,511.71451970952273,0.9024459,527.9378727836493,501.1484507324076,0.9068355,657.8857770234686,536.5458581825784,0.89893556,605.4752393944534,535.9522410839334,0.8811592,676.9741885923391,583.7237941719709,0.6366235,592.6764800761748,578.1432841371429,0.6472479,651.2354589634504,565.5549491178224,0.050183028,564.7048757924927,560.6976047342677,0.054585904,686.5081028255029,577.6755427156558,0.005828589,626.4236976411852,581.7704793875041,0.006965667
71.0,597.4259045574737,336.787986284514,0.97369075,614.0031205558964,328.35776285303393,0.97109616,597.0560017223788,323.1725031764622,0.85281897,654.110570010026,345.3786964946868,0.9339083,607.4991810078582,333.5521079572697,0.27574676,702.5030966915576,418.69447806868436,0.9757322,569.9880440158045,410.3966121996185,0.98102677,752.9510835075662,511.7560310793746,0.9016422,527.8167776817286,501.3075936884096,0.9055517,657.9551942562191,536.5690885431407,0.8976709,605.7301116741535,536.0346391813157,0.87934065,676.7214636950946,583.6967216144604,0.63733083,592.4262867766577,578.1438219630669,0.64730173,651.1753693835267,565.5955105092488,0.050988585,564.8259943822317,560.6831262728845,0.055358082,686.3465357051147,578.0574755041047,0.0059589446,626.2974449816331,581.9545958257653,0.007109821
72.0,597.4177761743865,336.8276425668514,0.9740702,614.0410299554945,328.3601903972277,0.9714844,596.9914117453648,323.22685282263717,0.85496104,654.1970199407717,345.39105309500957,0.93439305,607.3577445184005,333.6464974203366,0.27839822,702.4606209946807,418.67673124678583,0.9760933,569.9142493188463,410.4367004013282,0.9812151,752.8478182843123,511.82962119697277,0.90229106,527.6789545321055,501.46408303007934,0.9056353,658.0005668023068,536.5160755369749,0.8976604,606.0386657314046,536.0596500228116,0.87898874,676.5087044563948,583.78621317457,0.6392212,592.1907004024594,578.2784830546238,0.6484602,651.3459908581117,565.9008106862002,0.05096492,565.1933444772135,560.9841629940178,0.05525884,686.3685661259846,578.6561180526387,0.0059309006,626.3316407659182,582.4582937318685,0.007071227
73.0,597.4547981213559,336.8519368620557,0.97407746,614.0937415535946,328.34683937838633,0.971526,596.9746322636537,323.2823429037251,0.8549154,654.2982957676156,345.377621442753,0.93423045,607.3020282624967,333.7633430408895,0.27785078,702.4838506462609,418.6584441166376,0.97604996,569.8976831110436,410.4618807970875,0.9810456,752.8154553278905,511.9058864230119,0.90234834,527.5297864104259,501.4997872772333,0.90497154,658.029688012824,536.4472446338984,0.8981668,606.3327590061604,536.0623423952128,0.87897253,676.3343640298297,583.8875399220492,0.64072394,591.9845758868004,578.4348256581828,0.64920855,651.5868624820228,566.2763835503579,0.051935583,565.5839023264791,561.4330849387998,0.05617693,686.5293609612946,579.1566879663901,0.0060566366,626.4180855061677,583.0222752937278,0.007207215
74.0,597.5053439366108,336.8619452455391,0.97438514,614.1228685889218,328.3186877013585,0.97195596,596.9775151518807,323.3354869027188,0.85657513,654.3706375522222,345.3162791370256,0.9350096,607.3054822296194,333.8766906610712,0.27786556,702.5636975297845,418.6145552576663,0.9758827,569.9211849690458,410.45594325924617,0.98102766,752.8355451874043,511.9476211573499,0.9016339,527.3770410786904,501.4135491577645,0.90504706,658.1160672269432,536.434988362253,0.8977201,606.591744198927,536.1036334523857,0.87896806,676.2146405871906,583.9266912939922,0.63654053,591.8323320987819,578.5287773948072,0.64580286,651.7548143378863,566.5796922136292,0.05026418,565.8676452260326,561.8540563425274,0.05456263,686.6591736478099,579.3797726003177,0.0058348477,626.5605113178536,583.39848893916,0.006961882
75.0,597.5412734737381,336.8664811421772,0.9741022,614.1190656204536,328.29332835378887,0.97152364,596.9804012751492,323.3742668029903,0.85499644,654.402236074505,345.21906765518764,0.93434644,607.3270713215361,333.92866856862753,0.27716905,702.6696087870297,418.5497167932351,0.97605556,569.9319214395878,410.4073459762758,0.98117864,752.867167384154,511.95779348722533,0.9030446,527.2420634437347,501.28947514872937,0.9063678,658.2784329599306,536.4931016422784,0.8991108,606.8270812008429,536.2084681799549,0.880592,676.1923833069428,583.8998345090738,0.6445237,591.7742652048448,578.5405229693781,0.6534165,651.8424233431253,566.7354093524576,0.05198148,566.0610041765624,562.1023679252324,0.05636558,686.6403076615809,579.3445367427356,0.0060120523,626.83139734528,583.495053267595,0.0071648657
76.0,597.5500805460692,336.881579868274,0.97285676,614.1051286251909,328.2939602658507,0.96973675,596.9680746859041,323.40016030020473,0.84932417,654.417637232907,345.14272654154775,0.93160504,607.3098822867023,333.9150821529139,0.27549595,702.7497950418652,418.4977620393029,0.9757133,569.8885716583624,410.33323748883504,0.98123276,752.8727754352519,511.98296855113097,0.90259993,527.1437924266045,501.22778495052034,0.90824246,658.4439113722199,536.5981793121973,0.89880186,607.104105901946,536.3694230956869,0.8826115,676.243002614801,583.8131089273951,0.64445674,591.7830391350317,578.462833150599,0.6553459,651.8717678569595,566.6834526717743,0.051557332,566.1866443831153,562.0584366115627,0.05643919,686.5081690587776,579.155184215108,0.005940914,627.1512715143349,583.3222937730895,0.0071261227
77.0,597.5293688752151,336.90686526764546,0.9733447,614.1084480424345,328.3233048538641,0.9702214,596.9285218020691,323.41887795859384,0.8526689,654.4486594445364,345.15328634846225,0.9318148,607.2113297802154,333.893397537087,0.27930737,702.7483139712683,418.4782449983358,0.9757799,569.7745356804896,410.27514183580956,0.9813713,752.8345108188963,512.0504609448362,0.90226567,527.086267268356,501.3010510843642,0.9086802,658.5463601948313,536.7343622436649,0.89876854,607.4991413544151,536.5629348589214,0.8832009,676.2766803261206,583.6050180690543,0.64267695,591.7716763492997,578.2444709935523,0.6542923,651.8453275452306,566.3572659045731,0.051410228,566.2493064820334,561.6642462391667,0.056405097,686.3799544576573,578.8460210732634,0.005949676,627.3280998258253,582.9020533849641,0.0071461797
78.0,597.4808533285159,336.9159810123407,0.973683,614.130104027231,328.3533749757496,0.97083175,596.8638675172667,323.4212738824141,0.85385656,654.5045913059607,345.25496408073957,0.933076,607.0519500833755,333.90280774059124,0.279024,702.6609379520474,418.47832981038323,0.976099,569.605978474678,410.2561435358596,0.9813612,752.7580199543141,512.1537622018733,0.9028499,527.0557748756056,501.5119276442846,0.9075645,658.6052217510077,536.8842204204637,0.89882773,607.987084657491,536.735015195496,0.88167167,676.2505575643684,583.1944792968302,0.646302,591.7034532232393,577.830271513909,0.6562353,651.8102133894781,565.6635056050676,0.05291125,566.3037010867192,560.892900674173,0.057639986,686.3222482302006,578.3149421558563,0.006161809,627.3205838077552,582.2135377328618,0.0073651075
79.0,597.4087533045993,336.89087393582804,0.97423464,614.1432228334771,328.35135177234775,0.97163826,596.7820060943824,323.3989916345814,0.85637194,654.5679631713506,345.3693030271115,0.93461096,606.8876707651306,333.9274491871124,0.28000575,702.5527717016163,418.47521786095734,0.97632945,569.4328087536417,410.261431868879,0.9814576,752.6696003384493,512.2823332201183,0.90299916,527.0229709446079,501.7787572864631,0.9067917,658.6853991784717,537.0168883693016,0.89858675,608.4140838705778,536.8221106712028,0.88050556,676.1917602028567,582.6109493539805,0.64666265,591.6112016630219,577.2593707844217,0.6558337,651.8271058951527,564.5845079024807,0.053433955,566.3985808438442,559.7710942470478,0.057996243,686.2900998374168,577.4933033806503,0.006271541,627.262164993693,581.2682327294808,0.007479638
80.0,597.321345568419,336.83993081699657,0.9743531,614.123021993561,328.3064239703008,0.9719016,596.6875498649562,323.35584188066184,0.8563293,654.6151984071776,345.4080057320456,0.93553793,606.7524864160075,333.9285320139587,0.2794342,702.4917345834765,418.4538066674854,0.9767235,569.307823067262,410.25762935445323,0.9816253,752.5998639137622,512.4137457880734,0.90341604,526.9597174978884,501.9950463148183,0.90622413,658.8079968232987,537.0990659660745,0.89834505,608.6369378690902,536.8125420819407,0.8794025,676.130587889724,582.0356256312411,0.65100175,591.5309207811666,576.6991791336634,0.65931296,651.8930917445666,563.3855670484916,0.05615291,566.5259335579955,558.5460866538078,0.060705572,686.2116537789043,576.5787152453889,0.0067099333,627.2754976344942,580.2602572839643,0.007980764
81.0,597.2338081845091,336.7760325407045,0.9746523,614.0746214968058,328.23083758298924,0.97229254,596.592914924668,323.2963341361722,0.85795915,654.638018455541,345.35843613589805,0.9360634,606.6547815972308,333.88749943835694,0.2809566,702.4808084332183,418.4105516332774,0.9768725,569.246597208818,410.2226398490193,0.9817407,752.5575488458375,512.5016248766406,0.9030206,526.865474290724,502.10556355141745,0.9059098,658.9267853172563,537.0939774690787,0.89800763,608.6597388896259,536.7398536625999,0.8791661,676.0617688202788,581.6788086401812,0.6511687,591.4603793149122,576.3460283855986,0.65967464,651.9611267052446,562.552297932845,0.057289183,566.6681374907964,557.6694772277615,0.061962306,686.102970709592,575.9379260752852,0.0069303513,627.3751724431734,579.5154939906889,0.00824523
82.0,597.1671619282777,336.7158022272101,0.97447044,614.0256286434139,328.15069299793214,0.9720858,596.5192349146845,323.23858998624394,0.85698533,654.6492601692707,345.269214623945,0.9357592,606.5979901342185,333.83388894843773,0.27999604,702.4883076025219,418.3542075308137,0.9767653,569.2294601699973,410.1768332013818,0.9815686,752.5234075666464,512.5142321850748,0.9027471,526.7643813239735,502.1206246722609,0.9052595,658.9765377527559,536.977989927703,0.8975786,608.5692699013016,536.6131018821119,0.8783791,675.9626257828768,581.5988379811281,0.6482284,591.3664129281102,576.2683483910128,0.6563581,652.0141550851899,562.3605157349357,0.056310892,566.7980196529011,557.4426185455911,0.060845375,686.0341624210894,575.749044508628,0.00679639,627.4835261896567,579.24770343217,0.008081883
83.0,597.1433508638186,336.6977281869108,0.97482336,613.9995602408577,328.10119284787976,0.97253644,596.4818501213806,323.23143592754116,0.8581321,654.6699926362685,345.1779089078721,0.93650436,606.5824947080673,333.8297876646714,0.27952534,702.5149806082445,418.29985217557805,0.976739,569.2334382047507,410.17306988936537,0.98157,752.4801110304745,512.4766525151477,0.90268064,526.6772359845711,502.07882373047994,0.9053004,658.9186885812363,536.7890574445781,0.89774036,608.4028694082346,536.4192827956306,0.87846696,675.8319033264723,581.6724982588632,0.6453648,591.2250772398853,576.3704988319031,0.6536485,652.0836906323202,562.6336461969653,0.054253846,566.864552473023,557.7706144117086,0.05870074,686.0145238154003,575.8492724736909,0.0064516366,627.5207360927063,579.4134108204171,0.007682115
84.0,597.1689957379282,336.7661460430757,0.9749217,613.9927523453466,328.11797562182926,0.9727368,596.4825742742391,323.3235021015884,0.8586712,654.7044994559349,345.08595134470175,0.936995,606.6125363372691,333.9064185962619,0.27989346,702.5863816347445,418.2506860277107,0.9769176,569.2466738832454,410.22675639342503,0.981573,752.4354769405172,512.4442514876627,0.9030385,526.6109936548861,502.0056392028757,0.9045537,658.7769606990142,536.6243148928447,0.8979288,608.1728705928158,536.1999389016204,0.87777597,675.678453714994,581.7461508457599,0.6486469,591.0344785133225,576.5111531876817,0.655919,652.1752950953468,563.0248798299665,0.055743515,566.8276904276136,558.3580532071127,0.060067087,685.9371630500832,575.9285126219797,0.006669849,627.490911319449,579.7900178608674,0.007916927
85.0,597.2263555677362,336.9327290401102,0.9752115,613.9791171446343,328.2137874389123,0.9730519,596.5131180921647,323.51832602159004,0.86067426,654.7393293446572,344.97752623282713,0.9371695,606.702500081773,334.0322330382761,0.28177017,702.7091991284602,418.19264793917034,0.97678876,569.2648692117642,410.29135753157607,0.981589,752.4005899791755,512.4398107876455,0.9023768,526.5615062033079,501.8985718212799,0.9046607,658.654065877141,536.5613098644328,0.8974124,607.9209764899431,536.0509369685444,0.87785643,675.4916461063422,581.7597619494028,0.64582586,590.796195930129,576.6162431044083,0.65392655,652.2340075206445,563.3467706772856,0.054575324,566.6762267557062,558.9941159698718,0.058986366,685.6510968792301,575.7672439321007,0.0065002143,627.4569702798665,580.1402232924456,0.0077336133
86.0,597.2922531995337,337.15303588655377,0.97369325,613.950048674249,328.35701129131655,0.9712652,596.5625020092025,323.76003747372044,0.85320055,654.7683479651675,344.84865346173297,0.934865,606.8452117826082,334.14617037802117,0.27693546,702.856402593379,418.12275330875707,0.9763326,569.2877974561502,410.3179599422484,0.9812641,752.3678848974571,512.4391166431543,0.9019543,526.5239375594664,501.7433912144855,0.90462255,658.679134614375,536.6023426525669,0.8970872,607.6545322503044,536.0282443580751,0.8778166,675.2752152831727,581.7387107127099,0.64762694,590.5361893487598,576.6839999755668,0.6557462,652.2173463517058,563.5566203597964,0.054711133,566.4420231668855,559.5524427396888,0.059245884,685.1290537135483,575.3249382265274,0.006508589,627.4695448611003,580.2981537567265,0.0077421367
87.0,597.3508972533947,337.3408907672748,0.97387075,613.9200870810773,328.4811475432027,0.9714511,596.6198549339205,323.9596720209287,0.8545182,654.7940589015052,344.71452473438353,0.93487746,607.0060286661962,334.2027797352366,0.27881643,702.9911696320835,418.0697968414503,0.9764316,569.3203348599646,410.30080752437584,0.9813026,752.3309655899425,512.4299331236567,0.9022083,526.5040538139438,501.54507899414125,0.904537,658.9149972311902,536.6981234083726,0.89710784,607.3399095709149,536.1060955009322,0.8775841,675.0664304910863,581.7330983809068,0.6478028,590.3088703431823,576.7377974371295,0.65562546,652.1384789649325,563.6324442867113,0.05484909,566.1974391668883,559.9130344407599,0.05928403,684.5045831967184,574.6886689741377,0.0065366626,627.5478718712086,580.1896251381345,0.0077637434
88.0,597.3932654622893,337.42057994902336,0.9736452,613.8949049662002,328.52433584829214,0.97152925,596.6786797959751,324.0501690479244,0.8527182,654.8146823147306,344.58478268113515,0.9353106,607.1706015167629,334.1930235207425,0.27516264,703.1049509065373,418.0711481495855,0.97637284,569.3743139078283,410.2667738884665,0.98065805,752.3072000360964,512.4656951194512,0.90210724,526.5023577155204,501.3496539652099,0.90083385,659.3192751958375,536.7999592349811,0.896269,607.0126034033954,536.2252987876036,0.87329763,674.8957121337197,581.7700591118823,0.6449632,590.1494669349943,576.7941643021812,0.64941555,652.0328981745251,563.5373617398651,0.05426812,566.0105571068748,559.996297760947,0.05785954,683.9379060769822,573.9621287416375,0.0065123737,627.6983317196778,579.8458430793673,0.0076554418
89.0,597.4273338628756,337.3801592618634,0.97288275,613.8775684860009,328.4707723338157,0.9706701,596.7410381171895,324.0265120204538,0.848881,654.8321421748111,344.4529101495657,0.9343109,607.340193052844,334.13532521957893,0.2724875,703.2069676180723,418.1312045616083,0.97599375,569.4635626402724,410.23773630287036,0.9803643,752.3159476937781,512.6043142946753,0.901317,526.4952652986177,501.2112829659712,0.9000863,659.8039634446486,536.8817752607962,0.89535475,606.781030718111,536.337245713627,0.87226737,674.768643765593,581.8525843526861,0.6410839,590.0638475669281,576.8639746322222,0.6457116,651.9208525041869,563.3014316559559,0.053130597,565.9130725578959,559.8414808885443,0.05669269,683.5414830041475,573.2696212631713,0.0063604414,627.9108224532731,579.3918390656609,0.00747934
90.0,597.4713173143226,337.2789731762982,0.97307736,613.8798473031736,328.3633480605529,0.97066265,596.8059113855403,323.9424918005297,0.84915936,654.8473866591366,344.3177480280007,0.9343908,607.4851754098363,334.0581369460154,0.27298915,703.2846181779364,418.20964575471635,0.9763759,569.5808167154153,410.2085609512553,0.98086727,752.3449133686622,512.7974124050702,0.9020864,526.4538815560497,501.1242664133388,0.9021984,660.3014725152682,536.9214160498411,0.8962835,606.698078793718,536.4032515564184,0.87454784,674.6801898157312,581.9925319116619,0.6431333,590.0437312947579,576.9737100806137,0.6488943,651.8142997473394,563.1407451907792,0.053999454,565.9037997114599,559.6754023830192,0.057900995,683.3756205327754,572.8419153635809,0.0064944625,628.146428522959,579.0433681317948,0.00766325
91.0,597.5229996855201,337.1881768459905,0.97315097,613.9004007987817,328.2646534019981,0.970739,596.8588222784211,323.8580742345762,0.8498734,654.8442750344052,344.20085008376475,0.9341357,607.5593491743431,333.9803164046979,0.27321234,703.3055007950685,418.2604197861368,0.97607625,569.6787200281863,410.1619775944361,0.9807032,752.3638832164794,512.9211658475083,0.90126425,526.377528800432,501.03858620213384,0.9019637,660.7667795889344,536.9038053738166,0.89605695,606.728228577098,536.4103498377838,0.87481326,674.6241264077387,582.1817351200598,0.6383273,590.0641286757664,577.1272704539776,0.6446973,651.7434156983818,563.2841354478146,0.052744567,565.9681998601475,559.7355626339004,0.056682914,683.4147111594896,572.8865609015991,0.0063358247,628.3617668267248,578.9988457395898,0.007487178
92.0,597.557680931526,337.1268684204712,0.9729552,613.9207103185895,328.19837613512004,0.9703674,596.8826489825265,323.7872938475506,0.8496916,654.8096191007389,344.1211611460085,0.93312013,607.5474897733006,333.8961301428229,0.27411836,703.254231414425,418.26794029389066,0.9758177,569.7018351421527,410.0955743986942,0.9805027,752.3604463689771,512.9115577046149,0.90086925,526.2897695390045,500.94792919727547,0.9020065,661.1861758704031,536.8605244649651,0.8958046,606.8280318737332,536.4029669980556,0.875026,674.5883380414256,582.327456745279,0.6357626,590.08710561509,577.2413979073789,0.6422707,651.7421590676845,563.6364750906112,0.05078435,566.0767019347588,559.9561122132015,0.05467531,683.5537490789416,573.2968671034789,0.0059939325,628.5213613068889,579.2013858124164,0.007090479
93.0,597.5602661238423,337.06846382015533,0.97306144,613.9269806204759,328.1417415781588,0.9705322,596.8746209413567,323.71029246778676,0.8500242,654.7538456234172,344.0643456139087,0.93351614,607.4741898802836,333.7927217749177,0.2744316,703.1466199283177,418.23328023438575,0.9760732,569.6299308132885,410.03088796322754,0.9806323,752.346242278506,512.8015201435477,0.901355,526.1929207060041,500.9063956701067,0.9020735,661.5690968466383,536.8407728754707,0.896075,606.9427887539815,536.4265547747802,0.87500286,674.561793009153,582.3320142751406,0.63943636,590.0854639329319,577.2365618920707,0.645553,651.8209570921906,563.906704226254,0.05281779,566.1805635419953,560.1184474580436,0.056746542,683.706264761508,573.7257247463374,0.006315291,628.586506410463,579.427579060688,0.007461667
94.0,597.545979878087,336.98185401339254,0.97339344,613.925813577273,328.0654001254899,0.9709456,596.8557154665798,323.6113312047995,0.8520106,654.6986520014716,344.0053917351145,0.93400776,607.3867283042346,333.675007959078,0.2761868,703.0115392495625,418.15951331056135,0.976212,569.4767044123507,409.99395960203344,0.98062485,752.3409073405032,512.6724250330817,0.9013864,526.0441409842845,500.9643055201673,0.9015053,661.8551304547168,536.8314986816886,0.8957267,606.9606808902404,536.4344022015207,0.8740747,674.5491321573908,582.2375182516071,0.6408555,590.0564823342968,577.176707832466,0.64620215,651.9614174698722,563.9725401257805,0.053018004,566.2346882693313,560.195818926609,0.056815714,683.8810868421986,573.9425096385127,0.0063352287,628.5252966898959,579.6088215036809,0.007471472
95.0,597.5457774282793,336.850228302625,0.9729283,613.9396235543065,327.9625056382312,0.9703386,596.8625362973866,323.4849083383502,0.849856,654.6602326051291,343.9511677632761,0.93318665,607.334976395937,333.5568382883041,0.27551842,702.8659733069053,418.0635190053581,0.9762114,569.2649398237613,409.98534340604533,0.9806057,752.3639352925595,512.6120604062554,0.9017886,525.8037765833237,501.1264155942189,0.90171325,661.8795931357649,536.7570554325725,0.8959043,606.8171991055576,536.3251464083306,0.8741727,674.5435147925606,582.1844424073554,0.64327735,589.9908683084393,577.2001144671622,0.64829355,652.1062491135531,563.8335679943791,0.053740382,566.1880603399377,560.229921954085,0.057529807,684.1446729969241,573.9014143888905,0.0064253807,628.2983696757701,579.797961887888,0.007569015
96.0,597.5750744180609,336.68108258141194,0.97339106,613.9851931315056,327.8556178131356,0.97057307,596.922719533891,323.3310048769911,0.8527013,654.639047380627,343.94438391812685,0.93304074,607.3499434613623,333.4352155259182,0.27907932,702.6991149721965,417.9765577229158,0.97627246,569.0116490494784,409.9690290288265,0.98121196,752.4349206245984,512.6640727628654,0.90200543,525.5132180166746,501.3500462988645,0.90500623,661.5257778609957,536.5589914127484,0.8967749,606.6185078552087,536.0592579221794,0.87818515,674.4913715631772,582.2436474275236,0.64499766,589.8437807781859,577.3392391004302,0.65306306,652.1558327191872,563.4331941735869,0.053339154,565.9511264191638,560.1038720374446,0.057795852,684.5185158709564,573.6088139061646,0.0063169897,627.8396377979466,579.9571999382513,0.007507682
97.0,597.6257673639875,336.51257478103753,0.9725106,614.0668041396432,327.7858510852915,0.96942997,597.034057881215,323.16478136353385,0.8487139,654.629592464054,344.0305170113528,0.9313333,607.4191804658251,333.29825655806064,0.27635556,702.4919594268661,417.9203786264021,0.9758669,568.7413479677756,409.8945073661541,0.98088175,752.5598721443787,512.7935768928422,0.90222895,525.2812336153677,501.5545317582231,0.90495104,660.8754859249082,536.257111861679,0.89783216,606.5154077151283,535.6786610312781,0.8788606,674.3578333398641,582.3216686084028,0.64187586,589.6078751270845,577.4491203283444,0.6494821,652.0304457866073,562.7143297172513,0.052749485,565.480345727549,559.6282314003665,0.057044536,684.9372872703697,573.1092194558538,0.0062481463,627.1321450486305,579.9539302218149,0.0074089468
98.0,597.6857169557662,336.38508295815154,0.9713356,614.1898823133165,327.77715485540205,0.96775043,597.1641027572807,323.01311467968776,0.8429224,654.642202496464,344.22288608853444,0.9287051,607.4759325106722,333.1594495989701,0.27193558,702.2564228136221,417.8951864526815,0.97524244,568.4901825317085,409.74466029280075,0.98071957,752.7108836170478,512.9251576403256,0.9029091,525.1672689671692,501.6732786722507,0.90726364,660.1559837789034,535.943125779113,0.9000652,606.5245541107971,535.281035293797,0.8827734,674.2148579531686,582.2360305917712,0.6399338,589.3885446990827,577.3219915065715,0.64906096,651.7540339850979,561.7088972422389,0.051587313,564.9266456702633,558.7093132669568,0.056109607,685.289451971354,572.5211364574147,0.006053835,626.3247716461533,579.6803327459348,0.007201612
99.0,597.7503671876915,336.3094681052565,0.97235763,614.3534506340113,327.8176841703249,0.9689123,597.2766389801277,322.8964179670285,0.84857756,654.6914617835312,344.4896033939558,0.9298885,607.4563427656961,333.05308519699395,0.27677917,702.0360333072506,417.8993403463409,0.97549856,568.2744578455137,409.5633050168433,0.9810846,752.8385059717164,513.0152469122743,0.90307605,525.1292801737891,501.7180101778407,0.90834165,659.578636607368,535.7321820818921,0.9004529,606.5880455675119,535.0130886168465,0.8839587,674.1665984772944,581.9410316670255,0.64133584,589.3023319382169,576.9336493192005,0.6514503,651.4416724830078,560.5662538968359,0.05215946,564.5793465514065,557.4664812999797,0.056910485,685.4595698257607,571.9893999708886,0.006126195,625.7209987482441,579.1634795058967,0.0073079765
100.0,597.8198322226884,336.28362037126817,0.97315854,614.5323611821159,327.8872380730868,0.97002,597.3580685548236,322.8318287353496,0.8519747,654.7683246777468,344.76521791890536,0.93225443,607.366204424807,333.00219014335346,0.27967966,701.8638547769467,417.93156953628613,0.9763003,568.0930214520778,409.42280885095215,0.9816715,752.9202453639235,513.0595441808521,0.90414023,525.0869662603459,501.75188417127384,0.9087428,659.256222306085,535.6790698931134,0.9007411,606.6512882360485,534.9509176274785,0.8836036,674.2208300771248,581.6385501208475,0.6492009,589.3532440961618,576.5399411372445,0.6590543,651.2206850613461,559.5745950395919,0.056426227,564.6393711139701,556.2830586030544,0.061312884,685.4321568883956,571.6192186149997,0.006794721,625.579459316283,578.5972886122631,0.008088112
101.0,597.8928021352089,336.3098256579758,0.9733117,614.6905993666485,327.97580693516,0.9703615,597.4076467559984,322.8363795116286,0.85294056,654.843816545103,344.98918774190963,0.9327431,607.244161313268,333.0182195732549,0.28059137,701.7358414925092,417.9654545193489,0.9763777,567.9649667412442,409.3609968061669,0.9814011,752.9764935089465,513.0571889552205,0.90340275,524.983068975246,501.8051666096917,0.9062535,659.1832648440853,535.7173422415885,0.8988598,606.6225195255408,534.9729232972284,0.87996835,674.3209174544186,581.540905117557,0.6450411,589.4853432720073,576.3982881763127,0.65316457,651.1709380611121,559.0023407053027,0.05497262,565.0809916835644,555.5513175282015,0.059364915,685.3978201870486,571.4315702068088,0.00662452,625.8673888959091,578.1676505236296,0.007849246
102.0,597.9498389664138,336.376295310313,0.9725965,614.7933851780722,328.06808256280607,0.9695292,597.4089404400268,322.90676722374076,0.849767,654.8862707452679,345.1420284383106,0.93141,607.0973094993992,333.11423891893185,0.27799714,701.636775616192,417.9621475030119,0.97598404,567.9204356428529,409.3559551854194,0.9808819,753.0182405724491,513.022849851661,0.90296006,524.8092244544446,501.84958996470317,0.9045994,659.2421991592719,535.7591103770112,0.89892155,606.4355541774048,534.8977248220872,0.87897503,674.4303404242437,581.6174124680211,0.63949513,589.6506534240905,576.4764884800408,0.6463102,651.2656815873472,558.8962334886451,0.054213732,565.6490491664757,555.3480646147787,0.058284163,685.5722390712318,571.3516592003834,0.0065635443,626.218056938204,577.8512230733894,0.007746339
103.0,597.954336307143,336.45694305852874,0.97383773,614.8084758606187,328.13960871657275,0.9708289,597.3344715944936,323.0201817522982,0.8568635,654.8764826354259,345.23091901006285,0.93237185,606.9162120671513,333.2969564315195,0.284836,701.570780266893,417.91089604145145,0.97623646,567.9584753216976,409.3707549951954,0.98138005,753.0170324407982,512.992450251294,0.90309906,524.6058660984073,501.8445147873492,0.9064523,659.310506290084,535.8125637229937,0.8996218,606.1866627829088,534.7243657733452,0.88165975,674.5066359254583,581.6988478323361,0.6399071,589.7703451075379,576.5751495033129,0.64850426,651.3808503473863,559.1348039757096,0.05397901,566.0083139516585,555.5158893114926,0.058451742,685.9292516217943,571.3377452644754,0.006509155,626.2144404709809,577.5823323951348,0.0077257752
104.0,597.8964640382992,336.5426983775182,0.97344226,614.744199619782,328.1750931591192,0.9704382,597.1805387825902,323.1644172611211,0.85383946,654.842916152621,345.2526356747184,0.9324678,606.6954132273679,333.5561059387536,0.28039178,701.5417058194491,417.82625847459474,0.9759357,568.0362397176629,409.4148238941974,0.98138696,752.948361651683,512.97582818712,0.9027841,524.401794267608,501.788002527991,0.9076024,659.3337093836174,535.8808475482352,0.8988672,606.0407221605194,534.5660343789081,0.8821151,674.5030709739626,581.6705048444876,0.6366114,589.7682387207377,576.5837510822441,0.6469321,651.4575205581866,559.4516495233174,0.05132073,566.0049451189748,555.8284805731663,0.055936694,686.341428302054,571.4494455022921,0.00610739,625.7081271224233,577.5178312323064,0.0072901845
105.0,597.8179323900357,336.65166810509834,0.97373414,614.6717047982283,328.18530932636077,0.9707712,596.9810272748246,323.34546500275127,0.85562813,654.8587042183952,345.2073230237809,0.9328333,606.4210220238342,333.86536286847365,0.28216666,701.5219800645515,417.72378492785793,0.97606695,568.0959289384192,409.52881525480194,0.98145306,752.8247251381192,512.9636758911732,0.9028167,524.1625564263811,501.7238120273334,0.9078146,659.2529781047374,535.8707328009004,0.89884156,605.9642323432608,534.4070999693533,0.8821533,674.4477821750256,581.5182345261838,0.64016885,589.6729131514502,576.5283856391395,0.6502875,651.5873701928545,559.4523757229947,0.052064747,565.7427773385245,556.008531238031,0.0567728,686.8463307684217,571.6508015124563,0.006179422,624.8086811934911,577.8282364691256,0.007378429
106.0,597.7754966110585,336.8053921941388,0.97474957,614.6617084394366,328.2110203822517,0.9718396,596.7929579907255,323.5647247595871,0.86168635,654.9506148874243,345.13750521626497,0.9336822,606.0998969558177,334.1822985489443,0.28789622,701.4642720994177,417.62914662382946,0.9764545,568.0989916740295,409.70256670073957,0.981956,752.6751932226842,512.990785385204,0.9037665,523.8514353516562,501.69564017737105,0.9098911,658.9920429479513,535.7151060304914,0.90093064,605.7569072759918,534.1395243722081,0.88550067,674.3884483502352,581.3345877458111,0.64970654,589.5527675515227,576.4967741712951,0.66080904,651.8296974515717,558.9598529541128,0.05608973,565.384417799395,555.8787977051848,0.061357558,687.5156314135035,571.7321286108634,0.0067284405,623.7165868558777,578.3402360759889,0.008046806
107.0,597.7828753941503,337.0140326131976,0.9753918,614.7019166041875,328.2974297633853,0.97247016,596.6537555118102,323.8149929669053,0.8647735,655.0429212421748,345.0939974371134,0.93422973,605.7798654274094,334.4665881553144,0.29008496,701.3449542347007,417.5895641612308,0.97652227,568.0459425154968,409.87206043494285,0.9823283,752.5204364734196,513.1238139173906,0.9042227,523.498482372417,501.6928897314542,0.9119214,658.5386707805997,535.4511744940353,0.9022561,605.3808262629117,533.7566868364593,0.8885164,674.2593602214451,581.2474105652499,0.6493478,589.3678479558611,576.543587115727,0.66236573,652.0591271160948,558.2409175655425,0.056127965,564.9377928502382,555.5280531937078,0.06183985,688.244598765958,571.6173139036953,0.0067466795,622.5980287948537,578.7502399055152,0.008111179
108.0,597.7735829954071,337.26998830089894,0.9755553,614.6847223792654,328.4437081755019,0.97265804,596.526776478975,324.0858339733799,0.86715126,655.0291867404268,345.06486292849456,0.9337089,605.5049644974363,334.707100054118,0.29387662,701.194244376637,417.6391645234739,0.9764471,567.9769004606815,410.00514030538886,0.9819364,752.3663246873682,513.3804793464961,0.90405893,523.1542283231892,501.6553744301784,0.90983665,657.9287979894289,535.1219951644507,0.9017689,605.0404346114472,533.3041409136554,0.8863046,673.9513257914625,581.2891729455982,0.64232004,589.0201916515261,576.6402300417064,0.65329313,652.1044913345542,557.7128010542485,0.053930998,564.2342633912349,555.2173664531285,0.05891472,688.8916028929234,571.5683640013142,0.006470382,621.4450737046025,579.0893006457441,0.007724941
109.0,597.6510126430759,337.5419138740285,0.9753287,614.5113694028353,328.6029454108634,0.97224,596.3355699185745,324.34637503352485,0.8662189,654.8902040654491,345.0057498696238,0.93299186,605.282145407587,334.89309670645537,0.29305467,701.0690513321267,417.755855988008,0.97635525,567.9347077384883,410.1089965896334,0.98209304,752.2108600850174,513.6941182018072,0.90473795,522.8305903723466,501.56448662499935,0.91204715,657.1830868661804,534.7437226564007,0.9038824,604.9986396373222,532.808615157738,0.8898379,673.5066650824751,581.4434883041292,0.6465454,588.5402608115276,576.7706610982166,0.65882164,651.9354857805247,557.669043742815,0.056012005,563.1818207839318,555.2160774712152,0.0615035,689.4804849479326,572.0146570460897,0.0067726374,620.1977890136036,579.6950108067227,0.008110106
110.0,597.4067152261853,337.7913369747829,0.97532,614.214934887153,328.74118089896604,0.97208583,596.0715976851318,324.55063405811416,0.8661101,654.7077953109413,344.92452758965794,0.9324187,605.0929137936059,334.9912718291898,0.29261756,700.9860923859138,417.87550609472174,0.9760626,567.9191721101436,410.17579756075384,0.9822537,752.0630057381462,513.9614917592711,0.90445703,522.5166312428208,501.51344154048707,0.9143691,656.365460224669,534.3961383024365,0.90494716,605.4824955861019,532.419096217942,0.8933514,673.0917052669505,581.7468295702125,0.6495247,588.0912468886095,577.0032548950624,0.6644564,651.6163277881276,558.2332970393288,0.0557878,562.0204762856531,555.655997615971,0.061971396,690.1057546635682,573.2087987069096,0.0066232085,619.0692029792846,580.7439753860411,0.008000106
111.0,597.1417852166305,337.9799378485727,0.9757529,613.9299451838374,328.8500710106736,0.972852,595.814193359226,324.6634501293935,0.8678458,654.5628280503961,344.8766489313456,0.93334246,604.9212855987896,334.9888390431953,0.29116425,700.9054939189024,417.96166568486103,0.9758033,567.8956729147088,410.1951956705959,0.98183864,751.9516409240232,514.118387727991,0.9040576,522.1952426359312,501.6107203138463,0.91281253,655.6579668686084,534.1996309048529,0.9058614,606.5398831340856,532.3495586380195,0.8929941,672.7937973239788,582.1884250247458,0.6455791,587.7912720942834,577.3543070599553,0.65940595,651.1919013334364,559.2372320348475,0.055289775,561.1801986082207,556.3610147926029,0.061093807,690.7316098241826,574.9357379430626,0.006541401,618.4493620981821,581.9508479118492,0.00787577
112.0,596.963167932256,338.0685835391137,0.9757037,613.7732262508744,328.91784510661194,0.97301286,595.642109113895,324.66572974887015,0.86667407,654.4875244300443,344.90317248027145,0.93381137,604.7496432175865,334.90318787128916,0.28651297,700.7799377135831,418.0455061551671,0.9753331,567.8227273247244,410.18555471801585,0.98134255,751.8983891992889,514.1836708298259,0.9031494,521.8308737582199,501.85490109109753,0.91122174,655.2174979044138,534.1872164844998,0.9058302,607.8271823127417,532.5767530808334,0.8919254,672.5858831452667,582.6514087464855,0.63749826,587.6364450693715,577.7154991854433,0.6505498,650.7167985059082,560.2717628499937,0.052435994,560.9027143096573,556.9493450130361,0.057768524,691.2140062175472,576.6490014770606,0.00612998,618.4372618107336,582.8335394242215,0.007365823
113.0,596.907142085049,338.0541679052428,0.97517353,613.7919055606799,328.93982374414566,0.97229236,595.565769504307,324.5696928972246,0.8650048,654.5069589305673,344.998348961651,0.9323795,604.5291476833675,334.7527406788757,0.28691345,700.5878444839491,418.17282149359687,0.97490525,567.6646446312213,410.17828312142194,0.98099786,751.878174870845,514.2385452177294,0.9017614,521.3873156759871,502.17103793861827,0.91039187,654.980390647924,534.2949649714719,0.9048046,608.7607135019417,532.8223321583323,0.8913653,672.4300075616346,583.0642969878144,0.6315683,587.5620169282965,578.0164555055588,0.64487004,650.2627232406966,561.0271007709392,0.051437527,561.0410795839925,557.2041956520718,0.056760013,691.4698849028828,577.9175399519909,0.0060127378,618.6554614175751,583.1799410589333,0.0072337985
114.0,596.9596939474699,337.991401829064,0.97534513,613.9733374676825,328.94270501957556,0.97223777,595.555370644183,324.4333152351571,0.8665588,654.6329213066219,345.1268507553458,0.9318906,604.2179517700139,334.5642239600411,0.29007056,700.331812709985,418.349090358259,0.9750716,567.4143136356267,410.1952186608804,0.98135865,751.8327674943325,514.3507433305842,0.9020256,520.8769934161278,502.4866969653518,0.91213006,654.7735231984434,534.4542783544008,0.90557575,608.9876536359598,532.8566343116046,0.89358985,672.3187804194624,583.4793957252675,0.6322628,587.5130676151468,578.3200982323408,0.64679074,649.8478638157235,561.4900978966717,0.051724583,561.2223926732058,557.233046690551,0.057406306,691.5370534944025,578.654532666342,0.006048858,618.6231422818553,583.1498585039107,0.0073058605
115.0,597.0819687068251,337.93845439008226,0.97667617,614.2413019646427,328.9587621879217,0.9738479,595.5922196875886,324.3186350493205,0.87340754,654.8091397016872,345.25864674519136,0.9337843,603.8764340351681,334.3828115878954,0.29545844,700.0568621294937,418.55636488159917,0.97530735,567.1048144423492,410.2463247107256,0.9816321,751.7398871087571,514.5215436093844,0.9016659,520.3712893512583,502.752139115991,0.91214114,654.5935368137361,534.6176714542198,0.9052661,608.6695227471243,532.690583511183,0.8937068,672.2554619383657,583.9586646797709,0.62930006,587.4566020332383,578.706691782167,0.64464444,649.4909548862629,561.80778965514,0.05034724,561.1927674281498,557.2588378777866,0.056010216,691.5072571198177,579.0305603740176,0.0058615506,618.2386663722683,583.0474781296073,0.007092774
116.0,597.1766326735146,337.9116073066539,0.97706854,614.4399357254587,328.99689975773504,0.973568,595.6437035580584,324.2509517237847,0.87933606,654.927116272673,345.39090440878726,0.9311769,603.6630124901798,334.2577129182997,0.31070036,699.8562644754942,418.7761730329328,0.97546965,566.7919968866419,410.3341542565854,0.98236877,751.6354410205124,514.7022390022898,0.9017552,519.9559404918168,502.96215614171933,0.9161519,654.5867516563894,534.7485494563764,0.90616906,608.3003403872838,532.4964732583765,0.8983985,672.2410497100677,584.4922330519466,0.62989724,587.3671040780046,579.1855998251368,0.6489346,649.2991094107676,562.1355109319085,0.051125675,560.9863620798733,557.4592245806582,0.057606786,691.433939118424,579.2671313169376,0.0059972703,617.7918516171651,583.108294405439,0.0073102117
117.0,597.1057794216265,337.9487093257179,0.97652465,614.4037327677886,329.10621376620287,0.9730277,595.6398123717825,324.26012288669097,0.8754897,654.902610887784,345.5841600105689,0.93093264,603.6901747929421,334.2168381368074,0.30411533,699.7861375422258,418.99151048871056,0.97519755,566.5070267427113,410.42855200894076,0.9820266,751.56220273589,514.844028935856,0.90161824,519.68519977653,503.14782068061675,0.9153234,654.7427116092844,534.8348949606839,0.9058139,608.2039738598967,532.4078464290455,0.8973255,672.3034170484981,585.007989444798,0.6292855,587.271513806471,579.6825683748575,0.6473923,649.387422754424,562.6200586478035,0.050013304,560.8157434029462,557.9546801882568,0.056236237,691.2912355766514,579.4851523938136,0.005810946,617.607871751298,583.4022764167903,0.0070744157
118.0,596.7868235836411,338.16346436868736,0.9758448,614.0668660670939,329.4226857273036,0.97225285,595.521668758843,324.4206884427616,0.8714046,654.7027027616912,345.95600829635987,0.9303106,603.9254905090002,334.2482608019262,0.29887375,699.791645184604,419.18138380143137,0.97481704,566.2130263532288,410.43701825001943,0.9818392,751.5383131895403,514.9175615345309,0.9006924,519.5605484326966,503.3237670684081,0.91501284,654.8357135210431,534.8751102595952,0.90498483,608.2913472531224,532.4291764305854,0.8968613,672.4676878736643,585.407509890417,0.6267238,587.2249553552585,580.052885498265,0.645435,649.7423478719716,563.403213006957,0.048936248,560.8376731510957,558.7770709173665,0.055242747,690.9881836002395,579.7158406497992,0.005660832,617.783912216192,583.8298366407408,0.0069108903
119.0,596.2347440114783,338.6323834280216,0.9752691,613.4783367807972,330.0258304723495,0.9715368,595.2665274984562,324.77879028322354,0.8685336,654.3409705349472,346.5502950137889,0.92900836,604.2242860558995,334.3226706203255,0.29739153,699.7635229812695,419.30928393378025,0.9747665,565.8555798949441,410.2704394197641,0.98180085,751.5480080865334,514.9022049860722,0.90181196,519.5281321231076,503.4633879294702,0.91575855,654.7228145628524,534.854058709622,0.9061299,608.3222456617493,532.4973455748035,0.8981018,672.6453405870038,585.6407640469173,0.6311543,587.1751171774488,580.195362304986,0.6497151,650.2011460535888,564.545632991175,0.050525635,560.9876422275404,559.8492674159212,0.056925923,690.4842192196757,579.9402314218752,0.005857289,618.1295345197427,584.1830466700717,0.007144958
120.0,595.5709050397684,339.2637900520432,0.9712714,612.7955263980928,330.7807702733644,0.9673223,594.8923475662367,325.26575364454845,0.8469566,653.9039507618419,347.2271973051737,0.92506546,604.387222742587,334.4321382219914,0.27738202,699.6248231816705,419.3420828138609,0.9737421,565.4684403557696,409.9647558464303,0.98045,751.5275298593689,514.8086854587771,0.90102315,519.5014239711304,503.5296124556436,0.9119578,654.4899438186085,534.7621491954841,0.9027283,608.1490727235637,532.5184304618006,0.8919535,672.6740553637919,585.7110333683523,0.6367747,587.0055826268574,580.1167908601568,0.651736,650.5358639692156,565.7703313832352,0.049254477,560.9929253145758,560.8432869414942,0.055045485,689.9991375003306,580.0360391184558,0.0055880845,618.2413864245185,584.1855927252739,0.0067823827
121.0,594.9837493077723,339.86170279960146,0.97146773,612.2311733550085,331.4368375596239,0.96769154,594.4726545049268,325.7406723124914,0.8464882,653.51752163902,347.7724920861486,0.92567444,604.2665724460285,334.58583967803133,0.27343804,699.3629381401113,419.29441368599925,0.97364444,565.1532561259723,409.67009812350284,0.98046577,751.3950589004385,514.694242679873,0.9019573,519.4225113909974,503.5164882884335,0.91298026,654.2741620614768,534.6517413671777,0.90451396,607.776105181112,532.4289879406643,0.8938457,672.4887385475749,585.635577011529,0.6386504,586.7043429999059,579.8825317071477,0.6540076,650.5621958814509,566.550452532215,0.049728543,560.6123461340692,561.2824413978097,0.05563104,689.8429803678824,579.880397480379,0.0056372285,617.8192596548613,583.6681401254684,0.006853938
122.0,594.5772510769518,340.2791019700509,0.9734562,611.8768777302098,331.84392008857174,0.96977067,594.0926544035274,326.09083185913005,0.85776234,653.2316621005608,348.09375011107034,0.9274495,603.9157851452057,334.77130864297374,0.2839022,699.0358779179193,419.2248629738474,0.9740907,564.9543937801992,409.497675471069,0.98131037,751.1181720369865,514.615981323418,0.9024472,519.313507878942,503.4586740057885,0.91643107,654.1132374255561,534.6248504545387,0.90564996,607.4265954048436,532.3019758126896,0.8978791,672.161037957163,585.4651023898651,0.63817215,586.3533405697307,579.5848573034948,0.6568163,650.2566664140941,566.6741584143524,0.048915654,559.9203425289786,561.0494881222867,0.0554291,689.9564956208151,579.522843727715,0.0055229664,617.0193008875813,582.7787111488412,0.0067831874
123.0,594.2992711749962,340.4731519366278,0.97407675,611.644974946847,332.00929861453653,0.9707005,593.785444182699,326.26748469996244,0.86007106,652.9913021139096,348.2538373874274,0.9293103,603.5387732519221,334.9401692893746,0.28305522,698.7226303060563,419.183307274367,0.97441864,564.8362658285937,409.43261599463335,0.981333,750.7506936684863,514.583138429791,0.90324545,519.2364697238742,503.3974416367431,0.9157202,653.9819724090778,534.7116517765992,0.9064752,607.3654674218053,532.2431555935153,0.897066,671.8302935554015,585.2546242008884,0.63991225,586.0527990601823,579.2850542866059,0.65709037,649.81498638944,566.3307256374127,0.050045192,559.2505381644725,560.3954982323671,0.056223214,690.0745786083047,579.0688763609531,0.0056969523,616.2820521817307,581.7714686570497,0.0069505274
124.0,594.0548407470455,340.4705054051041,0.9734423,611.4228990027457,332.00620263446353,0.9697954,593.5343715323233,326.27365149790853,0.8571184,652.7229733348379,348.35483101779727,0.92809,603.263401674961,335.04970643986474,0.28284717,698.4479272089502,419.1774644436881,0.974475,564.7538447878759,409.40257096459425,0.9814744,750.3920074679778,514.5562478391466,0.90322244,519.2145916011887,503.33779380545764,0.91654664,653.8573278404062,534.8288195471621,0.9058795,607.5984015267213,532.228160867844,0.8975078,671.6119202642352,585.004188882898,0.64297634,585.8790857059304,578.964136156719,0.6607906,649.4880351464519,565.697205217008,0.05049041,558.8316401333958,559.4873876579113,0.056988657,690.1811648045543,578.5383471814495,0.005742699,615.8136199361938,580.7201238359993,0.007031113
125.0,593.815631636318,340.3231385095909,0.9741674,611.1836521911846,331.89484031348735,0.9708911,593.3219274650892,326.14745541849186,0.8593923,652.3961094064382,348.43945425057694,0.93018115,603.0782499677734,335.09678103133507,0.2808705,698.1966572632637,419.1896780823191,0.97445166,564.6748231906383,409.3714300729954,0.9814861,750.112209411623,514.4972009882031,0.9029623,519.2287133686906,503.2634800297184,0.91628706,653.7340938156133,534.8975982860787,0.9059609,607.9509492101563,532.195022542202,0.8973963,671.5192324534152,584.6899987051769,0.6386092,585.8243013443505,578.5842368354811,0.6569475,649.3489043583197,564.8329334154961,0.04988143,558.6269460689414,558.3592978085999,0.056310803,690.3582988323117,577.9891797010757,0.005711019,615.5194349134223,579.6757353517545,0.0070038736
126.0,593.5935376619861,340.0900227551811,0.9739514,610.9350982134098,331.7235890990256,0.97054935,593.1480041531513,325.9420867093676,0.85806227,651.9995815260547,348.5057090044181,0.92986256,602.9516438832673,335.0933250096452,0.2797783,697.9713774183199,419.21480989592413,0.9744196,564.5603374749104,409.34378646403763,0.98160183,749.9384228629458,514.4183282794079,0.9033065,519.2630740721925,503.19492983287887,0.91733456,653.6325090189323,534.921976981811,0.9064125,608.3192436956327,532.1710698948083,0.8985436,671.4955370536431,584.3534094989066,0.64054817,585.8143165594611,578.183653164695,0.6595887,649.3197068892716,563.9021011505273,0.050035655,558.5429952187782,557.1691737406106,0.056669712,690.4882593601702,577.6371853157334,0.0057138205,615.3768142060286,578.8581327235756,0.0070242584
127.0,593.372954256493,339.82427957574464,0.97449195,610.652860861702,331.53805613197886,0.97105324,593.0006994337812,325.703691639713,0.8609816,651.5197231926059,348.55230079603723,0.93074375,602.8864562638856,335.04457119475614,0.28414708,697.7869714631054,419.25929752842535,0.97516,564.3826191802773,409.33153431980463,0.98217547,749.8778878306648,514.3567626210809,0.9048521,519.3153104975598,503.19278046810996,0.91890514,653.5782922957424,534.9334403181111,0.9073856,608.684676116534,532.2205433390617,0.8998333,671.4837366916324,584.1314574031699,0.648961,585.7837347049482,577.9008658526751,0.6680177,649.3216562132794,563.2407423826578,0.053405166,558.5798242127762,556.2576968927006,0.060413837,690.3967720322316,577.722237063102,0.006186545,615.5158885764482,578.5200792874856,0.007602334
128.0,593.1276172116197,339.56264817094194,0.97310185,610.3149707803234,331.36409771259076,0.9694951,592.8539835192748,325.4655464841702,0.8534807,650.9810360301717,348.57519684159945,0.9293648,602.879448272965,334.9618512541043,0.27861905,697.637865961816,419.3143335119609,0.9748579,564.1583524171704,409.3460362769339,0.98175794,749.9163661056896,514.3195531505411,0.90413123,519.3741853962242,503.2905569925474,0.9174489,653.5751419228957,534.9300912356039,0.905831,609.0145230821053,532.3533148936476,0.8975841,671.4507569584675,584.1248737159572,0.6456763,585.713435473063,577.8508381271079,0.6638825,649.3301803387108,563.0611856572708,0.052297056,558.7319637658331,555.8806635749652,0.05903569,690.1127098838592,578.2423962861322,0.006023884,615.9324522466559,578.7172727517445,0.007395029
129.0,592.8664007312407,339.33826592480585,0.9726752,609.9523111643579,331.21775401586683,0.9689269,592.6964618178935,325.2612777681352,0.85123396,650.4601554143239,348.5747606702116,0.9287087,602.8954696252042,334.8737139355026,0.27640527,697.4993126473814,419.3598558149385,0.97455215,563.9380460069376,409.38883962495777,0.9815303,750.0187008610003,514.2840125554382,0.9035984,519.4153713030497,503.44788721049156,0.9170636,653.6202108525636,534.8903623905329,0.9053905,609.2566710870899,532.5169195590851,0.8970878,671.4138466977893,584.2251779586401,0.6408368,585.6483601654568,577.9417622773185,0.6591469,649.3728110632949,563.1548301488298,0.050077498,558.9191853737294,555.8846942885872,0.0565823,689.8687202363315,578.8815669101789,0.0056936145,616.3989668642186,579.2077764186954,0.0069927275
130.0,592.6184417939594,339.18580672189,0.9718062,609.6191346012546,331.1182825013781,0.9677044,592.5281226218024,325.12459746225824,0.8473866,650.0298115870664,348.5669799071032,0.92681766,602.8802255805244,334.8169841102251,0.27522922,697.3544814543575,419.3828748409344,0.9744281,563.7657613641695,409.4408662834421,0.9814788,750.1428701179416,514.240440043523,0.9039043,519.4171329855017,503.5882717911188,0.9176042,653.7228516361264,534.8205900798438,0.9057397,609.3938187650515,532.6600243683233,0.8977889,671.4175429913631,584.2192442903628,0.64427024,585.651834212434,577.9560540015632,0.6625358,649.465333792898,563.1692661413191,0.05122605,559.052787374688,555.9079572444059,0.057944357,689.8702583989823,579.2874289771084,0.0058291256,616.6934558293899,579.6197748861697,0.007161975
131.0,592.403961034746,339.1290099084945,0.9711679,609.3507324873108,331.07936735574344,0.96695805,592.3481747494677,325.07350973253494,0.84357005,649.7245947900936,348.56312782483775,0.9262428,602.7912257276848,334.8092762420165,0.27187598,697.2078036080763,419.3801336914147,0.974337,563.6443584326854,409.47958390035893,0.9814734,750.2517743544029,514.2079877218735,0.90441275,519.372438626881,503.6813872011347,0.91832507,653.8849661106681,534.7746599971566,0.90635896,609.4598939473858,532.7843596803264,0.8987641,671.4529503053195,584.0641463435544,0.6476533,585.707673152162,577.8318903010265,0.6662376,649.5520962705823,563.0949767802884,0.052681863,559.0919810405758,555.8807661893844,0.059650153,690.0917887623054,579.3562369896931,0.0060260594,616.767481760787,579.7495525532297,0.0074140728
132.0,592.2277352363673,339.1718662283256,0.9721651,609.155921881088,331.1082312546331,0.96822715,592.1652666365122,325.1029358781487,0.8484806,649.5460337622189,348.57092294283507,0.92756766,602.6345946939791,334.8331704961254,0.2736314,697.0769053630684,419.35399530137465,0.97436976,563.5412920133567,409.49489648177985,0.98149407,750.3253663685616,514.1953662218928,0.9042454,519.2958834495435,503.76187835016987,0.9181602,654.0667536381935,534.8048678081059,0.90673643,609.5121693525537,532.9188715865789,0.8989117,671.4758832942682,583.8776213559562,0.64689934,585.7450746994602,577.672565106065,0.6654787,649.5868177039201,563.1178329050495,0.05236566,559.0619457142711,555.9372378350213,0.059236914,690.3435629324496,579.1775027157989,0.005965799,616.7146785373948,579.5987981637622,0.007335335
133.0,592.0823063648868,339.2782864944837,0.9713088,609.0251560808272,331.18717142543494,0.96709406,591.995473843016,325.176911891707,0.8447144,649.4681264881447,348.60204371294714,0.9261035,602.4513109665093,334.8601068609137,0.27250496,696.9745337863453,419.30952390250184,0.97418076,563.4474995740512,409.48349600027746,0.98149145,750.3607179739859,514.1674345428241,0.90414983,519.220220333471,503.84884058746354,0.9188105,654.2174488346691,534.8922149908341,0.9064076,609.6059669574745,533.0706213881128,0.8994138,671.4916995598702,583.7129728557959,0.6464567,585.759201846356,577.5205755310653,0.6656781,649.5892788539691,563.1744415016975,0.0511896,559.0134107458682,555.971523790745,0.05817297,690.5227706744288,578.8850788668406,0.0057965815,616.6180770979494,579.2291490695927,0.007147491
134.0,591.9634682429901,339.3791554720555,0.9722568,608.9470672580899,331.2634360827154,0.9685172,591.8499698610622,325.2406888033519,0.84843934,649.4531502039106,348.64818230191827,0.92842615,602.268715249477,334.8754442439936,0.27333075,696.8981494852108,419.2578816752858,0.9745538,563.3992914354021,409.4445626256806,0.98156905,750.363238211998,514.0816333290361,0.90439606,519.1704051057926,503.88917969014904,0.9177313,654.3596729900788,534.9712005429437,0.9062582,609.7616220005962,533.2273219429736,0.8980392,671.5342092996186,583.519550260405,0.6466783,585.8070834897378,577.3139664551393,0.66477334,649.5708203047296,563.0330208843503,0.0516136,558.9519761994966,555.716972033135,0.05834487,690.685787017411,578.6122505482471,0.0058701932,616.4702153189296,578.7208009589741,0.0072182715
135.0,591.8753142326354,339.4269794559337,0.9725338,608.9085791439276,331.29428743123026,0.9689298,591.7372285065424,325.2609974978269,0.8492608,649.4682008981122,348.68039747467594,0.9291425,602.1082975283168,334.87365100980855,0.27263117,696.8457926183794,419.21693562971166,0.97475654,563.4186049334427,409.38262183629223,0.98163116,750.3470021422388,513.9493464899859,0.9051412,519.1460014161254,503.82892349140275,0.91793174,654.5678957514845,535.0166598144125,0.9071009,609.94153729043,533.381945950351,0.89836526,671.5983629820829,583.2752766638714,0.6501717,585.902047696587,577.0293331127485,0.6677314,649.5289265379351,562.6674455253257,0.053170204,558.868848017892,555.1616808821566,0.059907973,690.8798927911168,578.4119793410781,0.006091118,616.2844029670033,578.1684808708688,0.0074742436
136.0,591.809956312054,339.42081402687336,0.973314,608.880106144175,331.2785180369739,0.9697182,591.6575800713306,325.24158830915485,0.85335803,649.4867678929388,348.6779202304374,0.929976,602.0025977435291,334.85199607662094,0.27657604,696.8233075364341,419.19075401427875,0.97516555,563.4752858455187,409.30941280447394,0.9821216,750.3324670151812,513.8247064298371,0.90569293,519.1424037726475,503.7028643641688,0.9195799,654.8514333797559,535.0532268586585,0.9077547,610.1003666019816,533.5407889656105,0.9002217,671.6397570886484,583.0466691166419,0.6549323,585.9834527399136,576.7521625502345,0.6736159,649.4860822582524,562.295089121011,0.054906398,558.7826092995845,554.6020224022386,0.06214872,691.0444828862578,578.2469824650424,0.0063182414,616.1315434049707,577.6792239227257,0.007783532
137.0,591.7439368607543,339.3863260784984,0.9728855,608.8281896850874,331.2382799335602,0.96939677,591.5919939487501,325.20672939799954,0.850801,649.4923883281322,348.63651670163307,0.9298469,601.9561778911251,334.81584081714703,0.27344936,696.8272174881654,419.1598764612062,0.9748935,563.5218408723932,409.2431980577902,0.9817137,750.3362434966983,513.7355321304117,0.90491354,519.1637465605141,503.59618534598485,0.91783273,655.1391018535056,535.1059596043474,0.90663034,610.2259360691376,533.7147860656586,0.8979888,671.6218134970925,582.9032831902213,0.6504221,585.990273063152,576.5809994705712,0.66811043,649.4660062932173,562.1034416394688,0.0536319,558.7179180773336,554.3125826889376,0.060446054,691.1040878183944,578.0760875120319,0.0061827004,616.0533087396161,577.343966769756,0.0075928867
138.0,591.665527870903,339.35298525637984,0.972701,608.749646892159,331.1983341089957,0.9692915,591.520573541616,325.17786150037455,0.84928685,649.4873187591959,348.56939590375384,0.9298562,601.9316687570006,334.7709549623566,0.27066755,696.8418191784538,419.1133390816999,0.97480965,563.5345931488175,409.1974112913497,0.9814819,750.368041736185,513.6642298120653,0.9053103,519.2064564179747,503.55121108402204,0.917163,655.3800438195876,535.1873311655289,0.9071954,610.3214441670897,533.904999725171,0.8976025,671.5615997070882,582.8192096261599,0.6514218,585.9388216978704,576.4997059015824,0.66798615,649.4818993647564,562.0713346956527,0.054052442,558.7148786203861,554.2806423129861,0.06063649,691.067537078392,577.8638798752786,0.0062266886,616.0783467972304,577.1225291395567,0.007619351
139.0,591.5846537155273,339.3387329342827,0.9726436,608.6673458251682,331.17885043433546,0.9692191,591.4466718662518,325.16107374628075,0.8494124,649.4797263215735,348.50860388741444,0.92966807,601.9018491798504,334.71738244167335,0.27129167,696.8544234889416,419.06641638498263,0.974761,563.5260529203072,409.1619482970913,0.9814704,750.4288439402706,513.5903761514026,0.9050072,519.2593193175717,503.5439094906827,0.9170432,655.5867014692044,535.2961526369683,0.90668035,610.414412613643,534.0908987129196,0.8972186,671.511227536173,582.6934983586107,0.6508498,585.9023248475195,576.3839154791722,0.66750747,649.5176965932475,562.030876507083,0.053567946,558.8029204096354,554.2547538264439,0.060163498,690.9919613730221,577.5577314978196,0.0061736405,616.2387738432321,576.8262461540853,0.0075598657
140.0,591.5080770902252,339.3518471600682,0.972386,608.5875285623264,331.19453561900553,0.9689193,591.3819953004922,325.1602127232564,0.84765947,649.4603672674154,348.4842729080516,0.92944807,601.8783798093928,334.6633469677655,0.2698001,696.8658195751686,419.03139548538917,0.9749074,563.5275045847129,409.10725000940744,0.9814991,750.5068434890684,513.5149491601546,0.90539485,519.3163540689468,503.5247589231135,0.9169573,655.7843433806304,535.4034965440351,0.9068533,610.5553588174705,534.2320901512244,0.8971107,671.5045727194051,582.4511488925618,0.65510046,585.9306963518061,576.1278477123445,0.67114305,649.5264225036535,561.8563723027426,0.055007398,558.940137478496,554.0248630180782,0.06168711,690.9085321393743,577.1336131298372,0.0063557327,616.5034331094964,576.3074043957647,0.007775694
141.0,591.423453755905,339.3947815373425,0.97294533,608.4856794029238,331.247675375649,0.9695941,591.3220599233482,325.1833885636336,0.8504249,649.4074623653689,348.49725721392133,0.93044305,601.8856994713587,334.6251635037504,0.27149773,696.8908413653251,419.0026890204922,0.9750676,563.5488357882786,409.01846906491147,0.98176324,750.586372107251,513.4523964777743,0.9056286,519.3705986935723,503.46736566402774,0.9178535,655.9731646590017,535.4687404735699,0.90732044,610.7434803146386,534.3010252857832,0.89811957,671.5503343085878,582.1288326296559,0.6560083,586.0155436274081,575.7654538924137,0.67285115,649.5151098490378,561.6355752176693,0.05579257,559.0581224407347,553.6863781997993,0.062686265,690.8163051283884,576.6754882720898,0.006493777,616.7833376323013,575.673910921224,0.007957846
142.0,591.3244143938067,339.44928031496727,0.9716643,608.350603021296,331.31304886758494,0.96803087,591.2594991779699,325.2220993175613,0.844217,649.3189513022901,348.5228972313313,0.9283033,601.9316078338618,334.611839338006,0.26771027,696.9377592123876,418.9778673963733,0.97457385,563.5661608499931,408.9202230113349,0.98143244,750.6564207201401,513.4171179654977,0.90459603,519.4045279617219,503.3790572096975,0.9174762,656.135516412468,535.474766775952,0.9063842,610.8878011902771,534.3054667619314,0.8977339,671.6386118418884,581.8470179682829,0.6538202,586.1104950103054,575.44478018068,0.67111874,649.5524710774412,561.5968018957459,0.055235952,559.1260904888973,553.5610960240081,0.062238544,690.7143793572159,576.365597565951,0.006426245,616.9746346651211,575.2631926058376,0.00789094
143.0,591.234426436703,339.4858944358275,0.97160196,608.217463663004,331.3565192281895,0.96798944,591.2073037955945,325.2534642104651,0.84326124,649.2238798871547,348.540797803832,0.9284816,602.0012883523933,334.61914278128245,0.26617914,696.9875676938939,418.96554193599115,0.9745676,563.555727483659,408.85134114607706,0.98151875,750.7055343601861,513.4124529850872,0.9050832,519.403168650034,503.2823784399753,0.9183203,656.2687816036181,535.4386274722477,0.90674186,610.8831932614636,534.2683911890433,0.89850545,671.7255576473528,581.6785219275964,0.6562929,586.1637200586002,575.2624113973282,0.6740514,649.643476642768,561.8313350645532,0.055046976,559.1284723005749,553.8111368691445,0.062194496,690.600930979465,576.3123806273474,0.0063581765,617.0008742297796,575.2918618386921,0.007826477
144.0,591.1739153330287,339.4972456046706,0.97151506,608.1159153731807,331.37110176402825,0.96793294,591.1781574802582,325.2694777465129,0.84289986,649.140698916099,348.53752629883604,0.928427,602.0732047327857,334.62874491226324,0.26628757,697.0169582133096,418.96365623502857,0.9746561,563.5249065930382,408.8203684580506,0.98138547,750.729496587847,513.4251408475969,0.9054118,519.3749343866845,503.20162973974595,0.9174291,656.4048608309324,535.3890743468196,0.9068258,610.7070638695379,534.2071867948223,0.8975153,671.755724481278,581.6066968463007,0.65802634,586.1517715951137,575.1981412173049,0.67445153,649.7171083316991,562.2306144131109,0.055450827,559.0655586781576,554.2991135442584,0.062286615,690.4666849235346,576.4292183563837,0.006376773,616.9129388367439,575.6101630177735,0.007812828
145.0,591.122650007911,339.4880539168563,0.9714409,608.0174743669118,331.36199285445355,0.96786004,591.1545392262957,325.270073914654,0.8423309,649.0476185083141,348.4863915639757,0.92855537,602.1367994745399,334.6109724288518,0.26571536,697.0321392052347,418.95063012603214,0.97474813,563.4999412358648,408.8068367838872,0.9814855,750.7467335112383,513.4249976222509,0.90569353,519.3470272720533,503.1489423712368,0.9178607,656.5596094320947,535.3345536454809,0.9067026,610.4530042979402,534.1419382859917,0.8975736,671.7312160109891,581.6301903675399,0.6603503,586.1068387992851,575.237662993995,0.6769541,649.7414692591482,562.7085653328593,0.056061596,558.9837170445348,554.8728040390513,0.063016444,690.3273237300759,576.605704382068,0.0064594746,616.8875525286802,575.9803690732367,0.007919401
146.0,591.0455263543801,339.44441960882864,0.9712907,607.8766129608091,331.3143737536533,0.96755004,591.1086322447266,325.23560105843194,0.84228444,648.9171108748086,348.35992561009334,0.9276943,602.196197432607,334.5372576223705,0.266748,697.0572010250111,418.9110297655059,0.9746038,563.4942278826115,408.78915034967645,0.98140335,750.7816071168422,513.3859906168606,0.9055034,519.3362257522541,503.108806323429,0.917892,656.6829570376772,535.2555138181947,0.90681267,610.2683251745764,534.1000340581761,0.8979578,671.7057859472096,581.8121545683621,0.6580411,586.0829931918286,575.4383632781447,0.6747065,649.7232994816304,563.3148548806569,0.054892033,558.9298626605996,555.5575168134948,0.061781853,690.197393258858,576.9019646575161,0.0062896907,617.051647030409,576.4178085379158,0.0077143013
147.0,590.9313109938714,339.3489105006615,0.9702703,607.6843685952188,331.2107324645773,0.9663117,591.0319729000814,325.14614502725294,0.8361839,648.7475288409319,348.1639136504118,0.92642087,602.2593881233065,334.40833973207583,0.2616393,697.0897504119948,418.84569498671885,0.97433186,563.5033501721135,408.75233435983347,0.9812547,750.831816178397,513.3007412660133,0.9057859,519.3293505630443,503.0403667118004,0.91843545,656.7264034399872,535.1146156364273,0.9071433,610.208158399339,534.0721005826524,0.8985614,671.6739397116801,582.1758457739448,0.65970373,586.0685008059439,575.820472221205,0.67664266,649.6234877200043,564.0621717918041,0.05476457,558.8863285912875,556.3785223266373,0.061739713,690.0289346649505,577.3459075210087,0.0062208176,617.3407539242485,576.9838514554024,0.0076411664
148.0,590.7895194311895,339.20158128147756,0.97077405,607.4615760298864,331.0515955531498,0.9667381,590.9280409799842,325.01166201716643,0.8395545,648.5556963551339,347.93632640136593,0.92635936,602.3217580601926,334.2728557974028,0.26527303,697.0853496714848,418.743954412672,0.97436345,563.523663582128,408.6874485448935,0.98135006,750.8580180775205,513.1621112685191,0.9054562,519.2949508222896,502.896435571287,0.9186822,656.707639132128,534.8756512192587,0.907353,610.1721744959173,533.9719320815486,0.8992343,671.544485200555,582.5989257588415,0.6573733,585.9825219850977,576.2678969116846,0.6748536,649.3844527197609,564.7202766561632,0.053882033,558.7913614388294,557.1465483483801,0.06087905,689.7745883248328,577.6254518565877,0.0060810745,617.5330072068311,577.4353242684598,0.007478386
149.0,590.6467542689219,339.00771984764776,0.9687803,607.256578587841,330.8421572167324,0.96455884,590.8072262507103,324.85314100828305,0.8289665,648.3876730544187,347.71486851546945,0.9238141,602.3538912017978,334.18645303806505,0.25616282,697.0021728595341,418.58194411412813,0.97331834,563.5601794973909,408.5929699903136,0.98030025,750.8148077106708,512.9715724054522,0.9039112,519.2197086760082,502.657460323445,0.9161282,656.6396934254267,534.541119559388,0.906044,610.0321926011421,533.7000252614106,0.8966418,671.2697040482494,582.8642570223202,0.6482523,585.7870172208843,576.577277620458,0.6644997,649.0155841426879,564.9334605362775,0.050573736,558.6022943470086,557.5500840926195,0.056922883,689.5079598288621,577.3312738858436,0.0056322217,617.4036807780587,577.4206245459457,0.006904781
150.0,590.5462453703431,338.7887712403078,0.9696886,607.1415708281655,330.60509643550864,0.96562564,590.6989389266355,324.683146226987,0.8319395,648.3176572672385,347.52334727954394,0.9257003,602.322360714158,334.1398352981293,0.25579542,696.8586771277437,418.37541508832214,0.9735942,563.6066516781943,408.4771335362948,0.9807772,750.7180550972733,512.772240028923,0.9049156,519.1398938487107,502.3798607064739,0.9178856,656.4833941795158,534.1789337209705,0.90735954,609.8252801024353,533.2927239672758,0.89876235,670.9232087649261,582.8902518503198,0.6475665,585.536329341872,576.6577017769813,0.66522586,648.5815037261667,564.6913735037756,0.05021885,558.3218052231161,557.5415142781069,0.056780934,689.3583259433266,576.6028036095134,0.005623728,616.9291536516619,577.0257262957232,0.006917596
151.0,590.5059917122953,338.59367791043474,0.97051376,607.1381774099711,330.39367525106456,0.9666949,590.6333155797481,324.51682666994657,0.83602417,648.3690599014292,347.37321586861856,0.92713153,602.2451134445713,334.06928328659626,0.25781387,696.7292129363691,418.19521147748503,0.97392774,563.6399908282124,408.35691361520946,0.9810029,750.6424510837334,512.6310934023529,0.905561,519.1115787795097,502.16461102063965,0.9180844,656.2291330369237,533.891333691346,0.90807176,609.7224200826802,532.9473156235356,0.8991319,670.6117728792094,582.8426865029911,0.65197146,585.2977229466637,576.6387633098134,0.66920304,648.1419465642298,564.4407341618939,0.0517852,557.9887591838675,557.4544752393115,0.058395654,689.3179798264307,576.0915917794194,0.005823016,616.3519342539012,576.7592082834691,0.007150322
152.0,590.5024393523031,338.4573581530991,0.97103554,607.1896670624028,330.2456542411236,0.9673837,590.612830387185,324.37332542817387,0.83877444,648.4809194399925,347.25830633052993,0.9277437,602.1834684928881,333.9457934543255,0.25884992,696.6750367717484,418.09849190717944,0.9737734,563.6540161940578,408.2484279648511,0.980857,750.6209421791682,512.5876666155792,0.9048177,519.1434772846223,502.0509821037821,0.9172804,655.953856222868,533.7591877891539,0.9078846,609.764288111924,532.8293309755987,0.89856106,670.3886731990926,582.8847784446782,0.6477312,585.1062260048243,576.6631854794293,0.6649194,647.7613395058456,564.5162769561773,0.050441086,557.6805144029784,557.5617163505309,0.056860685,689.2589332294185,576.1347118848728,0.0056370795,615.9554337980944,576.886674158316,0.006919652
153.0,590.5166292908323,338.38183231179687,0.97005403,607.2468926885158,330.16226474650205,0.96623135,590.622952617214,324.27217204928803,0.8331915,648.5959962667821,347.17508191321303,0.9265784,602.1672837933168,333.81313411945274,0.25411603,696.7034266414182,418.08007839635593,0.97346824,563.6737569213859,408.1615906044493,0.9805907,750.6165235640287,512.6405677410996,0.9049217,519.1960520935827,502.0172995175236,0.91723084,655.7652896805778,533.819219063982,0.9083109,609.8328205296414,532.9444189516399,0.8987441,670.2831375001814,582.9663915822225,0.6478255,585.0049391444525,576.6962695414275,0.6648065,647.5296259091317,564.8164470685712,0.050578117,557.5087572211858,557.7895539178116,0.056960344,689.1337467550027,576.4675492907398,0.0056485236,615.824969548943,577.1675790247582,0.0069279373
154.0,590.5445075080133,338.3571187653196,0.9706062,607.298358001234,330.13411494243854,0.9669259,590.6467240705235,324.23066408954173,0.8362739,648.6990806266384,347.13993885131606,0.9272816,602.1816109969586,333.7438985559261,0.25688237,696.7909499640988,418.1025902845337,0.97383964,563.7242680736987,408.10703702790533,0.98065037,750.6011913826935,512.7606444065427,0.9050678,519.2281443776589,502.0485449706294,0.9161842,655.7177270052039,534.035973355402,0.9077054,609.886636532681,533.2046017825077,0.89722574,670.3058120764384,582.982635152027,0.6505009,585.0197096387582,576.6611918410741,0.666159,647.4846694886237,565.1102726807685,0.051237077,557.5258339427448,557.9600083298135,0.05742067,689.0153579363064,576.7297329639248,0.0057202578,615.8611383407053,577.2768520446259,0.0069899857
155.0,590.5666533125161,338.35622261925596,0.97127473,607.3203716194373,330.1369058648698,0.96782935,590.6634072890288,324.23883104402427,0.83905816,648.762687661869,347.1534716636962,0.9288493,602.2146586091897,333.7707033060635,0.25839734,696.9060944819068,418.1386912250357,0.97427917,563.801042218382,408.09784743295654,0.9810705,750.5886079289105,512.8961433114778,0.90556407,519.2139002045935,502.1195841750788,0.917094,655.7759639363308,534.2818475179724,0.9076389,609.9695582090046,533.4833732980138,0.89760756,670.4069945923343,582.9827702607408,0.65445566,585.1031653134922,576.6273272781643,0.67074955,647.5495029546453,565.3554999618888,0.052803397,557.6533140480602,558.0858110192046,0.05927393,688.9729062771141,576.8557913656907,0.00595811,615.9468715907726,577.2078183579531,0.0072983503
156.0,590.5596585243819,338.33648136552415,0.97030735,607.2877722234276,330.1314955395748,0.9664971,590.6640744202151,324.2503260299576,0.8348285,648.751874362355,347.18841959647807,0.9269414,602.2763152283253,333.8524428144167,0.25675386,697.0132499913109,418.17934001177247,0.973827,563.8807021297141,408.1274406669718,0.98090607,750.595451517447,512.9968704159494,0.90478146,519.1422704409783,502.1671427360526,0.9175516,655.8316747377394,534.4066841545441,0.9070487,610.0031383429539,533.6106393906728,0.89800745,670.5395388971278,583.1011166615837,0.65171313,585.2115838449929,576.7327075011951,0.6689763,647.6336200241434,565.6690410893989,0.05125478,557.7878677734832,558.3316733772929,0.057859927,689.0467822589892,576.9879324696293,0.0057320893,616.0570412944529,577.197615392969,0.0070442855
157.0,590.529717199558,338.2821707493513,0.97124594,607.2202763660581,330.11041902877906,0.96779466,590.6704744327304,324.2269468208724,0.8386502,648.6803408881071,347.2399739406039,0.9289025,602.3864233460363,333.91420257910715,0.2572927,697.0902432410534,418.2247076638005,0.9740587,563.9502637396384,408.15268969951705,0.9809686,750.6371423867733,513.0551774514079,0.90499383,519.0262311671356,502.13590540845075,0.91698515,655.7604643589699,534.349710796766,0.9072843,609.7993253030311,533.442180278813,0.8974428,670.7369521669268,583.3483858026331,0.650255,585.3883627428099,576.9702870341853,0.6670172,647.7402055241116,566.0877826894925,0.05095026,557.9185467057973,558.738370729611,0.057321817,689.2859539118249,577.1614074086899,0.005694896,616.2216404422549,577.3423572225242,0.006986946
158.0,590.516893960397,338.2217961243872,0.97009355,607.1863576781088,330.10933344862224,0.96634436,590.7199277277484,324.17043279612625,0.83261436,648.6255584918972,347.3328383553147,0.9269576,602.5395338075386,333.90003207167433,0.25304246,697.1350733592865,418.2727982253947,0.9734411,564.0103952938307,408.11750613727446,0.9806341,750.7534822623104,513.1085854751793,0.90434945,518.9084625125712,502.036278675601,0.91710705,655.4820001828964,534.1721998335101,0.9071127,609.3012983289303,532.9913412726842,0.8980415,671.0358266334741,583.5860774632824,0.6466619,585.6819762750642,577.172911992337,0.6642904,647.8888251634967,566.4723369671314,0.049220115,558.0767415059823,559.1214381673288,0.05561644,689.7005857180211,577.2344239994928,0.0054326653,616.4161343774033,577.4801960127157,0.0066862702
159.0,590.5696112569392,338.1907286403381,0.9700581,607.2696347250537,330.15289842161627,0.96581715,590.8301129714041,324.10018766560233,0.83252525,648.6994981351008,347.4653866773847,0.92606366,602.6770886359777,333.78803838575914,0.25516766,697.1564087421348,418.3190853843314,0.97343385,564.0691423003335,407.9996736298898,0.98146605,750.9743123618443,513.2049006271664,0.90466374,518.8397385532994,501.9365426426922,0.92147803,655.0000682961844,533.98594442209,0.9077687,608.6775263737118,532.443322977834,0.90256107,671.3775032693652,583.7122806752479,0.64959097,586.0438901028351,577.2217273756669,0.67175704,648.0201088924721,566.6790301502151,0.048419297,558.2453048583807,559.2803650562439,0.055790663,690.2328654798447,577.1459143080136,0.005263239,616.5313034485132,577.4679516869924,0.006572783
160.0,590.709191342494,338.1926801592207,0.97080755,607.5083905692271,330.2164556168816,0.9666173,590.9871222357118,324.0296369016299,0.8368318,648.9781037034753,347.59001152466396,0.9266255,602.7425684245014,333.6054009989356,0.2591021,697.1788447682604,418.3622257744522,0.973793,564.1545043488914,407.8472195612221,0.98178136,751.2521946884312,513.3440114449724,0.905687,518.8334914713198,501.903151349484,0.922546,654.4562888466405,533.873421074476,0.9093065,608.1662146417185,532.005939878259,0.90431345,671.6756247995477,583.7839019195263,0.65253407,586.3913727644126,577.1934618756482,0.6749475,648.0879769439482,566.7432867050636,0.04980737,558.409088746713,559.2412107348956,0.057383955,690.8204900740004,577.0494879670767,0.005431831,616.5052826422973,577.3795332632154,0.006785691
161.0,590.91285177795,338.1956057254246,0.97107077,607.8566993983118,330.2479156919085,0.9672411,591.1622902034417,323.96017921797704,0.83742213,649.4217180074882,347.6612553602805,0.92765725,602.7457572005146,333.4223067375199,0.25723332,697.2299619054666,418.39153166811013,0.9737371,564.3038905718647,407.7471957688026,0.9814532,751.4864387595077,513.4356965658144,0.9054271,518.8573501721371,501.9535109749941,0.9205408,654.1029979363092,533.8587902498952,0.909117,607.8883377758946,531.7623961084669,0.9023477,671.9360222807161,583.8810658188364,0.64852095,586.7273241448493,577.2182011867428,0.66929847,648.1679238751043,566.7589636737904,0.048776746,558.6348646389815,559.1394720554881,0.05581084,691.4457017921726,577.1189225042506,0.0053216517,616.4189496742033,577.3393993470119,0.006612003
162.0,591.1274191957475,338.16135794602206,0.97286355,608.2133255709516,330.2177711832902,0.9694306,591.3290611498877,323.8853584555484,0.84677553,649.8826636324063,347.6827765803778,0.9298556,602.7396259597226,333.3011693754047,0.2625302,697.3146892276834,418.3842057479937,0.9740234,564.5111602742887,407.73450215149524,0.981686,751.6282627110145,513.3901401608969,0.9051973,518.8851201780875,502.0527553153982,0.9203915,654.0922111619076,533.9060781623575,0.9095451,607.7847439845032,531.6558863540556,0.902887,672.2191454761221,583.9283452245368,0.64841497,587.0943552046313,577.2499565507824,0.6693604,648.3719765091412,566.6061791212546,0.049521893,558.9859478922409,558.89001068121,0.056622177,692.0649857093665,577.2781674889347,0.005440533,616.3874871295989,577.271094391478,0.0067599714
163.0,591.3151266891018,338.0748936337896,0.9727167,608.5048732762159,330.13678002909785,0.96933746,591.4819191099336,323.80240252101805,0.8457904,650.235390481512,347.69275000360926,0.92990357,602.7740787388822,333.2603956204638,0.26176804,697.4312660164444,418.3367008134675,0.9741343,564.7157149360249,407.7695170493779,0.9815568,751.7127689425054,513.2507999619368,0.9051372,518.9265726394445,502.14933220511034,0.91935384,654.3303803415922,533.9622529945927,0.908901,607.6991806529227,531.5785080098296,0.9014455,672.5269069304238,583.7703110445568,0.65043133,587.4548148011027,577.1181002040936,0.67009187,648.7054035137928,566.025848567791,0.05024302,559.4045298183755,558.2546476265584,0.05720365,692.5409327168692,577.2114738839355,0.0055342615,616.4311099687735,576.9628370523244,0.0068574846
164.0,591.4908595333933,337.9435625061646,0.97309136,608.7446364576047,330.0298336430651,0.96985924,591.6500270263246,323.70962957774907,0.84706545,650.4830060789046,347.71728687891806,0.9308759,602.881048531893,333.271347613667,0.26157495,697.5891562019001,418.2844699824652,0.9743111,564.8591705820955,407.81403577480904,0.9817246,751.7898372758143,513.1341523500579,0.9056575,518.9974203077921,502.22173476130104,0.9197593,654.6271544411316,534.0148584867122,0.9093835,607.5412521466168,531.4726034829605,0.901934,672.8085083592364,583.3850493794763,0.64970505,587.7230056619496,576.7720317236403,0.6697208,649.0712578275644,565.0003571360423,0.050968617,559.7634567915254,557.2391460264796,0.0580191,692.7317045460596,576.7360074962396,0.0056825876,616.5022540719522,576.3768461117966,0.007044941
165.0,591.6843264516338,337.79742879930745,0.97286797,608.9837063937973,329.92604478879184,0.96944,591.8609160051975,323.61036895321683,0.8462351,650.7010340139425,347.76244518461243,0.93060064,603.0614916675042,333.28351993046476,0.26310945,697.7787235646992,418.2734861361115,0.97485346,564.9250835142149,407.8729823988567,0.98213685,751.8691798580023,513.0797311999866,0.90692633,519.0953411219571,502.29012508275866,0.9209764,654.8790779737637,534.0738384234795,0.90977025,607.3520455774667,531.3715330874552,0.90260875,673.0362988553381,582.9398397401068,0.6596729,587.8750121578267,576.3659454391093,0.67928934,649.3854721944599,563.8477739479061,0.053779364,559.9962430163057,556.1662801173914,0.061187267,692.6373230824302,576.0308763853062,0.0060219765,616.5737710144991,575.7427605473432,0.0074619353
166.0,591.8757700814944,337.69372820149175,0.9726529,609.2198508836393,329.86861556659903,0.9690614,592.0846653279783,323.53419951667365,0.8450322,650.9177418257345,347.8328574116508,0.9304118,603.2666092956619,333.2748054395572,0.26351506,697.946934236862,418.30978257238223,0.97501767,564.935832715767,407.95339744362127,0.9824555,751.930613514281,513.046033588106,0.9070922,519.2055028091312,502.3873398837217,0.92198384,655.0527716486193,534.1238074843911,0.9096203,607.2153211492671,531.3496829280939,0.90325475,673.2143291068376,582.639522130405,0.6626351,587.9592994675343,576.1038155338406,0.6832168,649.626932326718,562.9163184685108,0.05486092,560.1267432712968,555.3523935067159,0.06263414,692.427839693666,575.4153243299386,0.006180048,616.6401125789414,575.3077328516235,0.007675886
167.0,591.9984004730519,337.68147953897767,0.9725676,609.3840553652421,329.8927776125631,0.9689465,592.2451606385519,323.522153577602,0.84525347,651.087188889014,347.9316386280758,0.9300138,603.4292246130369,333.26767233013584,0.264632,698.0429747652852,418.3583528105827,0.9750253,564.9270436538662,408.03554149112415,0.982324,751.9605947017515,513.0053033138179,0.90703857,519.3100796114202,502.5318728573393,0.9212061,655.138881560848,534.1469724797631,0.90933174,607.1792463851916,531.4378671743647,0.9023218,673.3396980821593,582.5530651162828,0.66210866,588.0182514003586,576.0507816553886,0.6818154,649.7941590512867,562.3347210461542,0.055345893,560.190704744113,554.871955886259,0.06294283,692.275694048469,575.0401213518949,0.00627622,616.6750814006734,575.0964845792819,0.0077706277
168.0,592.0012408924115,337.756437253179,0.97246134,609.4095881713913,329.99355262179273,0.9688048,592.2935276692881,323.58359669538964,0.8447702,651.1533580017656,348.0550819695224,0.9294562,603.5323393463925,333.29380655940827,0.2634008,698.0782003507923,418.3965592516019,0.9747176,564.9173021159031,408.098845240402,0.98208547,751.9684072888986,512.9783349238065,0.90694106,519.4002948747589,502.7137907803582,0.92096496,655.1897001056634,534.1670494244173,0.90983546,607.2654587819995,531.6061054970296,0.9025847,673.4174501626173,582.597016952917,0.6587217,588.058559242841,576.1153310498864,0.67826456,649.8992641312905,562.0261035082867,0.053746283,560.1953663901612,554.6127457087761,0.061085403,692.1918999996631,574.8313176452464,0.0060402155,616.6648593621319,574.9583672908531,0.0074727237
169.0,591.9087546266127,337.869392243438,0.97237176,609.3062976507426,330.1286254925492,0.9689802,592.2563372490033,323.6922808258555,0.842968,651.1130983691719,348.1839905692921,0.9303969,603.6145782916967,333.36756118747064,0.2600292,698.110977058303,418.4336274840589,0.9748991,564.9075616252711,408.15317983644263,0.9820018,751.9721467345147,512.9859072677239,0.907341,519.4796352082324,502.89358726096714,0.91995555,655.3035288909931,534.2287537700358,0.9097699,607.4800993018482,531.8220934081514,0.90132797,673.4852678822836,582.6920068081432,0.6608435,588.0873872110184,576.2242085920369,0.6791393,649.9932257583976,561.9350604328413,0.055459052,560.180098182226,554.5457099355473,0.06266183,692.0891973700742,574.7308311397074,0.0063197017,616.6730902071344,574.8777755674428,0.007791251
170.0,591.8163748896112,337.9777233902249,0.9714712,609.1673645622432,330.2505914608199,0.9678229,592.2086518572263,323.8218609699074,0.8392422,651.0287133313116,348.2741907846082,0.9284934,603.7063414225502,333.48695060706143,0.25851834,698.1844218340316,418.4744536182554,0.9742558,564.9053919243655,408.23532993454296,0.9816464,751.9852802895639,513.0060664958338,0.90596515,519.5501051154357,503.0313099213405,0.9197459,655.5180149543908,534.3519150728791,0.90867317,607.7798779973941,532.07605986509,0.9010291,673.5747264665888,582.8651006583278,0.6546763,588.1244592172524,576.4343345781683,0.67397094,650.1268781046358,562.1582101992027,0.05318597,560.2413733844819,554.8504315513073,0.06037864,691.9224395915301,574.8647006609297,0.006023109,616.7967068331935,575.1061731360854,0.007447332
171.0,591.8206669457263,338.0939349851917,0.97055864,609.106000197896,330.34978283115265,0.966524,592.2102972990097,323.97871408580255,0.83466375,650.9964289573131,348.282135872414,0.9268639,603.7874016128906,333.63904612178624,0.25605685,698.2999590263191,418.50020092256057,0.97395957,564.9270451659028,408.3761440779533,0.98165655,752.0155775863736,512.993675837796,0.90593326,519.6002608542751,503.1241436911608,0.92101157,655.7771963166533,534.5222002796227,0.9086611,608.0806351052299,532.3464718768861,0.90225303,673.6825859347939,583.1495184553935,0.656397,588.187496782701,576.809441958271,0.6769248,650.3082588949962,562.7406074972969,0.052988857,560.4503653732335,555.6394309670616,0.06051731,691.7164195647766,575.3623147740334,0.0059550107,617.0594408404345,575.8583994285179,0.007393688
172.0,591.9525683527266,338.26268745053653,0.970546,609.1805208812596,330.4510724545694,0.9665631,592.2702606160642,324.18398304500886,0.8358804,651.0814160057639,348.20095006925897,0.92647266,603.8090049739932,333.80275391801865,0.25832516,698.4333545370702,418.4927986986156,0.9737556,564.9717016735365,408.57720019894475,0.98133063,752.0594385902251,512.9234451624959,0.9047768,519.6034114930151,503.2030492785312,0.9192109,656.0171977772516,534.702490460274,0.9071775,608.3194858977408,532.5801530403936,0.9000246,673.7977155836613,583.4874738150295,0.6506571,588.2846455765086,577.2945108795252,0.6703309,650.522526415155,563.4905348482332,0.05129829,560.7811432096534,556.7090352822181,0.058401108,691.5260512267097,576.1580890925646,0.0057557523,617.3900655021785,577.0335419354357,0.0071232617
173.0,592.1689590001736,338.4780115722152,0.9702828,609.3707977462267,330.5592709354353,0.9661937,592.3602449025109,324.41386100297194,0.8357564,651.2710185376402,348.0668988733951,0.9253607,603.7431598795808,333.94428029831266,0.2592226,698.551888320452,418.45842192192845,0.97337353,565.0049353452206,408.80993279057384,0.98107517,752.100283166875,512.8078464061932,0.9039321,519.5427722299037,503.3034164417161,0.9187993,656.2138519277462,534.8536547973297,0.9068744,608.4606391028923,532.7217813310381,0.90001225,673.9298994562835,583.7840925964495,0.649002,588.4178679195304,577.7661309274945,0.66881925,650.7566865000349,564.1113422370055,0.050757855,561.1656457063114,557.6825824744129,0.057853848,691.376972586896,577.0193919079283,0.0056699216,617.7170464869139,578.2832540120394,0.0070163608
174.0,592.4007442882848,338.67690045325617,0.97109246,609.6177900386606,330.65308785423895,0.9668802,592.454711617803,324.60145896458323,0.8418615,651.5025044835679,347.94368511559935,0.9251098,603.6126632349041,334.02322930826085,0.2664867,698.6286029278307,418.4235073647675,0.97357845,564.9816818417701,409.0259009372882,0.9813366,752.1275817539633,512.6876399198306,0.90366244,519.4466002890946,503.4473663024602,0.91951394,656.3494311514567,534.9547175313411,0.90718794,608.4893093327337,532.7642930933473,0.90132016,674.0893200874291,584.0003776257091,0.64918935,588.5750354867827,578.1407464627753,0.6697576,650.9800956131858,564.4629426174346,0.051866263,561.5651768388786,558.3252854017755,0.059296846,691.2262398623169,577.7039622008867,0.0058499277,618.0427786990149,579.2600713330617,0.0072481334
175.0,592.6094440188322,338.80730354436116,0.97139156,609.8756373820628,330.7161835509572,0.9672152,592.5527623059967,324.7016961675855,0.84399885,651.7246018272392,347.8780373634087,0.9255067,603.4730639249074,334.0262028902107,0.26993507,698.6590938134683,418.41502531718646,0.97378606,564.8971019103326,409.18630099157497,0.98148996,752.148879252457,512.6079258213745,0.9032314,519.368680683703,503.62233189412063,0.9191079,656.4005005512454,534.9981372004161,0.90609264,608.4512841202802,532.7504229267656,0.90031093,674.2486574273894,584.1516791186546,0.64758265,588.7176098979428,578.3988512255846,0.6682291,651.1367045795027,564.5768655781362,0.05111286,561.9270902479751,558.6139366060922,0.058468163,691.0447733726064,578.0958714217008,0.005757004,618.3631211926113,579.8127397832961,0.0071341395
176.0,592.8023953105663,338.8556018008551,0.9715517,610.1330288699962,330.73631419325943,0.96740115,592.6657823592179,324.7172097508567,0.8453628,651.9255439702265,347.8612447837546,0.92551786,603.3617428955265,333.98251336968656,0.27188206,698.6628171440645,418.4419257355863,0.9738738,564.7971425463716,409.2907761954208,0.98146427,752.1719375832329,512.5956760086684,0.90310353,519.3376861049868,503.7824800008708,0.9185537,656.3599015573479,534.9992832953374,0.9059564,608.4349010480057,532.7326493914431,0.8997968,674.3764897396136,584.2429093296669,0.64660025,588.8200783668207,578.5431194736509,0.6667377,651.2049210947512,564.4661991982638,0.051104754,562.1802936205297,558.5768655188151,0.058333933,690.9082641790748,578.2099022278592,0.005768895,618.6126661405721,579.9958586241,0.007136762
177.0,593.0026186451819,338.83938769346514,0.97217864,610.3980919405712,330.7093326743725,0.9681456,592.7964590295439,324.67889189959635,0.84854996,652.1224949672725,347.8495850583845,0.92653465,603.2757177806354,333.92803111442606,0.27436686,698.6777270310807,418.48753126902966,0.9740776,564.7324087651592,409.3619100724371,0.9816429,752.1969449069778,512.6478646083985,0.90300393,519.3563273292486,503.89575192008175,0.9185976,656.2475577777672,535.0166977682379,0.9059628,608.4850046837506,532.7490118035469,0.8998122,674.532303781845,584.2495402868249,0.6451497,588.9492102649433,578.5751561951374,0.6655558,651.2747745251909,564.1088955661868,0.051242262,562.3728775549185,558.2486816365827,0.058502138,690.9245612941497,578.1176134441123,0.0058175027,618.8209349410981,579.9441301604513,0.007197082
178.0,593.22289138595,338.80435980793425,0.97242284,610.6745892305756,330.65716795268094,0.9684409,592.9383904669698,324.6295939663713,0.8498459,652.337890082767,347.7990772212286,0.9269773,603.2012174149829,333.8672821120074,0.27560687,698.7627335543606,418.51489931600054,0.9742762,564.731469651237,409.40467692606194,0.98170567,752.2418605412424,512.7353107601891,0.9036486,519.4282569545894,503.96174880479055,0.91854954,656.1325945411288,535.1113898139411,0.9064443,608.564051250096,532.7983087682906,0.8997611,674.8757594110776,584.1455287319599,0.6461366,589.262190304821,578.4972853908225,0.66586375,651.5453938554699,563.5365280006213,0.051397353,562.7220040977837,557.7001720191879,0.058490872,691.1267615889016,577.8981618624073,0.0058328807,619.2186850752396,579.7618398670088,0.007198423
179.0,593.4731021263873,338.8045813313539,0.9734492,610.9620267736324,330.618213405128,0.969785,593.0967567306707,324.61056796526975,0.8550537,652.5787101570277,347.68516374495414,0.9288298,603.1497784479084,333.78693123564176,0.2793265,698.9627419334254,418.4938220022717,0.9746467,564.8047013848243,409.4029805096758,0.98191035,752.3430927700178,512.8262649528011,0.90361,519.5467349346657,503.9823508207186,0.91801256,656.1282457273276,535.284358663095,0.9064369,608.5824676385457,532.8254262789279,0.8991904,675.4800117811318,583.9327164255437,0.6460719,589.8282210356042,578.3193881558861,0.665447,652.1455727615389,562.8439044405123,0.052449346,563.3742155579721,557.0233373016185,0.05950114,691.4513998595879,577.6348446584809,0.0060201287,619.980374419252,579.5128633600734,0.007413894
180.0,593.7549817570709,338.868096506401,0.9730408,611.2573851634247,330.6205007456192,0.9692651,593.2831386894187,324.6431684494863,0.85429025,652.8250465037568,347.52989455142153,0.9276365,603.141560672694,333.6965614189305,0.28308916,699.2338100902039,418.4357468866193,0.9745685,564.927355093505,409.36261289837284,0.98175085,752.5017359398539,512.905868762886,0.9017743,519.6740508074308,503.96662965395217,0.9164165,656.2918044900618,535.4782134460207,0.9035036,608.4782090373244,532.7815505042911,0.8968582,676.1348401912892,583.6588198537286,0.63987756,590.4446930401857,578.0759136535298,0.65953803,652.906223573649,562.1897683668564,0.051553994,564.1318540184576,556.3561313287555,0.05864033,691.7598372473027,577.426380139123,0.0059847534,620.8822680981493,579.2720561983555,0.007384479
181.0,594.0220993434552,338.9710632173113,0.973874,611.5186903947044,330.65567474202555,0.9702102,593.4714260002894,324.7164935326592,0.8590198,653.0269404494645,347.38861030509304,0.9286487,603.1741647246134,333.6408688136079,0.28766763,699.4649417535232,418.3838547437409,0.97485137,565.0403388738775,409.33955966252563,0.9820471,752.6580782159202,512.9666439705122,0.9017221,519.7683647554909,503.9573741029422,0.91683924,656.566544865691,535.6200382025279,0.9036772,608.2997036805903,532.6945167606166,0.8973476,676.5131537763589,583.4061759571307,0.64094055,590.7934911104919,577.8472317865501,0.6610854,653.5112972429924,561.7254356011485,0.052567005,564.6399394682479,555.8747704816536,0.059824765,691.9311469597537,577.329825604304,0.006136328,621.4962159691058,579.1375768849409,0.0075742602
182.0,594.1848941057572,339.0470942991258,0.97419447,611.6575028832362,330.678565799691,0.9705052,593.5966533024344,324.79260601889575,0.86160004,653.1241658701293,347.29734318093784,0.9286726,603.2418473664704,333.66458989604564,0.29207382,699.5987623044496,418.3626593018872,0.97525954,565.1045117328588,409.39672996986053,0.98223114,752.7493550020715,512.989659524619,0.9025754,519.8232447105346,504.0035978196403,0.9171643,656.8653114113094,535.6532298562284,0.90400326,608.1832595057749,532.6337077833446,0.8974789,676.5421322930392,583.2337168991824,0.6453272,590.7961439485335,577.7210462039936,0.66465944,653.8823867022084,561.4583954647292,0.053753376,564.8293624134411,555.6685304226082,0.06103638,691.9721506158955,577.2954653597478,0.006298512,621.7081882928821,579.1658045481491,0.007758498
183.0,594.1958518649716,339.0526646019048,0.97432864,611.6280239728617,330.6610422536219,0.97075534,593.6230285471148,324.8401149177788,0.8614161,653.1003740248595,347.26611292027155,0.9295431,603.3454851103619,333.7683525660217,0.29044175,699.661696549246,418.3669815489932,0.97534335,565.1280064254533,409.5339852390683,0.9822115,752.7639284264974,512.9621413585895,0.9026532,519.8576637991613,504.11155529715745,0.9165599,657.1442146651741,535.5725366623265,0.9040826,608.2336423204317,532.6366281483644,0.89680564,676.4123863501359,583.1385274721465,0.6455959,590.6345074464305,577.7099256019467,0.6642504,654.1611512861732,561.2905724855697,0.05371976,564.9106290066175,555.6643340944797,0.0608671,691.9782211998098,577.2477647715045,0.0062821805,621.7444945107318,579.305266186489,0.0077254176
184.0,594.0983698346727,339.007143284732,0.9734546,611.4863578459044,330.6199809710603,0.96980447,593.5766209862604,324.8579326685242,0.8565571,653.0088174521563,347.2852048879923,0.928632,603.4649036273647,333.9062759827864,0.28536335,699.7037268376873,418.3954336874118,0.97497785,565.1344388545017,409.6950053013529,0.98191315,752.7271875987349,512.9088102515291,0.9023646,519.8801943534941,504.23626170421437,0.91612816,657.3872416897829,535.4457887002861,0.9037882,608.4525566269773,532.7092246105872,0.8962984,676.2954850550802,583.1124340465688,0.64426255,590.477575553703,577.7758338951796,0.6627553,654.432334266603,561.1930616550711,0.05370623,565.0307143827691,555.7474478740003,0.06082487,692.0067314232294,577.194129468716,0.006294012,621.8132734746833,579.4486319235787,0.0077393055
185.0,593.9705010444176,338.9545571811778,0.9736178,611.3230473411795,330.5792501212244,0.96997607,593.502816873161,324.86145920735055,0.85742027,652.9226165562554,347.3166242051368,0.92885387,603.5652884999135,334.0270617499282,0.28662872,699.758815472876,418.45363031133206,0.97515976,565.1417754916401,409.8337441937956,0.9819853,752.666532064297,512.8717044108312,0.9026465,519.8846450911215,504.32358631230363,0.916013,657.5833000768846,535.3586888763758,0.90365946,608.7722646511211,532.8500446534423,0.89595145,676.2198902216678,583.1621428541482,0.64585996,590.3576274369732,577.8881381627838,0.66385514,654.6460982672111,561.199100141409,0.053621113,565.1442047538983,555.8635952264958,0.06066355,692.0379970761211,577.1660015919697,0.0062605143,621.9434739461572,579.5208484039804,0.0076923072
186.0,593.8713509107537,338.94043404230854,0.973348,611.1994628976377,330.56321989861686,0.96983427,593.4383512270422,324.87720260009854,0.8551841,652.8864438865787,347.32412453430175,0.92918026,603.6317265481371,334.1038404132555,0.28241932,699.8251946443565,418.5223577803599,0.97497076,565.1687411307184,409.9283173288922,0.9817411,752.5989701642783,512.8642864258152,0.9022541,519.8695208718683,504.35837015933646,0.91517544,657.7290299560218,535.3375476429514,0.90347147,609.0995730392622,533.0327668380685,0.89515096,676.1467584738696,583.2424280762089,0.64526963,590.2588020134377,577.9916694797503,0.66278577,654.7050261483694,561.3057923776792,0.053851843,565.1423203323496,555.9966014052294,0.06081897,692.0287467005166,577.1414581848064,0.0063140094,622.0592639289418,579.4923797060927,0.0077513754
187.0,593.8451254601592,339.00691415999023,0.9729253,611.161504706483,330.6029548280702,0.9692136,593.4172237106409,324.9330285781115,0.85309184,652.9267447231489,347.29858305819545,0.9282211,603.6662127069901,334.1221793233503,0.28110683,699.8711077429952,418.55364186993506,0.974912,565.2290463318868,409.95490377932026,0.98177874,752.5432878997638,512.8575917021673,0.9026513,519.8458583369875,504.35911694364455,0.9159997,657.8298140127836,535.3446289958955,0.9040609,609.3662064875182,533.2070843580875,0.8962432,676.0596302455488,583.2806288517198,0.6475483,590.1961357218975,578.0246784713506,0.66537803,654.5741349690376,561.5242365660721,0.054341078,564.9991195944549,556.1847638389514,0.06147203,691.9906418516159,577.1417276407667,0.0063615143,622.0842521615914,579.425168884229,0.007817894
188.0,593.9094758882231,339.15187823626616,0.9730568,611.2320679006546,330.69595790792584,0.96960187,593.4541813095163,325.02379463379407,0.8531445,653.0528596479865,347.2426410134577,0.92907155,603.6693311965912,334.075981371821,0.2795545,699.8794088566435,418.5125831837522,0.9749198,565.3181283718607,409.9035763002091,0.98163533,752.5326701871691,512.8134304327922,0.90233356,519.8366076403474,504.34401352507444,0.91469246,657.8889754406796,535.3321637727416,0.90357506,609.5914776347304,533.3466243865547,0.89468575,675.9848391898935,583.2562033749671,0.6471236,590.1954479220497,577.984531532913,0.6640678,654.3346487070896,561.8722552071142,0.054424882,564.785397505415,556.4801260907906,0.06128019,692.0071753665071,577.2707594975486,0.006398171,621.9954146118793,579.469457957058,0.0078366995
189.0,594.0283312274014,339.31336555913845,0.97388595,611.3723038880396,330.7919661557858,0.97043765,593.5234265028973,325.1096179147821,0.8586408,653.2287349436749,347.16451556104926,0.9290339,603.6463080971258,333.99106630398245,0.28526253,699.8753214076598,418.41342416668596,0.97488296,565.4143756091213,409.80968407018827,0.98170304,752.5906965941608,512.7374722578091,0.90222156,519.8614816532314,504.329524841815,0.9153417,657.8973383600021,535.2975775621742,0.90437037,609.8303818779154,533.4637016242041,0.8961463,675.9614395025842,583.1878084921875,0.64555454,590.2526213465528,577.9059918777803,0.66305125,654.1036151811275,562.242650137298,0.053919762,564.5675108858616,556.8123454236267,0.060842633,692.119509045253,577.5303323535522,0.006302923,621.8136482977335,579.6733904269579,0.0077296197
190.0,594.1364947295092,339.42697587360715,0.9737214,611.5083717932383,330.84894211544616,0.97031456,593.5804201265647,325.1585145973225,0.8571986,653.391828771353,347.0938623089512,0.92927516,603.6062721253445,333.91451984267854,0.28356963,699.8890628537189,418.30869311795226,0.97501576,565.4884380889587,409.7284889164118,0.9816594,752.695265797747,512.6816468727503,0.9026314,519.9070721650946,504.34133057970837,0.9147483,657.8437771156823,535.2816610190706,0.9044899,610.0599777725918,533.5582776709381,0.8953587,676.0023780750577,583.0952958332323,0.6472505,590.3367721195185,577.809911234162,0.6637225,653.9132247990556,562.458417608497,0.054038048,564.3464294503544,557.0145702998274,0.060770094,692.2425337901859,577.7601473226093,0.006293297,621.5580268176606,579.880997731442,0.0076988637
191.0,594.1988762328546,339.4731791387594,0.9744238,611.6021849961846,330.86827867366344,0.97135043,593.6064634271422,325.16539341696534,0.85975635,653.5073481078116,347.0655323362888,0.93107015,603.5556426614626,333.8639856494567,0.28307277,699.9111091272953,418.2483407490677,0.9752798,565.5191196670902,409.6817024107803,0.9818258,752.7967867390298,512.6847533392133,0.9035499,519.9329484452871,504.3840519158693,0.91505766,657.745173501601,535.3137757443299,0.90559435,610.1783671703016,533.5969941266889,0.8958225,676.0767924398024,583.0204535475648,0.65078914,590.4153370322947,577.7231713550361,0.6668993,653.7297030903038,562.5192778338935,0.055630803,564.1298288582329,557.0577042229714,0.062327743,692.2767413479,577.8619606640477,0.006518215,621.2684367740696,579.9523685118453,0.007957786
192.0,594.2245497685929,339.45312007075177,0.97420955,611.6575347731689,330.8556122804906,0.9708924,593.6160034394532,325.1322207329403,0.86004746,653.5755024862542,347.0753910552787,0.92998683,603.5147267225606,333.8281484796697,0.28693056,699.9147254782381,418.2412888501156,0.97518086,565.522084506164,409.6547676951062,0.98190653,752.8722358466052,512.728514389932,0.902471,519.9195472134511,504.4072923917709,0.91528773,657.6481572658806,535.3846201049319,0.9044043,610.1178504316931,533.5762209076752,0.89585316,676.1208771964554,583.011066322505,0.6460134,590.4578827854119,577.6874973343547,0.66340905,653.526001546062,562.6082448952806,0.054185033,563.9496684144736,557.11931769476,0.061053008,692.2367031248093,577.9024902310474,0.006343484,620.9926649346787,579.9614273992482,0.0077721775
193.0,594.2357028225096,339.36139458616617,0.97441757,611.6821161487492,330.79420550716,0.971167,593.6302578411278,325.058941996069,0.86061734,653.6060906144243,347.08650465256505,0.9303819,603.5227333596938,333.8114298314854,0.28591204,699.9035741681344,418.2503738317906,0.97515345,565.5518058895982,409.62962655367033,0.9819011,752.9409203676197,512.757013125474,0.9026829,519.891494275759,504.34417846789495,0.91544557,657.5715911676343,535.4624165569395,0.904787,609.9439993624194,533.5502420191995,0.89619744,676.0858738709389,583.0465000866913,0.6462828,590.4433121210284,577.6963318676329,0.66370404,653.2799333577645,562.800871901654,0.053858966,563.7729058965265,557.3193711148521,0.060693413,692.2128399769902,577.965853080097,0.006272882,620.6899997994012,580.0632322233946,0.007688105
194.0,594.2461502398655,339.1897404720814,0.97438145,611.679319443444,330.66281685343995,0.9711684,593.6610063318486,324.9417441655653,0.8602119,653.60654459379,347.06730030245245,0.9305477,603.6067526009901,333.82425227289116,0.28491282,699.9105741998565,418.23265359429985,0.97513086,565.6430745165426,409.60243618424533,0.98183995,753.0309203398102,512.7325716385909,0.9029,519.8887270489075,504.18384283231694,0.9152374,657.4674910185454,535.5007371526312,0.9048158,609.811375465606,533.5557212470361,0.8957969,675.9908376826402,583.0661683300626,0.6461938,590.3819695431696,577.7072595595594,0.66322726,653.002392297494,562.9647547562184,0.053349793,563.5358401014045,557.5667127330913,0.060011357,692.2762796521915,578.0641299133913,0.0061869025,620.2984691066185,580.3193991570079,0.0075710416
195.0,594.2576614539588,338.93957078444663,0.97408235,611.6540924980991,330.45273930986855,0.97088176,593.704149514336,324.7738159711887,0.85719323,653.5753428155047,346.99576949012396,0.93073356,603.7471521177031,333.848127267062,0.28004962,699.9470484731513,418.1689591570357,0.9753516,565.7632966659119,409.58219206886713,0.98197746,753.1485784184372,512.654287775845,0.90489966,519.9289965990198,503.9781442588235,0.9165726,657.2965057308425,535.4515429628309,0.9068512,609.7974296765974,533.5618827789853,0.8974118,675.8871720169252,583.0612266342655,0.6564667,590.2943143460685,577.7259686856514,0.67279756,652.7636669417509,562.979045118643,0.05613056,563.2426131293339,557.7585157819605,0.06294158,692.4405942285453,578.1716064348782,0.006499946,619.8549997324257,580.7214354255536,0.007940769
196.0,594.2633626056518,338.64338695347897,0.97366625,611.6077966292521,330.1859780725516,0.97025216,593.7411405764083,324.5696567990658,0.85505366,653.5034328451754,346.8607349385916,0.9297565,603.8911638170525,333.8544400763692,0.27832747,699.9803652936214,418.0562156026637,0.97496986,565.8535598275614,409.5761780973676,0.981879,753.2818723888496,512.534471089955,0.9046229,519.9994922964672,503.78753044829284,0.9173018,657.1103520398053,535.3195747677073,0.9072851,609.8245684774015,533.5325575906409,0.8986845,675.78348520949,583.0730834928471,0.652706,590.1796846275967,577.8025841317532,0.6701634,652.6173595239777,562.927112818791,0.054582953,562.9546632023262,557.9815388660038,0.061475813,692.6487860814568,578.2672276942702,0.0062656403,619.4395518178466,581.251056768177,0.0076783895
197.0,594.2520849181801,338.3617493860478,0.97385764,611.5341090470533,329.921922479944,0.9703536,593.7563218108818,324.3707725779379,0.85602754,653.3878862404059,346.6905402988316,0.9301181,604.0106614608999,333.8358404928175,0.279835,699.9733437315101,417.9085947013998,0.975327,565.90596407482,409.5704723030554,0.982217,753.419490153806,512.3861718850483,0.9058099,520.0728123999451,503.63316622964146,0.91859615,657.0044109795044,535.1638822647142,0.9083979,609.7624902564352,533.4692950866607,0.8998817,675.6657971443781,583.1492075280494,0.6575571,590.0561600294692,577.9688693867042,0.67506266,652.5425219693639,563.0348989869742,0.055904865,562.752267074934,558.4126721002973,0.06299451,692.8227993665166,578.3645705506761,0.006417364,619.1095913360364,581.8476590450872,0.007863402
198.0,594.2129213035979,338.13486846859416,0.97400784,611.427516664758,329.71507778788794,0.97050416,593.7489141514938,324.2050785161308,0.8564278,653.2378178908995,346.544474574781,0.9303918,604.1193296396209,333.7972909284907,0.27986506,699.9216952533607,417.7637130966098,0.9753811,565.9629561426035,409.53665070062436,0.9823759,753.5639478128796,512.2216079588826,0.90614605,520.1255652883584,503.48963101356435,0.91937363,657.0245656527233,535.0048265000644,0.9086119,609.5551016635427,533.3644017369973,0.9005648,675.542353247158,583.3163419245845,0.66010594,589.9730730632454,578.2091919899341,0.6780672,652.4844560897557,563.402134555349,0.05555892,562.6982105271595,559.0421872729464,0.06277144,692.9500515503403,578.4851183534403,0.0063141286,618.9159942271449,582.3721476218934,0.0077528656
199.0,594.146835460188,337.95434788720036,0.9735719,611.2980480661695,329.5666032599496,0.96998245,593.7259240069301,324.0649611716371,0.85400945,653.072855055691,346.44928175278187,0.92963827,604.2266486096551,333.74370250915126,0.27759326,699.8541388725073,417.65767746530406,0.9751048,566.0477241839078,409.4697438570071,0.9821702,753.7223090461828,512.0490402030584,0.90569264,520.1439186407529,503.3233242887815,0.9189498,657.1552342664074,534.8081113844476,0.9079416,609.2648453111374,533.2001095358232,0.8998723,675.4225079459959,583.5405872249685,0.6563507,589.9397704005896,578.4598802501997,0.67447126,652.4125890414169,563.8498705940847,0.05376637,562.7709198741953,559.6117415495864,0.060797513,693.0697086962184,578.6086767859651,0.006064445,618.8790325479129,582.6875311425455,0.007451862
200.0,594.0768250705722,337.7960310767362,0.9730754,611.1763563225136,329.44126600462744,0.96937776,593.6965424311425,323.9370865482855,0.850487,652.9197860167203,346.3797107678428,0.9288767,604.3111260585024,333.6897775821699,0.27232683,699.8078556430903,417.5982004983197,0.9747399,566.1355552200203,409.40285878134296,0.9819485,753.8744104306338,511.88003511619945,0.9062159,520.1246331951145,503.1358019506905,0.9195337,657.3670462526647,534.5781069422543,0.9093192,609.0040508015886,533.0022009346897,0.90135866,675.3162750472659,583.7318892636981,0.6559757,589.9202554499961,578.6427812024162,0.6742012,652.3456389480057,564.1289865965161,0.05310884,562.873364121589,559.892380480858,0.060128838,693.2005000859969,578.689685813154,0.005936265,618.9526859273806,582.7688583780038,0.007302791
201.0,594.0347887710195,337.65434760847234,0.9728643,611.100080986344,329.3168852745333,0.9690623,593.6719314241333,323.8260314031577,0.85004705,652.8056980060062,346.3089279524462,0.92823076,604.3437582490224,333.6590856929695,0.27314535,699.7944669752941,417.5655351187876,0.9745692,566.1909306271035,409.3683676432612,0.98182964,753.9750201360903,511.72938273241164,0.90522087,520.080155846488,502.95326468230746,0.9190222,657.6383631427261,534.3716465898631,0.9085299,608.7939281950838,532.8158162279975,0.9008725,675.2466906581977,583.8173249061501,0.6517077,589.8903900539516,578.7179710348405,0.67029595,652.3360697939609,564.1561531158386,0.052476734,562.9183942447037,559.8819345693829,0.05950442,693.3474167506914,578.661592300849,0.0058912933,619.0253866423031,582.6619867790041,0.007252753
202.0,594.0336377132417,337.5402961854626,0.97280747,611.0911628027543,329.2004985317334,0.9689488,593.6576947229247,323.7418795590612,0.849897,652.7502053839828,346.24122986414574,0.9280933,604.3106993274799,333.65731630925893,0.27338827,699.7865445013454,417.52963343481827,0.97452253,566.1978287708698,409.36162561364836,0.9818665,754.005137587003,511.5921307036419,0.9051951,520.0294915006195,502.7960405092096,0.91940475,657.9602714814362,534.2169836956338,0.9083958,608.5616125701715,532.6497272397115,0.9010986,675.2121609997005,583.7883148626458,0.652482,589.8379525248776,578.6957751774726,0.67149705,652.4152432898557,563.9763415135707,0.05226153,562.8675331549549,559.6837331485088,0.05935529,693.5364909016822,578.4468370086591,0.0058354437,618.9592669164376,582.380987731031,0.007194072
203.0,594.0647590606206,337.4640739324198,0.97313076,611.1494505877314,329.1115677268349,0.96945333,593.6537083249648,323.68120587855014,0.851285,652.7572492808526,346.19696792382194,0.9289299,604.2146516452269,333.6556366314926,0.27311984,699.7466529358032,417.4769268159848,0.97456944,566.155306643117,409.35403484461176,0.98179066,753.9920341888628,511.4460652201992,0.9052639,519.9896914480719,502.6867146140121,0.91873825,658.3365240036821,534.0981999678354,0.9084081,608.3109957472084,532.5161947463521,0.9004848,675.1793596825948,583.6944394844211,0.6507406,589.752688743485,578.6166664750895,0.6691112,652.5483050480864,563.7162895775746,0.05196917,562.7392234410834,559.4041454613179,0.058849156,693.7626507795676,578.1098410641928,0.0058392286,618.7063780297653,581.9679396167344,0.007181704
204.0,594.1153921517296,337.4155608466087,0.9739357,611.2555639285962,329.0513996653558,0.97041583,593.6591233782474,323.62648077212344,0.85532594,652.8086932885021,346.17814486707886,0.93029535,604.0742351225472,333.62233837552856,0.27678257,699.6699049296767,417.4145360988583,0.97509485,566.0770981841079,409.3265688364629,0.9821787,753.9686891458657,511.28120492375365,0.9062133,519.9775923926541,502.6406218222667,0.9194414,658.7602428728513,533.9998707368801,0.9089781,608.1691451840328,532.4569698346228,0.9009708,675.1250532733632,583.5910339822819,0.6546661,589.6416984862354,578.5174601810993,0.67290986,652.6642781025821,563.5584912375716,0.053401113,562.601022433278,559.1698453111522,0.060404956,693.9522074581623,577.8786381472519,0.0060391724,618.3607372871675,581.567339884555,0.0074256063
205.0,594.1684355170972,337.36150905981185,0.97444046,611.3680498685735,328.98936964057896,0.9710115,593.6650252355716,323.55995048471505,0.85836434,652.8683141404413,346.15371707338625,0.93084437,603.9216563754565,333.56217174328447,0.27926078,699.589034256962,417.34142895923117,0.97503847,565.9975124399349,409.27891199195676,0.98210484,753.9455115407342,511.1020591357053,0.90545225,520.0002556898094,502.6235419769936,0.918791,659.2105466945595,533.91443712097,0.908141,608.2167917533197,532.4634529390331,0.90001464,675.0643383315135,583.4427911948876,0.649863,589.5389938345787,578.3636534340407,0.66812754,652.7351712328302,563.5065185997065,0.051344067,562.5099029193377,558.9916701094212,0.058095604,694.0457736870433,577.8474346685462,0.005757123,618.043386889319,581.2790459259226,0.0070810914
206.0,594.195584006353,337.2570710204378,0.97472554,611.4355121009733,328.8823422592465,0.9712623,593.6537056671078,323.46087925616956,0.86055225,652.8940162366324,346.09455941042756,0.931064,603.7919749608975,333.4981508808958,0.28293633,699.5351915230723,417.2438412123893,0.97530663,565.9626714330049,409.20993562124636,0.9823419,753.9230353983307,510.9142375647777,0.9054674,520.0540443416794,502.5688767154397,0.91922545,659.6507745840688,533.834657606589,0.90783334,608.4007673291585,532.4681474213482,0.90010405,675.0518099928049,583.1470897264489,0.6524135,589.5158199073386,578.0631197755786,0.67091304,652.7762237066083,563.3403296474537,0.05229044,562.4975685320605,558.6993909202832,0.059262604,694.0666791235407,577.9124911240838,0.0058969557,617.8224947414593,581.0725163383529,0.0072592795
207.0,594.1766863594518,337.0617324813006,0.9751202,611.4285685754621,328.7035619985196,0.97181463,593.6194656626873,323.29879584722585,0.86222243,652.8520694574463,346.00436342346336,0.9321182,603.7135608596122,333.4285147015254,0.28404748,699.5070795851163,417.12158393643745,0.9756737,566.012230118252,409.0981306861273,0.98254263,753.8980592190758,510.7383971822813,0.9062764,520.1389898383904,502.4400918595111,0.9194201,660.0176097755783,533.7818975775459,0.90829915,608.6303525632709,532.4549634551337,0.9001871,675.128149781686,582.6810892454482,0.65710807,589.6437392582936,577.5810104994696,0.6750062,652.7698194342677,562.9115261776947,0.05423531,562.6224426244171,558.1319854520101,0.061264813,694.0484699971857,577.9929503780509,0.0061715543,617.7747443320172,580.8567276948605,0.0075817406
208.0,594.1269236995645,336.7779492813332,0.9749079,611.3666493897019,328.4720861163206,0.9716115,593.5855960285902,323.0654590948353,0.86031973,652.7435310807986,345.91292271997736,0.9321164,603.7016594630886,333.3264150132254,0.28094593,699.4747167877704,416.99334755214784,0.9757322,566.1533266070254,408.9062325190639,0.98244375,753.8556575984167,510.6196035699701,0.90697193,520.2599693158587,502.24821363918215,0.9193096,660.267423918229,533.823587839237,0.9089434,608.8565345768025,532.4837347509166,0.9001683,675.2508911709476,582.0954290771979,0.6616233,589.9094035104519,576.935483298247,0.6785834,652.6525340915135,562.1697895623009,0.055581063,562.9180016687751,557.1671366916875,0.06254122,693.9536522030951,577.9445409479954,0.0062951148,617.9538988374625,580.4038309187865,0.007715106
209.0,594.0830843759194,336.46977103709173,0.97446895,611.3023297320409,328.2501572734119,0.9711634,593.5817748659556,322.80292799781944,0.8579371,652.6087066358991,345.8535644135777,0.93193084,603.7403953322478,333.179165607243,0.27983618,699.4019622134904,416.88226121725904,0.9756056,566.3389368136237,408.62902101003783,0.98229754,753.777465269245,510.5851010880183,0.9057448,520.4121256770447,502.03109347222323,0.91812456,660.4181694774945,534.0034960971509,0.907067,609.0678745597525,532.5860413881388,0.8982656,675.3158626884276,581.444696002704,0.6570289,590.1933847840724,576.1661815685875,0.6741893,652.3766852472564,561.0724438881798,0.054820478,563.2602289392709,555.7353915269675,0.061715126,693.7272669941215,577.5483604915921,0.0062333643,618.2338652908854,579.4789698220297,0.007646024
210.0,594.0639522168881,336.2078636964967,0.9737431,611.2639860702241,328.08061636048694,0.97015154,593.6046708316486,322.57160902189753,0.8528286,652.4751652080795,345.8234568529707,0.9307456,603.7803782661144,333.0184403116682,0.2741565,699.2910935940142,416.8057749908978,0.9760705,566.4924790758782,408.34328364121694,0.98264164,753.6652717918987,510.60260514586605,0.9089024,520.5695257748845,501.8307194606772,0.9206923,660.505048047317,534.2469474525349,0.9098908,609.2580137892961,532.7081967905693,0.9012046,675.2819216297116,580.8324854656391,0.6735617,590.3825821614328,575.4101295497073,0.6898497,651.9928269530783,559.7945518842425,0.061547875,563.4580924659915,554.0891485186778,0.06900114,693.3888199451615,576.9164791487418,0.007182002,618.4185191878007,578.3011953654461,0.008785933
211.0,594.0589424953578,336.00587798057575,0.9733431,611.2280097472112,327.94409674239563,0.9696192,593.624028058497,322.3967093545805,0.85145026,652.328357896469,345.77261946737514,0.92981493,603.7912622163963,332.89366080045147,0.2736758,699.2001636960377,416.7594248831123,0.97569394,566.5808736304188,408.1535330001876,0.982342,753.559253948677,510.60271769775443,0.9080976,520.7054482775145,501.6676903500347,0.92009175,660.5491582968641,534.4182447539707,0.90940285,609.4048846265082,532.785771454973,0.9007143,675.2294641686485,580.357351278841,0.6676507,590.4896464543551,574.8267725876291,0.684119,651.6464027146603,558.6871801047296,0.05926296,563.4935608880644,552.7042692314337,0.066465795,693.0195901259247,576.4282940358498,0.006870836,618.5197198857942,577.3991552767538,0.0084040165
212.0,594.041682349773,335.8231538570135,0.9732426,611.15063569673,327.7914170927354,0.96932846,593.618687596277,322.25202978805044,0.85170406,652.1543804894413,345.65615506010704,0.9293153,603.8062956228584,332.8155510451287,0.27671698,699.1919261944754,416.7180461051322,0.9761305,566.6426375288765,408.08590371320156,0.9826252,753.5238235902866,510.5422733635525,0.9089719,520.8235550032942,501.53442025434566,0.9208524,660.5788773622596,534.4697516472987,0.9097886,609.5084984245551,532.8330523343851,0.90135086,675.2408655701693,580.0273624211358,0.67555434,590.5892512504977,574.455454687873,0.69162846,651.4357492457009,557.9264024370964,0.06311077,563.4947967164142,551.8243098867855,0.0706456,692.6830708800775,576.184677452442,0.007403165,618.6935740331731,576.9534167279314,0.0090406835
213.0,593.9916533964233,335.6130812900768,0.9729075,611.0172679152212,327.59253976846287,0.96883535,593.5877169374045,322.0921252671528,0.8498174,651.9740209107939,345.48050819147716,0.92868936,603.8718594472209,332.75558303195595,0.2755279,699.2792228204943,416.6687435233973,0.9761305,566.724682145785,408.0866913115863,0.9827549,753.5920505993338,510.4353038365261,0.9095228,520.9394208805276,501.41432735367886,0.9219682,660.6421136541034,534.4485085637712,0.9103917,609.6055529025875,532.904547724066,0.9025471,675.3053714581531,579.8284786374257,0.67855865,590.6964339997786,574.2633793245409,0.6952064,651.3433018060928,557.4871308337788,0.06381738,563.5532300541254,551.390437130003,0.07161826,692.4051310010414,575.9929328285518,0.0074757934,619.0072658028917,576.7314364499476,0.00914678
214.0,593.9147553662625,335.37418717930535,0.9720938,610.8669397227527,327.36417252817057,0.96803975,593.5378510880271,321.9044414128361,0.8443711,651.8278953303852,345.29834010694276,0.9282789,603.9595429770183,332.6898631488155,0.26909903,699.4043987282273,416.61898910121465,0.9757081,566.8225927155237,408.08951871953275,0.9822904,753.724846958316,510.3230862315019,0.90879226,521.0414958138242,501.29902555305534,0.92042327,660.8028104919556,534.4085069472064,0.90999424,609.6932355613008,532.9958909618784,0.90110314,675.3714522620672,579.7542489723287,0.67371416,590.783059871889,574.2036871222049,0.68960893,651.3097640359996,557.3192312360774,0.061959982,563.6748721042766,551.2525012753621,0.06932831,692.2296098214331,575.7607593887165,0.007212907,619.3673434082814,576.5063807778639,0.008806765
215.0,593.8371534983037,335.15461538595946,0.971578,610.759254100981,327.1579117598121,0.9674057,593.4747747093031,321.7227571115975,0.84111357,651.7436248812801,345.1613594549058,0.9279821,603.9840046476862,332.6177503444337,0.26680562,699.4756926066487,416.5751149502777,0.9758179,566.8976580451798,408.05883792251905,0.9824227,753.8484767583816,510.23418252216163,0.9091523,521.0989846444514,501.1900664502318,0.92094564,661.0841799808777,534.3639721172096,0.9097847,609.7147416314197,533.0439881649253,0.90117383,675.3975484449697,579.7893671627993,0.67639226,590.8244066577871,574.2341714225882,0.6924605,651.2791187940059,557.3984364617304,0.062823296,563.7815035274203,551.3065918481718,0.07038489,692.2303012427228,575.6026262382468,0.007342547,619.5791319053093,576.2791886161601,0.008976489
216.0,593.7834811926058,334.99352961809393,0.97256505,610.7146783220132,327.00378812066015,0.9684236,593.410853550961,321.58242531308673,0.8466722,651.7094390482982,345.06743861637784,0.9285813,603.9179378527535,332.55076449240585,0.2707073,699.4548458316431,416.5369263480826,0.9758761,566.9276361065919,408.00774038660154,0.98267555,753.9234335212004,510.1800882702786,0.9091327,521.0984539667807,501.09195167216484,0.92227364,661.3865662737422,534.2936410925008,0.91025174,609.6489709784584,533.0107562227884,0.90289354,675.3503996551804,579.9205599590113,0.6761614,590.7932682134676,574.3469639905093,0.6936172,651.1990346500594,557.6558009979726,0.06189859,563.7525763427925,551.5031643708878,0.06977597,692.4121671784245,575.6113543045946,0.0071689785,619.5290949507623,576.1782685612415,0.008806467
217.0,593.7751396138572,334.88172567113975,0.97228956,610.7174157991376,326.88523892317414,0.9680411,593.374690568221,321.48476259540735,0.8456142,651.6917769629587,344.97507315955784,0.92795634,603.8269677408903,332.50108711737704,0.27022758,699.389242843793,416.50820294094956,0.9757359,566.9215353335599,407.9806799481868,0.9825376,753.9587208687235,510.16873762147543,0.90901273,521.0491003312535,501.0111674805994,0.9221096,661.5401525490946,534.190298151394,0.91017604,609.5208456849466,532.9202220034754,0.90277094,675.2383308505481,580.1044590228508,0.6743885,590.6915921962709,574.5258148538644,0.691684,651.0749200605462,557.9137730637931,0.06111592,563.5781210764048,551.7530564743893,0.068869054,692.6664435843977,575.6820869990013,0.0070657134,619.3320200944431,576.2386891501606,0.008674681
218.0,593.8305551814943,334.7874737913621,0.9726703,610.7577657611151,326.77538991345034,0.9687117,593.3950114544738,321.41132075179746,0.8461874,651.6717518963482,344.8648753127158,0.9292067,603.7818692030937,332.4772599907229,0.26725596,699.3502889421875,416.4989085589177,0.97568244,566.8945144785949,408.0097337566839,0.9824289,753.9779039894148,510.1965176594226,0.90946275,520.9639248610509,500.95274833012434,0.92168677,661.4783717381429,534.0852922213217,0.91123384,609.3312546841511,532.8148113258749,0.90284586,675.141889256292,580.2684040489152,0.6736645,590.5883187154631,574.717876867804,0.6903443,651.0187986365634,558.007751617484,0.060563773,563.4400655694603,551.9405821206626,0.06799084,692.8788203684778,575.6469082985107,0.006961167,619.2516774324147,576.3614168555855,0.008524567
219.0,593.9356650095601,334.68680524939145,0.9726156,610.8183016330075,326.6621571672231,0.96847427,593.4636994808359,321.34547534706246,0.8470034,651.6342232287416,344.75044259811204,0.9286206,603.7929131211793,332.4824140380128,0.27053356,699.364650164851,416.5111917304222,0.9757935,566.8539955469973,408.09315442484717,0.9825513,753.9910477442265,510.2376335930081,0.9091969,520.8634544723596,500.9168539350604,0.92182434,661.2870329380103,534.0164546742398,0.9107907,609.080307543556,532.7230696547769,0.9028317,675.141428852437,580.3801331979239,0.6729805,590.5605452284154,574.8901792730802,0.6899579,651.1398541101687,557.9692057684118,0.060866177,563.5374239527287,552.0703392067188,0.06841788,693.0102346602984,575.496843135243,0.0070339143,619.4669487087712,576.4771405286883,0.00861761
220.0,594.0405384323476,334.567948131408,0.97258216,610.8630869402504,326.53969741742844,0.968485,593.5341496830788,321.2729843532919,0.8472437,651.5656433604385,344.6450450985119,0.9286554,603.8209380227693,332.5068882651603,0.2714451,699.403948150783,416.5323249162298,0.9757633,566.8121570713115,408.2046426781428,0.98246264,753.9952004993279,510.26444763142854,0.90905154,520.7788288466182,500.90489674621017,0.92117393,661.0821034098251,534.0037813454503,0.9104172,608.8315233471166,532.6736057935318,0.902125,675.2239305187878,580.4819336041749,0.6705488,590.6120279889951,575.0666438443948,0.6871438,651.3698037577046,557.9985259053502,0.0600712,563.8506734591515,552.2791356533004,0.06741771,693.0662285731747,575.4168155667858,0.0069562197,619.8932069985822,576.653216818718,0.008510917
221.0,594.1172878464379,334.44862756814143,0.97162735,610.8931627084896,326.42218458670175,0.96726036,593.5747271648167,321.19524755635473,0.8419261,651.4959317554951,344.5615689534711,0.9274577,603.8149333690104,332.52857285679147,0.26791155,699.4226145505518,416.55196371697343,0.9756703,566.7852226065877,408.3041390298687,0.9823909,753.988235803715,510.27269510153405,0.90931463,520.7220436926743,500.9115954027134,0.9214167,660.928946506475,534.0468436708969,0.9103432,608.6487040522919,532.6776031772163,0.9021214,675.3069334655975,580.6311554661405,0.6733972,590.6863008442175,575.2724769414319,0.689769,651.5100318280777,558.2373733913919,0.060287774,564.1802744616008,552.6331440836065,0.06768417,693.0594585471299,575.5890443637555,0.006931007,620.2679066006929,576.9575356360475,0.008482665
222.0,594.1791846731842,334.3881341484487,0.9716706,610.944433102285,326.3637764531837,0.9672581,593.5977306201473,321.1493874472683,0.84263873,651.4781553061512,344.5288090352512,0.92706335,603.7646110110718,332.5330578402454,0.26829425,699.4039704310101,416.5770868562055,0.97548175,566.775329871344,408.3525942528273,0.9822751,753.9790885518235,510.28068994428247,0.9089996,520.6735660338227,500.91641448716837,0.921291,660.8824189196798,534.1255926178915,0.9103674,608.5091970970147,532.6930653688712,0.9022845,675.3287437299803,580.8202867865923,0.671073,590.7281146021435,575.4707324243875,0.68765485,651.4674318696852,558.6363298386678,0.05956918,564.3701329686321,553.0286986428023,0.06689808,692.9985953606863,575.9520316066694,0.0068340898,620.4190289323428,577.2766643875755,0.008363694
223.0,594.231522808072,334.4428115551486,0.9725989,611.0124045555085,326.42040127610653,0.9682835,593.6254136366068,321.18145273068615,0.8479943,651.5155949580376,344.56872423356367,0.92793953,603.7216366691403,332.52226216729343,0.27297372,699.3693653433019,416.6212841273833,0.9757683,566.7696465695803,408.3363627379755,0.9825656,753.9828194446687,510.3084850007137,0.90929365,520.617301271626,500.9056448725204,0.9220354,661.0083907214864,534.2182195718146,0.9108691,608.3662268877985,532.6670621124855,0.9032036,675.290049382693,580.9775598941509,0.6725998,590.7201074932714,575.5869614300392,0.68963844,651.343420286833,559.0389888287207,0.06022075,564.413175537379,553.3227984093905,0.06770906,692.8834460749921,576.2301776028735,0.0069191754,620.3971379100581,577.3914321651835,0.008474439
224.0,594.2618766773742,334.6040815956245,0.97163,611.0607069193212,326.58389185220756,0.96693575,593.6601206474704,321.293408589746,0.84352124,651.5740230549536,344.66296405065526,0.9259187,603.7329575993073,332.50410609816356,0.27064168,699.3394017122798,416.6804399707877,0.9752996,566.7585716618929,408.278911139151,0.9824123,753.9966982904259,510.35723564954765,0.9084414,520.5608386650315,500.8938772691487,0.9225868,661.2915954231959,534.3037073469404,0.9100692,608.2360093251699,532.595596867473,0.9036953,675.2372174104175,581.0436778246049,0.6698662,590.6920206650087,575.5932588256774,0.6882167,651.2953735136217,559.2966613850967,0.058300316,564.3908495052272,553.4511678972092,0.06602231,692.7549008990754,576.2188449347132,0.0066327155,620.3286496252879,577.2311853505196,0.008164674
225.0,594.2722119060963,334.79682157331797,0.9717704,611.0837973283543,326.7742966502799,0.9670749,593.6914491494565,321.4344778664502,0.8443372,651.6390168653811,344.75775674645286,0.92605877,603.781589514882,332.487602583652,0.2721501,699.308004511566,416.72851542167984,0.9757055,566.7401420677318,408.2266431173641,0.98268783,753.9912960106037,510.4163625842033,0.9094394,520.5110291595842,500.9136379572759,0.92339766,661.5679838134022,534.3435843859118,0.9107303,608.1689228877149,532.5082199340521,0.9044161,675.2186139209342,581.0541909676433,0.6766756,590.6863742448163,575.5731368909312,0.69466853,651.3972227559499,559.3727863269165,0.061057627,564.3789445097219,553.4871241349371,0.06906426,692.7264355759781,575.9932867072442,0.0070225,620.249759420524,577.011127632475,0.008637488
226.0,594.2725816222872,334.950579713598,0.9715717,611.0957576245689,326.91340135309656,0.96669585,593.7061322250127,321.5525764716447,0.8435408,651.7098176687875,344.8076965118222,0.925154,603.8210677224058,332.483233782066,0.2718826,699.2653690939613,416.7467725275961,0.9754381,566.7077243837806,408.2180829441609,0.98264945,753.9394272210088,510.4973065418959,0.9089761,520.4544469648463,500.99322788168786,0.9238682,661.6185829958995,534.3176239034963,0.9106443,608.1752050051723,532.4333137428453,0.9052129,675.2493372659804,581.1193779592373,0.6749783,590.7117343701716,575.6661854202164,0.69394827,651.613791454883,559.3895270106143,0.060343564,564.4055695808186,553.6176829237412,0.06855735,692.8705286020648,575.7953969345984,0.0069181323,620.1585391990538,577.0459097916539,0.008535355
227.0,594.2640015630276,335.06498775628995,0.9718051,611.098405875005,326.99571412124845,0.9668359,593.6946398253931,321.64438265496904,0.8459302,651.7797892553247,344.8092260975842,0.9247469,603.8263072177974,332.49708224408766,0.27504867,699.2190381567648,416.74549573256803,0.9753139,566.6549112564294,408.2619173985005,0.98264986,753.8408060692925,510.6302816660667,0.90866256,520.3678855176973,501.1376906646309,0.92416716,661.3277876292874,534.271253557182,0.91073847,608.2017041363064,532.3787127594022,0.9057125,675.3122748157853,581.293833751241,0.672448,590.751153317812,575.9148656355047,0.6919353,651.831131776537,559.4824012115132,0.05931917,564.443950823982,553.9509883208888,0.06757507,693.1044918926692,575.7587248545116,0.0067839324,620.0866020539246,577.4210983424425,0.008379638
228.0,594.2548313229564,335.1954682348903,0.97196656,611.099609460068,327.07520266411575,0.96731657,593.661884155631,321.7499388050413,0.84552634,651.8495793029665,344.78683466174596,0.92594475,603.786845094573,332.5295075257243,0.2723437,699.1783102125426,416.7493879247004,0.975183,566.5821561190711,408.3456409285028,0.98246807,753.715642466107,510.8114085451914,0.90786546,520.2449498065403,501.31592666433266,0.9227402,660.7507089374222,534.26647006981,0.90997195,608.1896973620958,532.3219316439811,0.9041609,675.3546357515636,581.5269645036433,0.66745186,590.7657197957185,576.2318938839703,0.68669486,651.9145807221043,559.6579905348842,0.05784139,564.4145326304705,554.4045223464632,0.06576899,693.2472010503427,575.8563271035293,0.006599903,620.0245086201877,577.9753394134611,0.008145124
229.0,594.2716375780196,335.37920129291956,0.9719301,611.1314507376056,327.18996508792884,0.96707624,593.62481042829,321.9010853873175,0.8460077,651.9341807325031,344.7576082950906,0.92492837,603.6812765713366,332.5830083944867,0.27379543,699.1406656579154,416.77517149103824,0.97499466,566.4876768080845,408.4603543496959,0.98254216,753.5918990636857,510.9926365249147,0.9077618,520.1153305037636,501.4778800875093,0.92370075,660.0623001176186,534.3065917569194,0.91049016,608.1443739647559,532.2526697191468,0.9057608,675.2929348235126,581.758540437619,0.666178,590.6794403163951,576.5305440791526,0.6865839,651.7909802165716,559.8445285928597,0.057187825,564.234403432035,554.829495354149,0.06532571,693.1790399622648,576.0556542387859,0.0064962804,619.889297766184,578.5592924038642,0.008041292
230.0,594.3411194133126,335.57440599915407,0.97187424,611.2300419630174,327.3044958658686,0.9671358,593.6020249914394,322.0684236393239,0.8459643,652.0519512689044,344.71381964689664,0.9251459,603.4983090944504,332.6549984459527,0.27394792,699.1011989951443,416.81799714075635,0.97525907,566.384869699204,408.60220984251754,0.98250073,753.4886111835042,511.12530967498105,0.9086437,520.0200413681782,501.5933838678985,0.92321324,659.4595248808939,534.3528151474948,0.9113609,608.1211943407882,532.2135649537762,0.90547955,675.1083579626429,581.9937743493853,0.6721595,590.4719316049727,576.8163809289073,0.6909021,651.5160841527011,560.0226224282941,0.059518903,563.9341254873669,555.1806914277481,0.06753251,692.9812392332262,576.3932535907107,0.0067968965,619.6422092503069,579.1626533296755,0.008366734
231.0,594.4681197986724,335.6948792627315,0.97249365,611.4048037371867,327.34697763684073,0.9677386,593.6077581558418,322.1807831626355,0.8500054,652.2106978785057,344.6460072906341,0.925537,603.2698624499121,332.72993773401254,0.278475,699.0557102748025,416.85433018737024,0.9755161,566.3149660773674,408.75502055026516,0.9827341,753.3966842423249,511.1823997619592,0.9086789,519.9670298439142,501.662540534271,0.9235616,659.0659587039117,534.3903750619345,0.91155016,608.1696332264567,532.253609957481,0.9059238,674.9051005612954,582.2556400804593,0.67175704,590.2555042908068,577.1279700608964,0.6908022,651.2448992412392,560.2609418812856,0.060082525,563.6740714443221,555.537660466403,0.068217695,692.891799658194,576.914447548927,0.0069083273,619.3386691730555,579.8278117992032,0.008504599
232.0,594.6315511849097,335.6998088737439,0.97301155,611.6346038856664,327.29225015296856,0.9682823,593.6425908035192,322.1989241808848,0.85341215,652.4021340942719,344.5741589709141,0.925686,603.0402493754955,332.7941168086576,0.28146318,698.9958049863264,416.87202713462165,0.9754425,566.2988063134758,408.89650643697007,0.98275,753.2883560058683,511.16725324282504,0.908367,519.9331806946396,501.7004107652974,0.9237695,658.8786130119422,534.4431304852504,0.9117481,608.301117094641,532.3657799775461,0.9064318,674.8021219785953,582.4983470757389,0.6703811,590.1592839051431,577.4269257495978,0.68981373,651.1016077873755,560.5785255648742,0.05922517,563.5977786471815,555.9325595269755,0.067364186,693.0544726278499,577.5719959846551,0.006770253,619.0492688160314,580.5183275613203,0.008340269
233.0,594.8016879575331,335.6167280317103,0.97315156,611.8897963698546,327.1731697046977,0.96842766,593.6917079720508,322.1407219915599,0.8536955,652.6097883076269,344.52830290006824,0.92586046,602.8193753049136,332.84458899447094,0.2809546,698.9171583612738,416.88593862769596,0.97539645,566.3007900344032,409.0202346551204,0.982801,753.1497466014285,511.1227288900752,0.9086102,519.8954158650479,501.730299365237,0.9243536,658.8036457302389,534.5229973610365,0.91204464,608.4706879722828,532.4940436573761,0.9071075,674.815118767865,582.6384739653358,0.6708474,590.1911045027666,577.6238444774843,0.69075197,651.0882506521899,560.8536424059553,0.05884427,563.7159325283101,556.2523792406291,0.06705558,693.3770966182512,578.2183989176258,0.0066851377,618.8206405841047,581.1222104359067,0.008251399
234.0,594.9509566355862,335.49884449447535,0.9745744,612.1365468265326,327.03979353365526,0.97016406,593.7389742787255,322.0465022119095,0.8619504,652.8081523839757,344.5176288119711,0.927984,602.6093105369912,332.87449975155437,0.2892975,698.8297303675552,416.9200290976202,0.97592664,566.2674966619172,409.12776149119657,0.9831722,753.0050633579515,511.11043026948505,0.908313,519.844672661462,501.7702114239121,0.9241612,658.7113657929478,534.599927322308,0.91143465,608.5886690732104,532.5806986035403,0.90652966,674.8675714233306,582.6933998600878,0.67116666,590.2504014958768,577.7216369269746,0.69109875,651.1003479924441,561.0017907665417,0.059776843,563.8873644529538,556.4242725150546,0.06807327,693.6678290524549,578.7602701581092,0.0068626106,618.6509873612483,581.6147110965915,0.008464336
235.0,595.0588969621864,335.3802940051718,0.97468036,612.340179734261,326.9281019146297,0.97025126,593.7807983147115,321.9371259625144,0.86249876,652.9621106426935,344.5430651807437,0.92822933,602.4362124199126,332.8642760133685,0.29046136,698.7453949518481,416.99167444660185,0.97618246,566.1768908030674,409.2064813061082,0.98333585,752.8991705230494,511.1742918582815,0.90882576,519.7899078088855,501.8222895647779,0.9244885,658.4619018378523,534.6435535636929,0.9116678,608.6181696931776,532.6130311596036,0.9067991,674.8771210136156,582.7999553412646,0.6753694,590.2341591020917,577.8328049304221,0.6950038,650.999794202899,561.1275889820408,0.061327785,563.9035865352089,556.5403933798898,0.069788605,693.8166695461405,579.2612183671365,0.007052779,618.4591715174438,582.0910192105355,0.008695334
236.0,595.1244522133554,335.27587419635495,0.9748303,612.4913451620201,326.85857447993453,0.9703367,593.823668289701,321.8179125373766,0.863603,653.0521307477732,344.61858308173623,0.92792714,602.3152440157157,332.80442396209037,0.2914786,698.6591964881126,417.1102950206668,0.97601974,566.033403552717,409.24508386387515,0.9833357,752.8399073339184,511.3168778668987,0.9085827,519.7554541288503,501.89522894096615,0.9248362,657.9944999110464,534.6600309361045,0.91204035,608.6532652411784,532.6290149233304,0.9075093,674.8169578189504,583.0436809523186,0.67102957,590.113973415992,578.0239760258678,0.6915247,650.721512639208,561.3691143744032,0.059768975,563.6769743326654,556.6937370997973,0.068205,693.8079195369725,579.8151009216598,0.006842226,618.1803438381526,582.5830099708689,0.008448005
237.0,595.1494060390953,335.23676296717247,0.9749695,612.5911634841883,326.88005041089446,0.9706228,593.8668659834581,321.73229089398626,0.8642437,653.0756014885542,344.77531512121243,0.92862284,602.2368605047077,332.71362394574567,0.29124033,698.5490047938488,417.2788913662972,0.97562045,565.8319134525267,409.25557897371675,0.98314446,752.7915815621839,511.50281882615326,0.9069591,519.7631930403475,502.02642884773155,0.9239619,657.4290656832954,534.6629107216291,0.9106356,608.7883772493328,532.6657660052892,0.9062847,674.7125702084627,583.3446773472847,0.6619128,589.9322905651893,578.2244969018342,0.68348235,650.3567206513236,561.6878341773111,0.05629933,563.3348406529658,556.8261779930638,0.06442702,693.6317697126399,580.3470877294383,0.006376177,617.9164409791374,582.9566884457587,0.0078924
238.0,595.1004146545916,335.3614929340795,0.9756385,612.6002424655502,327.08281590865795,0.9713888,593.8870886750178,321.7685831014486,0.8681227,653.0098917870172,345.0526394412598,0.9295782,602.2038982306165,332.622978672156,0.29561725,698.39428270869,417.4890384277986,0.97594416,565.5448961453045,409.259696902854,0.983415,752.7418649028525,511.67716296148734,0.90711576,519.8137082087146,502.26862537913826,0.92441994,657.0122638103494,534.6407483862318,0.91077554,608.9498455171893,532.732778460163,0.90665036,674.6057944925667,583.5519656212799,0.66358703,589.7449632934562,578.314903676521,0.6854529,650.0964559727499,561.9272969103358,0.05711013,563.0715496951533,556.8245969133213,0.065399796,693.2476811654053,580.6271113141598,0.0064978898,617.8703211127449,583.0285579065089,0.008045465
239.0,594.9348999990707,335.67625541060437,0.9749025,612.46610639132,327.48385806762826,0.9703872,593.8526493329339,321.9611324484551,0.8656249,652.8327039109994,345.444103029683,0.92745715,602.2333306054104,332.56045498454444,0.29528734,698.2099533915164,417.7098824789233,0.9753572,565.1700579696351,409.27500202665686,0.9829648,752.7101992976808,511.78642380388527,0.905717,519.8833923411044,502.62769595729173,0.92319584,656.9217198171016,534.5827998345635,0.90993416,609.0062155160426,532.8355465978912,0.9058155,674.5301683521544,583.5895247514528,0.65520173,589.5758926088251,578.2545713579827,0.67713416,650.0710473932671,562.01649204553,0.055273235,562.9423799553501,556.6993384794739,0.063289285,692.6751353841571,580.5222790961113,0.0063016415,618.0829418972517,582.7722290873472,0.007794678
240.0,594.6911195739574,336.0416403996138,0.9738524,612.2254232452965,327.92746104594596,0.96942306,593.7724101448102,322.2132790258243,0.86024344,652.5949549049897,345.838542717122,0.9269326,602.322526780864,332.53842564404283,0.29251516,698.0446932962651,417.8916918094825,0.97541654,564.7935936853648,409.30899749029066,0.98256844,752.6871594381807,511.8128679541792,0.9051768,519.938752507355,502.99994129178447,0.9204612,657.1056819453863,534.5092956052293,0.907429,608.9716465084313,532.96704398286,0.90138,674.4874360284741,583.4932299882327,0.65218353,589.4293817191159,578.1077483466888,0.67174864,650.2401417911299,562.016932696286,0.05420515,562.885722399734,556.5915829146668,0.061573893,692.09441550628,580.1640288072991,0.0062010884,618.386941704642,582.4004416092773,0.007629901
241.0,594.4732839110072,336.29215540463815,0.97402257,611.993083754984,328.2349195764731,0.9697149,593.6995208423542,322.3922113876548,0.86033607,652.3902717874753,346.11293575695794,0.9277321,602.4446330133796,332.53105995482497,0.29073077,697.9182267700141,418.01187848376594,0.9755471,564.5227804262022,409.3481318461091,0.9826351,752.6525283087988,511.7796597073613,0.90611553,519.9539238519717,503.24843661457624,0.9208305,657.377126597588,534.4506446214954,0.90839446,608.9407032389765,533.0802686967913,0.9018805,674.4384195366767,583.3597325282391,0.65679294,589.3129834697813,577.9691543462496,0.6757964,650.4452864735533,562.0664173592136,0.055660814,562.8892906236451,556.6463113042365,0.063039154,691.7065872680879,579.829956869514,0.0063877404,618.6731586212314,582.1759314229248,0.007843077
242.0,594.3249249460334,336.4370565925658,0.9739758,611.834766214876,328.42377350151776,0.9697111,593.6623772304191,322.4833013295304,0.8599721,652.2544256963895,346.29103466902563,0.9277905,602.5581374904543,332.49352282958444,0.29032102,697.7947895376332,418.1125202211405,0.97545224,564.3510264129661,409.36535431465313,0.9824825,752.6278963379654,511.7201058899429,0.90560675,519.9223443846163,503.3482107429062,0.9199314,657.6340321394607,534.4253046325914,0.90791726,608.9093052986897,533.1167021725457,0.90094197,674.3482971944679,583.2738582711313,0.65354484,589.2242491494904,577.876601121239,0.67218465,650.5651529466344,562.3414899784119,0.05462289,562.9826132814725,556.9270091933016,0.06177169,691.51663502354,579.7291758068396,0.006243348,618.989303801301,582.1607395569436,0.0076570213
243.0,594.2102265209237,336.6064824119849,0.97352254,611.7362214254168,328.6395920496253,0.96910435,593.63810955539,322.5752103113484,0.857486,652.1670718870953,346.4953375705379,0.92704,602.6165541471343,332.42543067826114,0.28813165,697.6442144916643,418.25586938982156,0.9753525,564.19934118942,409.3461144154314,0.98242927,752.6297973741193,511.6720831329491,0.90571153,519.8528510282065,503.3598253895707,0.92010695,657.8371024347222,534.4298395633407,0.90803146,608.7971105330831,533.0431549218097,0.901204,674.2394715542741,583.2803574352117,0.65488255,589.1584577141946,577.8213877746289,0.67339355,650.5790116566575,562.9589655394498,0.054965556,563.1224468849358,557.4163584281116,0.06222117,691.4182304506622,579.9249941687827,0.006285608,619.3460348486057,582.2562063672397,0.007712066
244.0,594.0797069154157,336.85013596671536,0.97395176,611.6416316610421,328.92919567761584,0.9696107,593.5818868309823,322.7255118748116,0.86006725,652.0963448754866,346.76611442892283,0.9276264,602.6072173630296,332.3912002858905,0.29180196,697.4983464169981,418.4541312911781,0.9756178,564.0531976308289,409.30852779236204,0.98267645,752.6250904613365,511.68008350256105,0.90562284,519.7472580634402,503.30628866267404,0.9205228,657.9136215827912,534.4217830334669,0.9074434,608.5790133050366,532.8518833713741,0.9011788,674.168780196944,583.414923026913,0.6566034,589.1225147202323,577.8405228075422,0.6755825,650.5428473998387,563.8451483965232,0.054514408,563.2259304683803,558.0530758720856,0.061906725,691.3911590035177,580.3134097866798,0.006177366,619.6509348012812,582.3857763446904,0.0076021254
245.0,593.8729951231431,337.0915029061145,0.97417593,611.4542132411194,329.1975626588413,0.96978986,593.4367482096937,322.91070353270396,0.86210275,651.9960729385579,347.0210577738484,0.92725194,602.5688745879877,332.46564024683767,0.29481444,697.431896911783,418.66527830303517,0.97558546,563.9629648065852,409.297431031637,0.9827055,752.5724974173147,511.77601738052545,0.9056086,519.6007421498906,503.18169961777807,0.9209204,657.8435900619615,534.3516289899787,0.9079945,608.3338211165567,532.5714742566586,0.9021417,674.152852450987,583.6969389665138,0.6572603,589.0930702374388,578.0118128753888,0.6766323,650.5704021089637,564.7485664355413,0.055225104,563.2555946291806,558.7429450559454,0.0627304,691.4844556255917,580.6327596778603,0.0062716305,619.831010182078,582.495159114319,0.007717967
246.0,593.537999653618,337.25524180982325,0.9735248,611.1011646712307,329.354619437428,0.96899116,593.1590785620955,323.0869524722814,0.8583866,651.8316716405391,347.1763284637561,0.9261446,602.5248829232396,332.6634412563917,0.289615,697.4862646087698,418.84573561937077,0.9748353,563.9464516521402,409.3511707129229,0.9824332,752.4571189986046,511.95764858719156,0.90429556,519.4367736679844,503.0380903155202,0.9212902,657.6903818468645,534.2274113900188,0.9072521,608.195925461645,532.2817374632525,0.9027458,674.1483623620506,584.0685914557625,0.65054524,589.0029619971427,578.324199747161,0.6718725,650.7339201501989,565.420461143553,0.05165398,563.1710678108183,559.3369340319449,0.05924982,691.694540000736,580.7000519777822,0.0057668686,619.8520648026624,582.5089092082351,0.00714764
247.0,593.1095908791774,337.3655775264565,0.97293186,610.644868265296,329.42576448293295,0.96859753,592.7769552274506,323.2493904337409,0.8534571,651.6366192232161,347.2456008988883,0.9266465,602.4316055962013,332.9268524015716,0.28158867,697.6097684750885,418.98522852670374,0.97439694,563.9562598237461,409.46964114533216,0.98203933,752.2964521138872,512.1798279171333,0.9031257,519.3089421352474,502.97032623153365,0.9200094,657.5054124012324,534.1121845929813,0.90634924,608.2491503751207,532.0719061800938,0.9014892,674.1026200235108,584.4139557667887,0.6443979,588.8120228534134,578.6518291989114,0.6659363,650.9470163206793,565.7840523217483,0.05012077,562.8942824929491,559.6950388009947,0.057572246,691.9551761492312,580.5918673197211,0.005597949,619.6534557586613,582.3879197096664,0.006952226
248.0,592.7035669414556,337.4990503788673,0.9733093,610.2392929395687,329.5019109356173,0.96921396,592.3873189550736,323.4218846107558,0.8546301,651.4900688205904,347.30025663521917,0.9279299,602.2521967272071,333.18113647429215,0.28064638,697.7043673173278,419.09063593575286,0.9747238,563.9479701838673,409.61142255929235,0.98211193,752.1426759194983,512.3867979096962,0.90398145,519.2469450251751,503.0163875092703,0.9198166,657.2990456897496,534.053930362772,0.9071139,608.4451744479318,531.973314910775,0.90136343,674.0001382958967,584.6797892864179,0.6511655,588.5603017500816,578.9082612286647,0.67150736,651.0544058484995,565.9677746520063,0.052341014,562.4395828531069,559.85309420056,0.05983442,692.2153629029959,580.4484978110852,0.0058687925,619.2274261109249,582.156274817337,0.007266164
249.0,592.404306091035,337.6841604621598,0.9742106,609.9650880945629,329.6267208158698,0.97063744,592.0740691030129,323.61171357143235,0.858603,651.42463503488,347.37083531527776,0.93019843,602.0387772469198,333.3867600846638,0.28139377,697.7275582028096,419.1616792725158,0.97477376,563.9406270546128,409.7233778232447,0.98203236,752.044960058724,512.5545218888124,0.90334594,519.2224778935484,503.1195808024474,0.9185935,657.0666192609435,534.0390826818953,0.90650713,608.6490132908831,531.9522695487119,0.8999808,673.8629087085935,584.9175626730997,0.6451751,588.3312677849224,579.1313497584339,0.6652937,651.0116819817893,566.1940354356794,0.0508056,561.9701117348749,560.0300939098248,0.057941914,692.467448505244,580.330037273922,0.005715698,618.7130421009838,581.9146856093489,0.0070719123
250.0,592.1963485270618,337.89536189721537,0.9740387,609.7714045406377,329.78654761871036,0.97037506,591.8496273180425,323.8028553570607,0.85791665,651.3852453172144,347.44506382386913,0.9296982,601.881712354395,333.5367504278481,0.28049186,697.7014237535636,419.20152036004583,0.974488,563.9695080260553,409.76698692973224,0.9819071,752.009538093336,512.6900846732867,0.9027338,519.1834295575622,503.1913591164139,0.9183936,656.8008240956899,534.0259914189731,0.906469,608.763752581001,531.9599209828154,0.900118,673.7064419931078,585.1849269692241,0.6417525,588.162243932215,579.3712846640208,0.6622628,650.8719497349507,566.635854103069,0.049735457,561.619975305825,560.4117162239991,0.056849003,692.6947996094107,580.3420243194514,0.0055802464,618.2864563702356,581.8228621222127,0.0069089234
251.0,592.0176902225064,338.1066711604526,0.9749856,609.5691652421135,329.9649090232896,0.97161555,591.6799966790871,323.98206010847804,0.86227036,651.2788211180879,347.5181923879133,0.9311614,601.8131922720554,333.637853237007,0.28224716,697.6471360438743,419.22856382151895,0.974496,564.009659443864,409.73224265027545,0.9820366,752.0154421942634,512.8109658866649,0.9024435,519.1057301145177,503.18641928879265,0.9188417,656.5019391134072,533.994738222686,0.9065807,608.7855654560051,531.9689002995644,0.9008055,673.4961317275245,585.4636974474002,0.6390523,587.9927172454467,579.5943663917625,0.66067886,650.6635163680035,567.2976930888901,0.04857868,561.368437772328,560.9707412726495,0.055740148,692.8175583593057,580.5934073822258,0.0054193735,618.0293065882172,581.9578694189738,0.0067358613
252.0,591.8611486795348,338.3065372805796,0.9739524,609.3518771002375,330.1488654954185,0.97048,591.5491396344797,324.1476644503323,0.85625494,651.0698550021548,347.58779860467575,0.92997444,601.7858789670637,333.70802691113454,0.27627236,697.5541779069417,419.2560358259492,0.9741472,563.9980782043618,409.65255352537383,0.9816638,752.0336288149192,512.9273328177198,0.9023761,519.0073070532031,503.1280619013053,0.9182106,656.1794559681535,533.953780962536,0.9066787,608.7528338644304,531.9755283072216,0.9003525,673.1881301231107,585.6817726166952,0.63938093,587.741472648226,579.7342799229875,0.6602822,650.3856000986538,567.9594315270479,0.048309326,561.1442454794844,561.4852717218716,0.05533448,692.7573958404007,581.0057507190913,0.0053483844,617.9241804920842,582.2284443734036,0.0066397786
253.0,591.7872830609215,338.49784177634535,0.9735358,609.2121349218706,330.3276804982137,0.96989113,591.4775241037938,324.3067784988733,0.85421216,650.831088038002,347.65042774247763,0.9292079,601.7198397197448,333.76867969159434,0.2746327,697.3999366399069,419.28080905822014,0.97401476,563.9052050400849,409.5903875947996,0.9816747,752.0250963305948,513.0254717050157,0.9026442,518.9222273225189,503.08572489593934,0.91913337,655.8556801537571,533.9302641476418,0.9070511,608.6896777135663,531.9896486800733,0.9013157,672.8155451043267,585.7774385755325,0.6419011,587.4259508288822,579.7634228229438,0.6633149,650.0681661601315,568.3408497097117,0.048171967,560.9355047929305,561.7281619594244,0.055374295,692.5533957283416,581.3821467990315,0.005286157,617.8876623021415,582.4778077246777,0.0065782964
254.0,591.8326463835514,338.68414535301713,0.9733858,609.2230001443816,330.4894754886334,0.9696349,591.4739773710269,324.46711709639226,0.8546351,650.6713990106468,347.7042676620154,0.92835003,601.5729853772376,333.8441766562904,0.27721512,697.1893565481619,419.29235996525347,0.9739863,563.7533059304071,409.60131671221944,0.9815388,751.9571694546039,513.0743252027341,0.90245605,518.8619746889763,503.11286389742645,0.9185281,655.5713964434926,533.9467012821792,0.90698206,608.6316999695688,532.0216356543867,0.900916,672.4562850667621,585.7565451011628,0.63792884,587.1198540097834,579.7272449229266,0.65888536,649.7664828134689,568.3706244373486,0.04827547,560.7613031763752,561.7053113486711,0.05531329,692.3264896770306,581.625760560278,0.005363047,617.8114784585714,582.6771075272766,0.0066550076
255.0,591.947177154175,338.8416173096807,0.9742918,609.331702513456,330.6007389391858,0.9706964,591.4972564963309,324.6248474001244,0.859866,650.6142371234771,347.72656574652547,0.92983043,601.375905156202,333.97165750046076,0.2828825,696.9663981134627,419.2773029655082,0.97457016,563.5941760352594,409.70665595649575,0.9819269,751.8175991743551,513.0683248068121,0.90308535,518.8127163441377,503.1935065743543,0.91873175,655.343195706508,533.9900046479797,0.90696764,608.6731274503356,532.0778178139311,0.90059215,672.1276335304781,585.6897517096044,0.6429432,586.8321110209057,579.7243353246896,0.66335136,649.5147139290636,568.1657507920371,0.049423844,560.6115983326032,561.6196891805057,0.056498587,692.1503978528403,581.7477277032433,0.0054866374,617.617160960111,582.9454067626712,0.006796181
256.0,592.0427415665997,338.9259556446585,0.97476274,609.4094091450902,330.621218053428,0.9711252,591.4932100710342,324.759630789054,0.86363924,650.5786828340222,347.68482642928865,0.9296106,601.2032574852954,334.1727778093772,0.28777987,696.7782126726865,419.2328543105021,0.97449374,563.4728341723412,409.8814680140316,0.9819512,751.6140679748089,513.0541228066388,0.90261805,518.7692163702259,503.26062941936283,0.9188328,655.1076630509423,534.0269135313906,0.9069946,608.8820883107956,532.1591229861997,0.90111506,671.7780936321351,585.631457969766,0.63843817,586.5061730598944,579.8041489874935,0.65936583,649.2976239223892,567.8054965530836,0.048469067,560.4393523585164,561.5872996509613,0.055508405,691.9825736089683,581.7477777618376,0.0054020584,617.2883067497255,583.36780219144,0.0066930056
257.0,592.0830961195372,338.9161155052836,0.9744433,609.3840320672964,330.5485886040678,0.9709501,591.455734245046,324.8539438898839,0.8611189,650.4748251312928,347.5785561812135,0.92996204,601.1153516917526,334.4290758468686,0.2829057,696.6430244645348,419.17444124543283,0.9742525,563.3971737759833,410.0755519463873,0.9816122,751.3719725230561,513.0911911402425,0.9023019,518.7391552366311,503.26148244144815,0.91766465,654.7740297798637,534.0501311575119,0.90687656,609.1617139541024,532.2458502688363,0.89995235,671.3661708427902,585.5731930627369,0.6370977,586.1009578197218,579.919444334279,0.6570865,649.0829306667583,567.303881465588,0.04870829,560.2034603452295,561.5678317011782,0.05554709,691.7189941788138,581.5861079964865,0.0054529905,616.857820965328,583.8799021209578,0.0067356527
258.0,592.0963582529396,338.8485590685825,0.97444546,609.2845709363335,330.4375914535836,0.97077453,591.4175211362224,324.9233235054098,0.86167514,650.2836916805417,347.4564248752969,0.929509,601.1083159605766,334.711139998156,0.28491884,696.5460371667737,419.12191385089056,0.97451717,563.3499291932708,410.24626994599436,0.98177636,751.1203856887121,513.1938625932858,0.90342873,518.7221018266705,503.19503917562747,0.9184301,654.3611098353588,534.0861369512074,0.9080193,609.3489080200964,532.3106797970186,0.9009408,670.9083847155366,585.4696133514342,0.64184165,585.6373704391319,579.9759162722764,0.661319,648.8580286736008,566.7097458919981,0.049762815,559.895337753858,561.4762972267882,0.056654096,691.3449986825221,581.2255173674781,0.005549729,616.3636108603432,584.2657759832236,0.0068389177
259.0,592.1201577316679,338.78635414056873,0.97254634,609.1873817981718,330.35726723911216,0.96819377,591.4018429600375,324.9954144737638,0.8524144,650.0590359373412,347.38722845010625,0.9260546,601.1183107577713,334.9927105006514,0.27935538,696.4564830241027,419.09656420639203,0.97415864,563.3138621215751,410.37269540682024,0.98171425,750.8902972478229,513.3294412913742,0.90431035,518.713538343741,503.09997605267074,0.92012125,654.0212644479885,534.1648719901212,0.9086195,609.4287611303912,532.3521281285489,0.90259063,670.4435572137269,585.2930692189709,0.6465101,585.1635904562525,579.9018327137853,0.6666518,648.5946234478456,566.1630916459542,0.050623298,559.5128271934313,561.2826788197948,0.057861477,690.9599047756817,580.7654025073583,0.005657524,615.812157177373,584.3428105641995,0.006985128
260.0,592.174885194295,338.7589149370191,0.97343296,609.1525867437733,330.3341931404016,0.9694609,591.4219564383645,325.06920672802454,0.85656714,649.8722692544058,347.40261193888864,0.92810357,601.1081841438039,335.2354951688658,0.2810452,696.364802260498,419.117073433175,0.9744005,563.2738340050535,410.45923686321044,0.98183167,750.7152134276357,513.4531371019783,0.9044577,518.7114429412039,503.02153942312384,0.9199857,653.8989030017644,534.2924367638648,0.90869427,609.4857783954556,532.3789224490534,0.90224147,670.0052342352351,585.0762880238084,0.6480726,584.7173154366744,579.7138835830582,0.66802526,648.2756743909042,565.8463521474607,0.051481336,559.0945020441404,561.0850008994161,0.05869484,690.6103227608941,580.4453277069109,0.0057846606,615.2523554994732,584.1953218829948,0.0071346164
261.0,592.256604694436,338.7513435742875,0.9737464,609.1752172339873,330.3508690736105,0.96986604,591.4892901654058,325.1232141273545,0.8587197,649.7395053802281,347.4781550451287,0.92858696,601.1269786459759,335.4039703805024,0.2830596,696.2981866325563,419.17425949358767,0.9744552,563.2206671699664,410.5200869386483,0.9817505,750.6065065929613,513.5222935524264,0.90423787,518.7135394200259,502.98238122842724,0.9192283,654.025533169015,534.456917086637,0.90830064,609.5527534022658,532.3983466755401,0.9012948,669.6552620248701,584.8712244302818,0.6456763,584.3526725619678,579.491964553855,0.66487134,647.9943711143595,565.8277129081802,0.05036658,558.780766871806,561.0220091471808,0.057278216,690.2332216832764,580.3818584769306,0.0056413114,614.8609879256724,584.0418102993704,0.006940365
262.0,592.3301435464848,338.73568601896966,0.9734012,609.1939136983801,330.3777626750252,0.9692507,591.5866979271041,325.1418820752617,0.85746753,649.6186689894145,347.56948132068396,0.92768705,601.2277093119444,335.4892008213325,0.28451797,696.2807579023084,419.23243808873235,0.974643,563.1570570057037,410.5559045237921,0.982026,750.553320538959,513.5066437287454,0.9048263,518.723618695552,502.9736974544046,0.9205108,654.3453083025661,534.6499752382774,0.9086371,609.6217674625373,532.4334223876089,0.90244293,669.4491936462387,584.7041316559054,0.65097374,584.1179760240694,579.3002943764407,0.67083025,647.8820614373565,566.0611110730828,0.05226943,558.7100937980861,561.1587813743317,0.05956608,689.7982318109415,580.4935981494583,0.005874872,614.8043959138995,583.9722743326892,0.0072375834
263.0,592.3604054393077,338.69396462264405,0.97256744,609.1663671700278,330.3923411200951,0.968253,591.6725319888399,325.11953959111645,0.8535708,649.4763212103273,347.6481222628579,0.9266636,601.3760774068203,335.50182367079105,0.2823075,696.2899218706573,419.2669464389086,0.9743428,563.0867196975653,410.5561406465384,0.9818022,750.5460160433963,513.4178089372832,0.9038135,518.7507243317294,502.96986545846914,0.9198328,654.73695942335,534.8558464214038,0.90664476,609.671612061587,532.4984926704656,0.90069467,669.347705668124,584.5906071133548,0.64816606,583.9834643841186,579.1623578099488,0.66810644,647.9173024803014,566.4770777948473,0.05055365,558.8540596144819,561.4629549302111,0.057719678,689.3650777687835,580.6815738122312,0.0056542456,615.0415716575687,583.9538392640454,0.006975651
264.0,592.350422084068,338.6175077733714,0.972288,609.1161630778957,330.38407416345785,0.96785665,591.727935294376,325.0484321533088,0.8520626,649.3220130036968,347.7203568226421,0.926147,601.4927741979494,335.4495939633301,0.28154618,696.270655783433,419.2891255876358,0.9744045,563.0018237391425,410.510554743269,0.981856,750.5727518274841,513.3173824875096,0.90424323,518.8008578374172,502.9541616925152,0.9202744,655.0431726311864,535.0444604117107,0.90699935,609.6567918778212,532.5837315199217,0.9013031,669.2645169460673,584.5180069791343,0.6518404,583.8812141506918,579.0428995438151,0.67166007,647.9304782886943,566.9217805508227,0.05129972,559.0371813768188,561.7496650723874,0.058617294,689.0028424560214,580.8704365442367,0.0057165325,615.3676394014024,583.8940892235333,0.007057816
265.0,592.3315879806062,338.51418395256246,0.97195596,609.1032575771424,330.36730230619685,0.96739435,591.774243861109,324.9245831508108,0.8506189,649.1954018140175,347.8334811816201,0.92573786,601.5414820868239,335.33208345616873,0.2809288,696.1885155734586,419.33850725708396,0.974362,562.8900634317924,410.4174686706917,0.98185265,750.6120115963267,513.2740843153672,0.9043298,518.8724789954482,502.9475703757907,0.92057085,655.1786859252372,535.207437579585,0.9067411,609.5474304780685,532.6882860626325,0.9011465,669.1960253456307,584.444354123304,0.6522221,583.8108301031067,578.8716987484142,0.6721562,647.816293067154,567.1895424234256,0.050762385,559.1259861458636,561.7578286884334,0.058060586,688.7581942292234,580.9696562413486,0.005622208,615.6184290542114,583.6487313788103,0.0069451034
266.0,592.3281871679276,338.426506800388,0.9720262,609.166481126492,330.39025176744576,0.96742696,591.8404322743049,324.7763529191285,0.8507428,649.1350877679415,348.04708413273,0.92597586,601.5406027610157,335.160959086522,0.28117764,696.0479155479482,419.44646316177943,0.9745142,562.7529535081926,410.28775582113224,0.98202616,750.6399972888125,513.3109697636521,0.9046401,518.958628444647,503.00122719993146,0.9210448,655.1543431634065,535.3684013239439,0.9068888,609.3650264181812,532.8277148807758,0.90148246,669.2096559899318,584.3648243632751,0.652758,583.830700227712,578.6349512444286,0.6730399,647.6355946265564,567.2314446403443,0.051141232,559.1479996504534,561.4028484014815,0.058516353,688.6591175182107,580.9832576238722,0.0056856275,615.7664171864492,583.1653447370536,0.007028073
267.0,592.3385809586591,338.4139956437356,0.9727822,609.2894477491279,330.50391882979574,0.9685395,591.9263656643182,324.6642751143643,0.8537656,649.1328332473734,348.37360370835233,0.92789096,601.5124831943066,334.972799818666,0.28248864,695.8580290148061,419.5994643451229,0.97483194,562.6013503992148,410.1327655644351,0.98216176,750.6295942029856,513.3945402230743,0.90465474,519.0579909472583,503.13013258814397,0.92033285,654.9969738979622,535.5314889480244,0.90654445,609.1629548267863,533.0079345612012,0.90037477,669.2997162512462,584.3247128902905,0.65176535,583.9370516984085,578.3959434044441,0.6715596,647.4749797972358,567.1917382442116,0.05113241,559.199861661181,560.8523293124208,0.058321744,688.6546890077439,581.0502487428967,0.005698651,615.8632555131934,582.5932612136451,0.0070338547
268.0,592.331224509179,338.51502694858584,0.9725568,609.4040933340877,330.72237166217457,0.968189,591.9918724660265,324.6433998683041,0.8530753,649.1221162086567,348.7544773757735,0.9270563,601.4469988063422,334.808014792717,0.28283137,695.6063175912557,419.7462498792369,0.97470236,562.4314198346738,409.95882022875816,0.9821174,750.5542958475787,513.4501403569839,0.90456474,519.1720895819375,503.2737345521831,0.9206128,654.7401743373055,535.6402590633481,0.90601045,608.9932965669582,533.2134083221538,0.9003316,669.3414724418521,584.3572737287136,0.650511,584.0228801749963,578.2233806183533,0.67076635,647.3053114843347,567.222404820976,0.050542474,559.303764375628,560.3408585028112,0.057748944,688.5958912363317,581.2828466384375,0.0056313276,615.9851498788329,582.1499138397323,0.0069642067
269.0,592.2611554775935,338.73506700534597,0.9733751,609.4368950016508,331.02840170805985,0.96919155,591.9842630239629,324.7314847394432,0.85726213,649.0357622316864,349.1151684417138,0.92857206,601.3163050016917,334.67695845047143,0.28690732,695.2743105299218,419.8435142592972,0.97518307,562.2293948089614,409.7679116743009,0.9824441,750.4208749926513,513.4105423932717,0.90486,519.2893850820278,503.35556524145363,0.92065763,654.4685973773828,535.6304249818618,0.9060439,608.8726345862556,533.408303892275,0.9000906,669.2291146251408,584.4405260894704,0.65191746,584.0009342340692,578.1232195233109,0.6720463,647.0482042336487,567.357996563552,0.051532924,559.4077218380842,559.9794746353169,0.058794945,688.3899947372253,581.6489163827969,0.0057761073,616.1915520135794,581.9103318740836,0.0071365833
270.0,592.1186608972381,339.04039385025953,0.9729154,609.3804182682532,331.38727519432496,0.96883374,591.8918690286832,324.89313150855253,0.8554094,648.8777422248423,349.42893851732254,0.92792606,601.1091000429715,334.5519839731696,0.28506804,694.8722216314907,419.8901370878149,0.9746905,562.0001569896723,409.5543053218312,0.98171633,750.2916264085363,513.3020984675479,0.90337527,519.3782417644084,503.3753278516083,0.9177104,654.2849609345359,535.516220653077,0.9042793,608.7410517095395,533.5209528586861,0.8965759,669.0087598855697,584.5051258431887,0.64136136,583.9139827229205,578.0234801196663,0.659843,646.729681359368,567.5033098138412,0.048523933,559.469359597396,559.6735668298522,0.055025607,688.1645584226785,582.0098907680236,0.005419284,616.4328158326962,581.7334565287995,0.006663829
271.0,591.9446557450613,339.3678035661377,0.9731182,609.3047921315091,331.7540569033529,0.9689962,591.7540399474349,325.05957950459265,0.8566747,648.723244412625,349.72362837358696,0.92782855,600.8348255606736,334.39976180607937,0.2866755,694.4453881321866,419.92456241333196,0.97490966,561.7587586971553,409.3199099368174,0.9818995,750.2342260741532,513.235894201618,0.90422153,519.4021669134528,503.41470545962255,0.9185547,654.2270431422457,535.3785753628961,0.90543044,608.5170552055324,533.4850792392272,0.8979374,668.8385473085241,584.508473973927,0.6461592,583.8820922629156,577.8592021982457,0.6645761,646.4924929471895,567.5160905392166,0.05045435,559.508645635455,559.2219337374537,0.057171285,688.1628365290396,582.2549001684076,0.005670935,616.5809424051715,581.4144979119127,0.0069689155
272.0,591.7755924268565,339.67051774409146,0.9736501,609.2694418572183,332.10092105141206,0.96980757,591.6086064950023,325.1870278405518,0.85883045,648.6299371663966,350.0450951760438,0.929044,600.5115703958423,334.22210958686406,0.2869797,694.0422556860627,419.99228791888356,0.9750011,561.5062548040626,409.0869461831635,0.9818291,750.2465530154841,513.2829778542077,0.9040253,519.3540195398982,503.5451950899537,0.91761315,654.2567755309836,535.2837581801332,0.9051009,608.2325085027378,533.3405886414996,0.8969101,668.8453586410835,584.4932475680214,0.64226484,583.9828687957432,577.6600047974055,0.6601558,646.464919679063,567.3643583677816,0.04932621,559.592628090421,558.5428552858823,0.055776477,688.4926914467574,582.4000315218559,0.0055327713,616.6052185628596,580.8852437233774,0.006793797
273.0,591.5940473157084,339.92900763462353,0.9745823,609.2376303550727,332.41231927796105,0.9710727,591.4462129408753,325.27651793375327,0.86404216,648.5616756446786,350.3954478663512,0.93032485,600.167859596688,334.06216544450456,0.2915557,693.7012223777649,420.11085844459717,0.9752166,561.2505501626764,408.88637958551226,0.98177516,750.2680875394283,513.4349774570917,0.90355456,519.2590280206639,503.7561925911722,0.91602576,654.2872868594973,535.2571227345435,0.90453756,608.022989089903,533.2183828990159,0.89539194,669.0210239899405,584.529024122366,0.6392201,584.1846604730831,577.5000826452591,0.65613866,646.6227954234243,567.1543377102513,0.04997301,559.715867139236,557.746064015218,0.05619487,689.0264624966854,582.534173013505,0.0056949556,616.5609459482114,580.2290520022307,0.0069673657
274.0,591.3410501064068,340.123681516334,0.975024,609.0986112576819,332.6533714410266,0.9716048,591.2172199930303,325.3403403974114,0.86649656,648.4255096145971,350.704351357837,0.93097776,599.8401175833264,333.96901123326745,0.29414713,693.4638910273267,420.26437511502104,0.9752605,561.0296337864855,408.74742022747296,0.98187923,750.2450079582204,513.6654862445824,0.9029818,519.1430587920324,503.975994780055,0.91605926,654.1985377456226,535.3078859315912,0.90375245,607.9622536273339,533.2103824687423,0.8951565,669.2433231640374,584.6177667263235,0.63585156,584.3760880741489,577.3958138805599,0.6534662,646.778236516581,566.9589924541235,0.04901114,559.7239025145083,556.9683899948966,0.055300504,689.4713455101873,582.677931656189,0.005587667,616.4313011371303,579.5555741826022,0.0068590343
275.0,590.9786640142767,340.2284426461474,0.9752703,608.7785616350163,332.77644329783607,0.9720516,590.8878205088953,325.37344461895435,0.86696446,648.1722799780741,350.87997898656783,0.9318427,599.5591839627781,333.95317343036874,0.29266953,693.3561389367543,420.4181864443799,0.97537243,560.88658095495,408.69153076877177,0.9817964,750.1582985521334,513.9282962910465,0.90336573,519.0210947024245,504.1287979221201,0.915552,653.940594998196,535.4274094271002,0.90393627,607.9769106155213,533.3000572313631,0.89454967,669.409175381005,584.6558669328535,0.635041,584.4890311602837,577.2683318064531,0.65195006,646.7601356716452,566.6507509916621,0.04854265,559.4826821288627,556.1856396360436,0.054591388,689.5705997192373,582.6915242907197,0.0055172145,616.1834032518354,578.876616627161,0.006762117
276.0,590.5429469922655,340.22353609139304,0.9755621,608.3198504211246,332.75688260900904,0.97258925,590.4900638091085,325.3552609937892,0.8669342,647.8324436932604,350.88902912708727,0.9335058,599.3379089873822,333.983590100734,0.29078388,693.3458900625674,420.5394634779678,0.97589016,560.8352324943603,408.71781737452704,0.98215854,750.0208055155219,514.1403729392046,0.9043068,518.9073379250929,504.17386898986234,0.9161978,653.6428060416482,535.5757729464406,0.9048022,607.9406404228271,533.4138137744374,0.8951936,669.5125506643224,584.5239649548951,0.6429536,584.5643608275376,577.0260066196699,0.6598383,646.5826351292433,566.0225206734041,0.051515073,559.0873318572806,555.2650724936241,0.05786583,689.3320612200848,582.3796729105977,0.005922407,615.9238867691407,578.1050461482237,0.00726074
277.0,590.1191046090867,340.1213189741834,0.9748456,607.842409550095,332.6224321115833,0.97177565,590.0979477014295,325.28085905994453,0.862548,647.4732425632089,350.7857904169343,0.9327405,599.1601611567378,334.03015515097957,0.2864204,693.3546594309696,420.6228598003846,0.9757688,560.8532180736623,408.80174823892594,0.98208594,749.8590001845619,514.2545891719697,0.9043267,518.8169853314117,504.1303594600549,0.91623485,653.4825774517449,535.7027009660627,0.90456367,607.8250588979722,533.5108643609587,0.89502084,669.5848723712818,584.2353504526784,0.64561844,584.6618404470937,576.6869736116778,0.66261566,646.371111510708,565.0561191385252,0.05233553,558.738743518163,554.1664458104653,0.058818042,689.0122677347817,581.7311700936672,0.0060288906,615.783601096032,577.2003579332526,0.007394254
278.0,589.7621101798529,339.97161363245607,0.9751266,607.4371422607264,332.44328149978537,0.97219586,589.7631571857473,325.1744094609243,0.8634026,647.1476279753891,350.6655420473898,0.93364537,599.0016504151408,334.0793840695924,0.28558162,693.3206568681322,420.6889999340209,0.9757551,560.8840677405205,408.9091953432219,0.9820787,749.6914643995519,514.3014399020308,0.9032757,518.7555749525965,504.06377477479975,0.91554,653.4584380071642,535.7731667793695,0.9036047,607.7155199910467,533.6017441503075,0.8942199,669.6167479177968,583.9454572237605,0.6414706,584.7470763540115,576.3828485211418,0.6590327,646.1846521736328,563.981307371862,0.05237937,558.455437204193,553.041533980632,0.058945745,688.819382871304,580.9878073615396,0.00611341,615.6859421704542,576.3129554414954,0.007509649
279.0,589.4698988445961,339.8095737100346,0.9753201,607.1174006510479,332.26939167554895,0.9725344,589.4963446298998,325.0517574512406,0.8645059,646.8717163622385,350.580747989396,0.9340825,598.8656575094002,334.10814298791945,0.28594851,693.2295679303099,420.7461825166546,0.9756443,560.8614945774568,409.00479623409313,0.9819289,749.5275321071264,514.3218776221079,0.90288067,518.7123716618933,504.02203236275636,0.91474295,653.4323134153349,535.7701023039624,0.9034994,607.6533987249516,533.685516006322,0.8936933,669.5571005215374,583.8270495620693,0.63830435,584.7121909322873,576.2632151482374,0.6556126,645.9969702720211,563.1311220727978,0.05222881,558.0934522050571,552.1910006053361,0.058662802,688.7200690300879,580.4422774729754,0.0061359704,615.4064913311474,575.7254447002731,0.007526666
280.0,589.2307034528442,339.6337886052056,0.97517,606.8683285181328,332.1011308753972,0.9725492,589.2897535954547,324.910835149857,0.8620881,646.6483322106039,350.51443149668955,0.9348551,598.7592947566047,334.09466370160703,0.2807477,693.0909942410208,420.76947634988903,0.9757447,560.7543049160723,409.0695825981108,0.9818007,749.368179819875,514.3068841262545,0.90349793,518.6662587882715,504.0051484628889,0.9139695,653.3446191333214,535.6938520991047,0.903952,607.5436139892531,533.702871462207,0.8926554,669.3819998419074,583.9211380171593,0.64007276,584.502799943119,576.3758539712559,0.6561205,645.8384077879772,562.6911327871103,0.052990466,557.6158191642099,551.8414136228749,0.05915028,688.6061677973255,580.1553207955455,0.006244093,614.8169798317629,575.569991858112,0.007629901
281.0,589.0465922676776,339.47392038136104,0.97506076,606.6903370421614,331.95737878071867,0.97236586,589.1304979185002,324.7868669038022,0.86153567,646.4939608896117,350.4568905218898,0.93461215,598.6604985249003,334.06203784016327,0.2806387,692.908099802295,420.7286086777755,0.9757335,560.5732045490306,409.1081174066172,0.9817924,749.2009454299865,514.2186092186039,0.9037964,518.5932227876583,504.0048841567283,0.91419303,653.2692353253572,535.5616626233333,0.9040929,607.2713619757596,533.5856365927061,0.89279956,669.1253634696351,584.075956179747,0.63960624,584.1664454729613,576.5913414554153,0.655637,645.822376863734,562.5210546518233,0.05202502,557.1484745305075,551.8908688694349,0.05810052,688.4800279387721,579.8856316006139,0.0060742497,613.9565884249614,575.6338003119142,0.0074234307
282.0,588.903122716579,339.4084203553364,0.9755924,606.5684451024833,331.9094646732902,0.97302437,588.9989765613735,324.7524278876084,0.8639048,646.4024025921692,350.4560064598762,0.9355993,598.5488325049699,334.06133702888565,0.28200614,692.6778437715943,420.6236418394088,0.9761715,560.3443771369141,409.11453305805856,0.98193026,749.0244905216894,514.0536834684956,0.9052621,518.4725325718264,504.0257384212494,0.9140545,653.3023260618919,535.402043175721,0.90505004,606.842618912048,533.3497519550212,0.8925766,668.8217551787125,584.0772388083232,0.6465512,583.7738956356908,576.6857466098473,0.6608516,645.9648816259814,562.3262915232217,0.053690314,556.7891402297976,551.987605531951,0.059557587,688.3677621044515,579.3741519127749,0.0062800944,612.9586250177697,575.5511400981204,0.0076358914
283.0,588.7639670020874,339.470811014961,0.97526133,606.4547200766718,331.9968089635303,0.9726395,588.8760965009269,324.8289464669182,0.86267567,646.319351398284,350.5520117503108,0.93492997,598.4374088640418,334.10364697738765,0.28145814,692.4093197065167,420.4865879855747,0.97616744,560.0949508834367,409.0625791181544,0.9818958,748.8663458154531,513.8650230811925,0.905841,518.298238415105,504.0663562741641,0.91428065,653.4468010696833,535.2551507902247,0.9053966,606.3892792289728,533.1026246925953,0.8928919,668.5000913130202,583.8581980396377,0.6491273,583.3882087669255,576.5482380256248,0.6629847,646.1333806451732,562.0130352798756,0.054646224,556.5375164679903,551.9169658207991,0.060537666,688.2460990981633,578.6781630272881,0.0064548254,612.0104009957631,575.2130686412063,0.007838726
284.0,588.6108449189729,339.6046245582733,0.9749174,606.318746379319,332.1729417027136,0.97215307,588.7613008859296,324.95384059115133,0.8606566,646.2006310344923,350.7271104628967,0.9343706,598.3557104705098,334.1473285908828,0.27969253,692.1254666403504,420.3671851697285,0.97636455,559.850251481936,408.9520248566806,0.9820579,748.7500260275116,513.7176753453136,0.9074147,518.0832490021392,504.1196709368822,0.91578305,653.5898003583752,535.1623679858309,0.9066994,606.0689432678726,532.9445835678889,0.8943186,668.2311081649277,583.5547410609613,0.6592482,583.0959446963802,576.283062873865,0.67267674,646.2121379779617,561.7529929748832,0.05708167,556.3831506331801,551.7825108509227,0.06319067,688.1329045017594,578.1157879901327,0.0067147613,611.2932071262354,574.8585619413453,0.008149773
285.0,588.4608533078018,339.7344641165308,0.9744674,606.174557077137,332.3628745577637,0.9715289,588.6693813436821,325.0531260802634,0.8593181,646.0432318905342,350.9346801048438,0.9330852,598.3119710800428,334.1534912188613,0.280512,691.8413644206369,420.3127260139925,0.97601944,559.6264432933036,408.8263872877784,0.98194563,748.6714993224002,513.6433602839496,0.90631884,517.8473999846844,504.1784604393364,0.91579354,653.601881123957,535.1315329270849,0.9055882,605.9421579640075,532.8923875591076,0.8942204,668.071169635259,583.3809146960376,0.6544123,582.9517143762673,576.1038969732692,0.668969,646.1751899224636,561.7954255830315,0.055792123,556.3158411626187,551.843198550761,0.062060922,688.1047940359401,577.9903054359551,0.006583482,610.8768951556785,574.8097653538268,0.008015931
286.0,588.3410578551171,339.82593099645806,0.97427416,606.0455353102585,332.519068802629,0.9713198,588.6082258459409,325.0949926453103,0.857618,645.8420331210989,351.11844540022514,0.93299687,598.2775396881434,334.1033167482164,0.27774727,691.5431145614981,420.3365983500089,0.9759195,559.4221527264726,408.7228370356787,0.9819504,748.6077139641432,513.6364867032164,0.90679735,517.6177425207786,504.2305750217092,0.9164836,653.4529983497985,535.1378900166018,0.9064479,605.9494668237795,532.9277057833515,0.8952528,667.9691882436557,583.4769168079532,0.6564904,582.9043968596429,576.1603748741993,0.6713177,646.0070885775292,562.3316353581658,0.056225985,556.2822713653261,552.3097251677142,0.06259051,688.1791508953324,578.4642299412662,0.006603211,610.7227728111899,575.2523723255001,0.008046716
287.0,588.2584265727451,339.8696611950037,0.9737684,605.9330347413563,332.6160791222416,0.9706112,588.571766281266,325.0711137788172,0.8554852,645.582499736383,351.2172874090348,0.93165004,598.2243958996312,333.9726051964178,0.2765091,691.207850019845,420.41009786836406,0.97553265,559.2237228075145,408.63309389516814,0.9817352,748.5241613589399,513.6724920141198,0.9065697,517.4214598977637,504.26105832171993,0.91683435,653.2082683918907,535.1530062809496,0.9066466,605.9943962843498,533.0464148259167,0.89610827,667.7919452472495,583.8331432151904,0.65423334,582.8286363821752,576.447718474618,0.6695422,645.6688121201496,563.3670164665693,0.054370373,556.2180698670793,553.1921175693403,0.060702562,688.2300581533761,579.478790938743,0.006284088,610.780100849035,576.1348407855264,0.0076725185
288.0,588.1901899026836,339.84990262465533,0.97438425,605.8116523129535,332.6262526837696,0.9712291,588.5398824402629,324.9800343680088,0.85913265,645.278266401473,351.1842439812307,0.93215835,598.165597557016,333.7626929721017,0.2810979,690.8605978145918,420.4890770745808,0.9759855,559.0254542865141,408.5442001674628,0.9819805,748.3926807570451,513.7267080882068,0.90757513,517.2420266256105,504.2538232306939,0.9171798,652.9418649602635,535.140386351262,0.90729713,605.9924640552181,533.2071023818932,0.8962092,667.4423525082718,584.3267064884053,0.65666425,582.616024707141,576.8640970941952,0.6711916,645.1934012604893,564.6577182893622,0.05501309,556.1275934279902,554.3072000821626,0.06117809,688.0880610360532,580.7257722553327,0.0063435733,611.0202282861275,577.2362293070098,0.007724315
289.0,588.1142903283983,339.7678902688838,0.97366464,605.6667377335366,332.53966751201926,0.9701666,588.4873760254014,324.84857831786996,0.85540396,644.9913686297245,351.0138937471351,0.9304266,598.118500015999,333.533889364365,0.27805257,690.5764464933139,420.54667155074867,0.97554636,558.8361758178941,408.48630389601357,0.98176706,748.2236564131535,513.7912617354459,0.90723073,517.0274800450928,504.2110309027395,0.9178071,652.6941207302261,535.0731066928645,0.90772855,605.8760188612765,533.3305740733804,0.89740837,666.9736079368428,584.8145141485014,0.653055,582.2767906949516,577.313626167304,0.66839445,644.7706540339441,565.8422166579104,0.05290717,556.1161185571445,555.4236119474855,0.059091926,687.751790960899,581.8203803512678,0.0059955716,611.4144927888667,578.3462619974305,0.007319182
290.0,588.0435610658134,339.6821364678159,0.9727471,605.5412780129079,332.40887370165524,0.96891135,588.4097516541148,324.73470679182645,0.8514887,644.8170803264956,350.7621825248506,0.9286237,598.054157239831,333.34131724048683,0.27646297,690.4003758359343,420.58910426578626,0.97521436,558.6675203340251,408.4957985157953,0.98152256,748.0634794305128,513.8714225603037,0.90656614,516.7726989835849,504.17315703147233,0.9174961,652.4787846830307,534.967758911841,0.9071127,605.6335629284299,533.3872504480157,0.8971044,666.564214315037,585.2016128134017,0.6503757,581.9544106443997,577.7280832219878,0.6658037,644.5985050996428,566.6304593145063,0.05169007,556.2582841233684,556.3179690308696,0.05787328,687.4108014910814,582.53527192149,0.0058095157,611.869405662394,579.3212221038175,0.0070984364
291.0,588.0071861101899,339.6722181841808,0.9733842,605.5001243389409,332.3230930407867,0.9698913,588.3287824535473,324.68608839837987,0.8540785,644.8180585420279,350.51749024438993,0.930223,597.9320666560131,333.1789342151385,0.2772798,690.3010214967767,420.6491188913369,0.97559154,558.5262336853981,408.5701721731057,0.98152965,747.944207004864,513.966245735551,0.90699214,516.5277233539105,504.1855997232435,0.91607875,652.275422321293,534.8455454995772,0.90720046,605.3236934771606,533.4064765804782,0.8956296,666.3457389982507,585.494145569866,0.6529585,581.7867669454879,578.0867254391824,0.6665695,644.6593995093799,566.9390538732745,0.05315438,556.4474178920016,556.8395930051277,0.059072584,687.2338555516799,582.902809352946,0.0060302615,612.1958913658586,580.101892726286,0.0073295534
292.0,588.0193295918122,339.7700285544206,0.9738494,605.563060309313,332.34000844341955,0.9704031,588.2745983448189,324.711529882071,0.8572148,644.962292285936,350.3529727018372,0.9304105,597.7544547362178,333.0200282544906,0.28112888,690.204661012658,420.75880800218704,0.9758031,558.4005688009236,408.6819502717892,0.98162496,747.8460610362608,514.0583037896936,0.90662503,516.3208970839374,504.2542947719106,0.91565263,652.0337939617784,534.6955705395875,0.9068575,605.0258493064059,533.4185675817189,0.8952606,666.3127893185783,585.7634135051455,0.653187,581.7962261328291,578.4147401092794,0.6666452,644.7726314160852,566.8820167814026,0.05385816,556.5074532118356,556.9902022213761,0.059836,687.2399033227423,583.1048354535163,0.0061517656,612.2600377227855,580.7210277272028,0.007472992
293.0,588.0792437225621,339.9517306008314,0.9735391,605.7070438049248,332.4645686482952,0.9698726,588.2693342932264,324.791595398731,0.8564194,645.1527165230989,350.309509404128,0.92854327,597.5511110648031,332.86192942687217,0.2801469,690.0590073301717,420.92083516058153,0.9752836,558.2513876582078,408.795766687325,0.981248,747.720575321847,514.1264200785213,0.90648544,516.1363474268439,504.355071748708,0.9156177,651.7292813477243,534.5227787803453,0.9083524,604.8011979058547,533.4398106078672,0.8968445,666.3986174938376,586.0258741039833,0.6516041,581.9225982206412,578.6990048699672,0.6650223,644.8145170310552,566.6382686931793,0.054184765,556.4004245701899,556.8576022527385,0.060159266,687.3383361485735,583.3014054649994,0.006202638,612.1312487293753,581.2036777612383,0.0075213313
294.0,588.1711982074319,340.1641067261669,0.973809,605.8923397725962,332.65680118075375,0.96997803,588.3087914231031,324.89342733402543,0.85852945,645.30400631327,350.3882172324545,0.9280523,597.3420518247159,332.7262499189725,0.2838068,689.8817661923897,421.11314783778096,0.9753952,558.0503032144678,408.8798910649231,0.9815996,747.5516184816224,514.178979032555,0.9066181,515.9618818936993,504.46059188870606,0.91722643,651.3909771803919,534.3713050453367,0.90887964,604.6794292683378,533.4766094028587,0.8987869,666.558490472139,586.2320160310092,0.65335584,582.091523129017,578.8763165344901,0.6683008,644.7972946285429,566.3400016611581,0.055206448,556.2079902862697,556.507745057105,0.061604977,687.4265233123401,583.5997001826194,0.0063602924,611.9653044370474,581.5402278380418,0.0077414513
295.0,588.2522225376216,340.3351380057852,0.97359425,606.0581158165617,332.83791036849465,0.9694067,588.351692332595,324.97351111297684,0.8600263,645.3679364724846,350.5474281588811,0.9262469,597.1372499508309,332.6491034515411,0.2903058,689.7385439486931,421.3080799576393,0.9753885,557.8321785938186,408.92824224340575,0.9816044,747.3741425159172,514.255247460576,0.9062458,515.8211046978741,504.5464659478955,0.9173119,651.0605754545254,534.2712157292026,0.90840137,604.6582677898098,533.5193887919972,0.89879215,666.7881170962963,586.3304783092088,0.6533903,582.2700938146905,578.8985420700753,0.6683338,644.7942030046172,565.977559619168,0.055397272,555.9900104480184,555.9267340720955,0.06184879,687.5107721517379,584.024718934837,0.006391287,611.8043958495339,581.7264382867543,0.0077702403
296.0,588.2777241071254,340.40599938997457,0.9743458,606.1417456091554,332.9341433033362,0.9703511,588.3490807059203,325.0048370409889,0.8635129,645.3201649398059,350.7273909557168,0.9275514,596.9438727779697,332.6736952801228,0.29283422,689.6603092343094,421.46837050062834,0.97558486,557.6634718293016,408.9681565731093,0.98187125,747.2228302265471,514.3735009135041,0.9061742,515.7448090507434,504.60956726580605,0.9179186,650.7582662538822,534.2170575742053,0.90851164,604.7072208045254,533.5487675113452,0.89948475,667.0728885852275,586.2847457867766,0.6524679,582.4586446439081,578.7646974339439,0.668397,644.8433620270844,565.4451154780478,0.05540797,555.7773414439386,555.1084280425637,0.062028646,687.668594169381,584.4379762821738,0.00640738,611.602320569918,581.745272740462,0.007812798
297.0,588.2491548012753,340.3849481922085,0.9744539,606.125551202867,332.9379463300921,0.9707376,588.2860310550274,325.0214080259958,0.8625016,645.1617694967498,350.8835869829286,0.9292162,596.7595105948445,332.8490264184836,0.29010317,689.6021848572085,421.5388121853032,0.9761702,557.5618215202956,409.0498228828538,0.9820335,747.0894006132835,514.4913342696601,0.9074851,515.7251785089608,504.68941295456597,0.9174957,650.5081676090482,534.2009598267153,0.90883684,604.7762262731126,533.5451297006789,0.89834666,667.3030302866409,586.0932558779464,0.6616585,582.5964350012359,578.5441414786592,0.6760266,644.9055317677974,564.760049297851,0.059759736,555.6343762332988,554.257990424532,0.06634927,687.8614001895953,584.57757168594,0.007028073,611.342397667554,581.5778992424382,0.008530825
298.0,588.2010950339846,340.3298601047094,0.974901,606.032403586694,332.8929006021445,0.9712055,588.1797637370391,325.0915931754339,0.86560667,644.9216319320603,350.9956821100248,0.92953277,596.58541568768,333.210082172184,0.29396844,689.5051513202518,421.4704881561668,0.9761362,557.5001228827643,409.2048542580913,0.9821117,746.9451567881771,514.5567772881373,0.9070575,515.7319296898901,504.83305032945594,0.9176353,650.377950669491,534.24264297548,0.9086114,604.8513586404295,533.5121472571345,0.89863515,667.3023472023465,585.7850107568986,0.6578238,582.5406101117054,578.3257246883019,0.67285705,644.9046611882561,564.0640613080818,0.0584006,555.5862980081541,553.6757732474081,0.06499031,687.9302966040898,584.2278342120505,0.006846428,610.9852778494337,581.2223907834953,0.008322388
299.0,588.1610182458751,340.28105392380587,0.9751042,605.9003189608286,332.8353591052345,0.97172254,588.0629531651772,325.23456281458436,0.86598074,644.6511724066311,351.0631143666745,0.93111587,596.445272854383,333.7149327277406,0.29321247,689.3794262592751,421.2802258115771,0.9762838,557.4632634679008,409.39842432094207,0.982054,746.7884916616081,514.596538771676,0.9068636,515.7576763720095,505.0333400754015,0.91608196,650.4275997294308,534.3737323234387,0.90765274,604.9835229506944,533.4949920145955,0.89636666,667.0011738455951,585.3910375164141,0.65398216,582.2088657595243,578.1172460183121,0.66794604,644.8160132922935,563.4207424793937,0.057072848,555.5474862146392,553.3880196351322,0.06319794,687.7928908196459,583.4623128394253,0.006711185,610.4596854992926,580.7377254743219,0.008130431
300.0,588.1471201331891,340.2563166034751,0.9750545,605.782074411434,332.7918896602912,0.9716339,587.9767748230938,325.4056108041093,0.86572576,644.4122464451146,351.1038015265899,0.93165267,596.3597650882814,334.22286337177104,0.2923023,689.301054709947,421.0791209243398,0.97633445,557.4529249986833,409.5553838903125,0.98225844,746.6488338676388,514.7150306931017,0.90730584,515.8038448082598,505.23910995937877,0.9173262,650.5695544833056,534.5873136130924,0.9071424,605.2091223703511,533.5456882009242,0.896405,666.5634977931876,584.9654933033335,0.65681386,581.7325814136727,577.8643274847099,0.67139506,644.695375694193,562.8131967782381,0.056756794,555.4511279656267,553.1247936662176,0.06308061,687.532966075686,582.712658950338,0.006656289,609.891030421587,580.2807324292453,0.0080785155
301.0,588.1603340402111,340.2722570455833,0.97512645,605.7098868500033,332.78617556480725,0.9717264,587.9357241883183,325.5605422619157,0.8666434,644.2401184242206,351.140140781276,0.9312974,596.3135390481398,334.6111902599248,0.2931155,689.3379094011945,420.9919797304864,0.97606814,557.4661920338434,409.64471780788597,0.9820235,746.5411350723534,514.9991816225021,0.90669435,515.8532008861368,505.40595685209246,0.91671187,650.5754170789403,534.8445199063469,0.90698254,605.4880473744136,533.6724643928872,0.896194,666.2558107875925,584.5531430051119,0.6512134,581.3618641998986,577.5179608945862,0.6657952,644.5931194582489,562.239468209447,0.055347353,555.3176674717364,552.6570431402653,0.061501324,687.2639306528299,582.3788304753991,0.0064931214,609.5564752717944,579.9943415911623,0.007876545
302.0,588.16833249621,340.3233336785179,0.9748219,605.6540975078599,332.8081765077941,0.97119606,587.9025657654512,325.6965736507407,0.86514914,644.128566671687,351.1770123635112,0.9311317,596.2808840656447,334.9020650991413,0.29549804,689.494269791457,421.03531501498094,0.9768326,557.5026359762586,409.70733816409535,0.98254097,746.4452404568993,515.4198601914634,0.9078266,515.8826626836951,505.49346203912285,0.9177688,650.3156713814701,535.122683086721,0.9068631,605.7327014001606,533.8246594106199,0.8962934,666.1888659709795,584.1149553793931,0.6602867,581.2097126244117,577.0566489306021,0.67459023,644.4937921916571,561.6913430272667,0.059025973,555.1491671866327,552.041928628561,0.065544546,687.0001027672622,582.3737700251996,0.0069913864,609.4726090199492,579.8848511976923,0.008484513
303.0,588.1365084891721,340.3667793269544,0.9754629,605.5569118116438,332.8152465255183,0.97204435,587.8438164068228,325.82592841419125,0.8687546,644.0537172756084,351.20503611611963,0.93218434,596.2964561428871,335.20155854655434,0.29803237,689.7388917578485,421.128377952593,0.97675633,557.569961954976,409.79889924724523,0.9826485,746.3420756793729,515.8451181365666,0.90720344,515.8778593301254,505.46086587176546,0.9181833,649.9048043975902,535.4042458355334,0.90700424,605.8566035608833,533.9376555878131,0.8971815,666.280390387743,583.5937207372083,0.65911734,581.1969121509715,576.5192823476818,0.67468876,644.4147527879504,561.1368386031148,0.0591259,554.9615841854388,551.5193580979051,0.06589782,686.6753293616549,582.251446618659,0.007005185,609.432720426895,579.856798252766,0.008522332
304.0,588.0672977012832,340.36304168619563,0.975459,605.3924003162826,332.7827334690711,0.97228825,587.7806656108096,325.94811784156065,0.86763895,643.9845619627774,351.2158071073293,0.9332603,596.4412775591243,335.55296876719524,0.29476017,690.0506476126939,421.2110199655889,0.9768009,557.6637269401731,409.9386755911638,0.9826361,746.2403707866631,516.1680521611177,0.90722936,515.8406004681212,505.31291017415674,0.9176398,649.5361644070236,535.6498020853209,0.9067681,605.8358576395365,533.9955316920016,0.8963225,666.3986205554256,583.0510359273986,0.6608257,581.1900619239245,576.0295994837998,0.6761423,644.4475576196177,560.5968361944782,0.059963673,554.8576723057871,551.2645306893925,0.06664264,686.2174193815938,581.777443614153,0.007143259,609.4129817883445,579.8705824343125,0.008676499
305.0,587.9884153109442,340.3405293531446,0.97408175,605.1821142129231,332.7415598120857,0.97053623,587.739972982785,326.0750337575291,0.860099,643.8955175825806,351.19588472277616,0.9318036,596.7049811238246,335.90900447375645,0.2897781,690.3863992272543,421.2802773732185,0.97706825,557.7634736832648,410.1157730431171,0.9829221,746.1568506234123,516.3714867885828,0.90881836,515.7864086345556,505.1160867693675,0.91939056,649.2642573092774,535.8108083525947,0.9070165,605.7311915877824,534.019958233199,0.89716685,666.4545931299393,582.6835624804561,0.6755343,581.121640704536,575.7716589091877,0.69064826,644.5905259876517,560.2327677712266,0.064199686,554.8878931280151,551.3598746163452,0.07150179,685.647489684213,581.203393041869,0.00766477,609.5502072104208,580.0474151678225,0.009323388
306.0,587.9183383620075,340.38742010465023,0.9732462,604.9696014706451,332.75840274427065,0.96962655,587.7040249653176,326.2425841335972,0.8551911,643.788124768929,351.1336372784247,0.93116856,596.9511075563012,336.1999641088719,0.28473336,690.6579407077397,421.3466922963977,0.97679794,557.8438461439772,410.31054116328914,0.98271024,746.0998664186034,516.4755643152963,0.9086851,515.7188912154513,504.9484026945353,0.9191874,649.0305856072393,535.8573002109827,0.90696263,605.6061615264537,534.0283048593096,0.89693713,666.4236799138682,582.6998559023534,0.6740235,581.0147949068345,575.9116433881363,0.6891728,644.6975261888492,560.3025395090428,0.06345233,554.9763144109745,551.8997005277123,0.07066792,685.0940944039949,580.9681225278398,0.007555932,609.8808314077,580.5682241469724,0.0091896355
307.0,587.8499647335709,340.56463373484183,0.9726489,604.7760848655425,332.8830165307221,0.9687799,587.6415077699734,326.47525739065384,0.85342914,643.6722000574232,351.05850506806894,0.9293276,597.0756684636815,336.402106760341,0.28485188,690.8019683063624,421.42231268784406,0.9764197,557.8776434603665,410.50352308387596,0.98240423,746.0855205289997,516.505510605642,0.9079218,515.6217150345449,504.8464017419379,0.91863334,648.8120869824156,535.8150905636061,0.9068067,605.4715769735728,534.0390936300072,0.8969658,666.3271723549367,583.1593363143442,0.6715552,580.9104894683509,576.477949624313,0.6866596,644.6612176118589,560.9373777637796,0.06297377,555.0478781125686,552.9177283196029,0.070156336,684.6515563855728,581.2372632586735,0.007492751,610.3248633932762,581.4510403880624,0.009104103
308.0,587.750656712484,340.8531017508177,0.972091,604.5699623188173,333.1165131766162,0.9680059,587.542902388511,326.7630810897461,0.8519254,643.5257536634599,351.04186212600064,0.9272082,597.1182017911831,336.55775353890675,0.28382844,690.8412027210753,421.5235298695563,0.9754608,557.8522906662462,410.67747414855796,0.98173904,746.1259977177988,516.5082669276815,0.90598965,515.4958430645877,504.8024434690242,0.9175343,648.6422142553076,535.769013600775,0.9061136,605.339786393623,534.0761914384555,0.8967385,666.2026344714825,583.8769503178023,0.6586311,580.8102989570475,577.2703863317104,0.6745349,644.5148291561545,561.9035875639896,0.057925373,555.0806263654027,554.1665052727221,0.064781964,684.2711480517817,581.7228627295572,0.00678432,610.7818485008756,582.4034672819038,0.0082576275
309.0,587.5802769426498,341.17454827667916,0.97104394,604.2860688274193,333.40990008860416,0.9666612,587.4128942483765,327.06838353041064,0.8477063,643.2958629682055,351.1271984961163,0.9249209,597.1942941573141,336.728431738572,0.2811932,690.8489451948046,421.64496651547245,0.97485185,557.7897210000983,410.8141203481297,0.9812447,746.1849095154521,516.5331166638334,0.90512556,515.3821367432662,504.7884325928262,0.91683245,648.5403171110968,535.791307096001,0.9059279,605.249542328,534.1421481390192,0.89659953,666.0912065174368,584.5024664575042,0.6530436,580.707765713139,577.9373305041674,0.66888046,644.3718950654455,562.6776153010608,0.055674255,555.0755753490216,555.148175180968,0.06231141,683.8208120868146,581.9225544817803,0.006459266,611.1813619386436,582.9723239250086,0.00785777
310.0,587.3327540578391,341.4440513588739,0.9705071,603.8907607566871,333.68703237740124,0.9663384,587.2637063580505,327.3466777483467,0.8438808,642.9501123052901,351.2754706902273,0.9251435,597.3792109024523,336.9399076392545,0.27556115,690.8817158628495,421.74884822240153,0.974483,557.7360643276982,410.90177121153516,0.9808353,746.1971262057511,516.5870526718539,0.9047369,515.3221067138664,504.7697176123324,0.9155036,648.4983172138229,535.8760070480215,0.905334,605.2062316786717,534.2119987140235,0.8950535,666.0092926727608,584.7874319185769,0.6487563,580.607431620344,578.2466641900913,0.66393197,644.3332418027401,562.8988273884254,0.05421266,555.0717960795681,555.5461545863711,0.06048587,683.2148588464571,581.5669991768491,0.0062863827,611.5173109030536,582.944975057165,0.0076340735
311.0,587.0593552892766,341.62478694201127,0.96838063,603.4385668974203,333.89425137486467,0.96362,587.1203427032608,327.57460837015014,0.8337451,642.5395161455623,351.41079406377617,0.92197996,597.655008304468,337.1773379704353,0.27007788,690.9501511666484,421.79925927875297,0.97420657,557.7198746187612,410.9541463309258,0.98065245,746.1401571247332,516.635407005808,0.90501446,515.3129135262318,504.7342540876127,0.91625285,648.5229982757564,535.9655091730825,0.9052434,605.1626560691012,534.2626574335374,0.89560205,665.9364342734588,584.7798954399232,0.6536913,580.5026887529644,578.2747833229414,0.6690924,644.431126643382,562.7024398583661,0.056011707,555.132995082759,555.5462561280617,0.06260246,682.5135417006081,580.8198430174616,0.0065323114,611.824851028141,582.5389865590213,0.007940531
312.0,586.8269677170656,341.7407383479774,0.9664296,603.0417775205252,334.0345928637288,0.9613806,587.0086638476201,327.7526786097162,0.82252157,642.1806746215399,351.50889701188055,0.9203765,597.9382977922605,337.40087314925256,0.2608952,691.0264385592004,421.8010722590633,0.9740205,557.7224740112215,410.999938563754,0.9804132,746.051347088687,516.646902045642,0.9059159,515.3217312549801,504.7162195231242,0.9163259,648.6290957065482,536.0199814235802,0.9053539,605.0790217328488,534.2980281890298,0.8951789,665.8677367943569,584.7128445524777,0.6588077,580.3932229289744,578.2679400089164,0.673359,644.6387471688327,562.4949224427858,0.057096034,555.2763709574242,555.5655307202619,0.06366685,681.9153218037559,580.0661279834466,0.006654799,612.1117674257059,582.1430752082538,0.008078694
313.0,586.6550314240337,341.82262729747345,0.9670901,602.7603756884607,334.13559156556994,0.9621428,586.9322534791044,327.87562508910185,0.8273208,641.933165216471,351.59578436283994,0.92059994,598.1591452693569,337.5605848687845,0.2652976,691.0750767873485,421.79615240403683,0.97380674,557.7032672740161,411.05269101574936,0.980304,745.9875611415753,516.6354912644765,0.9045736,515.3268533217719,504.7640914208659,0.9155438,648.7751980708758,536.0376698331052,0.9041401,604.9553764655037,534.3357797017122,0.89428365,665.8384267454787,584.7441581072751,0.6521133,580.310817071563,578.364599076745,0.66714656,644.9010832467036,562.4807577225722,0.054530263,555.4526841410191,555.7558988208384,0.06096956,681.5799418063621,579.5734293083233,0.006327927,612.3605719776854,581.9599458274711,0.0076901913
314.0,586.5134267884272,341.86811274215415,0.9654558,602.5580135049627,334.20409677965125,0.96025866,586.8659166592265,327.930738493494,0.81809276,641.7436520348157,351.6823028073176,0.9188273,598.2897838940119,337.6338287045175,0.2572437,691.0744500299293,421.82108269737523,0.9734427,557.6374061034937,411.1183070716594,0.97987735,745.9801218578611,516.6450740082926,0.90525013,515.3219822289849,504.89844322665704,0.9152989,648.8610842529147,536.0230303211633,0.9046967,604.7838275126015,534.3684658225014,0.89411736,665.8699629877257,584.8627374656628,0.6539278,580.2858946797385,578.5296945781282,0.66800785,645.1494083518967,562.5736049547094,0.054846942,555.6022575280002,555.983180407868,0.061106503,681.4786231931157,579.3572273651866,0.006340593,612.5595788693539,581.9529227348318,0.0076908767
315.0,586.3619947035761,341.8717394199808,0.96475494,602.3676386422849,334.2393612113883,0.9592665,586.770074666199,327.9330433685208,0.81503093,641.5324794194984,351.76333534452215,0.9174298,598.3104045989745,337.6592649943304,0.25551823,691.0189846070089,421.8842854866091,0.9731283,557.5198666135802,411.2190816750783,0.97978234,746.0109996307373,516.6962677039812,0.9051136,515.3064713622698,505.1056913347742,0.91584253,648.8075390779654,535.9696785319745,0.9049859,604.5231692049986,534.3631174603121,0.89508367,665.9403537944393,584.9732474895862,0.6528684,580.306162873962,578.6666250715275,0.66761315,645.3077028284765,562.65262121388,0.054454267,555.6532805749966,556.1336707601984,0.060855657,681.4667160291945,579.3039484480105,0.006281674,612.6501512528404,582.0162210431297,0.0076338947
316.0,586.1582680721908,341.82850672647845,0.9646141,602.1368166677141,334.23795028175414,0.9591551,586.6053633600496,327.9074782281366,0.81450844,641.2624056316839,351.8527679259198,0.9174296,598.2092749115291,337.70896253898593,0.25580558,690.9202992503158,421.97600907609296,0.97324544,557.3632913098378,411.3807787176825,0.9796618,746.0283846398374,516.7695857654628,0.9050175,515.3044494301405,505.3525400676662,0.9146545,648.6199555968178,535.893336770619,0.9044957,604.1764339305987,534.3170296692577,0.8936479,666.0343391657348,584.9398182061539,0.65196514,580.3463446373598,578.6491954431181,0.665627,645.3167575708133,562.6366239161382,0.0544385,555.485301543825,556.1540814978034,0.06056437,681.459700358808,579.2928731031454,0.006288439,612.494379454246,582.0489639981473,0.007618457
317.0,585.873740813987,341.70861451099614,0.96401167,601.8452558677196,334.1726646657223,0.9583597,586.3551170023422,327.84071321801713,0.8124975,640.9435146757819,351.9618876990856,0.91606164,598.0034758194989,337.812929737024,0.25495714,690.8009721816111,422.07877297543774,0.972854,557.1847735933351,411.60455429390436,0.97945106,745.9907051291696,516.8249915308722,0.90474236,515.3526448964278,505.61368605846076,0.9149649,648.4004568743941,535.8587550885137,0.9044894,603.8728792558193,534.2870659276189,0.8941905,666.1676618526845,584.6930182188128,0.65069544,580.4007322356133,578.4173595200705,0.66483545,645.2016037227995,562.5561123281648,0.053132027,555.0740956758536,556.0868969184047,0.059287697,681.4801780049845,579.330636947428,0.0060747266,612.0468210518129,582.0470793054303,0.007372141
318.0,585.5535619585582,341.5212279794852,0.96561736,601.5464802265822,334.04381458592593,0.9607705,586.0629850573405,327.7284935674767,0.8158126,640.6455306925285,352.0709133842845,0.92150116,597.7398998631932,337.93734749071547,0.2530725,690.6891644464723,422.16701942049485,0.97407866,556.9897345602662,411.851487096385,0.9805877,745.8979035221149,516.8129538845286,0.90696603,515.4266138573983,505.87634812153954,0.9169215,648.3280548758732,535.9267999774113,0.90596706,603.8089560729599,534.3449444535422,0.8952235,666.320235411082,584.4779511246641,0.66518235,580.4382712684138,578.22802576528,0.6800635,645.0983518930573,562.8503658406519,0.059367567,554.6812857657557,556.3623179887836,0.066037595,681.5423804873992,579.7514434904933,0.006944716,611.5594751578944,582.305233271105,0.008431286
319.0,585.3037159037643,341.3642362420343,0.96612066,601.3370008837076,333.9263033727481,0.9612162,585.8187272596217,327.6379122093717,0.819003,640.4558522429345,352.15407618136993,0.9220444,597.4897121388424,338.05004132993474,0.25697398,690.6121577711366,422.2119750402369,0.9744592,556.7959893146501,412.0563438121868,0.9810132,745.7861419648183,516.7004703890534,0.90696406,515.4436616358033,506.10530445310815,0.9179008,648.5599105149038,536.0608173952755,0.9050922,604.0622819643104,534.4973316359261,0.8954203,666.3918205382349,584.7006776873206,0.6722164,580.3746097343175,578.4914951510295,0.687608,645.0861656067079,564.039450092844,0.06012118,554.5933100139976,557.4885925529952,0.067261875,681.5621340178986,580.906163481475,0.0069553554,611.3441757666126,583.16216798846,0.008480787
320.0,585.1818541149787,341.3312656487244,0.96707916,601.2442244299749,333.89690500230563,0.9622606,585.6791900626379,327.64812454153093,0.8251691,640.3768429364683,352.2052199096456,0.92237234,597.3234531620521,338.1665174487192,0.2621897,690.5813724853911,422.20856849329334,0.9741342,556.6474545541806,412.1804869507762,0.9808585,745.6974628736573,516.5264659588842,0.9047132,515.3703858113488,506.24588628043415,0.9170017,649.0963786759385,536.1425520271828,0.9026012,604.4839130680693,534.6666000301607,0.8939722,666.2674450208526,585.3775626317729,0.6608012,580.1289923397248,579.2085880055649,0.67742336,645.04451130649,565.8790583168058,0.054720998,554.6774643551746,559.2331387672698,0.061674714,681.4199580591214,582.5422373792201,0.006206453,611.3443121388823,584.4427123707018,0.007609993
321.0,585.1483426131477,341.43384177218115,0.96669734,601.2009574520084,333.9694330846253,0.96182966,585.6251813877931,327.7757826693686,0.8238224,640.3198541666226,352.23249733237185,0.9216364,597.2611971573332,338.30986720682984,0.2604565,690.5840875245754,422.1915701262522,0.97346056,556.5679623683451,412.2396087079205,0.98036116,745.652448266675,516.392183665185,0.90314233,515.2465168902351,506.28137425302043,0.91577893,649.7824069144178,536.116050768908,0.90155154,604.797088792235,534.7746451930108,0.8927417,665.9263202082576,586.118837623349,0.6503906,579.702012419014,579.9651084098252,0.66732925,644.8647341400506,567.5351640930088,0.0512304,554.5762058373836,560.7788697131571,0.057781458,681.131232678669,583.9936141598091,0.0057535768,611.2873637864062,585.5819230891427,0.007052541
322.0,585.1295135621612,341.62917612025274,0.9659347,601.1384299368874,334.11937277062407,0.9606745,585.5992480281725,327.9789129647555,0.8210966,640.2090580508011,352.25724761814763,0.9200046,597.2500866443138,338.46041921755466,0.26048154,690.5749148239981,422.20133202633474,0.9734848,556.5360276177764,412.2646701177117,0.9804273,745.6374573277308,516.356945619556,0.9038356,515.1110444110213,506.25376377393525,0.917071,650.4095695477833,536.0362457567869,0.9022672,604.7953079619915,534.8068458878344,0.89409137,665.474684595549,586.6371583019112,0.6560554,579.2067719698127,580.4587124035916,0.6731181,644.6475585377113,568.524177237143,0.052479714,554.2146898157978,561.6203575508664,0.059298486,680.9246050593704,584.8930776643595,0.0058708787,611.1037835808474,586.2035811482607,0.007199317
323.0,585.0908797492472,341.86755722691134,0.9667603,601.0539133217072,334.3165449088524,0.96170646,585.5630149230877,328.2012469701302,0.8252374,640.0524666687509,352.303090070022,0.9209263,597.2136038570125,338.5767865689704,0.26296118,690.4992240521244,422.2331300355095,0.9734287,556.5255636121743,412.2605448465904,0.98032594,745.6200131067426,516.3804340212325,0.9028082,514.9736199243764,506.21833697605007,0.9161309,650.8055640383825,535.9494169599841,0.90138334,604.5179603838894,534.783253229701,0.893125,665.0572828509671,586.9390822041559,0.6466205,578.7939896623127,580.7003153179712,0.66399187,644.5353099127108,568.9729308060231,0.050009996,553.7679220003057,561.8529439751039,0.056572467,681.0708583935836,585.3824718527944,0.0055966377,610.8546134248326,586.3630591813306,0.0068710446
324.0,585.0422231557575,342.11957601431243,0.9664602,600.9822271411738,334.53928364623494,0.9612212,585.5130239186834,328.4108177058448,0.8235983,639.9095171033355,352.3786617201032,0.92064166,597.1181104981695,338.64013314847625,0.26263183,690.3507720761766,422.2573974564626,0.9738045,556.5257614467007,412.21541508915493,0.9806715,745.5901545642546,516.394473206956,0.9043018,514.8367732481015,506.20245160291984,0.91758233,650.9511387037271,535.8234172795433,0.9023274,604.2438245306089,534.7224244894417,0.89441514,664.7605869976903,587.1689051738736,0.65543574,578.5378628440267,580.8489591938136,0.67265415,644.533260692411,569.2838688816021,0.05203688,553.3489741076983,561.8805464359768,0.0589076,681.6175132316928,585.8503983847061,0.0058279335,610.5212905476354,586.4042836683051,0.0071600676
325.0,584.9955762065682,342.3685369139503,0.9672943,600.9336188252653,334.77621995801786,0.9623429,585.4642454445855,328.59539226152367,0.8274441,639.8068841193833,352.49135806112463,0.92103565,597.0003549066233,338.6566725694951,0.26239157,690.1819916851897,422.28876805621553,0.9734235,556.5170375607794,412.1350833810437,0.9803255,745.5743534678887,516.3894010575441,0.904783,514.7096983878056,506.1977271951214,0.91765904,651.0045492098586,535.6313100102384,0.90489995,604.1923093423983,534.6352456299974,0.8965182,664.6231924043961,587.4496949668144,0.6518845,578.4420591580654,581.035822887343,0.6688449,644.5784576030837,569.815404284542,0.05182019,553.0141758038166,562.0910648816165,0.058472008,682.3217065573788,586.5306239734538,0.005797416,610.1731168822695,586.6059575935523,0.007108152
326.0,584.9430645292864,342.5903720437076,0.9673861,600.8766085441637,335.0124341432896,0.96252584,585.4337916033849,328.74374415218915,0.82933325,639.71378562777,352.64854237508996,0.92059994,596.9495320588578,338.6457326887481,0.2647004,690.0564138376174,422.36504618280236,0.9731908,556.4920686237173,412.04498747607636,0.9797677,745.6065687357419,516.3975338203004,0.90353584,514.5959923148255,506.1644283800523,0.91527367,651.0930190843162,535.4125807218993,0.9031278,604.2647727527719,534.4949637510435,0.89360404,664.6831642222976,587.7675378264748,0.64431465,578.5229518013437,581.2554210823195,0.659654,644.6511066386558,570.571739856162,0.049120605,552.8308688124255,562.560492618647,0.055161893,682.916483995173,587.2269667657918,0.0054632723,610.0094172188183,586.9168773673473,0.0066716075
327.0,584.8738260581241,342.7689893676069,0.9669509,600.7771429200459,335.2271080763395,0.9619054,585.4244229257926,328.8594247029398,0.8271434,639.5981353614796,352.8274816479567,0.9202163,597.0258517100119,338.64166674401906,0.26426744,689.9938490582413,422.46360670619805,0.9730678,556.4997611879913,411.97021093415975,0.98008204,745.6981945995785,516.4150414703433,0.90291774,514.4793794088455,506.0724409080578,0.9166117,651.1602140653456,535.2098089766356,0.9026252,604.2154653872324,534.243733560237,0.89474684,664.9307520686853,588.0411352565693,0.64686054,578.7916713219295,581.4510832787249,0.66436505,644.7368371088666,571.1551244579673,0.049390137,552.7538619892872,562.9918162008803,0.055930853,683.3957967345584,587.5269793410439,0.0054512024,610.0286865312958,587.07346381295,0.006700963
328.0,584.7924271891036,342.9132114858395,0.96521574,600.6307693574194,335.40352434753015,0.95959586,585.4158466188965,328.97026641694686,0.8188879,639.4562546514387,352.971421583568,0.91708446,597.1901628458113,338.6884148328277,0.25899428,689.9600866510959,422.51207103849197,0.9724399,556.5994291133422,411.94177844051467,0.9797789,745.8387019690118,516.3889545627612,0.9031358,514.3585441103914,505.96251740710363,0.91780066,651.0935005907838,535.0275931347965,0.9032318,604.0234597302949,533.9139902642912,0.8965224,665.2184129742809,588.2796166712335,0.64658225,579.1439702415234,581.6656425220775,0.66502154,644.7391640743338,571.1966070003455,0.048618853,552.624034152861,563.0732225664102,0.05532691,683.8623203894076,587.2747553160877,0.0053237975,609.9851155299382,586.9330121839189,0.0065675676
329.0,584.7133105440909,343.03831243670913,0.96591383,600.4541488535679,335.53323779372124,0.9602906,585.3860087863035,329.09961070111217,0.82142913,639.2919293371112,353.03348182074217,0.9173027,597.3545467120556,338.8087699146945,0.25861627,689.921854099644,422.4764779470692,0.97183603,556.777642914216,411.98617418713025,0.97994035,746.0077312264984,516.2982738130925,0.902326,514.2772947822973,505.9222055224538,0.9196012,650.8812969227454,534.8644208942608,0.9042238,603.926341521519,533.6733186887116,0.8997278,665.3234505199397,588.5160618710636,0.6366778,579.366102226699,581.9431741861708,0.65869117,644.5481105594192,570.7168792402559,0.045765013,552.3439215158721,562.7862720548401,0.052700907,684.2448994239694,586.698761737289,0.004966378,609.7356821250557,586.6061569556352,0.006181538
330.0,584.6463305470857,343.141964736423,0.9629164,600.2809118893888,335.6156301670785,0.95690763,585.3371365047037,329.2317673252611,0.80752707,639.1294909358095,353.025306716185,0.9130438,597.4696465649552,338.96946896788137,0.2477414,689.8838018466456,422.3908472165796,0.9706487,556.9589712768234,412.074877934705,0.9783343,746.1705046311539,516.1896223946866,0.90274876,514.2650269280557,505.9767654265635,0.9165584,650.6157641964671,534.7254204997271,0.9057181,604.0716327581774,533.6400247563516,0.8980026,665.1616503089926,588.6831653950003,0.6308563,579.3304701131676,582.1808644713909,0.6486463,644.1908175587391,569.9960321589016,0.045252115,551.9604623947944,562.285362554575,0.051226437,684.415240744763,586.1061503762528,0.004939258,609.366754914792,586.2409422525263,0.0060614944
331.0,584.5924988755816,343.2122896091636,0.96249783,600.1541444491527,335.65956382746526,0.95659804,585.2874699487609,329.3272494323089,0.8046547,639.0207141617661,353.0028485079267,0.91339815,597.5310110908707,339.1009873538065,0.24516958,689.8545714745986,422.2979492485859,0.97084075,557.0909212334882,412.1311535458933,0.9782001,746.2850943061962,516.099223559092,0.903309,514.2912119297051,506.05844389006745,0.91560376,650.4127406287805,534.6126506513224,0.90583503,604.3496367929781,533.7435821188413,0.89680177,664.8725427860295,588.6548238644601,0.63327485,579.138095258747,582.2006924290641,0.6495118,643.8136955346533,569.2081624577202,0.045874774,551.5927394194101,561.6205638828121,0.05163318,684.4263773130044,585.5533358986994,0.005010098,609.0122795732331,585.7742800241613,0.0061241984
332.0,584.55326357105,343.25964296491134,0.9631399,600.0902280795189,335.68703475731024,0.95759976,585.2500794485202,329.3814359885639,0.8072925,638.9894494484593,352.99746911030354,0.9144319,597.5530262607081,339.169852928692,0.2444165,689.8361073909194,422.2049369951202,0.9705994,557.1828658423146,412.11171789279103,0.97793376,746.3292737190097,516.0139141099864,0.90286624,514.3195096462169,506.0987300868054,0.91472423,650.3455696397439,534.5332426173859,0.9060981,604.6101332792181,533.8597882022286,0.89642096,664.6547578784978,588.3533455137787,0.62922376,578.9926095038672,581.9102649666453,0.64510226,643.5687934162827,568.316648797329,0.045375794,551.3702492752218,560.7271368003716,0.050929904,684.415199286906,584.8839248951709,0.004972577,608.7911749366317,585.0305129627867,0.006067008
333.0,584.5382911743334,343.30949677086664,0.9628832,600.0769873726684,335.7177210188872,0.95735466,585.2289978266678,329.4265717484751,0.80461437,639.0160743572415,352.99329063699236,0.91481096,597.5493039544177,339.1960698743078,0.2421664,689.8481269902031,422.1147794661292,0.97103983,557.2565764731974,412.0417716159383,0.9782373,746.3090688223397,515.9379636755973,0.9044317,514.3411895704139,506.0910963324854,0.91567767,650.41283606813,534.4896058563311,0.90724885,604.7833742912258,533.9376999248757,0.8972948,664.5970787419708,587.8409817368549,0.63728315,578.9924489697751,581.3924205643572,0.6526426,643.5645723375567,567.3521514412375,0.047705024,551.4134700176244,559.6872908214715,0.05340904,684.4063039315774,584.0710162685416,0.005271107,608.8342944067504,584.053422787666,0.006423354
334.0,584.5547773366025,343.36431119703497,0.9630749,600.1059214975389,335.7498215594693,0.9577166,585.2228156195602,329.4750678366677,0.8055738,639.0814259942995,352.97218634686976,0.91530037,597.5190473502844,339.19951730213927,0.24255782,689.9012305117985,422.04891632463637,0.97116494,557.3051736718742,411.9610541544729,0.9781803,746.2543682032656,515.913099260732,0.90439194,514.3383315968149,506.04940286652806,0.9150106,650.5380482146325,534.4328947253608,0.90708804,604.756056086082,533.9056721016327,0.8966178,664.6757763951637,587.3435423160236,0.6371429,579.0983193364777,580.8869483738133,0.6517714,643.816914488998,566.5893454716635,0.048237115,551.717558381294,558.8349483912468,0.053853154,684.375892220851,583.3632162487393,0.0053778887,609.0924729385653,583.1935832761931,0.006540835
335.0,584.5956056590472,343.40619148714075,0.9640023,600.175713650092,335.7741402241087,0.95877624,585.2290771889632,329.5095990531344,0.81061554,639.1830233388455,352.9464142396869,0.91689765,597.4642360938951,339.17587510748723,0.24848196,689.960594891123,422.0106962271989,0.9721339,557.3297673713728,411.8671748493184,0.9788854,746.2075973465807,515.9529257571407,0.9046631,514.2699633710715,505.9533203806607,0.91529953,650.6224063944742,534.2628256193607,0.9060943,604.3431058769313,533.5906854933114,0.89580214,664.8403581346155,587.1046584561686,0.6454868,579.2477817369365,580.6308125402793,0.66000426,644.2313657808893,566.2748335685585,0.051565737,552.0585500488254,558.4562755358282,0.05757767,684.4330698177163,582.9811128943893,0.0058470666,609.1878566717135,582.7558817968874,0.007114142
336.0,584.6504033513689,343.4313583935664,0.9640266,600.2808176246654,335.7953944324278,0.9589938,585.2503261080158,329.526086567534,0.81109345,639.325715192433,352.94016010594237,0.9169146,597.4105057210262,339.1307084727736,0.24804854,689.98677040547,421.9617227030086,0.971475,557.3786573081835,411.7311412230009,0.9783238,746.1840502359607,516.0083146933179,0.90224695,514.1033116575387,505.77088902974594,0.91296387,650.6688334196183,533.936539094717,0.9035915,603.4821124335783,532.8651409327683,0.8930753,665.086949196217,587.1377344177127,0.6316573,579.45918435747,580.6334050778315,0.64651823,644.7107548112322,566.2777821320182,0.04673019,552.2172705991505,558.4344063933854,0.052303046,684.7790003704874,582.752728300232,0.005219847,608.7884521432087,582.571521344426,0.006361544
337.0,584.7219132256724,343.45260197009327,0.96455073,600.4101862218226,335.81964548926845,0.9591106,585.2979333504331,329.54617343434825,0.8149337,639.5165980996567,352.9534837221931,0.91541886,597.4113223324341,339.1007312105943,0.25103557,690.0089802112554,421.8669222307252,0.971124,557.5089761412403,411.5564498919499,0.97867966,746.1456427169784,516.0200624094336,0.9029355,513.8432886645023,505.51509888850194,0.9165628,650.8214351903036,533.5764204728914,0.9061041,602.3952960049354,531.8540415319162,0.8982668,665.417234823487,587.2203978792041,0.63653165,579.7734226116208,580.6893150564886,0.65453976,645.2328658831066,566.2606323358414,0.0481835,552.3130904799739,558.4206503835933,0.054522514,685.3855098190438,582.2338813046027,0.0053698123,608.1614968378697,582.1084006483746,0.0065934956
338.0,584.823591444474,343.4648976131524,0.96618396,600.5557813979516,335.8243571268575,0.9606072,585.3879642134867,329.57869831259256,0.82334673,639.7595546998812,352.9529545001344,0.91653883,597.5213938906256,339.12288527429325,0.25890064,690.103607188621,421.7462570152424,0.97146726,557.7181963463654,411.3949469189322,0.9798955,746.0437023180452,515.9952915241472,0.9022396,513.5517133735312,505.23822802229813,0.92065346,651.1734399653108,533.3734365430134,0.9052879,601.467094654995,530.8793533813401,0.90205264,665.6959794882207,587.1659054124974,0.63606983,580.0647975980899,580.6334086451828,0.65949965,645.7451543881227,566.1149881887601,0.047194988,552.6021088458061,558.303616282707,0.05458045,685.8878530630325,581.2872319271413,0.0052514374,607.8835470075164,581.1805371720259,0.006558478
339.0,584.9619571965358,343.4273997627233,0.96492004,600.7282172202185,335.75934221730427,0.9588561,585.5238932213994,329.58792602369704,0.81814706,640.0533277620859,352.9065445434453,0.91397166,597.7268126928909,339.1898753946401,0.25602406,690.2806222469958,421.6456660668821,0.96983266,557.9372681982948,411.2952205786755,0.97944045,745.8803203055284,515.9804531458816,0.89732933,513.3328123354195,504.9778344062561,0.9203212,651.6328416070772,533.3777336484904,0.90130585,600.9347186966692,530.1800270824845,0.9015615,665.7037373457536,586.926626261727,0.61197305,580.078554197158,580.419682302398,0.6404963,646.1017669401826,565.9194680275064,0.04042664,552.9539454127568,558.1863772289632,0.047816843,686.0128665819379,580.3223195159917,0.004436493,607.9293693389463,580.2728218220925,0.0056274235
340.0,585.1189052078338,343.2994148009018,0.96569586,600.942741627154,335.59720878907166,0.9600965,585.68175544308,329.5189744444351,0.8211864,640.3864022094634,352.82669500682124,0.9167564,597.9332202229367,339.2445893391591,0.25807962,690.4547897917532,421.58000975379366,0.971257,558.0960903279233,411.2514782271487,0.97973686,745.7075982388043,515.9727476991561,0.8994779,513.2599520862963,504.7384577645306,0.91881907,652.0459282495823,533.4815720049447,0.90188265,600.7277796170122,529.7628048798249,0.8992389,665.4267515706085,586.5277732704074,0.6271826,579.7636946832479,580.0535249089667,0.65124726,646.2180812310723,565.6946860910116,0.045295626,552.9678354369565,558.0959857273766,0.052663773,685.9152185266627,579.7853490741768,0.005058706,607.6805225947335,579.9066276590974,0.0063377023
341.0,585.2647796881625,343.10058951928744,0.9664047,601.1915389477479,335.3814478558228,0.96083343,585.8273818595221,329.36560453939785,0.8240094,640.7349233929176,352.76627188410805,0.9173511,598.0548960235931,339.2363415826867,0.258213,690.5562425928208,421.5437855868737,0.9712762,558.1854199104858,411.2201838382838,0.9799298,745.5750696000961,515.9399348404866,0.90138507,513.3244656278891,504.5150472622047,0.9208747,652.2756842560013,533.5589246321221,0.90444195,600.6392165423368,529.4987736037276,0.90202266,665.1163850720322,586.0654803927456,0.63064355,579.3715795476966,579.6016369959366,0.65505636,646.17886576047,565.4502438882223,0.044721067,552.5233858057378,557.9836715169376,0.052085936,685.9225535429516,579.764314812667,0.0049159825,606.7915666318513,580.109588323352,0.006162882
342.0,585.4003480553866,342.9210025796699,0.9669914,601.4630923989764,335.20619398786954,0.9617517,585.9501703594698,329.20368219313156,0.82539475,641.0886798111837,352.77151161140785,0.9194163,598.0720469347244,339.1890471899879,0.25809425,690.6060363665998,421.53969115901646,0.972054,558.2507739704803,411.17743548832226,0.980191,745.4997329496463,515.905712072003,0.9022579,513.4671987819322,504.31616158909395,0.9199234,652.1542752542274,533.5388248307543,0.90425605,600.5915851844885,529.2806145933582,0.9002919,664.9951974137737,585.673708514642,0.6371392,579.143792993571,579.1792875673689,0.6596856,646.1192863890899,565.2691317746991,0.04708582,551.8109468629335,557.861652579736,0.054362983,686.2029115602718,580.2192515408469,0.0052319765,605.4137059906393,580.7276019474726,0.006522447
343.0,585.5664516294097,342.8373970892952,0.9679222,601.773046025251,335.12763540144874,0.9625411,586.0715377872062,329.11591469059863,0.83107495,641.4690769993093,352.833113450323,0.9195067,598.0105167877379,339.16443016252424,0.26380336,690.6582061549784,421.5612108468325,0.9723797,558.3379317139699,411.1334965898295,0.98084235,745.4831625052725,515.9329706569446,0.90327024,513.6329392059419,504.17287911426604,0.9230186,651.6098004051744,533.41351822723,0.90550405,600.6397139883,529.1082861793923,0.9036918,665.0363348208033,585.4654014383366,0.64797914,579.0717654813818,578.9104778747537,0.67256653,646.0600450615298,565.256628174593,0.04957202,551.0153164331607,557.8381941508128,0.05773595,686.712659051597,581.1090208320322,0.00550285,603.8152502889063,581.7042521159135,0.006906539
344.0,585.8090989285454,342.810123228419,0.96746695,602.1513734103742,335.09560311357905,0.96206176,586.2370732557026,329.0699431574858,0.8286356,641.8941618198494,352.885504656143,0.9188029,597.9358861818394,339.1392078139144,0.26117235,690.7248250683432,421.5805652669151,0.9720049,558.4526026306971,411.0839779700049,0.9806371,745.5226311582438,516.0207817058579,0.9040359,513.7976485304048,504.11381607450824,0.9236369,650.8885322720835,533.2593043521711,0.90765405,600.7924047794104,529.0773093438538,0.9055936,665.0538918066982,585.4918731656823,0.64810646,579.0103941352445,578.870055660844,0.6729062,645.9010581316404,565.4420519576411,0.049482703,550.3549286419384,557.9764483661054,0.05759433,687.158305287288,582.1095036983518,0.0054478943,602.4071523323696,582.7411022733697,0.0068331957
345.0,586.1412024750687,342.70441467747014,0.9691212,602.5877913550828,335.00033056008544,0.9638754,586.5013398559156,328.932423827866,0.8376947,642.3236168339097,352.86372131883513,0.9199792,597.981391998842,339.00234850544825,0.26821083,690.8007552606466,421.57353651493173,0.9730857,558.5725709747214,410.98878879215204,0.98105246,745.6137654421036,516.0949639694591,0.907443,513.9694735769676,504.130888681113,0.9248854,650.3862388130054,533.1902014387014,0.911138,600.9790842256205,529.2667906136085,0.90750635,664.9246713079467,585.7086026708694,0.66578746,578.8967139905915,579.0260506001628,0.6875324,645.5649688070203,565.7366279591923,0.054870844,550.2291258666789,558.2006469303594,0.06308773,687.0301336165976,582.5697732269234,0.0060400963,601.8729112476733,583.1927053889908,0.0075032413
346.0,586.5288311207032,342.4323170855993,0.9703213,603.0122646439825,334.7829730046948,0.9655943,586.8816277065841,328.62508706307165,0.8432269,642.6774474422359,352.7444372071599,0.92234296,598.271035754,338.69666547666964,0.2701838,690.9118171466023,421.5403438045165,0.9725512,558.6760340129092,410.83684521036514,0.98082614,745.7701213617536,516.1159879429681,0.9040649,514.1778856261253,504.2091837171011,0.9226943,650.2453208796449,533.2514281707022,0.9078634,601.1643022239356,529.6661061162334,0.9046483,664.6557927887793,585.9951012839025,0.6414003,578.7528466098925,579.2698993153319,0.66525936,645.0793746739363,566.0387905914306,0.047790736,550.8705928222382,558.4567204532284,0.05532077,685.9872671013529,582.1462954936851,0.0052796006,602.6232340431457,582.7989153497465,0.006594628
347.0,586.919929205441,342.0531584436487,0.9668837,603.3760889381124,334.48842529974104,0.9611813,587.3206021117162,328.2199808434834,0.82688093,642.9360706440859,352.54941187661814,0.9176345,598.7414704201462,338.29371287478995,0.2630028,691.0655078766408,421.4951174021357,0.97186446,558.75057438822,410.67774522036837,0.9802977,746.0028634760426,516.1189723076398,0.90134656,514.449845778297,504.3487261082031,0.9202701,650.3383850838509,533.3898785934716,0.90355784,601.3529410565534,530.2032334011141,0.9003886,664.301213491856,586.2276803257382,0.63258916,578.5716225226503,579.4898945109815,0.65635747,644.5570462148171,566.3331822077151,0.045502692,551.9433680687109,558.7872032893724,0.052765846,684.3558729318064,581.2475273643627,0.0050318837,604.1795495345602,582.0726653925817,0.0062837303
348.0,587.2838586193104,341.72154041501716,0.9664147,603.6982432595648,334.22920162663877,0.9612904,587.7320159630282,327.8711972711785,0.8229501,643.1542183230335,352.3387322816784,0.91934025,599.1850276407961,337.91986732689065,0.25774023,691.214211126035,421.4418054242171,0.9723942,558.8065640078788,410.5422925092559,0.97974026,746.2749169053074,516.1448171820964,0.90280837,514.7798760245424,504.5080423292759,0.916427,650.5065274591104,533.4842679898346,0.9035231,601.4953890442434,530.7662753335865,0.89552355,663.9381447496157,586.3562415860147,0.63910633,578.3589022963284,579.6281934888661,0.65703875,644.1687494377302,566.6420234705697,0.047577053,552.9133715155036,559.193666631038,0.053905755,682.9368274238902,580.4288690323758,0.005286306,605.6762899509822,581.5487936839824,0.0064910054
349.0,587.6027550076509,341.55194594944396,0.96865714,603.9851842716097,334.1020130895407,0.9637842,588.0699755096035,327.68590310046477,0.8343824,643.35883176653,352.1779613025343,0.9214828,599.5028371510126,337.65546212135166,0.2657323,691.3381747183507,421.3734926422283,0.97287667,558.8709291058877,410.3978338135902,0.98021674,746.5346356915234,516.1978458066772,0.90310556,515.1311296688957,504.608134311921,0.91714555,650.6373970883985,533.4223459970711,0.9043898,601.5534869565445,531.269622399853,0.89672303,663.6668323178136,586.4136516705926,0.6354561,578.1902839608582,579.6949337586274,0.65398556,644.0428049893833,567.02229708798,0.04677552,553.651076455641,559.6634910855172,0.053064674,682.1575426573979,579.836303744154,0.005217105,606.8306259062899,581.2800858120474,0.0064107776
350.0,587.8455822523515,341.53629138875453,0.9672185,604.1957858470751,334.11147786756214,0.9619991,588.3218485589528,327.6535856286147,0.8274045,643.5260711216251,352.0944418464285,0.9196676,599.7381896356658,337.5034299134861,0.2625667,691.4790078424546,421.29642883577515,0.97277534,558.9546980836154,410.21941403117,0.98013043,746.7708014506302,516.2493224139564,0.90332854,515.4575129422631,504.61461578789783,0.91711915,650.6971170674005,533.20281334557,0.90368235,601.6027206169771,531.7193537567244,0.8958761,663.5537225217369,586.4439597139643,0.6374069,578.1371265545637,579.7165053134129,0.65560824,644.1408864364989,567.5447289074463,0.046655476,554.3239831349426,560.2103600559692,0.052951217,681.834573025023,579.4260969583548,0.0051877797,607.9009136156872,581.1210634849148,0.006374806
351.0,587.9935925793653,341.56007287415696,0.967155,604.3228283518538,334.15907812941714,0.9624841,588.4859075846707,327.6600240993546,0.82766235,643.6607636683018,352.06503610311796,0.9204044,599.9202501571856,337.405055919216,0.26120448,691.6504403494155,421.2270898770863,0.972312,559.0585181742422,410.0337339800651,0.9790918,746.9863988056879,516.2368277535672,0.9017252,515.7203996771892,504.5497082971676,0.9124204,650.7874406293911,532.9262294640433,0.9019964,601.732877185603,532.1374687762919,0.890728,663.6013059425861,586.4451669723483,0.6283014,578.2248368513847,579.6858606432609,0.64313513,644.2844763377359,568.1374219147448,0.044587076,554.9841172540155,560.724950774988,0.049954504,681.7161466378043,579.1420789039964,0.0049394667,609.0149518094449,580.8930914292929,0.0060116947
352.0,588.0696687917153,341.50687643536594,0.9664582,604.4237459657816,334.1333644776936,0.96164757,588.579965760361,327.58877632735835,0.8229769,643.8157025490434,352.0491432689512,0.920133,600.029578712758,337.2946414745646,0.25794291,691.7996270037099,421.16218384967476,0.97232634,559.1866307724741,409.86969871103435,0.97937334,747.1692012651138,516.0958203504517,0.90156806,515.9143933626419,504.436497384472,0.9134624,651.0318259818839,532.6764751765305,0.9013248,601.9587134002935,532.5114554224792,0.891261,663.7239438753737,586.415887348805,0.6289789,578.3974795292321,579.6076634551042,0.6453052,644.2977360897246,568.6789411829717,0.04443851,555.494652089649,561.0900001601144,0.050083905,681.7677352654466,578.9670897295327,0.0049304366,609.9350490008623,580.528366775482,0.0060319304
353.0,588.1161354146548,341.3669446760887,0.9692551,604.555892915959,334.0178279411008,0.96515185,588.6322015586269,327.4287232325189,0.8355739,644.0293096343278,352.03058787249813,0.9247149,600.047374037447,337.1590303922392,0.26513752,691.8615299104712,421.08034085759095,0.97322536,559.3225375624578,409.72167904842365,0.98003733,747.3133496190661,515.8170741075927,0.90154934,516.0831088473425,504.27643029629485,0.9131043,651.4310318770143,532.4402474366502,0.9012062,602.2817378117726,532.8271938985916,0.89054906,663.76151485232,586.4370334136344,0.6275285,578.4929782020669,579.5751380557251,0.64387155,644.1243609406331,569.2551157392401,0.04450938,555.6703277294505,561.4519609984845,0.050106615,682.0402180063115,579.0497662682917,0.004956782,610.2936990903897,580.2829684248748,0.006065637
354.0,588.1726642583419,341.219484190082,0.9689437,604.7501160160484,333.8804869396292,0.96530807,588.6675655236388,327.25115823491706,0.831895,644.30607149602,352.0155351537321,0.9259484,599.9609954048193,337.01377339493905,0.25778708,691.7998503173136,420.96700531720944,0.972985,559.4262924260685,409.56958877858403,0.97943485,747.4259084067967,515.4542553407098,0.9017836,516.2809484733187,504.0873651574609,0.9109001,651.9119679893172,532.160823525039,0.9011489,602.7165654459884,533.0543808526087,0.8879538,663.6288395381043,586.6126358821374,0.6272253,578.4027862469751,579.705684378479,0.6411568,643.8552569077076,570.0261863427223,0.04390368,555.4671747586076,562.0384546174748,0.048936784,682.5806493552441,579.5514634767,0.004858464,609.951013453957,580.4740111294776,0.005907804
355.0,588.2661403642402,341.12008990190117,0.9692633,605.0231997492319,333.7715054227151,0.9658494,588.7037690214302,327.09996604906837,0.8330135,644.6457541002953,352.00025395346086,0.92642975,599.7639479319863,336.84654461561706,0.25586504,691.6268617079787,420.8236634386651,0.97279495,559.4729038632938,409.40439888900835,0.97893274,747.5136237817541,515.085005831208,0.9025308,516.5169883122908,503.92718987079724,0.9095289,652.4302612753669,531.8482007149709,0.90240645,603.2348920243337,533.1610732851302,0.8871162,663.4282283840648,586.9258767536684,0.62443334,578.2226808984349,579.9908837509932,0.63620627,643.6551195978888,570.9298311691946,0.042779446,555.0691709937239,562.8041007384535,0.047243357,683.4070485319619,580.3795524539481,0.004696727,609.1458334548346,581.0600137311518,0.005671084
356.0,588.3857550639494,341.0591099929804,0.9718125,605.3422985049704,333.68755875124145,0.9689418,588.7430706043478,326.96584443825896,0.84679604,645.018847294848,351.9683345457453,0.92954063,599.4993169935939,336.6377050903286,0.26522744,691.4159953710902,420.6686929433297,0.9733447,559.4754053478378,409.23247928691234,0.97904503,747.5843889950415,514.7693664445741,0.90242183,516.7547142279927,503.83257225823064,0.90790606,652.9725336128731,531.6051227103934,0.9025529,603.7113604321734,533.1831966930729,0.8858266,663.3321103337524,587.2552594223263,0.6226472,578.1311619773508,580.305239029934,0.6326851,643.6194746487653,571.7367417628375,0.042784333,554.7109466693331,563.4985845901464,0.046938807,684.3892065445907,581.2014848190022,0.0047085583,608.2993365129998,581.6777795657649,0.005658269
357.0,588.5029426427654,341.0245202261082,0.97245216,605.6395559103702,333.6310829441915,0.96986187,588.7869625800405,326.8452443607176,0.8489646,645.3585876430225,351.9154063334768,0.93096083,599.2539784342255,336.38703452727236,0.26445216,691.2553415791001,420.5361215420947,0.9734698,559.4571054732004,409.05747982036416,0.9790312,747.6525425264408,514.5300413216224,0.9028344,516.9698744285874,503.7682212099244,0.9073895,653.4952021419601,531.5490793000927,0.90299004,603.9518172910223,533.2174028871071,0.88533664,663.3906168489295,587.549749542329,0.6213834,578.1819013625616,580.5746023979468,0.63078654,643.699969858742,572.3589029652987,0.04232776,554.4931057009013,563.9987239600882,0.04625237,685.2003061293748,581.7715261295422,0.0046521723,607.7366622710975,582.0507371281159,0.005578488
358.0,588.6274723608731,341.0507187128063,0.97251874,605.9031233536307,333.647472322736,0.969782,588.8591746665126,326.7649843326543,0.84957147,645.6346939313485,351.8577641397692,0.93053186,599.0767366595712,336.08451466227166,0.26513907,691.1876308274454,420.4603238855776,0.97335756,559.4172676072328,408.85157180815315,0.9791924,747.7416637163485,514.3802887203947,0.9028091,517.1926160029146,503.674532401677,0.908731,653.8932131225015,531.7270843403969,0.90328366,603.8309776691765,533.3450132401983,0.8869791,663.5171048705085,587.8886443171818,0.6216569,578.288690291857,580.8350058017273,0.6323467,643.7726132403426,572.9634152007836,0.042295873,554.406690936116,564.4006930719722,0.046478868,685.4937630481254,582.1859514929776,0.004649043,607.5735359659523,582.2235560538655,0.005596161
359.0,588.7843299800708,341.1676950417383,0.9727149,606.1632584860084,333.7666513938101,0.9699259,588.977051090686,326.74428541530364,0.8509261,645.8672483148948,351.8100142343616,0.9304314,598.9561318958132,335.72421770767147,0.26693845,691.2068095095738,420.4497277561297,0.973487,559.3477172252083,408.5867678473725,0.9792353,747.8697791146548,514.3446389395406,0.90302616,517.461605591516,503.53931909863724,0.90863824,654.0373636012534,532.0836487015832,0.9032881,603.4199958289482,533.5697761605666,0.88672626,663.6077994062331,588.3164262937576,0.62220305,578.3481244664575,581.1042731054466,0.6324633,643.7320459499228,573.6821798014035,0.041910946,554.3771223977875,564.7870959777927,0.045980215,685.1646279048704,582.6452581388812,0.0045776665,607.7108717089036,582.3573212421923,0.005503416
360.0,588.9435308614143,341.31246626433295,0.971684,606.3964324849212,333.9157391385867,0.96847105,589.1063521935532,326.74673432634825,0.84871364,646.063448625003,351.7558386749971,0.9270836,598.8740543467719,335.359551850241,0.27113003,691.2766450550114,420.4768692501742,0.9735049,559.2613051320961,408.32183782590903,0.97885764,748.012651408991,514.4149397276426,0.9029412,517.7450239023877,503.42433383810976,0.90745807,653.8560477295953,532.4687682999329,0.9017095,603.0018635583917,533.8081253164555,0.884514,663.6132066412217,588.7041790413867,0.6225761,578.3126180089616,581.3028559628857,0.63130677,643.5440248960848,574.3257953191198,0.042199314,554.2631095539415,565.0738106874554,0.04607472,684.4835187169298,583.107719339686,0.0046571493,607.8801773434777,582.5132999927713,0.0055721104
361.0,589.0416536968498,341.3612822010068,0.97165203,606.5392623141313,333.9616518332216,0.96842927,589.1919584697038,326.7008168198299,0.8483796,646.207839022314,351.6613408384009,0.92721784,598.8379630728765,335.0733676551521,0.27027977,691.3543806096901,420.4968262513348,0.97333884,559.1846220771223,408.1607127174703,0.97890925,748.1119585967863,514.5341847521631,0.90265703,517.9583939393968,503.3968976121372,0.90795356,653.4045168872005,532.7134971296151,0.90199107,602.8500832129524,533.9550720979478,0.8853295,663.532581737021,588.8400894113128,0.6215448,578.182843809597,581.3124646131972,0.6311142,643.2657775445036,574.5281027388003,0.041804075,553.9438935934825,565.0930910577819,0.045763284,683.8845758334393,583.3433685514287,0.00458616,607.8031058007102,582.6595792686956,0.005497724
362.0,589.0558572947543,341.2634250715183,0.97163916,606.5672635399749,333.85488346584305,0.9684397,589.2190321170765,326.5829644003392,0.8479951,646.2844156507992,351.52302310355003,0.9272678,598.865414124901,334.9073553048644,0.2691208,691.4188377992533,420.46818773748055,0.9732392,559.1440849808149,408.1050113603101,0.9788431,748.1353389697703,514.6539833180888,0.9025663,518.0526135882839,503.42831134714845,0.90780973,652.8553448321576,532.7557942061266,0.90273273,602.9516539262506,533.9721697798018,0.8859079,663.3885450153939,588.5989964429967,0.62173116,577.9849655903529,581.0411708208057,0.6312396,643.0052435604825,574.0763915459862,0.042213917,553.4298952901327,564.6943972020873,0.046188295,683.5982635403759,583.182249909574,0.0046414435,607.3798106536647,582.6858614757942,0.0055604875
363.0,589.0013687600797,341.0739886707497,0.97174513,606.4933066941144,333.6566445061153,0.9684292,589.1996802045041,326.4350409496637,0.84833527,646.2723143206119,351.37402752740263,0.9274417,598.9488483074492,334.8566835070926,0.27012485,691.4683224121027,420.3722354021907,0.9736998,559.1599943856758,408.06490445693515,0.97939366,748.097685638234,514.7562334567547,0.90395606,518.0394676078743,503.43121784029444,0.90978116,652.4010548941944,532.6704569009838,0.90409184,603.1231014585483,533.9055513282368,0.8879492,663.2049766057232,588.0250432309119,0.63239676,577.756797497212,580.4882403748701,0.6424354,642.8163044373857,573.0748370165692,0.044990033,552.8387732502408,563.8519470957408,0.04929757,683.5822092260564,582.654785212277,0.004973054,606.7272959794007,582.44781878525,0.0059618354
364.0,588.8890260871428,340.86712060244315,0.97141016,606.3330070681557,333.4404583857564,0.9681009,589.1317993065553,326.29730275475015,0.84564734,646.1631717395026,351.23620342412937,0.9276993,599.0440674102606,334.882374260101,0.2669971,691.5055753223801,420.22909131384256,0.9737713,559.2268499972006,407.9940841928329,0.97951037,748.0333646020039,514.8178684689703,0.9047903,517.9567503236333,503.3741131603052,0.9107272,652.1688982095086,532.58303082598,0.90469825,603.287821882468,533.8342372101843,0.8886951,663.0069972904887,587.2964740486234,0.63561535,577.5419533779293,579.7821414212357,0.64594626,642.6768852142004,571.8562529722993,0.046041608,552.324836728922,562.7419352011758,0.05048412,683.6697541327426,581.93013091784,0.0051133037,606.1051074800523,581.87971200439,0.006137371
365.0,588.7270068210223,340.6725515858967,0.97167486,606.1064792251706,333.2343195175639,0.9684676,589.0128441287358,326.17296016642666,0.8460412,645.9817740542468,351.10517439377793,0.92842865,599.115510577186,334.93113556545336,0.26524568,691.5431942556831,420.0784009718986,0.9738073,559.3020549606649,407.9210700979701,0.97965014,747.9703992375012,514.8101286106537,0.9051519,517.8441890332124,503.29381549449374,0.91157424,652.1853940552911,532.5868759925196,0.90559095,603.4503475946465,533.8070137626145,0.8899201,662.844916645058,586.57772067839,0.6377038,577.3882827531631,579.0827745143258,0.64858496,642.6204775447977,570.7008599647459,0.046435297,552.0799540388073,561.6152509421339,0.050980598,683.6769835751096,581.0960373619469,0.005142361,605.804031525417,581.015695378893,0.006180018
366.0,588.5396280385523,340.49655802696986,0.97197765,605.845365004691,333.0528315189754,0.96887934,588.8670701463843,326.06244094950307,0.84669816,645.7647217729673,350.9928366120234,0.9294319,599.1753816721034,334.9818352826601,0.26516622,691.599248663788,419.9449167430823,0.9742466,559.3362115492291,407.8769786922768,0.9799106,747.9238972123364,514.7356425182298,0.90574074,517.7313946838764,503.2256097472348,0.9117416,652.3459090818175,532.7130610875342,0.9058785,603.5607031176432,533.8198121978181,0.88999724,662.7762907404185,585.9277349914464,0.6418737,577.3263529925501,578.4695795440336,0.65229994,642.7485110746188,569.7047595060011,0.04815957,552.25919915082,560.6452479106359,0.05280444,683.4804074673027,580.1033818157496,0.0053798556,605.9747866602252,579.9477155411055,0.006464094
367.0,588.3646692725222,340.3676634154731,0.971303,605.5947404806979,332.9321445141542,0.96801263,588.732261319823,325.9912213958336,0.8428319,645.5515161428873,350.9333874634931,0.92899144,599.242900140352,335.0433855523861,0.26345772,691.6719281110023,419.837585822325,0.97444606,559.3156330087229,407.85507560721544,0.98021185,747.9002634818071,514.6375829692215,0.90613765,517.6273357577024,503.1738826648703,0.9128118,652.458034874807,532.9341731671857,0.90523136,603.5611885769463,533.8522383320313,0.89015496,662.8065177088578,585.3782768282778,0.6468681,577.3455700512368,577.974163432852,0.6579682,643.0437526068399,568.936310466988,0.049132556,552.805138538789,559.9484415152656,0.054093808,683.0991528770523,579.0139273782637,0.0055159926,606.5144659733894,578.8604974010788,0.006648302
368.0,588.2315325346838,340.3193918681068,0.9711074,605.397893785459,332.8971317897332,0.96774733,588.6284761443201,325.9809452639538,0.8413427,645.3806923794264,350.92826426635656,0.929352,599.2974402129473,335.10899131385577,0.2635661,691.7319561377055,419.7596383925023,0.9748721,559.2658162765595,407.83431309250375,0.9808024,747.8880381960898,514.5532295499528,0.90652454,517.5243088419435,503.12448426726684,0.914461,652.4056207417981,533.1789023242525,0.90461516,603.4779913533432,533.9055825781286,0.89089155,662.880297175245,584.9905416206193,0.6542105,577.4070253856612,577.6349356143654,0.66666436,643.3354846222703,568.4706637202842,0.050751746,553.4450481668632,559.5674002658212,0.056248933,682.687335710056,578.0864683456521,0.0057162046,607.1669279828063,577.9958598996933,0.00692901
369.0,588.1420395433274,340.34107350532946,0.9708214,605.2602001371511,332.91978338358217,0.96735716,588.5475876503727,326.01730454308847,0.84013623,645.2508145948112,350.9241017039635,0.9285927,599.3026199836711,335.154305016123,0.26270068,691.74584696442,419.7035176760693,0.9746102,559.2156025311324,407.8082333036336,0.98062545,747.8545202575914,514.4746994212933,0.90646267,517.4138538672556,503.0500774721535,0.91445684,652.2564131753329,533.3791949795661,0.90494204,603.3903382192655,533.995517878396,0.8913119,662.9267079782094,584.7840959392397,0.6514041,577.4682665334295,577.4589781678485,0.6639093,643.4582772202166,568.2592434724354,0.049406797,553.9066905471406,559.4126269715899,0.05480221,682.3558993370198,577.5145396180254,0.0055146813,607.7311031838186,577.4788414430317,0.006686151
370.0,588.0827465427968,340.3904588518445,0.97122204,605.154668836547,332.9472838002501,0.9679054,588.4687724317591,326.07079477199477,0.84203935,645.1193415945788,350.8621194283319,0.92935765,599.2332726736967,335.17253583111835,0.2637201,691.693995019021,419.6550469043245,0.9747046,559.1611720130077,407.7912795009179,0.9806599,747.7733659927148,514.3895282825451,0.9062661,517.2955944693097,502.94522121672946,0.9141562,652.1483527983165,533.524746699089,0.9046896,603.3713100505587,534.1372149690553,0.8908974,662.8954573966414,584.7249952118549,0.64966786,577.4894017560221,577.4247062859937,0.66217726,643.3558032307058,568.2066282242134,0.04944375,554.097232485866,559.4005565380087,0.054819286,682.0633289428067,577.3152735222204,0.0055591166,608.1460561507138,577.3176933681075,0.006740093
371.0,588.0559393305172,340.45348789923924,0.97071326,605.078046271878,332.96268893381114,0.9672668,588.3805749433332,326.1381719327511,0.8394625,644.9694283163866,350.7311723018652,0.92866343,599.05983154267,335.1816442575935,0.26261407,691.5643697323239,419.6073014819615,0.97455513,559.0712232872962,407.8051716917255,0.9806191,747.6421297263555,514.3267938470062,0.9056959,517.1794816118899,502.8605448734542,0.91411746,652.1116050490498,533.6358920669763,0.9041223,603.4548514478615,534.3322210030015,0.89072233,662.7709335270612,584.7844782189536,0.6481881,577.4418460286217,577.5245872007413,0.6612643,643.0990498508502,568.2766359430419,0.049150914,554.0987460932846,559.5331559383019,0.054588765,681.7694651404363,577.4370264050327,0.0055175424,608.4141249294559,577.5016045419035,0.006696135
372.0,588.0794255022394,340.56112766489855,0.9706895,605.0623300681852,332.99836144239487,0.96723104,588.2892623928179,326.2431860878399,0.8403529,644.8371467548432,350.566424995336,0.9281554,598.7605783179016,335.19391323325436,0.263575,691.3589814653022,419.56614349286735,0.9742439,558.9330060516945,407.8560934271955,0.9801865,747.4734444146686,514.3241919004699,0.90494466,517.0822570665928,502.86035572776916,0.9126315,652.0515989982,533.7118837783596,0.9035108,603.6024507037364,534.5564783941667,0.8892288,662.5895065750387,584.9202761429679,0.6420646,577.3505693511875,577.7200573928437,0.6541809,642.8330773761822,568.3855103518846,0.0472607,554.0696292952964,559.7236429584699,0.052306443,681.5346032942299,577.7558858170814,0.0052767396,608.577405333436,577.9052379102266,0.006380886
373.0,588.1556968339573,340.73781718033524,0.9714403,605.117563146626,333.09464500370177,0.96820605,588.2166292252069,326.3969298557878,0.84491706,644.7490650729604,350.42160614089903,0.92924833,598.3857258823172,335.19888980656185,0.26795703,691.1126559215381,419.5530945859008,0.9747889,558.7686005094697,407.9293147498092,0.98029923,747.291952738776,514.383145952231,0.9058194,517.0094595987927,502.9553816853037,0.91176033,651.8791851730349,533.7474899465999,0.90379906,603.7178296613752,534.7761516012564,0.8880911,662.4353585543502,585.0864650832733,0.6466598,577.3021078701157,577.9459827440808,0.65690416,642.6676898767241,568.41717809289,0.049591333,554.170173639056,559.8128657107666,0.0544236,681.3674631889832,578.0947136629916,0.0056233704,608.7833898375894,578.3060624298375,0.0067569315
374.0,588.2608405677333,340.9647042510468,0.9721681,605.201736787101,333.26969417157335,0.9689343,588.1923313362456,326.5822621583428,0.8502475,644.6648477278654,350.3600924172876,0.92894363,598.0615532582797,335.1879368870751,0.27364397,690.8762911597055,419.5989130537242,0.97456205,558.5899987874714,408.0039982351617,0.9801045,747.1356310884403,514.4822949352274,0.90420794,516.9452432462526,503.11088422386234,0.9105538,651.6401611279728,533.7674249274216,0.9034121,603.7100948035223,534.9683488187418,0.8879485,662.3956751165572,585.2951882501529,0.6368566,577.3726168080327,578.1920271194404,0.6474305,642.6471272477037,568.3842370122807,0.047736943,554.5087472305664,559.7854629641354,0.052445322,681.1400368858369,578.3740912973747,0.0054235756,609.2172781799698,578.6090776902864,0.006516516
375.0,588.3688465568217,341.2073875721751,0.9716714,605.2630419587258,333.5172357550439,0.96836233,588.2333748484964,326.77778985728327,0.8480712,644.5170565781933,350.4185978244793,0.92835534,597.8858565863729,335.16990810746296,0.2728251,690.6860490603767,419.71498418316787,0.9746645,558.3811270768583,408.0730862436343,0.98001134,747.0392385583705,514.6008347922871,0.9049792,516.8608405160456,503.3030500981339,0.9102134,651.4875132206257,533.8215219246731,0.9034607,603.5504673623241,535.1208430145344,0.8870864,662.5096331642815,585.5754660780179,0.64115393,577.5679084895326,578.4802902206092,0.65048945,642.7706432531551,568.3952184503675,0.04922858,555.0663858072999,559.7499130895005,0.0538328,680.729015032671,578.6549124908596,0.0056429505,609.9296657019336,578.8764723824734,0.00675261
376.0,588.4727758255149,341.42956589477325,0.9695413,605.285212189734,333.78472919124465,0.96510935,588.3295416617507,326.9621398584603,0.8410025,644.3009842708403,350.5462868204508,0.9226135,597.8666407990356,335.1618565206787,0.2747346,690.5657931485409,419.86423064966425,0.97368866,558.1530735820352,408.15137122367264,0.97983986,747.0107797109681,514.7007816078908,0.90239424,516.7369793472178,503.50860193027,0.91190386,651.5292697521684,533.9519065376606,0.90102375,603.3159592231469,535.2365899235006,0.88865876,662.7134810014145,585.8709870002529,0.6312704,577.8023808257135,578.7739811454554,0.64454377,642.9615466036284,568.4734688411813,0.046235263,555.6519429642431,559.7720318047374,0.051443517,680.1484993050574,578.9730285646953,0.005246222,610.7489869456108,579.1643185221486,0.006352097
377.0,588.5679273116225,341.5759024177505,0.9691628,605.2713429716073,333.9740765334366,0.9641161,588.4462025569901,327.10163721834704,0.8418026,644.0744142286092,350.6369614104142,0.91993946,597.9663116414455,335.19115278887284,0.28049853,690.5329911739091,419.9765987358717,0.97376984,557.9700323641221,408.25868333344715,0.9801339,747.0264823785556,514.7335634593444,0.90288436,516.5926816825388,503.67475117607376,0.9139229,651.7439886419768,534.1641086845182,0.9016641,603.181686069448,535.3382915900421,0.8911432,662.8652980302772,586.0606411208196,0.63626367,577.9436016743186,578.989509099309,0.650636,643.0832616243406,568.521641426018,0.047606558,556.0299294604557,559.8443128886373,0.053237915,679.5180905389054,579.2348852751948,0.0054255426,611.4055550293845,579.4571015519084,0.0065846145
378.0,588.6341148673118,341.6152643280128,0.9680222,605.2188013629318,334.0248270964033,0.96285444,588.5303149742251,327.1792926921542,0.83508956,643.879750057652,350.6301451931038,0.91949666,598.1081996159403,335.28492495382784,0.27483565,690.5807939247643,420.01702704593214,0.97387755,557.8830597618561,408.40212911840416,0.98005474,747.0477927848881,514.7080710509231,0.9039632,516.4741632542333,503.76496249288266,0.9138013,652.0042380846085,534.418326230089,0.9018378,603.2718690160771,535.426063962328,0.89033544,662.8962001496145,586.139756519653,0.6422129,577.9440657889353,579.1388335100628,0.655261,643.0644422543237,568.5232296886425,0.048816472,556.1461326412807,559.9879923962063,0.054323256,678.9850149208464,579.3774955901611,0.0055526495,611.8065618052283,579.7262575361083,0.006716788
379.0,588.6457356305566,341.59722028026727,0.96733993,605.1254225575323,333.9815106469889,0.96192604,588.5265253216121,327.228453270126,0.8314668,643.709624416104,350.5525242891213,0.9184439,598.1664160317574,335.4438584602316,0.27180398,690.6714024429041,420.0297846786932,0.9738178,557.860526540009,408.5823654307169,0.9800101,747.0534697727292,514.7025171384623,0.90473413,516.4031575326112,503.7991952732191,0.91438925,652.1692313469966,534.6486484480006,0.9029029,603.4994136285372,535.4479539637993,0.8913037,662.872123147424,586.2879832391927,0.6456586,577.8692784847299,579.3755287799311,0.65830505,642.9957808032939,568.6540508524979,0.04976651,556.1446700968711,560.2961978126881,0.0552755,678.6840532721536,579.4989259492188,0.005656451,612.0888833995721,579.9753184415281,0.0068281293
380.0,588.5773994440343,341.60864780245697,0.9678382,604.9709491963018,333.94729736129455,0.96264255,588.4095641416134,327.3063456188145,0.8336625,643.5054703880385,350.4808802830313,0.919654,598.0739250214353,335.65021179237993,0.2727104,690.7590177759436,420.0923154080859,0.9737734,557.8203457840119,408.8004616219887,0.9800973,747.0568009881488,514.7692528538314,0.90392584,516.3537120838166,503.8214892708788,0.91437626,652.2098204017077,534.8026228674499,0.9021188,603.6752359802324,535.3688411228164,0.89116395,662.863847969852,586.6739847349257,0.642037,577.7726999929337,579.8290504798033,0.65573835,643.0272196962017,569.1079070767835,0.04842928,556.1698039219878,560.8501002545801,0.054015934,678.6385587323525,579.7600647836074,0.0054841638,612.4059700138562,580.2470670156333,0.0066438317
381.0,588.4155410166086,341.6915016781818,0.9692544,604.7101774976043,333.99121423096045,0.9644563,588.2063494905537,327.4494739216191,0.84086627,643.1910006115806,350.48025215471705,0.9216387,597.9184683744311,335.9082370791871,0.27804816,690.8287049152905,420.23557897771144,0.974072,557.7339210486047,409.0505777589291,0.9802184,747.074901425925,514.8743384629511,0.90322363,516.2903238141332,503.84081720272513,0.9131881,652.2290739590023,534.8708149843502,0.90127814,603.7646140123913,535.2456458137285,0.88981164,662.8707868584519,587.2492313099249,0.63664806,577.6579390985183,580.4404149244617,0.65005034,643.2015387453707,569.8812533795262,0.04720968,556.2516960897444,561.6286289335958,0.052608132,678.7095606951337,580.2419502445791,0.0053611696,612.7903131595044,580.6237872041671,0.0064916313
382.0,588.192695028757,341.8355887544163,0.9674094,604.354999220129,334.1165162000339,0.9616746,587.9818914684188,327.6629273110477,0.8336971,642.7845371689627,350.5734856001483,0.9172574,597.8352857763591,336.2427528746489,0.2748425,690.9006264432742,420.4292079327707,0.9729635,557.658036685519,409.31536092509964,0.9799118,747.0861757265086,514.9511543608057,0.90193,516.2174772445819,503.8236644519749,0.91555715,652.3621956999291,534.8875562596165,0.9012282,603.8892419075082,535.189161703988,0.8931298,662.9115629193092,587.7880670224562,0.62977606,577.5722141314232,581.0069339348146,0.6465043,643.4971992233524,570.7728459700757,0.04399824,556.3722336349745,562.5090486503858,0.049813956,678.807044543441,580.8989978089852,0.0048854947,613.1623460681333,581.1750904819548,0.0059811175
383.0,587.9925462282292,342.0293715091698,0.964743,604.0354627173781,334.2986046788853,0.95850396,587.799261443716,327.9331133200303,0.8207084,642.453446732361,350.7493940404766,0.9144668,597.8316838003063,336.6420514818549,0.26644582,690.9779457245404,420.62584273756204,0.97255296,557.6563138022459,409.57069851665835,0.9794148,747.0388026341692,514.9678633078869,0.9019314,516.1693245793473,503.7550018325295,0.91476715,652.7128608554594,534.8867814920766,0.9004552,604.1083521600522,535.2246162619699,0.89173377,663.0487464184924,588.1386533459739,0.6327162,577.6013148720816,581.4005681105995,0.6484865,643.9400497170275,571.6101934124681,0.044623107,556.5194186866888,563.3794646784918,0.05038005,679.0873810053838,581.6224491076092,0.004944831,613.3564628938607,581.8656490435303,0.0060403943
384.0,587.8897398620946,342.2717641916182,0.9652421,603.8937342003587,334.514046543493,0.9590758,587.6862853966302,328.2361608756545,0.8227378,642.3668627103962,350.96965173170975,0.9148842,597.8084463556512,337.04399183651606,0.26689446,691.0406694188359,420.80300318544846,0.9727187,557.7298614976817,409.80346701786436,0.979618,746.9076035943434,514.9453793731539,0.9031005,516.1612178282396,503.6752331884566,0.9161476,653.2994231941361,534.8606828876332,0.9018299,604.3548770969534,535.2255937320735,0.89340484,663.2828975698353,588.3771403902387,0.6412655,577.7455083887286,581.6972954614309,0.6570473,644.538354175429,572.4186746181039,0.046516865,556.6652903940166,564.2466947289402,0.05252099,679.7069531997779,582.3518183473184,0.0051440895,613.238250933369,582.5866156204931,0.0062873363
385.0,587.8871956646457,342.53531522841405,0.9665172,603.9366201778319,334.73120562222397,0.96055377,587.6368214362915,328.53406209218923,0.8296989,642.5215973809452,351.1851835856213,0.9157007,597.7319322756387,337.39117870929203,0.2714985,691.095400521782,420.96548337056197,0.9726535,557.830279622546,410.0266693803892,0.9797649,746.7150463504446,514.9293931218758,0.9025427,516.1820282391991,503.6546797708175,0.9169637,653.9742034487449,534.7965296284724,0.9014765,604.580210884588,535.0770884727364,0.8945042,663.5257715374572,588.6541656163652,0.6388442,577.8999031021489,582.0374779090141,0.65600854,645.1875923272634,573.2847912106629,0.04523173,556.779507422531,565.1690694527775,0.05141002,680.4751457104821,583.1064345778025,0.0049913228,612.8717381223297,583.3056731430847,0.0061309636
386.0,587.9210539183471,342.7735800042507,0.9671698,604.0504522406687,334.9245181388187,0.9613368,587.6291045738371,328.79184285685517,0.83409274,642.7708329593529,351.3944644130788,0.9157929,597.6784163013459,337.68356522920624,0.2755146,691.154805744593,421.1143889889137,0.972538,557.9049440987826,410.26280121633044,0.97958326,746.4842800566021,514.9313415896868,0.9015038,516.2222284398573,503.7566931034157,0.91589206,654.5002278443237,534.7333565402371,0.90108705,604.833153632032,534.8370933772346,0.8939309,663.6873780223074,588.9895937720278,0.63629234,577.9601943096093,582.4430419437213,0.65313166,645.7365345706474,574.1580142563919,0.045116812,556.8476552523102,566.117582502533,0.051207036,681.0299408318582,583.8839290576249,0.004983872,612.4230474745176,584.0512746954532,0.006110221
387.0,587.9164333669858,342.99115384355775,0.9668492,604.1259838992198,335.121869700273,0.9607178,587.6276706847175,329.02431642696274,0.8333378,642.9761686965088,351.6655334626437,0.9146559,597.6973234170543,337.9751419840028,0.2766137,691.1858911728176,421.2375143256389,0.9723779,557.9222443838778,410.5155348426781,0.9797057,746.2242998920509,514.9259244636111,0.9009613,516.2785998793829,504.0071573554087,0.91697717,654.7255638827896,534.7370574987185,0.9005334,605.1480731696566,534.6369257559055,0.8949803,663.7415440422774,589.314081868891,0.6370096,577.8976752548949,582.8476429921166,0.6553389,646.0937430142835,574.9104214278566,0.04478261,556.8219793660217,566.9827468654499,0.051217854,681.2716213684735,584.6065388311208,0.0049212277,611.915756890391,584.7712508653425,0.006067306
388.0,587.8367851349878,343.2772741225979,0.9671428,604.1264117349442,335.41055025698495,0.96183556,587.5852070975557,329.3096615351188,0.8325051,643.0876702536854,352.0597749218397,0.9177114,597.7157068802447,338.3158242191268,0.27171993,691.1469992214019,421.3358026829192,0.97258574,557.8873928606289,410.762957822507,0.9792095,745.9735278222192,514.9153404878057,0.9010496,516.3360611542079,504.37846211108683,0.9131292,654.622093203059,534.8238282357472,0.89922273,605.4696629647266,534.5227771250765,0.88985825,663.7414519146156,589.6213355113495,0.63524044,577.7746234292725,583.2190861786514,0.6497772,646.2477216072966,575.5434953875977,0.0446662,556.6028187244435,567.691789279376,0.050245583,681.4563329601249,585.275341025688,0.004940212,611.2528477413007,585.3629546164766,0.006021321
389.0,587.6916988995479,343.7211260384961,0.9675299,604.0590357995496,335.85436486309516,0.9625704,587.468219697228,329.7169732629058,0.8339331,643.1130088704479,352.5442480003324,0.9188682,597.6242114383044,338.6979608351826,0.27139086,691.0563894642023,421.4274830495906,0.9725753,557.8467744115653,410.97617683521975,0.9789998,745.7925451248072,514.9553418680497,0.90093976,516.3825131012925,504.8336183868603,0.91175437,654.2674780359562,534.9646561624829,0.8989389,605.8006006352718,534.4929935083811,0.8883183,663.7799356651108,589.9911292859531,0.63262963,577.7021066352354,583.5942821191564,0.6460848,646.2400126154623,576.256284416575,0.044024587,556.1512307002711,568.3019347599322,0.04929939,681.8802192970979,586.0373164364829,0.004862547,610.4679928970252,585.7703371202102,0.005907744
390.0,587.5129341958668,344.2931784964011,0.96845967,603.9236958886274,336.4057369554679,0.96388054,587.2927636979714,330.21649471421415,0.83906364,643.0569045315015,352.99951614298567,0.91960436,597.4407867710881,339.0560617848977,0.27350426,690.9816805223915,421.52345292652353,0.9719017,557.8526565358532,411.14597525151623,0.97874,745.706287454805,515.1062522810241,0.8997378,516.4471715290355,505.3758451856451,0.9121457,653.8535682395268,535.1645909125143,0.89916253,606.2819898788147,534.6102403521365,0.8897882,663.8945292474589,590.4947140605653,0.6229512,577.7437910213396,584.0399081359154,0.63847697,646.1351841256417,577.2875104876666,0.041653574,555.6264395717171,569.0149088729895,0.046930164,682.4963665346353,586.9650955581715,0.004573941,609.8707468618508,586.0153585576127,0.005587846
391.0,587.3194642625581,344.85264383999004,0.9693166,603.6927228369959,336.93952538393,0.96494925,587.1200505617542,330.69606275916203,0.8430582,642.8928050814674,353.3297789817016,0.92084575,597.3437411054618,339.3256110669414,0.27547526,690.9790341366979,421.6248271802806,0.97189605,557.9159485652858,411.28321566098936,0.9787873,745.6960193985697,515.3770561592172,0.89886653,516.5732640184538,505.9933904970719,0.91184497,653.5665020263216,535.4487381239961,0.8989455,606.927147776538,534.9432668555662,0.8897916,664.0504813970315,591.1117453485604,0.6165325,577.880017993122,584.5843356028947,0.6325117,646.0434013491157,578.64080568571,0.040043563,555.3290505242027,570.0007029587961,0.04520619,682.9381788994082,587.8476592607685,0.004367918,609.8462852323806,586.1736465951695,0.0053450465
392.0,587.1055032629286,345.24016897962576,0.96854913,603.3462018215002,337.3343182983074,0.9639411,587.0016972650508,331.0395742893081,0.840265,642.6015105979724,353.5377187472842,0.9187193,597.5060004170293,339.50285537420893,0.27433342,691.0641417783615,421.7338410350144,0.9713417,557.9978231538446,411.4082039657482,0.9783673,745.7344505543083,515.7236856056971,0.8982712,516.7524314248449,506.60303060006765,0.91171,653.4200365740548,535.7873496199926,0.898795,607.4588943573333,535.430133209133,0.8900844,664.211522887446,591.726815426687,0.6124987,578.0442312619604,585.1708160800381,0.62863684,646.10980741362,579.9407436545271,0.038436204,555.4370574395956,571.1312369465265,0.043479115,682.9276236917945,588.2723557867612,0.004136026,610.4539864633175,586.2685935401194,0.0050680637
393.0,586.8774418023602,345.357578136701,0.96527064,602.9382214234879,337.5082286149903,0.95990133,586.9443260135931,331.17860063820615,0.8240799,642.2422477395162,353.67247937343177,0.9143268,597.9127575411311,339.6334607006489,0.26345408,691.2183711315774,421.8555796797624,0.9704272,558.0466822610317,411.5597756425419,0.9777779,745.8110447245383,516.0877337183799,0.8976046,516.9344181053477,507.11239543984004,0.91165996,653.3064436525647,536.1251737366215,0.89745104,607.602444301614,535.9023923847283,0.88938856,664.3645051514434,592.2254206241347,0.6098524,578.1611776024843,585.7144789961989,0.6266063,646.3827337053843,580.7099599611098,0.037139595,555.830260337938,572.0646518632861,0.042209327,682.5326160746597,588.0080213245346,0.003954917,611.3152084039646,586.2885114778787,0.004862994
394.0,586.6711659747024,345.24182457377344,0.96381104,602.5754430728107,337.47295818312216,0.95831233,586.9231859828662,331.14193619082465,0.8154397,641.9279480569763,353.77024579847614,0.91390836,598.3876828808282,339.7673923600568,0.25634196,691.4083884137347,422.00294598769995,0.9703952,558.0522936826347,411.78084935901313,0.9776138,745.931829190081,516.4299440892378,0.89824057,517.0837528011683,507.48045671030246,0.9109472,653.1679268352702,536.4467232363019,0.8970264,607.3423639574175,536.2126214424309,0.88773024,664.5252572635388,592.5857530286034,0.61185133,578.2185122074956,586.1803724871027,0.6274185,646.7680694493779,580.8551704995684,0.037183613,556.2216644880542,572.6486445805986,0.042098165,682.0459111969386,587.3196179624998,0.0039566457,611.9496265857151,586.3571006949423,0.0048523247
395.0,586.5085573965397,345.04609020820715,0.96433115,602.3055597756709,337.3428836335197,0.95903575,586.9073239108811,331.0479377526181,0.81692606,641.7141788893614,353.8492600645856,0.91525245,598.7843960791647,339.93518834795935,0.25621068,691.611336151741,422.1869916439481,0.9705554,558.0530196064285,412.07563983074283,0.97769165,746.0881150948131,516.7240181154964,0.89830995,517.1977298868941,507.70206501033283,0.9104573,653.0700073785983,536.7534939060895,0.8968173,606.8796032356677,536.3390148785186,0.88691807,664.7280002551781,592.8411703636058,0.6065711,578.2841736068505,586.5646539522277,0.6219423,647.1521163162851,580.7564121857274,0.03606987,556.4465818578394,573.09491493144,0.040794075,681.6790836215075,586.7659888719184,0.0038381517,612.2050874698912,586.7195846863757,0.00470379
396.0,586.3782885825985,344.9181080542986,0.964203,602.0931467652806,337.2436796197394,0.95854616,586.8765045756455,331.01237499414776,0.8166167,641.5730653542944,353.90935866675363,0.9145802,599.0754124872789,340.13570105637825,0.25780565,691.8106151089186,422.39633477738306,0.9705552,558.0771809723759,412.4058895840068,0.9783852,746.2266751448494,516.9270568748528,0.8981947,517.2906940504015,507.8025002071529,0.913705,653.1519281072945,537.0430331541187,0.8967549,606.5306528092335,536.4424157951801,0.8901257,664.9379697303966,593.0551451482065,0.61252403,578.3804113344098,586.9051130785888,0.6317017,647.4647553043155,580.9401098110263,0.03685233,556.5722516366477,573.7825245365804,0.04228431,681.3921311002869,586.744348250901,0.0038994849,612.341549930549,587.5147820125903,0.004829854
397.0,586.2710638005656,344.9312412086676,0.96440786,601.9086489872648,337.24548654482084,0.95957065,586.826525044143,331.08883220246514,0.8155619,641.4740648696468,353.9409371385555,0.91718256,599.2671440785982,340.33857293402093,0.25379965,691.9792483862922,422.61073694007166,0.970714,558.1104486904134,412.72433263742334,0.9777818,746.2718876118423,517.0236957343087,0.89753646,517.3715518024655,507.8475021369371,0.9092578,653.4797758107067,537.3474285283954,0.89511454,606.5300658934126,536.7425737076935,0.8846674,665.0410405843204,593.3771270880118,0.61116934,578.4231023461563,587.336132862138,0.6265663,647.6571968319254,581.745379467147,0.037197083,556.7201070902506,574.9508821127802,0.042052,681.0541564208179,587.2985826872551,0.0039684176,612.6699994141671,588.6211184336839,0.0048649013
398.0,586.1934660545722,345.0920195621544,0.96288466,601.772501003875,337.359674922365,0.9577153,586.757948426123,331.2755517725493,0.809041,641.4364563040162,353.94805091507317,0.91493845,599.3341368147121,340.5174671114039,0.25069115,692.096558800615,422.8229723814949,0.9703217,558.1333820858974,412.99859314384895,0.9772845,746.1892750440114,517.1000241210984,0.8974556,517.4319513125433,507.9076680650304,0.9085834,653.9211373296183,537.7132070941525,0.89465034,606.7865333393606,537.2576249768524,0.883685,664.9952556449883,593.9391501698237,0.61273307,578.3560763449716,587.9727194656798,0.6270515,647.7450090564004,583.081116191481,0.037025124,556.8881216227903,576.4705449791348,0.041720867,680.7121712001673,588.142438437174,0.0039148033,613.1729486286458,589.713237815684,0.004784882
399.0,586.1507799968837,345.36549235971785,0.96348435,601.7102546417949,337.56138501508985,0.95854676,586.6764124344162,331.54565139248456,0.8125055,641.4886895666389,353.9633600358091,0.9155245,599.2790089664214,340.6889851779532,0.2528283,692.1660629306848,423.01899653145773,0.9702724,558.1647862285879,413.2111737984535,0.9768802,746.0141037635346,517.2754222857267,0.89619637,517.4541404157184,507.99957499769243,0.90617394,654.2229808159434,538.1210629169135,0.8928612,606.9421810636778,537.7501950275418,0.8806103,664.9104780935102,594.6283719778829,0.6052271,578.2635805895626,588.6998164857367,0.61804265,647.8181205572312,584.4080061803356,0.035048842,556.9947659808547,577.8723293906247,0.03933978,680.5624023438763,588.8003218204015,0.0036852062,613.5477950072809,590.4667852535479,0.0044905245
400.0,586.1451462798133,345.70979950407866,0.9641731,601.7107476015992,337.82770731657456,0.9594917,586.6122411300074,331.87755338648583,0.8155791,641.6027157220901,354.0387842248709,0.9162531,599.1970667655885,340.9041809298933,0.25286543,692.2088774691113,423.16949568840244,0.9700552,558.2522871302779,413.354691923939,0.9767325,745.8024907871988,517.5633605865758,0.8955213,517.4233561612806,508.0777750423214,0.90557575,654.2563389711793,538.489544409776,0.8929802,606.6888861760349,537.9658766638244,0.8807309,664.9302057491293,595.1375779636294,0.6014915,578.2885636122033,589.2257553805669,0.61459893,647.9366268325921,585.2080064942003,0.03472963,556.9916589132534,578.7513629718447,0.03902042,680.6677202508267,588.9709608612372,0.0036748648,613.5507941297767,590.7795988422298,0.0044804513
401.0,586.176860695241,346.0830345428391,0.9646036,601.7487111794667,338.13840112609876,0.95963174,586.6033979061104,332.2402765128022,0.81866324,641.7221910010614,354.2056323784134,0.9154513,599.1946468786034,341.1756925520218,0.25621885,692.2409242983235,423.2709461364437,0.96999955,558.4089190349168,413.43816520830774,0.97726715,745.5844385400137,517.8738535376108,0.89581823,517.34645707553,508.0998231073605,0.90863377,654.1146259702859,538.761798356851,0.8939338,605.9881825854035,537.8619607505632,0.8844,665.0834676060689,595.3057799216506,0.6027376,578.4685437457113,589.3967393212117,0.61877435,648.0663053650588,585.5038023377483,0.03468427,556.880023144862,579.1576021587246,0.03939137,680.8828537785935,588.8086341704707,0.0036566556,613.1916040600735,590.8406421069319,0.0044915676
402.0,586.245587654648,346.4359246247767,0.96188766,601.8409164710536,338.45146564746506,0.9559045,586.6535417123981,332.57285454032785,0.80697167,641.8590911859679,354.4463174188645,0.9107327,599.25019325016,341.44181499531476,0.25134778,692.2508450973806,423.36117435601443,0.9693092,558.5797865551199,413.48807274233616,0.9771936,745.3894954437575,518.145345618268,0.8959209,517.2656060077986,508.0902730110996,0.9111347,653.9225618611188,538.9559886041491,0.8940289,605.032008090197,537.5927651110658,0.88707995,665.2654469714732,595.250181356861,0.6067932,578.6873914003182,589.3194539835865,0.62507176,648.1137098626757,585.7090060915044,0.034992218,556.6490634962522,579.4445061650881,0.040118128,681.0804209471726,588.7325616179826,0.0036675036,612.5655793732976,590.9669654127936,0.0045338273
403.0,586.3557583730676,346.7419736017779,0.9628272,602.0314170208324,338.7261387638571,0.9572611,586.7331360822538,332.8349037863227,0.8106165,642.077514215777,354.7141094238366,0.9122575,599.2444831006119,341.6484126513312,0.25161797,692.2185048816791,423.4789179972387,0.9692968,558.6983764402461,413.54424074363453,0.9771489,745.2642000894868,518.4157011929464,0.8958347,517.2284583233743,508.1283463942291,0.9105334,653.6856259840924,539.1536533877827,0.89401865,604.0432272645211,537.3553065472834,0.8865471,665.3371184105356,595.1047840185015,0.6061775,578.7868007415619,589.1225245505408,0.62423515,647.9922310006694,586.0346169625032,0.034621984,556.2496664874793,579.7820088394027,0.03961572,681.247155053728,588.9431353127195,0.0036095679,611.6768860575521,591.2958178233598,0.004457444
404.0,586.4941364205171,346.99268029283246,0.9650717,602.2926840948456,338.93436799009106,0.96000594,586.8050241059939,333.03485212193584,0.82161665,642.3558998783406,354.9516779926733,0.91503215,599.1242934492855,341.82255655010704,0.25872934,692.1473745116524,423.62143270357706,0.9699855,558.7536114313575,413.65681515408164,0.97759175,745.2223303621125,518.751206352958,0.8962255,517.240267755197,508.27856582203384,0.9104972,653.3945368135372,539.4445126701804,0.8944036,603.1077696986049,537.2650535818852,0.8864827,665.2440058735269,594.7755415925483,0.60766333,578.716252639012,588.7404544670565,0.6254078,647.687890140852,586.2214833490561,0.03504494,555.6678380743377,579.9712481151017,0.04001215,681.363196684933,589.1474959651589,0.003660202,610.5636078041125,591.6087328140688,0.0045136213
405.0,586.6179036707522,347.14079169941834,0.966491,602.5117626676879,339.0278725613963,0.9620339,586.8420430346212,333.1674125689377,0.8276607,642.5627289622201,355.09139085361414,0.9180012,598.9549716044187,342.0080681098756,0.26161495,692.0532062589284,423.7438779267404,0.97061044,558.7808900006512,413.84835863957926,0.977859,745.2148987490008,519.1505272259808,0.89674574,517.271275069506,508.53107895693597,0.9097121,653.1089692180631,539.8452142401883,0.8942538,602.1984056369399,537.3201875094408,0.88502574,665.0625228798896,594.107721962183,0.61038506,578.5828952761647,588.0705968238915,0.6270306,647.3093474983003,585.9073796107376,0.03552392,555.0573942117475,579.7729087533675,0.04036525,681.3855916822121,588.8972429550225,0.0037110448,609.4830126711477,591.6089441182608,0.0045622587
406.0,586.6883385256756,347.13341748603295,0.96852815,602.5977936281879,338.9767554156497,0.96479297,586.8420817122311,333.19935345328724,0.8355949,642.5910523378864,355.09883690579693,0.92295265,598.8334197389463,342.17674954522914,0.2651618,691.9469825110446,423.80942491797055,0.97187173,558.8014522866204,414.06518548331053,0.9788815,745.1843866503923,519.5467270941313,0.89817005,517.3099532154195,508.805082256884,0.91026753,652.8764151385728,540.269908523901,0.8949141,601.3696535457486,537.4621632245081,0.8847778,664.9311537915871,593.2518945605498,0.61985064,578.5461104058611,587.2839191017857,0.63629943,647.0680740211055,585.1942076160858,0.038448095,554.7762651767046,579.3300257875355,0.04346764,681.293319486412,588.2530607037097,0.004099041,608.8775368975691,591.4146407820322,0.0050247908
407.0,586.696392339473,347.01080064876567,0.96789104,602.5416832110934,338.84344343984105,0.9640793,586.822739889639,333.14671329645273,0.8319224,642.4423367810721,355.0109488351836,0.92241883,598.8109422789598,342.26804237646536,0.26232958,691.8480387657728,423.83621274875566,0.9718195,558.7991735682563,414.2269056984111,0.97880995,745.126552827244,519.8833973823504,0.89833033,517.3721331918277,509.0291470909957,0.909959,652.6849803265558,540.6125777869102,0.8944453,600.8075991536872,537.6555726181588,0.88402116,664.917424601449,592.6258909268835,0.62220824,578.657945359819,586.765853233365,0.6383048,647.1274501277996,584.6105661412876,0.038945287,555.1274664178526,579.0819350759402,0.043991625,681.045246489241,587.786247220048,0.0041596293,609.0902729032157,591.4961785271469,0.00509575
408.0,586.6594255221875,346.8809351144039,0.9683431,602.3868072543847,338.729998880861,0.96486276,586.7988124450878,333.0858246572319,0.83374953,642.1924645981825,354.88609017797233,0.9240862,598.8794593982374,342.28249042369106,0.26410735,691.7860487954821,423.87236049877913,0.9724452,558.7636980339455,414.3278819397666,0.9787611,745.0754402842019,520.1609262226611,0.89861286,517.4586890583412,509.20468416118774,0.90752757,652.5034189160317,540.848560641261,0.8929802,600.6290316060044,537.8987961697479,0.88011825,664.9609123167611,592.4798761274557,0.6238114,578.8273140264454,586.729012893789,0.63727385,647.4392699641301,584.4860319097809,0.039590925,556.0216866985626,579.2676889119019,0.044264138,680.6119816106911,587.8341103760149,0.004243821,610.0478647089271,592.0734711039918,0.005163014
409.0,586.6151309235063,346.79837254263975,0.96598226,602.2083596758793,338.6675304077554,0.96184003,586.7797957029586,333.064957465393,0.8239694,641.9463842294513,354.75800734229045,0.9195801,598.9896224336757,342.28155678462497,0.26075625,691.7752976053062,423.9402554304746,0.9719317,558.7178751755199,414.4224152316547,0.9780839,745.0578338931991,520.417659864351,0.8981081,517.546313071769,509.3663539605036,0.90623295,652.2986441975373,541.0305825017949,0.89240366,600.7672994409991,538.1897987424563,0.8792057,664.9427949266003,592.7156998962569,0.62456715,578.9120399991934,587.0620817936971,0.63663685,647.7644857764392,584.7146142403449,0.04022494,557.0161678071394,579.7696043609878,0.044862866,680.0766910599266,588.2326688265013,0.0043310523,611.2433083020987,592.9514270440421,0.00525257
410.0,586.6055612059231,346.7492198069038,0.9651367,602.093918354454,338.6260276212203,0.96076,586.7759539335186,333.0735499099735,0.8198185,641.7956375913564,354.65132420394457,0.91860723,599.0745422052746,342.3153449074857,0.25823817,691.7916459116866,424.02775919769726,0.97173274,558.682991868003,414.5367019560085,0.9780346,745.0744749569113,520.6802489341887,0.89806753,517.6151237186873,509.522856913847,0.9066474,652.0577128611119,541.1933088357226,0.8921973,601.0735629591721,538.5078914541552,0.8794719,664.792739712057,593.1192969497959,0.62348044,578.8271254833548,587.5450865505345,0.6359792,647.8801640756142,585.1074200153048,0.039676845,557.6877945301572,580.4042507523025,0.044374138,679.611953488386,588.7844665387125,0.004262805,612.1007176553758,593.9277980754697,0.005179107
411.0,586.6473563819592,346.7395395164665,0.96569216,602.0841604634845,338.60461817120074,0.9615099,586.7865611468304,333.10978093769853,0.8218168,641.7624100059127,354.5840357822178,0.9198692,599.0800812539408,342.3901003805993,0.25847486,691.7828172594081,424.1059270141358,0.9722277,558.6545780934856,414.6478865927865,0.97825474,745.1040598749078,520.9237900092068,0.8990027,517.6570588530063,509.65463773943003,0.9065601,651.8489785601064,541.289755732108,0.8930547,601.4296601048775,538.8237785196777,0.8792848,664.5476715275677,593.5886881448159,0.6302874,578.6142504000807,588.0768277535133,0.6416893,647.7876254369278,585.6163207693089,0.04143399,557.9551142872373,581.1163268683179,0.04611793,679.3803678167498,589.445532434952,0.004458666,612.4275417948787,594.9487150891182,0.005397886
412.0,586.7242130276566,346.8152234201321,0.96557915,602.1536815277046,338.6449731332073,0.9614919,586.7920028522761,333.2101179515571,0.82104933,641.8114500671318,354.5543164150762,0.91988355,598.9821364831562,342.49597917764885,0.25715783,691.7170300113979,424.1514033906401,0.9721935,558.6248176847434,414.7287474177945,0.97793365,745.1239636091506,521.1034518315463,0.8996737,517.6749116664164,509.74577976113113,0.90550065,651.7853065761581,541.2694256278322,0.89377457,601.7907719395084,539.136527609321,0.87842256,664.2962154536601,594.1407682812517,0.63096046,578.3854588797212,588.6854297152325,0.6405998,647.6480314268105,586.2631074622834,0.041348666,558.0289895212061,581.925307394173,0.04569727,679.4384722614973,590.146626038917,0.0044282377,612.4486026868259,595.9407442057523,0.0053324997
413.0,586.8104547622197,346.99933762469334,0.96570504,602.2585034303909,338.7693984538943,0.9614733,586.7714532904013,333.4010928078553,0.8228287,641.9098807182916,354.5468065227128,0.9189683,598.786035045625,342.6330721677175,0.2589575,691.6149640639303,424.1719947386607,0.97186816,558.5977136517018,414.78785639401605,0.9777645,745.1218980376673,521.2220646045398,0.8993065,517.6841205378803,509.80029095035445,0.90577286,651.859935994679,541.1668214006392,0.89414036,602.1424022887816,539.4476261835636,0.87936676,664.0528382763472,594.780493856017,0.62438184,578.1696443133316,589.3778571292992,0.6346022,647.5146266429199,587.0272915892817,0.039939165,558.04733819363,582.8080677310861,0.044249,679.6549096158178,590.8093604521493,0.004273236,612.3802594627257,596.8159179549385,0.0051519275
414.0,586.8973890854897,347.2460397053984,0.9663329,602.3754904650905,338.9432733983424,0.96223927,586.7337866592595,333.6522896342576,0.82629865,642.0333952552103,354.5510443422236,0.91935086,598.5380496686873,342.8022367151568,0.26088005,691.5224817742787,424.20001880182167,0.971809,558.5736918738293,414.85921076903696,0.9775058,745.0949803800636,521.3292253217131,0.89842355,517.7004913582863,509.82663866729774,0.9043064,651.9062587042112,541.0393325340389,0.8931314,602.3862553812189,539.6648987696474,0.87753963,663.7512044732398,595.3925607723214,0.62047344,577.8908502883531,590.0257470054335,0.6297233,647.2793972831039,587.7236240969114,0.03857121,557.9143334870812,583.5840395436794,0.042655885,679.766149932861,591.3699567320573,0.00409922,612.1792557703071,597.5229387147745,0.0049345195
415.0,586.9918847700286,347.44324460480243,0.96678746,602.5040740473353,339.08270003672453,0.96249735,586.7170255046269,333.86627108611094,0.82966876,642.155769612868,354.56534360309087,0.91864395,598.3173007364765,342.9698281175281,0.2639869,691.4680807766854,424.26190751533693,0.9717679,558.540985434945,414.96452880927404,0.9777704,745.0526305887827,521.460170470313,0.89934665,517.7377252054896,509.8513072423002,0.9067728,651.8340136704242,540.9102582107109,0.8955916,602.3928282044102,539.6839776427323,0.8816576,663.3815591555083,595.8170290069506,0.62347454,577.5272984119026,590.4608076684909,0.634138,646.8863082404459,588.0971283524244,0.0392648,557.5993259304228,584.00999137946,0.043643504,679.5653229686933,591.7197956967739,0.0041703284,611.8289649475706,597.9796308651526,0.0050337315
416.0,587.0905737283254,347.486199701038,0.96613395,602.6448274221518,339.10880134075313,0.9620372,586.7463048408798,333.9375154502442,0.826074,642.2730883140932,354.5820839270591,0.9188871,598.1880091442274,343.0655312602156,0.26025718,691.4516385581298,424.3587006131455,0.9718449,558.4988874679475,415.0901052156853,0.9773698,745.0085291342804,521.5993022815385,0.9000192,517.8068422526434,509.9206746845179,0.90475065,651.7873880778068,540.8092010234083,0.8958005,602.2002492129006,539.5717655520497,0.8792242,663.0490175621386,596.0143862465558,0.62503994,577.1986491989692,590.6525733685047,0.63321173,646.4608693870689,588.1227377768705,0.040064245,557.3617529533645,584.0625107678065,0.044012517,679.0699423800859,591.7845920359687,0.004280925,611.5958836187801,598.1077252347177,0.005121827
417.0,587.1790880398496,347.3950335408181,0.9667483,602.7876261087986,339.038200087503,0.9625597,586.8151711530174,333.8663281740955,0.8305546,642.4066953439396,354.60016421618445,0.9191611,598.169198278428,343.0538365818145,0.26624,691.464881277625,424.47584905284884,0.9719503,558.4638078754804,415.1849283826631,0.9775414,744.9823847858133,521.7407559313367,0.89783597,517.8935283126733,510.0351349363387,0.90350735,651.9037114286058,540.787840947218,0.89263284,602.0069244013658,539.5179473456284,0.8767402,662.8370478811112,596.0734054782096,0.6187373,577.0082530043176,590.6953218659635,0.62770617,646.1601766210705,587.9778407231976,0.039123178,557.4359999968458,583.9094718732104,0.043141007,678.4825483635333,591.5977982306501,0.004207641,611.7332651922843,597.9399958065825,0.0050462484
418.0,587.2636968744246,347.312203937835,0.96602285,602.9323131481713,338.98575966239645,0.9619578,586.9187206191768,333.7671046400985,0.82605326,642.5726489019521,354.6443056847796,0.91877276,598.2496418708395,342.96790092344406,0.26043916,691.5163189215111,424.6167163506599,0.97133064,558.4281368268423,415.19195785099214,0.9769711,745.0074168944947,521.9539398482489,0.89671475,517.9600939180837,510.14624282834495,0.9018315,652.1187630103229,540.8893636534517,0.8918938,601.9827687780703,539.6730619732045,0.8752682,662.6683549620692,596.1065104383167,0.6134361,576.8564746021289,590.6773542480197,0.62206316,645.9792051745223,587.7982542539299,0.03823623,557.6972287305595,583.650712576575,0.04211536,677.9170492842961,591.3015513902192,0.0041162074,612.1663214269329,597.6261139382789,0.004932612
419.0,587.3663052766841,347.33901486663933,0.96677965,603.0867788433261,339.0341980832392,0.9630929,587.0685597769494,333.7281726118451,0.8294833,642.755642788295,354.72960324615264,0.9205574,598.418421198421,342.84435067521855,0.26236057,691.6166222421466,424.793183355813,0.97141445,558.357589987596,415.0936387234128,0.9769078,745.1035700499496,522.2926790775565,0.8956815,517.9814211655626,510.22769448898396,0.90011144,652.3310350948461,541.1068942698964,0.89036596,602.1642518271392,540.0670267204409,0.872844,662.3959976330452,596.1807850722616,0.6061138,576.5547972239926,590.6396674761922,0.6144496,645.813661384519,587.6496965900991,0.03707367,557.8717955793219,583.3120962928796,0.040751994,677.3052795333972,591.0925035312302,0.0040093362,612.6708085181658,597.345645611509,0.0047997236
420.0,587.4820679956489,347.4292287093273,0.9664203,603.225016370644,339.14702071792044,0.9628257,587.2618962221405,333.72481707534973,0.82833683,642.8961167070985,354.82712444832873,0.92029846,598.6746591722308,342.68594062141074,0.26250312,691.7442056129357,424.975776740695,0.97184336,558.2553845646574,414.92195579319025,0.9765764,745.2463223879945,522.6748255199667,0.8957223,517.9721858920507,510.2806532368903,0.89716935,652.4846173313316,541.3544424339439,0.8893646,602.4727625288135,540.5685517970143,0.86881757,662.0235397717794,596.2952771606114,0.60951215,576.1154645846683,590.6020658901505,0.61455154,645.6420038751555,587.581601405353,0.03882712,557.906611716831,582.9785637626159,0.042195678,676.6391210827217,591.0727308059917,0.0042726994,613.1652775642958,597.2088835334616,0.005068958
421.0,587.5837115854367,347.47777121119327,0.9672563,603.3016532138656,339.2385095427227,0.9640045,587.4683174595349,333.6902297799317,0.8308892,642.9286589928346,354.8932289141387,0.92242527,598.9937610576081,342.49454439979854,0.26209596,691.8591149280458,425.1163494995129,0.9721332,558.1699212211576,414.73031895666327,0.97681904,745.3863868345236,522.9699678916821,0.8963643,517.9716293095057,510.300644380243,0.89745414,652.492558966394,541.5255964256004,0.8898692,602.7862347700968,540.973441563964,0.8688706,661.7160981663964,596.4269356795683,0.6108911,575.7552888561848,590.589097508949,0.61579996,645.5330753273968,587.6342088771994,0.038771063,557.9567904734538,582.7753768556416,0.042105287,676.0661531271558,591.229551315057,0.0042544603,613.7169052790559,597.2449337028268,0.005048573
422.0,587.6462405454394,347.44983300956596,0.9637575,603.2990143045154,339.2696679306413,0.9595908,587.6371250492531,333.61049919871,0.81534433,642.8490570966949,354.9055674909523,0.9170062,599.2958426112641,342.29921108076354,0.2549444,691.9469785274134,425.2095887974193,0.97129345,558.125719026318,414.5606290150257,0.97609365,745.4921406408707,523.1627565252475,0.89598626,517.9905542883378,510.2769535536948,0.8972025,652.3028480235333,541.5939605255307,0.88927376,603.0198374517454,541.1886203004544,0.8686278,661.5715886474178,596.5863849878295,0.6088767,575.5913129820126,590.6320179901334,0.61352146,645.5132166450422,587.8480074240097,0.038233787,558.0905484725024,582.7818229815882,0.041537017,675.6958177998872,591.5401290906926,0.00417161,614.3164724824558,597.4499263713278,0.0049477816
423.0,587.6430609527625,347.3709848604036,0.9649461,603.2147708796092,339.24336244928406,0.9609891,587.7166784477633,333.5132078532679,0.8212718,642.7010827297851,354.86188604818176,0.9181384,599.5048560059415,342.14010362711747,0.25874907,692.0209967974424,425.275400617809,0.9714967,558.1051862765628,414.42393649546074,0.97621083,745.5496282561483,523.326565254142,0.89605945,518.0020382313817,510.1997221142233,0.8970402,651.9698857487793,541.6014558986727,0.88972205,603.173134560609,541.2487494916031,0.8688758,661.5216533475332,596.7699599364844,0.6082988,575.5263909441103,590.7207437318924,0.6127321,645.525169769041,588.1911881044747,0.03829238,558.1893633403479,582.9652028003501,0.041547447,675.4892346756742,591.9184354679874,0.004177302,614.7970775000982,597.7481772055544,0.00495106
424.0,587.5675674884264,347.2594527670009,0.96388626,603.0631772977019,339.17170433417164,0.95965064,587.7077138859346,333.40632607619835,0.81650394,642.5294538957164,354.78463279836853,0.91691905,599.6326407522347,342.0189402264595,0.25622684,692.0832696653943,425.32148861424616,0.9711045,558.091381409027,414.29773141329827,0.9761992,745.5438535321543,523.4939267826861,0.8950888,517.9963404291672,510.07135946426047,0.89805853,651.5893829805191,541.5699728790174,0.8887446,603.3174114288081,541.198667939374,0.869573,661.4708759528137,596.8997593547842,0.6068654,575.4468057665629,590.7648467566744,0.61318237,645.5078358997375,588.4478002387541,0.037460804,558.1351574317057,583.0956348083429,0.04099363,675.3589632609174,592.1580428804712,0.004059881,615.0270748285002,597.9341833078503,0.0048412383
425.0,587.456698461142,347.1190877023122,0.9630455,602.9122342127034,339.0745259925857,0.9586506,587.6680049366576,333.2691902564593,0.8123351,642.3944286458494,354.732675989992,0.91570973,599.7272199389855,341.8941093179605,0.2531,692.1108158938125,425.3555185986094,0.97078556,558.0800315054487,414.1466714562914,0.97591686,745.4726899261694,523.6345846432289,0.8951551,518.0001754634477,509.9168076369266,0.89801776,651.2316988526285,541.489266785332,0.8890219,603.5473860366993,541.0615427217588,0.8697956,661.4055730978029,596.8925918532634,0.60819274,575.3465921854104,590.6601369408413,0.61429644,645.4536838259748,588.3361920582095,0.03740686,557.9276945617211,582.8302950907724,0.040919185,675.3158002723956,592.1168158450114,0.0040230155,614.9870082710661,597.7842960806357,0.004795879
426.0,587.3581672218708,346.94833181339027,0.9622507,602.851989552463,338.96395414363656,0.9575325,587.6446405039345,333.07869397566424,0.8086742,642.3712979750229,354.76675934630254,0.91445243,599.7815925317493,341.73615420092204,0.25154972,692.091102213597,425.39935775288876,0.9706502,558.0574285284044,413.95957168865544,0.9759702,745.3634577542182,523.7200000844992,0.89507186,518.0333901581287,509.7682793316049,0.89882714,650.9513461846934,541.3691798996985,0.88930464,603.9290667843281,540.8893682070736,0.87094986,661.3675921497286,596.7829739959215,0.60789764,575.2574758631256,590.4212147700894,0.6148927,645.4124704488258,587.8537226215064,0.037994802,557.6432354696782,582.0852673782157,0.04167354,675.4777237100425,591.9239816428938,0.0041307807,614.6983930503259,597.3015962828832,0.0049323738
427.0,587.2947135498439,346.742198958083,0.96327674,602.915758155307,338.8319435801918,0.9590941,587.6458452807515,332.8310895202011,0.81201637,642.4905768602547,354.88938583021877,0.91676235,599.773570860428,341.5538367143147,0.2510448,692.048423871226,425.4725353770824,0.9709039,558.0044603382889,413.76693534241997,0.9760159,745.2464925754747,523.7489559298651,0.8955196,518.0820918959579,509.64356379817644,0.8983475,650.7991417207581,541.246069533126,0.8897883,604.4458074258505,540.7608852986601,0.87048715,661.3960128306467,596.7029287279593,0.60897624,575.1898747007873,590.1897514004821,0.61535007,645.45617109242,587.3208504238423,0.038551867,557.3785230412896,581.1859270708294,0.0421454,675.8985028004398,591.8383395378099,0.00420779,614.2509557815408,596.7442385878563,0.0050183833
428.0,587.260539812318,346.51921063892166,0.9655963,603.05176965582,338.6806344145273,0.96188736,587.6593790462268,332.5636729073283,0.8219756,642.7006180332876,355.03757292440895,0.9204481,599.7274160190702,341.37711955109546,0.25593477,692.0232198482545,425.56434873993373,0.97165954,557.9224451380926,413.61081730113017,0.9765949,745.1248470323651,523.7404115461998,0.8959767,518.1200022242288,509.54706769703876,0.89843094,650.7605486503509,541.1480457961076,0.8898922,604.9854266591535,540.7017923831457,0.8701286,661.4828123467479,596.7068854172649,0.60935986,575.1348164986767,590.0566159916801,0.6155448,645.5921102116076,586.9350838766093,0.03859517,557.1765718732236,580.438933423951,0.042134255,676.4122885212918,591.8533413167795,0.0042208135,613.7889837603178,596.2690113956073,0.0050344765
429.0,587.2340949149383,346.323844223534,0.9653342,603.1796689421294,338.5366437285012,0.9614501,587.6590415724588,332.3377059694345,0.82021093,642.9142779781022,355.14087172083475,0.91986215,599.6600980423221,341.23449893755213,0.25487483,692.0283545943287,425.63364638626683,0.9717884,557.8226939210592,413.5064028748788,0.97681886,744.987611034531,523.7282110669585,0.89715505,518.1314477642094,509.493260269531,0.9001467,650.7296623431628,541.089785337563,0.8912342,605.4245029573201,540.6535557261845,0.8721928,661.5670890114063,596.7004555137147,0.61607283,575.065009716478,589.9552039866235,0.6226164,645.7202382018042,586.5017261046419,0.039538056,556.9914152746051,579.7486874876258,0.043253213,676.7382831903119,591.6494852037414,0.004299909,613.3821122649811,595.7027199640647,0.0051377714
430.0,587.1973085416389,346.1765881506489,0.9652148,603.2579344361236,338.413152508083,0.961267,587.6173223597459,332.18096737935775,0.819839,643.0743420322874,355.16884316179403,0.919762,599.5422280293581,341.1390809103004,0.25474507,692.0360892451827,425.64526650792027,0.97166526,557.7009921338887,413.4550533009509,0.97685635,744.8383049868014,523.7300107102126,0.89677167,518.10825560016,509.51081867960113,0.9005887,650.612453168811,541.0736203744511,0.8910548,605.7163383094542,540.547791555159,0.87266576,661.5905024409609,596.5786616350492,0.61369014,574.9557296845081,589.7903627099159,0.6210601,645.726749888381,585.7270452000645,0.039066225,556.768223122931,578.85173804496,0.042860895,676.733614492784,590.9926489196813,0.0042584836,613.0052888670309,594.8408719185531,0.0050978363
431.0,587.1342223197821,346.05836693491676,0.96591246,603.2609007183314,338.29742824348995,0.9621377,587.5265379740534,332.0840936084828,0.8235856,643.1416659460596,355.1288369367868,0.92077875,599.3839445039714,341.10753886980774,0.25782782,692.0288030321578,425.59434626568896,0.97187066,557.5584559079286,413.46983523581025,0.9770092,744.7028964860707,523.7248505350258,0.8960412,518.0515427733741,509.59621227212097,0.8998703,650.4052887775687,541.0539215024226,0.8899604,605.8732387469435,540.3704342239162,0.8715534,661.5562057107442,596.3319425458112,0.6101617,574.8184474554821,589.5639077472342,0.6177246,645.6093118152676,584.5959714036168,0.039129972,556.5068809028,577.7629833668939,0.04292664,676.4598952962098,589.9936676123948,0.004323125,612.6445191011369,593.8348490472673,0.0051757693
432.0,587.0283154607123,345.9485881017638,0.96625346,603.1501367537846,338.1817480979114,0.96239746,587.4044087790445,332.0396562668616,0.8258133,643.0796337747344,355.0479205714091,0.92066085,599.2821310988979,341.1691952222565,0.25943187,692.0424199012284,425.4927352575862,0.9718663,557.4251588404984,413.54871774652753,0.9771185,744.608501795422,523.6838921370708,0.8962623,517.9828643526961,509.67974555624426,0.90050566,650.1331397587298,540.9537127017059,0.8911276,605.9182579486729,540.1510691083171,0.87318254,661.5226285567096,595.9809383991785,0.6088126,574.6922686067674,589.3036892850594,0.616669,645.4735511839056,583.3554079028432,0.03934014,556.2325363193637,576.7743474008255,0.04317847,676.0437522216663,588.9454201812084,0.0043818057,612.3336244531836,593.0803708025505,0.005242437
433.0,586.8934049794524,345.8503825880764,0.9644305,602.9390447043477,338.0749576951427,0.96021736,587.2861315571031,332.0439076178417,0.81695926,642.9144547992817,354.95191138216,0.91862077,599.3126128271637,341.319954218421,0.25443608,692.1165371995085,425.34229353753256,0.9715956,557.3360481334439,413.6456372441773,0.97685003,744.5532050906482,523.5917700115734,0.8965657,517.924990409354,509.68358649938887,0.9006047,649.7864383774256,540.7676157185828,0.8909352,605.886044311481,539.9455414448629,0.8728367,661.5316740255066,595.5039222187186,0.6113428,574.6015239584855,588.970563207623,0.6189966,645.4011868821508,582.2456740652012,0.03965932,555.9605157097376,576.1036568180314,0.04349947,675.5756238770214,588.046175214914,0.0043940246,612.0713449350244,592.7832455429835,0.0052547157
434.0,586.7799615743949,345.782491630776,0.9631621,602.7237894445881,337.9896342241117,0.95892537,587.1998265872213,332.0802720172505,0.80989474,642.7498937883976,354.849127441886,0.9179325,599.4234421908022,341.4949870404463,0.2487773,692.2210370100636,425.1370060146394,0.9714507,557.297934366871,413.70206699900064,0.9767045,744.5068830549621,523.4386612042451,0.89747405,517.8719138212548,509.6046575927006,0.9008485,649.353717211745,540.5954573033373,0.8920205,605.8238874111838,539.8349320709035,0.8734044,661.5646780015128,594.910408937686,0.61716634,574.5459030343186,588.5371689719184,0.6243449,645.362553844312,581.4057075052666,0.041066855,555.7126488154886,575.7702853345804,0.044933587,675.1307588674952,587.3708604846149,0.004566878,611.7912964231602,592.8371925266465,0.005450338
435.0,586.7214923929489,345.76160382233957,0.9629824,602.5876755256528,337.9395880679619,0.95857763,587.1417288194618,332.1318990623662,0.8087369,642.6642992512873,354.74476287203424,0.9180845,599.4944263409856,341.6250979986422,0.24924058,692.2832191865443,424.89412018866255,0.97199863,557.2891168410579,413.68867655089196,0.9773069,744.4468528827749,523.2483211363659,0.8991066,517.7880571429791,509.4973130537119,0.902954,648.8603298970472,540.5401615911351,0.8929004,605.7537272565385,539.8706445813738,0.8748245,661.5998737383443,594.3264213726526,0.6287984,574.5393050685777,588.0942193981563,0.63628036,645.3133455776549,580.9504532931722,0.043233186,555.5719384407798,575.75117142993,0.047349215,674.8169834290901,586.9572804635374,0.004801303,611.5001708519029,593.0502528269294,0.0057344735
436.0,586.7027509059948,345.78291596761534,0.96400774,602.5206712820514,337.9302740174719,0.9597609,587.0883176423849,332.1927381718441,0.8134409,642.6346419613046,354.6523268215667,0.919043,599.4735870983574,341.7000611826047,0.2518347,692.2731400947666,424.6513997849757,0.9723532,557.2782232743343,413.6087521157823,0.9776423,744.384789333986,523.0749338730419,0.8998798,517.6248410747432,509.386481015513,0.90374184,648.3850461733347,540.6120827968772,0.8941512,605.657441216948,539.9909664295328,0.8761351,661.6521836839145,593.8979222230618,0.63409674,574.5999948798192,587.7727779586357,0.6416148,645.3078545393354,580.9326801717972,0.044802904,555.6596933427405,576.0390248437101,0.04902166,674.730273756488,586.7541990755832,0.004989773,611.3443563281073,593.2734246376527,0.0059557855
437.0,586.6943884704964,345.80534502576734,0.96274835,602.4692070761649,337.93222363280086,0.9579791,587.0281795108544,332.24238532764593,0.80838513,642.5890529986991,354.5690879196047,0.9165798,599.3923262469028,341.74066779991597,0.24975672,692.2141286508269,424.4363579016471,0.9718716,557.235734876638,413.48853727063863,0.97756433,744.3431291992547,522.9269968660824,0.90010726,517.361929592707,509.24428476452204,0.9055494,648.0555112098664,540.7536942683579,0.894569,605.5347008599724,540.0810683370194,0.87822795,661.7149280118767,593.6663036522394,0.6330854,574.6904309340695,587.619656202119,0.6420032,645.4014130530554,581.2849410720014,0.04337567,555.9968343344192,576.5802296495293,0.04778579,674.8365223360966,586.6657019249658,0.004768431,611.4552503696646,593.4253570560865,0.0057165325
438.0,586.6887524305195,345.7793450247369,0.963052,602.4173056000632,337.8953876664614,0.95814574,586.9634351761437,332.2439936943068,0.81028557,642.4921974315487,354.4653919997645,0.916514,599.2656530413363,341.7440313442003,0.25232202,692.122021597441,424.2682657886864,0.9719388,557.1361449386256,413.37228795633143,0.9779885,744.3127414983596,522.7600255879665,0.89988005,517.0520790803891,509.04619975681,0.90738916,647.9719459786054,540.9141246894985,0.8945895,605.4381972236416,540.1286428373598,0.880437,661.721672996579,593.6245445963191,0.63526237,574.7203667846567,587.6351996649662,0.64608574,645.5037712373719,581.8899089547832,0.04349944,556.4308179574817,577.2788339420783,0.04835576,674.9565179921561,586.7052993047854,0.004761666,611.8063034114934,593.5432168593097,0.0057487786
439.0,586.6881543911445,345.696596670491,0.96276367,602.3774203675946,337.8024192997864,0.95771194,586.8913561904094,332.1857119672701,0.80834174,642.3488481608978,354.317410677818,0.9164396,599.067282564979,341.6941931715477,0.25122178,691.9882969683481,424.1665833376837,0.9721529,556.9703541399152,413.2975387880871,0.9782455,744.2555339087291,522.5559232588214,0.9008484,516.788800442556,508.80815393341356,0.9085187,648.1128068486128,541.0617340171314,0.8950137,605.4046254603031,540.2156763001146,0.8811967,661.6139250489434,593.7858499706251,0.64003515,574.6311759188634,587.831024765778,0.6509771,645.4691469271991,582.6091761684662,0.043720603,556.7715364161306,578.0020534015139,0.04865876,674.9079020650295,586.89705806157,0.004751295,612.2831172502624,593.6711112307032,0.0057412684
440.0,586.6719552826098,345.5805649310725,0.96361226,602.3299157692281,337.67588508253465,0.9586097,586.8046006188292,332.0828329236885,0.8141496,642.1627709570299,354.1363311039897,0.9166326,598.8235384878926,341.58716757429,0.2558989,691.8237309753093,424.12625528075364,0.9721528,556.7764377106815,413.2509440814234,0.9780375,744.1460518428001,522.3444418326307,0.9002941,516.6215554490026,508.55539819094736,0.9074611,648.3323260798344,541.1582950998501,0.89485055,605.3684849702842,540.3716834945059,0.88038814,661.4283347785355,594.0990142533876,0.6364419,574.4746180291256,588.1470987466083,0.64647686,645.2746181718849,583.2232587551977,0.04309094,556.9656445458356,578.5347982233361,0.047777116,674.6459918042035,587.0487731041583,0.0046839714,612.8313533127812,593.654920231783,0.005638987
441.0,586.595484372475,345.4388799176986,0.96330607,602.2245219394986,337.5404621682371,0.9580374,586.7007392582829,331.9392592626449,0.8143207,641.9370008210187,353.96962093410946,0.9155971,598.6351097603488,341.4262964695504,0.25898302,691.6589248423679,424.1109325061005,0.972131,556.6249508202677,413.17200122407996,0.97799367,744.0013206765941,522.1485885457055,0.8995216,516.5346168545108,508.2924667976072,0.90689766,648.4696801785433,541.1824442700309,0.8933029,605.2203100391205,540.5460750144163,0.879127,661.259177361624,594.4119988085408,0.6313473,574.3660787238925,588.4213133976133,0.64142615,644.9857565284701,583.516547706275,0.04157999,557.0711397247708,578.6750203379586,0.046171784,674.2668712673753,586.866818334798,0.00451836,613.4315497174034,593.2474953879878,0.005442798
442.0,586.4282409010489,345.2754095508968,0.9635999,602.0437594408913,337.42161811684787,0.95865214,586.5782862670105,331.75346937533004,0.8133609,641.693903538848,353.8858170968663,0.9170921,598.5514215092579,341.21576914386964,0.25558954,691.4870860574116,424.0926050763194,0.972175,556.5259790957386,413.0276590874118,0.97794974,743.8674967535542,521.9466800858204,0.8994499,516.4892415210581,508.05406345311513,0.9062392,648.4765490150751,541.1687608707971,0.89347696,604.9746656844986,540.6927651767991,0.87846625,661.1559803114224,594.6060584217098,0.6272423,574.3581763759925,588.53530007995,0.63733363,644.6523431144085,583.4866671127991,0.041144907,557.1427103940171,578.4314116308938,0.045595825,673.9087435745678,586.33514213513,0.0044893026,614.0014599779653,592.4373234016298,0.0054038167
443.0,586.1704947968193,345.12815881295455,0.9630475,601.8113324915118,337.3591912147869,0.95816076,586.4256295637251,331.5479961363987,0.80932045,641.4528407505065,353.9272266164145,0.917223,598.5068922936256,340.9539625781341,0.25113085,691.2646168295685,424.07784911986937,0.9719337,556.4000692750175,412.8553403493421,0.9777381,743.7791645464267,521.69658621521,0.89923954,516.4447501824412,507.93783744609345,0.9057088,648.4301807542329,541.1659637582247,0.89291817,604.7420417566105,540.7831483985271,0.8774533,661.1152487754555,594.6911926347783,0.62333614,574.4219241893034,588.5127202281465,0.63329154,644.3201717479235,583.3377485808575,0.03955266,557.2038583462952,577.9968214977712,0.043851465,673.6404873090987,585.7689582326004,0.004280448,614.467404731748,591.4705254765411,0.005158156
444.0,585.8378718873286,345.04668003506873,0.96359885,601.5436586170106,337.37836763173334,0.9587595,586.2290275029965,331.3599056603131,0.8117273,641.20963116503,354.06601653591247,0.9180037,598.4256967284041,340.6409601379884,0.25283194,690.9864406345432,424.09104894297457,0.97228223,556.1911208093077,412.71403911288644,0.97816825,743.7299657643778,521.4006434359844,0.90015113,516.3584269673436,508.0134090080247,0.90709877,648.415650090164,541.1641833826467,0.8936722,604.5355389537365,540.7787567096748,0.8788329,661.1316800276692,594.751035004811,0.62919235,574.527755394628,588.4505387881937,0.6397014,644.0580233391056,583.283977331103,0.0410569,557.2724884738991,577.5656698185787,0.04556942,673.4555628701956,585.4991690270151,0.0044700503,614.8773551093093,590.6082658365792,0.005392641
445.0,585.4690108048892,345.04987114681967,0.96258867,601.2580054413538,337.46544409277533,0.9576228,586.0000846098434,331.22336848740423,0.80732965,640.9722583785257,354.23751572140225,0.9164103,598.3042908665667,340.3192531761388,0.24958992,690.7012047284668,424.1374223429614,0.97147214,555.9383283464448,412.6296225516403,0.97744393,743.6777060393872,521.1177741481393,0.8979229,516.2028834343914,508.2321480303025,0.9048346,648.4282709834092,541.1107998711002,0.89206946,604.2519699032106,540.6467077136062,0.87689567,661.2104313848222,594.8249764215155,0.6162754,574.6733630121303,588.4057921085024,0.6267636,643.9585718138799,583.4042980480781,0.03861308,557.3674601035991,577.2604039483426,0.042869657,673.4092810421262,585.6381952749757,0.004198611,615.2853753214849,590.0382751435397,0.0050674677
446.0,585.129877454852,345.1125944426285,0.9619125,601.004381617727,337.5781089568064,0.957085,585.7767011202274,331.1545727151754,0.80274504,640.7764726861582,354.40255654060877,0.9164796,598.1638597676166,340.0722083005204,0.24572355,690.4355801273789,424.18448219138395,0.97134185,555.7035201982302,412.5959338204839,0.97720265,743.5896082070211,520.8936051877939,0.89722013,515.9793459247605,508.47035381312844,0.90362155,648.4061183859056,540.9848889728769,0.8907142,603.8155071993167,540.3877513584989,0.8751235,661.3304542547594,594.8503453175067,0.6154413,574.8353306956736,588.3489008660165,0.6255887,644.0674678961368,583.6056943693874,0.038265347,557.4596849791495,577.1191761970489,0.042473942,673.6342539190928,586.0848335799014,0.0041356683,615.5477410680813,589.8909161766423,0.004996538
447.0,584.8553038474165,345.166236097442,0.9632549,600.8087521050661,337.66090115416034,0.95884615,585.5815197076313,331.1209188470782,0.8095429,640.6231366427787,354.56003370652195,0.9179472,598.017322040322,339.9476781116124,0.24908483,690.1733491954525,424.1977285027283,0.97128415,555.5049469474025,412.5934288216249,0.9770149,743.4898253365036,520.7240875459581,0.8964563,515.7111772060588,508.64746900914713,0.9020633,648.3344903378293,540.8332012661115,0.89073133,603.2784672945309,540.0782488820681,0.8743615,661.4497767480264,594.7762464811457,0.60856724,574.9766873153536,588.2488099010616,0.6182482,644.2919839521346,583.8089657058146,0.03773409,557.5120469297093,577.1572978118201,0.04175365,674.1184231060338,586.6978438209503,0.0041157007,615.485759369607,590.1851464804724,0.004962206
448.0,584.6120702372925,345.1331404969048,0.96421593,600.6262774759202,337.6705004272634,0.95986986,585.4012719957284,331.0506316054976,0.81419176,640.4554179522096,354.7263294711705,0.9188883,597.891151801794,339.9126323390553,0.2521547,689.9149440068692,424.18717003032805,0.97199667,555.3447372955889,412.60010738780386,0.9775475,743.4365034047387,520.5760436842197,0.89890516,515.4296881363779,508.7680124329097,0.903909,648.2935858021765,540.7201029858882,0.8930793,602.788036923,539.8610252803036,0.8765857,661.594598635935,594.7178146290182,0.6231955,575.1431866097673,588.1981034258043,0.6319618,644.4956670602962,584.1641038819017,0.04038021,557.6303923171852,577.4610968137064,0.044543505,674.6565763147813,587.4682325591622,0.004383117,615.2460957503768,590.8057317118718,0.0052714646
449.0,584.3669741861446,345.0058668445216,0.9632057,600.4227163508423,337.6164362070208,0.9592415,585.2205985244791,330.9118750085578,0.8067782,640.244932938049,354.90821911512046,0.9197773,597.7940020053124,339.8962790873368,0.24416444,689.6783420747047,424.1837901951486,0.9716122,555.2312424677323,412.6011412681693,0.9771397,743.4433721557947,520.3968238612567,0.898028,515.1646339768103,508.86470714105593,0.9020625,648.3674526793449,540.65334100612,0.8915113,602.4851579985489,539.8265501555528,0.8737755,661.8514782628345,594.8783558762677,0.6194018,575.4446005910931,588.3644791232587,0.6279265,644.6611704113323,584.9238626261179,0.03975478,558.0089766172151,578.1402157682535,0.04374084,675.123186290702,588.4874761090532,0.004321307,615.1952043638568,591.6027445092064,0.005194783
450.0,584.1310969161128,344.8687215760085,0.96382296,600.2203728013261,337.56135513930417,0.95969164,585.0403081988109,330.7597058630671,0.81027174,640.0283901299903,355.08821160017436,0.9196594,597.6910548158448,339.8645211779674,0.2473219,689.4588650103317,424.18421453594004,0.97138,555.153346776259,412.59480662529444,0.9771761,743.4591950675213,520.1568331300731,0.8964137,514.9422017545855,508.95846063014693,0.9022696,648.5074622532893,540.6040938312791,0.88978505,602.4240903557899,539.9279415049546,0.8735671,662.221426408332,595.2935459529235,0.6097055,575.881961382123,588.7794576316104,0.6199333,644.8519048190598,586.1040711653663,0.03680107,558.637982167783,579.1693525011785,0.040838063,675.5839877509211,589.728814713877,0.0039239526,615.4457588699133,592.476057124779,0.004749477
451.0,583.9103137588365,344.7983845797505,0.96419513,600.0292989383321,337.55137974845155,0.9601265,584.8550469095926,330.6645145112564,0.8123725,639.8349791722849,355.2381244495441,0.91968673,597.5533801384173,339.8344432075687,0.24851763,689.2459352707081,424.1671087362756,0.9712429,555.0817209702319,412.5863163215421,0.97713614,743.4325026556913,519.9095875481188,0.8962732,514.7764549081094,509.0536761190084,0.9025019,648.5628840390837,540.5530452381948,0.8900057,602.5277375887418,540.0448830933072,0.87431705,662.5791679078261,595.7865181411762,0.60948163,576.3043238153339,589.2789471596536,0.61996806,645.0562409421636,587.3796009776809,0.036470056,559.2435547370371,580.2954268154019,0.040519923,676.0834575476292,590.9419211575498,0.0038726628,615.766938143677,593.3137121262607,0.0046929717
452.0,583.6953944580124,344.7819355534014,0.96400666,599.8344696946467,337.56539227826426,0.9602523,584.6594278113707,330.6258546861268,0.81013733,639.6573494719114,355.33106046975723,0.9205544,597.391028875655,339.81902249538643,0.2452797,689.0476488055518,424.1406153987359,0.9712552,555.0130556485171,412.5762024878404,0.9768646,743.3597918481707,519.741486396151,0.8966725,514.6617277602641,509.1273000054436,0.90104735,648.4796490453883,540.4775607627226,0.889828,602.6616413856041,540.0982493239927,0.87236804,662.7967102342311,596.1883907396849,0.6104328,576.5751023534515,589.6871820035628,0.6193668,645.1739520391761,588.358724343645,0.036296934,559.5914233533338,581.1682540014358,0.04008895,676.5337087079972,591.8496220906134,0.0038308501,615.942419521701,593.9488009747874,0.004626125
453.0,583.5011759803767,344.7724537454964,0.9647038,599.6434729462701,337.5651400944613,0.9610517,584.4756203353932,330.60560308293543,0.81330585,639.4889958547883,355.3538779169317,0.921293,597.2406642034108,339.80555245403866,0.24627924,688.8776511392124,424.1214627612022,0.9712459,554.9822403068206,412.5575106618269,0.977052,743.2595719449098,519.6578127855867,0.89629245,514.5813189216257,509.1439540578058,0.9018203,648.3781954590365,540.3573310262202,0.88993305,602.7535853715824,540.0769600552571,0.8734939,662.8551990469109,596.4322294150695,0.6096673,576.7009494565197,589.9218878365886,0.6198302,645.1616353355471,588.847858517218,0.036055744,559.6869150263316,581.5615733920337,0.04000938,676.853826884696,592.3363695448567,0.0037971735,615.968300369538,594.2257595372237,0.0046028495
454.0,583.3565884681225,344.77208632437555,0.96430695,599.482869282755,337.56236489316575,0.96052206,584.3382299037848,330.60341535305827,0.81120026,639.339526416064,355.33091190032576,0.92062247,597.1391606067398,339.79282595158725,0.24477756,688.7447124485884,424.09508902908186,0.97112167,555.0175403372693,412.5163334388541,0.976839,743.1377960849275,519.5912315893725,0.8963919,514.5148674927603,509.0942836781618,0.9013669,648.3909756209699,540.2127604494935,0.890591,602.7749731823958,539.989077508227,0.87357324,662.8377767014133,596.4700718695939,0.6078347,576.778883937091,589.9350409184339,0.6173962,645.112192798438,588.8719232291587,0.03599891,559.6598796743863,581.4645764336917,0.0398511,677.0736635006267,592.4343757175745,0.0037968159,615.903874572276,594.0916551879346,0.004592359
455.0,583.2667256373614,344.8114915372256,0.96422917,599.3655359808205,337.5919034679479,0.9604342,584.254233081648,330.6447498178937,0.81082773,639.2225423570242,355.3072333290273,0.92036116,597.0904886102562,339.8022908522395,0.24419615,688.6557823481594,424.0388030751086,0.97090936,555.0990749762077,412.44527084804986,0.9767562,742.9973226286235,519.503779702121,0.89577174,514.4407332571814,508.99625076701886,0.9015237,648.5085984771197,540.0932082840687,0.89000607,602.6921035907303,539.8389780414834,0.8736948,662.826892797262,596.2805154498694,0.6060482,576.8599328812569,589.7155393979924,0.61631805,645.1414550242413,588.5616503183646,0.03576234,559.574424471898,581.0171492909988,0.039699823,677.2531453474926,592.2512587799406,0.003779292,615.7127149460555,593.646897592925,0.0045823157
456.0,583.2075763712119,344.89195366677404,0.96412456,599.2791042657216,337.6535402539223,0.96004367,584.1969607434222,330.7312165989956,0.8113797,639.1396128134281,355.3005302736834,0.9193547,597.0657674099526,339.8511831221724,0.24653676,688.610161135118,423.96221995932603,0.97095704,555.1752834224161,412.36491701466355,0.9770925,742.8554144212517,519.4096254678685,0.89623165,514.349453730453,508.86179836058267,0.9035138,648.634176122941,540.0170452527186,0.89060223,602.4966596316185,539.6516638886496,0.8760632,662.8123929744684,595.9377888645463,0.6099473,576.8918168657193,589.3486215411837,0.6216078,645.2433979797495,588.0310867339348,0.03631559,559.3862809550623,580.3839164718752,0.040545285,677.370733555604,591.8980336180447,0.0038319528,615.321934692061,593.092028742521,0.0046645403
457.0,583.1552919061893,345.00362484311006,0.9648237,599.2043617375938,337.73018571069304,0.9610052,584.1368894735903,330.8554058845705,0.81383556,639.0839322117123,355.29540116982764,0.92094594,597.0345482413807,339.9445067448104,0.24733141,688.5944531560699,423.8945035421241,0.971462,555.2177008013718,412.3147996150443,0.9773659,742.7293476045304,519.3261872955287,0.8970294,514.2416699193618,508.6908562204328,0.9036472,648.707980194045,539.9486413884152,0.89095336,602.1933584255471,539.461239957233,0.8758185,662.72883390999,595.5664840716883,0.6147473,576.8062785956878,588.970401004389,0.62584865,645.3347293375645,587.34775027269,0.037649274,559.0558874112751,579.686538409082,0.04191014,677.3835282993575,591.4451538016712,0.0040087104,614.756916664259,592.5994434222987,0.004872322
458.0,583.1041042751804,345.1532432945672,0.9643241,599.1357707106408,337.822182988721,0.9603754,584.0629745611884,331.02057867307553,0.8112653,639.0545659152973,355.2778284831336,0.92040116,596.9805405369135,340.07711337217586,0.24580586,688.5919951081928,423.8477958939336,0.97147954,555.241679481491,412.3165951778717,0.9774252,742.6218685320948,519.2494390072102,0.8976407,514.1125663918947,508.4969951782274,0.90439034,648.7358944486257,539.8346427585105,0.89140546,601.7875482228932,539.2720067850936,0.8764584,662.5824430706543,595.2298781941114,0.617697,576.642109238671,588.6516530026385,0.62890786,645.4022414863473,586.5614460533055,0.037999302,558.652513953318,578.9809123275031,0.04232478,677.3679325090624,590.9399073006987,0.004040122,614.1565833086564,592.2204358374961,0.0049109757
459.0,583.0460094991848,345.31727178613903,0.9649506,599.0668505907379,337.9180696175471,0.9609977,583.9740900471656,331.19647107509945,0.81500065,639.0412377771436,355.2552276266445,0.9205078,596.9062909880854,340.2187858748665,0.24911311,688.5894821334288,423.8100540579386,0.9719432,555.2758831981917,412.34430706191284,0.9775609,742.5426372805878,519.1623557037165,0.8993479,513.9734724024834,508.3050400419643,0.9048424,648.7728242412089,539.6589124170162,0.89361984,601.375673778286,539.0915889836667,0.8778621,662.4787974766709,594.8986529948091,0.62321955,576.5370732537524,588.3537988089159,0.6330016,645.4945245255647,585.7413265603041,0.039540946,558.3209883262119,578.2751571597099,0.043792546,677.4678014485796,590.434128098494,0.004228592,613.6804886458767,591.8930601381714,0.005114585
460.0,582.9645878610518,345.42793124052,0.9649838,598.9788770229325,337.9784439416714,0.9612871,583.8734820384742,331.31523102087317,0.8148819,639.0139877412942,355.241972539324,0.92095876,596.8373546479665,340.32578002907854,0.2473385,688.5784584155577,423.76720313158444,0.971578,555.3269572435112,412.3486661342647,0.9772159,742.5162472864315,519.0537470884536,0.8979559,513.8745346133794,508.12744380116476,0.9033389,648.8875573488551,539.4571638985968,0.89266795,601.1645058654361,538.9809946528476,0.87660825,662.491941222372,594.5410803443888,0.61724687,576.5737918464176,588.0250367558625,0.6271614,645.5980735659009,585.0037998130115,0.03923577,558.141546203097,577.6195628981748,0.043437332,677.6922848030329,589.9851076989459,0.0042456985,613.396223453809,591.56895939377,0.0051359534
461.0,582.8661362301542,345.451975652059,0.9651997,598.8711383961632,337.9841194289684,0.96150863,583.7792266565921,331.34835182351617,0.8150171,638.9598398888605,355.2409929326612,0.9214431,596.8061599333881,340.3835755980592,0.2471931,688.5637379916841,423.7285704475546,0.9718977,555.3733776403543,412.3210192757148,0.9776323,742.5454288847379,518.9313013673759,0.8991189,513.863601472865,507.97033258378474,0.90500665,649.0948685882447,539.2815650874038,0.8935096,601.3268908760278,539.0116827238339,0.8781372,662.5546419890734,594.2185002363608,0.6257237,576.6668840678727,587.7174437541796,0.6361618,645.6157374425272,584.4503009834574,0.040366918,558.0456975528655,577.1085156803437,0.04479891,677.8642231125411,589.6382691779368,0.0043317378,613.2570654639869,591.2928766600703,0.0052531958
462.0,582.7902885451252,345.435214097002,0.96509826,598.7778875607507,337.9672710510167,0.96137923,583.7224932646161,331.3415064474884,0.8145104,638.902998241655,355.24450011292356,0.92140245,596.8267179417696,340.4141928538897,0.24654183,688.5557477924299,423.7156543669758,0.9717142,555.3937938779568,412.29935340094005,0.9775741,742.5917777082077,518.8111497367532,0.89834243,513.9317799967024,507.84725759628293,0.90493083,649.346528222653,539.1622140879282,0.89306366,601.8339669879427,539.1775149989433,0.87793314,662.5394915607433,594.0283031509339,0.62171674,576.6732892992022,587.536950479799,0.6328945,645.4830054289048,584.099156338931,0.040198565,557.9395834325891,576.7944824669908,0.044695318,677.8130433592747,589.4086424432725,0.004352182,613.2237083420105,591.1313132289968,0.00528419
463.0,582.7801126545933,345.4449210273016,0.96441734,598.742938142582,337.97564157234643,0.96083486,583.7287730524331,331.3572798217848,0.810277,638.875379541,355.2424951684062,0.92125124,596.8862878520531,340.436948876251,0.24215037,688.5426107819268,423.7243571824049,0.9715233,555.3959994866516,412.30780513520807,0.9771105,742.6039452992638,518.6915789373642,0.8986251,514.0274385201546,507.76625387437707,0.9035579,649.6059157320731,539.0736981319542,0.8932277,602.427843175828,539.3791695887676,0.87649846,662.411932355621,593.9634663793928,0.6228551,576.5775186900166,587.4915958842648,0.6322507,645.2669263268166,583.8795795027925,0.03997037,557.8549387646231,576.6329352431413,0.0441612,677.5683443322073,589.2625274576048,0.0043037534,613.3196886331345,591.0795041857912,0.0052021444
464.0,582.8411329182404,345.49888596346125,0.96381205,598.7822447626506,338.0231759006347,0.95993596,583.7935987299211,331.4116175587186,0.80859727,638.8879715359102,355.2345395339229,0.91983116,596.9507062077666,340.4487878215147,0.24275044,688.4951662907349,423.7253337539057,0.9713357,555.398422747071,412.33083074169207,0.97703874,742.5564595035964,518.5532469966445,0.89819145,514.1127934000519,507.7270221413838,0.9036931,649.8812516627729,538.9556524143098,0.89316976,602.8417505630188,539.5187979585585,0.87693375,662.2372406863675,593.9200681204486,0.6209951,576.4689102232403,587.483106760016,0.63075054,645.104234343576,583.6546521435407,0.040065378,557.8723035948105,576.4792800631164,0.04433012,677.3079372525284,589.1081780654443,0.0043357313,613.519726235255,591.026054733593,0.0052404404
465.0,582.9302386453717,345.5707936696058,0.96345127,598.862049595653,338.0903122558442,0.9594562,583.8751087893631,331.483713201663,0.8077624,638.9200076390557,355.23361704609033,0.91860366,596.9835518854726,340.45559228394677,0.24304283,688.4079185124995,423.7009140884679,0.9711895,555.393905709799,412.3490081016737,0.97662705,742.4700976465849,518.4054975150224,0.8983629,514.1737705443799,507.7333739643717,0.9025558,650.1576084750274,538.8003814111316,0.8933691,603.0275394476239,539.5886446113676,0.87609816,662.0721378550917,593.8179497174546,0.62140113,576.3852202121169,587.4250644455228,0.62963426,645.0560316367033,583.2990131831843,0.040498942,557.9718579133867,576.1879975974208,0.044540316,677.1574869188826,588.820361648584,0.0043962896,613.7139618647199,590.814431686243,0.0052883625
466.0,582.9917639230007,345.6460849801664,0.9639362,598.9183310140157,338.1656973519147,0.96019274,583.9246570074454,331.56560755174496,0.8096545,638.9239780700946,355.25669184259937,0.91974187,596.9737731641908,340.4876349985882,0.24337006,688.3064629279902,423.6627042491551,0.9714315,555.3590594091413,412.355837091034,0.97659034,742.3943512352241,518.3097391758765,0.8986267,514.1934577884826,507.7752259674437,0.9015057,650.3371060207814,538.6720192387317,0.8932276,603.0954841261266,539.6349874754795,0.8747274,661.9074184554963,593.645023179096,0.6205416,576.276494651442,587.2901664072502,0.6275206,645.0519067950529,582.7640056122727,0.04042977,558.0381894622244,575.70160089912,0.044251412,677.0864538097393,588.316859722717,0.0044121444,613.8040805320268,590.3663097340113,0.0052895546
467.0,582.9971977571636,345.75162743132523,0.9638644,598.9040446205574,338.2718258916806,0.9598875,583.9211674241848,331.68044120404403,0.81030965,638.8624833199917,355.3128466660321,0.9190266,596.9398300666414,340.56685955379646,0.24534476,688.2179445723475,423.633599708413,0.9715287,555.2864680963025,412.3447096529395,0.97676384,742.3610913448742,518.3162988831243,0.89908785,514.1584616410316,507.8185126753589,0.9023912,650.3180302904067,538.6161304313353,0.89389396,603.1396975102871,539.673621879465,0.8758819,661.6998887018974,593.4649244241996,0.62228715,576.0815508639457,587.124418274802,0.62949926,644.9911812469561,582.1473111000998,0.041024,557.9733999243822,575.1117834130977,0.044948608,676.9732899247874,587.67766547961,0.0044873655,613.7524052009474,589.7796550521831,0.0053798854
468.0,582.9616577781676,345.9237100439556,0.96369797,598.8230941056884,338.43387997087746,0.95976853,583.8802989133542,331.85603482930685,0.8087273,638.75046497865,355.38171409982345,0.9194683,596.9123287148816,340.68416332083245,0.24355626,688.161552882029,423.6233025040457,0.9712699,555.1912686343117,412.3224713953818,0.9769051,742.3654478894061,518.4035177095456,0.8981557,514.0766368710956,507.83902548206254,0.9032917,650.1265507952137,538.6007863525335,0.8931228,603.1893393415021,539.6756111326125,0.8765165,661.4214564469964,593.4088069025488,0.6178511,575.7772519838662,587.0639148583323,0.6271928,644.8859592696215,581.714297431182,0.040196836,557.7912447695438,574.7042101706888,0.044368684,676.7399257395191,587.1564814087872,0.00441131,613.5837828122737,589.3430074560853,0.005321145
469.0,582.9274914338066,346.13958640899875,0.9631153,598.7179153562022,338.6199343111098,0.95915353,583.839267073814,332.07248778125836,0.8070267,638.6388516480143,355.40793050682555,0.91829574,596.9207982523108,340.80623957767136,0.24300814,688.1546810246136,423.6243563019354,0.9711219,555.1000767442208,412.3222701889457,0.9764339,742.3855774529711,518.5009537194104,0.8983878,513.9651614941833,507.83938368118015,0.9018738,649.8980332293146,538.5699368566852,0.8933886,603.2387478243186,539.6193595500015,0.87533855,661.1031208952811,593.555701241794,0.6166978,575.4077746313558,587.2219813440286,0.6242265,644.8521251020705,581.6689703572742,0.04006526,557.6059099929444,574.7444603775004,0.0439471,676.4273273573457,586.9671935534341,0.0044071972,613.3976662939542,589.3355241812892,0.005287558
470.0,582.9186888943087,346.31396906715236,0.9623999,598.6273917499436,338.74878792041466,0.9580361,583.8194603265804,332.2555273473367,0.804747,638.5662904384353,355.3494398639937,0.91635025,596.968490041373,340.8961307862283,0.24319959,688.2023143311303,423.6243374448976,0.97089887,555.0349792988258,412.37488024812035,0.9763075,742.4082737105741,518.5546706153948,0.89876646,513.8349582512552,507.84098243685617,0.9029182,649.7361949567945,538.5174969582832,0.89420795,603.2454119986988,539.5281893534785,0.8770525,660.8305872604215,593.8307971231263,0.6197342,575.0748281224757,587.5494304916426,0.6274322,644.947839494742,581.9009526807308,0.040053725,557.503757728608,575.156675376799,0.044054896,676.1429768792256,587.0526322674289,0.004362464,613.2915284592107,589.7166290200671,0.005239755
471.0,582.9263097210347,346.3923192736996,0.96149,598.5712090114516,338.77563529376613,0.9568757,583.8091009250022,332.35293151428215,0.8006585,638.5523882268917,355.2200659891963,0.9151216,597.0150221273975,340.94091733885966,0.24189588,688.2860497725605,423.6155186456002,0.9708264,554.9999988227958,412.4798771845186,0.9762658,742.4371517219588,518.5633287432534,0.89873695,513.6917368794011,507.8691820397452,0.90299964,649.6449296509029,538.4735961395895,0.894023,603.1468918146093,539.4292731903746,0.87705886,660.6613834111043,594.0990116245653,0.62074554,574.8442744516607,587.9019485290164,0.6284424,645.1036912231411,582.1277286616858,0.04037717,557.4312763556106,575.6242341903334,0.04443437,675.9836825803388,587.1823530308023,0.004406601,613.2148018920344,590.1893073888366,0.0052936375
472.0,582.9323416320148,346.40737307529605,0.9625249,598.5550159548111,338.7375448722081,0.9583814,583.7877921991192,332.38630683198346,0.8045629,638.6084590536504,355.0760491051758,0.91711295,597.0153987629478,340.9572385550416,0.2423662,688.3744416446242,423.6017419669663,0.97118866,554.9882640258461,412.60694292412245,0.97616374,742.4737472462084,518.5530013953125,0.89939606,513.543289996708,507.9186206913157,0.9013281,649.5751441999871,538.4436043552896,0.8944924,602.9862017180485,539.3041439110036,0.8754013,660.5859939575005,594.2987112519706,0.6203763,574.7025692594448,588.1872184846223,0.62602556,645.2287296827853,582.201531991239,0.040447354,557.2406004483496,575.9316346268046,0.044130236,676.0456350582043,587.2339992782317,0.004420042,612.9876238705872,590.5417827138036,0.005277574
473.0,582.9235275946218,346.42904168812106,0.96172345,598.5695522696284,338.7087455922876,0.9570958,583.7479500019804,332.41190760107503,0.80140805,638.724913233856,354.9812269784393,0.9154798,596.9589966314198,340.9709123932072,0.24210048,688.4355928350246,423.6032693380213,0.97113436,554.9898236640036,412.71992432421024,0.97649515,742.5053155750606,518.5404529436574,0.8996842,513.4091439207203,507.95583435953193,0.9035088,649.4883170099658,538.3890300260002,0.8950881,602.9784500910848,539.1331962749446,0.8778845,660.5557164714276,594.4452800042271,0.6251559,574.5990233170179,588.3900939055901,0.63240504,645.279654066072,582.1405761421369,0.041252106,556.8396594547664,576.0284059313911,0.04532537,676.3967767930219,587.2605243638279,0.0044995546,612.5109638196604,590.748305224673,0.0053967834
474.0,582.8905690745736,346.4906279014558,0.9634669,598.5870342362595,338.7268366627762,0.9590126,583.6869199220348,332.46308496384813,0.8092675,638.8526204835232,354.95937755925553,0.9168885,596.8551598133713,341.00367234943536,0.2454507,688.4440453288491,423.64061218439286,0.97125864,554.9791608096682,412.81272429487126,0.9770223,742.5192509873104,518.5297637804771,0.90030396,513.3125394470486,507.96958502892505,0.90605724,649.400512438831,538.2582866150849,0.89695024,603.3267314575228,538.9463114991781,0.88169324,660.4776979929288,594.5795681556908,0.6265526,574.448882372256,588.5444045486588,0.63588464,645.2306931645481,582.0172784047497,0.041143775,556.2751489017248,575.9607935997496,0.045535713,676.946398817367,587.3536663880018,0.0044626594,611.8936055805659,590.8748705351568,0.0053838193
475.0,582.8324064623978,346.5790264038233,0.9631367,598.5751189652888,338.7746648107013,0.95888,583.6010973614605,332.5404569577282,0.8068271,638.9303388433557,354.97325362444053,0.9171404,596.7168546552523,341.06675163849434,0.24211138,688.3923318074067,423.70713274042805,0.97112405,554.9254345694286,412.9108092128092,0.9765441,742.5110702112654,518.5175829409654,0.90078235,513.249821822841,507.9854106474617,0.9047368,649.387070764471,538.0417925513758,0.89819914,603.9908767950047,538.7774409074052,0.881133,660.2524797287272,594.7488629805462,0.6257926,574.1632545822254,588.7225616001215,0.6331979,645.0774576321429,581.9688266776225,0.041612685,555.6890436237571,575.914552722313,0.045681953,677.4571731127064,587.5281937738808,0.004528433,611.3389006337459,591.0001540438539,0.0054311156
476.0,582.761249120496,346.67738923558835,0.96384346,598.5314635888476,338.83036484587853,0.9596138,583.498298120981,332.6328441753659,0.81102246,638.9526588392728,354.985189992176,0.91772,596.5666370668123,341.15119566812575,0.24527627,688.2958928867191,423.7688537167008,0.9714159,554.8343833767325,413.0221236061467,0.97675085,742.4806944300974,518.4878684547884,0.9010042,513.1963658834011,508.0318305846097,0.9049663,649.4997248083163,537.8128047345976,0.89857274,604.7570635610846,538.6405023172542,0.8815731,659.8998900416707,595.0021220425872,0.6279899,573.7706986539681,589.0002366194823,0.63523304,644.8645219358041,582.2032426832714,0.042356074,555.228023681619,576.1599507419307,0.04649332,677.780786810376,587.764676776728,0.0046308935,610.9588226376654,591.1762247912467,0.005550772
477.0,582.6888922410508,346.78351970254266,0.9631987,598.4812826200647,338.9025096832811,0.95900285,583.3998311311519,332.72582856847635,0.80798453,638.9611305833826,355.01828773112294,0.91693753,596.4383771040657,341.2283789700697,0.24205312,688.1806237058546,423.78854428824445,0.97058713,554.7515103270507,413.10021410407074,0.9760206,742.4328687354621,518.411951940199,0.89913774,513.1586056957699,508.1070088457575,0.9030885,649.69424037638,537.6883388967493,0.8975023,605.4508689748384,538.5654564254933,0.88013893,659.5798427023166,595.3206975221489,0.61705893,573.4397793347867,589.349076934455,0.62416935,644.6511126496567,582.8167826721256,0.03971064,554.9851813342983,576.7740711286335,0.04361114,677.9414755836817,588.0784103563449,0.0043103397,610.7545885491656,591.3802817335594,0.0051668584
478.0,582.6040847686729,346.8905890214103,0.96435213,598.4248396335904,339.01403506826574,0.9605361,583.3237948160004,332.7989016749968,0.8137984,638.9490525271754,355.13730690690625,0.9183291,596.3746903953875,341.26679319429115,0.24442825,688.0604370048643,423.7415277063964,0.9705375,554.7212337402283,413.06294467797204,0.97581375,742.3711208083282,518.2549607942152,0.8986441,513.1910400568686,508.17246123494243,0.9018254,649.8916110171375,537.7148963102732,0.8972075,605.9755420162551,538.557919583855,0.8790431,659.4497983734577,595.5654786629419,0.6139611,573.3411363933906,589.5832322440006,0.6202724,644.44972477853,583.6614867040869,0.038796842,554.9898511577112,577.496650389576,0.04249409,677.9574964068843,588.4509310399292,0.004198909,610.7226084135115,591.4397054061424,0.005022317
479.0,582.4892195225241,346.9779468336766,0.96456075,598.3294748791457,339.166678485434,0.96116894,583.2787368545264,332.8364255380002,0.81380486,638.8525110914371,355.3697163209873,0.91960776,596.4158697199102,341.2596528454032,0.24266776,687.9409584534891,423.6252625813408,0.97055817,554.7636570566613,412.86837584264276,0.9754633,742.2959262839447,518.0024154299294,0.8982381,513.339452689156,508.1794935103995,0.89936113,650.0654449848209,537.8120105791866,0.8964087,606.2953991722484,538.5472473206407,0.8762859,659.544176582951,595.595012432754,0.6107623,573.5170554600878,589.5274861264293,0.6154197,644.2428184630656,584.4734612462103,0.038576066,555.1966553737198,577.9853954312773,0.041938543,677.7939442791003,588.7867880548483,0.0041938424,610.8650225678546,591.1645677717875,0.004991919
480.0,582.3630488963918,347.0228962322826,0.9629845,598.1914202755418,339.3138908260387,0.9596149,583.2645009521768,332.8404363278878,0.8052772,638.661156505574,355.6349478284392,0.9187231,596.5513840187773,341.2335687775636,0.23665637,687.848687718102,423.4765830389316,0.96984494,554.8649377969714,412.5921356262944,0.97502756,742.2232665540475,517.715794774105,0.89639914,513.5674732824267,508.11119531051304,0.8985876,650.2220694009493,537.8538305586727,0.8928766,606.417592408598,538.4507221352823,0.87335753,659.7686663321424,595.4219592017531,0.605946,573.8474708854621,589.2261259325124,0.6118584,644.0506493246687,585.0323825426119,0.03652093,555.4531478226363,578.1263511835472,0.03991151,677.5054524284741,588.9963392071639,0.003928095,611.0912691062438,590.6497036117343,0.004703492
481.0,582.2660863553572,347.0157051661317,0.9624753,598.0524303842601,339.3915636190302,0.95890933,583.2677622393555,332.8197731656527,0.8028744,638.448538801427,355.80359866591357,0.9178003,596.7053285366442,341.21202462921406,0.23585567,687.8128063586103,423.3601445779799,0.9697727,554.9724883923202,412.3751247734717,0.97513926,742.1852122151125,517.5070405524522,0.89697057,513.7764059602856,508.00032215279487,0.8997808,650.3423314009848,537.788052098167,0.89369696,606.3652362818085,538.2636107648148,0.87496245,659.9695505222762,595.192688841969,0.6086347,574.129779488999,588.8911762676546,0.61524034,643.8949391100984,585.252546422678,0.03729108,555.5654059116273,578.0372196516228,0.04082465,677.2083508980982,589.0759414000986,0.004019439,611.245673777211,590.2198506996817,0.0048187077
482.0,582.2167018767109,346.9723014644237,0.96216077,597.9517405349503,339.3903228481478,0.95857304,583.277896783745,332.78330059048074,0.8017502,638.2819320010387,355.84177064654125,0.9174373,596.8188950193517,341.19490413281983,0.23538017,687.8195202957587,423.31336980446343,0.96962607,555.0373108686115,412.28353610535936,0.97489077,742.1962819650769,517.4184913607639,0.8963422,513.9024684113625,507.8950728417174,0.8988565,650.391803437157,537.6539171515486,0.89295256,606.2065313948722,538.0527286358188,0.873809,660.0482263900029,595.038510191524,0.60676897,574.2454870108841,588.6826539548692,0.61301744,643.7520027280937,585.2238739159307,0.03686586,555.4712388671276,577.8897117902595,0.040317357,676.961889415963,589.0830951714918,0.0039687753,611.2589539590923,590.0570377182662,0.0047525764
483.0,582.2150866911376,346.93040682642334,0.9620435,597.903093826589,339.35998276471366,0.9585681,583.3041608335803,332.7532167101907,0.8006785,638.1790932478527,355.8146887835039,0.91777253,596.9035260939346,341.18652864994635,0.23424977,687.8320699308429,423.31806512455654,0.96968186,555.0645311247376,412.2842356677843,0.9747795,742.2359173470021,517.3993928564557,0.896454,513.9473851185305,507.81517698084184,0.8980205,650.369147609877,537.5142796622879,0.8930217,606.0277773183543,537.8816094312422,0.87295926,660.018066073022,594.9879492022222,0.60614675,574.2286030448251,588.6203477185222,0.61162823,643.6191981672516,585.1030563070738,0.037153333,555.2686959482486,577.794167717804,0.040469915,676.8005988908507,589.0446381324668,0.0040118992,611.167270324246,590.0942744945276,0.0047912
484.0,582.2594159435507,346.9242197059574,0.961635,597.9032953201294,339.34828533828625,0.958086,583.357937504368,332.75918033935875,0.7988012,638.1348776231401,355.7753417079443,0.9171264,596.9899754369746,341.20194690683945,0.23298877,687.8355886721638,423.33064004653704,0.96941036,555.0924898456085,412.32191881239885,0.9745379,742.2693192394031,517.3988894414193,0.89642733,513.9341887303848,507.7599951478957,0.897812,650.3173313322079,537.4157886084928,0.89327216,605.8703899169116,537.7722048895788,0.87304294,659.9277015362343,594.9960337578273,0.604241,574.1547594173896,588.6464271810019,0.6095568,643.5188518438043,584.9869799427336,0.03654465,555.0609018757455,577.7850520826877,0.03979066,676.7379895736216,588.946731659682,0.003931552,611.0142219188743,590.1935417341012,0.0046927333
485.0,582.341448406692,346.9634065634141,0.96155083,597.9398637758939,339.36914592748974,0.95787126,583.4352939103403,332.81288301260224,0.7986394,638.136682432451,355.73099330195237,0.91668326,597.0831756387845,341.2442270287397,0.23324862,687.8338650058831,423.3215841077946,0.9694307,555.1379424535497,412.3635047995982,0.97464824,742.2794100346464,517.4116203018839,0.89681864,513.8805543812808,507.73607270401567,0.8986929,650.274591791451,537.3803314623196,0.893896,605.7357226840668,537.7196255979134,0.8741859,659.7900098438888,595.0050755522356,0.6066238,574.0487500239816,588.6935772746314,0.6122931,643.4374514426182,584.8995521350744,0.03696069,554.8837979142363,577.8459354246058,0.040298253,676.7102773455078,588.8001228246039,0.003973305,610.8295197883426,590.2898216365124,0.00474602
486.0,582.441712425685,347.0344155119005,0.9614946,597.9936965635914,339.41286639289,0.95766556,583.5204357072838,332.9016325331685,0.79890347,638.1640776907341,355.6799763793057,0.916114,597.1719964920952,341.30443608474866,0.23401922,687.8359025134664,423.2933874819089,0.9693258,555.1783764402587,412.40807967401935,0.97470856,742.2793784297075,517.4462988766612,0.8966572,513.8044477002884,507.75447447269596,0.8992361,650.2316444138537,537.3899643788463,0.89392555,605.6036444004305,537.7121032187083,0.87488365,659.6116215374182,594.997479948533,0.604957,573.9055843895334,588.7396116804448,0.61119545,643.3660438345944,584.8610005113148,0.036515355,554.7599527870309,577.9866519754654,0.0399082,676.6196318631257,588.6889330365225,0.0039200485,610.6596444455727,590.4592410239258,0.004688978
487.0,582.5291717301542,347.11184799402173,0.9614436,598.040202254038,339.45889418460865,0.95757985,583.5876797835888,332.99964335640925,0.7987274,638.1951147165967,355.630253886329,0.91593206,597.238321492049,341.3762592645181,0.23389706,687.855260226303,423.2702463756026,0.9693038,555.1731172616818,412.48305046929113,0.9747032,742.2884899066812,517.4953394303018,0.89702725,513.7207974743995,507.8293456884469,0.89961535,650.1726632222221,537.4027406943324,0.8945383,605.4479488527322,537.7391674092959,0.87553936,659.4346769933047,595.0071279536955,0.6062967,573.7320598564228,588.8205608360514,0.6125092,643.3527255364568,584.9440895667462,0.036889046,554.7151334484145,578.2848793253647,0.040305495,676.4261387392976,588.7498703744991,0.00396654,610.5417207086318,590.8529296531339,0.0047415793
488.0,582.5680778395506,347.16647455175166,0.9609216,598.0546249102998,339.4838261685466,0.95679617,583.6063922935929,333.07878740954675,0.7972373,638.2140764908058,355.5972721304934,0.91489244,597.2593361904268,341.4603047405616,0.23506033,687.8962407118465,423.2706579001675,0.9695457,555.0998036080275,412.6101923003065,0.9748213,742.2982561929898,517.5331359983478,0.89748836,513.631728866257,507.96432919349644,0.8997514,650.1370489334654,537.3970908059293,0.8945434,605.273290678138,537.7876566157896,0.8753475,659.3170819619241,595.0707555587112,0.6102296,573.5553414755153,588.9719225082735,0.615884,643.4433199263748,585.2158201712175,0.037455767,554.7392495808913,578.7892662698353,0.040879726,676.1805762569136,589.0387508117025,0.00401479,610.4591829820986,591.483214279006,0.0047924817
489.0,582.5430997505716,347.1858935008891,0.96134436,598.025812614288,339.48154369792667,0.95733243,583.5654613241165,333.1280121431922,0.7992137,638.2142775661962,355.5934627379586,0.9155005,597.2299781653054,341.5575186271256,0.23624688,687.9480798173431,423.3026234037124,0.96972406,554.9763178567064,412.77424969321453,0.974941,742.2785761456978,517.5509844915997,0.8976294,513.5460256879871,508.1233893452867,0.8996036,650.1816518527015,537.3900184124459,0.8945377,605.1125914493675,537.8537018075687,0.87512505,659.2655592481592,595.207198439831,0.6121959,573.3891264240684,589.1960255488715,0.6175911,643.6030486728389,585.6642649050121,0.037937164,554.7859150214082,579.4421980835866,0.041371286,675.9371442328184,589.433681205041,0.004072964,610.3885519686355,592.1517845155295,0.004859507
490.0,582.4839936912683,347.20310547545773,0.96154153,597.972035396949,339.4849430920282,0.9576489,583.495602406125,333.1739122023307,0.79944247,638.2034217682369,355.61469660996624,0.9164537,597.1801940391119,341.65755291909136,0.23562378,688.002618627983,423.37317343241267,0.9698844,554.8460400355518,412.9324455294196,0.97516227,742.2145484402929,517.5884282993838,0.8978543,513.4951702518462,508.2569902591242,0.90020645,650.2940384219226,537.4086647695977,0.894327,604.9648695723486,537.9622395112391,0.8752233,659.2114700076183,595.4333275901456,0.61587393,573.2074728250451,589.4837771177066,0.6216959,643.7489435247533,586.2084097459767,0.03818223,554.832972912609,580.1224134392572,0.04169619,675.6497845648458,589.7282731584055,0.0040737092,610.3857399281478,592.6277076268314,0.0048679113
491.0,582.4430128377182,347.27215553270497,0.96130526,597.9302152022882,339.54095793248985,0.9574703,583.4453237724629,333.2584832496073,0.79847336,638.1990463531387,355.6447644756073,0.9162565,597.1462118934809,341.74241596814863,0.23485586,688.061070099561,423.4723127054241,0.96967816,554.7469285517224,413.0409915357014,0.9747726,742.1231988112347,517.6879247325122,0.8971443,513.5023041538373,508.3406390792187,0.89848566,650.4037256547572,537.4503224936525,0.8933163,604.7765717963993,538.1199132283566,0.8731528,659.0949263386949,595.714292278522,0.60959697,572.9927783658286,589.7839100787387,0.6144817,643.842554559255,586.701899372805,0.0367907,554.8895036678543,580.6689597905884,0.040059835,675.2581753628076,589.7969649997126,0.0039228797,610.5074381826432,592.8078230584936,0.0046766996
492.0,582.4419952717627,347.39855780095104,0.960739,597.9193867876658,339.6514394066394,0.9569967,583.431699314531,333.3857160562306,0.79569113,638.2063682902822,355.6735232192909,0.9159173,597.1309483013654,341.8074728184948,0.23293719,688.1253887300614,423.56242130054966,0.96969175,554.6974268380693,413.0761119263024,0.9743758,742.0397283943358,517.8375181561915,0.89725137,513.5551105814029,508.3688579801516,0.89669585,650.4660215474393,537.4840256436246,0.8929517,604.5171435251157,538.260679561113,0.87101024,658.9535664909333,595.9309465523694,0.6106829,572.7905642139374,589.979582286529,0.61368865,643.910462078132,586.9583587723021,0.037104875,554.9288083207535,580.9001098342814,0.040138036,674.8513947993492,589.660169435419,0.003970206,610.6634673534681,592.7144822824187,0.0047094226
493.0,582.4591170794303,347.52687736317057,0.96064806,597.9267482765524,339.7651537490275,0.95673966,583.4337092626578,333.5114844138524,0.7962342,638.2166706214955,355.7038962497115,0.91524273,597.1169564247092,341.86525608843573,0.23486957,688.1967627529748,423.6175177003795,0.9699577,554.7005242280524,413.0550720836694,0.9744855,741.9946468213609,517.9974137214842,0.89782894,513.6299761983976,508.3582392282948,0.89689434,650.4849143854476,537.4887980184478,0.8931023,604.2661606759523,538.3143903923715,0.8710295,658.8846595201243,596.0030073221232,0.61294556,572.6759857790795,590.0071871077214,0.6154361,643.9957278537963,586.8956347012304,0.037596226,554.8966861286148,580.7556660123659,0.040590674,674.6283847757468,589.4492088602714,0.004035324,610.6924216697261,592.4650899409002,0.0047780275
494.0,582.4603468490677,347.6041347154321,0.96048325,597.9254856536784,339.83293718719574,0.95644224,583.4244371440341,333.5903416739592,0.7950114,638.2242903789615,355.7386851590745,0.9151006,597.1014167901808,341.92319470086744,0.23419297,688.278064824586,423.65737428426394,0.97014034,554.744591395724,413.0340612217808,0.97485125,741.9959620261427,518.1468304836734,0.8990581,513.7156386220414,508.35575443195285,0.8990384,650.4836677591192,537.4757169043387,0.89446294,604.1694128244733,538.2976160672539,0.87347376,658.9408430999551,596.0028710708134,0.6180224,572.681306803785,589.9614626644424,0.62142086,644.1143266835013,586.6556790556948,0.038600445,554.792803623803,580.418316101688,0.041796684,674.6793139086803,589.3267915951243,0.004150152,610.570387018895,592.243953982042,0.0049263537
495.0,582.4327976175329,347.62730345763475,0.96079695,597.8961319647569,339.8491544824624,0.9568993,583.3963822760808,333.616067547767,0.7960878,638.2198086178837,355.76474472397916,0.9155479,597.0966849280044,341.9709397687409,0.23365158,688.3660213967754,423.7080728066535,0.97020555,554.8015693580318,413.05734777708415,0.97470903,742.0332040570102,518.2729987792809,0.899356,513.7964587072299,508.3971823748068,0.89843726,650.4942458627384,537.4650285153239,0.894971,604.2631865128169,538.2590717671729,0.8731327,659.0947969220617,596.0476440968204,0.6194566,572.7795610294606,589.9786400581867,0.6219476,644.2525306181869,586.4524349560666,0.039123803,554.6818294286195,580.1463691082802,0.042200804,674.8925977688461,589.33951708071,0.0042092204,610.440194961212,592.1555450353218,0.0049832463
496.0,582.400197275615,347.62803614378686,0.9608485,597.8501844957484,339.840534481978,0.95705986,583.3671978519035,333.6161600896126,0.7962991,638.1895106970869,355.76466571674723,0.91568416,597.1031434605518,341.9977325950164,0.23344344,688.4376214015324,423.75989613946604,0.969931,554.83608165188,413.1180376430482,0.9745345,742.0905997386426,518.3643714940746,0.8981836,513.8443799628108,508.4725285537403,0.8976357,650.5408697084704,537.4503357199698,0.8939991,604.4147511936452,538.1981432579189,0.8723812,659.2701832104487,596.1392221708387,0.6150141,572.9081648014406,590.0691296775651,0.6180304,644.3858947420152,586.3223626833737,0.038346916,554.6179752197327,580.0031266150884,0.041444093,675.0985323111989,589.3797942074123,0.0041325986,610.4167224870569,592.1521451429248,0.004900545
497.0,582.4129319918368,347.6347956525626,0.9595858,597.8412681926851,339.8333103620311,0.95558774,583.3682417236852,333.61859945891007,0.7900939,638.1439130607358,355.7393209161243,0.91422534,597.090550616794,342.0050291691408,0.22972456,688.458455351303,423.800502682324,0.96937776,554.8215302856752,413.18475678979837,0.9742209,742.1474958172472,518.4418526957752,0.89748,513.850444544813,508.5552865035685,0.897727,650.6175231328348,537.4048040191221,0.893498,604.4804373680608,538.108029250316,0.87255895,659.382482840771,596.2023024361172,0.6114144,572.9932631048538,590.1479957042437,0.61520594,644.4778276224931,586.1522499595859,0.03747168,554.5873159338042,579.8597011046204,0.040647715,675.2045833835226,589.3786775730729,0.0040230453,610.4505827964888,592.1779371124139,0.004783839
498.0,582.5053727711436,347.6562701121002,0.9606036,597.9189680069317,339.8355847565897,0.95644534,583.4161787501814,333.6311933448187,0.79658896,638.1098916247688,355.70020662264324,0.91419125,597.0177228168845,341.997192462198,0.23506358,688.4180494989548,423.8485022495471,0.9696309,554.7607128388881,413.2413501882065,0.97461975,742.1838676784489,518.5481957844288,0.8975855,513.8479630136114,508.6318563632355,0.8987615,650.6990902245251,537.321097108925,0.89410895,604.461270069923,538.0294382635041,0.8741406,659.382890131146,596.1985695016062,0.6128785,572.9874543414286,590.1492266352967,0.617369,644.4829992799926,585.8515808817006,0.03805405,554.5194854389886,579.5539852326135,0.041377902,675.2036699611147,589.3980843605784,0.0041020215,610.4252778060461,592.2114403077446,0.0048824847
499.0,582.6619800277448,347.6941415137096,0.95990527,598.0787322525573,339.8462474099671,0.9556968,583.4915957984415,333.65274506421235,0.7935879,638.1032071239488,355.65386499296596,0.9137044,596.8600932147846,341.9788131149195,0.23438933,688.3363687690552,423.9264178882123,0.96975875,554.6918258471246,413.29048136507504,0.9744873,742.1881364613837,518.694470201355,0.8978286,513.8828492146018,508.697863977292,0.8978582,650.7608794600596,537.2207724525447,0.8933877,604.4724311072856,538.0075993243627,0.8723712,659.2807170790484,596.1410326914852,0.61476964,572.9027258935158,590.0603862592415,0.6181853,644.3807914311253,585.4251707433127,0.03855428,554.3623165826754,579.0083496727593,0.041739136,675.1694641810382,589.505854596155,0.0041683614,610.2990482209029,592.1818878334091,0.0049449205
500.0,582.8293436777868,347.7503660384523,0.96048653,598.2731783760438,339.8661144379057,0.9559089,583.5524662370806,333.68561505426123,0.79860663,638.1348438627658,355.6118591348169,0.9128244,596.6266101060462,341.9637137285189,0.23980981,688.2386065498849,424.02475387190026,0.9697468,554.6546640933408,413.33291364010546,0.9746936,742.1545376327578,518.850416203147,0.8973532,513.9624465711627,508.74738052483633,0.89907444,650.7835058854498,537.1316677797955,0.89383996,604.582326054786,538.039882990785,0.8742858,659.1347524703135,596.0670563445258,0.6107647,572.7994346079115,589.922458337443,0.6154098,644.2175694307452,584.9989558265652,0.038393766,554.1692874936954,578.3485015169199,0.04174432,675.2119322915382,589.694461040415,0.0041766465,610.1167056371576,592.049155652923,0.004965991
501.0,582.9469673984695,347.8068976284712,0.9621935,598.4350704308695,339.88660016550864,0.9579235,583.5672618219777,333.72470793264074,0.80716956,638.1969763074671,355.59345899791504,0.9145321,596.3817450681637,341.976774480963,0.24524531,688.1555054082676,424.1060479864916,0.9702582,554.6544817445665,413.35848349564037,0.9750023,742.0898173748756,518.9908600421768,0.89751744,514.0526311963688,508.77702416934414,0.89875174,650.7570719927846,537.0783488581288,0.89439666,604.7537877104794,538.1026717102989,0.8744775,659.0222006890755,596.0299141827766,0.61217344,572.7306941040162,589.8224531393865,0.61635405,644.0999078092425,584.7434073696434,0.039493203,554.0640931955186,577.8553054073142,0.042823255,675.3616510691422,589.9029485635508,0.0043430626,609.9518911677671,591.9080371848268,0.0051535666
502.0,582.9886974184003,347.83367211483557,0.9625272,598.514161975453,339.89076098877956,0.9583663,583.540802310788,333.75752010770276,0.8083593,638.2534123419746,355.6035929844891,0.91526884,596.2145942144969,342.03586658942925,0.2455298,688.1241094607856,424.14832778965007,0.97047925,554.6718269728958,413.3715800114047,0.975096,742.0169119367554,519.1332465812487,0.89801073,514.1240388293656,508.8124362196593,0.8988283,650.6785506621096,537.075344875011,0.89435565,604.9344718468881,538.1926193441601,0.8741511,658.989719506237,596.0655393847455,0.6142951,572.7066546900854,589.8296479486276,0.61803347,644.1021375016136,584.670225343138,0.039426357,554.1030475866069,577.6603715771347,0.042702407,675.5363216336468,590.0292307440477,0.004314035,609.8730677721563,591.8494497117465,0.0051163137
503.0,582.9904453412227,347.82857051330444,0.96238333,598.52604072305,339.8788252838283,0.9583638,583.5143845979069,333.7838583303199,0.8063588,638.2819303021233,355.6262238466704,0.91580343,596.1649560129079,342.13156924912136,0.24248853,688.1570145974251,424.16884781674383,0.9705028,554.693434768702,413.40240030798327,0.9750801,741.9525305929915,519.308379773153,0.89868385,514.1795492096676,508.89936241847226,0.8990878,650.5530766227055,537.1228353266877,0.8950008,605.0840504889705,538.3092796504619,0.8743749,659.0256190887089,596.1373898644782,0.61653316,572.7150687978979,589.9142189636865,0.62005925,644.1950604298455,584.5982486728758,0.039766878,554.2445617440412,577.6072695860194,0.043024927,675.6121341786811,589.9473833033669,0.0043491423,609.9323876027795,591.7961268904212,0.0051569045
504.0,583.0101206683956,347.8111720231469,0.9626341,598.5274693854509,339.8655763467772,0.9586458,583.5302906206092,333.81164762297954,0.8080294,638.289049191889,355.6457406698339,0.9160568,596.2119779797441,342.237256113943,0.2443012,688.2281022156053,424.1871356631921,0.9704634,554.7164127930707,413.4681615694801,0.9750809,741.8928396128924,519.4938358272555,0.8975904,514.2376950470368,509.0378027194083,0.89826596,650.4065060906606,537.2104982862317,0.8938698,605.1521715806443,538.4282377395605,0.8733571,659.0810286892823,596.1499623468394,0.6117764,572.7385117851104,589.9671519238274,0.61560446,644.2972425800458,584.3629891108574,0.03897834,554.4200612368578,577.4820674273035,0.04224649,675.507426265706,589.6075828085382,0.0042690933,610.1149087624499,591.6233504564502,0.0050670207
505.0,583.0648783652773,347.7890644519984,0.9622821,598.5477335199198,339.8554476249893,0.95823777,583.5929139050465,333.83844523078295,0.806226,638.2832152592664,355.6621938645094,0.91586554,596.3147821790733,342.3354484780534,0.24355894,688.2969331668257,424.19251188290787,0.9705429,554.7354309087623,413.5511385391452,0.97514737,741.8318080579953,519.6124110097396,0.89797664,514.3035607776803,509.1662543450402,0.89842486,650.2749899105293,537.3166027819518,0.89378935,605.1256199604866,538.5188016658337,0.87309253,659.1241437534645,596.0425661619695,0.6111378,572.7632629307652,589.9165889925698,0.6149114,644.3612500855203,583.9751033492095,0.038931966,554.571425887319,577.2553516539123,0.042144477,675.2482246247337,589.1382686721886,0.0042812824,610.3078893309812,591.3909720058502,0.0050770342
506.0,583.131604937865,347.76356608281475,0.9619019,598.5792384313046,339.84691774846283,0.9576862,583.6734537835275,333.8571169964845,0.80503476,638.2693507054676,355.68560043745856,0.91535795,596.4335060363762,342.42039444497976,0.2442612,688.3342383303099,424.17096636379654,0.9705577,554.7496852214697,413.62616072254997,0.97521436,741.7771208219326,519.615096292919,0.89755535,514.3706046010719,509.23158190931315,0.8983754,650.17354280834,537.4368536656375,0.8930365,605.0428234036206,538.5892161702118,0.87262785,659.1760367270824,595.8609850694503,0.6118829,572.8151797177447,589.8027128028374,0.6158554,644.3672017614394,583.605800477912,0.039082557,554.6767208833695,577.0839227965307,0.042387486,674.9426641288837,588.7852127446843,0.0043010414,610.4188279695645,591.3169851190893,0.0051054657
507.0,583.1855948143885,347.7361242844316,0.96187174,598.6072024896813,339.83846511552576,0.95782673,583.7438554017756,333.8567472927729,0.8039379,638.2527716071629,355.7139897849089,0.91606355,596.5385928667819,342.4710302405465,0.24269545,688.3331201728038,424.13853794325235,0.9709064,554.770653288954,413.6793108736108,0.9753056,741.7497436096951,519.5420618098703,0.89915466,514.4534497074508,509.23951417467265,0.8985226,650.0916559733496,537.6163536257243,0.89420563,604.9649821016789,538.7138392175624,0.8726188,659.280501146925,595.7263909232136,0.61829746,572.9520869362343,589.7322727095284,0.6209965,644.2878068823045,583.4608077540469,0.04064673,554.7753584210375,577.1429805744639,0.043784976,674.669557055776,588.7276237896494,0.0044927597,610.517416073915,591.5462809642097,0.005307704
508.0,583.2168032436214,347.6865278661361,0.96195793,598.6198371270068,339.8086449427968,0.95809245,583.7933953202507,333.8072952059418,0.8044207,638.2285277590393,355.7138385297475,0.9161756,596.6185724621707,342.43919982994623,0.24266332,688.3081932506718,424.12094542343857,0.970821,554.8048442199738,413.69368031917804,0.9749235,741.779472750501,519.4814111979827,0.8989599,514.5900800681133,509.2288471027116,0.8966965,650.0454123601602,537.9070742167817,0.8936299,604.9832127716043,539.0080870595895,0.87061703,659.4536410514359,595.7088227555457,0.6158333,573.1994936594327,589.7541932466833,0.6170975,644.1399952363424,583.5887188556139,0.03993863,554.944787296513,577.4283916394372,0.04277453,674.4476280037436,588.9674634022934,0.0044011176,610.7764706882954,592.0323206157482,0.0051775873
509.0,583.2270334642238,347.5926712080442,0.9612842,598.6136815251597,339.7376983040257,0.9576228,583.82449743932,333.68919827584773,0.79928815,638.185189869643,355.66303881928116,0.91674757,596.6730545171541,342.30231866470683,0.23743436,688.2770075511519,424.12414946123045,0.9707311,554.8475868117946,413.64603242211786,0.974671,741.8757452703992,519.4835996564439,0.89914787,514.7962612159268,509.21648344583235,0.89559424,650.1016819017074,538.2937282856053,0.89373225,605.1508522156685,539.5306245297628,0.86938596,659.6884903018831,595.7514615209892,0.61473536,573.5384433265629,589.7975552092438,0.6150849,644.0217992682869,583.7988990635174,0.039604098,555.244497354662,577.6997403043657,0.042229027,674.3035845970644,589.3358954119161,0.0043444037,611.2767326296439,592.5556622878453,0.005096197
510.0,583.221590591274,347.4699582827193,0.96055746,598.602811142059,339.6501952739869,0.95605576,583.845518618818,333.5318293380964,0.79895544,638.1328706166012,355.61837276027796,0.91305506,596.7083331287369,342.11801439349995,0.24107727,688.2458653765286,424.15529350057557,0.9705637,554.8930832707754,413.5411150429371,0.974782,741.9969990594687,519.5451699741399,0.8992064,515.0301402127674,509.19363371045563,0.89764124,650.2843882216083,538.6866984214265,0.89418674,605.3825831806728,540.1674284681984,0.87182176,659.9543273150268,595.757189431088,0.6212523,573.910353199887,589.7583371869034,0.6226591,643.9920778684409,583.8453639298524,0.041397333,555.6361039276956,577.6782807328518,0.044386268,674.2583226411568,589.5773173829248,0.004562646,611.8869476437637,592.8028635473376,0.005366683
511.0,583.2094516306969,347.3442120222328,0.95934963,598.621202382018,339.5800242859532,0.9547079,583.8669295879943,333.37491425239546,0.79281235,638.119246242216,355.6667195742009,0.91203314,596.7286233600728,341.97234850478753,0.23750657,688.2125772191498,424.229267900419,0.97038937,554.9310099147842,413.4232135685916,0.974632,742.0857620678163,519.6476452920322,0.8991153,515.2209983586382,509.17225172517755,0.89761305,650.5102554255576,538.9970774963962,0.8934984,605.5498733637489,540.693467311995,0.87125796,660.1739699014784,595.6778533922597,0.6211766,574.2068235251479,589.5905039538222,0.6228652,643.9686847198271,583.6567357408393,0.041501194,555.9586995110185,577.2967574335066,0.04453513,674.2832033058032,589.5382759714315,0.0045933127,612.3203278419036,592.588323682712,0.0054095387
512.0,583.2053569878466,347.2143736668936,0.9600345,598.6998768867536,339.51841656787974,0.95574975,583.8950213289975,333.2211841450718,0.794306,638.1900189056981,355.8140214367626,0.9139806,596.722512852536,341.88964065662736,0.23613855,688.1783936789673,424.33354332002307,0.97049034,554.9442245711298,413.33220133428006,0.9746971,742.137477586059,519.7762087503629,0.89889646,515.3389890678882,509.1882400145676,0.89701074,650.680739143636,539.2063900283002,0.89320564,605.634114366669,540.9895145994857,0.8703203,660.2932067961982,595.4892086236973,0.61725414,574.3515591795596,589.2898645633248,0.618882,643.8618575950704,583.3369696981003,0.04065588,556.070222624861,576.7152741456414,0.043585032,674.3677312725649,589.3126115085529,0.0044979155,612.3759775424703,592.0574533848852,0.005297005
513.0,583.2041696458575,347.0655105520724,0.96122146,598.814850128062,339.43126008502145,0.95694727,583.9191043393255,333.0538014300271,0.800737,638.3226964421735,355.9851259825552,0.91475344,596.6889145383198,341.84044147487873,0.24070963,688.167137274914,424.43586009527667,0.97074634,554.9263575211728,413.2785635079921,0.97508657,742.2109052160541,519.9341542175623,0.89895403,515.4193587403657,509.2569148875611,0.8980646,650.7712216655582,539.350431576808,0.8933482,605.6986454178236,541.0939217863031,0.87140554,660.3473676250658,595.1695389007475,0.6179879,574.3723600925215,588.8623231855562,0.6204139,643.6940914466259,583.0011223507729,0.040841848,555.9624587372764,576.1301259793037,0.043912888,674.5299308496826,589.0979440611732,0.00452742,612.1295476147604,591.5322703614117,0.0053426027
514.0,583.1783599343362,346.8921367073194,0.96186984,598.8943607711939,339.299927189607,0.95799816,583.920769544847,332.86959904992636,0.8027558,638.4387806125268,356.10469287547005,0.91683394,596.661589266315,341.8002873220804,0.24072984,688.2111586131808,424.5255278019088,0.9709611,554.895885793676,413.2678396738063,0.9752481,742.3641690749478,520.1397302780559,0.8987958,515.5278985290548,509.3691079359081,0.8973602,650.8399656670547,539.4625966351184,0.89260495,605.8271263348173,541.0819470302165,0.869933,660.3957702386597,594.7479051096329,0.6173252,574.3431342206295,588.3567038246697,0.6196284,643.5335473168793,582.6966902569043,0.04078421,555.7285929097942,575.6513841275856,0.043782413,674.7495445355698,588.9747164857522,0.004523486,611.8529908514456,591.205330767131,0.0053363442
515.0,583.1215329066954,346.7102399131786,0.9630528,598.8991947985465,339.1431649074078,0.9597139,583.9060189069713,332.68871027668115,0.80615914,638.4870919841807,356.15378513730104,0.9197495,596.6858175227891,341.7655056435402,0.23986581,688.3061919349188,424.61552812763705,0.9711918,554.8879541524614,413.31249549987064,0.9755372,742.5827904060618,520.376091417837,0.89823806,515.7055043801314,509.51849013908475,0.89707774,650.9867061068514,539.5511580588552,0.8923501,606.0787121385329,540.9926478725067,0.8694805,660.4604965725047,594.3123778612323,0.6156894,574.3280938545107,587.8711719238858,0.61876684,643.4398419838062,582.4328009617764,0.04067087,555.5067660179263,575.3037994738637,0.04373476,674.9959983240699,588.8914542507721,0.0045076013,611.7796555237185,591.0424161732377,0.00532946
516.0,583.0536702342606,346.5584131405718,0.9624847,598.8461464163032,339.012010193505,0.9585576,583.9023270945066,332.54694036256393,0.80493176,638.4790582017312,356.1731685431588,0.9181559,596.7939225543887,341.7461540469438,0.24198672,688.4147655113554,424.7131569567248,0.9712285,554.9489132312502,413.40743266814655,0.9760082,742.7856023388248,520.5766940236797,0.89843,515.9234360083009,509.69173751365304,0.89968324,651.2387815621365,539.5984689427361,0.89262617,606.3827930604148,540.8211229820943,0.87211955,660.5380500701029,593.9129022995478,0.6189789,574.377232299762,587.4489115889329,0.62387687,643.4258125782069,582.154946132155,0.041050106,555.3658940090205,574.9912342244478,0.044544518,675.2668450446783,588.7370339847946,0.0045251846,611.8999427672544,590.8402405239813,0.005381733
517.0,582.9917043827929,346.4746052218552,0.96268296,598.7634254095337,338.9481231307053,0.9589956,583.9234158876218,332.47690040943064,0.80522287,638.4504189088711,356.20568636878954,0.91901433,596.9888478656927,341.76389448788757,0.24123356,688.5171383773722,424.8010678690392,0.97106135,555.1127429025428,413.52751953124886,0.97579575,742.9131951563614,520.6934502520273,0.8969982,516.1138993937052,509.8675350901534,0.8978654,651.4933122740026,539.5809271246318,0.8908807,606.5928077285748,540.5570190238772,0.86980855,660.6083963036424,593.5176137061742,0.6132891,574.4935149326557,587.042888414589,0.6180534,643.4400846523022,581.7544875860555,0.03989607,555.2395505510848,574.558676346752,0.043275654,675.5520801649473,588.4359366958154,0.0043994486,611.9950772013103,590.4343058397035,0.0052329004
518.0,582.9564164463106,346.4621658401445,0.96238923,598.6824883218429,338.94451682434703,0.9589716,583.968119365987,332.4828061308438,0.80149233,638.4275300956093,356.2402704674823,0.9194937,597.2284194017358,341.8288008305782,0.2354433,688.6255284347717,424.8522329178381,0.97083426,555.3385560471811,413.663540436312,0.9755926,742.9831250949793,520.7448228067626,0.89763,516.2448474613793,510.0595559169654,0.8981341,651.6377659447197,539.5196276875331,0.8925675,606.6864586699205,540.2483695600055,0.8712628,660.6468591157508,593.1259846889932,0.6154716,574.6106817145094,586.6601598667439,0.6202302,643.4722124136955,581.237555380101,0.041146338,555.0833106541947,574.0362792161643,0.044531196,675.8034634391647,588.0575239585162,0.0045693517,611.9462910537384,589.9385406035503,0.0054320693
519.0,582.9807659731546,346.49963031031393,0.96169317,598.6545430862319,338.97037635264087,0.95837045,584.0419755948799,332.5402669622056,0.7973107,638.4393840389384,356.24574734710615,0.91936225,597.4468411184596,341.9161080921475,0.23220268,688.7475739218646,424.8667194650653,0.9710241,555.5265728417673,413.8282068181895,0.9753301,743.048606907702,520.7726537512455,0.8989823,516.328577847974,510.3041589192718,0.89699507,651.6901178795047,539.483058116461,0.89349514,606.7646513154266,539.9916283778119,0.8701221,660.6599337164147,592.826498127729,0.6213249,574.6707790511551,586.4103030691971,0.62361133,643.5774085981436,580.7796441162883,0.042360872,554.9780364615358,573.6543299663239,0.04543042,675.9733543620861,587.7630626066891,0.0046983063,611.876968441024,589.6246202572904,0.005547911
520.0,583.0857160551305,346.58682151900325,0.962035,598.7294530204058,339.0262829494959,0.9582698,584.1551570777594,332.63475223080445,0.8008009,638.5306211319489,356.2385944814603,0.9186444,597.6045002767416,341.9992715799924,0.23782468,688.8676898102865,424.87173987050505,0.9711795,555.6322614806737,414.02313823081147,0.97602975,743.1448383062839,520.7986258617478,0.898336,516.3909333878096,510.6086848794337,0.8996074,651.7633063187096,539.5204473764247,0.8929415,606.8766570940295,539.8616069316367,0.87265897,660.6973370317639,592.6648190582514,0.62047505,574.7104254706273,586.3375533162272,0.62565047,643.7691356623868,580.527350573123,0.042112827,554.9973457607643,573.5622577704003,0.045716435,676.0911943652324,587.6578333849988,0.0046756864,611.8975604515222,589.6336413117633,0.005567938
521.0,583.2704764572748,346.7535843509033,0.96196663,598.9174873993339,339.1444498808894,0.9583167,584.3112702412209,332.7896625564779,0.7998806,638.7274233837877,356.2593305811673,0.9188808,597.7105302867417,342.0953849102258,0.23592293,688.9835331672028,424.8791317076379,0.97094274,555.7102620523402,414.22040740161367,0.97577024,743.2689333386527,520.8505855018852,0.8978624,516.462665791094,510.93714512553856,0.89856726,651.9121871831717,539.6206790731461,0.89283174,606.928335987473,539.853797929238,0.8718714,660.7970765231587,592.5394654271795,0.6172239,574.7965738114301,586.3145304264187,0.6218787,644.0002089989256,580.4736383695196,0.041294128,555.0675997333587,573.7112484192028,0.044752568,676.2172839349022,587.741371602023,0.004571557,611.8758215890282,589.9304673866436,0.0054359734
522.0,583.5236035100347,347.0192075869207,0.9635143,599.1753159014976,339.33819521849875,0.9601377,584.503083089511,333.0423276268199,0.808229,638.9929508319815,356.2908246991748,0.92040217,597.8010206158716,342.24874055997225,0.24212223,689.1357152202763,424.8713668783097,0.97154593,555.8448470895331,414.37873761081016,0.9761173,743.3772780135091,520.9741061261633,0.8981081,516.5653221232376,511.19542724412736,0.89780676,652.0657154407727,539.7315825273795,0.8925579,606.7347836915976,539.8654025496037,0.8707297,660.9163894178373,592.2793585839945,0.6195524,574.9017280472762,586.139735047121,0.6232971,644.1929923276954,580.5153361481894,0.04252833,554.9683265682431,573.9614034116147,0.045890808,676.2887126445496,587.8881350568976,0.0047498047,611.5472768530999,590.361315782229,0.0056298077
523.0,583.8193405185096,347.35521277540477,0.9633329,599.43714746905,339.57394916333635,0.9600111,584.7095844456148,333.385850878918,0.8071182,639.2552629095566,356.2683385817908,0.92039365,597.8980312276537,342.46604390076834,0.24087435,689.3624150163425,424.83392296891105,0.97130615,556.0583136862311,414.4801896612772,0.97603345,743.4308384973823,521.1685797031532,0.89769864,516.6944814156756,511.2807178031253,0.8981179,652.1171662980626,539.8062698190713,0.89217186,606.2175806129592,539.7964443148264,0.8708783,660.9742545839022,591.8276784032141,0.61929595,574.9371633805763,585.7425878577593,0.62372804,644.2638038864093,580.5377195819012,0.042164087,554.533460281566,574.1923670641153,0.04563898,676.1510388040355,587.9373792378817,0.0046893954,610.8377383546456,590.7687465610674,0.0055728257
524.0,584.1044268238567,347.68543290105436,0.9640163,599.6618388637347,339.7952569979201,0.96055233,584.8990355380307,333.735542614475,0.81117463,639.4788625065752,356.1800043641388,0.92090166,597.9902961267076,342.67321508730765,0.24647084,689.6334491093621,424.7738733040892,0.9726361,556.2796106761159,414.5308308167089,0.9771864,743.4570625935821,521.3406508473001,0.90119016,516.8281162091507,511.2048369690243,0.90137815,652.039031760145,539.8338559413344,0.89452577,605.6064046644711,539.6973510251922,0.87356853,660.9821228959258,591.3605775298336,0.64087176,574.9080242322697,585.3078334833236,0.6449893,644.2147540058525,580.4979182431451,0.046770036,553.933415998946,574.3544133805118,0.05041799,675.805324645909,587.9085265426377,0.005219221,610.0840089881304,591.135049263964,0.0061772466
525.0,584.318117194412,347.92249676214874,0.9632261,599.8403085799374,339.95585704840516,0.9594555,585.044770620496,333.9748499543439,0.8079735,639.6751997702763,356.0848271890491,0.91941285,598.0597615773064,342.7638129677556,0.24553367,689.8738426483303,424.7088651770113,0.9725762,556.4198587044726,414.5285672561936,0.9771753,743.5198747950858,521.3946326586279,0.9018511,516.9384437964036,511.088837974655,0.90253913,651.8768232232874,539.8311381778991,0.8955978,605.2548020151911,539.7054395159973,0.8752513,661.047120500534,591.1788074447587,0.6465045,574.9290178958737,585.145918797385,0.6507877,644.1492896285523,580.4900219940671,0.04862097,553.5776802465177,574.4981663208039,0.05247146,675.4553509614163,587.9606879593272,0.0054430068,609.7870661548136,591.5078937320525,0.00644508
526.0,584.4360667955773,348.0171249102165,0.9634546,599.9693900983393,340.0294158899314,0.9598795,585.1411775959907,334.04567004769933,0.80968964,639.855563877645,356.0216781900119,0.9195175,598.1190748658832,342.7016018934923,0.2463766,690.0532766728013,424.66051753172235,0.9721683,556.4782003200858,414.4640426096922,0.97671366,743.6305267799933,521.3653322482633,0.9003372,516.9997952146282,511.01150862477823,0.90037084,651.6730017617758,539.8116480908527,0.8944932,605.2162523034624,539.8336968319487,0.87318707,661.2306835372731,591.4325064093177,0.6360075,575.0735385287948,585.3990503945917,0.63975674,644.1607166743956,580.6498869680205,0.046259254,553.6567635734324,574.7136479180133,0.04981494,675.2904317699131,588.1266114272537,0.0051802993,610.0875176904145,591.8364012560422,0.0061222613
527.0,584.4686295149406,347.9726416239795,0.9628589,600.0297652366073,340.0037902510961,0.9588505,585.1942249420008,333.97361496467295,0.80827975,640.0039169248603,355.96550056539695,0.91783273,598.2086639174945,342.5484676670271,0.24776506,690.214465669879,424.64294378835064,0.97166514,556.5428338852098,414.3483933505896,0.9766662,743.7479865760363,521.3622597386524,0.8984368,517.012996047245,510.94512302701474,0.9007301,651.4739043100045,539.7684511709718,0.89257336,605.2870329614757,539.965234123713,0.8731091,661.477269149989,591.9751354681131,0.62700754,575.2914747417825,585.9078914141987,0.63290906,644.2655570221693,580.9567793934475,0.043655425,553.9836081626703,574.9720096310268,0.04747045,675.3600519049037,588.2825036453663,0.0048549473,610.6835633901271,591.9924349511098,0.005775392
528.0,584.4345307681549,347.8171623360595,0.9631534,600.0097222044265,339.87763772998153,0.959324,585.2087654468476,333.80990759941864,0.80842006,640.1075840830401,355.878822595574,0.918046,598.3502426878687,342.3851808922826,0.24524435,690.4094919360411,424.6554294766339,0.97134376,556.6840268904787,414.22618665941445,0.9763794,743.8593014212831,521.4147225871662,0.89860594,517.0229562123085,510.85408942561025,0.90058994,651.3764623314705,539.7124626591844,0.8937531,605.3787689433025,540.0441081826268,0.87420803,661.6749448316069,592.5098239348724,0.6225524,575.4737205992267,586.3796685651218,0.6284561,644.3925084677267,581.2404242734674,0.042390615,554.2864478100272,575.1266347055855,0.046086848,675.5589450515238,588.3331015571621,0.004689783,611.2428700405424,591.9015774406312,0.005582571
529.0,584.3614617914143,347.580824754014,0.9617387,599.9459928995782,339.6654637495883,0.95790017,585.19511046821,333.5829885002971,0.8006286,640.1926883281635,355.76184004918787,0.9171964,598.5126194687163,342.2372816953283,0.23896992,690.6343302601423,424.6993217405362,0.97096694,556.8743582948479,414.15363713364275,0.97579217,743.9952844200454,521.4702009470269,0.8982357,517.0781979149601,510.7649006636355,0.8991115,651.4562869982046,539.6900966860394,0.8931756,605.5598688297291,540.1171481797663,0.872439,661.7534986546272,592.8698787010026,0.62123,575.549294838158,586.6684661182418,0.6259904,644.443643574384,581.381042322357,0.042088985,554.4754708571061,575.1029842618531,0.04559815,675.7153460562959,588.2807731023083,0.0046536326,611.6798019093155,591.6127972447946,0.0055263042
530.0,584.2863928119571,347.3009848105894,0.96305627,599.8991634121419,339.4012902661896,0.95970964,585.1700739668202,333.31590854882893,0.80498004,640.2949973880675,355.63593881618345,0.91993624,598.6400155895908,342.0957747919913,0.23955685,690.8388783508085,424.77323272062097,0.97153485,557.0379087349957,414.1516738211189,0.9761821,744.1654254872922,521.4910294073991,0.8985305,517.177577790154,510.69900582253484,0.89866006,651.6629737728399,539.7119181471652,0.8930888,605.832410103191,540.2013206997577,0.87155735,661.7226503624997,593.1126574775485,0.6250346,575.5174142970109,586.8549965022369,0.6294077,644.415987576303,581.385499406072,0.043490916,554.605618543166,574.9716835411184,0.046983153,675.7949200614484,588.1301714435839,0.0048421323,612.0454221683956,591.239507464781,0.005744666
531.0,584.2433199552793,347.01983371785275,0.96261543,599.9026303182725,339.12759740345575,0.9592527,585.1547896508121,333.0481596793026,0.80304843,640.4188396085946,355.51310861975765,0.9194819,598.7143922595635,341.9668833445693,0.23750761,690.9843686592509,424.8525167751294,0.9708704,557.1505657174148,414.18112436570243,0.97562635,744.3245999718498,521.4816933382983,0.89633507,517.2933476723656,510.60316146847197,0.89677745,651.8644900089673,539.7204386242403,0.8915458,606.0541076539452,540.2508684783099,0.86986816,661.6269135239679,593.3301667237207,0.6131403,575.4141429225306,587.0396206565594,0.6177809,644.3903248532539,581.2966540311168,0.040861696,554.7022294664456,574.8229436934485,0.04428497,675.90929704021,587.8362564781548,0.004539281,612.3139733286087,590.853253928546,0.0053952336
532.0,584.2576543813235,346.7646538030589,0.9635208,599.9684460404857,338.8763736890394,0.960221,585.1756571864378,332.81328888659516,0.8070744,640.5615343257157,355.4041573832415,0.9204487,598.7658572757812,341.8681752290563,0.23923674,691.0703503401546,424.90524035536487,0.9709996,557.2492476124671,414.17520684545167,0.97600234,744.4207311148655,521.4521629674995,0.896371,517.4205903733448,510.3946911820485,0.89809966,651.9720706372957,539.6527877113559,0.8920289,606.0994866219492,540.2441126406851,0.8716064,661.4930190396019,593.5133209809296,0.61355567,575.2685846157127,587.2002068206191,0.6195024,644.411703321435,581.169643373202,0.040984422,554.7237004465755,574.7052070658839,0.044626743,676.1394217753647,587.41549140495,0.004558414,612.3672123090473,590.5032605968105,0.0054388344
533.0,584.3487900463704,346.54287387867794,0.9631343,600.1156582151541,338.6598014882253,0.95993197,585.2517471091464,332.62165055094977,0.8042409,640.7477466769454,355.3237210295781,0.9206575,598.8156241714345,341.81109290225186,0.23656881,691.1212411163901,424.9197106670356,0.9710825,557.3684884642854,414.09972046536814,0.9757892,744.4546969730768,521.39442229191,0.89711887,517.5602330093681,510.0418362643436,0.89710593,651.9943635730426,539.4972172731111,0.8922791,606.027793432631,540.2056820561953,0.87017655,661.327921546929,593.6660530989574,0.6141828,575.0885819351987,587.325191144592,0.61867756,644.4656664478644,581.1457488443153,0.04095006,554.6715944056571,574.7155408624852,0.04432249,676.4960182038882,587.0287119449758,0.004560381,612.1550798773178,590.2833457883285,0.0054169893
534.0,584.5273272006016,346.35186503505935,0.96367276,600.3576881969213,338.4745533311925,0.9606744,585.3823709584167,332.4736530441074,0.8057575,641.0023586888103,355.2715404255987,0.9217932,598.8508968279932,341.8064620518796,0.23524132,691.1735539453091,424.901219592555,0.97106314,557.5166381522022,413.97331920261877,0.9757886,744.4749778088433,521.2985195625521,0.8974081,517.6893475473114,509.5717089915187,0.8973209,652.002282332662,539.2777352182304,0.8929298,605.9749889541844,540.1390503393861,0.8705595,661.1745800206688,593.8844267202347,0.6150561,574.9055005419211,587.5129211900802,0.61954284,644.556726405865,581.3839526276067,0.041002363,554.6209493515316,574.9864947034702,0.044365346,676.9997513207791,586.7907714160567,0.0045509636,611.7615803360454,590.2254685071564,0.0054077804
535.0,584.7838897177874,346.1897578694459,0.9646439,600.6693535433878,338.3183321456976,0.9616275,585.5564168352834,332.3739813739039,0.8123647,641.3035288290312,355.23160993285404,0.921967,598.8747632538368,341.86254016582086,0.24050197,691.260811914434,424.8532254644532,0.9710486,557.7015299056943,413.8321226496552,0.97579116,744.5187085680357,521.1788096777453,0.8968028,517.7897488464183,509.0373175134922,0.8971852,652.0372466778635,538.9754357866805,0.8926574,605.9387453509585,539.9791214912243,0.8707261,661.1388451149805,594.2407632048548,0.6126528,574.8157823860845,587.8522787327784,0.6172812,644.7463306290115,581.8721324749273,0.04024449,554.6341840354672,575.5296181888814,0.04361075,677.6905773019755,586.5620017494327,0.004457921,611.3126384535389,590.1931896971375,0.0052986443
536.0,585.090262279309,346.0780922870182,0.96468997,600.9941732255468,338.2132004635133,0.9618489,585.7673726287062,332.3423055095656,0.81064653,641.5924721992294,355.19222254399415,0.92311645,598.9327706754852,341.9722233687129,0.23657417,691.3893609951904,424.7670570696732,0.9709197,557.9362864536623,413.6996592990149,0.9758002,744.5791587344238,521.0532731069179,0.89742994,517.8662251021767,508.5130225023793,0.8980292,652.0782283059755,538.5151885582062,0.8931918,605.8075451040215,539.6339143396655,0.8712337,661.3142945863158,594.6477033562701,0.6099665,574.9305537558972,588.2745898980096,0.6150841,645.1031383054371,582.3960136449109,0.038537115,554.7282911699037,576.1771971631385,0.041828156,678.5510532322561,586.1368204940046,0.004220426,610.9033679655079,590.0467953335208,0.0050263107
537.0,585.4026914117694,346.04720808438105,0.9651107,601.2624348862233,338.1863584578763,0.96161175,586.0091495707794,332.39781558587146,0.81527627,641.8048926220872,355.1477835388805,0.92094374,599.0971105125286,342.1173240094004,0.24249631,691.5547170564507,424.6202316978613,0.9702276,558.2190106682926,413.59008736622656,0.97617894,744.6371302203426,520.9000250250247,0.89629585,517.9224138580266,508.08285491954365,0.9019204,652.1396444902382,537.9091249433297,0.89367986,605.5493887029393,539.1026940062201,0.8764648,661.7125149434047,594.873430510815,0.6014456,575.2915247196725,588.5679632643912,0.6113164,645.6527471921497,582.6855918614142,0.03565243,554.9241016717322,576.6995947341859,0.03944114,679.4210737274702,585.5112333013312,0.0038363338,610.633845915934,589.8271580442497,0.0046288073
538.0,585.6614089765534,346.05666494699574,0.96512717,601.3882147707552,338.2026040083011,0.96176285,586.2690829657416,332.50156221295754,0.8158915,641.8724194431861,355.08033194814504,0.92107135,599.4667749540858,342.27457349334156,0.2432451,691.7872990786257,424.38480892781195,0.97027254,558.540551625061,413.5052620367097,0.97601026,744.696323036635,520.6720423364939,0.89629304,517.9683311412267,507.79318054175894,0.90082026,652.3245860147154,537.3486583319915,0.89372253,605.2988427886678,538.5317607353513,0.8754339,662.3016814319151,594.7373849962887,0.6024783,575.870968652958,588.5695650432127,0.61121494,646.391941914804,582.6091963191094,0.0361647,555.2999519368457,576.996613708369,0.039827168,680.0318215797816,584.7975736593097,0.0039131045,610.6736283293775,589.6544154892829,0.004704267
539.0,585.8249402501558,346.0038719475243,0.96527946,601.3273694346437,338.17815609421416,0.9618516,586.5343650738233,332.5578777513874,0.8167484,641.7648064784069,354.9738391385496,0.92088073,600.0924800926387,342.4017905263812,0.24467453,692.130183276694,424.06210523908584,0.970363,558.8848036418672,413.42441057626746,0.97637916,744.7702098939758,520.3524265300698,0.8970647,518.03728359268,507.6431163580203,0.9027758,652.7010270157102,537.038520994402,0.8945227,605.2623702618488,538.0943551091485,0.8776782,663.0386766148462,594.2970695845257,0.60789543,576.5942557794431,588.321448340583,0.6179968,647.2937464285576,582.2992623981646,0.03729117,555.938196344129,577.1497264307832,0.041217506,680.2008067145891,584.1103403571071,0.0040360093,611.1737086934331,589.5401116727926,0.0048678517
540.0,585.9127650189587,345.8583476495053,0.9597072,601.176319881496,338.09327969198046,0.9549265,586.7892605767787,332.50657097112594,0.78933835,641.5741152256088,354.87065099429174,0.9141227,600.8215337705728,342.43614573770174,0.23147348,692.5478369246362,423.7217943157907,0.9693742,559.1936155752809,413.3105309178584,0.97592485,744.8578877571151,519.9979759003057,0.8969649,518.1540635604955,507.6307271925915,0.9042792,653.1578652606261,536.9971750735499,0.8929293,605.5452811544815,537.8372399631471,0.877882,663.8259752665439,593.7835758306815,0.6126017,577.322944576754,587.9697171874307,0.6237959,648.2320786971486,582.0208649269586,0.037050694,556.7327491354354,577.1829853595385,0.041280568,680.0545825697334,583.6632886431493,0.003962964,611.9985313825945,589.3561604061645,0.004801631
541.0,585.9826767605834,345.68464728948874,0.9588442,601.1199791427665,337.99746604584845,0.9541998,587.0033360212723,332.359377405729,0.7845346,641.4770112357057,354.8387583936094,0.91420656,601.345272794417,342.3320120136148,0.2290349,692.9067291674521,423.4646657672242,0.9693855,559.3970521119193,413.14354756374854,0.97577834,744.9491018608256,519.7104578904427,0.8970998,518.3005494668063,507.74523482264385,0.9035876,653.4904126115093,537.1011161664514,0.89180243,606.0826992329364,537.6778622440653,0.8761506,664.5090132907526,593.4200603452477,0.61553407,577.9027653196067,587.637034372747,0.6259663,648.9646198225212,581.9315906765203,0.037012577,557.3749322953881,576.9874249045429,0.041139156,679.9865994125564,583.7158180858585,0.003928572,612.6999995434762,589.0152331884208,0.0047585964
542.0,586.0622700721465,345.5129017111758,0.960607,601.2368675780834,337.8873259365064,0.9560918,587.1361508456005,332.14523911685325,0.7932646,641.564830891992,354.8527275781462,0.9160719,601.4838511017781,342.11748607421384,0.23577517,693.0883665889106,423.3199356654604,0.97041965,559.4985345239252,412.9649158814359,0.9766667,745.0496253966754,519.5160294756545,0.8981174,518.4292950482094,507.90756418969465,0.9050703,653.6446896652694,537.2262764409913,0.89231235,606.713094404967,537.516463664273,0.8773593,664.9513078230108,593.3454388668393,0.6198915,578.2558955567932,587.47246090636,0.63083833,649.2986132887631,582.0592152853362,0.038740396,557.6524322554362,576.6612669213196,0.04307583,680.29403725097,584.3117473720307,0.0041742623,612.9108643935331,588.7012084158567,0.0050641
543.0,586.1412838520271,345.3051385901475,0.96118176,601.4512232569688,337.6998581315711,0.9563744,587.1753969542026,331.8859067932808,0.7970543,641.7806329369006,354.81323742051734,0.9151937,601.3241559121799,341.888980798139,0.23798853,693.0932407318909,423.2243269066154,0.9699323,559.5748326239983,412.8513500347275,0.97665775,745.1819109352259,519.3367196547084,0.89740705,518.5112844382102,508.0096411557967,0.9066996,653.7352809861287,537.2800034277589,0.893208,607.2686269144431,537.3152946225891,0.88047993,665.1332422529385,593.5469755403906,0.6142811,578.4216076619425,587.5803257571305,0.6272199,649.2705787407529,582.3267102933207,0.036955178,557.637322286394,576.4931188773048,0.041466653,680.9687789496827,585.1887554522793,0.0039200485,612.6368305464337,588.7008174066258,0.0047847033
544.0,586.223618188326,345.0390855544582,0.9633533,601.6666035344872,337.41768730665507,0.9591361,587.1699476511494,331.6108484158482,0.8061982,642.0161086805839,354.6690392922703,0.9183438,601.0861572285444,341.7212044002208,0.24048656,693.0178423417387,423.1144384802519,0.9703721,559.6917940151662,412.82741108128346,0.9768239,745.3380500185217,519.1243639755858,0.8980004,518.5487108332081,508.0077124050854,0.9061496,653.8448967458978,537.1967426597697,0.894248,607.6259242395923,537.0925714643358,0.88034725,665.1556557533545,593.8293322008006,0.6137806,578.5069024110899,587.8494045307591,0.62578255,649.10303141088,582.5313908080595,0.03688985,557.5556500792745,576.5279627491124,0.041210413,681.7921256662548,585.9432126567085,0.0039102137,612.1738348667209,588.995005059644,0.004758984
545.0,586.3335894253097,344.72917851411137,0.9644758,601.8440846868873,337.0804065872543,0.96032965,587.190917362936,331.34392824701274,0.81123537,642.1957277720657,354.4374731442835,0.9192773,600.9373874378365,341.61629341280536,0.24223962,692.9634899929126,423.00354273005917,0.97035116,559.8463572914359,412.86282735495826,0.97712386,745.4687968735808,518.933625510575,0.8982955,518.5418746365026,507.9165079553451,0.90773356,653.9651023319288,536.9758995948337,0.8959626,607.7282061653232,536.885373129942,0.8831903,665.1182395935396,593.9976275291332,0.6111697,578.5707121544435,588.0738272046453,0.6246151,648.9809715233072,582.550295409425,0.036421895,557.5498417137904,576.6195733883642,0.040873706,682.4813089770325,586.3200688596361,0.0038441718,611.8232318210198,589.3390560759606,0.0046951175
546.0,586.4812195504885,344.4000014157425,0.9635335,601.9847394351189,336.72926842400165,0.95911777,587.2646911700007,331.0942407142527,0.80677545,642.2974409271812,354.1581604481744,0.91804045,600.9077369266296,341.5517841825045,0.24061844,692.9830331147498,422.9498904897981,0.97038853,559.9947018279122,412.93628693707467,0.9770705,745.5516970409875,518.8389553584855,0.89879525,518.4852315851801,507.7493829477362,0.90785384,654.0632344446789,536.6990724798371,0.8959649,607.5708930451195,536.7387894609936,0.8830379,665.0517045072536,594.013501905051,0.61551166,578.5896182352287,588.1615826593203,0.6283843,648.8769846508467,582.4981506311344,0.037228525,557.527507887926,576.7518270617938,0.04174331,682.8463254647572,586.3474943690646,0.0039361715,611.634012837922,589.5997286582123,0.0048024356
547.0,586.6376779663362,344.09289487295433,0.96391785,602.0855246303692,336.4038568759314,0.9593502,587.3633012422754,330.8756089249798,0.8088665,642.3340319349973,353.8758667872876,0.9182105,600.9518364053105,341.5160641848785,0.242886,693.0821788492831,422.9596515622819,0.9706539,560.1124910087417,413.0262257799211,0.9773177,745.6254861889993,518.8232363683464,0.89879715,518.382643516826,507.5056425735669,0.9081046,654.1015034055326,536.4727167028018,0.895944,607.1732199423607,536.6922121856546,0.8832892,664.9640221425203,593.8974858621524,0.6167899,578.5395782360573,588.0929285306798,0.6297683,648.6329574449035,582.5408734637614,0.03745687,557.2692900798144,576.9921385950126,0.042036295,682.8758109994756,586.1888980920996,0.0039498806,611.4422745589494,589.7816748082025,0.0048213303
548.0,586.7311380083752,343.849745093509,0.96466863,602.1126906889804,336.1454733003411,0.9599713,587.4386982384211,330.6897904738413,0.8136121,642.3204823458832,353.63722078408944,0.9185424,601.0492532160126,341.46068703338545,0.24697942,693.2228251899105,422.9643910101893,0.97076774,560.1765125203659,413.074201250828,0.97786534,745.7359425676552,518.7552166657136,0.89957404,518.2431920911077,507.2096571718662,0.9109043,654.0759712103435,536.3471506881253,0.89761317,606.6055446974971,536.7366776035462,0.886613,664.8813308797224,593.6552882693525,0.61725986,578.4433572432322,587.864937691054,0.6324213,648.2269118593172,582.7402398991455,0.036839843,556.7420194570553,577.3595682338197,0.041590303,682.6422416857456,586.0537324047998,0.0038517118,611.1636354003198,589.9862703961438,0.0047174394
549.0,586.7085898004481,343.6883157202752,0.96367633,602.0534802187108,335.97877371326615,0.9591363,587.4612322304716,330.5202281399882,0.80542207,642.2793983462584,353.47178557124755,0.9190985,601.1802454053334,341.3079976975518,0.23898599,693.3322897638739,422.8996050539904,0.9710481,560.1374228238362,413.02662547930765,0.9779134,745.8762871546683,518.5037128817414,0.90125406,518.088206885843,506.9282207538958,0.91106266,654.0550782341911,536.3078888086079,0.8986517,606.0451320366849,536.8248438581096,0.88637686,664.8124854832997,593.3109404750601,0.6286697,578.322397229454,587.5140244397213,0.64250696,647.813190214005,583.0360548651263,0.039087266,556.1522432506044,577.7719621287723,0.043899447,682.2071475348763,586.1392294249779,0.0040860474,610.8789591757795,590.3298152366033,0.004991889
550.0,586.6067956821022,343.60964992457764,0.96261144,601.9594840253687,335.9022370778997,0.95792174,587.4429969932947,330.37594587544004,0.8005775,642.2452575149025,353.3668767114265,0.91764474,601.2894761546671,341.0568418369602,0.23657277,693.3619606157978,422.7544122690561,0.97058344,559.995237825639,412.881254698408,0.9773887,745.9931528894874,518.0799425034636,0.9006926,517.9660408819315,506.70963866742966,0.9095943,654.122029334218,536.3228825848439,0.8979373,605.7117024306476,536.9430965272144,0.8847939,664.6978849680161,592.8463310058877,0.62537104,578.1473355882582,587.0327374493772,0.638269,647.4995227643152,583.1643552891035,0.03744325,555.6671030996195,577.9381437505855,0.041913033,681.6358034317354,586.3575636152352,0.0038383007,610.6462779500376,590.6553788441436,0.0046778917
551.0,586.5107844926412,343.5768003161279,0.96409345,601.8871083019646,335.87392636493485,0.9596009,587.4250902882052,330.2654323029426,0.80861604,642.2194628379486,353.27653551736046,0.919163,601.3536885127016,340.7788280289421,0.24284235,693.3247390712568,422.55817594438156,0.97125715,559.8273489974226,412.66807647378425,0.9779532,746.0528305848845,517.6114146291554,0.90127623,517.9280702989156,506.53882797613613,0.9105904,654.3156141294605,536.3548683903925,0.89841264,605.7161219723066,537.1226294464682,0.8856844,664.4708247084724,592.2551124769924,0.6312284,577.8919594560897,586.4148358895663,0.6442599,647.2658407716374,582.8808791705968,0.039455563,555.343535226237,577.5972154855838,0.044195503,681.005093258178,586.3919272671956,0.004102677,610.5234286695188,590.6249671483438,0.0049995184
552.0,586.4752017664088,343.5156027741415,0.96281445,601.8533696915367,335.82405324916067,0.9580923,587.4433876986145,330.1479905308804,0.80182767,642.1674188058387,353.15919340480093,0.917989,601.4017100885364,340.51346103740286,0.23873699,693.2484915017426,422.362763049831,0.9714081,559.6997990476366,412.43622223613204,0.97788477,746.0755865523303,517.1897788521837,0.90269077,517.9829076698943,506.3798496109363,0.910939,654.6460707490637,536.364821997153,0.8995265,606.0166692931621,537.3895487410093,0.88597494,664.1669780917689,591.7227399793965,0.64021045,577.6205995288275,585.8517626435207,0.6519723,647.0743498395624,582.4027958511041,0.042048275,555.2762890761022,576.993286326657,0.046838343,680.4179018488305,586.2129980260501,0.0044165254,610.7049623820229,590.2644931636655,0.0053611696
553.0,586.509649605551,343.38251645630834,0.9613584,601.8659846684484,335.7076031009623,0.95635283,587.5051208205339,329.9771514254904,0.7969123,642.090016153575,352.99715088710536,0.91577035,601.4447366204304,340.246002446503,0.23760298,693.1337601030784,422.2163679864151,0.9705247,559.6298689937256,412.2474307553798,0.9771749,746.0847806170264,516.8157495226151,0.8999779,518.0938942778911,506.2261777112957,0.9088582,655.0856254442635,536.344079111072,0.8965551,606.517719990828,537.7307254180171,0.8831403,663.9006482618503,591.4838809771514,0.6269288,577.4586834444864,585.5954909705367,0.6390974,646.9189723540017,582.1866889837181,0.039256126,555.5200278418702,576.63994572419,0.043848783,680.0228218653878,586.1731429121271,0.004132837,611.2923232907042,590.0075793913697,0.005022913
554.0,586.5948727033222,343.20907535475027,0.9605007,601.9347433424145,335.54139713876043,0.9553131,587.5867969314711,329.7634045959721,0.7929734,642.0392484161008,352.79659796560315,0.91437876,601.4455015488261,339.95992717079946,0.2344265,692.982262040101,422.13422176475103,0.96994954,559.6099483380924,412.1350283003169,0.976462,746.0742293663193,516.4833335113883,0.89952815,518.2084944558978,506.10296143938973,0.907151,655.5089813352242,536.3214384731235,0.89638996,607.1304992575467,538.0648392627187,0.88172436,663.7525766531835,591.5363911277773,0.6225408,577.4743714517981,585.647197650268,0.63316125,646.7777829336632,582.3154765533094,0.038023323,555.9347989810444,576.642517492756,0.042256147,679.897833195142,586.5167790026559,0.003968537,612.0783149984313,590.1171619584422,0.0048032403
555.0,586.698846134125,343.0701966470971,0.9601695,602.0447097367132,335.3865924624814,0.95478827,587.6525705326675,329.5715867611435,0.79108834,642.0473461088122,352.5809966746813,0.9134307,601.3654514195986,339.6793841486615,0.23316547,692.8317587326819,422.10127193509925,0.97001374,559.612218326154,412.09154580120975,0.9763839,746.0495584811374,516.2397271212035,0.9003819,518.2788118223297,506.0359364959418,0.9075333,655.739554709708,536.3337126360168,0.8976518,607.71495718949,538.2607647358665,0.8826736,663.720315869931,591.6888987786556,0.62643546,577.6217898232173,585.8027601804121,0.63633853,646.6250171358854,582.4762242614436,0.039168537,556.3214974730483,576.6832413455296,0.043384552,679.9414687453128,587.0396128690719,0.0040941834,612.80650460823,590.3860107794281,0.0049435794
556.0,586.7811711089385,343.001942370169,0.9624398,602.1398241015877,335.28653630118066,0.9572816,587.6785352300514,329.45011868136555,0.80322397,642.0779166705843,352.38627443012706,0.9154352,601.2339281698055,339.45404922046214,0.24224788,692.7318883641516,422.09504973842047,0.9707043,559.6069916764252,412.08708162879566,0.9770864,746.0498756453094,516.1360581490297,0.9000553,518.286428849619,506.01667611429434,0.90819716,655.6778393986536,536.3896661449945,0.8974943,608.0803007471682,538.2434929083354,0.88353,663.7498318136552,591.7988461386724,0.62764096,577.7977067354998,585.9106832114127,0.63845575,646.4828870831195,582.4035413584435,0.03995824,556.6250690886164,576.5174538928106,0.04440877,679.9779430265918,587.3216184076226,0.0042057335,613.4250987450216,590.4606776579727,0.0050901473
557.0,586.8004270514555,342.9721822884971,0.9624382,602.1600581651959,335.23822814750366,0.95708275,587.6635881592562,329.38111203863286,0.80382764,642.0708892945245,352.2593483039079,0.9148387,601.1353582628383,339.30084106450937,0.24348494,692.6997566302157,422.09917619442643,0.97060955,559.5878934270575,412.07196499978363,0.97726667,746.1021368155559,516.1607122212822,0.89960706,518.2535266766737,506.0123718342325,0.90903103,655.3643399234605,536.4502654112877,0.8978121,608.1272438593153,538.0556360989102,0.8850881,663.7991119933213,591.856780384412,0.6257131,577.9325129671529,585.9492830033095,0.63780946,646.4010207345655,582.1211370820408,0.039934248,556.879164479087,576.1681790805299,0.044614613,679.9305464492973,587.2296901708386,0.004222244,613.9430615797384,590.2477917822572,0.005125731
558.0,586.7506465704216,342.9436795027811,0.96088123,602.1101942475389,335.2228367212614,0.9554393,587.6251236725441,329.3213074279922,0.79531634,642.0275379331308,352.22592338705886,0.9139774,601.1084346278901,339.1854594331805,0.23771006,692.7141126117203,422.1042147118919,0.9703705,559.5615731549391,412.0064329073595,0.9769324,746.1821831166969,516.2433658934999,0.8996569,518.2098024840874,506.0110818870287,0.9080943,654.9535563163138,536.4659575325876,0.89721596,607.9391289420776,537.7964723272402,0.8836248,663.8745946433783,591.9080909950247,0.62412363,578.0299248275754,585.9498592235867,0.63552684,646.4031196535481,581.8204569883908,0.0394499,557.0736025417078,575.7723537761455,0.043968618,679.8521448819597,587.020809151944,0.004171163,614.2828438007546,589.9246097970399,0.005057484
559.0,586.6763077041755,342.92520839874373,0.96135443,602.0536077116797,335.23454856020095,0.9559679,587.5871985636941,329.26480172516096,0.79710174,642.0057677301618,352.253599591194,0.91434187,601.1167037004423,339.0694712846256,0.23789313,692.7461148961606,422.1023524931375,0.9704355,559.5332323584878,411.90109600470885,0.9770792,746.2460899304579,516.3159923525989,0.89999443,518.1671813463726,506.02856908348,0.9089543,654.607815062777,536.4439349610186,0.8979783,607.6852154352057,537.5563692599769,0.88496995,663.9941941940317,591.9770465986519,0.62755466,578.1310434110477,585.9474724110576,0.63949347,646.4540419490702,581.6248027439273,0.040121466,557.1848590770662,575.4356631001951,0.044814765,679.7810591519165,586.9082257388926,0.0042283237,614.4232770737528,589.6427660495274,0.0051383674
560.0,586.6226784312622,342.94940657183594,0.9608168,602.0284022600534,335.279520382569,0.9552251,587.5618415819021,329.2430953831664,0.795007,642.0317988828207,352.2844275376977,0.91336083,601.119201494432,338.9558564717141,0.23745808,692.7799250862242,422.08577329042294,0.97038174,559.5042425617979,411.79989578455456,0.9770749,746.2743855371034,516.3471184345892,0.90019226,518.1326711522236,506.0713304226492,0.9093745,654.3953715666771,536.4299572652872,0.89809996,607.4806360638538,537.3941238230339,0.88543946,664.1288734347689,592.0669666483342,0.6290822,578.2412915553596,585.9784210182174,0.6411974,646.4818462651037,581.555104747074,0.04060617,557.2385530002589,575.2403343970975,0.04537651,679.6424955180623,586.8225613479815,0.0042910576,614.4842061591719,589.3952694422717,0.005216211
561.0,586.5889334012236,343.0271598220394,0.96107864,602.00852079819,335.35997187070745,0.9555881,587.5386944622626,329.27954528080124,0.79614514,642.0578640736753,352.2969290188091,0.9136473,601.1082920316962,338.87905506465535,0.23833758,692.8034015378939,422.0502775308739,0.9704574,559.4625688227839,411.7292290829614,0.9770963,746.2667172210741,516.3201974219324,0.89970094,518.114762720902,506.1137816933857,0.90864897,654.301154970015,536.4303591866357,0.8975173,607.3928101400771,537.3158099515011,0.88462555,664.2114500025683,592.1764118941729,0.62624454,578.3059780680783,586.0615416996256,0.63826966,646.4490819476636,581.6572340498628,0.040243387,557.2758470571006,575.2816024168623,0.044947088,679.3541174959262,586.7077665590836,0.0042723417,614.5793954096908,589.1924851863314,0.00519076
562.0,586.5455538981304,343.13165122102686,0.9615897,601.9496446117596,335.462424783351,0.9562503,587.5024894815547,329.3565557243484,0.7986609,642.0120497046037,352.310929268976,0.9142142,601.092484597754,338.85291219925966,0.23947018,692.8060012628689,421.99920507842734,0.97045755,559.3789811767807,411.67178978478614,0.9771018,746.2295362146484,516.2353409508306,0.8995824,518.1116383626528,506.12436221962383,0.90854913,654.2855194401777,536.4032831803603,0.89753306,607.4960978551203,537.2756544620499,0.8845649,664.2118138079027,592.2790344533978,0.62502426,578.275534167372,586.1584729945453,0.6371158,646.3958016693427,581.94819550829,0.03984207,557.3274238392188,575.5410929056109,0.044497073,678.9458618086388,586.6958370089975,0.004226774,614.7499435609116,589.1218053317451,0.0051345825
563.0,586.4777534095697,343.2175251373794,0.96028,601.8517388890396,335.5603373937231,0.95461893,587.452967820174,329.4228828112223,0.7932174,641.8829028274666,352.35170073322104,0.91248417,601.0696170999223,338.8420474301149,0.23729506,692.7777449861989,421.9429751668846,0.9700162,559.2386740881591,411.58515143482435,0.976776,746.1886406314325,516.1259718533879,0.89907175,518.1060557660351,506.0953520050115,0.9083475,654.2930636495335,536.305666543927,0.89668494,607.8031528118778,537.2189412754532,0.8839485,664.1794130109427,592.3240504099463,0.6233346,578.1860988046337,586.1888386901423,0.6354755,646.3946602679018,582.263205198928,0.038698316,557.4213733639494,575.7790522196666,0.043287188,678.5891245436803,586.8914259927374,0.0040629804,614.9874745383479,589.1983899051113,0.0049393773
564.0,586.4013654981685,343.2563957782528,0.95885396,601.7666051526838,335.63048727354146,0.9524447,587.398542056808,329.43955512184357,0.78917974,641.7428570627721,352.4259896721801,0.9095415,601.0111120904066,338.807572311988,0.23914725,692.696095734517,421.88480794298897,0.96969545,559.0759822529642,411.4496634724518,0.97679186,746.1851449209447,516.0118863640216,0.8977554,518.0718114018256,506.026881023759,0.909182,654.2589749439785,536.1335724588118,0.8952526,608.2072896437734,537.1410887908487,0.8845295,664.187829743616,592.3063389365618,0.6216712,578.1404514893574,586.1369232942719,0.6354857,646.4703163701455,582.4186298688554,0.03850344,557.5720276595029,575.7988133811489,0.043421715,678.5456077613154,587.2792250287699,0.0040458143,615.1941921682154,589.4015979607007,0.004944414
565.0,586.3492604611057,343.25917895810824,0.9590031,601.7467552756418,335.6665125998411,0.9528662,587.3436458420881,329.418402582197,0.78870326,641.676839387859,352.504829468405,0.91022754,600.8809340402788,338.7555337282282,0.23634079,692.5498899146755,421.80833971842935,0.9694482,558.9420456666678,411.29674172580576,0.97646874,746.2347835350774,515.8616777139723,0.89799213,517.9856823863084,505.91942208016985,0.9084386,654.170723899748,535.933669954115,0.89605314,608.5694695848072,537.0802178680397,0.88430536,664.2519002317372,592.3119103164039,0.61853135,578.1893310700492,586.1159143436847,0.6317164,646.5990409671799,582.5272090159385,0.038319737,557.7669632553432,575.788264289714,0.04304084,678.9448440856406,587.8719137044659,0.0040364563,615.2318393529108,589.8315910319999,0.004921913
566.0,586.3473222173802,343.25777584757805,0.9594468,601.8060965537088,335.6770656184357,0.9533911,587.2916278874571,329.39800955082706,0.7909841,641.7068233931702,352.54026388317493,0.91036236,600.6667635150776,338.70816409419376,0.23716143,692.3699730708668,421.7017233583425,0.9693893,558.8417430397326,411.175480014722,0.97648716,746.3072978640846,515.6541269587866,0.89829355,517.8495864974525,505.7964593415186,0.90911716,654.0918597668599,535.7593731930958,0.8969952,608.7922506083678,537.0333621194741,0.8856324,664.3272282629518,592.4359286669119,0.6202942,578.2751031752364,586.248534335847,0.63370216,646.7612602832628,582.8750104345005,0.038630098,557.9603734920395,576.0910417135719,0.04344684,679.6252133869804,588.6958336007867,0.00405854,615.0592323109331,590.5629397391485,0.004954338
567.0,586.3881510870177,343.2740720385275,0.96023846,601.9184534379875,335.68428729713617,0.95418835,587.2437378077356,329.4017718278321,0.79518485,641.7868320869004,352.53512378449807,0.91055167,600.3862306830756,338.6766535710509,0.23981094,692.1982847849622,421.5878498654398,0.96960664,558.7398078259409,411.1034198079234,0.97667336,746.3652111441165,515.4319644081396,0.89905894,517.6980834241393,505.6982842461614,0.90981513,654.097502203444,535.611638974549,0.898021,608.8289917169341,536.9332339906423,0.8868063,664.3848783681677,592.6541053448004,0.6260086,578.3257179039033,586.4961180081324,0.6391346,646.9492142029662,583.4631094324968,0.039426237,558.088661839872,576.6607340393491,0.04432547,680.3352085661879,589.6014644315374,0.0041202307,614.749921684208,591.3719106580488,0.0050254166
568.0,586.4226341639009,343.31937876588984,0.96075,602.0231394149814,335.72241297548953,0.95470136,587.1867105145832,329.44016251331834,0.799219,641.8386386713015,352.557558591864,0.9105176,600.0763634948846,338.67938575187907,0.24353072,692.0444180234026,421.5065142223825,0.9695231,558.6094153816508,411.0734062301471,0.976612,746.4084239538997,515.2462844656542,0.8982179,517.5649429873876,505.6514673633435,0.90932846,654.2479451071732,535.4464462345517,0.89702284,608.7164188407705,536.7039592191921,0.8860855,664.4471232386427,592.8157296718399,0.6206387,578.3454873618522,586.6750300938166,0.6340149,647.1476699581094,583.9080609277299,0.038040936,558.1040174206667,577.0323238291355,0.04282084,680.9761139937254,590.2768145021273,0.003961861,614.4076197813145,591.8421948462146,0.0048368275
569.0,586.4030321720159,343.39606552238956,0.9614058,602.0601266495224,335.81267055134265,0.9554313,587.1056048927368,329.5128839434344,0.80163825,641.7950885077446,352.6554374940443,0.9112818,599.775913234446,338.72151770376064,0.24437642,691.8885172756229,421.48043012558384,0.9700379,558.4468546282541,411.0772841119343,0.9770164,746.4633069271632,515.0987393570927,0.90018916,517.4626364217323,505.64923224294165,0.911013,654.5765797479023,535.2513269263258,0.8991082,608.548875198609,536.327401578714,0.8882337,664.5434177826677,592.8064808128055,0.63063705,578.3861829117078,586.6566583586724,0.6436926,647.3161296441501,583.8878072994715,0.039854854,558.0074318274185,576.8595541814548,0.044799477,681.5373894940208,590.5278758781512,0.004143566,614.1420482599472,591.7558530423981,0.0050545633
570.0,586.3431358503238,343.4905972539593,0.96162355,602.0304044652771,335.9389114103369,0.9564253,587.0160131933394,329.59871723507325,0.8021332,641.6512440684264,352.79157990752776,0.91320837,599.5123906105376,338.76347234081277,0.24237275,691.7169801964204,421.5034522211653,0.9699396,558.2773838561654,411.091000165551,0.9762633,746.5292468443259,514.969148261054,0.8993974,517.4018680817376,505.6360234390547,0.9068799,654.9903749322028,535.0884765452588,0.8979878,608.3774837822959,535.9019197354227,0.8840748,664.6599874878707,592.6847061557824,0.6242072,578.4758592476512,586.4986739402768,0.6341581,647.397450159869,583.5529690479304,0.04000634,557.8669102196292,576.3167567459091,0.044352144,681.9567535544381,590.4874091709538,0.004245013,614.0498763658618,591.3078286382308,0.0051300824
571.0,586.3003463789341,343.58303564094604,0.9606364,601.990712809813,336.06334694520626,0.9548488,586.9551881863014,329.6744708955479,0.79883516,641.4792905292682,352.8942607625619,0.9108566,599.310287181581,338.7676658292734,0.24271572,691.5496058337947,421.5405142816125,0.969555,558.1505057459208,411.07620221744486,0.97624385,746.5725693150146,514.84860619023,0.89876544,517.3942687508938,505.54337699276107,0.9080441,655.2856750843347,535.0205420546691,0.89759225,608.189628487303,535.5845647730739,0.88535875,664.7577898382619,592.5809931916325,0.62045157,578.596433457722,586.3423906825917,0.63204306,647.3988071030399,583.3139153693869,0.03895232,557.7821548936433,575.8742801954851,0.0434542,682.1898478972699,590.4521649457724,0.004110515,614.116720200542,590.9255168179719,0.0049880445
572.0,586.2995780875972,343.6553525487192,0.9616569,601.9798819526602,336.15977765089457,0.9560838,586.9410919891625,329.730435290636,0.80456614,641.3580978695009,352.9484430824971,0.91157144,599.1969171815704,338.7454950587297,0.24688289,691.4249365936275,421.5471681794312,0.9697603,558.0927948119407,411.0142068068244,0.9761903,746.5880830830375,514.7407185272494,0.8988583,517.432530530838,505.38321639705805,0.9072944,655.352541067366,535.0313466078848,0.89769447,607.9915127671577,535.4423858122844,0.8847686,664.8259238606454,592.5154547617672,0.62005347,578.7127453705414,586.230442385136,0.63071656,647.4079628665206,583.3238926634644,0.038999707,557.8149894822029,575.7527020333539,0.043343186,682.3002565729469,590.5421642627833,0.004124671,614.2325248351888,590.8392550527035,0.004989058
573.0,586.3194858096009,343.69166343217273,0.9613079,601.9936064645372,336.22239147906816,0.95567286,586.9649003896701,329.75610993082375,0.8026787,641.3065454642642,352.99477700198565,0.9113674,599.1808191188121,338.717479292721,0.24571872,691.3576247700504,421.506955545154,0.9697294,558.0872842855383,410.91006349316103,0.9762379,746.6078901655576,514.655171947821,0.8990549,517.4939142178418,505.24141085366165,0.9077044,655.2545267259961,535.0621097113948,0.8976042,607.8382591127104,535.4215367793045,0.8849024,664.872294712456,592.4141749946203,0.62192017,578.7986882507773,586.0945386827545,0.6328629,647.457459529579,583.4195694715553,0.03908348,557.9364789899831,575.7790781402781,0.043501437,682.374971000584,590.6608477360985,0.0041190684,614.3155048652875,590.9064289098224,0.004988879
574.0,586.3323393907004,343.67678568831366,0.96027374,602.0191527661427,336.2470506406205,0.9541446,587.008869032464,329.72825470924965,0.7978966,641.3063436339467,353.0646702331393,0.90972745,599.2357026638497,338.6696717735316,0.24395925,691.3259308428553,421.4451491005479,0.9697362,558.1049843746978,410.7786655236658,0.97650665,746.6445779683268,514.5914889337507,0.89998317,517.5645458746401,505.1714895212228,0.90972686,655.1072157519008,535.0672563141554,0.8984463,607.7877706701613,535.4257982148661,0.88693106,664.8994257259849,592.2545601818986,0.62700546,578.8494023654882,585.8930234144167,0.6389228,647.4898036794723,583.4239658377198,0.039698213,558.0590809814194,575.6969347680484,0.04438725,682.4602794762715,590.7083129199573,0.004160553,614.3493885115331,590.8721651136836,0.005055815
575.0,586.3162657259861,343.5875591369452,0.96129966,602.0383077324552,336.21302086844423,0.95551884,587.0540674886951,329.6181597159648,0.8024249,641.3333314436079,353.14987667798414,0.9113203,599.3365826717617,338.57697438390744,0.24598157,691.3152975057724,421.401429236536,0.9701034,558.1295003977043,410.64861095108176,0.9766617,746.6847242395384,514.5409413031532,0.90043163,517.65108819148,505.1686710077201,0.9093813,654.9820628684034,535.0313806660164,0.89874136,607.8778436587272,535.3884391986851,0.88647974,664.9400120311707,592.0947002403886,0.62886226,578.8995187818747,585.6761858528657,0.6400404,647.4968363182704,583.2693830072765,0.040252566,558.1587325992665,575.4061316814145,0.044851154,682.57900767355,590.632582614908,0.0042312145,614.4069489533949,590.6182003660956,0.00513044
576.0,586.2625804025313,343.42218429730286,0.96086013,602.0219555899872,336.1116882404987,0.9551549,587.0899246676419,329.4340261746684,0.799466,641.3575272296341,353.2198064239649,0.9112322,599.4911868780507,338.451322252503,0.24249804,691.3511881610077,421.3956880002079,0.96969944,558.1564879566115,410.5632140640738,0.976356,746.7206277466638,514.5086938340545,0.8997835,517.7629818650405,505.22649624163824,0.90882933,654.9161066492279,534.9816272768501,0.8984206,608.097662945764,535.3198532921505,0.8860933,665.0515964014315,591.9785043726924,0.62568444,578.9988743767008,585.512019117063,0.6371025,647.5679322512641,582.9433982623815,0.039737433,558.3219374079956,574.9562405842858,0.044296026,682.6947149004886,590.3463995116997,0.004177749,614.6600813573677,590.1465733898103,0.005070448
577.0,586.1984460228344,343.24481931737864,0.9608905,601.9685117674609,335.98985141767,0.95540035,587.1248597483648,329.25305827778675,0.798187,641.3619848301398,353.25776533121257,0.91221184,599.7008016084972,338.35099123462555,0.2401121,691.4657192533167,421.4250839570277,0.9696502,558.1820494773281,410.5553109055684,0.9762207,746.7486369762835,514.5190224596727,0.89935684,517.8843519580056,505.3488263826207,0.907729,654.9268564730608,534.9627823212262,0.8979746,608.3620638727319,535.2905886582952,0.88492227,665.2328982124786,591.9005883813821,0.62237316,579.1355396141959,585.4222420842327,0.6333598,647.7723569515695,582.5007470820369,0.03920144,558.6158003201234,574.4698792350671,0.04362443,682.7040350102847,589.8121755245977,0.004125029,615.2034279834822,589.528604727544,0.005002588
578.0,586.175101948202,343.1344091447305,0.95943403,601.9263770419564,335.91029370448734,0.9537537,587.1754899182957,329.15408198533163,0.7909218,641.3651163947943,353.27165550380687,0.91087544,599.9136207009442,338.32163384980674,0.23592761,691.6429753147663,421.48304313739095,0.96933234,558.1955802104502,410.6145814897175,0.97594225,746.7615709764516,514.5954000854181,0.8989006,517.9769199152963,505.5084302656821,0.9070592,654.9831265777768,534.990950116771,0.8971926,608.5754406098771,535.3506398805303,0.8839909,665.4013063812176,591.8780147024813,0.62046343,579.2253285922138,585.4169952359242,0.6312859,648.0616683674286,582.09515376698,0.039115667,558.9650330178429,574.0850792337534,0.043512076,682.5599461643455,589.1976455274198,0.0041408837,615.869559212405,588.9288486828482,0.0050216615
579.0,586.2211582585334,343.09286781416563,0.9586115,601.9572244003687,335.8768578708766,0.95277596,587.2470001041593,329.12517454128624,0.78757954,641.4125843157744,353.2746969140576,0.91015756,600.0533960088086,338.3342275976262,0.23506531,691.8157399430959,421.56235386738547,0.96926033,558.1892589592068,410.6888147799597,0.97580683,746.7574461658863,514.7290679848727,0.8984362,518.0206270220176,505.6494245376556,0.90641546,655.0171964153737,535.056392182606,0.8960822,608.7109670964147,535.487353877223,0.88261944,665.4880388985762,591.9803960773548,0.6197621,579.2157376978056,585.5327072659209,0.6302838,648.3239396948234,581.8977585340245,0.03864515,559.2364052839168,573.9001013720118,0.042989403,682.3728602714298,588.7747143742284,0.0040808916,616.3619524587905,588.5309397900312,0.004947275
580.0,586.3137842150211,343.0557657231006,0.95956063,602.0759123996721,335.8424664927552,0.95366716,587.3249143759882,329.08821419747755,0.7931073,641.5354480350172,353.2741673649624,0.9105005,600.0879795918962,338.31684707928525,0.23960915,691.9214206709821,421.6414557274958,0.9695371,558.1671540881109,410.72356355180546,0.97620547,746.7392354891138,514.8743469033693,0.8985418,518.0365248877417,505.7422393670935,0.9075242,654.995114117303,535.1520467079349,0.8966011,608.7896410787027,535.6572376222113,0.8840914,665.5092406644976,592.2552937439084,0.62014896,579.1480909067132,585.796499092926,0.6316064,648.5038973263765,581.9897353765404,0.0392057,559.4013208096051,573.9536239579777,0.04374814,682.3069563519978,588.6517062333751,0.004170239,616.5528706592074,588.380463999236,0.005065739
581.0,586.4025079781204,342.98289137451115,0.96026754,602.2391836743514,335.7789191488555,0.95449054,587.3818849294029,329.00093132313043,0.7961217,641.7157388739416,353.273919030354,0.91117585,600.0340118175726,338.2391823459418,0.24087438,691.9460305049685,421.6902774581944,0.9696164,558.1342785100975,410.7009095858322,0.9762309,746.7121267123107,514.9883695801165,0.8986243,518.0541000084747,505.80347309548495,0.9074247,654.9348155263816,535.2691279728183,0.8965745,608.8043484424686,535.8159743977137,0.88387185,665.5172347774026,592.6467461517021,0.6182072,579.0881948158798,586.1594511114405,0.6294961,648.6231407754508,582.3156963291406,0.038256705,559.5275914428425,574.2043134018038,0.042676836,682.4133486990571,588.6920067626893,0.0040411353,616.5384591714158,588.3443850620985,0.0049081743
582.0,586.4590133499786,342.9122843098613,0.9605806,602.3953149776926,335.7196914594524,0.9550115,587.4017080298511,328.9052780252214,0.7966764,641.9055053202906,353.28387986110397,0.9121952,599.920161151484,338.13735586824527,0.24002981,691.914806268117,421.69258083656416,0.96962947,558.0916029966991,410.64116660438805,0.97621155,746.688043171336,515.0573130817545,0.8982972,518.075810728103,505.8673449378936,0.9068665,654.8689563168855,535.3886642590718,0.895881,608.7259165751714,535.9230247198416,0.88284767,665.5435838852513,593.0143384702325,0.6154915,579.0655862996163,586.4976959995939,0.6267446,648.7217762936789,582.707280621355,0.03742361,559.6519763739702,574.5118935872262,0.04175815,682.6301210146811,588.691322652886,0.003942609,616.4452070312996,588.239956458361,0.004791528
583.0,586.4885292854258,342.9136786585164,0.9626719,602.5117555078514,335.72390038150644,0.9575434,587.3947594639527,328.87816000247494,0.80687046,642.0597526914512,353.31451321002095,0.9147554,599.7935336581525,338.0731820628543,0.24599186,691.8701948001093,421.6488834167688,0.9700447,558.0493346123021,410.57630428176685,0.97657025,746.6747046475821,515.080147307083,0.89791304,518.0863475245974,505.9483944901214,0.9065473,654.8306096402379,535.5029246380864,0.8956152,608.581779387367,535.9739905045514,0.88249767,665.6057060434948,593.2449702550059,0.610646,579.0886543413742,586.7147559322924,0.62216604,648.8440948411524,583.0148401339869,0.036602437,559.7625256625677,574.7597870060291,0.040853977,682.8644639497777,588.5783927182354,0.0038694441,616.3268094822913,588.0320732995599,0.0047037005
584.0,586.5105974482857,343.002955662986,0.96230125,602.5737136448979,335.8012073195987,0.9571329,587.3853577590039,328.9520878655994,0.8046068,642.1524078839025,353.3487070992599,0.9142339,599.7129034243599,338.08748377043526,0.2439223,691.8569591243815,421.5685502408342,0.9699035,558.0267824780296,410.5325118472296,0.97653615,746.6577791312761,515.0611042398344,0.8982786,518.0776666759552,506.02456441553556,0.90721893,654.8459258211326,535.6138644621728,0.8960707,608.4581898086383,536.0171305725888,0.8833901,665.7031950199957,593.3191574194108,0.61223483,579.1472276106483,586.8086310521696,0.6241103,649.0328347795448,583.1939389137984,0.036512643,559.8587382044723,574.9515882392286,0.040824324,683.0326666993653,588.422008622609,0.0038369596,616.2216475999883,587.8619996535583,0.0046728253
585.0,586.5413133837433,343.1335243679209,0.96225774,602.5874641736839,335.9033495581813,0.957029,587.387648285793,329.0933525707286,0.80497044,642.1801031164987,353.346162719065,0.91415143,599.6948332153958,338.1721384852476,0.24553126,691.8981490713145,421.4728272067679,0.97002685,558.0318488011203,410.52322106073234,0.9766482,746.6186013723839,515.0240209353667,0.8982561,518.0579829003575,506.0681031369011,0.90721655,654.9085984223618,535.7037282238128,0.8953532,608.4144097271844,536.0935546871522,0.8827455,665.7934773689509,593.2872914696943,0.6120117,579.1942971038432,586.8288555137294,0.62388945,649.2658357227833,583.2704161316274,0.03634271,559.9306647111703,575.1172095036275,0.040649652,683.0778610393944,588.327144695652,0.0038285255,616.1722367690959,587.8541169189716,0.004661888
586.0,586.571331531745,343.2528108396318,0.962318,602.5604895292354,335.9849106417406,0.9569458,587.3927395524569,329.241578993803,0.80582166,642.1423131780048,353.29727673670266,0.9137052,599.7110284630118,338.2821693356122,0.24702874,691.9833794875325,421.39552684395403,0.97021663,558.0459062646422,410.54598553449034,0.9768545,746.5668822634061,515.0054183117182,0.8991494,518.0447775532583,506.0893548404225,0.90845716,654.9851829164832,535.7473772424238,0.896455,608.440756464079,536.1943320428659,0.8843456,665.8236607249221,593.2217606146282,0.6178012,579.1757269344538,586.8180431566851,0.6297966,649.4495332082117,583.2817431961305,0.03743741,559.9425842480946,575.2202425056083,0.04190296,682.9638515787772,588.3308564145734,0.003942609,616.2099193085685,587.9508861101519,0.0048016906
587.0,586.5688246428706,343.3321195917958,0.9615681,602.4824698359707,336.0344985980579,0.9559065,587.3825309384124,329.3530229220379,0.80298156,642.0277336873086,353.2426643693334,0.9122354,599.7451223704705,338.38496504328,0.24627507,692.0837077750812,421.36484804767997,0.9700347,558.0423083022247,410.5936413330887,0.976683,746.5295147511542,515.0189800866085,0.8989759,518.0503193681774,506.1178147601608,0.9083804,655.0475348608575,535.7367716919497,0.8963417,608.498639180985,536.2847002867036,0.88435125,665.7849819691284,593.1617569024111,0.6178758,579.0829312130995,586.7873036089516,0.629787,649.5066882187587,583.2087295563565,0.037452966,559.8795188207382,575.17582506797,0.041923225,682.6790491528434,588.3307329692324,0.0039377213,616.3477268857578,587.961182714443,0.0047938526
588.0,586.5157555783031,343.3636765272558,0.96168184,602.3451929553792,336.0579365479723,0.9561492,587.3531531303114,329.414672039375,0.8037038,641.8368092550862,353.22217325046927,0.91294396,599.8126771779687,338.47724503729825,0.24736542,692.1692065978859,421.3814576927765,0.9702673,558.0259725877454,410.6568351339249,0.976764,746.5203295675012,515.043767404463,0.89876366,518.0719273056579,506.1491562068188,0.90778327,655.063031039711,535.6708491749492,0.89544535,608.5554383859517,536.3267594138149,0.8830309,665.6965933446685,593.0927573579519,0.6165935,578.9504831894534,586.7189294582636,0.6281119,649.4111042661948,582.9903024621854,0.03728348,559.7393272282055,574.9333790090757,0.041680723,682.2685362189507,588.1940606472363,0.003937453,616.5236739132142,587.772015271431,0.004790336
589.0,586.4286908657373,343.36677101642636,0.96070886,602.173437562828,336.07081325357814,0.9549208,587.3159953429955,329.44383091595444,0.79853284,641.6138330281702,353.23752583156124,0.9120134,599.9174820699216,338.56050250363757,0.2440342,692.2211023391804,421.4209342510903,0.9699271,558.027690159599,410.7219564618577,0.97667706,746.5359555658631,515.0571562112133,0.8983735,518.0963770280835,506.16379518782946,0.908195,654.9842222122047,535.5615501575443,0.89527243,608.5752830539145,536.3011565972186,0.8834671,665.578713853839,592.9820815279677,0.6145363,578.8225645626724,586.5929465489403,0.62701595,649.1868812758797,582.610810451371,0.036895335,559.5116898302574,574.5271762698746,0.04137987,681.83743254145,587.9322398162905,0.003886193,616.59643566877,587.4699889930673,0.0047394335
590.0,586.3429942532265,343.3766103188358,0.9596592,602.0228302485923,336.0931086112103,0.9536469,587.2824687141737,329.47147854390766,0.79362655,641.4365772109228,353.2737205688033,0.9106273,600.0212324455402,338.6336517982536,0.2407319,692.2379239251529,421.456672360265,0.96945274,558.0622501258745,410.78269572941736,0.9763392,746.5663554569368,515.0574446361617,0.89794004,518.107111824489,506.1688846512932,0.9081286,654.8085689175047,535.4448185087498,0.89528763,608.5072419076852,536.2229590822872,0.88366115,665.4890687675244,592.7978323388586,0.61102223,578.7587273621422,586.3955341172606,0.62380534,648.9407096776954,582.086603474021,0.03600788,559.2184846878703,574.0149075498208,0.0404433,681.5377566305165,587.6651198139956,0.0037771165,616.4473756443138,587.2313703085899,0.0046106875
591.0,586.2858815385025,343.3984737708685,0.96024597,601.9398491153091,336.12227650753687,0.9544375,587.2595823957981,329.5031055750243,0.79589516,641.3562267782022,353.320616008171,0.91177166,600.0819230750986,338.69341658659687,0.24224985,692.226908595266,421.4775631210347,0.9699863,558.1261612768672,410.82884483239303,0.9766215,746.599094129057,515.0514949161858,0.8989248,518.0880623936,506.1535266040212,0.90809476,654.613095612142,535.3468674921744,0.89598584,608.2968533172975,536.110218584192,0.8835715,665.5075154676346,592.5342864532497,0.6165591,578.820878783125,586.1278668649962,0.62841386,648.7956133665427,581.4662305526106,0.037521064,558.9079701829683,573.4478642745867,0.041961193,681.512720763493,587.4990055446963,0.0039601624,616.0476167056656,587.1659986907688,0.0048191547
592.0,586.2669882828691,343.4027573297133,0.9601933,601.9345108237162,336.1332022693333,0.95432305,587.2540433824606,329.5124612655885,0.7954736,641.3643737876691,353.36665722774285,0.9114516,600.0925053465785,338.724820402858,0.24171925,692.1881244503074,421.4855826701421,0.9699992,558.2160071295561,410.831101771292,0.9767839,746.6164580358075,515.0365747704602,0.89952135,518.035161677742,506.0607949694619,0.9092412,654.479427760159,535.2587100280142,0.8971125,607.9253299916276,535.963823310276,0.8853364,665.6322699126654,592.2507015776212,0.6204664,578.9996174570906,585.8328102680357,0.632986,648.7548007034601,580.8996789663213,0.038849026,558.5984064420172,572.9288333870027,0.043518096,681.7733580076085,587.504533551849,0.0041265786,615.4461679059264,587.2848256333414,0.005028218
593.0,586.2864067713747,343.37759953920516,0.96078974,601.9932719113783,336.1154810770879,0.9549779,587.2685722966805,329.48620185195716,0.7982309,641.4271507307176,353.3943212761329,0.9120085,600.0624109842088,338.71213797281996,0.24332699,692.1142828259331,421.4825394271867,0.97006166,558.3209906605484,410.774066018315,0.9769521,746.605174596605,515.0070620758047,0.89949656,517.9640994153231,505.87183904054183,0.9098489,654.408279479543,535.1600900207526,0.8969809,607.4471751392563,535.7942673080032,0.88578176,665.7698830146899,592.0123281139659,0.62091035,579.2105061647293,585.5615893131408,0.6341877,648.7196729333502,580.5144558424909,0.038623214,558.2932835842356,572.5458296077893,0.04336828,682.1674939159304,587.6750074963056,0.004085332,614.7481485015858,587.5267039077453,0.0049877763
594.0,586.3430676392297,343.35618432336474,0.9611968,602.0971397959413,336.09100393486233,0.95539665,587.2957340961716,329.4527656556754,0.8001617,641.5179862804895,353.3847007382626,0.91215855,599.9872436919004,338.6620522747172,0.24410108,692.0095416286943,421.4676726149079,0.97006214,558.413302051787,410.68428803282063,0.9770404,746.5672480986532,514.9809707738252,0.89982045,517.89201597578,505.656180878624,0.9105824,654.3356459220363,535.0535073076527,0.8976902,606.9803643691623,535.6396450424654,0.8868793,665.8379869776627,591.8292219324981,0.62320757,579.3746652311073,585.3356437190753,0.63688356,648.6144502023743,580.2955772401539,0.039028883,558.0243601140879,572.2980312981921,0.04387173,682.4945904941746,587.9159307266382,0.0041139424,614.0998708983218,587.804513359356,0.0050272346
595.0,586.4339080392525,343.3829298062747,0.9617488,602.222377105646,336.09023364434057,0.95608866,587.3230864333831,329.4581150707928,0.8022746,641.6092731032741,353.3245837145218,0.9129392,599.8573787797204,338.6057063490818,0.24499026,691.89923385922,421.4422199112499,0.97039783,558.4621538807129,410.60572559871014,0.9772999,746.5065900767927,514.9900860851283,0.90052915,517.8185305908546,505.49994221771306,0.9109694,654.215993630748,534.9649327717244,0.8985038,606.6632261916131,535.5479540764906,0.887479,665.81535767849,591.7013656080657,0.62695384,579.4518125155346,585.1760779906119,0.6405097,648.4312153738668,580.2308495867672,0.040596217,557.8197093004059,572.201774302439,0.045562744,682.6309889690101,588.197872871945,0.0043322146,613.6360316907098,588.1058397893764,0.0052876472
596.0,586.5441785352995,343.47656286185315,0.96222335,602.339616878169,336.1307036096322,0.9564848,587.3424830119335,329.53036001791384,0.80621517,641.669355320248,353.2289849209965,0.9124042,599.6887211542818,338.5850512446931,0.24890393,691.8071902295991,421.40592930062826,0.970304,558.4660940553595,410.5601377916943,0.97721934,746.4321879822027,515.0339906265854,0.8998674,517.7450527735502,505.42288533405986,0.91071665,654.071506044565,534.9075394177382,0.8981123,606.5932582632879,535.5418906012101,0.8874437,665.7111191133195,591.5976531546969,0.6239872,579.4304197831435,585.0600195546353,0.63770956,648.1947496200314,580.2826650506969,0.039681077,557.6526081582667,572.2239341089238,0.044573843,682.5987349212699,588.5400606214787,0.0042096376,613.3805510169163,588.4370878783305,0.0051386356
597.0,586.6501265364934,343.63515680620856,0.96137106,602.4330426479158,336.2228026110803,0.9551072,587.3505271756105,329.6726697708458,0.80393434,641.689733993162,353.15355005986737,0.9103392,599.5105564080609,338.63325945489447,0.25029007,691.728487572193,421.35833704076936,0.9702262,558.4565604023473,410.5343646993333,0.9772917,746.3787647235613,515.0778577400608,0.89993215,517.6949179976662,505.3816467129716,0.9115946,653.9703325103637,534.8692831033928,0.89824474,606.7679748181552,535.6094542475197,0.8884249,665.5307338991902,591.4216303833292,0.6269207,579.3204586194779,584.8793213347003,0.6410737,647.9178269441898,580.2421155538673,0.040160567,557.4655931543198,572.1343188095898,0.045222312,682.5247656376084,588.8402872271411,0.0042467117,613.222778641333,588.6667862632255,0.0051873326
598.0,586.7419396546959,343.8424344169307,0.9620946,602.5212688647362,336.3607098837714,0.9561294,587.3433694449027,329.8637819627472,0.8069418,641.6951942576521,353.1433132081478,0.91157734,599.3107818610349,338.7491726214786,0.25104296,691.6345691186493,421.30421185157,0.9702604,558.4382590245536,410.5070542001182,0.9773282,746.3750567368257,515.1002868876162,0.8997799,517.68723106756,505.342240699428,0.9115542,653.9731144279814,534.850573391844,0.8985549,607.1095454977004,535.7289535019088,0.88866854,665.2606005045222,591.1430319836297,0.6254569,579.1130702970579,584.5877858430576,0.63984895,647.6034229909528,579.9808531277068,0.040575534,557.2449396450817,571.7765069010209,0.045693576,682.4947973772144,589.0078385680729,0.0043291748,613.0454272093882,588.6743003371714,0.005290687
599.0,586.8357256374393,344.048437642134,0.96207786,602.647738939891,336.49283363296286,0.95617175,587.3174120167371,330.0505222422935,0.80748385,641.7209446618708,353.1685981315053,0.91121507,599.0271588729244,338.8873103432139,0.25132355,691.492767300195,421.24662094511075,0.97012275,558.3570085797179,410.4802328165298,0.9771345,746.392685000025,515.0996986060093,0.8997015,517.7064326576588,505.30855714839925,0.9111831,654.1089579991199,534.8645370260599,0.89891315,607.5289518689713,535.877987648054,0.88862383,664.8825789684577,590.8588637219059,0.6251214,578.7684759395393,584.2897117158026,0.6391096,647.3112589768479,579.6289834752481,0.04087034,557.0511638655555,571.291984537032,0.045910627,682.5158341953362,589.1218891436918,0.0043742657,612.8235533794266,588.5573397054135,0.0053332746
600.0,586.9561471628531,344.1915332617522,0.96327055,602.8465486576619,336.55093548456284,0.9578604,587.276390639835,330.1775120430206,0.81265587,641.7940469566694,353.15282569603687,0.91399515,598.6129544384676,338.99089745325944,0.25384164,691.2821469207696,421.1793484333202,0.97063756,558.1786406139813,410.46796238263835,0.9773514,746.3589158529956,515.0549320985638,0.89955485,517.7134478710292,505.269733013359,0.9102388,654.3742195838319,534.8784940805613,0.89788824,607.9286893807986,536.0192844606484,0.8867298,664.4196708473208,590.637838038609,0.6231142,578.296965754585,584.0773213462742,0.6363329,647.1566018690157,579.2811454033068,0.040514946,556.9299415405629,570.8237729864378,0.0453988,682.6319858841632,589.282435104155,0.0043504536,612.5253164527123,588.484356859575,0.005298555
601.0,587.0982052749995,344.25674385453783,0.96501446,603.0992654548529,336.5222021266137,0.9598478,587.2264888991597,330.23715263450083,0.82229745,641.9150659233014,353.064794604457,0.91559017,598.105349754911,339.04204866856037,0.2616213,691.0190748427176,421.09674588840073,0.97116303,557.9623878314396,410.46488622748313,0.9775637,746.2188838836857,514.9320346520003,0.8994868,517.6789533367345,505.1777628477588,0.90938914,654.7232315453109,534.8224962364286,0.89768904,608.21201103978,536.1121970779847,0.8857926,663.9580084074078,590.3980508974346,0.6224742,577.8103108901114,583.8692568370238,0.6346547,647.183481082709,578.8113024964733,0.04070297,556.8076814748092,570.2588702440333,0.04544419,682.9207629345444,589.4663678115899,0.0044004917,612.0360097476965,588.4551732512386,0.005339682
602.0,587.2129202465455,344.26377432663656,0.96662843,603.328419502956,336.43950886479763,0.96162534,587.1644327215647,330.25055110576716,0.8320359,642.0540293784652,352.937076977312,0.91665864,597.6218822103658,339.06062203238304,0.27046406,690.7732473549438,421.010219685424,0.9715228,557.8119466473131,410.4524497273746,0.97779113,745.989847245888,514.7342191792843,0.8993722,517.6002163053155,504.9866908255269,0.90943307,655.0749857394031,534.6757295109156,0.89776254,608.3205856757072,536.1404713329792,0.88602996,663.6083698404987,590.0004293630063,0.6219778,577.450254070284,583.500219878608,0.63400817,647.3076229328037,578.0796833092497,0.04145667,556.558008604454,569.4366238598443,0.04625687,683.3576851353018,589.5454876915512,0.0045413077,611.3032631838016,588.3281766839575,0.00550431
603.0,587.2592872696646,344.22200963515945,0.9673351,603.4637225318595,336.3223922597018,0.9623194,587.0892358738869,330.2273400644717,0.8353588,642.1856400792168,352.79574270282035,0.91744983,597.2821333406093,339.06787842437427,0.27378088,690.628688647741,420.94057193658455,0.97211224,557.7878894278145,410.43267645004084,0.97832555,745.7590823656113,514.5166451859649,0.9007004,517.4920962552164,504.69101372010493,0.9112171,655.3421356737426,534.4891226309625,0.8989084,608.230957910454,536.1060639095595,0.8878043,663.4300927589068,589.4293814973612,0.6298031,577.2848568105319,582.9443677810863,0.6421734,647.4114662822756,577.1350430773814,0.043510795,556.1591438291408,568.4438576501879,0.04856983,683.8057000959441,589.3533584979791,0.004791498,610.4620940361793,588.0227696576328,0.0058118105
604.0,587.250396905312,344.14636654119175,0.9682413,603.496932142869,336.18750992044625,0.96368587,587.0182728797947,330.1839206048686,0.83826315,642.2955456011916,352.64049170978205,0.9196221,597.1302365862965,339.07663781635694,0.2733783,690.6113239224001,420.8960166018988,0.9725435,557.8797696294905,410.42213828791733,0.9784915,745.6097552396753,514.3551890464216,0.90154535,517.3753075095383,504.34086438353955,0.9109061,655.4715270162109,534.3351184906826,0.89983,607.9491721155741,536.016715276168,0.8876668,663.3877403957599,588.8051992774185,0.63689506,577.2800324166802,582.3356678899249,0.6483617,647.4323839633158,576.1609169212527,0.04591471,555.7180579207786,567.5311071447863,0.051002294,684.1330085963773,588.7979564968954,0.0051050186,609.7507400988349,587.5664678215312,0.0061740577
605.0,587.2153519878435,344.0709353759336,0.96804535,603.4486694602454,336.0737713140214,0.96365786,586.9711271272866,330.1515200255587,0.8363701,642.3489289919607,352.48877316942566,0.9202023,597.1417906825285,339.0922326197184,0.27038765,690.681576648645,420.8734139342611,0.9724504,558.0225268254762,410.4154974603871,0.9783813,745.5515423606068,514.300159895402,0.9014896,517.269048957414,504.01077105027684,0.9102334,655.4798429156992,534.2672349653869,0.8998549,607.5205502125399,535.9024894660836,0.8870195,663.3969048179467,588.2405666070069,0.63577646,577.3419948334642,581.7888247057075,0.64681184,647.3923154775993,575.3169246780473,0.045710117,555.3580910639478,566.8384328217517,0.05066803,684.2646651123546,587.9591984142381,0.005095184,609.3487269039954,587.0123717635728,0.0061507523
606.0,587.1450376287946,344.0044429186999,0.96908283,603.3161404047852,336.0004265250196,0.9649941,586.9448576779604,330.1337624089788,0.8404633,642.3029462634413,352.37448347356803,0.92191344,597.2896405243314,339.1069313355264,0.27191648,690.7958700774121,420.8655030785436,0.9727857,558.1272181165269,410.39338122994764,0.97858566,745.5393700144167,514.3339829175951,0.90199053,517.1824497290419,503.74814976442684,0.9103055,655.4370436230026,534.2917689118632,0.90061355,607.0408709635636,535.81169748423,0.8874559,663.4016550007948,587.7710890083956,0.6359383,577.3732342698116,581.3356338099074,0.6468816,647.40373854577,574.6555757121386,0.045970708,555.1614559837799,566.3645612597587,0.050848544,684.1565109559756,586.9936640222837,0.005125642,609.318601178357,586.4306975798199,0.00618276
607.0,587.0165775720026,343.89476173477993,0.9679937,603.10093502217,335.91973986994844,0.96374804,586.9221209002948,330.07357582390244,0.83506346,642.1635473482417,352.29824919266673,0.9210465,597.548449507225,339.08698234260555,0.26899773,690.9247288431282,420.85865025111025,0.9729162,558.1330619686687,410.3533354553175,0.97859347,745.5212943029828,514.3775005179749,0.9026115,517.1142184940519,503.5654830647352,0.910303,655.370009151969,534.359221867526,0.9002533,606.6679010455192,535.775959713746,0.88658655,663.3960525013732,587.4259622686191,0.6419592,577.3326542087439,581.0179002787143,0.652181,647.5531344984638,574.1821587841307,0.04759884,555.1908824550497,566.1109118319257,0.05253634,683.8293886870938,586.0238710119619,0.0053367913,609.6653117685366,585.9148139120393,0.0064250827
608.0,586.850899741256,343.668196526775,0.96651936,602.8686437595734,335.7471998998107,0.96215796,586.8954299386156,329.88451443303694,0.8266268,642.0113076023002,352.21322689034184,0.92014945,597.8393781421605,338.9696516716633,0.26217526,691.0251541428051,420.8438780163515,0.9726118,558.0515047412798,410.30316508233386,0.97838044,745.4525930762538,514.3618958208954,0.9024745,517.0597413208013,503.451841724514,0.91007966,655.1957035835362,534.4038197161585,0.8992741,606.5337850823046,535.7976086110059,0.8856133,663.40099552486,587.2806249063766,0.64200276,577.2708999314091,580.9145883980791,0.6523547,647.7418234559318,573.9546043469096,0.046722442,555.4410275637696,566.1154209179194,0.051670134,683.4140634391929,585.2191973455742,0.0052099526,610.3288336282935,585.566996286034,0.0062844157
609.0,586.6988708666092,343.31961739282025,0.96621406,602.7034587523913,335.4578876219816,0.96178603,586.8683473434619,329.547336801903,0.8246068,641.9345937404635,352.0791434296118,0.9203216,598.0660632416822,338.7251133034624,0.26093364,691.0656829788647,420.82756651262605,0.9727851,557.9497695846042,410.24486388042607,0.978402,745.3253814794394,514.2799679413412,0.90256184,517.0074315317976,503.36705348576186,0.90952885,654.8509297331357,534.4067684689696,0.89910245,606.577307876966,535.8678149813559,0.88474274,663.4452525201341,587.3754593969597,0.6414917,577.2825052442078,581.0455607978608,0.6510744,647.7664359711223,574.0338326877127,0.046832353,555.791492284309,566.3837819566169,0.051680893,683.0300095626374,584.726774293646,0.0052315295,611.1300222000237,585.4364559411794,0.0063016713
610.0,586.5833367186,342.94655331238823,0.9678235,602.6099782868527,335.1383825452756,0.9638603,586.8444169118129,329.1606934331537,0.83112603,641.9310834419209,351.91869682104664,0.9228861,598.2144054793916,338.4140218772458,0.26275915,691.0680579123607,420.8221994865069,0.9727924,557.8839247828099,410.181287548667,0.97848755,745.1969409508563,514.1625523163659,0.9016204,516.939614063708,503.27476184393254,0.9085482,654.4454239987097,534.4125844324869,0.8989121,606.5859392522602,535.9900796962005,0.8841983,663.5469479849004,587.6390605401583,0.63511264,577.4118408741635,581.3215295347993,0.6452138,647.5562241855528,574.358783707238,0.044998825,556.1077251622206,566.8313450586974,0.049685508,682.6354434463065,584.4774940197385,0.004982412,611.8745902730594,585.4326006112714,0.006006688
611.0,586.4958610762937,342.6661988899431,0.9672094,602.5362159575241,334.9080326582927,0.9632818,586.8264263926093,328.8510422644274,0.827299,641.9260585884696,351.7894858959184,0.9226455,598.3262930333616,338.12330638040885,0.2586774,691.0650384477724,420.82699741455076,0.9724493,557.8454559603306,410.11779379897644,0.9782361,745.1376797022642,514.0393691800942,0.9007474,516.8534441898516,503.20168631031515,0.90783316,654.1320949896096,534.4669957297773,0.8979402,606.4663154452685,536.169268749978,0.8831236,663.6847061745711,587.9314414328088,0.6301986,577.611364477328,581.6030022093712,0.64068234,647.2126010980232,574.7242780328413,0.043850422,556.338026837477,567.2576799677882,0.048459858,682.1293152451431,584.287574322253,0.0048630834,612.4817650713544,585.3891789435024,0.005867392
612.0,586.4279298267581,342.51395588416875,0.96482414,602.462440752834,334.8040603898505,0.9602382,586.8151180502228,328.6562343918829,0.8156798,641.8762555144144,351.7149933375737,0.91902864,598.4049055732087,337.876594501501,0.25207758,691.044092003946,420.8202178601977,0.9719219,557.78626107116,410.04230956083165,0.9778502,745.1591141940735,513.9320297403583,0.90117866,516.7663282952376,503.1962342172971,0.90832084,653.9215111469623,534.5557143034025,0.8980634,606.3338857551516,536.36024272069,0.8834831,663.7934054779823,588.0949203003152,0.6327645,577.7837413121416,581.7366122755317,0.64307785,646.8334866574576,574.8211934051703,0.043406874,556.4455788969944,567.3453567403523,0.047993004,681.547006300317,584.0021478417409,0.004744321,612.9191525011122,585.1360633628942,0.0057244003
613.0,586.3602016375154,342.4360537185395,0.9658036,602.3859606092166,334.77263416221786,0.96138275,586.7975513269496,328.5237709760453,0.82185334,641.7812574141774,351.67639281073815,0.91964936,598.4305295737307,337.6457981230493,0.25731766,690.9751203889613,420.772127076739,0.9718199,557.6865110561623,409.9179755497105,0.9778518,745.2240390012972,513.8465885511448,0.89968324,516.6992599943978,503.2462809833079,0.9075021,653.7630920459153,534.6302629199605,0.8969689,606.3494737048741,536.4919897759739,0.8828431,663.8133659186783,587.9950685014787,0.62461925,577.8608393538624,581.5823212156107,0.6357144,646.4249754502467,574.3710697801349,0.042144835,556.3669697787823,566.7909815844375,0.046708047,681.0179628103424,583.4765131517238,0.004637152,613.1438067641598,584.4869336704704,0.005602956
614.0,586.2422621144008,342.36135422175096,0.96471095,602.2715792549355,334.7507683025585,0.96005213,586.7365624419203,328.3836387881157,0.8161998,641.6300016338048,351.66088170360774,0.9184497,598.3908926512589,337.39564198360233,0.25338063,690.8404943702153,420.6708256575373,0.9717037,557.5631487671968,409.71251889506266,0.9777353,745.3006384818796,513.7512342614061,0.9003507,516.6606494905244,503.3094899533001,0.9078715,653.6584319899416,534.6648067095743,0.8979639,606.5764831406937,536.5610953026949,0.88351786,663.7692479715186,587.6403241742597,0.627061,577.8806055164448,581.1352704070771,0.63779366,645.9863042687393,573.4139453683987,0.043389678,556.1374154435913,565.5883042606879,0.047964424,680.6556535992875,582.7363639122315,0.004808724,613.1995724806947,583.3858298479773,0.005797893
615.0,586.0266216919098,342.2708120891001,0.96462166,602.0997666973865,334.729977638728,0.9598638,586.5851743093433,328.202316442432,0.8152059,641.4249829222081,351.6966362767263,0.9184723,598.2292254169199,337.09621074901276,0.25281018,690.6072384728125,420.54523016765097,0.97196186,557.4254070745563,409.4323152637534,0.9780783,745.386247111854,513.5917166205987,0.90125364,516.6438220674606,503.380915203037,0.9092775,653.6068736334773,534.655510777492,0.89869654,606.9618629069545,536.6280053500104,0.88487184,663.7641322462056,587.2246494563789,0.63244826,577.9700229170476,580.5721705635294,0.643681,645.5374220763413,572.3490245550787,0.04474649,555.8854708650508,564.0643551838988,0.04955837,680.6023195604597,582.1359347741277,0.0049920976,613.1784989139798,582.060300409145,0.0060276985
616.0,585.7295015556118,342.1925529721452,0.96438426,601.92648346134,334.73402012075167,0.95983064,586.3351859277623,327.9902084881968,0.812992,641.2314978408463,351.81614905388926,0.9192198,597.8682049339657,336.74253785707276,0.25086492,690.2436986488278,420.4464667809689,0.9720618,557.2670568681706,409.1228933176119,0.9780249,745.4928504821335,513.3509681937328,0.9005997,516.6344903165264,503.4677268277818,0.9081391,653.5706077605532,534.5965550919916,0.8973707,607.3611739739941,536.7246355822467,0.88303244,663.8654362941106,586.9615451121535,0.6293725,578.2067635018668,580.1028218942514,0.640359,645.0655419822045,571.5689992630752,0.04456815,555.6397657828902,562.6018350918881,0.049300432,680.9955627425013,582.0716562353609,0.0050017834,613.0348772210369,580.8979237857641,0.00604409
617.0,585.4391021551173,342.15033024323486,0.9666256,601.8383345531408,334.765445364113,0.9627894,586.0440346037411,327.7874834570765,0.8228329,641.1327848531045,351.9926510300877,0.92210084,597.3249771195256,336.38521340111146,0.2529546,689.8007805952598,420.39495321735706,0.9720584,557.0956433692996,408.84071965890075,0.9778,745.619946162343,513.0934168756596,0.9006254,516.6188995068862,503.55308076844995,0.90696794,653.5270761684376,534.506020332589,0.89894664,607.6103210294386,536.8321013848897,0.88328403,664.064977528923,586.9153188995618,0.62433505,578.5550622959645,579.8285628433582,0.63438946,644.5911465297173,571.2085447341922,0.044187367,555.3811636100735,561.4775247968237,0.04859397,681.7720777080699,582.5654569112684,0.0049756765,612.70955689277,580.1687731819767,0.005992979
618.0,585.2395822997671,342.1452742747284,0.96811986,601.8583657759787,334.8065679125362,0.9647213,585.7889652718103,327.64196865987844,0.8287283,641.1444153369403,352.1594851648383,0.92473197,596.7340455593002,336.11001099262006,0.25473067,689.4073585161802,420.367780560342,0.9727012,556.9366243450663,408.6243329390585,0.97823024,745.7404032813847,512.9201627514954,0.901772,516.599083628033,503.62819764484664,0.90728897,653.4762188574267,534.4493794676346,0.9002015,607.6844931283315,536.9456078928408,0.88381624,664.3348532003535,587.0181377814838,0.62910795,578.9381718256433,579.7448029294823,0.6387491,644.235195540261,571.2209638000954,0.045956254,555.236024100485,560.8526884858625,0.050337017,682.6372621557648,583.29322916676,0.005212784,612.3826612500618,579.8854098943084,0.0062685907
619.0,585.1392323389972,342.1698264193471,0.9700346,601.9321273761818,334.84821578737865,0.96696466,585.6071192929187,327.576058860497,0.8401412,641.217903811947,352.27987109409435,0.92667866,596.2471075952201,335.96346185906543,0.26415876,689.1533136235939,420.3414789456916,0.9727333,556.8157192050021,408.48482242864543,0.9783372,745.8165958196548,512.8638881504522,0.8995584,516.5935390257331,503.70440596563435,0.90594697,653.4081380584489,534.4777800466509,0.8979137,607.7169586474374,537.0938366350226,0.8819411,664.6092045415326,587.1860214993494,0.617455,579.2669561152943,579.8022568790055,0.628106,644.0728345063237,571.4862736773899,0.043139637,555.3063969293552,560.7133230519673,0.047431707,683.3005522348402,583.9447532156848,0.0048799813,612.2523540803112,579.8935255921479,0.0058834255
620.0,585.0990244090527,342.22505065024313,0.9691285,602.0103416609968,334.8991177872885,0.9659505,585.4925841407221,327.579423777467,0.83458215,641.3184716400145,352.36017298773663,0.9259725,595.9187226663205,335.91623286169283,0.25954598,689.0226257136969,420.3192383668203,0.9726914,556.7416030081296,408.41102734722216,0.97834116,745.8390384012864,512.8738584745931,0.9002761,516.6092933041376,503.7912987592475,0.9066177,653.3081841772828,534.56445619492,0.8983022,607.8177618902411,537.2960122635052,0.88251936,664.7545406370631,587.3946346807725,0.62149507,579.4263843205467,579.9560284654119,0.6322024,643.9788150667283,571.8841697574569,0.04393378,555.4294548385285,560.8888465651984,0.04832965,683.6551812613957,584.4515451028467,0.0049704015,612.2114027860316,580.0397254602578,0.0059984326
621.0,585.1002748733235,342.325621081299,0.96983933,602.1046040552473,334.97649742833926,0.9667982,585.4275654713258,327.6348112423575,0.83828974,641.4600413529163,352.4135491389286,0.9268379,595.6901913811648,335.90456585615743,0.26171166,688.9489138232611,420.3025095631307,0.9728106,556.7077722583539,408.3693622253869,0.978381,745.8367324061581,512.8937067415753,0.9000714,516.6278762024419,503.889390492774,0.9062727,653.1689160449891,534.6410702016676,0.89814234,607.9987123951944,537.5428328502608,0.88210225,664.6900569492095,587.6298793083217,0.62004626,579.3717208194257,580.1487454793582,0.63058937,643.7601989464622,572.305428590381,0.043608725,555.3752180607146,561.1477507053955,0.047941774,683.7736847022347,584.8726309333507,0.004932642,612.0366831064241,580.1958946157544,0.005949855
622.0,585.1453881304528,342.47132027961834,0.96979153,602.2436249609495,335.08005475671143,0.9666935,585.3966070932145,327.72110106917796,0.83844745,641.6628123123746,352.4387189529581,0.92629564,595.4827078402564,335.87956561010486,0.26135975,688.8936115092629,420.2626939530918,0.97267115,556.7198294240055,408.30497691708035,0.9781346,745.8439630780637,512.9022953016195,0.9006512,516.6260321244005,503.9853087238987,0.9061333,652.976397538995,534.6629293575477,0.89937305,608.2479232961223,537.7979274729651,0.882621,664.5138468523712,587.7849535381307,0.6188349,579.2327036480165,580.2487339611695,0.62838864,643.405450486574,572.5353118221118,0.042633355,555.1677397193835,561.1837520625078,0.046716005,683.8395828295745,585.1408741136232,0.004770756,611.7286789611021,580.1519933838567,0.0057373047
623.0,585.2352799852998,342.62817377418503,0.97097147,602.4335016413606,335.1825595617172,0.96806675,585.3897775416577,327.80360173173426,0.8443625,641.9174516052935,352.4282487955478,0.9278219,595.2600940668212,335.81716752452,0.26567084,688.8478506690661,420.168055781638,0.9730737,556.7958725193993,408.1718292031841,0.9785687,745.8711189258371,512.9057244562489,0.90078855,516.5903956376662,504.06164590703406,0.9067893,652.6964744548286,534.614192378617,0.89970756,608.5610132767904,538.0040740035764,0.8833513,664.4167794409029,587.7537006540824,0.6199905,579.2212031950698,580.1482368343223,0.6302186,643.0809640518452,572.3458342676852,0.043615162,555.0528062586243,560.7347809269941,0.04783213,684.054222245411,585.1296348653519,0.0049258173,611.4799682773851,579.720587472129,0.0059294105
624.0,585.367195070042,342.747249992826,0.97088766,602.6629334315709,335.2461592101523,0.9681796,585.4062392178043,327.845934893445,0.84279096,642.1897399048828,352.3768925067827,0.92850906,595.0253897478191,335.71506848032755,0.2622581,688.8026854996061,420.02208311746347,0.9729744,556.9310904159277,407.9757049487133,0.9784373,745.8994821694878,512.9201604880382,0.9006123,516.5060608479592,504.11416628383415,0.9062547,652.3083822550562,534.4891865112756,0.8998397,608.8914385566088,538.1077677391579,0.883012,664.5116982332411,587.5722994438522,0.61887795,579.4480770247694,579.8977998553788,0.62888265,642.9398239343625,571.7297473836695,0.04351744,555.207447272335,559.8217867700835,0.047720134,684.5307244184747,584.8699028386593,0.0049277544,611.4221764260122,578.970485775621,0.005934179
625.0,585.5063405175512,342.7795053455088,0.97309965,602.8759859658027,335.23000290021173,0.97045493,585.4340302769159,327.8251518872851,0.85625273,642.4201720346261,352.2817176207591,0.9298798,594.8267734220732,335.60699487359534,0.27602977,688.768022260303,419.8548355120252,0.9733659,557.087927180747,407.7795446781406,0.9790411,745.8989677258664,512.9468409041974,0.8994732,516.3617672867217,504.13504796137937,0.90717554,651.8693829876447,534.2976041032778,0.89952517,609.1435195827246,538.0853189693639,0.8845336,664.7790350797512,587.3007073999229,0.61088526,579.8514390671075,579.5888414637357,0.6230227,643.0257956607684,570.8248167874954,0.042722106,555.5677268351693,558.693629576968,0.04715711,685.2001998397559,584.4374562055131,0.0048873425,611.510709792427,578.1496705563007,0.005913973
626.0,585.5914598616806,342.7033874770233,0.9732927,602.9924391135837,335.1140558549076,0.9705523,585.4383137316529,327.74652433956635,0.85668725,642.5508193090013,352.1514846664601,0.92975664,594.7088646641336,335.5532513988002,0.27553457,688.7728123055327,419.69210440868,0.9733219,557.2181028995341,407.6497326592546,0.97924703,745.8593754573808,512.966233917626,0.8999608,516.1849347579196,504.1030215658425,0.9086945,651.4876886799044,534.0811375661569,0.90084755,609.2679173714639,537.9682450795245,0.8869712,665.0907393122533,586.912749930391,0.61194587,580.2454285493094,579.2200715616286,0.6252444,643.2523111737263,569.7785784415478,0.04294288,555.9231537746084,557.6065472518376,0.047622442,685.8161327520884,583.8358221165813,0.004904479,611.6006778124182,577.4330099541602,0.005955875
627.0,585.6176326942723,342.5571341049163,0.9722371,603.0231883190638,334.92814014713224,0.96939564,585.4005120306284,327.64115461676886,0.85025066,642.5977122061549,352.00192098681555,0.929235,594.6193218367405,335.56992205682957,0.27026623,688.8046757386646,419.5421339279618,0.9733441,557.2828020809745,407.59467475727484,0.9794033,745.8030863351066,512.9595490641426,0.90042084,516.0413092441602,504.0137266109139,0.90961736,651.2300871668348,533.9125618158351,0.9008765,609.3022619486403,537.849477459643,0.8875189,665.2732095261505,586.4323603057749,0.6180614,580.4439085460126,578.7991840597881,0.63200575,643.3984178444983,568.8206923424982,0.044655353,556.0997887598458,556.7604573071656,0.04964021,686.1298740812272,583.1574992656647,0.0051284134,611.5691373610495,576.8734436431868,0.0062412024
628.0,585.6425116216387,342.39975416119705,0.9731349,603.0603320254934,334.71826933544355,0.9704305,585.3426640823468,327.5313399499107,0.85489607,642.639485675054,351.82439854897837,0.9306743,594.4731638472622,335.5978149721564,0.27415162,688.8237399115908,419.3987843426358,0.9738401,557.2619613404893,407.5766698600769,0.97975266,745.7697164099623,512.9287680563655,0.9012184,515.9735823255894,503.8963095692861,0.91013646,651.0995069457831,533.8504477510697,0.9014201,609.2769969802251,537.8061807053723,0.88789713,665.2064237805548,585.9978022349254,0.6215315,580.3561699798283,578.4296683867327,0.6352035,643.2449279878551,568.178330694407,0.04545927,556.0282253878421,556.2846905231285,0.05046588,686.0084647682103,582.5308007392529,0.0052301884,611.396582702146,576.4611322692501,0.0063599944
629.0,585.6972351831237,342.2559810785143,0.9744029,603.1369635256599,334.5075107577235,0.971962,585.2987531491505,327.4208573203584,0.8615939,642.7144781945244,351.5990801927551,0.93250906,594.2976350374643,335.5803503145877,0.278606,688.8402468042276,419.2590730200194,0.9739548,557.1672227137404,407.57244831922605,0.97987807,745.7809417738654,512.8990740407047,0.90054953,515.9598400972234,503.79632261895335,0.9097343,651.068675078149,533.880570689868,0.90105367,609.1587727650116,537.8028909113231,0.8874184,664.891661334086,585.6998268463944,0.61660016,579.9979870616694,578.1911871157265,0.630632,642.7902567648719,567.8012457680373,0.044368237,555.7273853497974,556.1024846059994,0.04927495,685.4392823543045,581.8572304959426,0.005104184,611.1521652619629,576.0665569415379,0.006209284
630.0,585.767397029983,342.1280685698887,0.97352844,603.2164867030243,334.31052877608874,0.97115445,585.2850080790927,327.3183969192213,0.8567949,642.798656431183,351.34554447748934,0.9322612,594.179586924666,335.5278349938932,0.27469236,688.8848601250352,419.1290364919117,0.97420037,557.0585353833496,407.5818762422905,0.97953594,745.8146299765335,512.8864796591633,0.90133107,515.9451061664868,503.747761003007,0.907078,651.1166774484018,533.9200243298133,0.9008142,608.9394437488132,537.7414511888932,0.884002,664.4518495075625,585.4869364606972,0.61953086,579.4983723545442,578.0352335375312,0.63009,642.278664429019,567.3832882836109,0.04509473,555.3019611063895,555.8918669356858,0.049373418,684.6684723096041,580.9471440520289,0.0052027702,610.8755465626373,575.4583362394034,0.006254971
631.0,585.8384826205091,342.0157562574651,0.9730048,603.2864167290206,334.1353978893927,0.97033525,585.2914424820652,327.2293060561676,0.8537598,642.8770861180219,351.10220181175293,0.9312968,594.113487075916,335.4686267316083,0.27250263,688.9351890709383,419.00079441412595,0.9741366,557.0074456632017,407.59165681451657,0.97983456,745.8228124339439,512.868943887908,0.9019559,515.9002957632008,503.7500525056089,0.9095714,651.2149179281703,533.9005024238168,0.90167356,608.6867093024784,537.5929956085404,0.88679683,664.0594308502846,585.2562926949729,0.6216396,579.0582180206247,577.8542356119598,0.6339603,641.9565644642657,566.7103773937075,0.045000345,554.8758515893837,555.3682208803233,0.049684584,684.1424242132762,579.8708865169294,0.005177617,610.5130848204335,574.5620669557088,0.0062634647
632.0,585.9042917849929,341.9006802500161,0.9737395,603.3635384236964,333.9615433268118,0.9711008,585.294166712917,327.1317883595431,0.8582523,642.9658214041071,350.87109216821545,0.9317416,594.0289385716051,335.3945071882881,0.27704406,688.9541320094793,418.8563251357374,0.9743302,557.0271290981564,407.5817822591274,0.97999316,745.778046634842,512.8216438217128,0.9019731,515.8379202955907,503.76721381478677,0.9097558,651.267481134305,533.8320348377395,0.9020649,608.4311271326937,537.3976228855461,0.8873795,663.8298449033882,584.9815162962167,0.6202551,578.8120545107552,577.6206577783705,0.63266456,641.8650714389591,565.8935617823704,0.04525003,554.5083042265599,554.62493883319,0.04995829,684.0692797232814,578.9322362151504,0.005244106,610.0269817035173,573.6488554129805,0.00634259
633.0,585.9560096743321,341.75572869295223,0.9747435,603.4431926266682,333.76522003886066,0.97250164,585.2829422866505,327.00218140973186,0.8622296,643.0652344335997,350.6456316351565,0.9341947,593.9176037560005,335.2979655163146,0.2779264,688.9453496989263,418.7042973141215,0.97487086,557.0748273811905,407.5586035063286,0.98019177,745.6984579861596,512.7593566871132,0.9028958,515.7758969890559,503.75827069506335,0.90904546,651.1423552641127,533.7593171660088,0.9026966,608.1139448930239,537.1842331032191,0.8865094,663.7774746511111,584.7482895481244,0.6241312,578.7599683968036,577.4327173966745,0.63516,641.9194621269329,565.2521274466518,0.04705888,554.24552944122,554.0686916933562,0.05156976,684.2861712512561,578.3851208980927,0.00553295,609.508423433097,573.1470815314822,0.006660521
634.0,585.9857975375915,341.5859336599859,0.97517854,603.50373453877,333.56409240004655,0.9728333,585.2654392672636,326.85245417831413,0.86501014,643.1454594391932,350.4597188867044,0.9341396,593.8228539732438,335.2050118428302,0.28180936,688.9154985684952,418.578005959896,0.97501314,557.1060535178135,407.5452816885953,0.9804871,745.6269056855557,512.7048738327555,0.9029664,515.7192674738376,503.7110487620256,0.91015685,650.8148631070676,533.688551551302,0.9030219,607.690921985378,536.9628899605661,0.88802755,663.8432806448695,584.6258631774434,0.62537634,578.8261001897688,577.3682487008704,0.6374722,642.0506752480637,564.9524658195753,0.04697165,554.1209267831882,553.9374198149383,0.05171886,684.5925996370149,578.2471873527155,0.0054843426,609.0582839252334,573.2264554851915,0.0066230297
635.0,585.9969612347284,341.42764937818185,0.97476196,603.5445051308533,333.39849743818655,0.9724569,585.2460919805004,326.71823825623426,0.86256063,643.1860897341837,350.353573821487,0.9340023,593.7419108255795,335.1477314293626,0.2791106,688.839317984023,418.49331205924386,0.97479117,557.1083477829868,407.549755131,0.98022056,745.5918556463766,512.6479908293776,0.9026676,515.6729165255607,503.6326709043621,0.9091345,650.4272491039026,533.5947238122668,0.9024886,607.2004500553792,536.7441345649614,0.886639,663.9434300736683,584.5385577592896,0.62195253,578.9340443110052,577.3427196870773,0.633528,642.203133708972,564.8165346138717,0.045777738,554.0657146346666,554.0206559093524,0.05029103,684.965028862606,578.300295197447,0.0053183436,608.6216376630641,573.6206615000864,0.0064106286
636.0,586.0112856006259,341.3100878308886,0.9752709,603.5900737656671,333.2858499024347,0.9731579,585.2255809444614,326.6292929496709,0.86425686,643.197983379536,350.31999017461453,0.935174,593.6315874979216,335.1462275346394,0.27886623,688.7033742999877,418.4324397572201,0.97514796,557.1013091783457,407.5621950115973,0.9803535,745.5913480803194,512.5688790484239,0.9038931,515.6378727969493,503.5196509759595,0.90907013,650.1557726210738,533.470332187935,0.90357804,606.722526123633,536.535786619621,0.8868029,664.0129778024027,584.3851683998627,0.6287617,579.0354132527125,577.2434719401015,0.6391496,642.2997172369999,564.6025060308807,0.047710568,553.9678073065047,554.0082645635744,0.05214122,685.4285025033278,578.3102336510816,0.005555302,608.0967907350303,573.9584266845452,0.0066765547
637.0,586.0457786253346,341.23556336505186,0.9759877,603.6509587192752,333.2153956432722,0.97388333,585.2106752064395,326.5938693122547,0.8688785,643.1977799445635,350.31884516598757,0.9357229,593.493788368279,335.20400638879755,0.28395563,688.5429330477311,418.37118246317993,0.97532463,557.1071267106759,407.5796505936121,0.9806026,745.6050681097138,512.4569456702961,0.9041201,515.6051013735658,503.37246484686943,0.91001093,650.0827541175295,533.3222170813966,0.904276,606.312969273413,536.3428749799102,0.8882016,664.0272311584058,584.205848997811,0.62842023,579.0989645201292,577.1130404029104,0.6395452,642.2895486164375,564.34474518596,0.04801616,553.7732876056102,553.9174004070458,0.05257359,685.9158451685735,578.26926392983,0.005619973,607.493407807207,574.1733685440641,0.0067596734
638.0,586.0880539966025,341.19016219465334,0.97586346,603.7048504344373,333.16634419813283,0.97384197,585.2028093820811,326.596437305868,0.8676468,643.1881448864385,350.309741323734,0.9360883,593.373283567783,335.2944154271822,0.28177303,688.4122111784661,418.3041198411605,0.9753039,557.1289838826265,407.61249807205616,0.9805168,745.6194492317873,512.3084953232766,0.9043431,515.5657306507435,503.2192076563042,0.90950215,650.2017314875272,533.1455032575212,0.9041092,605.9841279856673,536.1710804815493,0.8872642,664.0001781463241,584.1005590973192,0.6279061,579.1105493576018,577.0593989190752,0.6384362,642.2123257411075,564.2471367100604,0.047718704,553.4813724068258,553.9673841954078,0.052094758,686.3480958493228,578.3518189282419,0.0055832267,606.8845618194089,574.452286530212,0.0067019463
639.0,586.1201807569067,341.16830529690367,0.97620964,603.7325257860564,333.1288424473104,0.97415507,585.1945979483104,326.6175437123553,0.86994827,643.1714318812462,350.2672592187879,0.9359078,593.288263765925,335.3728632944141,0.28363597,688.342439159577,418.2403439424268,0.9751514,557.15717378783,407.6531835675202,0.98045474,745.645176739896,512.1564513046677,0.9043017,515.5213805847786,503.08960883087383,0.9099145,650.4340429861394,532.950335367792,0.90467364,605.7371237766363,536.0379424978179,0.88829184,663.9564728596802,584.0769065165617,0.6267854,579.078085285636,577.083256128987,0.63768727,642.1366370206456,564.3520462693398,0.04698649,553.1285353597585,554.1910351943528,0.051347196,686.6903396163456,578.6308481852185,0.005451083,606.3386797093781,574.8742451741962,0.006546855
640.0,586.1471013909378,341.1868660719299,0.97602206,603.7513843824942,333.1230364557664,0.97389907,585.1873675318918,326.6542010512903,0.86914146,643.1666029409114,350.20821584578766,0.93560946,593.2206831310909,335.4068429241474,0.28354573,688.325430946181,418.19502057392185,0.97513247,557.181705419291,407.6645289331017,0.9804778,745.7011623997987,512.0670936394006,0.9045189,515.4814031176086,502.9934390365941,0.91039157,650.6448855255569,532.790905193003,0.90503865,605.5583791488432,535.9638882472248,0.8888886,663.9061925072735,584.084971688103,0.62928724,579.026330306841,577.1072072627262,0.64026487,642.0424204927439,564.522123487221,0.04758501,552.7861396033591,554.4024637767452,0.052045763,686.8783721229663,578.9867801093633,0.0055133104,605.916607853416,575.2858598206411,0.006624013
641.0,586.1831105294682,341.25819135232587,0.9757353,603.7940899480378,333.17162763826,0.97351336,585.190216698218,326.7066084477319,0.8682984,643.1996823691866,350.17570803938827,0.9347022,593.1513006429857,335.3885484400138,0.28346062,688.3313077015923,418.1858997460291,0.97480917,557.198478120533,407.629050396199,0.98026264,745.7777819569594,512.0714662807584,0.9037002,515.4500082348504,502.9339219388459,0.91009545,650.7173913351874,532.7266504610348,0.9044425,605.4049111604921,535.9405690162814,0.8885884,663.8639834872243,584.1249513824872,0.62511283,578.9976519879448,577.1129489133691,0.63654196,641.8698895545394,564.7075252057891,0.04657203,552.5475159127661,554.5185649069934,0.051033825,686.8470223209458,579.3284666021336,0.005389005,605.6736329721555,575.5598500553035,0.0064803064
642.0,586.2217409842001,341.344015954076,0.97620785,603.8554251148121,333.2416489358221,0.974048,585.198382242629,326.75035717701223,0.8708991,643.2702727985484,350.16997488948016,0.93516946,593.0859078587848,335.33305729119013,0.28568932,688.351399145909,418.218187788636,0.9749027,557.2070442630585,407.58787291734603,0.9804497,745.8358915335114,512.1305923454084,0.90359974,515.4202423339178,502.9107412077528,0.9106321,650.6210480516233,532.7682539749792,0.9047655,605.2791711246624,535.9459019432074,0.88946307,663.8770030348126,584.2417697549129,0.6243504,579.043245700007,577.1736930813629,0.63662004,641.6682582943008,565.018670722933,0.04693827,552.5197166878211,554.7128122594362,0.051529974,686.6290116208984,579.7073236641271,0.0054631233,605.6899299201198,575.8117915744014,0.0065801144
643.0,586.240975576022,341.3777392658841,0.9762943,603.8919083459563,333.26277695718153,0.9741682,585.1959881444836,326.75060362537874,0.87152356,643.3457020817146,350.13991432795365,0.9354204,593.0530059059327,335.265750849481,0.28723633,688.407368355993,418.27041388068994,0.97514534,557.2189380310783,407.5905983612173,0.98047227,745.8476260553389,512.1818921030122,0.90372384,515.3775420394365,502.9020333143113,0.90987337,650.4035675283978,532.8752639373629,0.90411484,605.2334870469999,535.9711834143908,0.88809776,663.9945587718594,584.447475577982,0.6267171,579.1956947558646,577.3523113357348,0.6379622,641.5540245639484,565.5136083002261,0.047123224,552.7506980836293,555.1580701026966,0.05157584,686.3419843826191,580.1610683217662,0.0054668784,606.0247295636855,576.2125501913454,0.0065695047
644.0,586.239443953861,341.3363627506953,0.9761094,603.883399477362,333.20865113673494,0.9739271,585.1850692408786,326.70063678798533,0.87048364,643.397072791231,350.05199059923257,0.93517315,593.0740184368692,335.1987099337497,0.2864421,688.5103228771568,418.30536463837086,0.9748759,557.261219877118,407.6223376955894,0.98050046,745.8246323572314,512.1949139999005,0.9025158,515.3122759684197,502.8656496115804,0.91005695,650.1418624293369,533.001175606217,0.90330374,605.2317003358698,536.0002135731187,0.8883958,664.20628637752,584.678728241003,0.6233343,579.4402851790054,577.5948077612176,0.6361363,641.5526644704553,566.0779383002955,0.046247214,553.1447737408907,555.7619982439795,0.0509502,686.0985635436862,580.6051468875543,0.0053433776,606.5886176796789,576.7030230277949,0.0064516068
645.0,586.2372111161507,341.2526195776619,0.9758016,603.8554466201199,333.1187650630036,0.97347325,585.1874602540695,326.6194834593582,0.8692528,643.4175007239129,349.9344138110053,0.9341513,593.1406339104251,335.1162290079392,0.28582734,688.6298531428426,418.3022468712436,0.9746103,557.3402573525552,407.6190379151092,0.9803765,745.8131434171673,512.1708279685151,0.90211356,515.2411132128497,502.77582334011413,0.91043264,649.9281482750976,533.1258164416028,0.90344787,605.1348331449274,535.9933560066453,0.8892373,664.4426906166066,584.835493699277,0.62122786,579.7164059686534,577.7610673053648,0.6346854,641.6002272640632,566.5641282901346,0.04561913,553.5316153705846,556.2822981438387,0.050399065,685.9501837151188,580.9438861926758,0.005254954,607.1718356597162,577.0705106528112,0.0063559115
646.0,586.2442854789218,341.17955683307105,0.9756054,603.8439182921236,333.0568585762683,0.9732717,585.2141148158494,326.5308389804692,0.86780536,643.416446601125,349.8520402240557,0.93417853,593.2132149780989,334.99181482700266,0.28445253,688.7125528740091,418.27792621863944,0.9746726,557.4182143208814,407.540349809485,0.98046494,745.8602574375723,512.1179035403508,0.90253484,515.2017982756109,502.65469230247743,0.9107293,649.849115905112,533.232954816229,0.903456,604.8894837317175,535.9264266675877,0.8893025,664.6310344833161,584.8791973661888,0.6237433,579.9522014839299,577.7679853565852,0.6372192,641.6269728998122,566.9451333078861,0.045746952,553.7901302213068,556.5786714403816,0.050550878,685.8918421709936,581.2030901825784,0.005243629,607.6079038680211,577.2002881572666,0.006344259
647.0,586.2596606694683,341.16196834736047,0.9756888,603.871301774248,333.0654232416824,0.973389,585.2550592864031,326.46110801958247,0.8677201,643.4192444307034,349.8467191746777,0.9345688,593.2433831375569,334.8277811290591,0.28410357,688.7280146928847,418.26452380276044,0.97497946,557.4498670813316,407.4055850563931,0.98064685,745.9660707677549,512.0485319594592,0.9031632,515.2097415572262,502.5612989803244,0.9110334,649.904925526472,533.2932898993748,0.90360945,604.6148528264627,535.8373521554946,0.8893275,664.7210100473925,584.8884534873083,0.6288575,580.0847957436083,577.6842612940108,0.6420521,641.5757815799763,567.3246028679883,0.04721868,553.87332296588,556.716686249973,0.0521141,685.8809916948067,581.5169546899369,0.005433351,607.8311350594072,577.1737474998829,0.006572753
648.0,586.2827521576612,341.1925678124562,0.9758492,603.9369154171975,333.120732493074,0.9736581,585.2929497315874,326.41771618756883,0.8686352,643.4517031855718,349.8953341542078,0.9348059,593.2147857250741,334.66663635753326,0.28433657,688.6998775512236,418.2718918044268,0.9748807,557.4299229023056,407.2708475545205,0.98045444,746.0800303847316,511.9960203433561,0.902815,515.2411028036202,502.53926838552024,0.9101224,649.9838991035768,533.2940356394821,0.9034327,604.4480647733074,535.7885474128243,0.88859004,664.7013035693528,584.9626316546545,0.62588406,580.0823817745195,577.6420253988438,0.6385169,641.4362943610748,567.7962443666854,0.04659453,553.7972990291534,556.8684148190209,0.051291823,685.8744771086488,581.9652479380096,0.005364716,607.8384925806918,577.1702284332455,0.0064792037
649.0,586.3037417424673,341.1911679971065,0.9760245,604.0099431070303,333.12969415531325,0.97386634,585.3125526499286,326.35890930373955,0.8698226,643.5153314826915,349.9266950926437,0.9349259,593.1614908736825,334.5475505229149,0.28570786,688.6930869146872,418.2898030828311,0.9750107,557.3979340312652,407.1785605757872,0.98040295,746.1510623792306,512.0170947543131,0.9031321,515.2678714713118,502.57026145655857,0.90954757,649.9672338886276,533.25622127965,0.90356016,604.4108253292304,535.7773446862129,0.8878543,664.6283879417648,585.0824924940714,0.62645507,579.9845589627922,577.6654358794713,0.63803136,641.2804352940905,568.2674293837631,0.046390742,553.6333354197401,557.0732043916363,0.05086577,685.8807608575974,582.412393419727,0.005315393,607.691853163192,577.2417804783122,0.0064005256
650.0,586.3063992125885,341.0790276581972,0.9763651,604.0520908326209,333.01762568726264,0.9743005,585.3137699406843,326.2301070874205,0.8711728,643.5872129641477,349.8917486579483,0.9357091,593.1460600526034,334.46574244873267,0.28611505,688.75585637412,418.31270997850083,0.97529644,557.3952597755799,407.13107468880025,0.98056054,746.1668156702176,512.1462324689505,0.9039899,515.2872047772208,502.60631355877877,0.9099523,649.837234878867,533.2076420233194,0.9042824,604.4590001869096,535.7366408005865,0.88828474,664.5925180241952,585.1573126921638,0.6311536,579.8828892590213,577.681806740179,0.6422873,641.2070091222546,568.5520766880288,0.04747495,553.4757013472904,557.2192577908136,0.051962435,685.9374028486509,582.6294741014584,0.005441159,607.5230906853958,577.279278089875,0.0065464973
651.0,586.292986031326,340.8717484305657,0.9768084,604.0567502817521,332.81657092409074,0.97493386,585.3223631335917,326.03563010471123,0.8726354,643.6414405372169,349.81288378427223,0.93720233,593.2156628682696,334.38686611702883,0.28551844,688.8719282855999,418.34386691037577,0.97533935,557.4167020760625,407.10350740825515,0.9806952,746.1513114474833,512.3425910226291,0.90321755,515.3182897327004,502.6287371532578,0.9095546,649.6834637660618,533.1580153559617,0.903702,604.5547625035007,535.6371336914109,0.8877728,664.6276809729038,585.185233938296,0.627486,579.8272276276753,577.6808212258949,0.63938314,641.2760612006668,568.662050053185,0.046788007,553.3992092918729,557.3012694480694,0.051315248,686.0413293795477,582.6238126998718,0.0053752363,607.4524929820576,577.2796341261349,0.006479025
652.0,586.2868715502055,340.66230884933,0.9761538,604.0514228383449,332.6296315017148,0.9741155,585.3690489972181,325.84171196490917,0.8687043,643.6703652171489,349.74748154592476,0.93620014,593.3692340028351,334.2914879141794,0.2817697,688.987855087981,418.3796684692127,0.9750396,557.4228590738178,407.0694353029989,0.98066854,746.1387176335236,512.5081096282634,0.90284395,515.3846605593585,502.6381057262429,0.91037357,649.6238371845798,533.1069528453959,0.90355957,604.6720702861751,535.535146026388,0.8887121,664.6709151401886,585.247220013429,0.6262692,579.7676953418187,577.7283821059027,0.63943386,641.4895592337107,568.7913111588172,0.046244234,553.4121936690727,557.455420170233,0.051007837,686.1342860454666,582.646460749419,0.0052821636,607.484181277609,577.4139875158422,0.006395668
653.0,586.2988814312955,340.5285986375933,0.9766722,604.0576254662255,332.52767086931624,0.9746356,585.4523939979435,325.7095196454734,0.8719417,643.6859162116017,349.7253411304346,0.93670696,593.5640410648275,334.1894836204099,0.28600353,689.0702341304544,418.40209510182217,0.97538066,557.3948277783861,407.01605090474413,0.9808579,746.1526086439458,512.5665912663455,0.90346795,515.4963178613975,502.6346884292981,0.91056764,649.7058046679613,533.056403831783,0.90363765,604.8064546908333,535.4952292095703,0.88853765,664.619344344217,585.3550311662393,0.6291248,579.6125614387305,577.8244263861603,0.6417418,641.758520456731,568.9997014520737,0.046417803,553.4318774829487,557.6899481599204,0.05110705,686.1291941185412,582.8402916084433,0.0052815974,607.5026894132181,577.732995837258,0.006385803
654.0,586.31800069772,340.4880315066563,0.975572,604.0828634527306,332.5122633657336,0.9733305,585.5385971141001,325.64936156934453,0.8664516,643.7149677187733,349.74263034715636,0.93485594,593.7322458493418,334.09471569811245,0.28179443,689.1087644604349,418.3919974898049,0.9749812,557.3534245829161,406.9417395046318,0.9804617,746.191112562675,512.5104839501148,0.90328825,515.6414469827394,502.6277017346115,0.9100956,649.8708295602512,533.0061333931895,0.90338814,604.9648422724065,535.501999583386,0.8880355,664.441584248725,585.4189982494233,0.629073,579.3524158436207,577.8672390271568,0.6410366,641.9316063293188,569.1511338506376,0.046311915,553.3497657594746,557.8226625761656,0.05095318,686.0002237653301,583.1203639692823,0.0052631497,607.3661341184863,578.0500571886652,0.0063562095
655.0,586.3469204593079,340.51484113875836,0.97542155,604.1527486136326,332.5424563870578,0.9733356,585.5980198679734,325.636259202927,0.8651685,643.8003281112357,349.77733899323505,0.9352033,593.7940658783835,334.01537719821056,0.2791404,689.097354378312,418.3463143576169,0.97507906,557.3333868560903,406.86249137329105,0.98016953,746.2248047139066,512.3798559808663,0.90368295,515.7924963294693,502.62879443542545,0.9084842,650.0336160031216,532.947060351572,0.9033847,605.1422325759431,535.4818111829559,0.88608444,664.2257497549551,585.3771833480008,0.6308492,579.097085702849,577.7942367686219,0.6407486,641.9484323140484,569.165579353514,0.047273874,553.1493227451192,557.7549585136944,0.051573843,685.8923040755785,583.3954893109467,0.0054065287,607.0077508352443,578.2134685460878,0.0064904094
656.0,586.4110946215616,340.56051149728495,0.9758495,604.2966940672948,332.56151544493866,0.97392225,585.6309434967577,325.6385484257079,0.8673738,643.9736499281923,349.78947950305337,0.9360585,593.7158349451918,333.9623652606473,0.28058654,689.0485687251381,418.2775359444746,0.97509277,557.3565782302624,406.8104537820196,0.98018515,746.2363925738796,512.2316122693086,0.9032215,515.9263183618501,502.6382004524416,0.9078294,650.1864633577288,532.8712929547236,0.90287393,605.3614377708968,535.4008815408381,0.8853359,664.0747052620304,585.2763345556879,0.6289151,578.9481481006882,577.6745183814679,0.63878405,641.9004919277235,569.1420651157471,0.04694301,552.9247883133878,557.6352204457114,0.051160038,686.0168925323321,583.6980940721859,0.0053809583,606.4857260912868,578.3206579366176,0.0064561367
657.0,586.5262008063958,340.5706971494494,0.9765495,604.5031154448499,332.5244147388012,0.9746658,585.6651238738341,325.6262537521327,0.8716407,644.2172194928082,349.7418770013338,0.93645316,593.5653726276875,333.9352818704674,0.2843093,689.0018085544798,418.1912195318889,0.9751334,557.4206313413159,406.7909646666726,0.9802265,746.253634373631,512.1201807532292,0.9032508,516.0420392288036,502.64856555884506,0.9082303,650.3683880858837,532.7921974613032,0.90367985,605.6698133090918,535.2980312394639,0.88653946,663.9850011582871,585.2048940781947,0.62790406,578.8817268315829,577.6187956973104,0.6380811,641.8727023710229,569.252390677568,0.0471569,552.7843337298209,557.717364735898,0.05142525,686.3730746899125,584.0753578164026,0.0054196417,605.9637018225083,578.5716728439922,0.006506115
658.0,586.6798822240645,340.5254340968147,0.9773327,604.7220193603481,332.44136332705773,0.97555524,585.7385679727814,325.58452822763377,0.8757867,644.4640664239503,349.64468300943196,0.93770844,593.4728035787098,333.90204315490166,0.2878008,688.9829460352652,418.07665928862053,0.97548264,557.4958431860719,406.749254959571,0.98045546,746.3216785298484,512.083742574727,0.9035908,516.157936384177,502.6586616782937,0.908116,650.5305894316581,532.7370864167008,0.9039754,606.0213672001782,535.2075649093068,0.8863834,663.863450925707,585.2076382313346,0.63168156,578.793165005642,577.6595920184988,0.6411973,641.7981888881147,569.6264247558922,0.04808262,552.766001561223,558.1576283207082,0.052328676,686.6703743878322,584.4813848246238,0.00552997,605.6319234254048,579.0233423867627,0.0066250265
659.0,586.8444452411429,340.4587149649406,0.97759163,604.9095939394301,332.37499617892576,0.9757433,585.8715240068959,325.5263646727833,0.87735033,644.6471728439636,349.5538688252303,0.93771243,593.5189923464143,333.8201124554661,0.28955916,688.9753814634089,417.93780856581554,0.97544056,557.5340293971485,406.62517941069234,0.9807081,746.4518488261895,512.1445686580222,0.90346766,516.2877439260675,502.68649235156533,0.9098673,650.5523504242495,532.7132922927453,0.90428424,606.2559437487134,535.1046253287468,0.88848615,663.6295834959203,585.3009461673798,0.6315996,578.5996512325347,577.7750399563138,0.6429002,641.5713522091984,570.3112285110587,0.04756385,552.8286620099691,558.9522693585786,0.052152485,686.6181769530565,584.8694771275375,0.005437553,605.5734873561914,579.6127465478895,0.0065532625
660.0,586.9917057279758,340.4180399736938,0.9763154,605.0546188715784,332.36923711559007,0.97439665,586.0358907506863,325.48191068186327,0.86999476,644.7541150692737,349.51744726759665,0.9364779,593.6586397137283,333.7019108484345,0.282161,688.9597335524825,417.8140761478211,0.9752389,557.5086711544211,406.448280544925,0.9802277,746.6008668433292,512.2882662826605,0.9042386,516.4207164610866,502.75955118782167,0.90810364,650.4426626629784,532.7027060290843,0.9043616,606.2955358887623,534.9640215411533,0.88602656,663.33411233438,585.4839768640609,0.63088167,578.3297174786564,577.9498346907621,0.6397324,641.2842818278351,571.2102404190299,0.046631277,552.9206558749886,559.9400693825751,0.050637662,686.2919767855101,585.2728509940952,0.005274862,605.6955365415288,580.2629472616225,0.0063052177
661.0,587.0943334954457,340.41899181686927,0.9766959,605.1549035499211,332.414555404697,0.9747742,586.1697105937549,325.47565524699786,0.87257195,644.8089677496055,349.5517626387998,0.9366877,593.7844477669678,333.6245684371461,0.28570467,688.9468985536473,417.7456332538475,0.9753344,557.452702500473,406.3072470911983,0.9802983,746.714317674117,512.4453964077676,0.9036586,516.5416284166945,502.85772165825176,0.90774226,650.3580230379689,532.683483974064,0.90344083,606.2511349518945,534.8117935426142,0.8854325,663.1303345761244,585.6673276696499,0.6297411,578.1110948034968,578.1108121029177,0.6386563,641.1440667882987,572.0146984649919,0.045774788,553.001712238477,560.7771530554787,0.049800545,686.0411626682381,585.6406557945788,0.005135447,605.8029823131872,580.7914037477207,0.0061474442
662.0,587.1311491797378,340.43434977164657,0.9769094,605.1920080483762,332.47325329356227,0.97506124,586.2376306945935,325.5007893555123,0.87393534,644.8199277320705,349.6448961377344,0.93704367,593.8644704953074,333.63861893658043,0.28705022,688.9568662789916,417.73458966151657,0.9753681,557.4267562056172,406.2336430599413,0.98025113,746.788210611084,512.5417236654963,0.9035692,516.6598278323877,502.89576196343944,0.90724516,650.405835283957,532.6439112579087,0.9032174,606.2626762023181,534.6778330300892,0.8848076,663.0790190037695,585.6815607389808,0.6281239,578.0146067204435,578.0983648970692,0.63666713,641.1823143197798,572.3380900618412,0.04552266,552.9993844472743,561.0823336591391,0.04944265,686.0271932602491,585.7392876496642,0.0051225424,605.7397036183723,580.9311527256376,0.006125599
663.0,587.1110692221446,340.42393263695635,0.9768201,605.1631131719187,332.50776466776256,0.9749699,586.2582510918514,325.52424276254,0.87326974,644.7954093508217,349.7544018943117,0.9370073,593.9477229346307,333.71449952825037,0.2858238,689.0022741318403,417.7606898390063,0.97524005,557.4596596151592,406.19674312597016,0.9802321,746.8582482898321,512.5614827513913,0.9037472,516.7865863488244,502.80857121940636,0.9078578,650.5917687993528,532.5803074730738,0.9035237,606.3542828211338,534.5498183164848,0.8854424,663.0997396339441,585.4381132819792,0.62812585,577.9896289708374,577.8224348809381,0.6371703,641.2893008452804,572.0223037382266,0.045093954,552.8752551459484,560.7341097487607,0.049046814,686.1263590739402,585.3904481788429,0.00504598,605.5017838664941,580.5825743892736,0.0060408115
664.0,587.08749677032,340.3857057689789,0.97624195,605.1182037228607,332.5076596782299,0.97428167,586.2770196331452,325.5333967775349,0.86962515,644.7774431906141,349.8285365426866,0.936544,594.0610691062473,333.80016305987016,0.28250623,689.0835715246535,417.8047993582845,0.97530234,557.5399060849459,406.17670546696735,0.98046124,746.9492072791148,512.5333821956583,0.90438116,516.9045517512834,502.6131433208059,0.909385,650.8553368935952,532.4840921864461,0.90400136,606.4407568986326,534.3906809830804,0.8868495,663.0916911506424,585.0361548680589,0.6341357,577.954267983464,577.3903473346157,0.6440977,641.3949078700716,571.2709388287673,0.04701686,552.6932118918893,559.9806808961657,0.05131522,686.187632185806,584.6841993585509,0.0053073764,605.20121655293,579.9273416496112,0.0063716173
665.0,587.1156714133843,340.3611758962213,0.9762699,605.1155932578552,332.49869485332295,0.9741932,586.3251678658587,325.55669521755885,0.86997736,644.806288281349,349.84475050054004,0.9362165,594.1864779584339,333.883583039378,0.2834632,689.1895675989267,417.8450140806035,0.9755007,557.6364494299241,406.18837315778524,0.98060954,747.064454133088,512.4755553349938,0.90497756,516.985145223574,502.3773269082832,0.9102994,651.0968972321762,532.3507217842686,0.90456283,606.3744715662215,534.1715163021634,0.88788426,663.0211639898355,584.6571994884715,0.63935465,577.8764501977814,577.0088203154235,0.6492807,641.4898155771243,570.4690106637287,0.04844898,552.5654880785256,559.2647986874563,0.052935243,686.1323851242723,583.8350665428445,0.00548926,604.9672982712225,579.2627063268151,0.006594658
666.0,587.1945666257136,340.3837530431085,0.9761114,605.1516258961536,332.5106569327952,0.9741305,586.3988137841877,325.6273401049334,0.86942554,644.874544465257,349.8153863111965,0.935992,594.3192031270491,333.9856045986952,0.28226376,689.320539578112,417.8668514000684,0.9752109,557.7106666988,406.2647474369412,0.9802302,747.2019598112926,512.3889923364643,0.9047845,517.0224890839894,502.1794173590771,0.908968,651.3140465211194,532.2121228824737,0.905017,606.0498187070484,533.9081785551215,0.8872281,662.9296621279354,584.422765119103,0.63603544,577.7758227095655,576.8317600614273,0.6449661,641.6438538864272,569.9361389846447,0.048187256,552.6139780910592,558.9745646554147,0.052357674,685.9100487130095,582.973205014227,0.005489439,604.9417123009918,578.8065189997317,0.006562561
667.0,587.2856712693765,340.44571478972716,0.9760568,605.1778528566945,332.54387122490357,0.9742003,586.4764197903885,325.7509928293541,0.8687169,644.9421799796635,349.75379951177,0.9364755,594.478652134706,334.12842159316284,0.28083086,689.4865847455324,417.87310117731886,0.9752425,557.7412154309553,406.4313482316142,0.9801388,747.3520245008363,512.2841984075415,0.9046242,517.0363297081233,502.0751033168592,0.9080255,651.6195761918506,532.1272301177215,0.90449786,605.5373502485837,533.679727457004,0.8859915,662.8617027943699,584.3870254380221,0.63594747,577.6701740284443,576.9337180915418,0.64423656,641.957652079599,569.8342088755428,0.048338413,552.9149954265711,559.3085810037197,0.0523912,685.5229288231724,582.1887336997795,0.0055226684,605.2173507044813,578.6917883375013,0.0065926313
668.0,587.3685752788522,340.5187876343199,0.97551346,605.1661667377487,332.5820969096561,0.9734971,586.5495038535503,325.9094607315757,0.86641926,644.9693316815292,349.6730600235775,0.9356115,594.6729630574043,334.3213149727594,0.28164262,689.6631730450852,417.8683888000037,0.9754342,557.7449328836911,406.67123867742094,0.9802612,747.4890512565327,512.1814715102736,0.9044887,517.0494550675674,502.06290136087716,0.90771174,652.0221054971992,532.1294218137496,0.90290594,605.0806463747192,533.5792022959855,0.8844234,662.8057103043707,584.541439942424,0.6382915,577.5583978454976,577.2919368839588,0.64622957,642.3853739661531,570.1393677533179,0.04793802,553.400772611327,560.1980315956587,0.052045822,685.0769488678202,581.607847527986,0.0054656565,605.7231624930698,578.9738743982251,0.006528288
669.0,587.4434828159162,340.57850046282647,0.9751283,605.1214429595992,332.61815321427116,0.9728778,586.6269397662697,326.0683434530454,0.8654634,644.9279348460346,349.6091107026987,0.9341983,594.8967450706537,334.545043574868,0.28187197,689.7989629978722,417.85760359477246,0.9750326,557.7450731240319,406.92451241391757,0.9801049,747.5939332206318,512.0959906341452,0.9040232,517.0765809534238,502.1050798846828,0.9083654,652.3932617321464,532.2165852988559,0.903269,604.900502577714,533.6477173783928,0.8857397,662.746522604519,584.8178638514677,0.6376432,577.4583993111987,577.7900972806743,0.64634377,642.7728335355957,570.7049058438852,0.047613174,553.9403810212895,561.3737295343668,0.051898956,684.7019747685058,581.3177916064092,0.0054010153,606.3319698338337,579.5667281544313,0.0064599216
670.0,587.5097002590521,340.60518647699365,0.97454816,605.058519247822,332.64494489043716,0.9720336,586.7162457219633,326.18787554463745,0.8626846,644.8222071762457,349.5836319739774,0.9329785,595.1440683262616,334.74945931606624,0.28050536,689.8896198732775,417.85367631034154,0.9747249,557.7373275157594,407.1443487223471,0.9802413,747.6776152729501,512.0297108143263,0.9039281,517.1277083891831,502.1788466553355,0.9103564,652.6994169481261,532.3790481599773,0.90325105,604.99172191693,533.8594435626866,0.88760346,662.7278376339216,585.1521196367526,0.6354917,577.4129063281509,578.3228733032955,0.6462356,643.1057333324005,571.4249659760026,0.04607451,554.5123863145404,562.6231598407611,0.05066237,684.4216347240717,581.3038544621027,0.0051719844,607.0302346529647,580.3104845219339,0.0062273145
671.0,587.5634928284612,340.5947767023312,0.9736848,604.9933066075183,332.6582186024496,0.97098196,586.8140719205655,326.25034875490553,0.8584627,644.694939538064,349.5857990770469,0.93167746,595.4025451002744,334.88670221668957,0.2777856,689.9848961662682,417.86578044008104,0.9744513,557.7133595761559,407.3177455747172,0.9799759,747.7579603600647,511.9763448500861,0.9035919,517.2023973627229,502.2878229374812,0.9096539,653.0467655317257,532.6037181563538,0.90275216,605.1401983515204,534.1374897060491,0.8867345,662.8269302842343,585.4793870170195,0.6335258,577.468454612805,578.8081435831374,0.6437774,643.518064592341,572.2267201926492,0.04508683,555.163122133983,563.8192333472866,0.049548507,684.1852779149974,581.4392643742722,0.005026877,607.8373648190583,581.0007232890142,0.0060440004
672.0,587.5993620727401,340.58103792184954,0.97370505,604.938371282256,332.68996205174085,0.9708631,586.9128707549714,326.276998108929,0.85906935,644.5840380114354,349.62672779618174,0.9313979,595.6514102216724,334.9387302430978,0.2802274,690.1136798380212,417.89010514802425,0.97480196,557.6843759966523,407.4256977186337,0.98021793,747.8286567167388,511.9405799876795,0.9044554,517.2847236504862,502.44582748489256,0.91058403,653.4713038199728,532.8626937742521,0.9027964,605.0898849064988,534.371355677701,0.88707614,663.0911019346404,585.6869159439749,0.6410451,577.6637005328852,579.1098312898118,0.6509086,644.0580143064392,572.9208989562889,0.04629129,555.8558467886072,564.705592478666,0.050889134,683.9559556930842,581.4639101575831,0.0051379204,608.6853447091262,581.274881649548,0.0061790943
673.0,587.6191464805356,340.6159338738998,0.973154,604.9092116148722,332.7874012974695,0.96998525,587.0037489705853,326.3057750559498,0.8564093,644.5008372984851,349.7341529702202,0.9301753,595.8469538665962,334.91402715582353,0.28010023,690.2457508816058,417.9164831387377,0.9747437,557.6645983730567,407.44598154717755,0.98053455,747.865598338044,511.9351349385746,0.9043853,517.3536972915471,502.6560533512304,0.91236466,653.8407682092694,533.1117795983639,0.9022885,604.7061873516282,534.4703380663059,0.8884763,663.4962174616659,585.6889473791259,0.64055246,578.0020612530228,579.1156052300478,0.652358,644.6009299383029,573.2445305171199,0.045261174,556.4631416887311,564.9534024033351,0.050192684,683.7341956283676,581.1488973715784,0.0049861968,609.4471514416183,580.8044803751661,0.0060358047
674.0,587.6492361736837,340.71550808253323,0.97243226,604.9411520657613,332.9493014763989,0.9693095,587.083090472277,326.3512153501674,0.8520554,644.4622769804067,349.8919585150532,0.93008757,595.9264183570698,334.8323679806741,0.27676088,690.3206113192161,417.93402455487956,0.97484446,557.6566777499346,407.3929779778325,0.9804973,747.8484915864697,511.9512881159845,0.9043875,517.3938724270323,502.89795026804586,0.9116432,653.9879674222035,533.3091538678284,0.9009211,604.0842693370881,534.4360840503984,0.88653374,663.9535470220567,585.5409897949712,0.64314294,578.4327986723231,578.8908433468558,0.6543922,644.97219706274,573.0942664239362,0.045774102,556.8769939172644,564.4913540095295,0.05065137,683.5699762601396,580.555011230714,0.0050616562,610.0030858465453,579.6912659484202,0.006122887
675.0,587.7183769586079,340.84301434919485,0.97389805,605.05449292651,333.1209757716418,0.97102594,587.1591741975051,326.39822476553326,0.85991424,644.4878701931584,350.04416603425193,0.93194383,595.8858434837435,334.72335439888616,0.28417718,690.3045682903735,417.9312769322489,0.9754603,557.6574803022243,407.3150052900601,0.98097163,747.7761659811933,511.95475612367886,0.90473497,517.409476351139,503.12754131253064,0.9119439,653.862535501609,533.4408572410772,0.90108174,603.4920741477036,534.349876825949,0.88686764,664.3505215099347,585.3982730844069,0.64350975,578.8602485016542,578.6463505549236,0.6550036,645.0678263895343,572.647331588207,0.046752363,557.0683539650224,563.665910000233,0.051695615,683.4850545650563,579.9621578497354,0.0052387416,610.293854135201,578.4657694969567,0.0063399374
676.0,587.8128479185777,340.95292777134296,0.97400355,605.2031644581509,333.2534145071712,0.9711745,587.2351533148476,326.43742956486506,0.86026657,644.5592008183667,350.15329237876483,0.9320855,595.8117227222922,334.6357880073506,0.28412992,690.2296792699353,417.903475344419,0.9753518,557.6692966811473,407.2521506463454,0.980918,747.6769492147055,511.91961972756604,0.90425324,517.4378625377755,503.2790367646439,0.911359,653.5525840694713,533.5186784177135,0.9007578,603.1462775127242,534.283509527451,0.8863604,664.5961623670917,585.3430051616715,0.63806105,579.1705420885629,578.5206239268396,0.64975935,644.8980677912476,572.2075729468136,0.045827776,557.0394850672726,562.980428834343,0.050621152,683.396993754379,579.5851978743384,0.005161971,610.3056184671574,577.6636642231955,0.006242931
677.0,587.8876405107886,341.0360139998718,0.97427803,605.3105411368799,333.345449007173,0.9715212,587.2963445357381,326.4839101666432,0.862215,644.626914149691,350.2299362407133,0.93225145,595.7862481498516,334.6170508756711,0.28618538,690.1631797556389,417.86155240573,0.9753412,557.7035392477037,407.20395999501056,0.9807967,747.5895365419391,511.8608932056054,0.9039576,517.5234122107231,503.29510544663054,0.91049325,653.194508794043,533.5556170530111,0.90057397,603.0759989699818,534.2522924160828,0.8855908,664.6810038084113,585.299673593059,0.6367917,579.3114280844559,578.4449085306596,0.64781404,644.581108191126,571.9193022883297,0.045749128,556.8016833549569,562.6336774095213,0.050385714,683.2388234990389,579.4297179384001,0.0051589906,610.040273342501,577.4065558598988,0.0062235
678.0,587.9212714102448,341.1117229789694,0.9735788,605.3449164506869,333.4235432662631,0.97080576,587.3286514156734,326.5553029423481,0.8579001,644.6526103137046,350.29685224820537,0.9316671,595.809166735603,334.67364553694614,0.28078708,690.1471645999571,417.8227269683646,0.9752035,557.769351133551,407.1480683229116,0.98055094,747.5294323269702,511.8162122194864,0.9049655,517.6729717298842,503.179494295212,0.91034746,652.8967844638628,533.5603947047609,0.90159833,603.2080534028335,534.2419707287868,0.8855412,664.7007622955878,585.1476419998891,0.6408934,579.3565833583136,578.2689956784466,0.6508112,644.2944830310751,571.7065413424222,0.046395183,556.4513285017814,562.4426640169514,0.050839722,683.0766626962234,579.3865059167365,0.005210638,609.6058370334446,577.4301415143135,0.0062595904
679.0,587.9365139158612,341.195012364832,0.97388077,605.3333641721308,333.49995386073374,0.9712093,587.3375561840357,326.6533598085299,0.8590135,644.6351366765132,350.3417580038348,0.93240005,595.8328851857199,334.7737405197737,0.28123966,690.193724227618,417.7951580330662,0.9753769,557.8617125743685,407.0850625852776,0.9807931,747.4972151533211,511.8029494637217,0.9053668,517.8487792176747,502.99255117328596,0.91134787,652.7312046746154,533.545599898211,0.9020194,603.4529232581692,534.2355542408436,0.8865153,664.7700444450252,584.885478779591,0.6442445,579.4236380028751,577.9769880918966,0.6548687,644.1923200165689,571.4946370939886,0.04750666,556.1729394286629,562.2245007600568,0.05215493,683.0127880858447,579.4199012362195,0.0053663254,609.2401517551712,577.5035140646686,0.0064612627
680.0,587.9680977818374,341.28728429665847,0.97354984,605.320541869308,333.56826469609547,0.97065413,587.3407461648324,326.77013729833527,0.85865414,644.6129360385953,350.3344441780814,0.9311626,595.8336364085624,334.884629494037,0.28340685,690.3168661149157,417.7810992827166,0.9751915,557.9749882734877,407.0369473675197,0.9807639,747.5025788655926,511.81561196096993,0.9047669,518.0028877509837,502.78576551051555,0.9118372,652.7205016153441,533.5233657544677,0.90154546,603.6984885467934,534.2239016807399,0.8870212,664.926908487748,584.6248186150403,0.64450884,579.5566071417725,577.6877434902292,0.6559409,644.3140345729407,571.3126831726886,0.047697783,556.0900281117592,561.9907109208498,0.052552044,683.0504102356346,579.5253166249405,0.0053833127,609.1281420625328,577.5661066418143,0.0064930916
681.0,588.0267932165691,341.391655767199,0.97315526,605.3300719250744,333.62835791036923,0.9700252,587.3494450987721,326.8989639244075,0.85728735,644.6346286579652,350.26807413746724,0.9300584,595.8255062607278,334.9842924022362,0.2839827,690.5293451709987,417.78092351240093,0.97516334,558.1196801360395,407.0058912966697,0.9808537,747.5613186829303,511.8425346432326,0.90502536,518.1170192885266,502.56456352507496,0.9129105,652.8471884418161,533.5034715165779,0.9016998,603.8299575527401,534.2107176034125,0.8882137,665.1410688470021,584.4308014315383,0.64745474,579.7324990510726,577.4647964170063,0.65954465,644.5696173179093,571.1900716707091,0.048321366,556.1590178376899,561.7862057966283,0.05344224,683.1108328640544,579.5715182631748,0.0054512024,609.2569811755526,577.5131252525211,0.00659281
682.0,588.0931990360356,341.51306055200087,0.9730636,605.3464947188497,333.6918382813276,0.969826,587.3628493059239,327.03284781846287,0.857123,644.7025007481145,350.1564660618458,0.92955136,595.8393746962621,335.04727893910956,0.28441685,690.8071308158314,417.781785543595,0.9751486,558.3022355938319,406.9634926725639,0.9809556,747.6807765522756,511.87049068960863,0.90497136,518.2061368960937,502.3169217333324,0.9137576,653.0723841803449,533.4946662710953,0.90217376,603.7491700621451,534.1767232749453,0.88947916,665.3610050965522,584.2761613223743,0.64845604,579.9192705474989,577.2706411692114,0.6613131,644.8365902542776,571.1817995820505,0.048696548,556.2652250254968,561.6814441856591,0.054023266,683.1097330913597,579.4427247843277,0.0054984093,609.5067095714976,577.2760373532334,0.0066642165
683.0,588.1321657886024,341.639731768734,0.97311175,605.3238474998241,333.76453602804924,0.969717,587.374873887501,327.1542278065205,0.85778314,644.7561046574879,350.0209674099483,0.92915094,595.9101902549247,335.0483806181736,0.28612366,691.0903050967088,417.77027927254153,0.97526467,558.4946236339688,406.88873732589605,0.98126054,747.8523582908729,511.89551068059905,0.90536535,518.282138773626,502.0611262880907,0.9154681,653.29378960745,533.4908997206417,0.9026332,603.4129996302687,534.0717342878654,0.8913178,665.5422643389136,584.1769730208309,0.6528433,580.0936084213382,577.1219867965322,0.6669462,645.0355073499288,571.4744447996812,0.04983473,556.3733988920962,561.8966883679786,0.055580527,682.9753310891161,579.3027216534558,0.005655229,609.8344171460926,577.0895455244299,0.006879568
684.0,588.1241938016311,341.73971787065364,0.97318566,605.2380848990317,333.82990428255573,0.9698339,587.3822834937816,327.2331876714479,0.8577227,644.7476524581368,349.8823378277948,0.92933977,596.0488962285565,334.9801154315896,0.28606611,691.3325027261136,417.75672423195317,0.9754703,558.6538072719102,406.7957476810748,0.981417,748.0495696291321,511.92011266716634,0.90583885,518.3351071048797,501.83490336935336,0.9158668,653.3884550922323,533.4571976955432,0.90262413,602.9109780367693,533.8732417559232,0.89150584,665.668007078785,584.2095699104871,0.65630543,580.2398050070713,577.1034867656562,0.67034507,645.1258532118788,572.1876982244808,0.050066113,556.4999162628127,562.5758893000441,0.05589789,682.683437097571,579.4244978690094,0.005646318,610.2588626477825,577.2615640738732,0.0068776608
685.0,588.0879569581712,341.7809612610729,0.9716572,605.1317406100793,333.85428998671796,0.96806675,587.3896759060005,327.24275456462226,0.8499721,644.7229621543861,349.7503121305309,0.9273251,596.2225144728098,334.8550373163135,0.2800699,691.525307770244,417.7460017113076,0.9748688,558.7747698098934,406.7045583772889,0.9808756,748.2303168518984,511.92242979624245,0.9049331,518.3600446403069,501.65676588426015,0.91459453,653.3761464202553,533.3530953884623,0.90177256,602.4428747024848,533.5994344074488,0.89011747,665.7597062304361,584.3309402836162,0.65227157,580.3641516704669,577.1805614024242,0.6659631,645.1393507010355,573.0597605724382,0.048092097,556.6311387429411,563.4439820466823,0.053658873,682.3472097745773,579.7202299909738,0.005327791,610.6910297081258,577.649608213548,0.0064831376
686.0,588.0597389254947,341.734936208574,0.97161186,605.075076250731,333.80035176657566,0.9679469,587.4099753134292,327.1628967938042,0.85029566,644.7797887459565,349.6215043500348,0.92673504,596.399112691383,334.6893037898397,0.28076714,691.6795043784988,417.70407635767486,0.974723,558.8919692586292,406.6162039386552,0.9807466,748.3681632279024,511.8551206330906,0.90454304,518.3819293280928,501.5401117614181,0.914367,653.4081876320654,533.1812171626399,0.9017838,602.2103765294426,533.2766050427349,0.8903154,665.8663883721997,584.3734467642257,0.6508881,580.5046567628156,577.205239656226,0.66464275,645.193848904973,573.6023795486478,0.047995776,556.7872927278657,564.0156089629572,0.053564698,682.1650685617228,579.7434841186985,0.005324036,610.9958159304151,577.7574334826786,0.0064775944
687.0,588.0683466753021,341.5550560784295,0.97226757,605.1002842950545,333.6202769526915,0.9688405,587.4636391313793,326.96276373083475,0.8525088,644.9477674565599,349.47036486798305,0.92807686,596.5889514617238,334.48820849124786,0.28087786,691.8049222898587,417.5945982443942,0.9750993,559.0270991759713,406.541625615995,0.9810796,748.488571430488,511.6783804452922,0.90558565,518.4369424481864,501.4914942191199,0.9153959,653.5781587796785,532.9736739488324,0.9028611,602.3197024064646,532.9256695407485,0.89160264,666.0365952656779,584.2533604749079,0.6585479,580.7071905011913,577.1281617381414,0.6723221,645.4109674537935,573.5137238484527,0.04996717,557.0663822795408,564.0561127148516,0.055775315,682.2754186243906,579.198762134827,0.0055597723,611.2105605069692,577.3587570879463,0.0067736506
688.0,588.1319766522982,341.20516324454974,0.97169006,605.1966322747869,333.27872793631957,0.968395,587.5645441232922,326.6183563503193,0.8484066,645.1519320625764,349.26461657256357,0.92838275,596.7957063795953,334.25559577923036,0.275622,691.9003989428027,417.4291892355777,0.9747577,559.1674536383043,406.5139849545261,0.9806657,748.645369053062,511.3790129811431,0.90431106,518.534404242034,501.4781090079674,0.9130028,653.8535441464953,532.7354922145921,0.9012008,602.7276626130033,532.5686481751243,0.8885975,666.3043778818738,584.0181946534408,0.6495545,581.0006319306988,577.0112867348022,0.66249895,645.8605695342005,572.7907358403941,0.047448993,557.5275486418833,563.5953752260226,0.05280611,682.7675424657162,578.2378361513421,0.005272895,611.4751198605461,576.662518939502,0.0064072013
689.0,588.2389581445144,340.72587449329023,0.9726784,605.3273335589938,332.81159584432135,0.9693734,587.6906321861054,326.16171507104957,0.8536519,645.2896584211825,349.01174547564204,0.9289213,596.9674515279696,334.0074650217808,0.2798732,691.9579965296921,417.2581457699051,0.9748771,559.2801050256852,406.5469189375942,0.9809815,748.8606392235166,510.99762733481657,0.90460646,518.6537906507704,501.4623812356131,0.91441107,654.1343368147327,532.4657860131739,0.9025786,603.2780657435148,532.2490246230061,0.8911845,666.6729889555966,583.7541346518833,0.65052533,581.373207655692,576.9038401743242,0.66449344,646.5121844407536,571.7046670397979,0.0483194,558.0845684786844,562.8069463894085,0.053996325,683.642428567174,577.2994842548563,0.0054011643,611.8068994910059,575.9950441801171,0.0065819323
690.0,588.3393805846431,340.23493596379075,0.97220445,605.4452423465725,332.33185037896504,0.9687288,587.7911670345073,325.6851851128935,0.849792,645.3305320341506,348.7632388262863,0.92898214,597.0464043264121,333.7574168060811,0.27648604,691.972977038092,417.1244823201623,0.9752568,559.3324417401957,406.6052354090083,0.9812113,749.0933804935603,510.6443443045322,0.9067599,518.7709908626518,501.46202102033374,0.9156494,654.3228047409418,532.2157286835211,0.9045794,603.8015511445184,532.0230654121419,0.8927697,667.0858140261414,583.5821017684739,0.65549517,581.7600887231445,576.8650178307777,0.6686076,647.1805422261589,570.763312673922,0.049693495,558.5652781117756,562.068560288801,0.05536118,684.6661047309859,576.7863596610455,0.0055663288,612.1078160526914,575.6163503841224,0.006774962
691.0,588.3922076505746,339.8481007180736,0.9735932,605.5265631621244,331.96131975217577,0.970466,587.8497785896509,325.28264217960634,0.8566362,645.3320814752169,348.58007991557946,0.9313526,597.0619839054531,333.49957247474464,0.28160077,691.950493370671,417.04381286060647,0.97582984,559.3221633954392,406.63197435935103,0.9816071,749.2737130033652,510.41431656528835,0.90718114,518.8687475648902,501.52013665619364,0.9157046,654.4001718878428,532.0430707427524,0.90480566,604.178759491539,531.9009891510866,0.89266396,667.45585561828,583.6101399359375,0.65871537,582.0920243247654,576.9652290272329,0.6715374,647.6689153711245,570.3392476766961,0.05057934,558.8769837114811,561.7159656950187,0.05625269,685.4948075634019,576.7719685142124,0.005666524,612.3275463472831,575.5980314422709,0.0068933666
692.0,588.4006008843061,339.6072716641003,0.97388023,605.5753707190316,331.75866737323463,0.9708836,587.9080883438169,324.9943680195046,0.8574213,645.3492667764373,348.5073833227069,0.93198675,597.129414654959,333.23172913045335,0.28051388,691.918711784962,417.012668855078,0.9757557,559.27356412471,406.6008799736422,0.98154473,749.3750976168817,510.2905699859333,0.90696156,518.9353272357698,501.64207577614127,0.9152484,654.4379960273759,531.9369297414349,0.90470237,604.3489641396718,531.8211664738359,0.8921999,667.744172630501,583.800861118213,0.6571155,582.3431551238752,577.1701505779836,0.66992414,647.9977237763478,570.2925965277045,0.049808413,559.0800189586191,561.6518753859477,0.05535528,685.9527898861297,576.9413872911972,0.0055446923,612.5245092521432,575.7078116131681,0.0067436695
693.0,588.3890111195176,339.49071831105084,0.9734578,605.6020505089383,331.71081713419414,0.9701961,588.0022527160352,324.8188337331163,0.8558191,645.3826763024998,348.5609523891767,0.9305027,597.316871904217,332.9930970546178,0.2805704,691.9196497229894,417.0134990713641,0.9755392,559.2072927986774,406.5317203538001,0.9814367,749.4301671258405,510.1949868876844,0.90662575,518.9707237403966,501.7976526592637,0.9154881,654.5041066135057,531.8519112489366,0.90484,604.3199994938448,531.7096617324536,0.8929417,667.976534642878,583.981793158336,0.6537961,582.5180004373628,577.332382825914,0.6670255,648.3351354271451,570.1905095523,0.049297214,559.2568154348738,561.491690097309,0.05491525,686.0977040329343,576.9202667572594,0.005507052,612.7181161429583,575.6153531727234,0.006706387
694.0,588.3790743676748,339.4517973486003,0.97228235,605.6252075990144,331.75914353778023,0.96898305,588.1204670298217,324.7381471203883,0.84912574,645.4264394757693,348.7195600555175,0.92953503,597.5698418515201,332.8500144151353,0.27474192,691.974951142993,417.02343933101497,0.97517955,559.1515182996782,406.45222276913057,0.9809977,749.4829438798234,510.09821757288466,0.9060929,518.9901164775331,501.93101341006957,0.91383207,654.5940408557362,531.7563162631933,0.9034103,604.1945257825089,531.5351066159641,0.8905015,668.1769701140086,583.9833774628737,0.6516855,582.6208183690835,577.2983330837723,0.6638828,648.7331351018609,569.7102185763949,0.04834789,559.3615498183864,560.9257938093053,0.053680807,686.1249785317568,576.5733901666399,0.0053791106,612.7512461498388,575.165168202858,0.0065375566
695.0,588.3874092484355,339.4252136116102,0.9729986,605.6742461542458,331.8188202197787,0.9698101,588.2346616473792,324.70638681922793,0.853373,645.5009016376065,348.93399174252477,0.93043655,597.7937174326094,332.8345983620919,0.27978036,692.0786132459392,417.03090431959157,0.9756841,559.15441011352,406.367337833138,0.98133814,749.5623379138304,510.0291489635996,0.9067519,519.0145607255123,501.9717763929549,0.91420007,654.6702309051789,531.6246047360252,0.90355694,604.1417945610426,531.3022975677299,0.89057606,668.350229922428,583.7253313907368,0.65430504,582.6706545912305,576.9851915228878,0.666291,649.1039559060849,568.7246211685422,0.049657106,559.2926379064277,559.8115518094526,0.055040956,686.284772380943,575.9644952451849,0.0055935085,612.4460396218932,574.381089453549,0.0067911446
696.0,588.4281068398684,339.35686727310394,0.9720776,605.7808703705925,331.826061798851,0.9686223,588.3332632624208,324.66275058458143,0.84869945,645.6299940774063,349.15786069411257,0.9287977,597.9232141503705,332.9057675381947,0.27561206,692.2022407168124,417.0348074454248,0.9751373,559.2452100300994,406.26042834893093,0.9810938,749.6908081840566,510.01628846188896,0.90647984,519.0549138173982,501.8937810518817,0.91512847,654.7219704702957,531.4593495251452,0.90399456,604.2295528205802,531.0384827428206,0.89200395,668.5410070912448,583.2392415673371,0.6529687,582.7483063781671,576.4139161145879,0.6660046,649.3921836780171,567.3384543357724,0.049230903,559.0780535940363,558.2181213837591,0.054815948,686.786548844992,575.2667490668418,0.0055296123,611.832392158593,573.3847043294473,0.006733358
697.0,588.51794893838,339.2646491791768,0.97299695,605.9729983562682,331.79551219301993,0.9700458,588.4208375692991,324.59089308744205,0.851688,645.8231939575165,349.3628642190928,0.9318526,597.9141484838282,332.97339336510686,0.27481353,692.2900483461841,417.0236035900679,0.97555494,559.4058315340856,406.0979367997102,0.98132426,749.8737089688666,510.0455090876488,0.90691805,519.1083491986014,501.7338393622475,0.9146261,654.804887260045,531.317843865386,0.904297,604.3224940265247,530.7927155410991,0.89129925,668.8021504858599,582.668113189073,0.6539926,582.9505074321701,575.7192883769358,0.6665563,649.6125908950688,565.9655702765916,0.050687402,558.8811631195658,556.5177460960197,0.05623269,687.6476015347685,574.7244590534387,0.0057788193,611.1007092940299,572.3624118249174,0.0070266128
698.0,588.6633634587831,339.2245295565207,0.9741241,606.2491520354957,331.7978743959229,0.97123367,588.5055328664924,324.53703489462737,0.8580625,646.0740945210907,349.53545660788484,0.9327455,597.7691531610127,332.97956258300957,0.28080457,692.2916046540643,416.9740404406929,0.9758529,559.5879467580824,405.8622394213685,0.9817713,750.0759251489096,510.0640126024414,0.90739,519.1687295669522,501.5437234500393,0.9163946,655.0073210275829,531.266019724573,0.9053794,604.2633378304226,530.613854288926,0.8937106,669.0847520270631,582.1957290771496,0.65482366,583.254152518758,575.0989751876095,0.66892886,649.7735284149667,565.0997646681087,0.051609308,558.8333263469733,555.2322280385955,0.05748135,688.6268214649764,574.472974997786,0.005911231,610.4087676822949,571.4925514260389,0.0072149932
699.0,588.8444374628435,339.29452681715594,0.97456694,606.566880000715,331.88750196741535,0.9715617,588.5878811957632,324.56087831689933,0.8608802,646.361617473747,349.6843727352113,0.9324504,597.5495961358122,332.95041429303035,0.28368545,692.2112155036367,416.87887867274026,0.97598124,559.741922466508,405.5908849942371,0.9819682,750.2468347048314,510.03126091529913,0.90812194,519.2309872075441,501.36595963114246,0.9178529,655.2933724049099,531.313923677227,0.90604365,604.0514064121373,530.5083703175047,0.8953594,669.2714976260481,581.9066779010825,0.6597725,583.5213250952279,574.6739385972393,0.6742996,649.842154173861,564.8577770597665,0.05200669,558.9168577469228,554.5922701189365,0.058124363,689.3937790202506,574.3743406141433,0.00591141,609.8024640797944,570.8038949491604,0.0072328746
700.0,589.0278027575764,339.47458264623504,0.97521806,606.8712569747868,332.0647911685717,0.9725069,588.6611238122485,324.6832218407311,0.8639248,646.6582074447211,349.8255663573297,0.93404436,597.3283048366635,332.94860056383345,0.2853404,692.1109805857675,416.7621196285404,0.9762628,559.855222533195,405.355753103592,0.98203486,750.3700409156861,509.9566860774544,0.90811384,519.2902432833557,501.2281588893262,0.9168814,655.488136352518,531.4126542267591,0.90545666,603.7889651603616,530.4369404575475,0.89381707,669.3424292281709,581.7387047485165,0.65868443,583.6855741585362,574.4103454629676,0.67238176,649.8047680747671,564.923751954704,0.051895708,559.0155213128203,554.3816711929055,0.057768673,689.8250875323893,574.1904211720778,0.005937308,609.2757675173518,570.2028755156979,0.0072466135
701.0,589.179460706572,339.68809171793015,0.975677,607.1088625610373,332.2563120356888,0.97297764,588.7206737822285,324.8521851857479,0.8673246,646.9320051063811,349.9377674988927,0.9340891,597.1808041527057,332.9989806461567,0.28945953,692.0793474606643,416.66486896043904,0.97639406,559.971517587177,405.21670733332655,0.9821544,750.4655129058544,509.8844429005104,0.9085922,519.3429340112828,501.1309160605688,0.9173819,655.5200596389163,531.5020783709653,0.90595627,603.5867127597438,530.3608823432029,0.89443374,669.3991399827695,581.5708501520683,0.660576,583.809959348441,574.1953668166107,0.67421573,649.7471648251935,564.9238871376385,0.052261233,559.0213516019177,554.257924883233,0.058133096,690.087363162459,573.844187989819,0.005990356,608.8247342036775,569.6558835071388,0.007304102
702.0,589.2710117226817,339.79757300350497,0.97582465,607.2367562812717,332.3321107050445,0.97327626,588.7670082997129,324.95000925017473,0.8683834,647.1433909803927,349.9586796896214,0.9341962,597.1706613486276,333.0620835670252,0.28960064,692.1718563980858,416.61390375520153,0.9759753,560.1415853075674,405.18574977339665,0.9818679,750.5677908284404,509.8617926748571,0.9073553,519.3965691329832,501.05893182619513,0.91642743,655.5257018156851,531.5569515275957,0.90548927,603.5255406544234,530.2802057636582,0.89408135,669.4976689350353,581.2924268183817,0.6530069,583.9307041436231,573.906356395283,0.66716844,649.7592056070582,564.6612806024722,0.050395906,558.8248881602435,553.9906008873897,0.056133837,690.4070281611637,573.3964271648631,0.0057762265,608.382353563622,569.1743657543781,0.0070486367
703.0,589.3034071596774,339.722155752332,0.9754485,607.2639352900097,332.22016307145475,0.97290194,588.8020633578158,324.8903283549022,0.8657657,647.2703196337012,349.849242858107,0.9341648,597.272311945315,333.065082044696,0.28674036,692.3531441269702,416.60214762243515,0.9759636,560.3539616878834,405.2102150659724,0.98178303,750.7074899876429,509.91537982296705,0.9072128,519.4704984241637,501.002717327063,0.915887,655.638018247676,531.5937905611083,0.90494853,603.6215688536777,530.2284010528439,0.8931339,669.5572954343336,580.8720902795121,0.65374804,583.973592290576,573.4760508423508,0.66749626,649.7674700378424,564.1697617198132,0.05084318,558.3192548953481,553.5152564776857,0.056561083,690.8246081535558,572.9501611541064,0.005841404,607.820860397291,568.7293662888574,0.0071233213
704.0,589.3135682539807,339.52870437597034,0.9765724,607.2574027724636,331.99295951201395,0.9744183,588.8293604513397,324.70842619657014,0.86824715,647.3312118262381,349.64833768751436,0.93768466,597.3734662666203,332.9667354364038,0.28357077,692.5253041979078,416.59933142866487,0.97710294,560.5358562291689,405.2047063216114,0.9826484,750.8770639139993,510.02896311667496,0.9110729,519.5682296165548,500.9608875554762,0.918602,655.8083274699063,531.6381392216713,0.90883195,603.8389412811019,530.2490884416102,0.89628875,669.4757759202507,580.4453405185651,0.67502594,583.8635269038866,573.001616932462,0.68781954,649.610915675847,563.7195962731001,0.057305068,557.5723864751759,552.9889320759165,0.063391,691.1693135553951,572.6903297676014,0.006624818,607.1619363597147,568.3572851539057,0.008062512
705.0,589.3356578341201,339.3417831655434,0.97691405,607.2753853133263,331.77961096455664,0.97483766,588.852529880581,324.5068418784311,0.8708302,647.3595879447946,349.44194566652163,0.93800664,597.3930370542224,332.79521978819025,0.28652734,692.6225604835208,416.57783529943936,0.9769769,560.6372045501428,405.11664542613585,0.98247874,751.0282327289327,510.14406789348334,0.9097549,519.6676108579491,500.92090909616206,0.9171587,655.9224222036712,531.7046609687361,0.9077827,604.1279354451045,530.3827868892142,0.8947537,669.2686796820658,580.1872678951479,0.66671413,583.6400214032795,572.6500539538451,0.6794024,649.264734793797,563.5866166043363,0.055042505,556.8419564979263,552.6424839333132,0.06083262,691.285214869371,572.8069775030725,0.0063644946,606.5861164439427,568.1819582993726,0.007735312
706.0,589.3718086795019,339.2136023043457,0.97684336,607.3180107088453,331.6310086946294,0.9747116,588.8667609118354,324.34985630412365,0.87067586,647.3744403322987,349.27847967134255,0.9378463,597.337981283183,332.62577543671557,0.28747135,692.6542261303939,416.52845160796915,0.9770559,560.6977506104804,404.9625771263111,0.98247635,751.1202463919362,510.20916712523206,0.9097738,519.7454491956818,500.8474472041347,0.9170606,655.981524892662,531.8203316310445,0.9074224,604.4363567053199,530.6584437209831,0.8942455,669.0478759293626,580.0634984344294,0.666905,583.4294447733353,572.4121549942473,0.6793365,648.8595982930779,563.7707657927361,0.054971963,556.3042512027878,552.5263007129707,0.060723037,691.2609601237245,573.2559887816483,0.0063422024,606.1622860458601,568.2101553894372,0.007705778
707.0,589.4072497891418,339.1201329365754,0.97710115,607.3491241275597,331.5094537628212,0.9750904,588.8566233364759,324.24310114876687,0.8723948,647.3776625142566,349.12567885766197,0.938106,597.244865781072,332.52070233333046,0.28833517,692.6673587033151,416.45069270296744,0.9768349,560.7908538657754,404.8042306071271,0.98220575,751.1485229440393,510.2146241900447,0.90899575,519.7850513903347,500.71401509682624,0.9159008,656.0759575763461,532.0280157125949,0.9069984,604.7426221294156,531.071769232654,0.89322805,668.8958761317549,579.9029718383767,0.6606293,583.3240345935873,572.1583486189711,0.67275405,648.5125128348459,564.1125190397039,0.053224146,555.9645412203379,552.5876424060082,0.058657587,691.2835173990944,573.8039474589397,0.0061225593,605.8510995172967,568.3321192732852,0.0074257553
708.0,589.4328285344004,339.0338122506635,0.97729504,607.3388476549171,331.37416280733163,0.97544026,588.813004998668,324.17737740833866,0.8720189,647.3595340225975,348.9264754030911,0.9392561,597.1402194296093,332.49540766972535,0.2857552,692.6979643508776,416.3400630826628,0.97730255,560.927761622509,404.70019572900196,0.98246354,751.1344766844823,510.1663258822168,0.91084635,519.7743547612353,500.54692949058807,0.9168179,656.2536029204125,532.3182795356906,0.9082304,605.0753505636919,531.5379915042529,0.89373446,668.8004525074614,579.694091716979,0.672393,583.3074763990725,571.9162505294054,0.68351513,648.2418046003556,564.5814104134346,0.056907803,555.825178098645,552.8985709330832,0.062417686,691.3315433984926,574.3449050085442,0.006595969,605.71526658894,568.564702510736,0.007980436
709.0,589.4500580841134,338.96440672607594,0.97737837,607.2812998915979,331.24005367137147,0.97549057,588.752795638263,324.15872836212657,0.8730824,647.3066272636212,348.6816432819297,0.9390282,597.0648039019591,332.5340042616523,0.28698784,692.7520177557589,416.1898765855391,0.9770878,561.0698962897819,404.6639456409217,0.9824197,751.1035114707075,510.06188080373244,0.9099285,519.7304828935158,500.40640556380015,0.916878,656.4782568273602,532.5954025851552,0.90773094,605.4654382001365,531.9147036855175,0.89404666,668.7058346627059,579.5905099118427,0.67033195,583.3083657616233,571.8544297769638,0.6822954,648.0370248814841,565.2170995743318,0.055879474,555.9452584932242,553.5424498814359,0.061514676,691.2279258547411,574.8991878241266,0.0064263046,605.8824583722068,568.9920616761563,0.0077933967
710.0,589.4661784460143,338.9246021818088,0.97681683,607.1917623316749,331.14144212174983,0.97471094,588.7094340410428,324.18396365964986,0.87086576,647.2165387850825,348.44238024807066,0.9376552,597.067230488919,332.6040124682755,0.2869098,692.8162195052334,416.0000581193983,0.9769051,561.1995159100771,404.65475148098034,0.9822923,751.0726596111103,509.8967841215799,0.90951616,519.6973584509984,500.3170675636777,0.9169357,656.7204952869101,532.7630246396908,0.90735495,605.8738308542285,532.1212251726961,0.89412993,668.602683708925,579.6506118225352,0.66991866,583.3086224862249,572.0100539865977,0.68200326,647.932976722445,565.9220907812272,0.05540815,556.3580446491452,554.3786748105681,0.061127096,690.9268000878246,575.3607493485772,0.006342441,606.3869388040537,569.4762741153688,0.0076957643
711.0,589.4882406191497,338.89139498970826,0.9762045,607.1011753380001,331.07339550134253,0.9739225,588.699316128072,324.2156836231245,0.8677434,647.1123335801885,348.24196062182455,0.9364823,597.1406655914323,332.66038160474477,0.28447258,692.8812849678895,415.7943930386461,0.9766207,561.3157564827176,404.6303350229619,0.9822179,751.0529197826238,509.6766424012312,0.90948075,519.69158787271,500.2518713430264,0.91770995,657.0342114069947,532.8163063765369,0.9073887,606.1964365316801,532.189454328968,0.8949549,668.5345046466134,579.7809813618826,0.6692083,583.3459740374353,572.247806863769,0.6820233,647.9511678713151,566.5680690127409,0.054584295,557.0030471594795,555.1782838826628,0.060461223,690.5293256155082,575.5860677993778,0.006210327,607.1500668805022,569.7589251868138,0.0075572133
712.0,589.5147378802181,338.83555944960585,0.97537863,607.0377594908963,331.00783772291345,0.9728392,588.7069669352517,324.21361703393677,0.86369336,647.0256826620935,348.07960664747156,0.9347008,597.2118649913257,332.66721237038723,0.28165287,692.9466533482098,415.6230439416546,0.97618604,561.3921502033648,404.5914147764921,0.98196256,751.0522553976549,509.44048468381027,0.9087202,519.690627278892,500.19027251904515,0.9177029,657.4645576288559,532.8357380761055,0.9068148,606.3830714586574,532.2080981053816,0.89516795,668.5188956944486,579.8973546086099,0.66489697,583.4178383213228,572.4436552918241,0.6783235,648.0111126259881,567.1664621623829,0.052845925,557.7027995817391,555.855958001759,0.058770955,690.0849828404967,575.6509041087834,0.005979985,608.0064086988567,569.7906942383157,0.0072960258
713.0,589.5264914239608,338.7724467277434,0.97517055,606.9964598067992,330.9510468396371,0.9723369,588.7033886585978,324.17725848392763,0.86367184,646.9570221515321,347.95906477176277,0.9336684,597.2208626415463,332.61344562196007,0.28453174,693.0070131692235,415.529075229848,0.97628546,561.397549809174,404.5477860782282,0.9822664,751.0768344271271,509.26047885003175,0.90885824,519.6741081919619,500.1518783665131,0.91925323,657.9254842174747,532.9078304737213,0.9066301,606.5101721033316,532.2506921963254,0.89646864,668.5216603671586,579.9951216821195,0.66954786,583.4706391044892,572.5610641462255,0.6840707,647.9831472886344,567.765801930458,0.053474873,558.245385608412,556.3904007085264,0.059835583,689.574954695412,575.762444967353,0.0060293376,608.7747349287231,569.688771382024,0.007384926
714.0,589.495870133019,338.74733692069776,0.9752381,606.9366815465784,330.94205994751906,0.9721964,588.6738930885133,324.1362892614278,0.8647858,646.8699278024465,347.8947829198295,0.93329406,597.1877185468869,332.50297236077427,0.28798243,693.054149340748,415.51355672670906,0.9763837,561.3406150753173,404.4821857947055,0.98262465,751.1288074035281,509.18555787807134,0.9084624,519.6367427650209,500.1625780679544,0.9207703,658.2719189045947,533.0467904923478,0.9060395,606.6738437105695,532.3233138876371,0.89760584,668.5270984658637,580.0945746893715,0.67062306,583.4953502621875,572.607784802593,0.6869666,647.8468801576801,568.3011084659378,0.053420752,558.5668683622722,556.6946357711454,0.060250998,689.0410691523316,575.9700292926755,0.006005496,609.4255129893161,569.4810349130368,0.0073969364
715.0,589.422163871998,338.7739605450147,0.97548854,606.8342284855873,330.9939205640127,0.97249615,588.6337438439472,324.11016947053383,0.8665329,646.7412512742601,347.8819730691291,0.9333526,597.1798758892725,332.3514106842824,0.28962335,693.0861151726035,415.53638401918727,0.9762499,561.257522695053,404.3811804012033,0.9825622,751.193696125931,509.1936192431822,0.9074896,519.5718138669621,500.21795778987735,0.92042714,658.4410444654902,533.1922468621028,0.90562415,606.8472970373782,532.3596510088007,0.89757925,668.5680883995636,580.1724573698447,0.6661264,583.5459979506372,572.5888254886826,0.6831126,647.7202109700736,568.608587038018,0.052304924,558.7750294841551,556.6801263224181,0.0591487,688.583500224735,576.0995445727013,0.005879581,610.0529077632315,569.1017228452645,0.0072557926
716.0,589.3460256301821,338.8332112434233,0.97425973,606.7302612952849,331.08069195977043,0.9709619,588.6072474613309,324.1039130359817,0.8597318,646.6093486234054,347.8968829086787,0.93158126,597.203094754964,332.1945329328252,0.28460056,693.0904008978252,415.55291088405204,0.97598326,561.1662551155202,404.2724614303612,0.9824707,751.2359953891762,509.21262234907806,0.9072474,519.4665375195026,500.2855887075374,0.9209577,658.4395387712093,533.279204560318,0.90487736,606.9239619841389,532.2802266956955,0.8977589,668.6565086789498,580.1798809374975,0.66678274,583.6470712274574,572.5083930090468,0.68449277,647.6725922654567,568.5714267321923,0.052250534,558.9426695080663,556.3658821375883,0.059358746,688.2568856339283,576.0139632419416,0.005859554,610.616629905496,568.5933224252178,0.007261008
717.0,589.3035096983959,338.92373802761404,0.9746629,606.6953057340525,331.18772320762434,0.97155976,588.58625799024,324.126588805267,0.86154896,646.5359941091415,347.94243911310065,0.93260205,597.1534402464338,332.0712754309469,0.28634387,693.0167825581318,415.5478015658512,0.9763471,561.050719886119,404.18838416641734,0.9825808,751.2368491703864,509.1672680612593,0.9077308,519.3169668793577,500.3214353791408,0.92024124,658.3158160777357,533.2945027944056,0.90495133,606.8871832148501,532.0773640871921,0.8968227,668.7581402489805,580.1081946969296,0.66817635,583.7726171467943,572.3804441743272,0.6848006,647.6270388044616,568.2941863829692,0.05304894,559.026426683682,555.9008893727976,0.059946835,688.0981542747684,575.9152730485529,0.0059933662,610.902169986337,568.1961443045873,0.0073981285
718.0,589.2807711742137,339.0692649321717,0.97495043,606.7542792954293,331.3387798076389,0.97177416,588.5301727227013,324.1839910374944,0.8637569,646.5255295163884,348.0751450101617,0.9325113,596.9060875945008,331.98951934917574,0.2893245,692.7925002288341,415.5257085350189,0.976248,560.8843862333372,404.09623997833376,0.9826939,751.2196919931532,509.0031773327096,0.90699077,519.1445850936389,500.28643801498123,0.92070806,658.1892513168913,533.2809304176084,0.90497816,606.8737359727302,531.858822361538,0.89787614,668.8611742823954,579.9781473331064,0.6641947,583.9239412062122,572.188639204966,0.6821939,647.4904647546646,568.1067952101785,0.052646637,559.0076301082601,555.4809137398296,0.059765905,688.1990911996236,576.3217280085354,0.0059776604,610.7542234844655,568.213565261712,0.007399231
719.0,589.2465580900536,339.283743920705,0.97543025,606.8817798662616,331.56027034853827,0.97232115,588.4178747435778,324.2689007825255,0.8663901,646.5364305752228,348.3365427050402,0.9330493,596.4380235720618,331.92121706711134,0.29230705,692.4022236688993,415.4876981401634,0.97661906,560.6621278814782,403.922506661562,0.9828965,751.2067301716121,508.7256095562576,0.9081131,518.9872431368393,500.1777625380864,0.9211064,658.1510879126002,533.2946647579655,0.9058873,607.0373742692611,531.7713893179667,0.8984294,668.9812175027239,579.8221083063362,0.66937363,584.1196823269961,571.9109501710441,0.68651605,647.2363370546838,568.2760916705403,0.05395156,558.9300459201447,555.2009605621752,0.061065316,688.5645819531776,577.5828777189765,0.006125748,610.2337992428704,568.7463026963056,0.0075660944
720.0,589.2133257092621,339.5413667421223,0.9779167,607.0411972790873,331.82721793535586,0.9754655,588.2887584708884,324.37087767467574,0.8800165,646.5515914128501,348.65180687070574,0.937342,595.8798878432317,331.8400704438084,0.3042209,691.956638908139,415.43094330456745,0.9769813,560.4195626224488,403.66330868101875,0.98335785,751.1867643428351,508.4339336563116,0.9063628,518.8683676278313,500.0481758308503,0.9213872,658.1520818609669,533.3490893331486,0.90388834,607.3542593665784,531.845830543792,0.8977406,669.0820464637465,579.7017849573353,0.66870254,584.301426564489,571.614912747078,0.68811285,646.8826644204614,568.7077207191054,0.054409653,558.8125655317116,555.0106981980325,0.06201625,688.9546055098838,579.3208564138473,0.006184101,609.5918500068767,569.5070425946817,0.007696271
721.0,589.2226459530492,339.78207108241077,0.9775724,607.1966633478723,332.06450320141187,0.9749316,588.2041931850318,324.4845558873943,0.87951285,646.5825214832017,348.8738652627227,0.9356114,595.4232105550194,331.7699757692622,0.30619508,691.6208386189501,415.35309684369446,0.976763,560.2200297011947,403.4145444603645,0.9830075,751.1408944536522,508.24048927627206,0.905954,518.7801633553368,499.9537845147394,0.9201502,658.0836980357751,533.401046566891,0.90378284,607.6266006935632,531.9680442174867,0.89689827,669.0886941048673,579.6484025014192,0.6631368,584.3625313116253,571.4098846366576,0.6815243,646.5044536441559,569.0755823383935,0.05357927,558.649020799469,554.855406624002,0.060766578,689.0996160531545,580.6655465617177,0.0061136484,609.0715834678269,570.0450395300029,0.0075734854
722.0,589.2828375213655,339.9492889929322,0.97755015,607.3206069356954,332.2044493773707,0.9748719,588.1765881976132,324.59736691229966,0.8795659,646.6293334828399,348.93189838651926,0.93560064,595.1467432783576,331.76344605559336,0.30660015,691.4544747782707,415.25274010018467,0.976827,560.1039666093094,403.2731967554755,0.9831774,751.0667450893637,508.15063948985625,0.9061322,518.7003503115375,499.8903603034449,0.9211096,657.9044871509936,533.3717329762654,0.9038385,607.6705724984238,532.0066595318576,0.89769405,668.9980187037472,579.6187022435687,0.66580296,584.289228874822,571.3254870678863,0.6848705,646.2192341457708,569.2230031133447,0.053886265,558.4556410395084,554.8004464446876,0.061318308,689.056254373522,581.1888002417555,0.006151736,608.71293548979,570.2532087830976,0.0076371133
723.0,589.3662828341367,340.01724751503286,0.9774122,607.4097153228591,332.2226035217113,0.9747833,588.1742667457968,324.6777393575203,0.8790332,646.6780283190928,348.84738298364914,0.93557966,594.9892507069617,331.8156996857707,0.30656892,691.3864133372053,415.1303817723762,0.976876,560.061750864092,403.2496203152433,0.9830377,750.9720876865606,508.0964401836337,0.9061979,518.617929499275,499.81952337131827,0.92006516,657.6303768995185,533.1942905177123,0.90372896,607.4300281012306,531.9077260570705,0.8965664,668.8717316618086,579.5770024196358,0.6648962,584.1626303545346,571.3316668916057,0.6828474,646.0807357060877,569.2712608129447,0.05427921,558.2446314100719,554.9663194734584,0.06142986,689.1009268993232,581.2006174341041,0.006242484,608.4143281482109,570.4325667248277,0.0077166557
724.0,589.4515998125329,339.99730680164237,0.97803104,607.4770850614885,332.1324348294901,0.9756333,588.1683081781962,324.7007681551559,0.88157874,646.7184610616487,348.6443118675374,0.9369444,594.8579646297461,331.86113359963315,0.30653232,691.3367842156782,414.99508485472313,0.9770354,560.0618806752403,403.28890211448265,0.98303264,750.8536785415406,508.0498244293582,0.9073509,518.5309132588674,499.7174623205247,0.9198576,657.2664102511312,532.8814650571295,0.9051048,606.9717314548159,531.7074398252734,0.89675725,668.7228171518777,579.5355199554483,0.6674242,584.0262012397889,571.3915058643679,0.68416536,645.997989193753,569.3665011683304,0.054228514,557.9860145084656,555.3481456783993,0.06104788,689.2994204852946,581.1569577833508,0.00618127,608.1158139476058,570.8224670755787,0.00761351
725.0,589.538694548449,339.9374522412735,0.9781282,607.5391827212759,331.9809561595348,0.9757801,588.1456333689082,324.681672317411,0.88188195,646.7489025191438,348.3399169174828,0.93724257,594.683483330133,331.85108304318925,0.30652416,691.2829440883803,414.87425586775987,0.9771546,560.0702746803202,403.3406299926308,0.98301727,750.6988056778742,508.0307587934211,0.9076617,518.4372615529217,499.579339311977,0.9194063,656.8184495651442,532.5303407030949,0.9053976,606.4364381705236,531.5159831275901,0.89634275,668.520947408512,579.5233983948963,0.66857743,583.8631764394797,571.4754317711295,0.68452567,645.8360215047724,569.5289171385792,0.054559827,557.660261637473,555.7933640399727,0.061208308,689.4556309746192,581.2519962664627,0.006205499,607.8576850152112,571.3683734736217,0.007622838
726.0,589.6383779924381,339.8978592297909,0.97835904,607.6188537646024,331.8341402275367,0.9761491,588.1073057420083,324.66023623795786,0.8829323,646.7789259426409,347.98461662829607,0.93782264,594.425479187862,331.78118617832877,0.30630013,691.2232311844148,414.7929906094323,0.97710204,560.0556520144195,403.37561732101733,0.9828099,750.5180217036846,508.0448993231788,0.90748507,518.3504802877964,499.41439642509727,0.91812205,656.3631116596796,532.2471549661581,0.9059432,605.974961615353,531.4537997390845,0.8956931,668.2820676660101,579.5745804381816,0.66459227,583.6770165354422,571.5812777561736,0.6796286,645.5818403612059,569.7675610512317,0.054249406,557.3095871649184,556.1937407424457,0.06052217,689.4567490037975,581.5197622562052,0.00619787,607.68389966727,571.928829909566,0.0075781643
727.0,589.7532665027468,339.90683001519363,0.9785521,607.7277163757702,331.73360736656764,0.9762063,588.0638580586324,324.6616509106293,0.88527364,646.8216882383031,347.64438054658086,0.93725705,594.0998849419482,331.67885089187433,0.31200266,691.1499857726244,414.73699018735135,0.9773245,560.0223062993185,403.3714533343176,0.98296106,750.3456698434532,508.06562347775593,0.90777934,518.2956205757996,499.24099076922573,0.9186505,656.019117995429,532.0655109236029,0.9061046,605.69170709583,531.5585683396044,0.89615816,668.0511271165344,579.6872559192789,0.6687622,583.4978340418845,571.7047590500945,0.68362975,645.3009226583881,570.0790198585552,0.0553585,556.9553601696098,556.5268441995327,0.061758906,689.4040254012697,581.9014125337533,0.00632447,607.5069724650575,572.4029644123085,0.0077263415
728.0,589.8593046934601,339.95249105567416,0.97882056,607.8339722543113,331.6799177719764,0.97634286,588.0174878897742,324.69310094086933,0.88755554,646.8677642369732,347.36235633700403,0.93685424,593.7793835206666,331.5989024935218,0.31698525,691.0553366116923,414.66270794668566,0.9774077,560.0149049444915,403.31887955930745,0.9831222,750.1943478556356,508.06473833201767,0.9074859,518.276504305183,499.0627185260246,0.91925967,655.8050731582882,531.9363910323518,0.905879,605.5905256636099,531.768566149836,0.8968407,667.8174102271718,579.7981946365138,0.66697544,583.321139914941,571.8051953504114,0.6826362,644.98402829022,570.3525586236443,0.054602563,556.526493158222,556.7609430434661,0.061159283,689.4087642680242,582.2120805968665,0.0062215626,607.1383427241697,572.7084270669104,0.0076218843
729.0,589.9140060010468,340.01519025310927,0.9794493,607.8763392198816,331.6665025461669,0.97718453,587.9601132733899,324.75425001576036,0.8906341,646.8760233867201,347.16199097707147,0.9379387,593.5445031809284,331.5788837827969,0.3178861,690.9347509997756,414.548593005593,0.97744143,560.0556250741649,403.2128537682104,0.98304653,750.0483879436794,508.04723694413633,0.90772736,518.272183162524,498.8664228741302,0.91880864,655.6056179249732,531.8027770806734,0.90684384,605.5741523673498,531.9978940492481,0.89689934,667.5285312619344,579.8637454401962,0.6673265,583.1070745083996,571.8547594647786,0.6823038,644.5881789935141,570.5339891308705,0.05548531,555.993942168476,556.9242792965989,0.061828256,689.4489489269838,582.3222872475935,0.0063694417,606.5385673081214,572.8514494993623,0.0077712834
730.0,589.8884670326768,340.07854784356846,0.97896314,607.8178038714177,331.6903880957151,0.9765664,587.8889731012122,324.8274543289363,0.88809705,646.813682713327,347.05530649517164,0.9369675,593.4392264369761,331.5992880996542,0.31486022,690.7998643986623,414.4155961631046,0.9772076,560.1166150020854,403.05144171381414,0.982935,749.9087020316538,508.0526718447733,0.90820014,518.2659168040791,498.6710866222138,0.9195156,655.3204851616731,531.6530696329179,0.9075434,605.5555324624429,532.193942632447,0.89780456,667.1875627606462,579.9186964882122,0.66751164,582.8514386683017,571.8851266026908,0.682722,644.1734621995333,570.7246552981437,0.05483821,555.4971996514392,557.1266332099592,0.061181813,689.4532994896471,582.3049107289312,0.006258011,605.9267524393504,572.9437441370046,0.007638097
731.0,589.7874205100692,340.1182529980074,0.9788245,607.6690432335404,331.72777150245406,0.97630215,587.8088008012016,324.8838582437526,0.88762623,646.697584201863,347.0250534138789,0.93619,593.4626036931061,331.6288210566921,0.31484446,690.6899610316079,414.29681431946506,0.9771377,560.1696882373233,402.87336045031645,0.9829281,749.803156136868,508.114094631875,0.9086611,518.2612613048252,498.54233832853845,0.9203365,654.9745490695757,531.509970197141,0.90823984,605.5504921796255,532.3370196205265,0.8989155,666.8710646752276,579.991588895481,0.6686908,582.6082560496145,571.9347941677462,0.68416303,643.8799041940582,570.9432019333061,0.054435015,555.2245353157225,557.3889225605412,0.06083402,689.4045779523559,582.216414806756,0.0061569214,605.553356877137,573.0349937447884,0.007524878
732.0,589.6452456207389,340.1128763897263,0.97876745,607.4701989607847,331.74557799268257,0.97654295,587.7314893286216,324.9081213819584,0.8856973,646.5726741010358,347.02967122410405,0.937419,593.5872148822671,331.66165896714614,0.30826074,690.6475027748227,414.2118082383053,0.97709846,560.2080931874993,402.7458226155399,0.98260474,749.7558237357612,508.22234886595925,0.9088909,518.2621147022957,498.5258048467781,0.9185665,654.6642149029594,531.3986955771696,0.908244,605.6000757441341,532.4144810310781,0.8968483,666.6571639576578,580.0519575013661,0.66733915,582.4340143462047,572.0009361875266,0.68106884,643.8117147504361,571.0477600106839,0.054161787,555.2357395593968,557.6100858825721,0.060052663,689.3310047212301,581.9387306828575,0.0061187446,605.4926584792593,573.0301180063757,0.0074405074
733.0,589.5077856046533,340.05983620134487,0.97839177,607.2710376264872,331.7321031641867,0.97602636,587.676948633926,324.8973199234478,0.8839404,646.4662775669065,347.0375494353972,0.9366765,593.7707416497661,331.68664207672305,0.30768335,690.6771553063481,414.16358851047414,0.97708654,560.2263824334657,402.69058557519827,0.9826829,749.7701314275573,508.33274330340043,0.90876234,518.2598381729545,498.59439446591807,0.9189154,654.4679720757098,531.3234377399548,0.90787363,605.6871718518298,532.4251937288207,0.897079,666.5786503595995,580.0894106491936,0.6683506,582.351063760738,572.0766310673894,0.6824167,643.9605694203276,571.0018431294786,0.05434549,555.4342486508568,557.7468249517083,0.060456485,689.2746070868176,581.4438640182582,0.0061551034,605.6521095885,572.8722726132044,0.007499635
734.0,589.4086975604731,339.97896217146877,0.9777753,607.1171766804733,331.70187030957464,0.9753386,587.6566551116372,324.8551476445167,0.8802907,646.3811498784469,347.0451952694263,0.9358087,593.9504232623214,331.6784551430384,0.30280027,690.7278614201974,414.1358118467126,0.9767797,560.2167218236177,402.6662243636901,0.98247087,749.8216749878302,508.39343370476263,0.9090003,518.2546430911651,498.6856327217356,0.91910875,654.4169219645929,531.282213615038,0.9085785,605.7859137365385,532.4124054657166,0.8977895,666.6177775273113,580.1371979211796,0.66783947,582.3577815381551,572.1678216824029,0.68199384,644.2072003861815,570.9709209238896,0.054144084,555.6840453604077,557.8819595225309,0.060239255,689.2708164449768,580.9671312910525,0.0061231256,605.8889546720852,572.6765854924136,0.0074624717
735.0,589.3574578169685,339.91060273492747,0.97705364,607.0380896408557,331.68822533538844,0.9743366,587.6630373010629,324.8038463451316,0.8769089,646.3185180859148,347.07372259243846,0.9342252,594.0589447567695,331.6304549392979,0.30104136,690.7266119258281,414.1071763907994,0.9764992,560.1740429970257,402.62815425835515,0.98241323,749.8637299368338,508.37978331067256,0.9085615,518.2601720506095,498.77083309992327,0.91977394,654.4923934434438,531.277275629776,0.9079932,605.8779021372293,532.422947051855,0.89823055,666.721323510184,580.1965479151718,0.66706413,582.4356648262675,572.2513604292003,0.6821084,644.4254878134092,571.0643280351651,0.053036332,555.9173387983686,558.047894739073,0.05931732,689.3353462705516,580.7339732816239,0.0059485435,606.1038974905456,572.558403481328,0.0072747767
736.0,589.3456867558659,339.88384166182266,0.9773185,607.0356234674741,331.71269882474826,0.9746047,587.682048418437,324.77010812740036,0.8785142,646.2849060411105,347.13803404500777,0.93433386,594.0708100246344,331.56347276843184,0.30280977,690.6496214026948,414.07591544974355,0.97667724,560.1033818330782,402.57513413491347,0.98255056,749.8651961808393,508.31895422535354,0.90943474,518.2836781989026,498.8632849179519,0.92044604,654.6309447880457,531.2947157706168,0.9089084,605.9260220898957,532.4488970991151,0.8991372,666.8386378220605,580.2272301637404,0.6717241,582.5498746445771,572.2836407144187,0.68647534,644.5814023974664,571.1672373502107,0.054290414,556.1149949535769,558.1215114275127,0.06063056,689.4671564042618,580.718799041276,0.0060862005,606.2518354371664,572.4865909697744,0.0074355006
737.0,589.3612169087442,339.8904549401855,0.9769251,607.0849901403196,331.7593650846852,0.9739885,587.7050855448223,324.76108900762745,0.87700635,646.2799162058984,347.2124631896447,0.93309915,594.0123884554552,331.50255139597505,0.30276227,690.5358876396108,414.05058803298766,0.97650486,560.0184584150053,402.5395433170088,0.98253167,749.8308745243032,508.2652510498071,0.909274,518.3209878400817,498.9851127624291,0.9210565,654.7495656789555,531.2996337133555,0.9087913,605.9080342897993,532.4591963365448,0.899826,666.9393891051304,580.210308304328,0.6696729,582.6556377990044,572.2636611953246,0.6851631,644.7148087643808,571.0940817142821,0.053660005,556.2502224368721,557.9841423124767,0.060126692,689.6443193670641,580.7600033070319,0.0060149133,606.3110689980322,572.411972351796,0.0073660016
738.0,589.3945071513492,339.91787983447614,0.977309,607.1535921086972,331.80987246328743,0.97443604,587.7294574228725,324.77881939459877,0.87884974,646.2904949860424,347.2566401527138,0.93383706,593.924448647622,331.4575476848422,0.30454963,690.4198801460591,414.0221104488662,0.9767497,559.9254452661507,402.54314822142504,0.98276234,749.773327341702,508.2439067631984,0.9095532,518.3621934212963,499.1515146397655,0.92156434,654.7834928001431,531.2504216092614,0.90879947,605.8263074892409,532.4371176081247,0.90011716,667.0015936440197,580.1645689628676,0.6735021,582.7147947080819,572.2362669558514,0.68917835,644.8661523585706,570.7662301663528,0.054634124,556.2877433593108,557.6481350118079,0.061282188,689.8311735423039,580.7388032825338,0.0061238706,606.2544853874708,572.3629321475968,0.007506877
739.0,589.4315176112545,339.97193063889466,0.9773693,607.2103786651605,331.87149453183474,0.97445,587.7533575103691,324.83117257084905,0.8796943,646.2961510003777,347.261980933275,0.9336518,593.8452465848724,331.42721468188466,0.30673695,690.3024511219915,413.96463664172734,0.9768989,559.8308930067802,402.57392012196453,0.98280406,749.6871219446882,508.2315574136684,0.90993905,518.390798864638,499.36783401102764,0.92139846,654.7534376602641,531.1417674042289,0.90939283,605.7012856675931,532.3857008843377,0.9002397,667.0334095224333,580.1037621355003,0.6735238,582.7402387112058,572.229724304648,0.6886421,645.0549740648423,570.2259081259485,0.055838287,556.2434598271961,557.1973359686802,0.062423527,689.9965500275307,580.5959728145483,0.0063280463,606.0884572893015,572.3342877314656,0.007734418
740.0,589.4540190312349,340.0493660115419,0.9770117,607.2316224187275,331.94684154663946,0.9739477,587.7713245883135,324.9104995738418,0.8785503,646.2845196927663,347.24294340700817,0.932305,593.8038592945077,331.40661365925104,0.3062013,690.190316259819,413.8682836960446,0.97661096,559.7566853593631,402.61116380629517,0.98250884,749.5636892641837,508.1898161320539,0.9099568,518.3808726002934,499.62162626621443,0.9210515,654.7818128927736,531.0360126297885,0.9096077,605.5818207262589,532.3420732048985,0.9001665,667.1001241903843,579.9885238733868,0.67241573,582.8158905484572,572.1999001037786,0.6869617,645.2960186481023,569.5536144872387,0.055125237,556.2223359336144,556.677941627922,0.061509043,690.1239260488289,580.2864737434868,0.006219417,605.9351590111048,572.1994760891453,0.00758639
741.0,589.4531287328555,340.12918683338444,0.9766464,607.214025809054,332.019182162899,0.9734945,587.7773267325031,324.9881683659903,0.8766897,646.2568299842385,347.2074723202751,0.9316746,593.7984267584818,331.377932433287,0.30511704,690.1106995748889,413.7641475436873,0.97668064,559.7096286216566,402.65265662673255,0.9825448,749.418789910561,508.10210747971075,0.9103662,518.3118842330192,499.88067912573433,0.9212142,654.974022758333,530.988406985773,0.9096894,605.4964239060598,532.3492940142213,0.9002626,667.2733611798483,579.7608217879622,0.67536837,583.0192900431398,572.068290604454,0.68962896,645.6226167791924,568.820184080657,0.05682981,556.3650366955022,556.0814030471621,0.06332114,690.2177740263828,579.797417517688,0.0064822733,606.020591980164,571.8146233373724,0.007897228
742.0,589.4309228760723,340.18802951293605,0.9768487,607.1664628973194,332.0688008545384,0.973673,587.7694535006992,325.0368647820063,0.8777507,646.214600770235,347.15304898144905,0.9317173,593.8089757598586,331.3208795143628,0.30611065,690.0869539869959,413.70350973927555,0.9766362,559.6594052770065,402.71364632854096,0.9826369,749.2896601191951,507.9826581671348,0.9102125,518.2018325345739,500.10784452492925,0.9217886,655.3214928231407,530.962736742845,0.9098976,605.4214567060658,532.3864603273129,0.9010358,667.5475001625178,579.4379929013335,0.6739378,583.3214622361149,571.8347257104292,0.6889596,646.0945074602735,568.1187014127783,0.056512386,556.7555674991415,555.4593724996948,0.063109845,690.28417864959,579.1690539610839,0.0064487457,606.5050226080856,571.1902723204985,0.007868648
743.0,589.3895784182126,340.2001181411808,0.97695863,607.0894306008128,332.0727378974682,0.9737719,587.7464052901923,325.04440794042864,0.8791032,646.1556853358614,347.07032602981155,0.9316974,593.8311473178053,331.2472457626948,0.3110196,690.1217684483757,413.70377870569234,0.9769486,559.5796271925881,402.81088046284583,0.9828095,749.2031518977396,507.8665372482935,0.9096701,518.1084940389824,500.283701987149,0.9212119,655.7444219986128,530.8897505260547,0.9085374,605.3596494811793,532.3778430661022,0.89993346,667.820753730955,579.1090738792261,0.6746806,583.588278247113,571.5935391386415,0.68958473,646.7074992158227,567.5404838317669,0.057602733,557.3256463617697,554.9587836780441,0.06437114,690.2935372572371,578.449583538578,0.0066443384,607.2764072930688,570.4961629729312,0.008115888
744.0,589.3210560028771,340.14549032349044,0.97590494,606.9708096151157,332.0105499830021,0.97228086,587.6991295918085,325.0130922716455,0.87356734,646.0737832371402,346.9550709472728,0.92968005,593.8695800514016,331.1993840655708,0.30621827,690.1997560766384,413.72722115232705,0.97687465,559.474121466706,402.9424646445575,0.9829011,749.156656255538,507.77123059687244,0.9107782,518.076078353502,500.40933393792517,0.9229453,656.1930005135385,530.7737886245434,0.9097973,605.3883033985046,532.2964363984038,0.90201163,667.9837251369729,578.8449221672348,0.68218255,583.6909413459008,571.4324899526448,0.69735974,647.3396568297892,567.1426825891332,0.059284568,557.8613466685006,554.7180314824873,0.0664708,690.1998021814379,577.7236593734461,0.006814003,607.9987950739496,569.9361854678493,0.008339196
745.0,589.2044894052954,340.02299598046864,0.9760504,606.7939286866381,331.88377332239236,0.97232103,587.6137691744794,324.9479590430941,0.87529516,645.9489623347699,346.8332806819567,0.9291003,593.9217085359481,331.20781756904717,0.30982336,690.2961226119683,413.7241955181403,0.97697544,559.3458558817865,403.08121086820654,0.982993,749.1286157065902,507.66489692888314,0.9107672,518.0997756968,500.48890259219024,0.92319846,656.6948336032068,530.6864581562894,0.91010684,605.6008327098452,532.2135423195188,0.90281093,668.0222252831239,578.6368541605918,0.6833696,583.6036970273068,571.344063390558,0.69860464,647.8836025210003,566.947369480508,0.060580194,558.1822678428746,554.7550261291601,0.06798294,690.0099978254392,577.1219683157251,0.007034987,608.4154124941274,569.6038401726623,0.00861007
746.0,589.0291339223829,339.8489922883739,0.97498435,606.56033485616,331.7169580751575,0.9711158,587.4892297984834,324.8480758755628,0.86937517,645.7640538963312,346.7484852833028,0.9281324,593.9764971357966,331.25910848580133,0.30371022,690.376960744427,413.68254872072384,0.97669363,559.1884330996319,403.1937005032254,0.982705,749.0935677153468,507.50575236448583,0.91054267,518.1471625884514,500.53177619086625,0.92255956,657.2773398640696,530.6674541713961,0.90919757,606.0255068829407,532.2096921548824,0.9013952,667.9977163903,578.424016057529,0.6836393,583.3977993580127,571.2461110461119,0.6983417,648.3281485636978,566.8806797150826,0.05924818,558.2749625342489,554.9051882348954,0.0664193,689.8003133714835,576.686842117251,0.0067814887,608.519895902146,569.3870865550928,0.008292168
747.0,588.8091087265129,339.6621219329261,0.97587216,606.2865551979348,331.5538586651434,0.9723875,587.3404379438819,324.72183777625366,0.8727594,645.5116757589035,346.7114814411867,0.9310789,594.0201539704922,331.2956776254395,0.30561656,690.4070505984726,413.6347126854871,0.9773128,559.0122588326967,403.26449939814677,0.98314524,749.0430872419402,507.2973064994636,0.91112703,518.1771338075405,500.5589741730077,0.92289853,657.8725150088585,530.6834411812431,0.9084876,606.5686628513447,532.2895485176795,0.90043247,667.9775557774487,578.2093521817417,0.6890581,583.1998241342955,571.110439592449,0.70350677,648.6506795729165,566.8242112712554,0.061008006,558.2411548147853,554.9519755510363,0.06835979,689.6102269164987,576.398254693717,0.0070550144,608.5188732087843,569.132107286054,0.008634806
748.0,588.5465158539101,339.4967787166536,0.9759067,605.9466942962918,331.4312879076608,0.9724107,587.1729489012737,324.58585246340624,0.87319505,645.1540680055954,346.68266804023347,0.9310092,594.0647882705485,331.2551666701947,0.30610144,690.3705930864966,413.6271488875259,0.9771365,558.8502506957878,403.302598001821,0.9830606,748.9974601874593,507.0639692919625,0.9105895,518.147077688579,500.5700946481595,0.9226304,658.4074907453197,530.6950495790376,0.90831834,607.0828588327381,532.4333721454618,0.9004204,668.0005019480958,578.0839020474097,0.68467927,583.1334919656877,571.0082962783473,0.6994831,648.7418782587504,566.7590899796205,0.05937016,558.1508684740895,554.8479047953051,0.06661573,689.3481199189664,576.2884449236641,0.006836146,608.6596811202435,568.8579534787191,0.0083735585
749.0,588.2179530949953,339.33354677393436,0.9757104,605.4835187953777,331.3269559488539,0.9721713,586.9672335912169,324.4396507332576,0.8720012,644.6529460330294,346.6031405048858,0.9310041,594.1376446538001,331.1385473659201,0.30591136,690.2819173626144,413.66860143706765,0.9773003,558.7435838891964,403.3324304484207,0.98318183,748.9730650336751,506.808968746882,0.9103812,518.0422025484861,500.5234107366001,0.92274386,658.9241501672523,530.6985737877258,0.9073876,607.5060736913335,532.6392352196142,0.89978933,668.044178356415,578.0768732375686,0.68666124,583.2158150317695,570.9839692545077,0.7017189,648.5249529451262,566.7186040026925,0.05992484,557.9735616537064,554.6990845216594,0.0673736,688.9340884463118,576.3099560998478,0.006900102,608.9718226857499,568.634424508623,0.008471698
750.0,587.8336097473968,339.1259212504825,0.9708493,604.9174163040386,331.1717903769112,0.9649316,586.7086843175202,324.277379005744,0.85069937,644.0742542057485,346.43674595058565,0.918599,594.2270140706154,331.0303135349808,0.29393125,690.195917530812,413.710815586625,0.9755889,558.7206005082676,403.3759556338066,0.9827161,748.9520893175106,506.55472211635515,0.9109887,517.8943032746203,500.38360529261075,0.92809695,659.4367628584171,530.6951154663885,0.91076785,607.8358247987053,532.8704447516328,0.90809906,668.0424255981338,578.0868906506554,0.69107485,583.3270503623398,570.9821917144003,0.71019197,648.1283238482301,566.6747016900863,0.061073214,557.6922555361755,554.6032216422946,0.06993759,688.4811093320566,576.2583912661652,0.0069471,609.2608192202088,568.4270982824986,0.008620381
751.0,587.4607561982334,338.8909361252753,0.9722424,604.3556020596684,330.95159354183306,0.96720135,586.4246147167773,324.13143320084225,0.85464966,643.5534194214683,346.19367685361476,0.92345476,594.3004805766901,331.01543419185083,0.2915555,690.182686063046,413.69808524412474,0.9759702,558.7789371503432,403.4325705747634,0.9828819,748.9029593542102,506.36708263114656,0.9105912,517.7511027825894,500.1692365296054,0.9271542,659.7857982617635,530.6736797171881,0.90950584,608.0123270785878,533.0463288175489,0.9059381,667.9861838859874,577.9715936870713,0.69034755,583.3677080667302,570.8978015672212,0.7091338,647.845974336784,566.487329001927,0.059400916,557.4250509183278,554.5012618071526,0.06799701,688.179065546307,575.9056172862824,0.0066804886,609.4333912192451,568.1255348418721,0.008302808
752.0,587.1543543561365,338.72347759926174,0.9720044,603.8725349964932,330.75445648617676,0.96709657,586.1634504388788,324.0687807346386,0.8532717,643.1498518469359,345.9317956032804,0.9235182,594.3617907282096,331.0993207736683,0.2888195,690.2527571669209,413.6264444836135,0.9757227,558.8903961559425,403.4832908369325,0.98253644,748.8117784076466,506.2845498914372,0.9103873,517.628856442345,499.93448329068684,0.92594945,659.7981591389673,530.6193229416186,0.90966845,607.9618534481265,533.1031368595162,0.90503585,667.9575365492865,577.6572801666018,0.686936,583.3937005560595,570.6562274711201,0.7048845,647.8874360918709,565.9769993548481,0.058956325,557.3356076436639,554.2000923441024,0.067133695,688.1092765283757,575.1413395618797,0.006666571,609.6308360582486,567.6229637285363,0.008249313
753.0,586.9082481648513,338.69233819279975,0.96990216,603.4760665005821,330.67430685284063,0.9642005,585.9481625362043,324.11903803071255,0.8430642,642.8501208143442,345.7407539188456,0.9198185,594.43058986299,331.23357608994576,0.2829337,690.344797626177,413.53231074218115,0.9754751,559.0126993940979,403.5041265210593,0.9825275,748.6916381898054,506.2792532479723,0.9110259,517.5067525146292,499.7247985785168,0.9275001,659.4749510341323,530.5072432921721,0.91012955,607.7208419358542,533.0156648575751,0.9067802,668.0230934042042,577.218539421803,0.6939255,583.4941625813062,570.3019332140711,0.7124838,648.2275321241486,565.1514755862075,0.061332792,557.4498624626705,553.6278757936873,0.07019663,688.2874455583637,574.0799331246628,0.006958157,609.9377178504749,566.9335848287903,0.008642107
754.0,586.6969228808395,338.7615464912234,0.9703842,603.1702738376614,330.7103581411701,0.9652967,585.7811376291145,324.2295887199567,0.8447341,642.6517022395191,345.6848852246799,0.92158836,594.5107065388758,331.36291454895064,0.281629,690.3940535169733,413.42604207347404,0.9753542,559.0956558926522,403.45618879283086,0.98207664,748.5872740374623,506.2935829882946,0.91029096,517.3596872948535,499.556871835249,0.9249406,658.9631564876279,530.2963754680679,0.9096242,607.4105909147418,532.7850210846252,0.90437686,668.1492358528421,576.8476966498398,0.6884973,583.6347928117268,569.9978807546022,0.7054468,648.6928791992623,564.2614116123247,0.060434997,557.6762235702275,552.9617190487546,0.068599075,688.699454461057,572.9783920032227,0.006898999,610.2538522984132,566.2053484136874,0.008517712
755.0,586.5242931984682,338.838605263963,0.97078717,602.9674732276198,330.7894928533109,0.96580046,585.6718964514328,324.3146903977346,0.8455559,642.5493523505357,345.73824516566515,0.9226321,594.6056146848567,331.43283985675134,0.2807598,690.3815766858006,413.2727080559748,0.97559285,559.0946894920066,403.2970081411662,0.9824393,748.5602750288265,506.2673140471803,0.911252,517.1924484561857,499.41900703565875,0.92638516,658.4455459264476,529.9716101362304,0.91084814,607.1352875718228,532.4885244663595,0.90623033,668.2184868369745,576.7323781527585,0.6926711,583.6846816663448,569.9260156135447,0.71043646,649.0928268689175,563.6581967079677,0.06228566,557.9856285004985,552.5372068608483,0.07091391,689.1579303549122,572.0623362395461,0.0071555674,610.5787151750279,565.6368562331506,0.008862615
756.0,586.4186539594834,338.86481028466585,0.970402,602.8710402305398,330.8460472070623,0.9653704,585.6328325522127,324.3284680869498,0.8433573,642.5131190580323,345.8098599837458,0.92186904,594.7105748689717,331.40762566829926,0.27765685,690.320843181222,413.0550802436668,0.9749845,558.9909861460571,403.0358641846766,0.98216105,748.6373518662399,506.1523420130106,0.91035116,517.0493015936863,499.28288880960423,0.9263767,658.0334171226198,529.6006757290941,0.9105984,606.9397196217644,532.2968653575799,0.90663236,668.0932888569853,576.938941569873,0.6840487,583.521489708784,570.1631276558281,0.7031179,649.2460144519181,563.5770750803204,0.05840692,558.3922653623977,552.6113335746446,0.066898465,689.3017153655659,571.4711851836116,0.0066261888,611.0670501961935,565.3947043303813,0.008246064
757.0,586.3919558328902,338.8401758265383,0.9699751,602.8662241637985,330.86110745266944,0.9653982,585.6595287498906,324.27969388706515,0.8406019,642.5084358508166,345.8395281543093,0.9228133,594.8078162675765,331.297807620953,0.27273548,690.228843973985,412.8134820210091,0.9743067,558.8127843262109,402.74155801024415,0.9811441,748.7786657885049,505.94512725126935,0.9078059,516.9766641619436,499.12352148853574,0.921466,657.723368558234,529.2913697824906,0.9073646,606.7940539518368,532.3159653969376,0.9005548,667.7322778251137,577.320839805533,0.6661375,583.1375518300792,570.5650340930705,0.68293524,649.0457941368828,563.8586532491561,0.0523735,558.7827124455972,553.0310555404012,0.059432924,688.9328669380011,571.1639940032215,0.0058942437,611.7110531602366,565.4338091555574,0.0072811246
758.0,586.4037188368234,338.78215900394264,0.97050864,602.8945569661666,330.8411518169782,0.96638227,585.718576226685,324.1944691812835,0.84403956,642.4927833504418,345.83130468522614,0.92397475,594.9002301779519,331.1514563634789,0.2753399,690.1277841669433,412.6056790619839,0.9743717,558.6300386172309,402.47501685170755,0.9805278,748.9184879741892,505.70475069668635,0.90723085,516.9699397629595,498.91914129413726,0.917497,657.4647957207608,529.0817568167887,0.90630376,606.6058762867956,532.4394364530355,0.8959913,667.2567123238034,577.5894546166878,0.65738666,582.6660358976507,570.8316433058219,0.67061543,648.5789982992582,564.0279766525437,0.05060616,558.9432765693973,553.3050446539336,0.056510568,688.2693978117686,570.8952930874366,0.0057184696,612.2549920285919,565.4714930550961,0.006974876
759.0,586.3883609538284,338.6876626190118,0.96978986,602.8774781556708,330.78183104250286,0.965776,585.7645650846321,324.07893053053385,0.8388258,642.4235556238127,345.8002124174636,0.9242192,595.0087249986515,331.00404968992063,0.26885676,690.0463868194571,412.4599790505632,0.9742706,558.5033268332872,402.24370741424536,0.98029923,749.0263613064396,505.51620068940514,0.9075156,516.9840211235176,498.64098673711277,0.91654825,657.2136224810697,528.9297170087673,0.906182,606.2900883838449,532.4551187028114,0.89470255,666.8371042177755,577.5537922387978,0.65757596,582.2586854010452,570.7593939763558,0.66979843,648.0601178357731,563.789466047062,0.05080515,558.7444923686887,553.126345741744,0.056474805,687.7261314939647,570.4904708182165,0.0057703853,612.4631730083679,565.321000999264,0.007018149
760.0,586.3241876786997,338.5415905300538,0.9690038,602.7906370847988,330.664321913595,0.9646599,585.7785676062417,323.92367094640025,0.8354026,642.2989749462704,345.7284171182824,0.92261237,595.1374842630906,330.85554426012254,0.26698977,690.0039387388192,412.3579538009993,0.97404325,558.4433917305186,402.02490569134216,0.98023957,749.0984954496203,505.4211818581182,0.9079467,516.9912340087271,498.2753210882005,0.91761386,656.9132778155144,528.7869901045481,0.90711987,605.8402247187514,532.253020483311,0.8962425,666.5449654168688,577.2432991103074,0.6596425,581.9617421090128,570.3849668032607,0.67234796,647.657764755689,563.2521359507391,0.051325113,558.2475446247807,552.6274325483328,0.05715424,687.5219844517494,570.0186246350011,0.005817592,612.330143629753,565.095466047596,0.0070807934
761.0,586.2475245250589,338.3442443425332,0.9690225,602.6808386494963,330.47928394014673,0.96471447,585.7745769676176,323.7332828428823,0.8339513,642.1646912820565,345.5901070734903,0.9229716,595.2629698327522,330.7063252933067,0.263999,689.9995852409284,412.2466394308685,0.9743024,558.419567146844,401.810999805929,0.980481,749.1120864697536,505.3819061108627,0.9097965,517.0002322064429,497.8603660689979,0.9192122,656.521863359159,528.6248657913571,0.9094775,605.3503928394423,531.8835223968857,0.8987086,666.3467146147077,576.8338149628202,0.66882485,581.7269870728198,569.9205398951043,0.6814486,647.445662540197,562.697172027739,0.054095,557.6885445682317,552.1439756494274,0.060158044,687.5725846334301,569.5981582648166,0.0061196983,612.0616835572966,564.971600418456,0.007449746
762.0,586.2056489212276,338.14186165499655,0.96775216,602.623565639768,330.2710835370872,0.9631388,585.7728380828321,323.543646704666,0.8270782,642.0821027288378,345.4185023751626,0.92164063,595.3325535850104,330.5663456873227,0.25890547,689.9988181217279,412.09715338151,0.97415483,558.3891828505665,401.6099562974166,0.980409,749.0477415838865,505.32494653679737,0.9104868,517.021750475349,497.48224339755126,0.919819,656.0580925378317,528.4205507516485,0.91012824,604.9504112217805,531.4666314410796,0.8994107,666.1894210800626,576.5342475177599,0.6742288,581.5117263026298,569.5959887097863,0.6867367,647.3960792394298,562.3541682270873,0.055537045,557.3222839040565,551.8897174903483,0.06174946,687.702722123696,569.3009358108372,0.006277472,611.896799094802,564.9525572245054,0.0076344907
763.0,586.2064006999626,338.00576471192704,0.9688935,602.6554801534278,330.1233584135043,0.9646917,585.7758204302431,323.39790544179823,0.8325555,642.0795200019354,345.2982147601289,0.9239999,595.3002266102585,330.4326576203589,0.26258373,689.9548848832094,411.94613365455547,0.9744408,558.3332639604399,401.4254189915358,0.98053753,748.940169584285,505.2265947317735,0.9097687,517.033118618738,497.2067950480466,0.9186672,655.5544040567643,528.1698711340352,0.9085506,604.6610226137094,531.0780321168922,0.8971233,666.0699435458099,576.4804527625132,0.66939807,581.3481514258649,569.5180473816577,0.6816181,647.3830090552148,562.3317444255481,0.05340424,557.2152203879818,551.865538665286,0.059337914,687.8536652337127,569.2418234270617,0.0060152113,611.9208429110861,564.9780644462608,0.007317364
764.0,586.211197003415,337.94841114209703,0.9700068,602.7244847707309,330.0630934675489,0.96574306,585.7678208785254,323.30173124152964,0.83973,642.1093762477731,345.2703464656383,0.92426175,595.1959152000001,330.31039494739736,0.26934773,689.8697325206713,411.8539507231881,0.97421426,558.2688328201172,401.27522440806865,0.9808128,748.8551898736941,505.1245580502051,0.9081547,516.9970899578047,497.0192299451463,0.9196907,655.0161691511933,527.9070847464956,0.9081503,604.360362975583,530.7409982245377,0.89894295,666.0421522340157,576.6588375864853,0.66001076,581.312639387196,569.6480333493255,0.67517924,647.3082517238258,562.6115383634349,0.051205695,557.2619767610803,552.0313292280076,0.05756536,688.0439700643682,569.4935675533598,0.005771905,612.0906052554894,565.1173794053052,0.0070786774
765.0,586.184549872205,337.9146168956456,0.97068095,602.7492418416784,330.04187094540873,0.9667827,585.7403568816114,323.2273888170089,0.84258825,642.0929025660995,345.3079510031819,0.9256563,595.104183717503,330.2280441714771,0.26973176,689.7853805990206,411.8398901442966,0.97414947,558.2130578929812,401.1944726778229,0.9805632,748.8275698464479,505.0442564754949,0.9074198,516.9127650474509,496.86269030190516,0.9181415,654.4712018834307,527.6804219003291,0.90744054,603.9412314856738,530.4777787334883,0.8972038,666.1638260239899,576.9278975210407,0.65348566,581.4492797279406,569.8706698793591,0.668025,647.2258132011882,563.06622632441,0.049203575,557.3969956561426,552.3885024198559,0.055125356,688.2709839194584,569.9241555480857,0.005515307,612.380760037312,565.4627960973205,0.0067508817
766.0,586.1373084562146,337.85889597212,0.96974665,602.7196945613861,330.007679752933,0.96605325,585.7034303045604,323.1558707541199,0.8363677,642.017065186892,345.36118742690604,0.92568374,595.0586561874463,330.2042497815311,0.2626047,689.7262837792672,411.8669100581602,0.97370815,558.1649162660547,401.1905361507943,0.9799816,748.8385246322559,504.9646846348564,0.9070326,516.8225976287645,496.7030356310893,0.9159982,654.0142509650732,527.5150406532871,0.90700155,603.4411256661377,530.3060728712342,0.8950777,666.4249062209342,577.1187357076222,0.6500145,581.7209991340846,570.0567395432475,0.66318023,647.277959230599,563.4795215071313,0.04818812,557.6424765713717,552.8313460727661,0.053623915,688.5272552979386,570.266067974717,0.005360186,612.7564327074685,565.9126785244202,0.0065318346
767.0,586.0927331901827,337.7625288332554,0.97058785,602.6724871091582,329.9266716843837,0.9670794,585.6596293373361,323.07732441990936,0.8409928,641.9259589583555,345.3781982277136,0.9268622,595.0220806960303,330.2266374302929,0.26672012,689.7016775107093,411.87916031712496,0.97380924,558.1284309505666,401.2232652565656,0.98013914,748.842887441622,504.8632739749229,0.9062599,516.7735473379835,496.5175254672607,0.9156067,653.7452397784136,527.4203424589746,0.90601164,602.9990681347135,530.2172067778998,0.8942855,666.7514837730303,577.126176546738,0.6445224,582.0318205935981,570.103772595534,0.65838426,647.532914310988,563.6596875726473,0.04668328,557.9572113000398,553.1463355645391,0.052062094,688.8154484801587,570.3875097330482,0.0051912367,613.0786064443032,566.2817039514789,0.0063374937
768.0,586.0266720484686,337.5956882618334,0.97013295,602.6000131457183,329.7678665996423,0.96650267,585.5860509630138,322.95879985998954,0.83904237,641.8324730544741,345.32881482573066,0.9260491,594.9626151283836,330.2532709718824,0.26556018,689.7229859674784,411.8504752896233,0.97368,558.1068899647432,401.23400910705277,0.9799689,748.8192292908195,504.7521375339792,0.9063755,516.7808213375047,496.2779044973835,0.91542286,653.6546151985387,527.4075319870778,0.9060941,602.7241817125448,530.1663122151442,0.8941565,667.0858232205461,576.9290390387937,0.6458621,582.3082735057467,569.9539627023373,0.6591512,647.8989684670221,563.5633949128651,0.04700309,558.1795378244954,553.192951025267,0.052354723,689.101650921544,570.3942460056659,0.005233228,613.1889499357994,566.5238203668107,0.00638026
769.0,585.8828781788857,337.3370673486564,0.9715789,602.4582773621876,329.52694136458086,0.96831006,585.4532835774332,322.75901600082074,0.8454344,641.7127027783823,345.22425057799506,0.92897826,594.8769243389236,330.21702956062137,0.27025607,689.771904620098,411.7891704044188,0.97465754,558.0741611402113,401.1802692303208,0.9806616,748.7899115760811,504.6489352916884,0.9078561,516.8229328231549,496.00039030252947,0.916353,653.646811013635,527.4758076257324,0.90648055,602.6463986182209,530.104830468013,0.8943133,667.3910658384012,576.5620018942491,0.6544726,582.5204502291234,569.5987173344643,0.66748285,648.1750874568703,563.2493703213594,0.04924935,558.1532427018418,552.941480031951,0.05474904,689.2969578617872,570.397013030752,0.00551185,613.046823972076,566.6303458134861,0.0067179203
770.0,585.6458211836966,337.02265922139884,0.9707742,602.2484830611061,329.2503123567392,0.96742356,585.2573074009651,322.4806682859829,0.84077424,641.570814032745,345.10107204389533,0.92833006,594.7503262755495,330.06402910154355,0.2663129,689.7788281772122,411.7104340217646,0.9742683,557.9902913904521,401.0559434771286,0.98047614,748.7837764116176,504.54312173999267,0.9071467,516.8679325160211,495.76735444643055,0.9163959,653.647562393415,527.587065584522,0.905931,602.7536227031485,530.0233584806733,0.8942498,667.5906149892535,576.0849746413173,0.65310776,582.6322630609793,569.081526041912,0.66707015,648.2083100188647,562.7277211949335,0.048885733,557.8575672712002,552.3603953632146,0.05450335,689.3446793942442,570.3128106213796,0.0054395795,612.6965959373355,566.4623301361906,0.006644696
771.0,585.372055761272,336.7260324831302,0.97121155,602.0376433291199,329.00348398744575,0.968125,585.0361506230695,322.177590966407,0.8420503,641.4468632753345,344.9930117842373,0.92986363,594.5669553527645,329.80444097001975,0.26614612,689.6733082274741,411.6180091155885,0.9746051,557.8475512757116,400.8791208167752,0.9806066,748.8045526053455,504.4097554474564,0.90726995,516.8961227035813,495.62580048310747,0.9157512,653.6223273769936,527.6701124428162,0.9053536,602.9733734150424,529.9313359350525,0.89290345,667.6060355723089,575.5388820620765,0.6546695,582.6120051761482,568.4595565098083,0.6678701,648.0052602479446,561.9065657630758,0.049394965,557.3924081376794,551.3849492080478,0.05490771,689.3125142066535,569.9729119343707,0.0055277348,612.1807769653155,565.8978356998762,0.0067412257
772.0,585.1398134327992,336.49882948462164,0.97194636,601.8877370747628,328.82092169483894,0.9689742,584.8465238591305,321.9146711612691,0.8462199,641.3621609549609,344.9051343607076,0.9305656,594.3565287299464,329.51064616228217,0.26907867,689.4520644646634,411.496795116872,0.9745259,557.6796130730984,400.66883949518024,0.98063004,748.8384834672366,504.2231409814024,0.90642023,516.899872075143,495.50733981361896,0.91561747,653.6007495775543,527.6678036495653,0.9054247,603.1611340581793,529.8316859561128,0.89350265,667.4395152179393,574.9074802857392,0.64983517,582.4771363798874,567.7533628016212,0.6639488,647.6778960182605,560.728446297506,0.049165577,556.8607243906803,550.0589809493324,0.05478391,689.3118645630982,569.2966741297206,0.0055414736,611.5565827589719,565.0271104162134,0.0067711174
773.0,584.981961341161,336.35229510004314,0.9717876,601.8006274958445,328.69656025146844,0.9690852,584.7100910081454,321.7344191361767,0.8440132,641.3029072201282,344.8127422322732,0.93129164,594.1603101080236,329.2666751671714,0.26469642,689.1786719957006,411.3266939388234,0.9746834,557.5296657035553,400.45577633449625,0.9803258,748.8567464488046,503.9772332725495,0.90762925,516.8744705758294,495.3391059415239,0.9140307,653.6521884778988,527.5788178667583,0.90642,603.22392578585,529.7150574644272,0.8919483,667.1818602585686,574.1918669139305,0.6526775,582.2932045817772,567.0011836280933,0.6640371,647.3242189753105,559.3416976793517,0.050923824,556.2885033477139,548.6319145247624,0.056052357,689.3788435722662,568.3926283084764,0.0058101416,610.8726827064704,564.1029378362701,0.0070375204
774.0,584.8783779446233,336.2705707414022,0.97198147,601.7426684718698,328.6040315971419,0.9691782,584.5957905328934,321.63874889859636,0.84574795,641.2529606528828,344.6883560762348,0.931386,593.9624354703108,329.11147951100077,0.26758114,688.92669932862,411.10947589166165,0.9748807,557.4257872425931,400.28195380726004,0.9805956,748.8291182063417,503.72596702866963,0.9078001,516.8103290878937,495.1754425372193,0.91488016,653.7319062366203,527.4392146708498,0.9063195,603.2274746730516,529.562610078955,0.89242816,666.9682109686571,573.5158732768167,0.6552322,582.153604935477,566.3361820284429,0.6670875,646.9943427281137,558.0603962337373,0.051707506,555.6658502059785,547.4106516712608,0.05704987,689.5359192928483,567.5971529170757,0.0059292614,610.1156032973713,563.3980330409393,0.007189244
775.0,584.8024974909289,336.228280432749,0.97226894,601.6971321324711,328.519571485641,0.969514,584.4663733237353,321.59340765559205,0.8475108,641.2090624449552,344.52385013607204,0.93135655,593.707571122198,329.0189020469247,0.26822767,688.7257032333771,410.871777756514,0.9745932,557.3658307655554,400.1589240095858,0.9804754,748.7621263284116,503.554243556127,0.9074554,516.6995808714707,495.1249422675192,0.91508865,653.7017258265371,527.2800887056518,0.907018,603.3074070581636,529.389436487546,0.89352936,666.8725702965867,573.0455535143507,0.6513878,582.1062190822986,565.8974924249992,0.6639935,646.7203820812313,557.1484322588801,0.0512757,555.0327265351458,546.5459269947619,0.056613863,689.8489574032839,567.2674467297304,0.0058918297,609.2842644332115,563.0633217254652,0.0071449876
776.0,584.7560960946242,336.2119328951468,0.9726715,601.6806727056401,328.4378063564764,0.969892,584.3176991517123,321.56848516294554,0.84923446,641.170640909894,344.33082962650997,0.9318358,593.3550533296401,328.94790978827984,0.26995292,688.5545348442984,410.6454127798023,0.9749471,557.3167174103806,400.0639065163232,0.9808954,748.6867101962803,503.4874628208461,0.90820825,516.5562128265178,495.19217055625506,0.9164562,653.5105447001736,527.1182663607589,0.9076779,603.5032499160575,529.2538485813335,0.8949692,666.8277998617692,572.8286468254214,0.65634423,582.0835427395657,565.697533626769,0.66963243,646.4971897389873,556.6693963370793,0.052571893,554.4574810613371,545.9986424735371,0.05820626,690.3109697863422,567.4780777402096,0.0060394704,608.4538038244822,563.0422209922322,0.007341981
777.0,584.7427069928942,336.2074837035395,0.97319615,601.6997167097555,328.35250818736574,0.97043395,584.1573805220962,321.5586011253497,0.8528054,641.1308220506646,344.12370656909957,0.9318198,592.9111832382921,328.9095213607387,0.2726736,688.3961634912428,410.4486035963557,0.9748051,557.2509143365594,399.9938554374692,0.9807812,748.6098200735146,503.47088208328927,0.9080926,516.4164551341718,495.2605105295606,0.9166359,653.1974525924301,526.9819868925359,0.9086716,603.7203121600562,529.192677781967,0.89619386,666.7233263099037,572.780456681798,0.653578,581.9826955536538,565.6486986616046,0.66696376,646.2580538800212,556.4937746318985,0.052129984,553.9595802894556,545.6715169271781,0.057733715,690.7481617519688,567.9885393289209,0.005974561,607.7052360482043,563.186161468224,0.007264346
778.0,584.7196609083476,336.1482509023699,0.9741411,601.6957934730788,328.21040378103555,0.9714916,583.971823914933,321.53734500773743,0.8582746,641.064002392397,343.8983235355502,0.9330519,592.451532528725,328.9504057489669,0.2780223,688.2818960280214,410.2836605658881,0.9752431,557.1718116817985,399.97886271272256,0.98104715,748.5247751951649,503.4285146156848,0.9084581,516.3046503440562,495.18117696142144,0.9167032,652.8048067320681,526.9191657580142,0.908747,603.8565458411258,529.1947819549665,0.89593184,666.5287681043253,572.7914963756475,0.65399796,581.7680551214219,565.6767866895699,0.66704655,645.9201837086723,556.455564265992,0.052271575,553.5073630094763,545.5718949250864,0.057763636,690.9110066009894,568.511810525208,0.006007701,607.0625976631841,563.4957869685206,0.0072929263
779.0,584.6283779071169,335.9488158237468,0.9752476,601.588558125233,327.9458561230863,0.9726824,583.7507086711353,321.4482549586121,0.8651942,640.9342509669041,343.6421265402763,0.9340261,592.0891242514194,329.07458036422855,0.28593245,688.2484945947261,410.1504407517516,0.9756088,557.1012454940815,400.02637351845453,0.98152673,748.4417912511594,503.3147781631526,0.90836155,516.2118484966378,494.8673007564442,0.9177556,652.416005473856,526.9393371663598,0.9090167,603.9280111967703,529.2388583845287,0.8974576,666.2708781568807,572.8082593337613,0.6544061,581.461342416097,565.7530845909083,0.66873574,645.4552002866685,556.49813955686,0.05327362,553.0553102583334,545.771376946453,0.05915466,690.7061309502685,568.9738761120608,0.006193906,606.5180301522824,564.1056457896187,0.0075449646
780.0,584.4898988117623,335.6586168389957,0.97439814,601.4041064953985,327.6171484348213,0.9719114,583.5425428964038,321.30461881521353,0.8577755,640.7621716482054,343.3915387868563,0.9351635,591.8855790799646,329.2215926546382,0.27540666,688.2677740980579,410.05241252939794,0.9757811,557.0653564336083,400.0865040080688,0.9815389,748.3635434078094,503.14286500789245,0.91004765,516.1176218516025,494.3935677211697,0.91818345,652.1686827789033,526.9659984473349,0.9098289,604.0067218060606,529.2851007745178,0.8967515,665.9955528167974,572.8022549709322,0.6634658,581.1358993830404,565.8217227697714,0.676678,644.9566231174329,556.5673535927056,0.053704202,552.5974522689244,546.1154149450678,0.05935791,690.3621894115329,569.4166578725988,0.0061017573,606.0708448161027,564.9123011186191,0.007404685
781.0,584.3972941630312,335.4572471448057,0.9745184,601.2701793571978,327.39453818184063,0.9719841,583.4256725144359,321.2127530755919,0.8589473,640.6342589665874,343.22860169591615,0.9348073,591.8102299275193,329.33490171264685,0.27739888,688.2630002431034,409.98107467902287,0.975898,557.0772440244185,400.0997879784487,0.98160815,748.2699883222019,502.97780575767206,0.9102669,516.0192735069404,493.96181629490115,0.9185685,652.0922648312317,526.9054987273372,0.910198,604.0851210978356,529.2587586171135,0.89754325,665.7653866648559,572.7321104805183,0.6670431,580.8964423965206,565.7986984156225,0.68016434,644.583278461034,556.4922821362001,0.055484623,552.174053257265,546.2390851499094,0.0613195,690.2385205912898,569.7515366316256,0.006358564,605.690685505792,565.5293343904275,0.0077178776
782.0,584.3969350042594,335.430621119464,0.97463953,601.2544425686451,327.35176882009137,0.9721495,583.4159364543652,321.2335323472115,0.86022604,640.6001037601798,343.1787336330165,0.934628,591.7951905647685,329.41168525826674,0.27819908,688.1964117233233,409.91066279656,0.9755782,557.1134693042942,400.0619394361919,0.9812358,748.1478062850058,502.8777771528443,0.9093624,515.9401326325632,493.70128184462544,0.91731286,652.0341368293584,526.7547831386404,0.90992045,604.0817767062003,529.1241012997828,0.8967194,665.6186716250078,572.5795712575143,0.6595465,580.7808272559971,565.6701412061993,0.6722455,644.3991889489166,556.1438475064698,0.053979278,551.8090393313475,546.0015845111084,0.059525013,690.4195877118957,569.7725826214389,0.0061928034,605.3094421095498,565.7310421586193,0.0075003505
783.0,584.4580721050779,335.50693761838113,0.9747492,601.3182065822452,327.41158612860045,0.97213346,583.4663998068888,321.32255689156125,0.8606447,640.6367754444416,343.18363453535477,0.93431777,591.8000305806315,329.4657617375915,0.27831057,688.0992211881439,409.8305894613204,0.9755538,557.1232949831522,400.01642119222834,0.9815287,748.0040335679871,502.8548087882831,0.9103106,515.904801565481,493.5975663834164,0.91956794,651.8518052811546,526.5944028995332,0.91146815,603.954000648378,528.9322239225394,0.89962995,665.5411972475295,572.366635377824,0.663311,580.7326843711337,565.4946175878435,0.6775112,644.3687107659698,555.5751267426276,0.0546678,551.5267990510307,545.5863375889624,0.060593903,690.6696735906532,569.3720380815148,0.006247282,604.9527302431904,565.6101365165059,0.00759694
784.0,584.5382738273345,335.5923953401507,0.9748986,601.403675906169,327.4784559841499,0.9722299,583.5336479082608,321.4115566873017,0.86186403,640.7017376321658,343.18267100277643,0.9344442,591.8168506853284,329.4985940296815,0.28063825,688.0202525709398,409.76539367994604,0.9757673,557.0814572255829,400.0072275465854,0.98180515,747.8692944047561,502.8907254320965,0.91061616,515.9012622284962,493.59367862951547,0.92032623,651.5733980883549,526.4877038301584,0.9115517,603.756341443087,528.7671588755877,0.9001741,665.4936256743447,572.1475016085365,0.6657817,580.6846862409137,565.3405970022048,0.6804677,644.4509505178632,554.9564771218666,0.055475175,551.3761511920567,545.2095744978424,0.061623424,690.8066550255089,568.706397649873,0.00637874,604.7489947859233,565.3812368245585,0.0077648163
785.0,584.6106848502438,335.64225426472984,0.9745782,601.4740950195235,327.5089320695788,0.9718157,583.5937854677989,321.4672958326614,0.8609117,640.7601182699132,343.1631194115281,0.93369555,591.8454271781694,329.5242096466352,0.28172076,687.9860763320935,409.74044769519844,0.975757,557.0224817824023,400.04505533630356,0.9816862,747.7945391379794,502.9641734972421,0.9103104,515.8881254084748,493.6391560468882,0.91938543,651.321665487729,526.4222731192056,0.91094124,603.5814207625806,528.6640008350902,0.8990432,665.4593318101963,571.9829438889262,0.6648466,580.624426892157,565.2504883972542,0.6787764,644.6264466892533,554.4439197454169,0.055734247,551.358207933166,544.9511439629028,0.061726123,690.9457895798832,568.0707119770176,0.0064454675,604.7309603695662,565.1959382018243,0.007822722
786.0,584.6576398195602,335.6479654969397,0.9746347,601.5111821551732,327.5013159747269,0.9718914,583.6348200790255,321.48574251745515,0.8611549,640.7949124590309,343.14560434035684,0.93378043,591.8875254016317,329.559626581122,0.2812026,687.9964444631914,409.75075723135865,0.97562146,556.9985444223526,400.09452039892994,0.98161197,747.8057916493433,503.05733613944983,0.91019213,515.8423027375884,493.67364148399577,0.9194287,651.1568301809557,526.3546932013542,0.9112737,603.4639837226418,528.5813283176865,0.8994055,665.4480036485909,571.8963511982656,0.66317356,580.5776572920404,565.2188022688812,0.6772756,644.8744895797286,554.1065748470819,0.055218905,551.4257860944219,544.7920700752611,0.061191052,691.2789548842184,567.6212461469165,0.0063685775,604.8111345699515,565.0643872975807,0.0077331066
787.0,584.675160395388,335.61943336666457,0.97447073,601.518151433776,327.4755992539623,0.9717623,583.6642626579214,321.46960672962916,0.859691,640.8072795214348,343.1509051166174,0.93378735,591.9546528696626,329.5851566578747,0.27816027,688.0223787910139,409.7766216511486,0.97554696,557.0191693293541,400.10522799516195,0.9815401,747.8686644946034,503.1384868210447,0.9107853,515.7790216487444,493.64438629555195,0.91971445,651.0330474486835,526.2666130642165,0.9121988,603.3681974629902,528.4595715155201,0.900198,665.4485315238394,571.8837346752298,0.66493154,580.5557200798316,565.2221998430001,0.6787309,645.1239072521641,553.9663714127788,0.05568981,551.5452593386557,544.7239243771429,0.061658174,691.7497375949408,567.3781727672707,0.0064238906,604.9381735977275,564.9774357130357,0.0077972114
788.0,584.6767753787947,335.5732110000142,0.97464836,601.5126759558784,327.4487711868794,0.97188824,583.701562204483,321.4248276760837,0.86028016,640.8028274718757,343.1742755437969,0.9340333,592.0560150513357,329.5695045533528,0.27892324,688.0260588579755,409.80449672979904,0.9757401,557.057130986127,400.0673754630987,0.9818535,747.9221110163315,503.16893928793104,0.9112567,515.724244545497,493.5470206067506,0.92097044,650.8865295595667,526.1547210161003,0.91256464,603.2706819468933,528.2940560744353,0.9014621,665.40823825734,571.9455610469341,0.6675446,580.5247509776137,565.2654259885478,0.68224263,645.2581920116882,554.0176397419616,0.055917323,551.6548704344374,544.7730717584077,0.062190264,692.1252794831388,567.3726058321822,0.0064246953,605.080130147124,565.029709315307,0.007829368
789.0,584.688876549288,335.52901835120997,0.9743567,601.5224207869005,327.42469612773004,0.97155994,583.7607067612644,321.3686737737722,0.85866,640.8025027667857,343.19112453738387,0.93359923,592.1786223959488,329.51522324708094,0.2771054,687.9987823447623,409.8261631818953,0.97545385,557.090376154492,400.01382905610967,0.9816139,747.9286394532514,503.15300416861936,0.9107442,515.6869456514106,493.4364501412826,0.9204268,650.712692770805,526.0185363238127,0.9123471,603.2082737841763,528.12795536491,0.9011004,665.2896127434647,572.0568091116324,0.6641659,580.4370505067635,565.3463915409193,0.6788808,645.2339095297755,554.1626814042784,0.054723024,551.6383042444373,544.8968854756249,0.060870796,692.3183611830607,567.5808847879734,0.0062461197,605.1245915493298,565.272132527906,0.0076106787
790.0,584.7347205482199,335.5026152591455,0.973693,601.5801630799847,327.40297689179806,0.9707601,583.846275309875,321.31640522746454,0.8556019,640.8509835337139,343.1887432778568,0.93236077,592.2955464820069,329.43878158165023,0.27456903,687.9636941036625,409.83767198654016,0.9750134,557.117342016762,399.96991197348325,0.9812279,747.885810599437,503.14698149908065,0.91015935,515.6710886373329,493.38895532347397,0.91971314,650.5441857555879,525.8712214235313,0.9121755,603.2267602595293,527.9868535366978,0.9006045,665.1300620487036,572.1271318031243,0.65979576,580.2985023202023,565.3902021203377,0.6742395,645.1415665892475,554.2236501674452,0.05358097,551.4286334244247,544.937558796822,0.05952832,692.4634103258556,567.8290778594798,0.0061044693,604.9582231201357,565.5462938770766,0.00742653
791.0,584.8157068620741,335.4964823418296,0.97436225,601.6927182428433,327.38689318235726,0.97143877,583.9560498676506,321.27091034532623,0.8595355,640.9702065710308,343.1790759170394,0.93283796,592.4017744943674,329.3490810195318,0.278605,687.9540391174153,409.845827128148,0.97513163,557.1509013121456,399.9363927363745,0.98148924,747.8196093089457,503.20060121474717,0.9101701,515.6953503543292,493.4410535475831,0.9206965,650.4142871407255,525.7373248386357,0.9124333,603.3263757054681,527.8663355613692,0.90182114,665.0104900540348,572.0440117053957,0.66001683,580.1737210891158,565.2816240017657,0.67554367,645.1010671108709,554.0393658514115,0.053530246,551.0899734431487,544.7158630006452,0.05972916,692.6767417847225,567.8806446122452,0.0060934424,604.6241262511046,565.5864987070105,0.007437378
792.0,584.9098537088271,335.5009329293273,0.97502035,601.8176139251684,327.38251006635846,0.97248197,584.0795421703586,321.2344518082615,0.8617645,641.1119712400596,343.18064498510176,0.934783,592.524158264734,329.2645804171537,0.27751195,687.9981308371188,409.86393007886727,0.975447,557.2087167233291,399.90575047665743,0.98140985,747.7692420279697,503.312927266708,0.9106841,515.7739606860846,493.5534597156975,0.91908634,650.3691674249028,525.6475466629798,0.9129891,603.460089358388,527.7747136098196,0.9002971,664.9967799781534,571.7702328235688,0.66210145,580.1379908155662,564.9751029247952,0.67547196,645.1676416522417,553.5438463278177,0.054958045,550.7755792847258,544.1494451550857,0.060703963,692.8984200428272,567.5891887097289,0.0062943995,604.3159169532964,565.2286689410312,0.0076289773
793.0,584.9807569328946,335.48955074436657,0.9747846,601.8906464722677,327.3812813595175,0.97220093,584.1923687583235,321.1974502356293,0.86059976,641.1925000424966,343.19722449702954,0.93445957,592.6791394312824,329.1981362832205,0.27725714,688.0937836473938,409.8964974326708,0.9755079,557.2937630228535,399.86325634727154,0.98151445,747.7586416241609,503.4468191007462,0.91090393,515.8876653737035,493.64381583191675,0.9195222,650.4445904776949,525.6324931944157,0.9130906,603.5621235042288,527.7360786750368,0.9007512,665.1138274597797,571.3976965367433,0.66406006,580.2329764075688,564.5564011028387,0.6776974,645.3219832473334,552.8460937320515,0.05592376,550.6020486777427,543.3453316676646,0.06184581,693.0162629346324,567.0230347046013,0.006450385,604.1838160009195,564.5452199411075,0.007826954
794.0,584.9901753543079,335.4280874976314,0.9744835,601.8740684176303,327.35652110501496,0.97181,584.25991897892,321.12726116096246,0.85928816,641.1683118354389,343.21842439179727,0.93401265,592.8385582645026,329.1285621078023,0.27758127,688.1909661917036,409.93841861674866,0.975624,557.3800870143457,399.79849279519124,0.9815637,747.7860096232268,503.5682787347888,0.910854,515.9929020759319,493.6739490341455,0.9195117,650.5943040687893,525.695212304586,0.91248345,603.5761766744795,527.7493083264864,0.9001993,665.3174696208428,571.0959300341456,0.6667564,580.4261772831369,564.1926661772754,0.68030655,645.4689917963938,552.2044995731309,0.057614088,550.5412207040706,542.5712128161356,0.06365782,693.0175459137977,566.4258762379728,0.006727487,604.1805756748709,563.7969253784103,0.008156776
795.0,584.9228737213705,335.31149943442574,0.9740633,601.7774457864393,327.2951566334701,0.97143817,584.2583269709527,321.0048813459792,0.8561772,641.0584737996967,343.23568556947123,0.9338676,592.9470053601399,329.02832195457466,0.27356076,688.2275270598998,409.99026344715764,0.97545195,557.435163912196,399.7279537935908,0.98137915,747.8350592079048,503.6581574570012,0.9108728,516.0590904366968,493.66880748309654,0.91912335,650.7126658013351,525.7910954357837,0.9122937,603.4685988846247,527.7666927793158,0.8996799,665.5171937460675,570.9690008258215,0.6653849,580.6344662275532,563.990377910486,0.67872053,645.4969699495705,551.7812934111654,0.056711853,550.457933578152,542.0021340504165,0.06259534,692.9711558693801,565.958018441758,0.0065821707,604.1282870580458,563.1595653855786,0.007980615
796.0,584.8028167409577,335.17339170241485,0.97406006,601.6440441097745,327.21657890399797,0.9713615,584.1966221352814,320.85253382910537,0.85559267,640.9119869774909,343.2553919120334,0.93390846,592.9731856321091,328.903374879985,0.27280068,688.1894072125536,410.06164051231474,0.9756465,557.458344731879,399.6775928268077,0.9815979,747.8842139580809,503.70482228512924,0.91153747,516.0906354472982,493.6499072780681,0.91994345,650.7416743786481,525.8583997687472,0.9127418,603.2444946476201,527.7233068002303,0.9003612,665.6679871556785,570.9615031871494,0.6686508,580.8146079715696,563.8952902150729,0.68219006,645.3956530479206,551.4848882679922,0.05737421,550.2728183390528,541.5382098579657,0.063397795,692.9428148583377,565.5637437963785,0.0066491067,603.9122948530733,562.5564460807327,0.008069307
797.0,584.6740572753456,335.059462315814,0.9739201,601.5197373884421,327.16142544974684,0.9709753,584.1156079797692,320.71574539205665,0.85532427,640.7750260889386,343.3074965083151,0.93285,592.9500316704239,328.789291158055,0.27315038,688.1209857872882,410.15893992723034,0.97537386,557.4754527465705,399.65015791350606,0.9817116,747.9243060085809,503.7148030758545,0.91142493,516.1112501771111,493.6153098414248,0.9216429,650.7140291777896,525.8681634063851,0.9136614,602.9217092222034,527.5816406516899,0.90294284,665.8086042443852,570.926563676991,0.66746515,580.9955359079444,563.7614227893444,0.6829447,645.3010092484981,551.1247573945947,0.057045907,550.0852377345365,540.974571947074,0.06348243,692.9530205608041,565.0968851131918,0.006606132,603.6070429831922,561.8207780471588,0.008057237
798.0,584.5739172423339,335.01024942853576,0.97404957,601.4343958006789,327.1729260208032,0.971014,584.0627391461228,320.64012214377607,0.8557918,640.6801413583767,343.42746556799625,0.9329095,592.9484717123777,328.7225375574767,0.2738718,688.0718853945738,410.27959500336226,0.9755748,557.4970587622386,399.6370922454451,0.982034,747.9682920866476,503.71387847970493,0.9120544,516.1382855479623,493.571859605301,0.92315423,650.7060506251851,525.8332834478035,0.91411924,602.484881151554,527.3498253400043,0.90437174,665.9852113078723,570.765269747059,0.6719777,581.2074719777117,563.5044658132384,0.6883884,645.3808263850178,550.6039796059755,0.057958573,550.079957395343,540.2544906854844,0.06477186,692.9689962471018,564.4450493390996,0.006691009,603.3918474068981,560.9202022636841,0.0081912875
799.0,584.5289143046696,335.0522585996787,0.9738812,601.4033922588089,327.2724523220836,0.970778,584.0657732173362,320.65782205643984,0.85470504,640.6431814481152,343.6109170134042,0.9327328,593.0067735192742,328.7232631142323,0.2736727,688.051366349154,410.4112171855237,0.97553,557.5156964642193,399.64725877128825,0.98215926,748.0299328836875,503.72835628430005,0.91143596,516.1720636482138,493.5482755618898,0.923489,650.7510622087926,525.7774363494079,0.9134259,601.9434202349391,527.0875362458056,0.90457606,666.1689610749138,570.5133769788393,0.66969526,581.4162544679642,563.1876403293493,0.68734807,645.6564084004935,550.0071867560702,0.0576576,550.2882287963243,539.5494161496578,0.064786434,692.9589990680445,563.6622276733185,0.006687075,603.3184210667775,560.0543562200716,0.008223593
800.0,584.5535372254071,335.18316438123134,0.97361547,601.4315817401476,327.4422286312914,0.9702269,584.1226304648699,320.7705805822794,0.85420126,640.6653610821791,343.80878420023697,0.93174905,593.1028797387155,328.79345749911477,0.27565414,688.0419686616777,410.53965986396327,0.97572535,557.5414777492927,399.7012429817228,0.9825086,748.110969485669,503.7843005846254,0.91225684,516.2009260916598,493.5840581824218,0.9252783,650.7959775376833,525.7124624376104,0.9138667,601.4217685948668,526.8998396334727,0.90624166,666.2801501451576,570.3379639663026,0.6758785,581.5512744724418,562.9913469661673,0.6944195,645.9574424179573,549.6037749891327,0.059442103,550.5129621898977,539.1657634676337,0.067102045,692.9682769722538,563.0740461210975,0.006934911,603.2233534415225,559.5907889990137,0.008553445
801.0,584.6430130993575,335.37696825689045,0.9726762,601.5174199081772,327.64579415213916,0.96907306,584.213339821157,320.9490652135886,0.8498658,640.7429890637118,343.983256879682,0.9299582,593.1908503547891,328.9187444573184,0.27324688,688.0333565635362,410.67358735245926,0.9753843,557.5998666213759,399.8097484306985,0.98215276,748.2031272427797,503.9080221195893,0.91201437,516.2198390804407,493.6971315492668,0.9245177,650.76119998795,525.6420997113,0.91362345,601.065994680089,526.8638522914365,0.90559447,666.2657056926953,570.4288450183163,0.67525667,581.5665339595317,563.0839088287422,0.6930188,646.0561135290798,549.6474685193881,0.05919051,550.4959153052276,539.2929932760935,0.0666773,693.0596225926901,563.0195302472249,0.006878346,602.9007550507292,559.7489373561364,0.008466661
802.0,584.7812318766947,335.6063015051371,0.9728851,601.6542900293771,327.8620984056057,0.96923697,584.3291536102845,321.15628232919454,0.85090804,640.865122925763,344.13754520807925,0.9297228,593.2622890864366,329.0678798724613,0.27268505,688.0371354591454,410.8418784605528,0.97531796,557.6912885553863,399.9661997904939,0.9822242,748.2799317357352,504.0977511996248,0.9128599,516.2327379807659,493.8663903708451,0.92583966,650.6333539791981,525.5662441434993,0.91541195,600.8553341879297,526.9395465333702,0.90782195,666.1406111453414,570.8435660154773,0.6791542,581.4680359249387,563.4882272466474,0.69731855,645.8845329301721,550.1389195891566,0.06038201,550.1705550386231,539.8349521141314,0.06809351,693.1755013856969,563.4645689346365,0.006994635,602.3695104250912,560.3437763523671,0.008615643
803.0,584.9607783085727,335.8485967818348,0.97328055,601.8276796683233,328.0814089233054,0.969869,584.4845669547492,321.3669931246071,0.852722,641.0084768493693,344.2748011166789,0.93040514,593.3645668467715,329.2075310126061,0.2716699,688.0916723597618,411.05483297266227,0.97507715,557.792109111333,400.1586697179968,0.9818912,748.3125268694625,504.3188709384736,0.91263914,516.2350880044758,494.0609237567554,0.9246547,650.4781514150397,525.4898869434851,0.91562223,600.6604733397421,527.0152874571244,0.90680707,665.9956895750582,571.4544301603189,0.6740836,581.3287645918501,564.0722971947906,0.6914068,645.6342142045892,550.8586323130611,0.05813983,549.7683804887031,540.5454658931212,0.065221846,693.184085239652,564.0866401192209,0.0066741407,601.9459750081678,561.0123644238373,0.008187413
804.0,585.1862135892816,336.0876897625935,0.9718735,602.022002118247,328.287055597279,0.96781504,584.6869127276524,321.57906730389357,0.84662604,641.1538005366469,344.3700348914331,0.926997,593.5285228773301,329.343785018322,0.26966017,688.2394574617986,411.28983028789605,0.9745356,557.8932187731854,400.39052872878585,0.9817622,748.3110678208341,504.550998271652,0.9121288,516.2158759945546,494.26728192769883,0.9257935,650.3750498134741,525.4411292129475,0.91558504,600.4495919830789,527.0418947158423,0.90847963,665.9431836790461,572.069969874943,0.67158484,581.2494381476201,564.6771820619304,0.6904938,645.5612285661491,551.5940299329237,0.057083517,549.5782423334034,541.2746118682977,0.06455147,693.0670224788468,564.6696553462696,0.006534189,601.9177048248143,561.619153552636,0.00805822
805.0,585.4521538247549,336.32921108232557,0.97267675,602.2308193869248,328.47736056922156,0.9689796,584.9116282304079,321.81293285567256,0.8509072,641.3030501931091,344.41493600297804,0.92870283,593.7105757172662,329.51377809537973,0.27357572,688.4736063018863,411.5121515414319,0.9749563,557.9928588735931,400.6647373667526,0.981754,748.3158392359933,504.80317793897814,0.91188014,516.1740819873601,494.4988537656885,0.9239936,650.352691464885,525.4483568445191,0.91468126,600.275609763409,527.048220421441,0.90606654,666.018864868526,572.586263929715,0.6714134,581.2651584880413,565.2261822828692,0.6885807,645.737787606683,552.2539651262446,0.05744481,549.6594439606005,541.9952059470784,0.06446487,692.9288325654301,565.1955934726195,0.0066004097,602.2282604181974,562.2298292400137,0.008093953
806.0,585.7307888646692,336.61240917116544,0.9718026,602.4595788202269,328.6985231180782,0.96779424,585.1240636855772,322.09308431111685,0.84741557,641.4785613057818,344.45829692434813,0.9266522,593.8359193066536,329.71013857958326,0.27174842,688.7200134070047,411.6932454720122,0.9742311,558.0590625909323,400.9429105841354,0.981416,748.3419103836087,505.0617446183595,0.9105805,516.125524637692,494.7960070183894,0.9240413,650.3826787534725,525.5047774891867,0.91412383,600.1414248593711,527.0649808875405,0.9066231,666.165765343569,572.9839443998437,0.6647778,581.3304354923262,565.686358387429,0.6833845,646.0684624147182,552.7997968376533,0.054984033,549.90299045753,542.6391850903492,0.062084436,692.8230623557082,565.6381584482087,0.0062612593,602.6356941198567,562.7824200249934,0.0077061057
807.0,585.9932258119131,337.00386958187676,0.97152233,602.7139774601434,329.03513349857326,0.96727794,585.313107440682,322.4458774275623,0.8472002,641.6950266361544,344.57700871873516,0.92558014,593.8753035701209,329.877184901472,0.27417424,688.8933627548355,411.8274083429294,0.9743774,558.0531499330957,401.1572111689269,0.98151517,748.3726526928485,505.27224556846903,0.91096807,516.0995149165334,495.17157074370243,0.92447245,650.4276836529234,525.5798028133004,0.9141881,599.9714473023234,527.1038769954677,0.9069208,666.3084301343948,573.2436696644558,0.66735697,581.4022066120094,565.9953584627788,0.6857067,646.4350040858169,553.1934738141863,0.055957973,550.249825484889,543.0678395017057,0.06316489,692.6648827731789,565.8669151847035,0.006398797,603.0617459211282,563.028694699128,0.007869989
808.0,586.2318650285989,337.5705542778081,0.9724358,602.9720797283978,329.5667233876626,0.96839905,585.4967348699056,322.9148601974073,0.85281086,641.9153470190455,344.82489222884135,0.92642367,593.8844970780639,330.00173613994514,0.27977455,688.9777252878098,411.94401061761755,0.97452223,557.9952245394875,401.26445313086566,0.9815879,748.4015087912293,505.4055062850073,0.9102466,516.1234587159779,495.5523634356666,0.92369413,650.4801780979469,525.6349857165649,0.91349584,599.649150782363,527.1574016198582,0.90615535,666.4354336615027,573.3307564081682,0.6643233,581.517060378796,566.0811482357411,0.68260676,646.7947263100871,553.3884204285149,0.055181652,550.7893436267204,543.1617144847032,0.062283218,692.3171923182822,565.6839783444129,0.0063207448,603.727016534144,562.7112983189115,0.007772088
809.0,586.4495408977969,338.319654656354,0.9721231,603.1893859147092,330.3014775960929,0.96779025,585.6930131693268,323.5228258509395,0.8525014,642.0787881274578,345.2040062597894,0.92497295,593.9540455820719,330.1358895904641,0.2815876,689.0417257284283,412.0873369713161,0.97443855,557.9604180929507,401.26963341063754,0.9816637,748.4368089302118,505.50309638761496,0.91062355,516.1969962565003,495.82598860131975,0.92486167,650.5364572214827,525.6295554394123,0.91410136,599.1116839035516,527.1841790111714,0.90750295,666.6173470403194,573.2610276586495,0.6665785,581.7644933609987,565.9469681444309,0.68539727,647.1932257047916,553.3694877269054,0.055786222,551.6367242663972,542.9010377221981,0.063116014,691.7668740126992,564.9852311666184,0.0063987076,604.8989536549572,561.7525129044964,0.007875323
810.0,586.6314819473689,339.1238945748931,0.969705,603.3411771815913,331.1049455878685,0.964803,585.8801242188599,324.18310550487,0.8422862,642.181322816205,345.64632593120905,0.92070794,594.0928713043561,330.3132366082882,0.27873448,689.1521164098253,412.26837503371496,0.9743545,557.9994383133551,401.20931541934283,0.9811809,748.4717404280395,505.63207318755946,0.91033745,516.2834036054071,495.9427848024371,0.92267835,650.5455183333238,525.5581256839625,0.91218495,598.5093164378753,527.1372126482192,0.90450925,666.8993981269543,573.1526075424769,0.66740775,582.1437029468619,565.7229937269022,0.6838693,647.6238301509865,553.2614002995963,0.057211667,552.6332196625016,542.4548667801614,0.06426826,691.2294825921581,564.0287270492437,0.0066925883,606.3792591003806,560.4505323325205,0.008191347
811.0,586.7504778923662,339.7687066002916,0.96884286,603.4395790138892,331.7577118734988,0.96385366,586.0102417548576,324.7177585930507,0.8383127,642.2668771107847,346.04615294990606,0.9192362,594.2124551914225,330.49474487108165,0.2747454,689.2905043045862,412.4515710524471,0.97351575,558.0808755045784,401.1274956793294,0.9806777,748.4941771795302,505.8174558027454,0.908931,516.3476046287358,495.9676436597195,0.9222548,650.4595050149046,525.482889027248,0.91166747,598.1743059853433,527.0372289717776,0.9046701,667.2029840085875,573.1341121253452,0.6589818,582.5050100483708,565.5668309640694,0.676666,647.9475529223688,553.2489211874617,0.054357797,553.3782736045415,542.0733723685701,0.061321646,690.9543983437845,563.3422301078472,0.006320834,607.5389189844404,559.3567675006022,0.0077611506
812.0,586.8085627908187,340.13829144572884,0.9698997,603.5205608045173,332.1458887452552,0.9651848,586.0745641321373,325.01512860198346,0.84353215,642.3651224571518,346.3454356981292,0.9206338,594.2453411321827,330.61041355337574,0.27770266,689.3988819352867,412.60943103043496,0.9734876,558.1266889715147,401.06492051143294,0.980752,748.5251803534361,506.0393353526879,0.9082997,516.3924902392242,496.0433419818088,0.92225826,650.3399871598897,525.4918598480526,0.9114214,598.313963698472,526.9880484232583,0.9048195,667.4123259966419,573.2262753023214,0.6547203,582.7040312851018,565.5260967998574,0.67328423,648.0525872722233,553.3683291326372,0.05293742,553.6787585715308,541.8307851755715,0.0599021,690.9295874215991,563.258031771939,0.006138414,608.0484159803805,558.8035953293261,0.007555485
813.0,586.8419886451017,340.28645565196666,0.96935105,603.6239454907193,332.3205874427423,0.96447885,586.1076054317584,325.10374608087807,0.8409411,642.4914216312609,346.551248668207,0.919991,594.1930859746913,330.62065695094964,0.2764061,689.4621876477141,412.75786832788134,0.97338176,558.0972142387371,401.04878185338885,0.98080266,748.6080269289682,506.2750870563078,0.90819156,516.4358250046795,496.27324092114816,0.9228482,650.3245545221812,525.628868866695,0.9112957,598.8537585935995,527.0963781797609,0.905303,667.4909016201684,573.3892553994706,0.6560309,582.7275319750603,565.566479132299,0.6752525,647.9438456883979,553.5334481199828,0.053372473,553.655544800029,541.623975790201,0.06057489,690.956694635154,563.7396473633519,0.006187737,608.1082064394815,558.7241197774673,0.0076340437
814.0,586.8724173155781,340.3307555441151,0.9700433,603.7659576380254,332.3861995494164,0.9654324,586.1207883062217,325.0778830274841,0.84469616,642.6671168069303,346.6877315638545,0.9210471,594.0533858471738,330.5362095906388,0.27937967,689.4892526181989,412.91456251756335,0.97361946,558.0136872934264,401.0732006149399,0.98069996,748.7538633782555,506.5143693603371,0.907866,516.4811715188985,496.64316264858405,0.9213624,650.472919721813,525.8836746040487,0.9106274,599.6077684840477,527.4126350259886,0.90349287,667.461483315948,573.5881298461113,0.65358984,582.6381747733328,565.6436185263738,0.67146134,647.6524684767285,553.7003637121751,0.053248465,553.4396948496875,541.3831343355441,0.06006539,690.9349374197649,564.581015067307,0.006200105,607.9309271398787,558.9007094359429,0.0076160133
815.0,586.8859783252949,340.37253111523546,0.9700955,603.926585237828,332.43108465541434,0.9654579,586.0843395225019,325.0363873794174,0.84453076,642.89900545677,346.7844260383365,0.9212656,593.7974646040122,330.4145327890343,0.27912307,689.469607326889,413.0568701765228,0.97380114,557.9124223849602,401.10660702245434,0.98080987,748.918938604984,506.74118971909115,0.90795624,516.528393679458,497.0759374860453,0.9213531,650.7038454021706,526.2266615835251,0.9109508,600.4302857492435,527.9341239477976,0.90379304,667.3641136580421,573.7769003256051,0.6540161,582.5015642686197,565.713316450515,0.6717328,647.226029144427,553.9204225266823,0.054088503,553.0854534600564,541.1849956169908,0.06098953,690.9002679156579,565.5715981580041,0.0063328743,607.4976300840327,559.188311090513,0.0077773333
816.0,586.8783885491578,340.4811963499559,0.97153807,604.0777739935377,332.5193523033414,0.9676183,585.9887798960979,325.0624091258089,0.8513015,643.160251501288,346.86664937973046,0.92402136,593.4410004062806,330.328523350781,0.28151143,689.4055820773763,413.14225094171,0.97424364,557.8180482633716,401.13206602635603,0.9806092,749.0389932604626,506.9238010556578,0.9086469,516.5731169549757,497.5065200250568,0.91934955,650.9013099230974,526.6133629363626,0.9116374,601.1589054857493,528.5804496321817,0.90180814,667.2781546397249,573.9134023288915,0.65815634,582.4038923502594,565.7606079681882,0.67283803,646.8131588008453,554.260752498933,0.05659783,552.761971844965,541.1764234067728,0.06287545,690.8753338670765,566.4995955514253,0.0067032278,606.9100859252819,559.5044564952115,0.008145988
817.0,586.8882924221847,340.66025315330154,0.9720237,604.2157592104284,332.6579672048814,0.968193,585.8870581336987,325.1762529551622,0.8530967,643.4073313540889,346.92658452877583,0.92488676,593.0841556608489,330.31022067925744,0.28186935,689.3484268601585,413.16200837686563,0.9744441,557.7537246558513,401.1676039007494,0.9808539,749.0821822511887,507.0356312053324,0.90919185,516.5913518884681,497.8909998265783,0.9202155,651.039218788814,526.9738449100641,0.91201544,601.6343636103093,529.1935387212043,0.9025125,667.3036493855211,573.9844631477456,0.6605175,582.4460747490215,565.8015524008814,0.6756041,646.5899216682541,554.6888779357137,0.056546897,552.735462003425,541.392201330813,0.06298429,690.8029021964065,567.1791048206574,0.006661564,606.5554933291703,559.7596718564671,0.00811407
818.0,586.9508670222914,340.8258172279269,0.9729698,604.3466021721919,332.7777801889325,0.96928954,585.8447697559266,325.30347383839717,0.8595134,643.6023203645758,346.93634940991984,0.9255978,592.8420305349018,330.32766198096056,0.2905053,689.3469365777719,413.1604356524898,0.9748745,557.7327472180168,401.24630920777213,0.9811089,749.0659038404981,507.08289152786523,0.90871626,516.5655036305768,498.21487927056546,0.9195756,651.1862798688201,527.2535376658163,0.9110559,601.8951171253391,529.662068773822,0.90149283,667.4521612479374,574.0105806248853,0.6606187,582.6379239464125,565.8540438893732,0.6753974,646.5507946449327,555.0888506823595,0.05735299,553.0580238571334,541.709067492968,0.063795894,690.6101678123762,567.5957438483673,0.00684011,606.688963795348,559.924167507397,0.008318156
819.0,587.0518016336882,340.88276826529545,0.9724002,604.4651141125028,332.7972438336769,0.9684945,585.8700878842328,325.34710332817394,0.8567383,643.7286727069599,346.8780806250679,0.92447543,592.7368091748226,330.3249340758103,0.28927004,689.3807945466922,413.18894061681704,0.97482634,557.7282531401779,401.395458474109,0.9811533,749.0237375987133,507.09525541624146,0.90880466,516.5109940320949,498.5139130530772,0.9201839,651.4116990806195,527.4524796670639,0.9110331,602.1443533662396,529.9943053742522,0.90213454,667.5973691098562,574.0607059721544,0.66327935,582.843232425116,565.9652117233449,0.6785054,646.5064278463702,555.3704366977619,0.05783561,553.4831992350543,541.9971131633251,0.06448811,690.264431103961,567.909823818225,0.006863922,607.1425438151764,560.1001495021794,0.008364111
820.0,587.1634778688883,340.8457935405909,0.9720627,604.5789137187456,332.7247838272526,0.96787536,585.9245669088054,325.3071932707295,0.8548953,643.8125337745091,346.7570515047478,0.92378604,592.6822538276252,330.27788351700525,0.288211,689.392803003935,413.25475761717314,0.97484815,557.685763958143,401.61805047616315,0.9814597,748.9690365511808,507.0966452104976,0.9090282,516.4514482565064,498.84132572345976,0.9218341,651.6886774856763,527.5956389959405,0.9113172,602.4537821514496,530.2255586754173,0.9036355,667.5955491662813,574.2208288951526,0.6665721,582.8991851844846,566.2065053673704,0.68310225,646.3099761115456,555.5406131957388,0.058579236,553.7383296183995,542.2414766914196,0.06569439,689.7597840273991,568.2887338740079,0.0069413185,607.5651875091585,560.4307420458738,0.0084939
821.0,587.2739818947721,340.81384303891144,0.9718191,604.7026093649142,332.6492070496181,0.9672806,585.9752331002986,325.2667068464523,0.8549824,643.8957988683311,346.61477690484753,0.9221216,592.596586455168,330.20961250487755,0.29056197,689.3692198595518,413.3309415710178,0.9747991,557.5873849480733,401.86934221164495,0.98137057,748.8963020714382,507.1035664287251,0.9087873,516.4024023231764,499.19516673363376,0.92163855,651.9120054613744,527.7033150231927,0.91174173,602.7056995753196,530.3662143120415,0.9041647,667.4326441418772,574.4902587428802,0.66536045,582.7686650385205,566.5573531896308,0.68154943,645.977329920795,555.6891459243807,0.059250087,553.7236989914919,542.490488671097,0.066372484,689.1296743630409,568.7617296727101,0.00706017,607.7297299948004,560.9050881343439,0.008619279
822.0,587.3529663578626,340.81369245222595,0.97280705,604.8013943404744,332.6094433319962,0.9682925,586.0019895277871,325.25916195773686,0.8611088,643.9678640655961,346.510733852105,0.92277074,592.498199318913,330.1704833660985,0.29861778,689.3499240210324,413.4025529291887,0.97530216,557.4807607267195,402.08605642665253,0.9818405,748.7991000703412,507.137317422251,0.90915155,516.3879764128301,499.5013669308703,0.92244166,652.0069779153389,527.8055736120111,0.9118551,602.816653222808,530.4576928251815,0.90481865,667.1927739985872,574.7264783028656,0.66903216,582.5192065518884,566.8434554638591,0.685527,645.5827521296594,555.8214223809271,0.060393155,553.4386688325014,542.6862166638504,0.06777203,688.4632392248277,569.1200165156687,0.0072134435,607.5593696389801,561.2468003845968,0.008812666
823.0,587.3444813702946,340.7552785640404,0.9721698,604.7987445095304,332.5349834078087,0.9673193,585.976785880222,325.22398013872885,0.8582431,643.9702996825381,346.4645735014545,0.9211751,592.4504144561517,330.2048170935698,0.29719818,689.36950870255,413.4780670434203,0.975253,557.4302792451595,402.24695091277476,0.9819063,748.6779394003831,507.21770465003226,0.9095609,516.4383443760372,499.6642964656736,0.92350143,651.9537669864433,527.9417845550222,0.9123063,602.7941633517493,530.5638880878083,0.905925,666.9189161241845,574.7325760637139,0.6733625,582.193828553302,566.8532059616,0.69029903,645.1494731124933,555.7387184391573,0.06156981,552.8671417871583,542.6239383562782,0.06922203,687.8689615880709,568.9815287994861,0.0073402226,607.0181489247295,561.0821657654608,0.008978784
824.0,587.2229906174307,340.5708493240195,0.9721372,604.6614942013647,332.3585228560765,0.9673699,585.8824398908421,325.10576318168444,0.8578216,643.8765037488906,346.4464721541334,0.92164624,592.4719264208447,330.30811200496316,0.29624468,689.4074091692563,413.56350603481496,0.9751733,557.4561634137493,402.365254740535,0.9818056,748.5441440483255,507.34621030410335,0.90915185,516.5583423594637,499.64259321814814,0.9228942,651.744599144751,528.1127543831026,0.9118115,602.646484486399,530.6890816255188,0.90511835,666.5764607567908,574.4610829274804,0.6694437,581.7848087123277,566.5538541899571,0.6862853,644.6716882637847,555.292138288259,0.06018403,552.037956843165,542.2165834698684,0.06762281,687.4288379321079,568.1812511474523,0.0071655214,606.1376591025878,560.349321260088,0.008761555
825.0,587.0336110259627,340.3284440150533,0.97414577,604.4406462521479,332.13315520526874,0.9708047,585.7539510188361,324.94099418047847,0.86115736,643.7247860234777,346.4204041427671,0.9305555,592.5530521287471,330.4100143033171,0.28908578,689.401595587443,413.6493978754536,0.9773365,557.5215239432775,402.44879612163163,0.9828239,748.4206940027384,507.49599308606696,0.9146168,516.6958899011531,499.5103678989758,0.92290914,651.4040655203626,528.2412284945453,0.9145759,602.4437645040971,530.7602390363088,0.903315,666.1349574835151,574.1855033952788,0.69719183,581.3128002621269,566.2498276858664,0.70925415,644.1869670758684,554.7322762919764,0.070252925,551.1691050394352,541.7737867825105,0.07711536,687.1636721896862,567.1611887537522,0.008566111,605.1949709196024,559.5770568855232,0.010332465
826.0,586.8554331218247,340.15322461138067,0.973587,604.2210703910591,331.97021289558654,0.9700005,585.6565226779528,324.8151409120637,0.8590846,643.5810150312317,346.372688261405,0.9286513,592.6937374125305,330.4444872622347,0.2869263,689.3220683767579,413.72053929513686,0.9766214,557.5709423943343,402.5096535284533,0.98239785,748.3306026840743,507.6211890141136,0.9134525,516.770648595472,499.4048563056045,0.9228054,651.0217667938881,528.2412776205305,0.91458946,602.3548829420847,530.7186936529944,0.90404695,665.6397985590515,574.2854067297857,0.6890285,580.8533660567632,566.3570796546372,0.702112,643.7899905969365,554.4915635794619,0.067153096,550.5809963553088,541.7584675103035,0.07403728,687.0227008657482,566.6185517953807,0.008126885,604.6010416046331,559.4761726456231,0.0098285675
827.0,586.7322847881399,340.0901801683035,0.9719898,604.0553408430137,331.9099384547288,0.9678875,585.6160527264962,324.7709346424533,0.8528526,643.4930618162016,346.32198979682045,0.9245078,592.8760874625991,330.4330451539046,0.28296143,689.2160742671933,413.77304189238134,0.9750699,557.5821713615618,402.57398338264227,0.98120177,748.281467223451,507.6917848219046,0.9102254,516.7582864378521,499.39054992302886,0.92022216,650.7304798807538,528.134913556134,0.91294825,602.4800343994144,530.6213751263926,0.9026422,665.1922844115854,574.7821959589915,0.6670201,580.4762079457324,566.9108671899536,0.68066037,643.5474879246954,554.6443538765583,0.059112906,550.3834034740773,542.2234714563814,0.06547427,686.9152939816722,566.7122259043547,0.0070156753,604.4743141282756,560.1261320412019,0.008494198
828.0,586.6577242964645,340.09760206283187,0.9713402,603.9451579871559,331.91466318065034,0.9672135,585.6099294558575,324.78956330888514,0.84916645,643.4584700580454,346.29701243930435,0.92367905,593.0560743565679,330.43999531789757,0.27828696,689.1555811052127,413.8170591662473,0.97482806,557.5641529829535,402.6519357459214,0.9808693,748.2598161585047,507.7202689589202,0.9105975,516.7057722323352,499.43404370017777,0.9196869,650.6197248395172,528.026548114676,0.9135802,602.735108667192,530.5934689933731,0.9024279,664.8614251716444,575.3596335159133,0.6693975,580.1899263178487,567.5680273298414,0.681951,643.4503332435091,554.9332784830442,0.060403615,550.4314713050001,542.8208351255316,0.06658062,686.7508586048941,567.0338277756334,0.0072016716,604.623108158406,560.962733239272,0.00868392
829.0,586.612501033786,340.1279143788547,0.972358,603.8632995373928,331.9442502896997,0.968575,585.6168116817091,324.83512824493926,0.85445094,643.4242686498121,346.2953726123706,0.9254159,593.2073814275054,330.4748553624179,0.28198582,689.1523302232123,413.85790029313,0.9748016,557.5178474392244,402.72509850340424,0.98080736,748.238168037052,507.73475507514377,0.9092183,516.6712887037631,499.488757322824,0.9184108,650.6579214867373,527.9891771681282,0.9123987,602.9552696828921,530.6947414011411,0.9010086,664.6251559969244,575.7770833019481,0.6612015,579.9495681535891,568.0534794456636,0.6740436,643.4552151964981,555.1712515533596,0.05815947,550.5618521070659,543.2860013070077,0.06415403,686.4534164979849,567.2187308632039,0.0069369376,604.87823166145,561.5241535896458,0.008372188
830.0,586.5969293329298,340.1804793711258,0.97103715,603.8004460337951,332.00195024286074,0.9669503,585.6389156193017,324.8948883587568,0.8472656,643.3458682559259,346.2972416704859,0.92397183,593.313470695664,330.49063619470974,0.27675825,689.1456471107226,413.8892997271047,0.97476214,557.4318179072002,402.7658687749687,0.98076093,748.19862944375,507.73743783779423,0.90967476,516.6868979353663,499.54513544611154,0.91864145,650.7565164809901,528.0395008730708,0.9120741,603.0877004013171,530.910147514935,0.900593,664.4233092515642,576.0014070976067,0.6646415,579.726400985735,568.3168557547782,0.6771139,643.4968434041966,555.3249632333793,0.05825311,550.6865600518937,543.5571384979457,0.06430206,686.0152267166975,567.2519049249707,0.0069191754,605.1638188695172,561.7751530211224,0.008353025
831.0,586.6216942105149,340.27903263877886,0.97088695,603.7761341051608,332.10845184663333,0.96665895,585.6802869828588,324.9742107830336,0.847065,643.2356212228045,346.2968852287594,0.92323995,593.3461817264238,330.45063015740544,0.27768233,689.0856325221598,413.9074896818296,0.9748392,557.3097356005076,402.76280060011555,0.98079294,748.1486807323611,507.7117892914231,0.91024154,516.7468008977322,499.6174604857095,0.9190192,650.875989331643,528.1640752528327,0.91251147,603.2339563202552,531.2056309607781,0.90099037,664.257206221904,576.0965783331106,0.66810375,579.5609895093128,568.4175184409189,0.6802523,643.5242546951657,555.4136118140519,0.05956328,550.7993157213508,543.633991488701,0.06564537,685.5369350648967,567.3049333983314,0.0070979,605.4744527696216,561.8495326321951,0.008554846
832.0,586.6686707475051,340.40947079970084,0.97135246,603.7801434650805,332.2432760423636,0.96720725,585.7221295894416,325.0646107189915,0.85075796,643.1259725584742,346.2857754061137,0.92342305,593.3118103536815,330.3693798412652,0.28292745,689.0009910533776,413.9121150381585,0.97510266,557.1889403552259,402.7376840849653,0.9807147,748.1091668528392,507.6500911028336,0.9100946,516.8084486909237,499.7103649412495,0.91777563,651.028507583153,528.3112358025976,0.9119023,603.4833274826187,531.5073956354022,0.89931226,664.190591996572,576.1637590447305,0.667358,579.5251214477037,568.4729106887282,0.6780386,643.5633469363207,555.4974750770773,0.06028679,550.9900331402029,543.6062875879502,0.06601101,685.1562525842794,567.4682455004855,0.007252276,605.9079250508555,561.8486240757298,0.008696705
833.0,586.6954173384976,340.52126365019103,0.9706285,603.7636834457101,332.3517859662701,0.9661498,585.7334336132237,325.14233575902836,0.84786916,643.0252289637277,346.24567416156424,0.9219675,593.2561170888671,330.292237864384,0.28301066,688.9507412108234,413.8990821753956,0.97500855,557.1231362661088,402.7251267244288,0.9808228,748.0969646816686,507.5565325007245,0.9097675,516.8292648785925,499.80896692843305,0.9185809,651.2519327407215,528.4067735102687,0.9112641,603.8202813834384,531.7313731615316,0.89979774,664.2609768530424,576.2941963588003,0.66762644,579.6480965216408,568.6024600043991,0.6793858,643.6592993977066,555.6813574312896,0.060083926,551.3363783084516,543.6571625293343,0.06614956,684.9745490052604,567.7457275090533,0.0072337985,606.5382647789571,561.8673382714616,0.008706063
834.0,586.6900213238525,340.58835580620405,0.96987486,603.708315915464,332.4081179008192,0.9649335,585.7107142436398,325.1995437089196,0.8453053,642.9323682616678,346.179352214088,0.91929984,593.2175846022146,330.2585878968872,0.28190675,688.9595739921238,413.8667001757961,0.9742915,557.1408041246425,402.7356649510582,0.98052967,748.1192549925486,507.43193229846696,0.90875906,516.8022578071536,499.8836671069662,0.9192456,651.6004900446682,528.4180946975555,0.9115292,604.188960309303,531.8896545743102,0.9015988,664.4277609587436,576.4951482319411,0.6617807,579.8830267604245,568.822992748233,0.6750643,643.7919105879748,556.0696409231418,0.05796823,551.8136735054193,543.9315216717459,0.06428206,684.991631290439,568.1597749223399,0.006914705,607.3129640195889,561.9934872873504,0.008360535
835.0,586.6905503014872,340.62541091822965,0.97013414,603.6486798523538,332.4288757795156,0.96529675,585.6913373974344,325.2530977273891,0.8463627,642.8588892535759,346.1061839034204,0.91985536,593.2227870692071,330.28741450249703,0.28246328,689.0299435465247,413.8189878020247,0.97443926,557.2252802678149,402.758455932281,0.9805589,748.1722087468432,507.2776198122307,0.90857327,516.7419463772534,499.89563936204945,0.91890264,652.0662140268533,528.3755711455689,0.9111292,604.5100080526395,532.053895476432,0.90100825,664.6131635007237,576.7035809188031,0.66122454,580.1396356674112,569.0674086291067,0.67428595,643.9195089527985,556.701147775863,0.05811152,552.3721992395863,544.4849891411033,0.06437746,685.0669155587441,568.6810808266323,0.0069495738,608.1636925915469,562.2599155129718,0.0084016025
836.0,586.7451519220399,340.65416275207815,0.9692582,603.6330491290194,332.4345284032747,0.96412027,585.7151976349824,325.3180466946221,0.8421166,642.824453568678,346.0258456755265,0.9181665,593.2749273809958,330.36679904962267,0.2786657,689.1588036149788,413.7649840367328,0.97394305,557.331100449835,402.78984592257393,0.9803659,748.2380902383409,507.1300866819911,0.9083821,516.6570117267805,499.84247591620476,0.9197409,652.50618677291,528.3266103348553,0.91131216,604.7001570609089,532.232886908494,0.9020753,664.7726659644748,576.9129797681244,0.6615454,580.3540200474722,569.329407326581,0.67546344,644.0374104917107,557.5254650976775,0.05698052,552.9985791673146,545.2994037258431,0.06342697,685.044809411831,569.2364052100751,0.0067227185,609.0887818122116,562.6821813295683,0.0081552565
837.0,586.8560484067293,340.6712759106777,0.9690318,603.6773460138613,332.42020498387535,0.96376544,585.7737712332238,325.381503800796,0.8413415,642.8362846639509,345.9243449900159,0.91803634,593.3238913105772,330.4628395219138,0.280024,689.3177570714356,413.71851218132883,0.9742583,557.4204296554024,402.8402077112705,0.98060846,748.2929895570214,507.0464902599902,0.90869224,516.5595752503574,499.7789218084347,0.92002064,652.7556080054592,528.2908509215038,0.91085804,604.7634705300962,532.3832861081756,0.90171826,664.9084189706336,577.2231004635727,0.66518533,580.5201146692668,569.705916320276,0.67894703,644.1384767887228,558.4529619634626,0.057620198,553.6606480008365,546.2864997511249,0.06416917,684.9179623382581,569.856141527333,0.0067878366,610.0475855241946,563.3007519777545,0.008235425
838.0,586.9668079344127,340.6333100632053,0.9689039,603.7463195087487,332.3478756491455,0.96346843,585.8064520326004,325.40179317340414,0.84211934,642.8754846835207,345.79759479056565,0.9168144,593.2950758121083,330.55636324122725,0.2823686,689.4523877674769,413.6789547733329,0.9739047,557.4917784268719,402.9169109043281,0.9804053,748.3263831145033,507.02894814579963,0.9074735,516.4820547423562,499.7446706712627,0.91952366,652.80354629063,528.2621330024042,0.9100794,604.7915366629201,532.4928290388559,0.90150666,665.0377076836521,577.7213730624815,0.65897286,580.6700369895141,570.2806879522986,0.67338026,644.1905882840194,559.4350969959216,0.05569777,554.3082661652999,547.3744123217127,0.062203556,684.8090961341265,570.6508801652858,0.0065363348,610.8907141230202,564.163902722134,0.00794217
839.0,587.030141723013,340.50282756772674,0.9683142,603.8008135216688,332.18896357425,0.9627656,585.7720724845461,325.35189870337877,0.83939755,642.9239179815418,345.65682755364827,0.91592836,593.1689745088966,330.6556320979687,0.27976343,689.5306507826443,413.62965567256776,0.9735235,557.5690961845697,403.0139534330359,0.98004127,748.342850803949,507.0281311216612,0.9069066,516.4565806500412,499.72493482697377,0.91867495,652.7749061790606,528.2458888252736,0.9098604,604.8473456777255,532.5850787273914,0.900924,665.1845394174268,578.3702600677278,0.6537617,580.8477936914818,571.0219746457155,0.66786003,644.2144357895447,560.4648881760035,0.054053992,554.9630238540499,548.560149149123,0.06030196,684.8157771458984,571.6171457069361,0.0063152015,611.5136319384421,565.2499198777027,0.0076646507
840.0,587.071621442193,340.32876729159483,0.9702443,603.8531894295536,331.9971617110822,0.96519715,585.7176107240333,325.272588429565,0.84724784,642.9946404434179,345.53779432504916,0.9193765,593.0311072538967,330.7701920981866,0.28343475,689.5808343814438,413.5749309103941,0.9743124,557.6627795968352,403.1170871708561,0.9806303,748.3430439060475,507.0229285234054,0.9081938,516.4777877010673,499.7013305132896,0.9196788,652.7713583677399,528.2568681679988,0.9107909,604.8959116964944,532.6469484177165,0.90165114,665.3724052255286,579.0353819416049,0.6602415,581.0714347385226,571.7967221659196,0.67425954,644.3193730915299,561.4825480163056,0.055104256,555.6877066184951,549.7944479138548,0.06145072,684.9150347209445,572.5375611134784,0.0063845515,612.0061600563449,566.3755325958258,0.0077528954
841.0,587.143340692425,340.2090404643119,0.970044,603.9374727789832,331.86982637790237,0.96478343,585.7238259124567,325.23495632338745,0.8470433,643.1084711693493,345.48154086566376,0.9184841,592.9947953259025,330.89122440216045,0.2850228,689.6557142598119,413.542418787678,0.97423655,557.7532253639025,403.21205044248865,0.9807017,748.3193368282273,507.03173149831053,0.9077497,516.5079423294208,499.67823949997796,0.92000544,652.7958108084616,528.2816027277679,0.91009504,604.8696227559135,532.624821010762,0.90178466,665.5955969193053,579.5934332470699,0.6589542,581.3043794541345,572.4663329805921,0.67366743,644.5841174080251,562.3684028732806,0.054400086,556.4413226217006,550.9346143784779,0.0609079,685.0264833984371,573.1737003943636,0.006292522,612.5107566701537,567.3118296288801,0.00766176
842.0,587.2477556816553,340.16279813990826,0.9696292,604.0606996807516,331.82276676282675,0.9643096,585.7955827053264,325.2444412066827,0.84565926,643.2661031672637,345.49111200116164,0.9176501,593.0518262071237,331.00091039500956,0.28437597,689.7586322159178,413.53306521429727,0.9737103,557.8216746349715,403.284572041743,0.98033154,748.2711168561142,507.0547772797625,0.9063374,516.5212087462086,499.6609612405703,0.9189354,652.806241102499,528.293359348604,0.9088873,604.7716223181358,532.5193089770819,0.9007182,665.8263499172731,579.9827590838513,0.6507058,581.5045827246104,572.9487907626078,0.66586107,644.9396689756015,563.0709334715667,0.05160725,557.0799633894811,551.8708688311257,0.057912856,685.1570777641409,573.5518442439256,0.005934298,612.9633652110551,568.0042430221858,0.007232666
843.0,587.3521954790956,340.1208620111036,0.9686625,604.2145015690289,331.7847479388504,0.96297455,585.8705881882968,325.2402292576283,0.84155345,643.4595408412032,345.5391207591513,0.9157742,593.0826540396353,331.09013162844064,0.28251028,689.837367049683,413.50537197857193,0.9734516,557.8845161932227,403.3114585235332,0.9801365,748.213940933695,507.05563688125994,0.9059515,516.5239890826301,499.6379790365894,0.9187763,652.7884021405381,528.2872908525094,0.90835667,604.678740241045,532.3919168892147,0.900442,666.0463288389385,580.1751169662368,0.64919734,581.6800409728038,573.200989972577,0.6644168,645.2372048157714,563.651445567292,0.051053524,557.4988869435576,552.5923938724941,0.057355374,685.4333672860674,573.883673924897,0.005854428,613.1172036428729,568.5122723614669,0.007138461
844.0,587.429903869484,340.03210456830004,0.97075075,604.3747133001236,331.70663021320274,0.965745,585.9050128175443,325.18308445718054,0.85043573,643.66333198624,345.6032016684883,0.9198259,593.0255926497365,331.1601941580834,0.28752127,689.8574563670982,413.42361766476614,0.9742718,557.9774931009053,403.26660707764427,0.9807756,748.1775231727911,507.0024200607078,0.90722764,516.5389035009624,499.582519846266,0.9195269,652.8021482141039,528.26864320997,0.9092867,604.6573027533027,532.2735267395934,0.90098244,666.2453879499324,580.1822092280443,0.65593815,581.8527824000216,573.2263495215784,0.67092544,645.4074398492945,564.1988311708161,0.052624643,557.6904622941945,553.1462942012902,0.059008807,685.9385908909044,574.2461302924486,0.006028235,612.8305598583238,568.816658556929,0.0073476434
845.0,587.4697565582171,339.91906105320345,0.9723033,604.495110346958,331.6132642108639,0.9677257,585.9065367229816,325.09688203460564,0.85787874,643.8288544913212,345.6684777571061,0.9225577,592.945403862587,331.2064357125864,0.29314187,689.8456069780098,413.29824199652614,0.97465146,558.1096214276524,403.14677954372456,0.9811662,748.1945977206641,506.91100790859707,0.90706396,516.5845578771157,499.4895223594506,0.9199029,652.960945618815,528.2507825033085,0.9090922,604.6996987330422,532.1518372793568,0.90115225,666.4096126367676,580.0614797544823,0.6552612,582.0098041778832,573.0850945624145,0.6710344,645.527572459795,564.7321476110484,0.052364647,557.7231261313113,553.5746989473947,0.05884123,686.5748309088923,574.5013687606764,0.0059941113,612.2393905280113,568.832190750118,0.007322371
846.0,587.4943774940335,339.84806362757166,0.971371,604.5637082195165,331.56633545260576,0.96649194,585.9193368224545,325.0377991520893,0.8520832,643.9368717601916,345.72193046290533,0.9211978,592.9333868908601,331.2139226891493,0.28599036,689.8546514938081,413.17554775803546,0.9741707,558.2451688134206,402.98073340014446,0.98112965,748.280367729863,506.8463205842636,0.9074918,516.6629519701547,499.3969519089179,0.9218864,653.3091014139909,528.27147881892,0.90992,604.7465625494556,532.0201017191791,0.9033439,666.521764486989,579.8470179949582,0.65593225,582.1135988624607,572.8252726906205,0.673423,645.7347677681739,565.1277853378878,0.050740033,557.7252510884164,553.8185180928921,0.057483852,687.1335679695788,574.4566804584932,0.0057044625,611.6706107590752,568.5115595555955,0.007015735
847.0,587.5413927464177,339.86787395543445,0.9728304,604.607733792325,331.60577244597505,0.9681902,585.9813173988811,325.0468137123328,0.85964656,643.9989795230119,345.75736738214664,0.9231311,593.0209273360846,331.1813028460491,0.2938848,689.912692072987,413.09506401963375,0.97495383,558.3414139074148,402.80397403563484,0.9818063,748.4207839553295,506.8672584624952,0.9085958,516.758332639108,499.33667629610227,0.9233297,653.74851336382,528.3466608519088,0.91031057,604.7574755713001,531.8826125507044,0.9044374,666.5587379083086,579.5329817588636,0.66534835,582.1341690997834,572.4548803501018,0.6831304,646.0655857665148,565.1644979092368,0.053141654,557.8238828856317,553.707191263809,0.060322046,687.4403530893474,573.9888081970901,0.0059894323,611.4482559602004,567.8425864940232,0.007379979
848.0,587.600876200574,339.96442934402285,0.9710295,604.6257159057998,331.71575124155174,0.9658122,586.076130989311,325.1194462759835,0.8518569,644.0150844976563,345.78147386906335,0.9197839,593.1844648195541,331.1364620776221,0.28939837,690.0081919361439,413.05851898096273,0.974419,558.3976210642604,402.6367663264737,0.9814233,748.5779248764022,506.9691556050352,0.9079946,516.850137921596,499.2943900359645,0.9231396,654.1238034287928,528.4314397903121,0.9098427,604.7232091708879,531.7458393697335,0.904351,666.5204773907728,579.1510065198293,0.6634366,582.0863296848556,572.0154329681604,0.68121934,646.4267234849867,564.7545712175664,0.052905917,558.0536786605086,553.1803351534415,0.060147405,687.4708759236587,573.1327920353683,0.0059895217,611.6689229329081,566.8966407172893,0.0073820055
849.0,587.6254085122641,340.0754528557584,0.9699949,604.598505962223,331.8397274637836,0.9641644,586.1510224596266,325.21150385459293,0.84809464,643.9977733060814,345.81089255263214,0.91702473,593.370898668363,331.1108880444749,0.28923345,690.1067490660889,413.04599070458255,0.9741898,558.437065438179,402.49665242657215,0.9814875,748.7112526992651,507.0971545836122,0.90790033,516.9268006824693,499.24886665041333,0.92449296,654.3394310625163,528.4818211651301,0.9099549,604.6479319701789,531.6306593396973,0.9059914,666.4492320794203,578.794250803156,0.6640415,582.0206288326435,571.6126796235549,0.6831508,646.7082958730208,564.103387405876,0.053257942,558.3355455841022,552.4734381757564,0.060958773,687.3525829701183,572.1450919754334,0.0060551763,612.1203450882665,565.9408446460641,0.0074956715
850.0,587.6107626736514,340.14799468286134,0.9700266,604.5494261847125,331.9246264488298,0.9644296,586.1860788942652,325.2800602243235,0.84679484,643.9849208980031,345.84073239856764,0.91788554,593.5240689271307,331.11079355072974,0.2853564,690.1842938249223,413.0430128536118,0.97429585,558.4567409670824,402.4134277696346,0.98146045,748.8065895416815,507.20203051820044,0.9085931,516.9798239431839,499.2153423356282,0.9243405,654.401706681627,528.4967457924081,0.9105576,604.5649381804539,531.5598100015999,0.90592057,666.3657386067001,578.5497175457583,0.6675728,581.9406467437577,571.3491707923959,0.68598396,646.8516187601114,563.5361538655036,0.054575592,558.53786538231,551.9366211176684,0.062283903,687.2031797447406,571.3440666941256,0.006228596,612.5128132801792,565.2906455832735,0.007699728
851.0,587.6161302147884,340.1767019487399,0.96889204,604.5418075060597,331.9542836236733,0.9630338,586.2139625536441,325.3175853758393,0.8413938,644.0096245317145,345.83801513571393,0.9162465,593.6088792917553,331.1226813344423,0.28097302,690.2431096572344,413.04424977214387,0.973802,558.4398376790325,402.40685094577776,0.98107016,748.8794472443094,507.26974852020913,0.90795153,516.9967039072274,499.22000538848545,0.92364997,654.3961978439131,528.486553141241,0.9100305,604.5090330739474,531.5193486848624,0.90519345,666.2391658410872,578.4276536605248,0.66376483,581.795021080759,571.238796612913,0.68205714,646.8519888912135,563.2072793550999,0.053317994,558.5656915275553,551.7022492159915,0.0608328,687.0450426419301,570.8585781835387,0.006064236,612.7016437295704,565.0133755195452,0.0074909925
852.0,587.6874957855948,340.19153460266295,0.96964896,604.6169129297248,331.95237251127764,0.9637579,586.2681337395525,325.34064657984186,0.8459894,644.0861986109092,345.7940480140734,0.91677946,593.6223868287277,331.12752807030506,0.28652015,690.2924589081799,413.0511656349364,0.9740335,558.4005052050167,402.45296974424576,0.9814407,748.9485976594294,507.30912868708776,0.9079349,516.9799515898821,499.25966656700575,0.92467725,654.4340706744865,528.469235553224,0.9103015,604.4828092276255,531.4752971859316,0.90637434,666.0594900029678,578.3554896241823,0.6634023,581.5805040915027,571.1869705391097,0.6827606,646.7558669622283,563.0482123611118,0.052946746,558.4261716303173,551.6201325240744,0.060700744,686.8815110918027,570.6116965921683,0.0060049593,612.6731404902949,564.90330994847,0.007440686
853.0,587.8011473029103,340.2124675827785,0.9701234,604.7501504051991,331.9469229675725,0.9642472,586.3410609104382,325.3554647471346,0.84874797,644.2019827007864,345.7393430847727,0.91718316,593.5890693872121,331.109660926943,0.28974134,690.336663205075,413.06813528006444,0.9742255,558.3791142365659,402.5045820739972,0.98166144,749.0177452920789,507.3295712372529,0.9080219,516.9538029920666,499.31609152554705,0.9251452,654.6002197326812,528.4786006361852,0.9104779,604.4847994111747,531.4208208321329,0.9068419,665.9039704871284,578.2475871765498,0.664391,581.3969500442997,571.0798933036508,0.68411994,646.6668166520828,562.9378379430163,0.053366005,558.2226734840492,551.4891278801459,0.061245054,686.7861166277607,570.5072688529066,0.006065339,612.4887053950931,564.7499205972115,0.00751701
854.0,587.9008532153287,340.22382518653285,0.9700631,604.875900749279,331.9324991719043,0.96420884,586.401669770717,325.34929632921705,0.8487551,644.3163836601252,345.68798575161645,0.91704714,593.5434361315083,331.06810013557185,0.290044,690.3822386677459,413.09117101869674,0.97416246,558.4135399622193,402.5429578887145,0.98154175,749.0817752847777,507.3380744097891,0.90754354,516.9410555919442,499.37860708805437,0.92459536,654.9059937216256,528.5265842354299,0.90995395,604.5080105866307,531.352148743526,0.9062109,665.8895476643993,578.0748931186529,0.6623037,581.3745626751729,570.887570184259,0.6817964,646.6981850311282,562.8342705176254,0.053038448,558.0499142456663,551.2721412147728,0.06084621,686.8994973402,570.5386984121183,0.0060509443,612.2310838946019,564.5566290389052,0.0074976683
855.0,587.9484809966066,340.1915983195695,0.97121364,604.9294226173134,331.8793481803316,0.96560526,586.4301916411955,325.309729113211,0.8540691,644.3780860968188,345.61668826854213,0.91906464,593.5323249064544,331.02305537248606,0.29519364,690.4406444225942,413.10844078123324,0.9748043,558.5280543910184,402.5800062955185,0.98210716,749.1384549854317,507.34562141554136,0.9081682,516.9508145877973,499.42200684720547,0.92559797,655.267965502408,528.5793174200818,0.9099877,604.5163689198953,531.234387234428,0.906772,666.0317615714845,577.8683118285438,0.6673945,581.5348772899379,570.6630368879274,0.68738353,646.8540615621732,562.7457126115492,0.05451387,557.9051739418845,551.0698400250698,0.0626539,687.2617008510629,570.6678646171431,0.006237328,611.9462083492946,564.4362351487714,0.0077439547
856.0,587.9324221295028,340.0934941621432,0.97166944,604.878745014754,331.7687994290636,0.96587396,586.4236772362252,325.2355982123645,0.85693085,644.3601212136779,345.5105313102679,0.9182635,593.5947384977171,331.0028408659324,0.29883105,690.5209488075861,413.11432390372624,0.97483206,558.7126792447052,402.62069280588844,0.98238355,749.1848917517373,507.36044305053827,0.90872353,516.978640553339,499.3985945641139,0.92754173,655.5603037848616,528.5967451858185,0.9115607,604.4715780142386,531.0444141748087,0.9098072,666.2001613590152,577.6775944377175,0.67173654,581.7427998636963,570.468434684157,0.69310147,647.0137790877809,562.6510220568869,0.056063145,557.7359231858482,550.9435987358572,0.064798504,687.6907901191166,570.7124070817772,0.0063975453,611.6440025147589,564.3596428150172,0.0079778135
857.0,587.8793057185096,339.9466808707969,0.96926,604.7716852316064,331.61722306108953,0.96275747,586.3934912272291,325.1365278629554,0.8441404,644.3006719219754,345.38923402705393,0.9149768,593.6947475203406,331.00712955995255,0.28661925,690.6059883302491,413.108796844341,0.97425264,558.9120694622037,402.6451212530256,0.98204124,749.2065428385026,507.36634515330894,0.90941274,517.0045224772756,499.28018189268477,0.9282491,655.707299399935,528.5732202107419,0.91226315,604.3676526687033,530.8119485218829,0.91065407,666.2704540242976,577.5349005221321,0.676154,581.8559353316837,570.3244058427265,0.69740283,647.0755915500133,562.530092978925,0.056327373,557.5295470599704,550.8509964495477,0.065197766,687.9963739155621,570.5578436630566,0.006365359,611.3154094875733,564.1998817986097,0.007942915
858.0,587.8458027656221,339.8084165667766,0.9697432,604.7161466596311,331.47411510342937,0.9634588,586.3677728786556,325.03006225611387,0.845816,644.283448157177,345.28864412488656,0.91616225,593.7442583578373,330.9896520578409,0.28648496,690.6481330417998,413.0902108740969,0.97435796,559.0606787356775,402.6228864466391,0.9821918,749.1904895403111,507.3226308892339,0.90951407,517.0007304191299,499.090125887551,0.9287133,655.7285768540535,528.5241277078628,0.91258204,604.2296179660751,530.5945340211094,0.91129535,666.2588811325613,577.4572140779309,0.67653155,581.8790489236559,570.2292287714083,0.6984029,647.0601545450534,562.4676061584856,0.05673188,557.3348256348594,550.7825136911672,0.06578782,688.2206729826135,570.384638577587,0.0064391196,610.9737476662567,563.996302120108,0.008051038
859.0,587.851948324759,339.71745089268256,0.9704739,604.7651583659531,331.38171821445627,0.96420294,586.3706710237307,324.9202245962423,0.8497483,644.3566444201958,345.25051580283906,0.91675115,593.726016354836,330.89968319843825,0.290846,690.6161226935074,413.0601017059694,0.97467643,559.1232663822922,402.5304411248372,0.98249507,749.1545341151802,507.20702910391617,0.91009605,516.9562231721222,498.87970800079086,0.9295738,655.6926231565269,528.4610032023215,0.91310024,604.0748564300128,530.4190247693067,0.91216516,666.2563484774897,577.446343385815,0.67894393,581.8992392096667,570.1757328294591,0.7010754,647.0557895425676,562.6098559387995,0.05704081,557.2207655572241,550.8335983564882,0.0662463,688.5047115248575,570.4383565298325,0.006456524,610.6735865372763,563.9221273703963,0.0080804825
860.0,587.8529139569457,339.64898764317036,0.9713339,604.8692536408541,331.33730787402317,0.96528935,586.3987792418469,324.78490699957047,0.8540502,644.4969765758785,345.31555824738194,0.9177348,593.7164534553294,330.7328042592425,0.29443616,690.5281025782386,413.02472140340114,0.9748248,559.1039485515544,402.36076539150554,0.98260117,749.1406283691446,507.03984908848713,0.90993625,516.8977642427175,498.6845073343183,0.9295509,655.6481506175624,528.3886162942299,0.9132553,603.8801117679592,530.2649501858727,0.9124075,666.3201166745175,577.469587039668,0.67771995,581.9599382921706,570.1330002244383,0.7000415,647.1363255941262,563.0022677801659,0.05681309,557.2221379186899,551.0807930861008,0.06599766,688.8877274471195,570.7153171634246,0.0064203143,610.4412665375204,564.0369964047175,0.008039057
861.0,587.7983247007319,339.5542252043578,0.97246945,604.9488622803038,331.30584630514977,0.9671817,586.428693738934,324.6079469558432,0.8574965,644.6448580927818,345.4845713378815,0.9216844,593.7795980073984,330.53433470475375,0.2938047,690.4279902198721,412.9884303149898,0.97535264,559.0352552229713,402.14112469816365,0.98277366,749.173560246718,506.85189833254276,0.9104568,516.8727792902852,498.5127506594938,0.9285159,655.6290926212837,528.3099949389926,0.9129677,603.6250068406002,530.1263085336959,0.91067934,666.4580384578892,577.4704045599902,0.67859524,582.0533959777549,570.0579373572685,0.69967335,647.3304501531874,563.5221593702954,0.056835473,557.2972923221621,551.4653081122444,0.06565383,689.3365643634406,571.0453799220418,0.0064279735,610.2293217694901,564.2671788736726,0.008025914
862.0,587.6803888552753,339.4154467756134,0.97278833,604.9600679001994,331.25137902823,0.96786046,586.4327150197171,324.40869497737066,0.8579439,644.7481284038197,345.6953298275197,0.9231206,593.8965816975535,330.37183343454615,0.29226267,690.3504925756267,412.9486170511961,0.97536546,558.9575842957552,401.93422261725243,0.982598,749.2353391767545,506.6639395873634,0.91018546,516.905526603941,498.3642102742547,0.92704564,655.6557671815049,528.2323784333887,0.91192317,603.3777269982943,530.0419326753112,0.9085377,666.6221401011753,577.3886441008628,0.67591405,582.1332623634348,569.9137313488565,0.69601566,647.5813067370602,563.904373668546,0.054948002,557.313875612891,551.7714085814966,0.063221246,689.7943008202667,571.272960065097,0.0061407685,609.9379118777858,564.4951222044295,0.007653296
863.0,587.523733669798,339.2361613177346,0.9731618,604.8980607383514,331.14219339772023,0.96871054,586.3908615439944,324.21789413515944,0.85824287,644.7820269516742,345.8580037274138,0.9253118,594.006497963871,330.3022631777329,0.2891438,690.3110159919173,412.89168852887684,0.9755968,558.8944349394784,401.8031885901846,0.98250943,749.2836649973984,506.49802448361993,0.91088146,516.9813326758353,498.24683374269523,0.92602044,655.6981547047412,528.1709519413062,0.9121151,603.2642129887797,530.0403241214673,0.90706635,666.715638818258,577.2002722696137,0.67875177,582.1152103583737,569.7042102672546,0.69718444,647.7718828036508,563.9155916198331,0.056100935,557.1468066362092,551.8083998279187,0.06403214,690.1606711184227,571.2780952929173,0.006298661,609.4878978667105,564.6129772085756,0.0078108013
864.0,587.3666211024289,339.01806099504125,0.97383136,604.7834312333721,330.9591594812234,0.96973705,586.310730193527,324.04903032113697,0.86013687,644.7484951616186,345.9115377927401,0.92747533,594.0834484116123,330.3441157873028,0.28857952,690.3098105086468,412.79641172739935,0.9760675,558.8516161803462,401.77253334306397,0.9827126,749.2963446465947,506.3604461455386,0.911714,517.06671456004,498.1603709927342,0.9257521,655.7270255928597,528.1388299196412,0.9126476,603.3053848853123,530.0982353018625,0.9066204,666.6671402381019,576.9574993557967,0.6821459,581.9438579511318,569.5049081420534,0.69971883,647.828605798886,563.606635173496,0.057882577,556.807649448317,551.6736140654359,0.065757215,690.3345378567733,571.0199703796823,0.0065440834,608.9098180603817,564.6195489784754,0.008096069
865.0,587.2553625151894,338.7834094263161,0.97419333,604.6607156306237,330.72787030106736,0.97039926,586.2349603974207,323.90794241996576,0.8615954,644.6696520684164,345.8527101473303,0.92905915,594.1472829603961,330.4575300921507,0.28875762,690.3326397296669,412.65450749940584,0.97614515,558.839579133094,401.80781491237013,0.9826201,749.2911439979478,506.2223504939402,0.9113209,517.133247368766,498.06942837892234,0.9244845,655.7787828487556,528.1273548038121,0.9117205,603.3399766759102,530.157068019965,0.9046089,666.4907583302772,576.7335476449762,0.6783335,581.6669055191464,569.3787605840665,0.6950767,647.7376515454589,563.2339615823336,0.05643463,556.405391561749,551.6021653771368,0.063869685,690.2783943135937,570.5951637843008,0.006388247,608.3291244856298,564.5926950829712,0.007879704
866.0,587.2357016992166,338.5875514294614,0.9744029,604.5924363056536,330.5188609029368,0.9709981,586.2190407851467,323.80363872888057,0.86047983,644.5818670513436,345.721545233968,0.931209,594.217723653236,330.55295088784374,0.2835585,690.3583064098777,412.4892801120797,0.97633106,558.8760397843301,401.8350133252118,0.98260474,749.3016839736715,506.058019049588,0.9120934,517.1771768997796,497.93212047139707,0.9237819,655.895895450524,528.108805797108,0.911981,603.185141119289,530.1786264963772,0.90345484,666.2867386930232,576.5711911173644,0.681703,581.4310079982971,569.3143893915056,0.6971948,647.5144231055317,562.9709451554692,0.05685541,556.0554504032283,551.6329429902823,0.06400135,690.0307299958465,570.2008336558702,0.006408721,607.9114890642866,564.5759666322731,0.007879168
867.0,587.3226403299788,338.46696199456744,0.97466624,604.6135479964021,330.3802660988351,0.97127914,586.2878743435455,323.73595793036577,0.86275536,644.5149645297731,345.55625771884945,0.9312167,594.2966446709693,330.56307999227465,0.28734028,690.3790582266565,412.3333535035051,0.97653174,558.9714090281595,401.8076236479226,0.9826323,749.3433944498572,505.8838881423055,0.9119874,517.2229784356042,497.755682674845,0.9231467,656.0474628249592,528.0626701620856,0.9115911,602.86761101184,530.1840001461815,0.9025341,666.1903016763334,576.4911932996066,0.6813258,581.3918783553011,569.2919954008046,0.69618696,647.2420556258393,562.8323039857735,0.05761051,555.8695106330655,551.6697029336142,0.06458813,689.7281003140067,570.0196443528653,0.0065597,607.8100206347815,564.6231677405693,0.008036971
868.0,587.4726281374484,338.3965929184309,0.9742042,604.6863050208808,330.2875832993884,0.9706135,586.4063691756127,323.6862825696711,0.86061466,644.4647919642877,345.3622010225072,0.93000466,594.3767028841761,330.49974906551654,0.286236,690.3997771820832,412.18929970100294,0.9761833,559.1268387370819,401.7431296277971,0.9825098,749.4077150258147,505.7296936392082,0.9113805,517.2951601358134,497.5826597796727,0.92342013,656.1495670601919,527.9826333482101,0.9110801,602.5928615857683,530.2079315991053,0.90279937,666.2920008723839,576.4319540669483,0.6769573,581.6228085666083,569.2693731930124,0.6928764,647.0646854634682,562.7125820768324,0.055645257,555.9116240371256,551.646657258392,0.06264347,689.6061500697303,570.069368837268,0.006289959,608.0586641547322,564.8036514205589,0.0077292323
869.0,587.616067774946,338.33619545376564,0.97389954,604.7422128275691,330.19740853995734,0.97023356,586.5133273205213,323.6371748621912,0.8603547,644.4053033153057,345.1422494445536,0.9289582,594.4426620222747,330.41385171792757,0.2876024,690.4167926349141,412.03986991328554,0.97598255,559.3310971875156,401.6780093461244,0.98207253,749.4806108576992,505.58870425085814,0.91064084,517.3882837519975,497.43534099985504,0.92149407,656.1582187578952,527.873591080578,0.9102264,602.4946359809967,530.2475429853397,0.9006882,666.5862153119269,576.2501290740043,0.67286086,582.0888578697205,569.1365492258794,0.6872022,647.066235015594,562.4586527918664,0.055128723,556.1317096614421,551.4895466704344,0.061650544,689.836257095061,570.1870351624551,0.00625661,608.5250050544053,565.0401871171296,0.0076417625
870.0,587.7211447880795,338.2828072821359,0.97370297,604.7658187443449,330.1127055448885,0.9703829,586.5831055345377,323.587846794197,0.85787785,644.3338523418618,344.93822280114773,0.9294846,594.4756493448245,330.3307905707584,0.28161764,690.4126182027321,411.88673215204375,0.97546816,559.5449422052767,401.6189794369441,0.98151743,749.5577760614251,505.4341811625751,0.9101316,517.4792572731949,497.3201920088323,0.9196671,656.1074600357304,527.767197128197,0.9108166,602.5305580438051,530.2945478707188,0.9000565,666.9619987485144,575.9087467304221,0.6675486,582.6473564700361,568.8473889049264,0.68110156,647.1825816144494,562.0633890602577,0.054875314,556.3954901584614,551.1678845899387,0.060982406,690.3275732364028,570.2383443407987,0.006254047,608.9798099078059,565.1487874566576,0.00760895
871.0,587.8055993590243,338.25376259319745,0.973717,604.8023622208485,330.0598045147544,0.9702927,586.6302050347416,323.5443325238074,0.8590368,644.2854205196365,344.8009060916727,0.9291102,594.4559733968499,330.24963119067445,0.28487086,690.3698609341284,411.7471509041609,0.9755672,559.7177133662872,401.5537209243972,0.98155147,749.6435257799523,505.27505359872293,0.9097786,517.5593414220449,497.25516361989617,0.9195785,656.0128557684146,527.704579400769,0.90996224,602.5938201802453,530.3458371346569,0.89935124,667.2629040611507,575.5413344003998,0.6675664,583.1108268995296,568.5039649246523,0.6810042,647.248162141381,561.6770374108551,0.054900616,556.5606801899648,550.7681599773096,0.06103781,690.819038421442,570.2410062631333,0.0062779486,609.1962228355239,565.0646255281965,0.007637769
872.0,587.8970483069686,338.25561148671136,0.9737127,604.8920237899692,330.0418884267333,0.97030413,586.6697786161089,323.51534150621126,0.85877365,644.2961692126883,344.73559463487834,0.92891824,594.3719325173527,330.18366601612576,0.28429157,690.2935113060767,411.62511213386813,0.9755126,559.8359926347562,401.47992431554263,0.98149955,749.7309586636493,505.14420712208994,0.91005814,517.6342254082491,497.2301704503566,0.9195343,655.8191201493166,527.6835659103135,0.9104276,602.6323085323812,530.360050825632,0.8996532,667.3908108412447,575.2709286472384,0.66790223,583.3654568691895,568.2208176504105,0.6811618,647.1302317813079,561.3816945168321,0.055054188,556.5375503751268,550.3780009021447,0.06112528,691.1412694940107,570.2284540577946,0.0062844157,609.061894686046,564.8458095629228,0.0076408386
873.0,588.0038632714172,338.27965450963893,0.97464955,605.0258123615458,330.03742081192206,0.9715776,586.7025255501043,323.51056700625503,0.86277837,644.3638118989521,344.6979773853144,0.93110275,594.2398131753091,330.1587044864038,0.28585255,690.2209507355436,411.51107219797234,0.9759164,559.9277582937116,401.4045084690787,0.9817798,749.7901013144269,505.0456183658866,0.910645,517.7081810231198,497.1769864077006,0.9196148,655.5000513935532,527.6648090566797,0.9110855,602.6565346178168,530.2928907493133,0.8997602,667.3557153435938,575.1073052902395,0.66956997,583.4207389938921,568.0257448282563,0.68257964,646.8586875646386,561.1588512028783,0.056022853,556.3734297191285,550.0367060502167,0.062031657,691.2876679395374,570.1620740467182,0.0064306557,608.7035571688098,564.5466600009885,0.0078077614
874.0,588.1142188278511,338.3013855654757,0.97531974,605.1590229812984,330.01459514132875,0.97226894,586.7229832231277,323.5220248330123,0.8670132,644.4477136045709,344.63055412719945,0.93159425,594.0997176562469,330.1758005452717,0.2904035,690.194975293183,411.3956535111322,0.9759854,560.0287830812122,401.3333494417163,0.98193586,749.7945608673626,504.95948984139534,0.910436,517.7769051436758,497.0370469316274,0.92011285,655.0946579513686,527.6174076829743,0.91110605,602.6619280225528,530.1502507125574,0.90031385,667.2707458615887,574.9992555969163,0.66799784,583.3980934396027,567.8933234048535,0.68167865,646.6314905790712,560.9846009975608,0.055435,556.2648712759142,549.7732715110164,0.061531514,691.3734603845156,570.0051369389175,0.006362468,608.4268077700298,564.209924925958,0.00773564
875.0,588.2097600279269,338.2868084951157,0.97518563,605.253721413526,329.94454662679254,0.97222173,586.7269780335054,323.5190323041144,0.86585397,644.5027068291589,344.505262465237,0.93203604,593.9810731234304,330.2073516640029,0.28898847,690.2161577254694,411.27034632267726,0.9759767,560.1571460543444,401.2669206065391,0.9819181,749.7518367645239,504.86762730813035,0.90999424,517.8277917036737,496.82036384867155,0.91967964,654.6749100284046,527.5298603744845,0.9104378,602.6007532918632,529.9609888402151,0.89954305,667.2578876760579,574.8789930168584,0.6658364,583.4367769079577,567.7722231898288,0.6796842,646.6280371177929,560.8103609207315,0.05440426,556.3662984598553,549.5611649348517,0.060454607,691.5654774735141,569.7868218711789,0.0062308013,608.4013407644688,563.8921085693704,0.0075840056
876.0,588.2747132974712,338.22009185035597,0.9756365,605.295423033816,329.82491817593404,0.972561,586.7161180674563,323.4783079626326,0.86858284,644.5017908242783,344.3398017622386,0.93198967,593.8960781730561,330.22466652860567,0.29215232,690.2395835218389,411.13364853790694,0.97600424,560.297155900052,401.1974481392284,0.9822013,749.692411265168,504.74795283903325,0.9101904,517.8474503064413,496.56213723269934,0.9211966,654.3519293312818,527.4060205795208,0.9113891,602.4469595789992,529.7492785707411,0.90189326,667.305168131667,574.7002048430306,0.6656009,583.5411596913999,567.611917870017,0.68094486,646.8156246579351,560.5893656226997,0.054452896,556.6080763616553,549.3427630988136,0.06088254,691.8927922143666,569.5714418837649,0.0062279403,608.5098373136277,563.6392579450194,0.007614881
877.0,588.2966511401072,338.1188837100733,0.97583985,605.2790253213827,329.68262742734703,0.9727622,586.6933582300082,323.40924688450747,0.86990774,644.4428216102135,344.16919127823894,0.9321287,593.857011724515,330.2227174757611,0.29406735,690.2318683836056,410.9989513607269,0.976055,560.409070071442,401.1260905105619,0.9822798,749.6358898204567,504.5907060241118,0.91014266,517.8245692983164,496.2829229695143,0.92157817,654.1879664219612,527.2554015356,0.911087,602.2306668556366,529.5213422520601,0.9020181,667.292260486191,574.4801657851522,0.6660131,583.5873683192102,567.4190313703624,0.68179226,647.0105815329161,560.3394983147344,0.05433908,556.786667042223,549.1358817051396,0.060881853,692.1898422810384,569.3725526165466,0.0062034726,608.5526657981627,563.4747929805065,0.007599443
878.0,588.2824455298296,338.02478448328816,0.9749774,605.2201658538011,329.5544182209518,0.97165173,586.6653532569298,323.3476801780566,0.8655296,644.360811772959,344.01463481656816,0.93059707,593.868536069748,330.2191679372976,0.290117,690.2087877393121,410.87825920193256,0.9757227,560.46400991594,401.0708703631459,0.9820781,749.5812747887205,504.42348553866816,0.9099654,517.75188723452,496.0155612207285,0.9218142,654.112330674897,527.0666473194948,0.9112608,601.9945273111562,529.2455195792686,0.9024883,667.1614487987734,574.2792975250956,0.6656763,583.4892830865409,567.2560306142523,0.68165535,647.1059135120993,560.1045051976125,0.05426824,556.7671731466995,549.0131946969789,0.060887665,692.3218704004457,569.1704664826086,0.006189376,608.4301840180415,563.4312254837736,0.007585317
879.0,588.2629275490465,337.981606693287,0.97520924,605.1552973717218,329.47318078901446,0.9719751,586.6502165550532,323.3321595797297,0.8663085,644.3012349712449,343.8814493592729,0.9312697,593.9283946522565,330.2322009043121,0.28990564,690.2142061405307,410.7594970240702,0.97572887,560.4682996244514,401.03598440515975,0.98215115,749.5336357981223,504.28480105253124,0.9101328,517.6411193303693,495.8103541959175,0.92205137,654.0417940698446,526.8210603913162,0.91155297,601.7728980415227,528.9052354198832,0.90294385,666.9691680438257,574.115123573096,0.66587526,583.2765505307875,567.1464238360213,0.68217516,647.1395908117593,559.8741202460521,0.054089874,556.556066744738,548.9703247392906,0.060778767,692.3052863387018,568.9553829914902,0.006161928,608.1673029640474,563.5032095112629,0.007560998
880.0,588.2628114986927,337.9918234894031,0.97562265,605.1028427369532,329.43867522839855,0.9723034,586.6616634872369,323.3690636494,0.8693224,644.2719208258673,343.757640991682,0.93106526,594.0358628769955,330.268296283339,0.2941988,690.2761593840671,410.60626139008,0.9758173,560.455799446948,401.00083997122226,0.9823385,749.5152288028771,504.1830393150565,0.91004,517.5251003855489,495.69207608811587,0.922889,653.9780753999614,526.5399569779053,0.91192025,601.5915868990999,528.5547709066191,0.9040521,666.807890419537,573.9199653970427,0.667332,583.0475640953914,567.0284400297653,0.68440086,647.1972775899194,559.5566400985033,0.054294348,556.2749913436066,548.9027569513174,0.061196864,692.2230950056601,568.6629798018544,0.006147653,607.8868873616557,563.5917220058022,0.0075568557
881.0,588.2935997155348,338.00683883663396,0.97442555,605.0738602982624,329.40507282312933,0.97092605,586.6949299398254,323.4218207592306,0.8626274,644.2670631928647,343.61590431376567,0.929757,594.158406279582,330.3207156348375,0.28786457,690.3798667197572,410.3887676796543,0.975622,560.4567449464698,400.9510825059369,0.9821426,749.5325986050173,504.101650035647,0.9104002,517.4338981465344,495.6392506707494,0.92271405,653.925102247001,526.2860731532024,0.9120301,601.4259740050886,528.2660731154814,0.9037874,666.7555718074043,573.6369677293624,0.66865134,582.9110643848223,566.8546187953456,0.68510115,647.3275263108699,559.1131656093777,0.055052906,556.0630301841593,548.7792271508987,0.061941832,692.1748070162106,568.2649960762969,0.0062841475,607.6741483373664,563.6642505117791,0.007714033
882.0,588.3679462407408,337.9845347893941,0.97433215,605.101122060455,329.33368549324587,0.9709717,586.7441417395687,323.4465332401618,0.8616046,644.3037415751992,343.4459147097511,0.9300947,594.2356149064241,330.3622583531819,0.28569645,690.4820476602721,410.1217585947022,0.97557855,560.4740505739368,400.88628557924216,0.9819964,749.561356310845,504.0277985800781,0.91076374,517.380404333863,495.61220630128156,0.9222311,653.8567055372467,526.1253143501982,0.9123068,601.2073453051871,528.0619396481966,0.9033388,666.8244774917242,573.2948764613515,0.6704279,582.904926164789,566.6405815486127,0.6861028,647.4753809603379,558.6510138799508,0.0555104,555.9192627953669,548.6766907133908,0.062229574,692.185995443594,567.8747893419777,0.0063183308,607.4431871664378,563.7877046385197,0.0077363253
883.0,588.4733957737441,337.92257781680144,0.97518873,605.1846273617034,329.23373955391173,0.9719768,586.8091073075922,323.4236209657231,0.86696726,644.3768467893944,343.2755865745843,0.93099904,594.2635076649458,330.3567292118427,0.29156774,690.5576159715267,409.8588878692982,0.97569776,560.4971554067988,400.7967278736248,0.98205954,749.5739125453485,503.9578965769758,0.91007036,517.3664853523799,495.5738932888969,0.92140585,653.7685199081327,526.0881726505219,0.9117354,600.9102471972527,527.9109311111542,0.90249586,666.9348342325995,572.9340901794064,0.66603374,582.9554841947835,566.3785793314221,0.68163335,647.5254023871245,558.2547715332979,0.05463001,555.7000030009696,548.5726698671298,0.061162353,692.1496784866142,567.5545509622874,0.006237805,607.0438403669767,563.8807696357803,0.0076259673
884.0,588.5538949018257,337.83171984602006,0.9750074,605.2506598648519,329.1292985825643,0.97176266,586.8748201635154,323.3524715617671,0.8655321,644.4260570607989,343.13348491802674,0.931125,594.3076982126613,330.2868865130762,0.29038692,690.619054882497,409.65122940295305,0.9760344,560.524633197592,400.6766935803696,0.9823497,749.5610902360118,503.88624402519827,0.91139907,517.3799703982495,495.49892463132835,0.9224415,653.6566014336975,526.1392356219978,0.9122121,600.5969146524778,527.7628263755682,0.9029177,667.0038395459254,572.5951663764388,0.6752016,582.975255922581,566.0715658967121,0.6905337,647.4513334247295,557.9345698331728,0.057087183,555.334431172787,548.3908051547481,0.06378847,691.9828885075001,567.270070280669,0.006533265,606.5148265178699,563.7943538956695,0.007977217
885.0,588.5579649171,337.70191819989986,0.9751164,605.222533780773,329.0086923654958,0.9718865,586.9127406331208,323.22694884387255,0.8661499,644.3903025006125,343.0015933654839,0.9313727,594.4131352972561,330.1550107692996,0.2913998,690.6803375290945,409.50660642725575,0.9762228,560.5479621800434,400.55152445140016,0.982491,749.5297823836288,503.7957516213857,0.9119072,517.3866278564469,495.4005893156658,0.9230394,653.4878948411682,526.1875398436102,0.91261464,600.343883994115,527.587321186723,0.90348583,667.026817210568,572.3729166180979,0.6783383,582.9577948844853,565.8357317401474,0.693707,647.3471288448076,557.7635301080713,0.05847451,554.9676444733368,548.2456536527311,0.065321535,691.7348216682993,567.0673452586411,0.0067364573,606.1279965746819,563.6290508012554,0.0082247555
886.0,588.4887090855417,337.5139183645262,0.9744016,605.0978749986884,328.83803263365064,0.97104305,586.9093878790976,323.04242900616504,0.86208385,644.2663346292729,342.8366072808242,0.9302318,594.5575225402538,329.9792290592251,0.28709018,690.7321235720019,409.3801932888854,0.9757375,560.5375702855308,400.45342201265015,0.98221976,749.4914685136494,503.6685179901232,0.9111326,517.3518204115555,495.32465504649076,0.92284685,653.2555874224856,526.1602010669068,0.91221035,600.1463436404154,527.3844337775536,0.90353084,667.0408810269078,572.3114802542545,0.6745986,582.9349913449848,565.7768959213687,0.6906968,647.3309238322181,557.7949844947924,0.05673629,554.7998799780834,548.3258966724604,0.06357542,691.4939930778708,567.0146258923965,0.006478876,606.0817384824725,563.6360989852453,0.007931083
887.0,588.3856196328857,337.2841470160903,0.9732413,604.9325679148762,328.62275964307423,0.9695078,586.8758099200759,322.8274233415066,0.85614467,644.1051648418347,342.6374773513441,0.92816937,594.6939746119588,329.796305747494,0.28226703,690.7641426966777,409.2226353173518,0.9752408,560.4734623591826,400.3814489163753,0.9819237,749.4537660653991,503.5027781730771,0.91076595,517.2800190613824,495.29269041563384,0.9228493,653.0334515869896,526.0565607163795,0.91227067,599.9318999249358,527.1789867848379,0.9039014,667.0728067008097,572.2874507985123,0.67103106,582.9156010415882,565.8070920351518,0.687423,647.4794025162269,557.8827754795494,0.05502668,554.8516124668272,548.5700566212711,0.061813205,691.3140041945746,567.0163922084448,0.0062178075,606.2557725270095,563.8442194597999,0.0076194704
888.0,588.2665495501341,337.04784731673095,0.9735499,604.7634573953616,328.4052311084916,0.9696977,586.8297798526103,322.6192865682623,0.85847455,643.9556835317948,342.4576761982373,0.9281365,594.8228943898001,329.6373495585567,0.28661084,690.7829704397851,409.0295146384841,0.9755299,560.3688981991396,400.30546403113965,0.9823112,749.4207355842495,503.30638926214806,0.9112966,517.2133384328679,495.2759041877633,0.9242557,652.9153643547891,525.9076720287514,0.91264987,599.6592234843632,527.0054745263026,0.90531427,667.1292855352126,572.1401635883467,0.67530054,582.891779455615,565.750945472503,0.6925217,647.8029947949393,557.7849026622501,0.056040525,555.0049056487496,548.7197463879847,0.063215375,691.2054754732551,566.8495041894629,0.0063173175,606.41983380298,564.0312783200943,0.007765472
889.0,588.1110663258938,336.8015412037488,0.97343826,604.5697983343646,328.2042740975353,0.9696903,586.7795161954803,322.4158676937442,0.85698414,643.8094225188152,342.35096880835044,0.9287467,594.9991169966585,329.5105077817809,0.28462562,690.7957815620093,408.8390737235315,0.97596073,560.241142671009,400.2112822271455,0.982414,749.400147610819,503.0971901168705,0.9125364,517.1844861900073,495.2417742664451,0.9239995,652.882618397769,525.7354624413093,0.9129309,599.3822464387426,526.8967130371236,0.9044275,667.1850590805852,571.8916799701291,0.6837228,582.8441065438071,565.6041324073504,0.69929874,648.2334079640799,557.4571221953411,0.058748692,555.2197913377063,548.6976761917165,0.06582889,691.1151673347998,566.4356875554066,0.006663829,606.5760261659432,564.1012310097128,0.008155197
890.0,587.900075193689,336.52660011381903,0.9726876,604.3203166886544,328.01397476215766,0.96895254,586.7206229525223,322.19830412579387,0.85243714,643.6248167144752,342.33501871595206,0.92810345,595.2489609568563,329.41456464814325,0.27906832,690.7990922704296,408.704799703819,0.9755661,560.0794163620557,400.1264220346395,0.98204845,749.403810553006,502.90694716104724,0.9125035,517.1920251754464,495.1957381285125,0.9233371,652.8083724070341,525.5759731759301,0.91311115,599.1968362709958,526.8917172395714,0.90401065,667.2029040748962,571.727987942554,0.68207383,582.7479684567195,565.540961272301,0.69709116,648.6728637262128,557.1639359631987,0.058689356,555.5700848220142,548.7545029789467,0.06560153,690.9509240153549,566.0222463476282,0.0066904128,606.9141012962978,564.2920809655233,0.008173287
891.0,587.6507566338882,336.2625129411838,0.97171295,604.0333742146697,327.8553582790499,0.96796244,586.6446982045849,321.9926634119754,0.8464534,643.408337617683,342.3969713521767,0.9278273,595.5190845472666,329.35420094060044,0.27329162,690.7916613285089,408.657288164403,0.9753016,559.8783063633207,400.0842168570915,0.9816238,749.434140007264,502.75456630684823,0.9117895,517.2177646680468,495.15491467499817,0.9213521,652.6489343361975,525.4700056554263,0.91157997,599.1407135944094,527.0142186359656,0.9010837,667.176952296677,571.7557565449512,0.6758293,582.6029723512323,565.6600259384603,0.68972576,649.0711782872759,557.2016275937783,0.056121826,556.0511036144474,549.1465985861184,0.062480986,690.7059793260361,565.941491270081,0.006340742,607.456146001665,564.8595890921823,0.0077245533
892.0,587.420785161202,336.0906469098993,0.9706536,603.7792714408234,327.7673073755741,0.96677643,586.5568670744806,321.86401021405595,0.8408,643.2265319100802,342.4944963135374,0.9267497,595.7196751763537,329.34454462566555,0.26890725,690.780266951968,408.6708070306255,0.97504187,559.6927322901533,400.0791474263028,0.9813005,749.4790146772921,502.63968207752816,0.91180205,517.245958103431,495.1111795735094,0.92058754,652.5538070108088,525.4206263803671,0.9112456,599.1733333594702,527.2342809332761,0.9000324,667.1199909244656,571.8846279972787,0.676613,582.4372002314394,565.8580757527352,0.6895968,649.413543929614,557.5663611735949,0.055738956,556.4871709990744,549.7902469084858,0.06191629,690.5420418780377,566.2371684665976,0.006256461,607.9492755415906,565.6864006054153,0.007607311
893.0,587.2860442464325,336.03318540567216,0.9696496,603.6357137307111,327.73765071312187,0.96562994,586.4837200325239,321.83707853517524,0.8357694,643.1318767117417,342.55718400434773,0.92523414,595.790530508619,329.3976588231683,0.26516414,690.774195846426,408.6833075728798,0.97486854,559.6032088036759,400.0878287824151,0.9810059,749.523849506284,502.568596167121,0.9124849,517.2689001864875,495.0530836479969,0.9203776,652.6823636392733,525.4129000190584,0.9119856,599.2276282117018,527.4917192433611,0.900167,667.0361187825602,572.0120034875218,0.683067,582.2822752210998,566.0284231132225,0.6948341,649.6528039135649,558.0742494838751,0.05786717,556.7162914339981,550.4419568743447,0.06401199,690.6189775479284,566.7275800075632,0.0064881444,608.1789050787288,566.4499811853942,0.007864922
894.0,587.2798949663666,336.0300029245399,0.9709065,603.621444754735,327.71245302780517,0.9675143,586.4546970396601,321.8648923107646,0.8406602,643.1062746913956,342.540238774051,0.9282075,595.750550852532,329.49099857854566,0.2647391,690.7845509708591,408.6620735287951,0.97512794,559.6069060193037,400.11165511036637,0.9808388,749.5586873448425,502.5459837529264,0.9123429,517.2840076677785,495.0071604300106,0.91843903,652.9332652576743,525.4437278472353,0.9114529,599.2669107518035,527.7280696480639,0.89767593,666.9396222792661,572.2005450635532,0.6789161,582.1515621582537,566.2469196593249,0.68902826,649.7305345771432,558.6997163751346,0.05691135,556.7668432643579,551.1038443293367,0.06247756,690.8214963435896,567.3435902221534,0.006420374,608.2283120855076,567.1022595229581,0.0077445507
895.0,587.3354977094519,336.0109759078105,0.9723135,603.6454678628554,327.6676410943072,0.96907425,586.4679832788424,321.8786937197873,0.8487117,643.0600941456089,342.4661969800712,0.9296334,595.707059073473,329.557216286555,0.27166036,690.8237497925002,408.6397305805242,0.9753785,559.5974432927657,400.15799077394746,0.9811858,749.5775863102704,502.5519514605088,0.91222054,517.2919346453234,494.9922871481955,0.91907036,653.037444730825,525.4981250144322,0.9115381,599.2871741354141,527.8908666692413,0.89841974,666.8482825901087,572.5621746922244,0.6769336,582.0204480674743,566.6338921014587,0.6879028,649.6458865723405,559.5428024970153,0.055909187,556.7670982751097,551.9619952238841,0.061540246,690.7796305359234,568.1152034628085,0.0062771738,608.38869857144,567.8553568493204,0.007586509
896.0,587.3324346795064,335.9384814300229,0.97202826,603.5641335084847,327.6075851180225,0.9687928,586.4850888963808,321.83707989063487,0.8476423,642.8955979667167,342.37355119993583,0.9294261,595.7768030988241,329.53687701914464,0.27183235,690.9012387465141,408.672408864407,0.97532,559.4933831065806,400.2097665071569,0.9810257,749.5765384930907,502.5647461559033,0.911726,517.2954364326529,494.9572253524676,0.9179876,652.9104257455667,525.5329655936825,0.9107152,599.2826628088546,527.9504924747645,0.896973,666.7555709500964,573.0529118133765,0.67431307,581.849483057918,567.1355752146507,0.6846885,649.470606327021,560.479521042417,0.054890305,556.7639037477483,552.9522245408227,0.060284108,690.255622019753,568.8499470950683,0.0061372817,608.8582400988923,568.6943466242933,0.007404208
897.0,587.2294729066065,335.82890674549253,0.9698287,603.3341277571444,327.54353563813186,0.96589255,586.477039750268,321.75888384612205,0.8373639,642.6158203665774,342.2657282430946,0.92579174,595.9777139007716,329.4440609356661,0.26715642,691.0137864368996,408.7661983367343,0.97471535,559.3433806229174,400.2472311413174,0.9807451,749.5453770574932,502.5935369707878,0.9108951,517.2871009597263,494.851900619509,0.91849107,652.6679900478734,525.4944784276327,0.9094832,599.2283220873649,527.878048326151,0.8968729,666.6644399173367,573.4599869232852,0.6732298,581.6657309565346,567.5361909323711,0.6846644,649.3324441292245,561.071659789475,0.052870214,556.73934320597,553.6446566613804,0.058460146,689.439054654714,569.1162468163658,0.0057965815,609.5446318767406,569.2225626562008,0.007020533
898.0,587.1070569387747,335.76912592744685,0.9674541,603.0587158181454,327.51630631630354,0.9628699,586.4571985814337,321.72962078772633,0.8256556,642.3339493271685,342.1279314553267,0.92207694,596.2210849298269,329.35383219433027,0.25895524,691.1377551759642,408.8609254899337,0.97376573,559.2592875600676,400.2727024833468,0.9801408,749.4704488614593,502.64931364728454,0.9102229,517.2419627180743,494.701113362461,0.9187484,652.3855466622203,525.3572300716153,0.9095761,599.0585115369634,527.6288028064489,0.89773464,666.6076354992719,573.5755698945844,0.66870975,581.5682577787045,567.6529885008816,0.6809813,649.3534069095981,560.9824058085704,0.05185762,556.7691929067719,553.7018797243463,0.057533294,688.7110428869241,568.6088628506368,0.0056925416,610.2585137179198,569.0709674105021,0.006906599
899.0,587.0602539723222,335.83778899859965,0.9670272,602.8601886753686,327.5672516803013,0.96215427,586.4539470263345,321.8200419754275,0.8245955,642.1458361704199,341.95764919583246,0.9205177,596.408896706703,329.32290241014357,0.25990492,691.2358148653582,408.8935463194721,0.97361374,559.2790781729154,400.2997553483388,0.98012096,749.3518867635757,502.69615897708604,0.9102932,517.1453978138167,494.54662410125627,0.91949475,652.0962985743636,525.1584138607394,0.91035557,598.717721541893,527.2267417961724,0.8993887,666.5871244418968,573.3913427810984,0.6702578,581.6006361161051,567.5089821925641,0.6830302,649.5437933589651,560.3848174649521,0.052844733,556.9873052502483,553.306615596273,0.058793813,688.2265102217503,567.4564021228259,0.0058141947,610.9706615527926,568.315041606752,0.00706622
900.0,587.0854370329038,335.9879476718876,0.9661768,602.7550333317394,327.65991259961635,0.9607941,586.4663490629747,321.97979131246575,0.8213103,642.034903631347,341.7719373936682,0.91858685,596.5111001298665,329.331323509919,0.26093486,691.274047555479,408.8618487092661,0.97368586,559.3338452204016,400.3271483872587,0.98049635,749.2079551843409,502.67346164365983,0.91036797,517.0330416564846,494.3864809012586,0.921046,651.8941844248377,524.9750491457742,0.9103638,598.3125063376903,526.8213364516736,0.90114754,666.5311385728583,573.1109227289346,0.67258227,581.6560106912369,567.3020514963508,0.6869323,649.7779713257914,559.8068569787652,0.053516507,557.3441207924077,552.9561197590356,0.059995025,687.8944384001657,566.2192291366243,0.005934745,611.6774165825636,567.4585268705996,0.0072452724
901.0,587.070975090274,336.07535187228086,0.9675633,602.6342414976306,327.6939746985386,0.96261454,586.4424712197232,322.07194232497125,0.8281729,641.8872344579796,341.58578434482826,0.9205468,596.5550944905168,329.3086615082099,0.26509288,691.2420646851534,408.81478789802696,0.9739015,559.3311632509475,400.3319250953987,0.98057294,749.0635972300993,502.55695837529606,0.9100337,516.9643968708561,494.17603253085656,0.92027575,651.8592251666862,524.8592011104965,0.91009676,598.0445186299228,526.5653533289266,0.900419,666.360004662835,572.9303546979526,0.6686883,581.5773273254252,567.1825014931877,0.6826967,649.8994780544881,559.6089561384026,0.052647382,557.5718937383913,552.9356690345423,0.058921456,687.5798523426531,565.4667633231538,0.005847156,612.2341325746073,566.9982758371578,0.007132739
902.0,586.8905115241012,335.99521535402323,0.9671401,602.3516176766656,327.59977501031847,0.9619085,586.3046851096815,322.00699152245977,0.82674944,641.58054431596,341.39284260845886,0.9197869,596.5627756756041,329.21030454846306,0.2655946,691.1545360197015,408.7974194927401,0.9740952,559.2419804455487,400.2981987523127,0.9806028,748.9472845985067,502.3839355939847,0.91049623,516.9494182911595,493.87777770866694,0.920246,651.9660775348198,524.8177958911824,0.910002,597.9432000327328,526.4791959105469,0.8998789,666.0985276896399,572.8556934690245,0.67303336,581.3579952835933,567.1178731047718,0.686059,649.8202125099075,559.6878419696853,0.053130597,557.4722838555765,553.1001725053117,0.059316754,687.1903729185625,565.2641829282096,0.0058653355,612.5157173824671,566.9774872782505,0.0071353614
903.0,586.5339825950541,335.73802285715334,0.96432817,601.8887725929867,327.3718594893668,0.95832264,586.028794568633,321.78597389406616,0.8131435,641.1092397426369,341.1813854486418,0.9153183,596.5054804894398,329.04645349021973,0.25591728,691.026322834982,408.8128634763185,0.9728334,559.098999918614,400.2448309895493,0.9799038,748.8977111224151,502.2170153537214,0.9098284,516.9478095352548,493.5456460125717,0.9213695,652.14723385968,524.8412874413507,0.9104819,597.8967926375943,526.5200194467395,0.9019507,665.8658446181494,572.7957581260723,0.67085564,581.1535080692817,567.0241561893455,0.6855807,649.5340438294131,559.728600911777,0.05212301,557.1507961422676,553.1543268500419,0.05867192,686.7180914576638,565.2906608028848,0.005706489,612.5894707164688,567.0929109651294,0.006983608
904.0,586.1287960562026,335.3721570530869,0.9632199,601.3988319480939,327.05852350252405,0.9565214,585.6928440479568,321.470752236778,0.8072185,640.6165390445225,340.97126612296404,0.9135184,596.3626314226126,328.86152347488854,0.25359023,690.8708679341437,408.8352870950789,0.97335386,558.9420846399279,400.2062937758974,0.98041505,748.9375631803234,502.07821769194095,0.9118033,516.9322604618449,493.2928968994187,0.92368424,652.3899038261304,524.8878590444024,0.912027,597.8963642684271,526.682825995156,0.9042908,665.7288455558934,572.7238826984941,0.6847737,581.0627318386034,566.9148535301708,0.6996541,649.139276267715,559.6058961298326,0.0562478,556.8849827997667,553.0180968319734,0.06337485,686.2706503620533,565.3201907697885,0.006164193,612.6221771803796,567.144324668263,0.007546872
905.0,585.8112580447076,335.0195658931905,0.96413773,601.0457825871254,326.75637923587044,0.95774055,585.4141455216366,321.1638085074369,0.8110015,640.2686261582256,340.8144461371529,0.91516924,596.1951174334625,328.7062574280004,0.2546906,690.7202959955524,408.85153777361467,0.973518,558.7950328996156,400.19365817291015,0.9806305,749.0318651467696,501.94744823384315,0.9115582,516.9085943246452,493.1557576600927,0.92379427,652.6968702119173,524.8794479900686,0.9118632,598.0287402398199,526.9381060424273,0.9042956,665.6427434743767,572.6748430479533,0.6824976,581.0196063559482,566.8542898018646,0.69797796,648.8266224955269,559.4146408396136,0.055650562,556.80826370371,552.8279965037088,0.06278172,686.0034345536624,565.3449841935886,0.0061073005,612.6832023990718,567.1843922217724,0.0074896216
906.0,585.6279629129173,334.78089653362167,0.96166146,600.8730288360683,326.54970423098655,0.95499694,585.2498964852039,320.9516181101972,0.7987822,640.1202951725013,340.7360884755771,0.91246676,596.0755165117329,328.6070774472746,0.24554661,690.6102783374315,408.8697258025963,0.9726534,558.676088745675,400.198024949912,0.97944593,749.1154023568041,501.82777677876174,0.9111073,516.8899420250473,493.086247543834,0.92099327,652.9945895303633,524.8003260947714,0.9113765,598.279843227453,527.1831339106468,0.9014703,665.5561085533325,572.6745583223558,0.67778206,580.9444290780433,566.865813967477,0.6905013,648.7023701699633,559.2815628281345,0.054606944,556.840304036207,552.7259429934267,0.06096232,685.9563289770147,565.4137600730867,0.0059907734,612.724566913093,567.3130436851526,0.0072867274
907.0,585.5544044120952,334.67420202031815,0.964225,600.8228886997224,326.45539665436644,0.9580867,585.1835377849484,320.8538646550428,0.8113605,640.0978983236214,340.7121293917696,0.9156197,596.0178840592062,328.56160261901323,0.25358018,690.5550467434389,408.8880177990055,0.9732547,558.6073069121492,400.2070663494627,0.98009646,749.155851066201,501.7558990332212,0.9109182,516.8809427701638,493.05113508513233,0.9217767,653.1715381708678,524.7266169609879,0.91146,598.4863729129977,527.3221653334459,0.9023204,665.4898310422363,572.6995164224736,0.67785096,580.8704020251575,566.9048348340684,0.69168484,648.6926744753883,559.2383445250098,0.05464405,556.8726124661221,552.7166502688121,0.061275363,686.0029182929391,565.4923326596886,0.0060016215,612.7231633978597,567.4578813284613,0.0073234737
