frame,kp_0_x,kp_0_y,kp_0_conf,kp_1_x,kp_1_y,kp_1_conf,kp_2_x,kp_2_y,kp_2_conf,kp_3_x,kp_3_y,kp_3_conf,kp_4_x,kp_4_y,kp_4_conf,kp_5_x,kp_5_y,kp_5_conf,kp_6_x,kp_6_y,kp_6_conf,kp_7_x,kp_7_y,kp_7_conf,kp_8_x,kp_8_y,kp_8_conf,kp_9_x,kp_9_y,kp_9_conf,kp_10_x,kp_10_y,kp_10_conf,kp_11_x,kp_11_y,kp_11_conf,kp_12_x,kp_12_y,kp_12_conf,kp_13_x,kp_13_y,kp_13_conf,kp_14_x,kp_14_y,kp_14_conf,kp_15_x,kp_15_y,kp_15_conf,kp_16_x,kp_16_y,kp_16_conf
0.0,652.0082,334.89783,0.98855865,666.2131,322.39435,0.97439826,637.50616,321.56683,0.9677069,686.5276,334.4688,0.83624506,617.5848,332.6869,0.74843526,715.31415,407.8424,0.9916748,591.4025,407.13745,0.9896662,730.5323,487.4021,0.94558895,588.441,490.1106,0.931571,708.47656,556.28827,0.89653337,629.18665,544.0539,0.8820925,701.115,578.0781,0.8800772,615.6406,577.4357,0.8812556,722.5686,608.63763,0.20381355,616.13824,604.47705,0.20455864,688.9053,626.4756,0.030069798,631.41785,616.88336,0.029727101
1.0,651.94324,334.7881,0.988505,666.21454,322.3678,0.97430396,637.4551,321.43707,0.96755975,686.4999,334.6211,0.83662933,617.478,332.61884,0.7489121,715.349,407.9403,0.99174523,591.118,407.25635,0.9897102,730.49445,487.95026,0.94549906,588.5091,491.22815,0.9311012,708.3889,556.78345,0.8954179,629.5974,544.8273,0.8803984,701.0291,578.5818,0.8801768,615.4674,577.9246,0.88105285,722.60754,610.40216,0.20280644,617.2537,605.9248,0.20321643,688.94293,628.55237,0.029734403,633.51544,618.3011,0.029363692
2.0,652.3056,334.68335,0.988592,666.4034,322.27478,0.9740391,637.5807,321.42755,0.968421,686.5087,334.7193,0.8339771,617.3307,333.0537,0.7561165,715.6363,408.18896,0.9917253,590.9365,407.43756,0.9901532,730.0557,489.388,0.9432342,588.68787,492.05774,0.9327613,708.1693,558.4407,0.890995,629.10156,545.6933,0.8810301,700.9563,575.52466,0.88193667,614.97144,574.83716,0.88512635,723.81006,599.0737,0.22604793,616.032,594.56934,0.23114884,690.2919,621.6257,0.036477596,633.287,611.3025,0.036649823
3.0,652.3055,334.90875,0.98859,666.4182,322.41077,0.9740792,637.58405,321.6761,0.9682808,686.5728,334.65765,0.83342373,617.3946,333.19116,0.7546878,715.6227,407.95764,0.9917125,591.2116,407.4591,0.98995686,730.15094,488.79266,0.9442688,588.49255,491.91614,0.93243045,708.37274,557.1057,0.8933212,629.5124,545.44525,0.881451,700.8377,577.7012,0.881451,615.02673,577.09326,0.8838104,722.4053,606.01764,0.21294114,616.0036,601.66064,0.21590707,688.7553,625.4707,0.032544672,632.1136,615.2968,0.032431066
4.0,651.9182,335.3565,0.9884856,666.06024,322.8305,0.97408825,637.3854,322.0193,0.9678504,686.31915,334.77808,0.8359122,617.41187,333.13434,0.75295174,715.69604,408.3366,0.9918198,590.96454,408.0088,0.9900888,729.95325,489.58673,0.9441756,588.49805,493.42798,0.93215036,708.00934,556.89557,0.89300025,629.83215,546.0275,0.88037515,700.6004,576.96094,0.8824092,614.7253,576.2842,0.8846764,721.02826,602.85516,0.22203839,613.9917,598.2912,0.22469798,687.071,622.91077,0.03505805,631.9237,612.09534,0.034903616
5.0,651.7484,335.56934,0.9882528,665.8831,323.0553,0.9737782,637.27856,322.141,0.96717,685.9964,334.66418,0.83585095,617.27234,332.78857,0.75197744,715.41235,407.96478,0.9918008,590.4755,407.70532,0.989855,729.63666,489.65375,0.94432104,588.61536,493.79773,0.9301555,707.1809,558.6204,0.8916075,629.7586,546.7213,0.8764873,700.53485,578.79376,0.87727714,614.67566,578.203,0.87825584,720.86237,606.43567,0.20491251,615.4917,602.006,0.20517588,686.2269,625.0146,0.031197399,635.2533,614.11194,0.030769676
6.0,651.32983,335.4159,0.9882238,665.5704,322.9464,0.97382045,636.91693,321.9859,0.96676385,685.85236,334.6822,0.8378139,617.0569,332.64923,0.7490776,715.03723,407.74408,0.9919421,590.05176,407.75555,0.98989654,729.66187,489.0581,0.94503963,588.99084,494.05957,0.929697,707.4703,557.1158,0.8927198,629.9843,546.51294,0.87584305,700.39655,578.0169,0.87784535,614.67523,577.72675,0.8779564,721.8314,603.9795,0.20805281,617.4787,600.1427,0.2074855,686.3662,622.734,0.03196928,637.74713,612.83826,0.03144875
7.0,651.1992,335.26416,0.98836064,665.45746,322.88513,0.9741312,636.7804,321.90216,0.9668411,685.8164,334.78802,0.83995646,616.9913,332.7155,0.7471888,714.6173,407.42743,0.9920843,590.12146,407.59625,0.99013656,729.45276,487.586,0.94612736,588.9908,492.74286,0.931326,707.51294,556.92786,0.8947104,628.6799,546.10095,0.8784569,700.6822,576.1063,0.8825748,615.25214,575.99677,0.8829962,723.1192,599.21893,0.22295278,618.30225,595.778,0.22324833,688.2301,620.5027,0.03536567,638.3047,611.3314,0.034947336
8.0,650.90936,335.43262,0.9883604,665.2986,323.13007,0.9744185,636.5665,322.00476,0.9664566,685.8144,335.03552,0.8428633,616.8342,332.63763,0.74293697,714.47546,407.32538,0.9921366,589.9818,407.68475,0.9901062,729.4335,487.00122,0.94676673,589.18414,492.95844,0.93090296,707.3898,556.98645,0.89572674,628.86847,546.0924,0.8780379,701.205,576.1474,0.8826082,615.82104,576.1077,0.8824364,723.2901,598.8991,0.22325072,618.7236,595.436,0.22252247,688.4697,620.7627,0.035373658,639.24725,611.352,0.03486243
9.0,650.4529,335.34412,0.9884473,665.05444,323.07104,0.9749478,636.22986,321.83728,0.96619153,685.81433,335.15424,0.8457308,616.6528,332.44513,0.7362454,714.02466,407.09888,0.99209625,590.2166,407.4793,0.9898414,729.2462,486.26697,0.9479651,589.1686,492.88275,0.93031836,707.2968,555.88336,0.89845705,628.77234,546.0424,0.8783268,700.9639,577.0464,0.88331056,615.8355,576.93616,0.8821409,722.97296,605.7681,0.21402434,618.6831,601.9428,0.21148843,689.50287,626.16437,0.03218642,637.45306,616.27405,0.031521678
10.0,650.54584,335.62634,0.9883728,665.0596,323.36462,0.97473866,636.36096,322.0929,0.9662585,685.7186,335.1845,0.84415984,616.7543,332.41278,0.7384267,713.97125,407.22375,0.992026,590.03467,407.6021,0.9897923,729.2526,486.25403,0.94726086,588.82935,493.10522,0.9297615,707.6166,554.7536,0.8976064,628.1244,545.926,0.87776005,700.97864,576.5031,0.8811959,615.7749,576.4486,0.8800558,724.07556,601.44775,0.21649039,618.4946,597.6693,0.21419156,690.13,622.5416,0.03348452,637.57544,612.6867,0.032820046
11.0,650.7295,335.7697,0.98832303,665.1215,323.4485,0.9744997,636.5759,322.22595,0.9661913,685.66364,334.85022,0.84279144,616.99927,332.19604,0.7401187,713.8448,406.83942,0.99210083,590.1582,407.2047,0.9898562,729.0785,485.71906,0.94787705,588.7544,492.37988,0.930387,707.4118,554.41455,0.8989332,628.233,545.749,0.87908727,700.5176,576.0692,0.88172317,615.5354,576.03253,0.8804176,723.4716,598.67487,0.2195754,617.8922,595.0958,0.21688509,688.8041,619.7536,0.03440696,637.04834,610.21423,0.033649296
12.0,650.83215,336.14197,0.98832065,665.24347,323.85742,0.97423077,636.66925,322.53247,0.9665786,685.6549,335.2426,0.8401653,616.97217,332.37054,0.74450433,713.7236,406.99988,0.9920485,590.00867,407.18768,0.98996055,729.043,485.437,0.946825,588.493,492.0072,0.930675,707.56226,553.84924,0.8971439,627.7501,545.27875,0.87908083,700.6646,576.1192,0.88136476,615.8048,576.0139,0.8809066,722.98737,597.378,0.2222794,618.3619,593.6516,0.22093251,687.93835,618.5051,0.03541118,638.2104,608.85547,0.03479904
13.0,650.7722,336.21014,0.98829216,665.2203,323.92627,0.974225,636.65094,322.5218,0.96657777,685.6548,335.34668,0.8402828,616.9527,332.29504,0.74454194,713.7893,407.3233,0.9920187,589.9098,407.0509,0.9899422,728.9636,486.5188,0.9463662,588.41473,492.22156,0.93042207,707.33813,555.0786,0.89625895,628.5444,545.65735,0.8785713,700.6672,575.65674,0.8810165,615.6418,575.3255,0.8807295,722.79034,595.97546,0.22512203,617.3609,591.92065,0.22404703,688.23505,617.6458,0.03640759,637.6038,607.67615,0.03581667
14.0,650.80005,336.4618,0.9883283,665.33575,324.04004,0.97441506,636.52893,322.69092,0.9666375,685.8757,335.55017,0.84024954,616.66364,332.6228,0.74305195,713.8725,407.5605,0.9918952,589.8314,407.58752,0.98968625,729.18207,486.7066,0.9465445,588.5166,492.89313,0.92959356,707.0239,555.9234,0.8967985,628.3071,546.153,0.8781965,700.8166,576.39417,0.87881523,615.5449,576.24097,0.87797964,724.12274,601.09814,0.21249533,618.3304,597.33704,0.21066552,689.6056,621.79504,0.03284067,637.076,612.05707,0.03220284
15.0,650.4913,336.65454,0.9883424,665.0998,324.1845,0.9746446,636.2376,322.8227,0.9665166,685.7255,335.62866,0.84161055,616.38434,332.64447,0.74049675,713.72894,407.6485,0.991848,589.86676,407.46057,0.989537,729.26227,486.43604,0.9470624,588.6564,492.10223,0.92943615,706.72345,556.6785,0.89757484,627.9069,545.99304,0.87819177,700.3541,577.7279,0.87953115,615.1444,577.38855,0.87840915,723.55023,608.4816,0.20349243,618.30383,604.37787,0.20106313,689.49866,627.33936,0.030003369,636.5423,617.206,0.0293445
16.0,650.43756,336.4098,0.9883907,665.07587,324.2207,0.97471637,636.2633,322.74298,0.9666537,685.58307,336.19592,0.841745,616.4149,332.92853,0.7406975,713.6446,407.8321,0.9917821,589.8543,407.3131,0.98952603,729.3926,486.03516,0.9467095,588.30695,491.12952,0.92958033,706.6321,556.573,0.896633,627.04456,545.05505,0.87790596,700.929,579.177,0.87925357,615.7509,578.626,0.87862,722.52,612.44604,0.19739512,618.52246,607.95374,0.19544858,689.2121,630.2412,0.028406024,636.71045,619.8664,0.027838051
17.0,650.4269,336.61517,0.9883244,665.11163,324.34595,0.97466415,636.23236,322.8551,0.96652865,685.652,336.15637,0.84167945,616.3422,332.85535,0.7402571,713.6061,407.70282,0.99173117,589.7099,407.0987,0.9894036,729.327,486.09985,0.9465491,588.3827,491.19666,0.92880154,706.6826,555.7737,0.8961787,627.0752,545.1826,0.87654024,700.52515,579.4046,0.8785825,615.2593,578.8734,0.8775707,722.7892,615.244,0.19282192,618.94165,610.80676,0.19041485,689.6327,632.44727,0.027239382,637.38696,622.2703,0.02663055
18.0,650.0823,336.81488,0.9883067,664.94214,324.50128,0.9749924,636.0549,322.9289,0.9659544,685.7837,336.125,0.84512234,616.44525,332.5523,0.73380333,713.48,407.64087,0.99176157,589.8043,407.0713,0.9892759,729.3405,485.5666,0.9473309,588.3899,490.99487,0.92801476,706.54987,555.36633,0.89793575,627.1063,544.8695,0.8762133,700.4132,579.9554,0.8775797,615.3862,579.43274,0.87564313,722.5223,615.98706,0.18970925,619.2308,611.58325,0.18599549,689.1837,632.89124,0.026501447,637.8454,622.76935,0.025786936
19.0,650.0676,336.7964,0.98828566,664.9697,324.495,0.97497183,636.04785,322.8824,0.9657907,685.8573,336.0948,0.8458774,616.4064,332.44153,0.7333084,713.3412,407.48932,0.99188656,589.70593,406.71997,0.98937297,728.6122,486.1413,0.94799477,588.4083,491.26868,0.9284818,706.3285,556.1147,0.8985096,627.05334,545.6555,0.87630117,699.9191,578.63446,0.8796222,614.90405,578.0483,0.87746584,722.27435,615.1456,0.19323805,618.94025,610.65454,0.18918964,688.9646,631.31696,0.027130663,637.83624,621.1444,0.02636823
20.0,649.99316,336.86798,0.9883002,664.8243,324.64777,0.9747716,636.04834,322.96588,0.96596813,685.4815,336.27563,0.84412,616.3945,332.46967,0.7365323,712.8779,407.38892,0.99197674,589.38544,406.79376,0.9894608,728.1383,485.11896,0.94854844,587.98303,490.92065,0.9291152,706.4972,556.02765,0.8993163,626.23096,545.79785,0.8771601,699.6726,578.16394,0.88036484,614.7383,577.6272,0.878058,721.59674,612.6865,0.19509065,617.9961,608.19385,0.19067395,687.6203,628.0138,0.027684003,636.9121,617.6359,0.026845276
21.0,649.71515,336.85443,0.988402,664.6532,324.69684,0.974889,635.8139,322.83667,0.96613955,685.3439,336.4803,0.8445456,616.13885,332.273,0.7366669,712.4034,407.45624,0.9921161,589.1577,406.4419,0.98966324,727.7562,485.22345,0.9491844,587.8665,490.6671,0.93032825,706.369,556.0898,0.9005486,626.1515,546.1421,0.8790115,699.55054,577.0082,0.8837937,614.79004,576.3207,0.8817849,721.5464,610.45703,0.20469418,618.0405,605.6899,0.20062807,687.8602,626.7638,0.029586822,636.8927,616.322,0.028764218
22.0,649.6463,337.1864,0.9883964,664.6667,325.1576,0.9747639,635.7851,323.0913,0.9663136,685.22644,337.05432,0.84264576,615.9331,332.40625,0.73835516,711.87067,407.2918,0.99204445,589.0529,406.35736,0.9895632,727.8066,484.19482,0.94918954,588.1587,490.63275,0.9302826,706.49133,554.818,0.9009521,626.08606,545.9843,0.87937665,699.53784,576.73,0.8831738,615.01874,576.0541,0.8810784,721.3444,611.7948,0.20050561,618.46875,606.8464,0.19633907,687.9014,626.8374,0.028566629,636.6883,616.12213,0.027747482
23.0,649.7808,337.26862,0.988399,664.7507,325.20093,0.9745679,635.82416,323.1291,0.96654195,685.1896,337.12634,0.8403438,615.8247,332.51245,0.7406473,711.7079,407.35962,0.9920111,588.99854,406.34583,0.98953116,727.45374,484.30328,0.9488884,588.03467,490.62854,0.930282,706.4057,554.8731,0.9010679,626.11334,545.54956,0.88026667,699.17126,575.3554,0.88138855,614.6701,574.63153,0.8793179,721.5521,606.0244,0.20408815,617.8825,600.9297,0.20018542,687.5881,621.8522,0.029983997,635.56866,610.8225,0.0291515
24.0,649.8728,337.51843,0.98834306,664.85333,325.4756,0.9743178,635.8699,323.31683,0.96665126,685.16406,337.24396,0.83843696,615.6702,332.46198,0.74332726,711.72205,407.09406,0.99192774,588.581,406.01123,0.9895137,727.4744,484.36084,0.94812787,588.2621,490.66113,0.9299642,706.0093,554.86304,0.8991149,626.10406,545.42456,0.8788379,699.3869,577.00244,0.87939906,614.62415,576.28613,0.87766933,721.01544,609.8996,0.19515485,618.2985,604.9757,0.19169384,686.5033,624.5528,0.027974308,636.9016,613.8766,0.027210236
25.0,649.8013,338.45587,0.98833513,664.892,326.28308,0.9739531,635.5134,324.0124,0.96743983,685.19507,337.89838,0.83248097,614.8174,332.95337,0.7486063,711.268,407.3816,0.9914987,588.1455,406.05646,0.98931503,727.016,484.53473,0.9450586,588.19336,490.46936,0.9292076,705.6713,555.3179,0.8949945,626.00977,545.0836,0.87852436,699.5666,576.2312,0.8719516,614.719,575.4839,0.87182736,722.0469,603.9814,0.19178614,618.6694,598.9724,0.19103873,687.46295,619.2222,0.02855891,637.2161,608.512,0.028091818
26.0,649.89484,340.22192,0.98811746,664.7635,327.8772,0.97308016,635.69727,325.5791,0.9675441,684.6281,338.55573,0.8263514,614.93726,333.56537,0.75724924,710.8121,407.49017,0.9916075,587.87366,406.0354,0.98937875,726.5725,485.23376,0.9453813,587.93463,491.0655,0.92953515,705.2275,555.34784,0.8948958,626.2437,545.1184,0.8786858,699.06244,575.66504,0.87333494,614.53656,574.9558,0.8728733,721.3982,605.3713,0.19158444,619.11163,600.59973,0.19016501,685.25586,618.7498,0.028331667,638.1414,608.10144,0.027712315
27.0,650.61255,340.27032,0.98812485,665.24384,328.13544,0.9726731,636.2509,326.04187,0.9680936,684.78656,339.20667,0.8213744,615.1914,334.688,0.7638521,710.82416,408.23395,0.99153626,587.7778,406.62897,0.9893543,726.4599,486.23157,0.94531775,587.54736,490.63733,0.93027556,704.643,555.9424,0.8944081,626.3853,544.6811,0.879595,699.3079,578.15314,0.87389517,614.51764,577.6532,0.8738478,722.0246,610.79346,0.18363228,620.03973,606.97375,0.18267456,686.46674,621.76917,0.02622366,637.82996,613.0615,0.02563268
28.0,651.21375,340.4298,0.988165,665.85645,328.6394,0.97235596,636.65076,326.32007,0.9689219,685.0399,340.75446,0.8165412,615.0447,335.84106,0.7700313,710.38306,410.23132,0.99122036,587.49896,407.44006,0.9893728,725.3253,488.57886,0.9421616,587.4314,490.51703,0.93011075,704.1663,556.9684,0.8891931,625.9347,544.1072,0.8786169,699.2095,578.7239,0.8713902,614.3651,577.7999,0.873466,721.46436,609.38574,0.18634775,619.56995,605.10706,0.18830502,687.6309,621.2229,0.027411312,637.82886,612.82556,0.027118832
29.0,650.931,341.0025,0.9881165,665.74384,329.56702,0.9720622,636.4169,327.0315,0.96902144,684.9924,342.38983,0.81562483,614.8466,336.92633,0.77096605,709.7559,411.2478,0.99111307,586.4626,407.8833,0.98934734,724.48804,489.6765,0.94013053,587.0748,491.28442,0.92887545,704.0863,557.1607,0.8852285,626.1462,544.8214,0.8756703,697.58386,579.38525,0.86303055,612.5043,578.36847,0.86541563,721.80554,600.5266,0.18337315,620.61945,596.0532,0.18654051,687.1528,613.9184,0.028360516,640.1222,605.9064,0.028219163
30.0,650.8394,341.3039,0.9882134,665.82874,330.4886,0.9720661,636.6745,327.1521,0.9695426,684.8642,343.87256,0.8161446,615.00256,336.72278,0.772966,708.131,411.8556,0.99114203,585.5877,407.41882,0.9899292,722.4019,491.30255,0.9380082,587.1711,492.37988,0.9310804,703.42163,560.53265,0.881336,625.0093,544.9426,0.8773945,695.8942,574.16144,0.86591476,611.06616,572.6313,0.87092644,721.8582,578.7992,0.22360128,616.8883,573.5036,0.23245028,688.732,600.9701,0.04089716,638.19836,592.0338,0.041536182
31.0,650.83276,341.4209,0.98813,665.8894,330.88092,0.9718261,636.772,327.2088,0.9700521,684.93335,344.68195,0.815939,615.1863,336.85406,0.77529466,707.66785,412.6938,0.99054176,584.9641,407.77667,0.99027264,721.3808,492.46515,0.9301573,587.5508,493.17834,0.9309002,701.6675,560.23627,0.8694374,626.059,545.18115,0.8751136,695.5459,572.0848,0.8583896,610.7574,570.49896,0.86860436,722.69336,561.204,0.25212634,616.62897,555.9842,0.27112293,690.056,593.7838,0.053854972,641.5918,585.6839,0.056545526
32.0,650.3143,341.7177,0.98803324,665.6615,331.2481,0.97203124,636.3608,327.3199,0.9696573,685.03766,345.33228,0.82027084,614.8889,336.89215,0.7704332,707.3084,413.75732,0.9903742,584.74084,407.54504,0.99033785,720.01434,494.87482,0.9273884,588.24194,492.8556,0.93013644,699.8461,561.54395,0.86473143,626.42004,544.56305,0.87283206,695.02277,570.94446,0.85650814,610.4081,568.82715,0.8682816,721.48083,557.92975,0.26060814,616.10535,552.2649,0.28272733,689.8873,591.2112,0.0580613,643.6959,583.51843,0.061590612
33.0,649.92706,341.81012,0.9881951,665.27905,331.33075,0.97266316,636.07587,327.4749,0.96948665,684.87134,345.38684,0.8244925,614.87897,337.08728,0.7647611,707.0268,413.40125,0.9906336,585.00183,407.41425,0.99035406,720.1003,492.8778,0.9305556,587.6651,491.53076,0.93101615,701.92255,557.1852,0.87214804,624.79126,542.8104,0.8762716,694.3194,567.66296,0.86433923,609.9671,565.53235,0.8744365,720.0373,554.9464,0.27802634,613.05536,549.28485,0.29859537,688.26074,587.5154,0.06291604,638.306,579.92706,0.06626561
34.0,649.6845,342.01886,0.98814917,665.0193,331.58533,0.9728297,635.9553,327.70624,0.9696487,684.63794,345.46277,0.82445455,614.8495,337.11017,0.76279306,706.40356,413.10236,0.99013877,585.088,406.8758,0.9900326,719.5472,492.41833,0.92814183,587.35626,490.50635,0.9300435,701.63684,558.0498,0.86930716,625.6906,542.8225,0.875088,692.94446,567.61523,0.86115056,608.737,565.2355,0.87240946,717.7757,556.1445,0.2745527,609.1561,550.2125,0.296261,687.8578,590.13855,0.06232786,633.4326,582.27216,0.065888405
35.0,649.5589,342.11658,0.988248,664.99506,331.65875,0.9730954,635.86975,327.7556,0.96970654,684.65436,345.6775,0.82400316,614.7027,337.22485,0.7611197,706.0287,413.0205,0.9902029,585.43835,406.9923,0.9897295,720.30804,491.77368,0.9308742,587.54407,490.56366,0.92983377,703.24805,557.74023,0.8745611,625.8493,542.2652,0.8767693,692.5867,567.1541,0.8634423,608.6637,564.78613,0.8728276,717.5299,562.73096,0.2630325,608.67834,556.7342,0.28083384,688.43787,592.8561,0.056185335,629.764,584.637,0.05873689
36.0,649.0751,342.8747,0.98824066,664.7349,332.3083,0.97346,635.51483,328.2381,0.969199,684.566,346.02118,0.82593393,614.42944,337.12073,0.7545775,705.6724,412.75415,0.9901564,585.5359,406.5869,0.9892224,720.48755,491.60925,0.93314415,587.5737,490.78125,0.92818296,703.2158,558.1578,0.8785304,625.22845,542.32117,0.87594676,692.21826,568.8284,0.8587282,608.4075,566.23425,0.8660496,716.5706,570.67303,0.23576626,608.0287,564.15686,0.24804688,687.6711,596.9403,0.04632643,627.3746,587.8014,0.04773903
37.0,649.16235,342.76758,0.9883013,664.71387,332.11707,0.97348183,635.4606,328.20538,0.96941996,684.5519,345.69257,0.82603323,614.3229,337.20605,0.7560563,705.56665,412.76044,0.9902808,585.76605,406.54822,0.98953176,720.1448,492.00146,0.9330121,587.89246,490.28778,0.9295907,703.34784,558.6847,0.87815905,625.23065,542.3746,0.87739885,691.9971,567.5998,0.864223,608.4729,565.0725,0.8722756,716.5439,567.3279,0.25463372,608.0672,561.1893,0.26946056,688.121,595.50696,0.052230954,628.00977,587.1213,0.054150105
38.0,649.2885,343.35742,0.98804164,664.5929,332.4018,0.9730756,635.45966,328.83356,0.9689603,684.43536,345.0108,0.82518363,614.3981,337.3258,0.75680476,705.96375,412.50806,0.9901797,585.9685,406.52606,0.9893859,719.9616,491.93542,0.9321879,587.5829,489.84552,0.9282588,702.9665,558.18524,0.8764884,625.5563,543.2806,0.87508833,691.77765,567.90326,0.86047685,608.3926,565.58466,0.86830294,716.9093,567.33044,0.24854499,609.2426,561.569,0.2623827,687.519,595.69293,0.050879747,630.70026,587.6895,0.05260569
39.0,649.44617,343.15424,0.9881692,664.67334,332.2505,0.9730056,635.5057,328.6435,0.9695759,684.3607,345.0769,0.8226307,614.3145,337.36615,0.7604252,705.6217,412.62122,0.9900677,585.7966,406.8413,0.9896026,719.84656,490.9248,0.93056667,587.4334,489.2813,0.92937434,703.4667,557.4324,0.8750237,625.00885,542.80225,0.877182,692.3236,567.1008,0.8606825,609.085,565.0023,0.87012506,718.2158,560.2475,0.2633766,610.00964,554.8644,0.28105032,688.3054,592.2494,0.05699131,631.3078,584.8512,0.059554994
40.0,649.4079,343.0251,0.9881675,664.5721,332.1518,0.9729022,635.4177,328.58356,0.96983033,684.2588,345.0509,0.8236707,614.2388,337.47925,0.7635745,705.67896,413.06647,0.99014735,585.5488,406.9668,0.9901508,719.3168,491.92627,0.92820454,587.536,488.71094,0.93101573,702.77484,559.65137,0.8700349,624.9519,542.7224,0.87727094,692.4835,565.4704,0.8662201,609.2877,563.31445,0.87778676,717.6441,553.3683,0.29475215,609.7434,548.2953,0.3187551,688.20624,589.11005,0.06965673,634.21985,582.47156,0.07388362
41.0,649.4346,342.92212,0.988115,664.6453,332.06512,0.97262716,635.3534,328.41235,0.9700018,684.24756,345.24347,0.8214426,614.04474,337.51794,0.76560324,705.73126,413.219,0.9899062,585.28076,407.04846,0.99008054,719.1415,492.45837,0.92552894,587.7211,489.57788,0.9300208,702.17804,559.6981,0.8657509,625.61725,543.43787,0.8751631,692.50146,565.9987,0.8605024,609.1312,563.792,0.87324375,717.78516,551.794,0.28833693,610.609,546.3838,0.31381682,687.96063,588.8251,0.06877625,635.7833,581.7186,0.07335371
42.0,649.36804,342.98273,0.9881698,664.57745,332.18152,0.9728087,635.24725,328.5542,0.9702257,684.272,345.4726,0.82282495,613.9412,337.84833,0.7655904,705.8617,413.38538,0.98986804,585.30164,407.1792,0.99027365,719.08154,492.7729,0.92396986,587.8474,489.4776,0.930537,702.03424,559.9143,0.8632562,625.67,543.0907,0.87505317,692.5895,565.1259,0.86377645,609.1282,562.8485,0.87750185,717.12933,548.0646,0.30781513,609.3134,542.64966,0.33681148,688.08765,587.45514,0.07736647,635.3677,580.45544,0.08311579
43.0,649.20026,342.72742,0.9882689,664.4279,332.14697,0.97300446,635.21704,328.38458,0.97030866,684.10944,345.74658,0.82491606,614.05414,337.8379,0.7653272,705.4311,413.1175,0.99010015,585.20636,407.33447,0.99063647,718.8005,492.34222,0.9247478,587.9834,490.28027,0.93221474,701.61835,560.70233,0.8638047,625.75433,543.96484,0.87655807,692.88214,563.7486,0.8706311,609.68787,561.671,0.8844322,716.95526,544.25775,0.33436906,609.3547,539.1478,0.36621928,688.453,587.22046,0.08832848,635.6852,580.45197,0.09530774
44.0,649.31555,342.69177,0.98821986,664.4775,332.104,0.9728354,635.30914,328.3653,0.97030914,684.1046,345.6548,0.825185,614.1789,337.83295,0.7670239,705.56726,413.35968,0.9901511,585.1532,407.53046,0.9908645,718.92926,492.24884,0.92349684,588.1439,489.95734,0.93262506,701.8447,559.90344,0.8616897,625.8818,544.04956,0.87626064,692.9182,563.0391,0.87194246,609.84656,561.0032,0.88644886,716.7842,539.8588,0.35028237,609.8245,534.902,0.38490415,688.02893,585.0591,0.096889704,638.1345,578.73413,0.105081916
45.0,649.4322,342.7959,0.9881186,664.61005,332.1479,0.9726821,635.50995,328.38904,0.9695673,684.0989,345.49225,0.8238045,614.41956,337.5086,0.7637404,705.8647,413.23334,0.99024206,585.7175,406.96606,0.9902666,719.4194,491.7871,0.9280418,588.069,489.05884,0.9310216,701.7759,559.6961,0.86870575,625.35284,543.47205,0.87622654,693.40845,567.32623,0.86327547,610.3773,564.9888,0.8750918,717.75757,552.82324,0.2889105,612.34406,546.8815,0.31286782,688.005,589.91003,0.0681124,638.4347,582.0237,0.07239017
46.0,649.4344,342.385,0.98821676,664.4784,331.60425,0.9730737,635.4502,328.10657,0.9699104,684.21686,344.7154,0.82745504,614.5724,337.39563,0.76348674,706.252,412.9339,0.99026334,585.7105,407.48492,0.9907787,719.29474,491.24982,0.9256073,587.7208,489.17932,0.9325068,701.7689,558.74225,0.86539155,624.4296,543.6438,0.8770069,693.5737,564.21265,0.8721216,610.36096,562.282,0.88561004,717.90326,541.5018,0.3430344,609.80554,536.5985,0.37467492,688.7828,585.45184,0.09267837,637.79785,578.92334,0.09989306
47.0,649.6221,342.19873,0.98834825,664.5891,331.4682,0.97331715,635.70294,327.93445,0.9703066,684.33203,344.41016,0.828678,614.87115,337.06628,0.7648717,706.419,412.63452,0.99042654,585.6826,407.61847,0.99114984,719.64825,489.92523,0.9253668,587.56,488.91565,0.93406844,702.5599,557.7672,0.865615,624.1981,543.7532,0.878945,693.77783,562.67505,0.8805632,610.49286,560.8788,0.894287,717.6074,534.465,0.3871323,607.6267,529.7999,0.42282078,688.17615,582.8531,0.11514521,636.18933,576.4817,0.12469888
48.0,649.7998,342.03278,0.9881345,664.7887,331.2846,0.97264034,635.8511,327.7823,0.9698651,684.4306,344.27722,0.82538784,615.00476,336.91724,0.76615906,706.38873,412.6831,0.9903152,585.5514,407.49072,0.99089277,719.1571,491.43152,0.9250047,588.01874,490.16058,0.9325638,701.1239,559.3496,0.86374414,626.12897,544.70935,0.87640697,693.4176,566.1368,0.86968577,610.1747,564.452,0.88347983,718.89764,539.01965,0.3423368,611.80634,534.4425,0.37469646,688.2557,584.42224,0.09409186,640.85815,578.20544,0.10156909
49.0,650.07074,342.07117,0.9880796,665.0867,331.32886,0.97254646,636.0955,327.82684,0.9696288,684.6368,344.36493,0.8231847,615.1157,336.94763,0.764542,706.57513,412.5854,0.99010086,585.5849,407.44507,0.99026936,719.71313,490.34033,0.9263909,587.5607,489.71326,0.93011975,701.7321,557.9774,0.86664987,625.1083,544.5375,0.8746655,693.18896,568.78424,0.8589009,609.6418,567.06287,0.8711888,719.615,546.0802,0.29329205,612.3883,541.13293,0.3182305,687.9403,586.42664,0.07244527,639.0106,579.5707,0.077144355
50.0,650.4279,341.96094,0.9881222,665.4859,331.1952,0.9724788,636.27765,327.7083,0.9697049,684.94006,344.46057,0.82110953,615.0063,337.10974,0.7653186,706.7642,412.5982,0.9900758,585.72577,407.72626,0.9900801,719.6633,489.9839,0.9272914,587.6579,490.12317,0.9296419,702.1142,557.46344,0.86826015,624.93134,544.3904,0.87474954,693.6541,569.9707,0.8559197,609.9962,568.32275,0.8675356,719.6703,550.9408,0.27397883,613.2343,545.84064,0.29606682,687.5608,588.31604,0.0640668,638.66113,580.9155,0.06783411
51.0,650.5924,341.70837,0.9881346,665.6917,330.90057,0.9727838,636.4483,327.52905,0.9694349,685.34515,344.3012,0.8235692,615.2952,337.1493,0.7616005,707.28107,412.94916,0.9901061,586.0792,407.82483,0.9898857,719.74976,490.35297,0.9283271,587.3612,489.68073,0.9286088,701.5986,557.2084,0.87024164,625.3047,544.88525,0.8738941,693.75696,570.64246,0.8557414,609.8998,568.87085,0.86618334,719.5076,553.0921,0.26890332,612.5496,547.8674,0.28840804,687.7608,589.2818,0.061712265,637.28906,582.0626,0.06489232
52.0,650.766,341.66724,0.98815364,665.8319,330.95782,0.97270876,636.69275,327.55634,0.9696572,685.4706,344.31177,0.8235463,615.61194,337.12274,0.7635459,707.2916,412.73724,0.99011075,586.4119,407.94415,0.9901897,719.6365,490.36554,0.926916,587.9732,490.518,0.92973185,701.24976,557.0625,0.86769044,625.82587,545.24384,0.87425286,693.85364,569.9354,0.85887104,610.2987,568.2774,0.87065154,719.44147,549.5602,0.28643966,612.78485,544.44434,0.3097483,688.0469,588.4197,0.06894186,638.3784,581.16565,0.07316774
53.0,650.73083,341.6969,0.98807883,665.9447,330.9936,0.972867,636.74384,327.57794,0.9686763,685.6753,344.5459,0.825928,615.7981,337.18396,0.7573546,707.95624,412.81482,0.99035835,586.76764,407.73834,0.98966146,720.77075,490.5655,0.9316858,587.67206,490.4699,0.9277812,701.52734,557.7421,0.874235,625.14294,545.56287,0.8728268,694.8178,573.15015,0.8524493,611.0968,571.2922,0.86049324,719.90845,562.53656,0.23893592,615.718,556.7803,0.25263,687.6997,594.0072,0.049706608,639.5543,585.79175,0.051555306
54.0,650.9363,341.61536,0.9879794,666.12933,330.80872,0.9728221,636.9218,327.52045,0.96836674,685.9467,344.42316,0.8265921,616.0343,337.30176,0.7563392,708.91656,413.4983,0.99031174,586.82214,408.34412,0.9894343,721.5247,491.4085,0.93165874,587.3632,491.0066,0.9263135,701.46936,557.4126,0.87424207,625.3296,545.47327,0.8712485,695.29584,574.14417,0.84847784,611.01605,572.22974,0.8557121,721.48346,565.5392,0.22653344,616.57275,559.5006,0.23837763,688.61646,595.7212,0.04569435,640.2969,586.99133,0.04717931
55.0,650.5488,341.7204,0.98795176,665.7585,330.90747,0.973317,636.79504,327.76782,0.9676411,686.03894,344.30328,0.8340838,616.68634,337.4071,0.74819934,709.25446,413.05988,0.9904117,587.01514,408.74634,0.9896903,721.73944,490.48383,0.9314964,587.62537,491.35974,0.9264513,701.9843,556.9349,0.8736645,625.9166,546.0741,0.8702773,696.0918,573.3003,0.8493347,611.87537,571.90546,0.856954,722.292,557.8288,0.2417292,616.94653,552.9397,0.2550876,688.98425,592.0773,0.051630557,642.58984,584.8504,0.053604692
56.0,650.6043,341.98688,0.98796135,665.9479,331.12695,0.9735427,636.8651,328.02338,0.9676989,686.4665,344.50244,0.83472073,616.7409,337.63074,0.7462623,709.4464,413.34338,0.9902361,587.1218,408.95514,0.9894532,721.79224,490.87524,0.9308944,587.3147,491.48737,0.9253278,701.862,557.1089,0.87334925,626.524,546.2301,0.8691495,695.67334,574.1068,0.84827614,611.32385,572.6239,0.85570586,721.0182,561.5282,0.23621926,615.44135,556.64636,0.24866372,688.1018,594.0621,0.049592584,640.15424,586.9723,0.051351488
57.0,650.7306,341.84583,0.987947,666.15247,330.9192,0.97355247,636.9381,327.89795,0.9675684,686.7995,344.57715,0.8353799,616.87445,337.83716,0.74505955,709.91785,413.5935,0.9902358,587.3391,409.13263,0.9893638,722.16187,491.0321,0.93080515,587.6374,491.39954,0.92455435,701.9704,556.3699,0.8731088,626.7865,546.132,0.86801374,695.8655,573.90686,0.8472527,611.3978,572.44324,0.8542437,721.92035,563.0985,0.23119673,617.0146,558.2173,0.24307114,688.7271,594.4581,0.04777053,641.5523,587.59796,0.049417138
58.0,650.7231,341.82367,0.98790723,666.1422,330.98047,0.97370785,637.0191,327.935,0.967229,686.87744,344.6963,0.8379295,617.1386,337.87732,0.742112,710.11005,413.77643,0.9902954,587.3502,409.05408,0.9893631,722.09436,491.33905,0.93117094,587.38763,491.09637,0.9241787,701.8205,557.35767,0.87294537,626.69714,546.5242,0.86698467,696.11884,573.8042,0.84738094,611.4823,572.27747,0.85391164,723.0223,560.9335,0.23462942,617.2116,555.9359,0.24620193,690.3793,594.0545,0.049194157,642.47864,587.14655,0.050853014
59.0,651.06116,341.9839,0.98778963,666.4868,331.00348,0.97335947,637.3585,327.9054,0.96711624,687.07715,344.4298,0.83539987,617.3666,337.48383,0.74437845,710.1713,413.70105,0.9903005,587.54663,408.6975,0.9891938,722.2873,491.625,0.9313689,587.5307,491.06122,0.9230901,702.291,557.7832,0.8727975,627.2768,546.8833,0.8654779,695.8769,574.02637,0.846265,611.4607,572.3977,0.8518203,722.7035,564.4756,0.22721466,618.06165,559.2811,0.23696944,689.6675,595.92194,0.046428114,643.4296,588.698,0.047676593
60.0,651.6073,341.86542,0.9879706,666.91754,330.98303,0.97349226,637.8234,327.89325,0.96801054,687.5267,344.20453,0.8359807,617.76874,337.40436,0.7491664,709.8225,413.39105,0.9903017,587.3751,409.72504,0.990018,722.4052,490.08563,0.9278705,587.87115,491.79712,0.9256315,702.28723,557.66205,0.86790526,626.42523,546.96454,0.867785,696.07477,570.8295,0.85310745,612.1832,570.05536,0.8622495,724.3706,545.5227,0.2833474,618.8714,542.21075,0.30219895,690.5962,588.45886,0.068951726,646.3892,583.5817,0.07250461
61.0,651.9047,341.88257,0.9880084,667.34735,330.8864,0.9738574,638.16815,327.7531,0.96755606,688.16797,343.92688,0.83973765,618.20807,336.99805,0.74447155,710.436,413.23676,0.9905646,587.87146,409.03778,0.9900795,722.40125,490.6198,0.9306214,588.1465,491.11218,0.9264274,702.12616,557.973,0.8717464,625.88293,546.4983,0.86907136,696.37744,570.33215,0.85743403,612.2579,569.31177,0.86534774,725.15186,548.3517,0.2827993,618.7161,544.73096,0.2996813,692.3192,589.92566,0.0669913,646.6129,584.84155,0.070073456
62.0,652.2387,341.76776,0.9881342,667.97455,330.9975,0.9740171,638.376,327.7234,0.96784353,688.88086,344.96564,0.8387449,618.08295,337.67383,0.74372196,710.3413,413.48254,0.9904461,587.93585,409.13586,0.98981416,722.70764,489.88916,0.93117094,588.0599,490.4914,0.92584383,702.23096,557.0989,0.8734125,625.5414,545.109,0.86962646,696.4409,570.4967,0.85444635,612.29675,569.4391,0.86176157,725.1937,551.84973,0.2655288,620.18823,548.1083,0.28071916,693.1327,590.59485,0.05988741,645.88464,585.67444,0.062449634
63.0,652.8581,341.4245,0.9881603,668.5921,330.72833,0.9737184,638.8651,327.39813,0.96824634,689.22784,344.9333,0.8349315,618.1251,337.56665,0.7497307,710.6768,413.44324,0.9905369,587.97833,409.1598,0.989779,723.2364,489.6897,0.93230355,588.0512,490.9159,0.92627954,702.23096,556.63525,0.8748094,625.8586,545.08093,0.8704337,696.61426,571.3083,0.85615027,612.18665,570.2064,0.86273265,725.7769,557.2363,0.25645897,620.9471,553.0301,0.27009666,694.2749,593.72473,0.055406958,645.86066,587.8335,0.057475507
64.0,652.9865,341.52246,0.9881686,668.68713,330.82642,0.97359014,639.0601,327.5014,0.9683864,689.1927,344.9112,0.83271074,618.30176,337.5078,0.7510148,710.31616,413.24646,0.9905033,588.0413,408.81836,0.98960173,723.1013,488.7069,0.93294907,587.7149,489.52264,0.92596805,702.5249,556.6411,0.87651294,625.5424,544.222,0.87106717,695.65576,571.72174,0.8551055,611.4582,570.497,0.8610145,723.78937,557.7237,0.25026375,619.1169,553.5568,0.26217538,691.58295,591.56537,0.053453773,642.86456,585.86536,0.05509162
65.0,653.1275,341.48206,0.9881336,668.8606,330.6911,0.9735239,639.26447,327.32178,0.96844935,689.48303,344.50824,0.8336845,618.5643,337.01312,0.75262207,710.5967,413.45087,0.99063313,588.04456,408.77972,0.9899597,723.12006,489.7495,0.9318142,587.8969,490.09564,0.9267157,702.6724,556.0698,0.8745775,625.8605,544.11694,0.8711313,695.4493,569.5144,0.8611826,611.31995,568.2478,0.86804104,724.173,553.00287,0.2773437,619.0452,548.9279,0.29246026,691.83844,589.441,0.06322914,644.51154,584.04095,0.06565976
66.0,653.10156,341.4295,0.9880985,668.87915,330.5158,0.9737638,639.36084,327.2572,0.9676661,689.66125,344.04675,0.83570504,618.86066,336.66833,0.7467616,711.06757,413.1588,0.9908576,588.43756,408.401,0.98948824,723.9054,489.99316,0.9362663,587.6177,490.06152,0.92541444,703.31647,556.56433,0.8813235,625.9005,543.7153,0.8709961,695.3759,572.037,0.85982037,611.0346,570.6587,0.8630517,724.3902,565.37463,0.24387309,619.3652,561.0706,0.25136966,691.8114,595.8664,0.049171805,642.4243,589.85443,0.04992971
67.0,653.3576,341.46008,0.98811126,669.13055,330.5799,0.9736361,639.6648,327.31323,0.96760213,689.7287,344.2619,0.83425343,619.1304,336.8313,0.74771345,711.17706,412.787,0.99100494,588.81616,408.14648,0.98933196,724.28,488.8982,0.9387715,588.02686,489.6231,0.9258704,703.741,556.18243,0.885168,626.49036,543.49176,0.8723085,695.1176,572.60095,0.8612351,610.7582,571.1349,0.86286974,723.773,571.5748,0.2292923,619.13354,566.84686,0.23384368,691.2689,598.1013,0.043408304,640.6032,591.2032,0.04360771
68.0,653.5354,341.4439,0.9880394,669.30444,330.61304,0.9733505,639.9091,327.23767,0.9674922,689.75653,344.2846,0.83346105,619.4032,336.6129,0.74950397,711.1929,412.79395,0.99105144,588.92896,407.92065,0.9894954,724.01666,489.0874,0.9381921,588.23334,489.4895,0.92617583,703.5056,556.73157,0.8836358,626.70953,543.2146,0.87197495,695.4573,572.48724,0.8602476,611.37683,570.9137,0.8624561,723.1068,569.4375,0.23126718,620.0064,564.50134,0.23664427,690.1269,596.2803,0.04448518,643.04126,589.07904,0.044825763
69.0,653.2774,341.70654,0.9880097,669.07227,330.86108,0.9735354,639.7746,327.44092,0.9673611,689.66235,344.31256,0.8350476,619.4882,336.49622,0.7469248,711.2714,412.9098,0.9908986,588.69855,407.87354,0.98936284,724.2855,488.8454,0.93725014,587.3727,489.06787,0.92520976,703.4967,556.5669,0.882753,626.3984,543.04333,0.87112254,695.3625,573.2524,0.8560568,611.10126,571.57764,0.85841924,723.19415,566.66925,0.22979724,619.0856,561.5308,0.23530796,690.0303,595.5654,0.04497412,642.53107,588.1233,0.04537633
70.0,653.43506,341.4729,0.98805815,669.219,330.71924,0.97353065,639.90674,327.25494,0.9677184,689.77313,344.3684,0.83457947,619.5854,336.48132,0.74858904,711.24445,412.94598,0.99075854,588.6829,408.00134,0.9894923,724.35443,488.69922,0.93537235,587.44714,489.12988,0.92540306,703.19946,557.2016,0.8797367,626.2254,543.4029,0.8707981,695.49646,572.7901,0.85426545,611.2785,571.18787,0.85807365,724.0052,561.3236,0.2381891,619.56775,556.279,0.24638319,690.93384,593.6102,0.04873696,643.4728,586.3496,0.04964444
71.0,653.5919,341.2378,0.98806024,669.3113,330.53912,0.97342265,640.0426,327.05872,0.9678563,689.7004,344.32098,0.83394116,619.6529,336.44446,0.75052226,711.2398,413.01013,0.99075913,588.7734,407.97717,0.9896189,723.8659,488.98663,0.93445545,587.58905,489.09833,0.92551136,703.2607,557.03467,0.8776903,625.5752,542.9358,0.8699367,695.8054,572.2735,0.85556847,611.68536,570.5942,0.8600873,723.153,560.7555,0.24341226,619.05096,555.6193,0.25264677,690.2353,593.00385,0.050535858,643.79364,585.6199,0.051630557
72.0,653.64526,341.04688,0.98818564,669.3626,330.44495,0.9735515,640.0883,327.01947,0.968214,689.7728,344.5144,0.8336245,619.7655,336.74,0.75130373,711.1202,412.69922,0.9907713,589.0782,408.0326,0.9897196,724.3633,487.643,0.9348161,587.55133,488.51984,0.92668706,703.54205,556.54236,0.87876225,625.50684,543.036,0.8720081,695.9533,571.8081,0.85796934,612.0601,570.3188,0.8629004,724.023,558.602,0.25048673,620.05493,553.65686,0.26104134,691.7021,592.28674,0.052817255,643.6088,585.18335,0.054184318
73.0,654.0724,340.94165,0.98810965,669.7755,330.28894,0.9731971,640.4216,326.89496,0.9684607,690.0078,344.47137,0.82972944,619.8654,336.79218,0.7549734,711.39655,412.5553,0.9905169,589.24255,408.16675,0.9894748,724.66455,487.7942,0.9333598,587.9204,489.3545,0.9254416,703.34973,556.17926,0.8762156,626.1402,543.6037,0.86981833,696.40564,572.7013,0.8540691,612.3221,571.31885,0.8592193,723.96826,563.6196,0.23578233,620.33777,558.7898,0.24578518,692.0049,595.0076,0.047955394,643.382,587.9214,0.04912269
74.0,654.2572,341.02057,0.98815167,670.09436,330.31946,0.97330314,640.6131,326.89368,0.9683839,690.36115,344.53284,0.8285961,619.9479,336.73126,0.75354916,711.4853,412.3097,0.99053895,589.60004,408.2575,0.989129,725.251,487.4397,0.93538654,587.9771,490.12177,0.92457604,703.7111,556.40405,0.87973547,626.2394,543.7761,0.8699305,696.37354,574.65015,0.8530003,612.3835,573.29895,0.8562218,723.3589,572.84656,0.21635446,620.8912,567.8502,0.22260055,691.27386,600.10266,0.04073149,641.5683,592.3551,0.041199863
75.0,654.4237,341.06268,0.98823214,670.16974,330.30487,0.9736029,640.6822,327.05756,0.9687046,690.7202,344.4187,0.83197224,620.2867,337.0733,0.7526876,711.81036,412.66254,0.99046797,589.8631,408.52917,0.98969555,724.6582,487.56165,0.93184793,587.5917,488.9295,0.92582583,703.45807,556.75146,0.87471306,626.5587,543.26056,0.87063795,696.81244,571.6972,0.85743415,613.019,570.4779,0.8638041,723.89606,555.5404,0.2630726,620.22095,551.1519,0.27632093,692.2728,592.40454,0.058178008,643.67865,585.9108,0.060136855
76.0,654.39386,341.32867,0.9881201,670.1582,330.57043,0.9734497,640.7446,327.28302,0.96834946,690.76636,344.4923,0.8330952,620.5137,337.0321,0.7522198,712.04095,412.8437,0.99055696,590.0944,408.5083,0.9898441,724.7913,488.12817,0.931411,588.0061,489.08337,0.92580986,703.27277,556.7908,0.8733742,627.3755,542.7714,0.8698795,697.2782,571.7065,0.8580793,613.801,570.4293,0.86470914,723.92334,555.13495,0.26780084,622.10266,550.6192,0.28180468,691.93896,592.61993,0.059954822,647.2886,585.95044,0.06213683
77.0,654.53265,341.3899,0.9881237,670.3528,330.68884,0.9733633,640.8891,327.36133,0.9683101,690.90466,344.76776,0.83189476,620.5265,337.198,0.7532567,712.097,412.83704,0.9906996,590.3278,408.59912,0.9897299,725.2166,488.47083,0.9333689,588.48035,490.10864,0.92586005,703.8111,556.27094,0.8760066,627.84656,542.9209,0.870214,697.41016,572.14453,0.8600161,613.97205,570.89795,0.86525714,724.7157,562.4337,0.25525796,623.6761,557.70544,0.266658,693.1364,596.3921,0.05378881,647.3871,589.1977,0.055321544
78.0,654.7501,341.57312,0.98805326,670.5103,330.7445,0.9731012,641.0247,327.45135,0.9683964,691.00885,344.47284,0.829845,620.5282,337.0125,0.755919,712.3713,412.85352,0.99065685,590.39075,408.4085,0.9897219,725.5167,488.90448,0.93265104,588.5371,489.98492,0.9256666,704.02673,555.8679,0.87506145,628.3006,542.396,0.87019634,697.6061,571.801,0.85920143,614.1303,570.51404,0.8646997,725.5247,561.68915,0.25615662,624.4105,556.8989,0.26810396,693.55304,595.8054,0.05436772,648.5447,588.51746,0.055988222
79.0,654.852,341.64685,0.9881276,670.5794,330.7871,0.97317886,641.06476,327.4702,0.9686624,691.0359,344.38635,0.82974076,620.43646,336.93713,0.75740826,712.4535,412.74365,0.99080783,590.31757,408.0288,0.98988867,725.3163,488.45654,0.9332408,588.1711,489.11133,0.9266208,704.5348,555.1631,0.87635374,627.8253,541.90234,0.87172234,697.10767,570.0393,0.8647123,613.4509,568.52386,0.87016356,724.82227,557.44525,0.27515694,622.11945,552.1758,0.28789318,693.02386,592.8255,0.060989797,646.4429,584.8668,0.06282151
80.0,655.0077,341.54285,0.9881476,670.694,330.6656,0.9732996,641.136,327.39185,0.96851325,691.1187,344.31372,0.830361,620.40625,336.99536,0.7563473,712.8194,412.93805,0.99087083,590.30176,408.46454,0.9898225,725.55585,489.01544,0.9342803,588.1133,489.88806,0.926406,704.41345,556.21747,0.8778292,627.8272,541.73773,0.8719841,698.0446,571.1688,0.8633212,614.04504,569.7488,0.8680734,725.6957,558.9496,0.26720965,622.2819,553.7873,0.27819508,693.87695,594.0819,0.057874143,646.3802,585.8717,0.05932927
81.0,655.0102,341.5921,0.98817366,670.67285,330.71967,0.9734033,641.1303,327.4698,0.96848065,691.0838,344.32245,0.8303956,620.3628,337.0584,0.7555231,713.07886,413.0924,0.990898,590.43384,408.3338,0.9897048,725.85126,488.9273,0.9351495,587.76025,489.1142,0.92629683,704.97614,555.88855,0.8795598,627.32544,541.01514,0.87250435,698.1823,572.1961,0.8634635,613.9897,570.5144,0.8676233,724.85504,561.4066,0.26096788,620.829,555.7336,0.27034923,693.2548,594.4033,0.05535564,644.4655,585.50793,0.056464255
82.0,655.16626,341.75842,0.98831403,670.8199,330.79358,0.9735036,641.1328,327.57336,0.96908844,691.26984,344.27026,0.8285494,620.1702,337.12952,0.75809926,713.1054,413.01135,0.99082536,590.5215,408.33777,0.9897951,725.88446,488.99774,0.9347729,587.7586,489.29102,0.92766297,705.0882,557.32214,0.87957263,628.35425,541.39075,0.8751192,698.22406,571.78076,0.8648697,613.86914,570.1317,0.8699927,726.1919,559.2326,0.26886994,620.48914,553.44354,0.28054565,695.1739,594.81836,0.058214486,643.0111,585.43176,0.05976802
83.0,655.0825,341.8139,0.9882085,670.77686,330.86285,0.9735013,641.134,327.5888,0.96872187,691.25336,344.37677,0.82963336,620.31506,337.08716,0.75490236,713.09247,413.31,0.99063635,590.36456,408.43896,0.9895603,725.6204,489.40723,0.93311346,587.67615,489.23846,0.9252895,705.1846,557.21765,0.87700427,628.15936,540.97406,0.87147605,698.03033,572.82275,0.8583951,613.64044,571.0355,0.86336064,724.0864,557.4465,0.2608305,618.7598,551.7038,0.27126774,692.5472,592.6349,0.05697736,642.4964,583.5408,0.058310598
84.0,655.1812,342.11267,0.98816764,670.9768,331.1303,0.97330153,641.2659,327.72064,0.9686806,691.3294,344.52545,0.82636106,620.24506,336.8955,0.75602704,712.9023,413.13507,0.99058616,590.3356,408.31696,0.9891639,725.7934,489.4665,0.9342643,587.6721,490.12787,0.92381895,705.50055,556.7984,0.8788805,627.9435,541.1238,0.8703741,698.10956,574.7447,0.8540324,613.7539,572.93896,0.8572896,723.69806,565.76013,0.2345837,619.44183,559.82794,0.24110675,691.54395,595.6687,0.047406018,641.5571,586.0597,0.047913194
85.0,655.2722,341.9201,0.98830926,671.0819,331.0099,0.9734776,641.37396,327.5614,0.9694694,691.4151,344.6266,0.823853,620.2717,336.9126,0.7571888,712.8616,413.17432,0.98996794,590.31006,408.29602,0.98889565,725.72705,489.77075,0.93101674,587.36084,490.4616,0.9238513,704.88165,556.7893,0.8756901,627.8704,541.11707,0.871171,697.56256,576.58826,0.84502685,612.68646,574.5536,0.8509059,722.69305,566.6012,0.21971098,615.4506,560.3506,0.2288987,691.48334,596.9066,0.04390371,635.4059,586.97833,0.04484266
86.0,655.2956,342.06763,0.98829377,671.1085,331.10718,0.9733577,641.2054,327.71057,0.96984804,691.51794,344.78583,0.8225622,619.9057,337.27344,0.7594502,713.0319,413.38715,0.9897009,590.16064,408.60046,0.9890076,725.9037,490.60236,0.92743325,587.7988,491.1714,0.9234578,704.8613,556.56976,0.8705492,628.26825,541.10504,0.8698076,697.63153,575.1128,0.84335446,612.65186,573.1424,0.85140145,722.63293,561.23737,0.23171091,615.31946,555.2533,0.24461636,691.3453,594.1973,0.048977852,636.1007,584.7933,0.050640225
87.0,655.32635,342.3236,0.9882492,671.2168,331.22455,0.9734672,641.23584,327.76135,0.96945703,691.7137,344.6394,0.82436657,619.8453,336.9944,0.7573621,713.6104,413.82385,0.98990595,589.9639,408.9436,0.9889435,726.0411,491.92816,0.9290788,588.0681,492.6906,0.9227681,704.83575,556.90326,0.8725784,628.6622,541.6969,0.8688008,697.6434,576.40295,0.8446473,612.1261,574.2558,0.8511318,722.3693,566.5178,0.22534779,614.2756,560.06433,0.23548213,690.473,597.49615,0.045971364,635.61865,587.08856,0.047097176
88.0,655.13934,342.71082,0.98805,671.27704,331.43744,0.97337115,641.18677,327.99286,0.9686816,692.04517,344.63306,0.82444155,620.0457,336.81836,0.75224423,713.9168,413.79205,0.9896066,590.14087,409.07648,0.98813415,727.1666,491.29944,0.929309,587.9245,492.7907,0.9186785,705.6197,555.60864,0.87313604,628.53723,541.36646,0.8644936,697.9256,580.3973,0.82938796,612.5511,578.399,0.83337784,723.0521,578.3051,0.18127778,618.1131,571.96985,0.1864664,689.81366,602.403,0.032931507,638.71265,592.1312,0.03325343
89.0,655.1871,343.0016,0.98812914,671.4594,331.81622,0.9736084,641.3296,328.20026,0.9686676,692.35223,345.1458,0.82699865,620.26215,336.93744,0.75185806,713.9858,414.0194,0.9899778,590.13947,409.60223,0.98848766,727.48645,490.8601,0.9309583,588.0476,493.83252,0.9198239,706.16547,556.20825,0.8750728,629.77515,542.74005,0.8656316,698.4419,578.98413,0.8380941,613.1894,577.16156,0.84138227,724.4796,574.7366,0.19987866,619.6593,568.28046,0.20526236,691.3867,602.36145,0.03766799,640.81903,591.4977,0.038045466
90.0,655.1338,343.25116,0.988109,671.5707,332.10516,0.9741186,641.44464,328.38916,0.9676959,692.62213,345.5636,0.83347225,620.5913,337.08594,0.74290997,714.4644,414.62073,0.9901803,590.8505,409.69275,0.98841125,726.86475,492.48682,0.93356144,589.1753,494.05988,0.91976625,705.38666,559.0967,0.8774383,629.45245,542.58813,0.86440337,699.0636,581.5969,0.83961385,613.8042,579.26416,0.8415726,721.53534,586.96497,0.18276599,617.8976,579.80725,0.18528128,689.6126,609.3434,0.031594068,640.093,597.45337,0.03159225
91.0,655.30945,343.09503,0.9881098,671.6733,331.98444,0.97403795,641.62256,328.2589,0.96786773,692.70984,345.53613,0.8348789,620.8875,337.08765,0.7449649,714.77716,414.82367,0.990232,590.8294,409.6577,0.98893464,726.53217,492.77747,0.93138266,589.32904,493.64526,0.9211626,705.45166,559.1742,0.87339246,629.14746,543.0945,0.86434174,699.5231,578.6961,0.84245735,614.2198,576.3417,0.8468673,722.16516,576.2899,0.20491388,617.7533,569.2185,0.21120825,690.08405,603.0986,0.038684756,642.5501,591.6727,0.03927946
92.0,655.51685,343.40137,0.9882201,671.9058,332.31665,0.97416764,641.85114,328.49487,0.9682243,692.8605,345.90485,0.8343591,621.01013,337.2516,0.7466222,714.62787,414.99457,0.9903298,591.0438,409.4654,0.989059,726.64636,492.06464,0.9324955,589.09674,492.22412,0.922706,705.83185,559.0033,0.87572896,628.0842,542.1575,0.86727285,699.48303,577.3003,0.8486165,614.3151,574.75323,0.8531945,722.00446,575.8191,0.21441564,616.674,568.5309,0.22121927,690.7136,602.48505,0.040804774,640.68396,590.97424,0.041459173
93.0,655.70435,343.5849,0.98814356,672.0866,332.5462,0.97371167,641.9854,328.6527,0.96873814,692.89844,346.08392,0.829379,620.90454,337.26947,0.75241923,714.3331,415.2644,0.989938,590.76685,409.6313,0.9889136,726.82355,491.84534,0.9292996,588.7022,492.029,0.92181116,705.94604,559.1109,0.87094736,627.88214,542.49713,0.8658738,699.4294,578.19934,0.8420137,614.4318,575.7439,0.8481937,723.13806,575.575,0.20747256,618.6618,568.3878,0.21628895,691.3608,602.5293,0.039766967,642.67737,591.32294,0.040727258
94.0,655.83276,343.74713,0.9881031,672.19446,332.68103,0.97357035,642.01917,328.76947,0.9689338,692.92957,346.11145,0.8277929,620.72595,337.30957,0.7546958,714.1815,415.4754,0.9898156,590.6112,409.76074,0.98888534,726.6351,492.0097,0.9278902,588.4863,491.92273,0.92113304,705.8476,559.6398,0.8684944,626.88477,542.9269,0.86444485,699.1906,577.6035,0.8411453,614.2516,575.14124,0.8478143,723.3083,573.6534,0.21143284,618.58484,566.50635,0.22106203,691.6602,601.4334,0.04144916,643.12115,590.3458,0.04254991
95.0,655.9367,343.93243,0.9880988,672.30225,332.90863,0.97336566,642.1575,328.88306,0.9691837,692.8378,346.4054,0.82500196,620.7548,337.3437,0.75780857,713.6711,415.51056,0.9898008,590.54987,409.93262,0.98882544,727.1381,491.33807,0.927964,588.62476,492.01416,0.92087483,706.7676,559.0508,0.8687881,626.6601,543.0513,0.86449766,699.06055,577.27484,0.841757,614.4904,574.9826,0.84799755,724.14703,573.86176,0.21225074,620.079,566.9691,0.22160974,692.51666,601.47284,0.041581154,643.9749,590.76697,0.04260671
96.0,655.9495,344.1454,0.9880456,672.2422,333.0785,0.9732765,642.1006,329.10187,0.969206,692.7033,346.49127,0.824023,620.6908,337.57208,0.75799274,713.8487,415.72168,0.98950636,590.59705,410.28845,0.9886744,727.1827,491.2096,0.9255885,588.42896,491.98047,0.91951823,706.63635,558.51013,0.8654229,625.5726,542.6373,0.86253625,699.77515,578.4009,0.8344445,615.1984,576.1356,0.8417095,724.21436,572.82324,0.20478946,620.4928,565.9029,0.21474707,692.01086,601.0208,0.040328324,645.00525,590.1741,0.041481048
97.0,656.07666,344.5962,0.9880942,672.25946,333.40485,0.97341484,642.04755,329.57733,0.96939033,692.77563,346.4898,0.82418203,620.53186,337.97528,0.7582723,713.99744,415.8924,0.9894622,590.70355,410.4776,0.9887687,727.2472,491.9583,0.92522204,588.22314,492.0016,0.92022264,706.34515,559.4717,0.86514,625.0445,542.9684,0.8637906,700.18,578.1517,0.8350374,615.5376,576.0023,0.8430778,725.5611,570.35834,0.21093136,620.845,563.84796,0.22226653,693.6987,601.16516,0.042372704,645.1976,590.96747,0.04378426
98.0,655.8739,344.69116,0.98801965,671.96326,333.50604,0.97342587,641.9326,329.84448,0.9689188,692.53424,346.58215,0.8260258,620.7108,338.37927,0.75536096,714.1249,416.1073,0.9895245,590.86066,410.76868,0.9886879,727.25104,492.35266,0.92645127,588.3489,492.19458,0.92015207,705.9561,558.5523,0.86696327,625.3007,543.02014,0.8636728,699.9651,579.65546,0.8347453,615.3375,577.55206,0.8420587,725.0257,575.7505,0.20116812,621.1086,569.4591,0.2109555,692.93713,604.5812,0.038698852,645.0782,594.8911,0.03981015
99.0,655.70483,344.87616,0.98803246,671.87006,333.64423,0.973596,641.7858,329.9889,0.9686713,692.60046,346.6966,0.8281413,620.66345,338.48346,0.7526159,714.13916,416.27002,0.98965955,590.9391,410.86108,0.9887359,727.3644,492.3285,0.9272784,588.5285,491.909,0.92015874,706.5887,557.5512,0.86876905,625.13464,542.15186,0.8641709,699.90015,578.83887,0.8366263,615.4421,576.7031,0.8434067,724.10516,574.7965,0.20470959,620.8095,568.6353,0.21394753,691.6543,602.6304,0.03954935,645.0238,593.2973,0.040593147
100.0,655.3892,345.0379,0.9879773,671.54486,333.865,0.97357917,641.5662,330.23755,0.9686295,692.3982,346.95636,0.8296417,620.69556,338.77686,0.75188756,713.9354,416.42816,0.9895586,590.77386,410.91138,0.98888797,726.99603,492.85022,0.92511255,588.56537,491.8908,0.92001593,706.18207,558.37036,0.86502177,625.45703,542.505,0.86266977,699.37805,577.59283,0.8361324,615.0708,575.45844,0.8443137,723.3634,569.3396,0.21567893,620.3063,563.46344,0.2273818,690.8448,599.5091,0.043872595,645.7094,590.87067,0.04540968
101.0,655.4808,345.06232,0.9879596,671.6068,334.0097,0.97351277,641.5263,330.37146,0.9689126,692.47485,347.32715,0.8299412,620.5445,339.21027,0.7536037,714.2375,416.5633,0.9893254,590.5379,411.00323,0.9891217,726.8049,493.19635,0.9211275,588.7673,491.7716,0.91994965,705.52484,560.2667,0.8578311,625.64996,543.24744,0.86037326,699.9934,576.57996,0.8338718,615.423,574.433,0.8447058,723.37683,561.68805,0.22931105,620.19824,555.85596,0.24543002,690.84436,596.25464,0.050127476,647.6839,587.7954,0.052648604
102.0,655.21515,345.0614,0.9879409,671.3498,334.0523,0.97374225,641.372,330.4414,0.96847737,692.34766,347.38177,0.83350915,620.6281,339.29102,0.7498882,714.1843,416.6322,0.98952925,590.486,411.17438,0.989228,726.481,493.45154,0.9226227,588.83344,492.05798,0.92023724,705.15955,560.5957,0.8595196,625.7536,543.5213,0.8602892,699.9767,576.60077,0.8375054,615.4347,574.52563,0.84755754,723.0662,562.34827,0.23398846,620.01855,556.7615,0.24938145,690.6926,597.04224,0.05113274,648.1036,588.9479,0.053560108
103.0,655.3259,345.29297,0.988097,671.32495,334.4027,0.9737444,641.3917,330.71808,0.96936405,692.1717,347.83588,0.8329953,620.4924,339.70782,0.7562734,714.10913,417.08862,0.98968065,589.9929,411.17004,0.98991346,726.13684,494.1131,0.92025745,588.40137,491.636,0.9231179,705.32153,561.523,0.85527277,625.2585,544.2629,0.8623105,699.86884,573.48755,0.84785223,615.1104,571.2638,0.8604442,723.1275,551.1648,0.27919108,618.18787,545.5197,0.30223787,691.08997,592.77155,0.06886825,647.92316,585.0106,0.07336426
104.0,655.2494,345.40613,0.98811674,671.2915,334.50897,0.97388685,641.359,330.79272,0.9692654,692.1758,347.93927,0.83361363,620.47186,339.72845,0.7543226,714.1342,417.12415,0.98966575,590.2882,410.9712,0.98977894,726.05237,494.3222,0.9211885,588.58813,491.5287,0.9230397,705.3729,561.1459,0.8570585,624.7058,544.14606,0.86266965,699.7321,573.5812,0.8480344,615.0063,571.131,0.86015797,722.55896,555.1686,0.27060384,617.3104,549.06067,0.2921108,690.86816,594.2039,0.06458357,646.01556,585.87085,0.06858796
105.0,655.0758,345.492,0.9881792,671.12946,334.67212,0.97396576,641.2221,330.95184,0.9693529,692.0629,348.17474,0.834136,620.38275,339.94135,0.7542912,713.8094,416.9668,0.98978406,590.1279,411.0468,0.9899018,725.65454,493.44202,0.92245007,588.68665,491.42798,0.92432237,705.0938,560.7856,0.859164,625.18054,545.5212,0.86440265,699.3749,573.28796,0.851127,614.6328,570.9767,0.8630747,722.71716,553.7179,0.27635098,616.914,547.7585,0.2983352,691.06635,592.6461,0.06663057,645.24646,584.6316,0.07080525
106.0,654.8439,345.32983,0.98820794,670.9311,334.6601,0.97405314,641.0675,330.87476,0.96926284,691.8676,348.51343,0.8356079,620.31146,340.1217,0.753516,713.6008,416.97083,0.98998326,589.97064,411.0487,0.99002427,725.40607,493.3695,0.9238125,588.7578,491.66058,0.92505985,704.9158,560.7031,0.86073685,625.3023,545.6111,0.8650998,699.15326,572.3043,0.8553226,614.3933,569.9784,0.8666466,722.8406,553.23895,0.28404868,617.0119,547.10815,0.30602127,691.62354,592.2533,0.06893337,645.2627,583.9911,0.073186606
107.0,654.93756,345.4973,0.9882978,670.9115,334.77856,0.9740107,641.1122,331.0227,0.9696348,691.6974,348.3576,0.83381605,620.2092,340.06824,0.7571117,713.2815,416.99323,0.9901858,589.88275,410.9087,0.9901986,725.37646,492.71063,0.9256774,588.18695,490.54407,0.92698157,705.3428,560.24695,0.86442673,624.8421,544.87946,0.8690408,698.54083,571.6383,0.8614764,613.9011,569.267,0.87240857,723.05133,552.1826,0.29723954,616.235,545.99817,0.31983128,691.9964,591.752,0.073130995,643.779,583.42126,0.07755366
108.0,654.78064,345.59082,0.98824763,670.7332,334.83875,0.974115,640.9844,331.0573,0.96925056,691.5433,348.35437,0.8364788,620.17163,340.0504,0.7544055,713.3883,417.14246,0.99028707,589.8717,411.02856,0.9903065,724.70496,493.71594,0.92609835,588.64343,491.40198,0.92725074,704.2913,562.1577,0.86420983,624.9679,545.849,0.8685913,698.5199,571.0957,0.8625477,613.7786,568.60944,0.87347585,722.5461,551.49756,0.3020576,615.29486,545.07983,0.32480606,691.37036,592.05176,0.07503596,643.8447,583.1669,0.07961896
109.0,654.80615,345.77448,0.9881439,670.64294,334.95575,0.9738915,640.9977,331.2497,0.9690882,691.3352,348.2707,0.83538944,620.21606,340.13196,0.7552261,713.1853,417.24164,0.9902071,589.65466,411.42126,0.9901834,724.4038,493.69604,0.92582726,588.7614,491.8369,0.9263418,703.38617,563.01355,0.8634322,625.6866,547.0443,0.86723554,698.3733,572.1233,0.8586472,613.6431,569.89294,0.8693353,723.4166,551.43915,0.29337955,616.25146,545.5235,0.3149572,691.4466,592.7463,0.07221344,645.0226,584.4586,0.07642585
110.0,654.6355,345.78223,0.9881614,670.4333,334.91827,0.9740436,640.81573,331.2387,0.9690511,691.1391,348.3728,0.8365185,620.1031,340.31525,0.75395036,713.26184,417.88287,0.990233,589.7146,411.59528,0.9902059,724.07635,494.72235,0.92602456,588.55664,491.80017,0.9266529,702.84686,562.8457,0.8642642,625.85034,547.1354,0.86805415,698.2997,571.8575,0.8613904,613.4214,569.3645,0.8720745,723.3655,551.6835,0.30174074,615.02185,545.2824,0.32386655,692.34265,593.96204,0.07506055,643.7208,585.25854,0.07949865
111.0,654.4786,345.79504,0.98805195,670.3079,334.9452,0.9737743,640.68756,331.26434,0.96862495,690.9374,348.49005,0.835444,620.0075,340.36176,0.7528295,712.9572,417.73718,0.9902146,589.51337,411.477,0.98992586,723.69617,494.62958,0.9271101,588.66,492.1319,0.92541957,702.3573,562.4801,0.8656508,626.36945,547.82074,0.86656,697.81604,573.7144,0.85518134,613.06586,571.2748,0.864764,722.59796,557.7199,0.27193564,616.54474,551.34406,0.28995633,690.29675,596.2284,0.06283471,644.5151,587.6394,0.065984696
112.0,654.2561,345.85382,0.98802817,670.1325,334.96252,0.9738717,640.4864,331.32574,0.9684404,690.921,348.45197,0.83663905,619.8805,340.38318,0.7508453,713.1588,417.75684,0.99024296,589.2889,411.25903,0.9898219,723.89734,494.79034,0.9275898,588.2502,491.77307,0.92483324,702.6299,561.7932,0.8665768,626.5516,547.7112,0.8658736,697.4383,573.7997,0.8556937,612.3912,571.2292,0.86461926,721.81323,559.6612,0.26893333,615.4763,553.1648,0.28558683,689.34454,596.8935,0.061270833,643.2602,588.3695,0.0640848
113.0,654.1907,345.95538,0.9880351,670.05365,335.05615,0.97381926,640.4087,331.43738,0.96862626,690.82605,348.59448,0.83549225,619.7421,340.54486,0.7522507,712.9895,418.11444,0.9901861,588.9456,411.39844,0.9897541,723.52826,495.26123,0.92721236,587.9747,491.67944,0.92454493,702.4192,561.83154,0.8660859,626.61816,547.9794,0.865481,697.13385,574.1519,0.8560357,611.87634,571.5613,0.8649657,721.7089,561.1604,0.2676564,614.7185,554.85565,0.28422946,688.98816,597.28467,0.06068018,641.9931,589.339,0.06341198
114.0,654.1132,346.04443,0.9880324,669.97015,335.08545,0.97372514,640.26135,331.56207,0.96840036,690.71423,348.57837,0.8343556,619.53394,340.71643,0.7519103,712.8694,417.75226,0.99033785,588.86896,411.5122,0.9895158,723.5334,494.33752,0.9300007,587.83575,492.1977,0.9240465,702.8834,559.6107,0.8708498,627.17505,548.6183,0.8659445,697.12573,575.17456,0.8539655,611.83923,572.83826,0.86078584,721.91156,566.5901,0.24640992,615.8358,560.4166,0.2583952,688.45435,598.9692,0.05203548,641.5417,590.95636,0.053678155
115.0,653.9101,345.8557,0.9880433,669.7342,334.9334,0.9737352,640.10406,331.50372,0.96826315,690.5082,348.48236,0.8349638,619.526,340.78058,0.75079036,712.7582,417.44647,0.99035656,588.84515,411.43152,0.98951215,723.5844,493.6936,0.9309757,587.8507,491.86786,0.9248247,702.4957,559.32086,0.87247956,627.13727,548.9359,0.8671702,696.8497,576.18445,0.85290766,611.58136,573.9602,0.8597019,721.7578,569.55994,0.23591268,616.292,563.61365,0.24738023,688.0242,600.5082,0.048118383,641.35693,592.91034,0.049614727
116.0,653.79803,345.94055,0.9879749,669.588,334.9159,0.9736673,639.9612,331.61273,0.9680542,690.33386,348.36456,0.83393705,619.3961,340.9217,0.7494699,712.75446,417.0382,0.9902053,588.94196,411.30664,0.9891478,723.6556,493.09442,0.9317428,587.74536,491.66943,0.9238951,702.2891,559.14886,0.8739736,627.3441,549.1589,0.8666463,696.88403,577.38916,0.84862536,611.47534,575.24426,0.8545135,721.3755,575.17303,0.2157141,615.8329,569.31525,0.22459584,687.87427,602.8406,0.041515917,639.67365,595.18335,0.04248318
117.0,653.5481,345.6615,0.98802495,669.38574,334.82135,0.97371495,639.7633,331.44092,0.9680539,690.09607,348.7127,0.83424765,619.2214,341.08038,0.74863935,712.459,416.99255,0.99022686,588.86835,411.2976,0.9891548,723.823,492.32306,0.9323895,587.85425,491.2171,0.92449975,702.1223,558.72986,0.87523305,626.7292,548.626,0.8678162,696.7808,577.3897,0.84830976,611.4379,575.1855,0.8542029,721.09503,574.8751,0.21256867,615.80554,568.8091,0.22141123,688.02924,601.681,0.040560424,639.1226,593.8273,0.04152915
118.0,653.31976,345.6206,0.9879819,669.0711,334.69812,0.97367036,639.46344,331.44794,0.9679784,689.8563,348.44135,0.83466816,618.96967,341.12683,0.7485932,712.43695,417.13873,0.99021775,588.70123,411.48694,0.98925304,723.23157,492.807,0.93151647,587.4941,491.2129,0.9244479,701.2834,559.4616,0.8738105,626.74756,548.9562,0.8674942,696.89154,576.6148,0.84880733,611.5849,574.4798,0.85529864,720.9859,571.4083,0.22119746,615.70483,565.5802,0.23121148,687.41907,599.8113,0.043623954,639.7195,592.2833,0.04483214
119.0,653.50916,345.68414,0.988014,669.0886,334.67688,0.9734336,639.45233,331.57544,0.96850824,689.6042,348.263,0.8299469,618.6276,341.36023,0.75337267,712.0237,416.90717,0.9900708,588.5563,411.70984,0.98906326,723.2441,492.32172,0.9313779,587.05457,491.42377,0.92420745,701.42163,558.4643,0.8745085,626.2905,548.8226,0.8682584,696.2694,577.172,0.84777534,610.9973,575.25073,0.85406923,720.6485,573.465,0.21620378,614.91016,568.0299,0.22552502,687.171,601.31055,0.04190159,637.11176,594.11066,0.042897433
120.0,653.20544,345.44354,0.98785424,668.70874,334.4041,0.9732506,639.17303,331.36823,0.9678098,689.17755,347.8664,0.8309164,618.4678,341.08087,0.75008917,711.99,417.37598,0.9900849,588.6322,411.47687,0.9888457,723.20416,493.3966,0.9319971,587.42395,490.6682,0.9231847,701.2124,559.1394,0.875227,625.70953,547.95026,0.86719006,695.10583,579.3358,0.8414042,610.004,576.99786,0.8467691,720.066,576.3482,0.199278,615.40906,570.20026,0.2066679,686.0519,601.49225,0.037276655,638.442,593.5838,0.037960976
121.0,653.0579,344.99518,0.9880111,668.54395,334.1878,0.97323525,639.0251,331.04596,0.9684222,688.91797,348.09814,0.8305461,618.20575,341.13416,0.7542776,711.35254,417.33746,0.990298,588.50006,411.32288,0.9894581,722.7773,493.4425,0.931949,587.9889,490.62592,0.92668235,700.70593,559.3825,0.8750894,626.12244,548.20105,0.8712292,694.64777,576.61597,0.8518917,609.9212,574.2804,0.85924035,720.2079,571.2225,0.2262707,615.7635,565.1192,0.23823875,686.9961,599.2246,0.04487759,638.85046,591.719,0.046358168
122.0,652.7209,345.11115,0.98797286,668.25,334.3028,0.97331595,638.74896,331.13684,0.9680588,688.6667,348.28766,0.83182204,618.08716,341.2229,0.751009,711.15674,417.50775,0.9902127,588.50696,411.5205,0.98930407,722.91656,493.04352,0.93205976,588.4237,490.23334,0.9260498,701.05225,558.96985,0.8757156,626.4548,547.73694,0.8709327,695.26483,577.8622,0.8471044,610.7233,575.579,0.8542907,719.8837,573.0826,0.21336436,616.55927,567.17505,0.22413301,686.26746,599.15643,0.041157514,639.9347,592.0841,0.04243332
123.0,652.65186,344.87903,0.98791116,668.1473,334.17114,0.9730144,638.60767,331.00702,0.9682046,688.4641,348.4671,0.8300489,617.8708,341.42834,0.7534883,711.0297,417.72614,0.9900108,588.18536,411.6054,0.98934186,722.4032,493.6278,0.92970926,588.50134,490.49042,0.9258337,700.6438,558.7582,0.87169075,627.3099,548.07385,0.8695719,695.6653,578.49194,0.8426231,611.0258,576.25354,0.85137975,719.8655,572.022,0.20942208,617.41504,566.20703,0.22201866,686.3431,598.4408,0.04077962,641.9098,591.78235,0.0423657
124.0,652.518,344.9348,0.98783475,668.05664,334.1549,0.9726622,638.5029,330.9402,0.96815145,688.26526,348.45923,0.82687706,617.7103,341.2401,0.75550115,710.7156,418.09045,0.98997563,588.07886,411.51306,0.98906803,722.3268,493.81482,0.93001497,588.1937,490.1018,0.92460614,700.4719,557.8441,0.872565,627.43994,547.5967,0.86885434,695.18445,579.4004,0.8391429,610.8249,576.9839,0.84684956,719.3333,577.2387,0.1951856,618.6373,571.0613,0.20552832,685.03253,600.1582,0.036273926,642.3145,593.2268,0.037406266
125.0,652.405,345.14746,0.98775625,667.87665,334.2544,0.9724941,638.37683,331.17688,0.96792185,688.0744,348.28796,0.8261372,617.6466,341.34924,0.7555692,710.65155,417.9043,0.990038,588.07556,411.34644,0.98898077,722.0662,494.25122,0.93098545,588.08765,490.1756,0.9244704,700.5049,557.58673,0.87362933,627.7176,547.50977,0.86856747,695.1623,580.14056,0.83995014,610.8196,577.8192,0.846861,719.0714,582.1481,0.1879966,619.019,576.3169,0.19689912,684.77795,602.62256,0.033674866,642.4932,596.19904,0.03453037
126.0,652.07806,345.14783,0.9877926,667.6884,334.24847,0.9727783,638.13196,331.06647,0.9676074,688.0491,348.23267,0.8285625,617.4635,341.03394,0.7519092,710.4326,417.62708,0.9902261,588.0314,411.11273,0.98896724,722.11945,494.29102,0.93296474,588.3276,490.6964,0.9246388,700.45044,557.6168,0.8767808,628.0426,547.69604,0.86929864,695.02856,580.0318,0.8430978,610.7869,577.69617,0.84872377,718.7321,584.7506,0.18778986,619.01324,578.85187,0.19515505,684.6882,604.2749,0.032930672,642.0366,597.6741,0.033566058
127.0,652.3466,345.1703,0.9877789,667.7828,334.31067,0.972406,638.34265,331.05872,0.9685389,687.7938,348.29376,0.82233775,617.4204,341.02502,0.7582414,710.12463,418.27368,0.98950154,587.7172,411.54303,0.98873425,721.66626,494.88293,0.927415,587.7915,490.74536,0.9235022,700.42163,558.2905,0.86943746,626.8057,546.8401,0.86801684,694.7297,580.91626,0.8310573,610.1607,578.4048,0.84007657,719.30884,577.74316,0.18490016,616.04987,571.5813,0.19572818,685.63275,599.7094,0.034305155,639.0323,592.65283,0.035460085
128.0,652.2273,345.08508,0.98777246,667.5967,334.1494,0.9723928,638.1393,330.963,0.9684559,687.6335,348.0794,0.8238609,617.23914,341.0448,0.75792885,710.07605,417.9939,0.9896992,587.66,411.41956,0.98907423,720.9131,495.4588,0.9273683,588.4702,491.4165,0.9245654,700.0891,558.12646,0.86890703,627.19507,547.17267,0.86844003,694.4208,578.04456,0.8373091,609.8256,575.61194,0.84678733,719.185,571.6384,0.2038624,615.1116,565.6897,0.21672511,685.61127,596.07025,0.039883316,639.2501,589.24963,0.041431427
129.0,652.05176,345.17554,0.9878162,667.46246,334.17004,0.9724289,637.9552,331.0371,0.96865666,687.58484,348.01135,0.8227803,617.0612,341.07446,0.75844866,710.0591,417.57373,0.9896395,587.90094,411.2343,0.9889645,721.2829,494.37286,0.92767656,588.2016,491.00122,0.92475146,700.3669,557.31006,0.87020946,626.84875,546.9637,0.8696387,694.24426,577.0944,0.83737695,609.78894,574.65674,0.8467407,719.3092,571.88544,0.20190796,615.10425,565.6289,0.21460843,685.82916,594.97986,0.039216906,637.8822,587.4678,0.040730655
130.0,651.9168,344.91687,0.9878719,667.36975,333.9702,0.9724591,637.81055,330.72864,0.96890885,687.44434,347.8717,0.82156813,616.7453,340.72766,0.7599386,709.6989,417.30377,0.9896858,587.8326,411.0511,0.9889933,721.64343,493.8496,0.92805696,588.1353,491.0705,0.92510426,700.7395,556.91016,0.87122667,626.5706,546.6867,0.87072283,694.17474,576.16724,0.84111035,609.9442,573.7262,0.8502432,719.5521,571.54474,0.20932499,615.3893,565.0869,0.22239444,686.61804,595.0539,0.041089416,637.44696,587.10345,0.042675912
131.0,651.7278,344.89642,0.98789424,667.1519,333.79663,0.972713,637.55176,330.73218,0.9687034,687.412,347.5791,0.8242448,616.6402,340.8294,0.75664234,709.8851,417.2024,0.9897437,587.9629,410.90106,0.98904485,721.36884,494.5971,0.9283348,588.2484,490.8667,0.92522466,700.51746,557.7346,0.87144685,626.39496,546.43884,0.87072825,694.2039,575.5022,0.8425835,609.8735,573.0803,0.85169834,719.589,570.34814,0.21355966,614.85406,564.2316,0.22693554,686.829,594.42084,0.042328358,637.1096,587.0835,0.04399857
132.0,651.5851,344.6562,0.98794276,667.01746,333.55566,0.97281384,637.41174,330.52417,0.9687567,687.37335,347.29626,0.8255935,616.5701,340.6184,0.75615543,709.67975,416.8747,0.9898108,587.82947,410.87402,0.9892657,721.3813,494.5525,0.92797256,588.5792,491.17102,0.92593026,700.8839,558.3913,0.8704543,626.39935,546.6653,0.8709636,694.0259,574.7812,0.84461004,609.85156,572.5862,0.8543526,719.8556,567.6902,0.22214764,615.3981,562.16284,0.23723966,686.8261,593.43665,0.045136184,638.1533,586.9117,0.04715824
133.0,651.64575,344.9134,0.98792547,667.02,333.74585,0.9727032,637.4615,330.75165,0.9687941,687.2629,347.22974,0.82393926,616.5739,340.6443,0.7571873,709.6857,416.588,0.98975885,588.1656,410.6277,0.98913807,721.27966,493.88562,0.92836535,588.6135,490.6515,0.9258282,700.6098,556.64575,0.8715768,625.96185,545.6057,0.8715137,694.276,575.31506,0.8438754,610.2683,573.0609,0.8533579,719.57715,571.09265,0.21430439,615.4818,565.30914,0.22826949,686.48346,594.74994,0.04229021,637.58484,587.7353,0.044048846
134.0,651.8531,344.7932,0.98795414,667.1534,333.6576,0.9722947,637.51733,330.63995,0.9695028,687.1963,347.07178,0.8190795,616.283,340.51447,0.7641113,709.49927,416.31555,0.9895919,588.0808,410.3147,0.98931,721.3504,493.45288,0.9260901,588.75494,490.20245,0.92685616,700.61743,556.5418,0.8682597,626.4398,545.56305,0.8725234,694.30316,574.6907,0.8440522,610.4563,572.44006,0.8554955,719.7899,568.7013,0.22075173,616.22034,562.8111,0.23808151,686.6117,593.6068,0.04482299,638.49805,586.4585,0.04717323
135.0,651.89124,344.72754,0.9879283,667.0826,333.6761,0.97204727,637.5499,330.5495,0.96975327,686.8543,347.11353,0.8170438,616.1347,340.40656,0.76808697,709.4831,416.4903,0.98959804,587.89246,410.44116,0.9894638,721.39703,493.62726,0.9251492,588.7473,490.67737,0.92737126,700.31116,556.63196,0.866662,626.5272,545.64734,0.8727732,694.40485,574.1896,0.84607524,610.48517,571.7718,0.85824525,719.3251,566.9347,0.22984281,615.2469,560.46735,0.24882603,686.2561,593.4915,0.04790768,638.25525,585.2354,0.050605416
136.0,651.7232,344.51575,0.9879969,666.9319,333.4599,0.9722141,637.3938,330.3379,0.9698466,686.8106,346.93518,0.8186916,616.06934,340.2444,0.76759243,709.31824,416.31396,0.9896997,587.69653,410.40997,0.9897121,720.9225,493.50867,0.9250668,588.7012,490.8109,0.92841995,700.1189,556.64374,0.86653864,626.6113,546.02924,0.8738417,694.3634,572.78735,0.8500508,610.4178,570.5078,0.86272746,719.77515,562.71375,0.24506089,614.93884,556.5527,0.26639485,686.80115,591.5229,0.053118885,638.4435,583.7378,0.056410074
137.0,651.7976,344.3376,0.98800975,666.8828,333.2932,0.9720493,637.4304,330.23993,0.97002864,686.6226,346.77075,0.8174504,616.0915,340.26837,0.7700281,709.1753,416.123,0.9897312,587.57666,410.58698,0.9898797,720.7231,493.2353,0.92464143,588.9264,491.06848,0.9291357,700.119,556.48236,0.8655568,626.5578,546.32,0.8742608,694.59216,572.4602,0.85152864,610.657,570.4382,0.86475706,720.36273,560.4809,0.25170326,615.28595,554.8584,0.2746502,687.08185,590.25525,0.05567524,639.14386,583.1583,0.05933413
138.0,651.5959,343.92224,0.98797315,666.6899,332.9757,0.97176355,637.34503,329.73572,0.9700372,686.2183,346.76453,0.8166833,616.0228,339.83917,0.77274954,708.7676,416.29364,0.9899378,587.1376,410.5031,0.99009407,720.5544,493.7923,0.92470795,589.2986,491.69788,0.9295257,699.9607,556.7471,0.8645961,626.8771,546.541,0.8738253,694.25995,571.3384,0.85507655,610.46643,569.2503,0.8681124,720.56055,559.4935,0.2616241,616.302,553.6988,0.28565165,686.9322,589.9779,0.058882177,641.1733,582.7351,0.06282696
139.0,651.61993,343.67865,0.9880132,666.67896,332.85004,0.97158915,637.22705,329.5918,0.9705701,686.1077,347.0044,0.81483614,615.6906,340.12048,0.77664423,708.7193,416.41516,0.9897597,586.73846,410.48267,0.990313,720.5013,494.46246,0.92143065,589.2816,491.86023,0.93014264,700.0245,557.22705,0.85914564,626.64734,546.62317,0.87324166,694.296,570.4,0.8549558,610.3185,568.2814,0.8701932,720.124,555.53766,0.27314982,616.00354,549.8486,0.30208993,686.78845,588.275,0.06434506,641.8182,581.47925,0.06952715
140.0,651.4707,343.57715,0.98804,666.497,332.65552,0.9717106,637.1007,329.41315,0.9705461,685.9362,346.6593,0.8162861,615.6725,339.83228,0.7761681,708.64435,416.38104,0.9898966,586.7662,410.40662,0.9904977,720.1123,494.937,0.9215346,589.4245,492.09924,0.93067014,700.11,557.3375,0.8588462,626.382,546.8749,0.8733078,694.3812,569.6548,0.8592093,610.4668,567.5273,0.8743955,720.13043,553.732,0.28803432,615.3815,548.0993,0.3184895,687.2335,587.8806,0.06993702,642.17474,581.16626,0.075689435
141.0,651.2741,343.18842,0.98802495,666.31024,332.24927,0.97171134,636.91406,329.05133,0.9703716,685.8023,346.29498,0.8170842,615.5538,339.53662,0.77539694,708.78656,416.17664,0.98993754,586.5138,410.42645,0.99048233,720.2865,494.66968,0.92188704,589.3413,492.21643,0.93043417,700.1825,557.0572,0.8591454,626.50525,546.75964,0.87289417,694.82184,570.18353,0.8574479,610.7124,568.18384,0.87248194,720.3747,554.94055,0.27977887,615.959,549.51373,0.3090664,686.86426,588.00244,0.06660187,643.1057,581.4592,0.071968555
142.0,651.2239,343.04968,0.9879775,666.1462,332.01642,0.9715556,636.83215,328.9754,0.97012115,685.5476,345.9516,0.81661415,615.55817,339.52435,0.77520424,708.737,416.10638,0.99004763,586.7057,410.3684,0.99041116,719.8996,495.0548,0.9231439,589.44495,492.17743,0.93014896,700.0682,557.03937,0.8605332,626.1922,546.51996,0.87256587,694.73193,570.82306,0.8563225,610.8213,568.8676,0.87055993,720.36926,558.2274,0.2682047,616.99664,552.9201,0.29502612,686.2901,588.958,0.061564982,643.8546,582.5353,0.06616455
143.0,651.02466,342.91412,0.98803353,666.01013,331.92316,0.9718003,636.6668,328.7845,0.9700677,685.45605,345.87305,0.81774694,615.36505,339.23218,0.7735113,708.628,415.94586,0.9901296,586.74084,409.9629,0.9903699,719.91626,494.83325,0.9243843,589.1135,491.73492,0.930264,700.14166,556.75903,0.86275494,625.5417,546.00946,0.87341976,694.9485,570.61926,0.8583166,611.0845,568.4785,0.8718648,720.333,559.56775,0.26909447,616.74005,553.7708,0.29483837,686.7852,589.8,0.06117153,643.05927,582.67664,0.0655444
144.0,650.7919,342.96387,0.9880546,665.8335,331.8499,0.972216,636.4569,328.7827,0.96972275,685.4836,345.57068,0.82006645,615.24677,339.05212,0.76831794,708.62854,415.65118,0.990162,586.8219,409.68604,0.99007547,720.07086,494.7605,0.92677665,588.56445,491.5686,0.9294876,700.40424,556.22363,0.86742574,625.17377,545.48724,0.87399,694.6377,571.0774,0.8586328,610.5784,568.89624,0.8704295,720.29395,563.1008,0.2605543,615.18616,557.2837,0.2823553,687.5066,591.80023,0.057044744,639.8522,584.5614,0.06047204
145.0,650.50696,342.72223,0.98805386,665.5709,331.65057,0.9723029,636.3239,328.5371,0.9692754,685.23956,345.48596,0.82272524,615.35693,338.81177,0.7663535,708.6573,415.4848,0.990576,586.6425,409.70782,0.99020886,720.21356,494.55176,0.9297863,588.468,492.10358,0.9299357,700.67914,556.2097,0.8712734,625.0842,545.25305,0.8746469,694.6623,570.2833,0.8631098,610.57355,568.1577,0.8730848,720.60156,563.30066,0.26512614,615.8636,557.3843,0.2845621,687.2024,591.6184,0.057501227,640.71606,583.85767,0.06047201
146.0,650.5138,342.61987,0.988036,665.5326,331.52924,0.97220695,636.3207,328.4524,0.9693629,685.18744,345.28198,0.82241166,615.3636,338.6997,0.76735544,708.5905,415.3709,0.9905385,586.58575,409.5763,0.99030983,720.1454,494.57977,0.92897385,588.57916,491.8385,0.9303665,700.4694,556.6434,0.86990416,625.0845,545.2494,0.87486875,694.3162,569.7615,0.86376476,610.28485,567.66235,0.8744383,720.6502,561.357,0.2716721,615.84753,555.6282,0.29296714,687.1212,590.83167,0.06020236,641.1255,583.4353,0.06361076
147.0,650.25525,342.52234,0.988066,665.26245,331.388,0.9724665,636.0413,328.39856,0.96908855,685.0634,345.06958,0.8253027,615.2332,338.68842,0.76402146,708.67535,415.2943,0.9906693,586.3896,409.60938,0.9903705,719.7323,494.87067,0.9297247,588.30347,492.08496,0.9303154,700.5785,556.4235,0.87100255,625.17505,544.96295,0.87471676,694.21625,570.0123,0.86445,609.9698,567.94165,0.8746486,719.99585,559.51514,0.27589148,614.6881,553.8825,0.29646307,686.3696,590.08575,0.061826825,640.62286,582.699,0.06516394
148.0,650.2997,343.01923,0.98798335,665.23004,331.5984,0.97233754,636.0155,328.7881,0.96874845,684.95404,344.60657,0.82254064,615.11743,338.57666,0.7632563,708.70636,415.05176,0.99063087,586.8245,409.53925,0.98982716,720.3476,493.8982,0.9325459,587.7554,491.1449,0.9288957,700.9926,556.0824,0.8763334,624.7683,544.3425,0.8753357,694.4908,572.6613,0.85939753,610.49066,570.63837,0.86726314,720.2008,569.8555,0.2406325,615.81866,564.16516,0.2544096,685.9675,594.787,0.048360914,639.4679,586.89685,0.05006069
149.0,650.29755,343.14166,0.9878941,665.1906,331.68,0.97212607,636.0005,328.83514,0.9685193,684.75867,344.54205,0.82113385,615.00275,338.4566,0.7635076,708.6427,414.88757,0.99061155,586.8469,409.47034,0.9896512,720.3881,493.52417,0.9331399,588.0271,491.09296,0.9281808,700.89233,556.4185,0.8769714,624.6426,544.3683,0.87457526,694.8442,573.267,0.8571041,610.897,571.23254,0.8642285,720.0398,572.9349,0.2291567,616.1672,567.10736,0.24087614,685.3967,595.8385,0.044587433,639.7441,587.49,0.04587862
150.0,650.0107,343.4558,0.9878124,665.0297,331.93683,0.9720206,635.6916,328.8249,0.968643,684.64,344.48706,0.82025933,614.4696,337.89587,0.76456964,708.5948,415.0266,0.9903341,586.5473,409.31134,0.9897083,720.42334,494.8246,0.9295674,588.3926,492.2461,0.9273838,700.8388,557.5949,0.8711039,624.8136,544.82367,0.8723347,695.9884,572.56226,0.8539079,612.0337,570.3336,0.86308837,719.98804,570.28284,0.23561215,616.0015,564.0366,0.25039703,685.7916,595.42053,0.04771343,641.71216,586.33594,0.049632132
151.0,649.9988,343.3852,0.987849,665.02484,331.87805,0.97204757,635.6519,328.7801,0.9686844,684.51263,344.5885,0.81884766,614.3336,338.02008,0.76443565,708.4092,414.76562,0.9903251,586.57263,409.27307,0.9894619,720.63226,494.1408,0.93113863,588.3518,492.20172,0.92706823,701.047,557.1116,0.87380755,624.8217,544.2162,0.87283015,695.69293,574.1721,0.8534038,611.6435,571.95245,0.86136687,719.5295,576.50104,0.22148451,615.58154,570.1039,0.23351079,685.91846,599.0757,0.042458773,639.73206,589.52155,0.04378736
152.0,650.0602,343.31525,0.9878515,665.04004,331.87543,0.97197354,635.6981,328.74292,0.96877456,684.47766,344.6842,0.81910706,614.3638,338.0783,0.765679,708.5155,414.88,0.99037606,586.36786,409.33777,0.98966646,720.70874,494.26196,0.9303639,588.4249,492.219,0.92752004,701.19275,557.10364,0.8722166,624.4205,544.5041,0.8726286,695.93756,572.95374,0.85451573,611.7329,570.7554,0.8631647,720.0803,571.10846,0.23272365,615.4462,564.8154,0.24659517,686.2755,595.80347,0.046553582,640.6446,586.54266,0.04826185
153.0,649.7532,343.4406,0.98782736,664.72205,332.01648,0.97194624,635.43823,328.84094,0.96869713,684.0822,344.71106,0.81821823,614.10266,338.0197,0.76515305,708.0891,414.3907,0.990371,586.4361,408.91687,0.9894859,720.5285,493.40717,0.9315839,588.3424,492.05774,0.92747295,701.3592,556.53723,0.8743465,624.53577,544.8384,0.87315106,695.43835,572.9861,0.8550526,611.39154,570.69617,0.86281246,719.788,574.16895,0.22663453,614.97925,567.3082,0.23882848,686.67816,597.42676,0.04413283,639.1183,587.0836,0.04551372
154.0,649.7747,343.39832,0.98781294,664.6579,331.9402,0.97198904,635.45044,328.83032,0.9687344,684.04315,344.5354,0.8194132,614.2188,338.03503,0.7646266,708.16406,414.32092,0.9902663,586.3399,408.99884,0.9896701,720.1379,494.0503,0.92972064,588.6106,492.5298,0.92773765,701.07404,556.29004,0.8713976,624.2912,544.8925,0.8725039,695.6717,572.166,0.85517406,611.45984,570.0222,0.8643838,719.8411,569.15936,0.23852265,613.8106,562.9154,0.2534817,686.79346,594.96576,0.048728555,639.1588,585.6808,0.050672144
155.0,649.87604,343.3969,0.9878661,664.6713,331.9195,0.9719517,635.5174,328.8839,0.96896106,683.9495,344.42633,0.8179183,614.24536,338.102,0.76643187,708.0641,414.12567,0.9902792,586.48785,409.04578,0.9896907,720.37054,493.43408,0.93020666,588.5663,492.13037,0.92836905,701.458,556.8511,0.8722375,624.3068,544.7624,0.8737476,695.7895,572.5649,0.8562889,611.7122,570.52844,0.86552083,719.8035,570.13434,0.23793337,613.8285,564.09753,0.2528926,686.759,595.8097,0.04823929,638.4674,586.61365,0.050137103
156.0,649.873,343.27673,0.9878956,664.71594,331.84937,0.9719662,635.4882,328.77814,0.96909595,683.9919,344.5645,0.8172581,614.1162,338.1634,0.7669225,708.0249,414.26703,0.99023056,586.55225,409.10565,0.9896438,720.48334,493.39844,0.9299972,588.68896,492.03137,0.92831635,701.54596,556.69336,0.8721105,624.1854,544.6284,0.87383485,695.8745,572.5443,0.8563036,611.8332,570.4341,0.8656509,719.67975,571.2997,0.23608595,613.8733,565.08044,0.25112313,686.946,595.8787,0.04754439,638.04626,586.51385,0.049442798
157.0,649.7894,343.16028,0.9879201,664.6605,331.84827,0.9719943,635.42084,328.78113,0.96907246,683.9585,344.84937,0.8174452,614.1083,338.42578,0.7663608,708.134,414.26312,0.99021745,586.6629,409.0545,0.98958147,720.6315,493.20117,0.9302324,588.66095,491.87787,0.9282727,701.34485,556.5598,0.8722857,624.3253,544.77167,0.8736793,696.13306,573.49896,0.85435414,612.0592,571.31976,0.8636338,719.57336,573.2893,0.22723433,614.59576,566.77454,0.24162003,686.93744,596.7159,0.04473567,638.3235,587.0115,0.046497256
158.0,649.9941,343.20227,0.9879553,664.6668,331.9261,0.9717066,635.48724,329.02655,0.96952593,683.79016,344.91876,0.81439304,614.0501,338.92297,0.77121425,708.02313,414.1914,0.9902357,586.58484,409.21283,0.9897707,720.461,492.87195,0.9296648,588.4973,491.5204,0.9294474,701.6638,556.36176,0.8714063,624.9578,544.83344,0.87509674,696.18353,572.8977,0.85660267,612.163,570.9418,0.8667064,719.7514,570.39087,0.23593572,614.9033,564.36646,0.25240147,686.7499,594.97754,0.047668904,638.3975,585.97723,0.049788654
159.0,649.6799,343.46704,0.98789746,664.37463,331.99432,0.9717752,635.2174,329.1599,0.96924937,683.61957,344.60223,0.81473666,613.9313,338.70477,0.7684354,707.669,414.024,0.9901232,586.672,409.2821,0.9895159,720.0735,492.82812,0.9299309,588.61835,491.89056,0.9284092,701.75916,556.1475,0.8724327,624.8649,544.7363,0.8745931,695.8134,573.13965,0.853467,612.045,571.33405,0.86294585,720.2923,572.6814,0.22623336,615.3015,566.93604,0.2409865,686.867,595.7824,0.04457432,637.9455,586.949,0.04635963
160.0,649.3635,343.40698,0.9879307,664.10675,332.00922,0.97191596,634.9072,329.19946,0.96940327,683.5681,344.7693,0.81655407,613.7593,338.9121,0.76749957,707.6309,414.17316,0.98999786,586.54065,408.95013,0.98970425,719.69006,493.5844,0.92791784,588.53265,491.40363,0.92923856,701.52057,557.1117,0.86912596,625.65906,545.51776,0.8745655,695.3003,572.68396,0.85406125,611.4749,570.6802,0.865374,719.50507,569.9221,0.23552456,614.5589,563.9873,0.2539295,686.72955,595.20026,0.048110783,638.03217,586.6471,0.05063796
161.0,649.20825,343.43158,0.9879731,664.0234,332.08203,0.97203934,634.7436,329.21967,0.9693614,683.565,344.98663,0.8181993,613.62555,339.01886,0.7663835,707.51074,413.97937,0.99007744,586.25024,409.05603,0.98983544,719.45416,493.5003,0.9280191,588.6908,492.1795,0.92954636,701.27295,557.4302,0.86875594,625.211,546.2012,0.8743328,695.2252,572.1013,0.853929,611.31635,570.26166,0.86538464,719.934,567.462,0.23846146,615.17957,561.7523,0.25755006,686.71924,593.9585,0.049336374,639.05615,585.61285,0.05205527
162.0,648.85846,343.5786,0.98797536,663.6936,332.19366,0.9722167,634.3655,329.35284,0.9693286,683.4173,344.98114,0.8207774,613.29443,339.09607,0.7651138,707.4905,414.24506,0.9901233,585.88855,409.12714,0.99007165,718.9917,494.13525,0.9269594,588.63855,492.12524,0.9300685,701.114,556.88245,0.8671973,625.3356,545.97614,0.87431926,695.04083,570.98517,0.85771525,610.9745,569.08606,0.8699783,719.30457,563.49335,0.25675964,613.8369,557.89233,0.2786767,686.3732,592.0585,0.055840343,639.3789,584.1467,0.059298187
163.0,648.53406,343.80206,0.98806167,663.48193,332.5736,0.97248507,634.0541,329.5221,0.9695538,683.2529,345.5749,0.82236266,612.8459,339.30518,0.76420105,706.92474,414.284,0.9901644,585.76337,408.9796,0.9902798,718.3345,493.92523,0.92693865,588.97375,492.091,0.93151927,700.65375,557.95996,0.86717224,625.0686,546.49695,0.8758957,694.04913,569.12524,0.8643472,610.07965,566.9433,0.87710905,718.30225,560.1881,0.27986723,611.5814,553.8356,0.30504656,687.0411,591.2132,0.06402427,637.33954,582.177,0.06844151
164.0,648.228,343.79858,0.98806095,663.23413,332.68744,0.9724896,633.8024,329.56342,0.9696692,683.0966,345.90454,0.8229125,612.6164,339.4433,0.7650466,706.675,415.00012,0.9901674,585.24567,409.27844,0.99038213,718.19403,494.8089,0.92588663,588.3976,492.28888,0.9315578,700.35864,558.12354,0.8655461,625.4605,546.5812,0.8756197,693.3531,569.0414,0.8652724,609.3527,566.7273,0.878503,718.10297,558.5205,0.28900152,611.56445,551.9844,0.31608558,687.0315,591.20935,0.067846626,637.9409,582.25244,0.07283202
165.0,648.0681,343.85327,0.98798466,663.11414,332.82812,0.9722438,633.5735,329.7013,0.96981525,682.99,346.25055,0.8196851,612.2886,339.74817,0.7654076,706.5707,415.37402,0.9896013,585.11755,409.3943,0.9899288,718.37665,494.85297,0.9224727,588.11865,491.9901,0.9294677,700.1061,558.2947,0.86109746,625.4695,546.5106,0.8731626,692.907,571.8497,0.8517042,608.8826,569.3588,0.8665403,718.1452,560.9294,0.25735718,612.68823,553.8436,0.2837054,686.4692,592.0613,0.058119237,638.1363,582.50336,0.06265777
166.0,647.94403,343.72925,0.9880442,662.8575,332.70367,0.97232103,633.3152,329.78326,0.9700207,682.84094,346.10443,0.82089245,612.06323,340.11896,0.7656827,706.35815,415.56934,0.98961246,584.855,409.78107,0.99028885,717.663,495.53137,0.920832,588.25244,491.92773,0.9308579,699.54083,558.48737,0.85867774,625.20416,546.2003,0.8742765,692.5834,571.01794,0.85574913,608.55347,568.77496,0.87210035,718.06714,554.4947,0.28140733,611.9028,548.405,0.3130281,686.4342,589.1666,0.06805411,638.3867,581.3839,0.07416424
167.0,647.55804,343.42175,0.9879042,662.5667,332.43597,0.97241175,632.8286,329.6817,0.9692824,682.80664,346.23358,0.823242,611.6637,340.55035,0.75921834,706.547,415.7812,0.9893292,584.9464,410.05658,0.9897639,717.3779,495.56995,0.9201956,588.5134,491.58136,0.9278407,698.87445,559.27545,0.857167,625.8882,546.41473,0.8699919,693.0209,573.3771,0.84448665,608.9917,571.15204,0.86041003,717.36676,560.97925,0.24543428,613.7783,554.8436,0.27189076,685.179,591.5435,0.0550842,639.9895,583.7866,0.059654325
168.0,647.54724,342.96332,0.9878795,662.4636,332.0904,0.9720597,632.69617,329.39453,0.96932733,682.47546,346.34637,0.82033813,611.3674,340.81628,0.76141727,706.1865,415.90607,0.9893451,584.6458,410.0752,0.98964036,716.93585,495.9748,0.9206456,588.54456,491.88403,0.9275073,699.1704,558.5326,0.8576379,626.752,546.69324,0.869561,692.5394,574.2221,0.84181714,608.4579,572.02466,0.85723716,717.0609,563.2765,0.23362702,614.3878,557.1012,0.25822538,684.7308,591.9535,0.050832093,639.81683,584.3397,0.054822743
169.0,647.18066,343.01013,0.9878659,662.14685,332.24182,0.97233135,632.39185,329.4818,0.9688222,682.2659,346.73584,0.8238139,611.224,341.02924,0.7567037,706.1208,416.32,0.98951334,584.27167,410.29382,0.9895321,716.787,496.61432,0.9223896,588.2424,492.4499,0.92661893,698.7016,559.24615,0.8598773,627.30615,547.44604,0.8685549,692.4423,575.3517,0.8399795,608.1398,573.08405,0.85389674,717.4187,563.39154,0.2287341,614.7944,556.95074,0.25068057,684.8872,593.21735,0.049129337,640.3011,585.2868,0.052620202
170.0,646.5951,343.29462,0.9877988,661.63367,332.43738,0.9727061,631.908,329.7812,0.9678212,682.03357,346.87207,0.82874644,611.13007,341.2915,0.74773157,706.2173,416.44208,0.98972666,584.2058,410.30896,0.9892386,716.61206,496.66327,0.92607224,587.96643,492.25818,0.92560875,698.51715,558.49603,0.8656485,628.0301,547.79425,0.86813337,692.39526,577.36993,0.83906984,607.82526,575.0628,0.85020113,717.2088,568.9403,0.21347898,614.5404,562.3893,0.23013878,684.8115,596.37354,0.043178707,639.6648,588.4375,0.045579284
171.0,646.5407,343.95026,0.9878051,661.5877,332.93494,0.9729408,631.802,330.401,0.9676261,682.10675,346.9906,0.82903993,611.02405,341.6618,0.74411047,706.17004,416.5299,0.9896498,584.2732,410.622,0.9888558,716.80963,496.83478,0.92743266,587.48114,492.69604,0.92422396,698.661,557.7349,0.86872756,626.8161,547.8165,0.86762977,691.73846,579.4471,0.835678,607.05554,577.19965,0.84517527,716.9082,572.94055,0.20092747,613.40656,566.60895,0.21421695,684.51984,598.5366,0.039118946,636.8762,590.85474,0.04085195
172.0,646.6112,344.67133,0.98776925,661.53876,333.4361,0.9726469,631.82153,330.8645,0.9680117,681.83795,346.84283,0.82552874,610.907,341.4975,0.74879026,705.7807,416.6272,0.9895146,584.36664,410.57593,0.9888972,716.7089,496.4892,0.92579526,587.13617,491.90076,0.92418355,698.52563,558.67914,0.8667506,624.5393,547.5262,0.8681389,691.2992,577.59534,0.83368784,607.1578,575.25165,0.8442694,717.2101,567.1208,0.20883274,613.4912,560.6634,0.22393784,683.799,594.483,0.042488277,637.2625,586.4449,0.04458791
173.0,646.2226,345.25012,0.98770225,661.29724,333.80023,0.97270477,631.5086,331.15778,0.96781254,681.84735,346.6949,0.8266423,610.7021,341.16376,0.74702394,705.7218,416.51715,0.98948693,584.28094,410.56958,0.98887444,716.6032,496.37354,0.92530316,587.26294,492.46454,0.9236274,698.40436,558.4391,0.8663893,624.97107,548.204,0.8674593,690.9733,576.4957,0.8338884,606.94635,574.1469,0.84441936,717.1771,565.8801,0.21337834,613.2915,559.2474,0.22874185,683.3378,593.47577,0.0441193,637.7956,584.9347,0.046331793
174.0,645.81854,345.53516,0.98771286,661.05524,333.9203,0.9730044,631.2719,331.2188,0.96719015,681.85156,346.46863,0.8298973,610.74915,340.69904,0.7415707,705.73175,416.31598,0.9897742,584.3183,410.4281,0.9887763,716.82916,496.22876,0.92855567,587.5039,492.807,0.92343634,698.41656,558.04517,0.87155616,624.9682,547.9467,0.8683001,690.8413,577.5151,0.8340446,606.8438,575.1648,0.8423002,717.43634,569.4622,0.20362666,613.7936,562.78955,0.2154924,682.935,594.3944,0.040311843,638.11633,585.6234,0.041870832
175.0,645.49677,345.53986,0.9877783,660.7925,333.95337,0.9733443,631.0876,331.21777,0.96708196,681.7645,346.41003,0.83247805,610.7651,340.52734,0.738536,705.5043,415.94006,0.98989856,584.2157,410.11304,0.98887336,716.76215,495.44482,0.9300344,586.6852,492.17096,0.92445666,698.147,558.1975,0.8743216,624.3159,547.68933,0.8703499,690.52496,576.4111,0.8392837,606.5616,574.0503,0.8471887,716.9232,568.0901,0.21311572,612.37134,561.4633,0.22506922,683.0858,594.2901,0.04269001,636.1876,585.53125,0.04430577
176.0,645.3495,345.64075,0.98780847,660.5478,334.11786,0.97346216,630.9583,331.3473,0.96723485,681.47797,346.4748,0.8340043,610.7155,340.5708,0.73917663,705.1662,415.89673,0.9899285,583.613,410.3199,0.9891536,716.11255,494.47705,0.9289546,586.10406,491.74158,0.9249621,698.2805,558.34863,0.8724079,623.9976,548.44037,0.8701349,690.5551,574.9364,0.8417203,606.4837,572.7987,0.85057145,717.23224,559.65234,0.23306805,611.33075,553.46344,0.24753872,683.0429,590.893,0.050111175,636.8012,582.688,0.052344948
177.0,645.4283,345.80554,0.9877845,660.7207,334.21454,0.97354126,631.0621,331.3849,0.96697813,681.6565,346.60193,0.833471,610.7591,340.5476,0.73674524,705.38763,415.9771,0.9898653,583.8205,410.4298,0.98872304,715.9538,494.1786,0.930544,585.5145,492.12952,0.9237107,697.8276,557.75385,0.8759191,624.36914,548.00793,0.8703402,690.5137,575.92365,0.83835447,606.22656,573.5574,0.8454373,716.1254,565.06213,0.21614185,609.6348,558.0281,0.22668067,682.16077,593.60065,0.043920636,633.39233,583.6467,0.04533261
178.0,645.42206,346.11084,0.9877035,660.63885,334.43872,0.9735539,631.0864,331.69208,0.96683574,681.5921,346.53802,0.8340137,610.9355,340.682,0.7351978,705.4776,415.97516,0.98966086,584.2408,410.21832,0.98857844,715.8109,494.17957,0.9294014,585.1655,491.51135,0.9231168,697.9119,557.885,0.8745975,624.1942,547.98846,0.86963457,689.9253,575.5874,0.8352808,605.87665,572.9994,0.8429531,715.07587,564.48486,0.21447328,608.4994,556.95953,0.22541726,681.5891,594.0226,0.043850094,632.3691,583.3171,0.04535678
179.0,645.2719,346.20294,0.9876287,660.57043,334.51617,0.97380793,631.00397,331.71198,0.96649516,681.6997,346.53943,0.8365052,611.0054,340.53387,0.7303542,705.15466,416.1891,0.9894093,583.99634,410.47522,0.9883252,715.2016,494.2431,0.9276588,584.8085,491.6474,0.9207157,697.99,557.91455,0.87232506,624.00006,547.97675,0.86649966,689.692,575.6269,0.8290558,605.7307,573.1722,0.83660674,715.11346,560.5643,0.21439683,608.0033,553.45447,0.22496662,681.7879,592.16974,0.045082003,632.8887,582.13367,0.04660797
180.0,645.50867,346.20593,0.98778045,660.68945,334.54535,0.97394145,631.1029,331.7022,0.96776605,681.78564,346.6128,0.83634686,610.9791,340.67273,0.73640007,705.0975,416.7574,0.98906267,583.23456,411.0041,0.98905563,714.69696,495.35358,0.92050064,584.4927,492.03406,0.9222839,697.9142,559.4564,0.8616233,622.65704,547.6187,0.86618805,688.9843,572.7176,0.8340814,604.60596,570.36304,0.8471128,716.2957,543.34863,0.26710063,605.66583,536.86896,0.28914905,683.1826,586.4481,0.06739417,633.318,577.5381,0.07184577
181.0,645.2687,346.2312,0.987824,660.7923,334.63727,0.97456557,630.9992,331.78546,0.96676266,682.42865,347.13202,0.8424474,611.2272,341.00787,0.7238687,705.2829,416.68927,0.9892702,584.09247,410.7837,0.9887178,714.92487,495.02686,0.9248725,585.1861,491.57642,0.92166233,698.10547,558.6189,0.86834764,622.478,547.3352,0.8665574,689.09705,573.3912,0.8342756,605.0173,570.95624,0.84443474,716.6252,551.4086,0.24547791,607.6135,544.73865,0.26217222,684.5461,589.48193,0.05684063,633.2934,580.6985,0.059904277
182.0,645.26843,346.26776,0.9877618,660.77954,334.6983,0.97452056,631.0379,331.81274,0.9665595,682.3764,347.3473,0.84352636,611.4222,341.1493,0.7227664,705.34436,416.90527,0.9891598,584.14453,410.99554,0.98877376,714.843,495.1161,0.9231049,585.60486,491.48303,0.9209049,697.583,558.7966,0.86524045,621.9885,547.0885,0.86462116,689.57837,573.0831,0.8303442,605.6443,570.687,0.8414537,716.55634,548.24786,0.24620679,608.4773,541.8135,0.26411957,684.07275,587.8854,0.058215648,635.64636,579.6085,0.061641514
183.0,645.42084,346.48114,0.98774856,660.8378,334.74976,0.97437,631.0357,332.01782,0.9668187,682.3827,347.1402,0.8411361,611.26556,341.32233,0.7254896,705.50433,416.85883,0.9889933,584.04596,411.35406,0.9886403,714.8946,495.02002,0.92218,585.35284,491.86218,0.92033833,697.5709,558.76184,0.8643888,622.3288,547.1908,0.86441684,689.74146,573.5657,0.827036,605.6109,571.37244,0.83844405,716.76483,548.5725,0.24068871,608.2046,542.49554,0.25838146,683.6191,588.0647,0.056565166,634.83154,579.9607,0.059859842
184.0,645.2743,346.71814,0.9878304,660.7771,334.87817,0.9745602,630.82306,332.1938,0.9669424,682.49243,347.13477,0.8413752,611.03174,341.4068,0.72397566,705.30817,416.72443,0.9889765,584.1739,411.13623,0.98859835,714.6646,495.0691,0.922734,585.46173,491.5564,0.9207655,697.62146,558.82184,0.8656559,622.25366,547.4355,0.8654336,689.4406,573.7828,0.82815015,605.39716,571.583,0.8394891,716.67194,550.1152,0.23917577,608.0145,544.1535,0.25676978,684.0563,588.50824,0.055629373,633.9268,580.7856,0.05886349
185.0,645.1461,346.93243,0.9878804,660.73755,335.14282,0.9747807,630.811,332.32263,0.9670795,682.6568,347.37115,0.84363705,611.1925,341.36206,0.72273624,705.11975,416.87195,0.98903376,583.892,411.4967,0.98898125,714.3433,494.89783,0.9213667,585.083,492.27026,0.92176867,697.33417,558.6422,0.86423194,622.369,547.7079,0.86634266,688.7712,571.6741,0.83507097,604.7947,569.557,0.8475833,716.3849,541.6671,0.27343917,606.62726,535.8375,0.29546908,683.9956,586.1965,0.0696387,633.63074,578.5248,0.07435712
186.0,645.13086,346.80273,0.98787344,660.6646,335.0526,0.9748317,630.84076,332.2527,0.9669848,682.54926,347.271,0.84434426,611.2829,341.31482,0.7219784,705.0923,417.03894,0.9890888,583.8387,411.61035,0.98897123,714.0773,494.93323,0.9217936,584.8785,492.0816,0.9216586,697.2517,559.6308,0.8647268,622.7309,547.55994,0.86622864,688.0363,572.1784,0.83561987,603.98425,569.9199,0.8477165,715.2627,540.6501,0.27641612,604.7888,534.5349,0.2978251,683.04724,585.81946,0.07116148,632.12036,577.5314,0.07577756
187.0,645.32666,346.84204,0.98775023,660.72894,334.9563,0.9746047,630.96686,332.31696,0.96662486,682.5367,346.98016,0.84401906,611.44354,341.3988,0.72257006,705.8051,417.32623,0.9891641,584.02606,411.82507,0.9889084,714.2974,495.4062,0.9221508,584.5255,492.1123,0.9209884,697.32825,559.0623,0.8649832,622.6555,547.5425,0.8652897,688.5433,572.7634,0.8336539,604.3122,570.416,0.845173,715.1182,542.7835,0.2681048,605.276,536.34436,0.28772312,682.02264,586.66144,0.067500114,633.2915,577.74414,0.0715757
188.0,645.6454,346.51825,0.98774695,660.94934,334.76514,0.97435206,631.21826,332.13635,0.96683866,682.5212,347.10376,0.8420678,611.55975,341.5703,0.72600347,705.8272,417.31226,0.9891896,583.9154,411.7063,0.9889672,714.36206,495.34662,0.92198,584.5495,491.83026,0.9213035,697.07935,559.1125,0.86420614,623.0134,547.6775,0.8652463,688.5076,573.1484,0.83395123,604.1572,570.8139,0.8456005,715.4236,542.2672,0.2687555,605.94604,535.8556,0.28885442,682.23425,587.03455,0.06786257,633.8384,578.3524,0.07201117
189.0,645.6009,346.4895,0.98773944,660.9383,334.7198,0.9744775,631.1531,332.1391,0.96649075,682.60785,347.08356,0.8435116,611.52673,341.62964,0.7229756,705.94165,417.37018,0.98930466,583.9481,411.61987,0.9888346,714.38367,495.88568,0.9236053,584.5984,491.8728,0.92078984,697.18915,559.4498,0.86632705,623.0054,547.6155,0.8648798,688.44684,573.8281,0.83253425,603.9934,571.4625,0.84289646,715.59753,544.81146,0.2581157,606.3522,538.43494,0.27563912,682.39966,587.78064,0.06308913,633.9107,579.2535,0.066522986
190.0,645.7114,346.67615,0.98771894,660.96155,334.8426,0.9742856,631.23645,332.25165,0.9667911,682.53436,346.9248,0.84228516,611.55347,341.51202,0.7266066,705.8151,417.28918,0.9892765,583.9821,411.55646,0.9891836,714.0248,495.61615,0.9219481,584.78735,491.38165,0.92231137,696.701,559.6087,0.8637965,622.5745,547.75726,0.86609036,688.7353,572.27966,0.838141,604.50903,569.9832,0.85032773,715.7971,540.70734,0.2809468,606.3406,534.61426,0.30288917,682.6012,586.3367,0.072668135,635.1469,578.3061,0.07739949
191.0,645.6026,346.79535,0.98772043,660.9006,334.92944,0.97436833,631.1917,332.2862,0.9665754,682.49646,346.9746,0.84319353,611.5915,341.41272,0.7249333,705.7896,417.3791,0.98936605,583.99207,411.48657,0.9891406,713.8827,495.78046,0.9229681,584.89374,491.2506,0.9220736,696.3316,559.55536,0.8650928,622.06116,547.3142,0.8659241,688.93384,572.74744,0.8379855,604.7007,570.3816,0.84947205,715.8306,542.647,0.2751264,606.4866,536.52246,0.29548144,682.5753,586.88965,0.069731295,635.4623,578.89825,0.07398993
192.0,645.584,346.98914,0.98776424,661.0045,335.10974,0.97451115,631.1088,332.44403,0.9662684,682.6687,347.16858,0.8431911,611.38574,341.50958,0.72179794,705.72217,417.3468,0.9894763,584.186,411.28265,0.9887892,714.0418,495.34875,0.92620766,584.70276,490.64392,0.92152953,696.4097,559.6806,0.8702909,621.55383,546.69037,0.8670539,688.9227,574.8521,0.8338762,604.75616,572.36914,0.843097,716.15063,549.0373,0.24831194,607.8515,542.49005,0.2635604,682.9168,589.15906,0.05812958,635.1925,580.4834,0.06093356
193.0,645.62885,346.94476,0.9877806,661.0474,335.07532,0.9744828,631.1473,332.4071,0.966375,682.6679,347.20435,0.84264517,611.37695,341.5415,0.7227269,705.5991,417.4386,0.9895021,584.209,411.35443,0.98882496,713.974,495.524,0.92628944,584.6911,490.66223,0.9217324,696.2626,559.70624,0.870402,621.0568,546.19836,0.867389,688.74225,574.60254,0.8359703,604.6723,572.1144,0.8451898,716.05994,549.6025,0.25178665,607.84906,543.13495,0.2673118,683.01917,589.594,0.05904928,634.886,581.0574,0.061903358
194.0,645.39166,347.0089,0.9877882,660.8993,335.09772,0.9746469,630.9562,332.45148,0.9660808,682.67664,347.26276,0.843684,611.3129,341.59082,0.7191891,705.6485,417.40057,0.9895115,584.3929,411.42834,0.98860794,714.2325,495.44586,0.9275712,584.6217,490.8863,0.92113376,696.4092,559.7008,0.8725497,621.009,546.1626,0.86736023,689.0064,575.424,0.83422494,604.9616,572.9436,0.8423474,716.1824,553.62634,0.23946333,608.29944,547.067,0.252666,683.3569,591.479,0.05390644,634.3151,582.672,0.056191444
195.0,645.47797,346.96802,0.987766,660.99097,335.0501,0.9746087,630.9811,332.43494,0.96627665,682.80164,347.26422,0.84367406,611.29126,341.68262,0.72033167,705.79095,417.42902,0.9893145,584.30945,411.34515,0.9886782,714.04144,495.56647,0.92518806,584.635,490.42517,0.9208983,695.9891,560.1274,0.86892885,621.4272,546.04315,0.86626923,689.00354,574.80334,0.8319559,604.8854,572.2896,0.84167564,715.44885,550.40027,0.24414286,607.76056,543.96375,0.25968271,682.64136,589.6194,0.056699663,634.913,581.19,0.059542894
196.0,645.66815,346.84802,0.9878547,661.1388,334.93512,0.97465336,631.0863,332.3329,0.9667269,682.88495,347.15588,0.8428191,611.20654,341.65625,0.72333395,705.9898,417.5149,0.98934233,584.20325,411.46185,0.9888179,714.1576,495.72345,0.92480487,584.48926,490.6371,0.9216183,696.04517,559.9814,0.8685637,621.578,545.9071,0.86718524,688.9722,574.67426,0.8351691,604.594,572.1073,0.8454192,715.28687,549.6839,0.252859,606.57074,543.0913,0.26969838,682.6125,590.0354,0.059752196,633.5841,581.26074,0.06290355
197.0,645.8634,346.95062,0.98775816,661.24304,334.99634,0.974382,631.2448,332.39172,0.9668442,682.8648,347.04364,0.8412998,611.2793,341.59534,0.7262324,706.0391,417.5501,0.9892221,583.9424,411.60388,0.9888783,713.78925,496.57227,0.9225915,584.639,491.74335,0.9208795,695.7566,560.4543,0.86461985,622.2165,546.8013,0.8649465,688.8454,574.1885,0.8343334,604.3042,571.72174,0.8454233,715.394,546.85077,0.2613333,606.1119,540.49585,0.27988088,682.263,589.5209,0.06399271,634.14624,580.9602,0.067614466
198.0,645.7272,346.8443,0.9877763,661.1745,334.9298,0.97450423,631.15826,332.30017,0.9665041,682.8198,347.12073,0.84231746,611.24316,341.56445,0.72343814,706.12335,417.58826,0.989367,583.9845,411.5703,0.9886937,714.2006,496.40594,0.9250412,584.58386,491.73004,0.9205735,696.1126,559.53986,0.86837316,621.9565,546.39496,0.86534214,688.92377,576.01495,0.83261585,604.2758,573.4523,0.8420142,715.2863,552.4176,0.24348128,606.54205,545.7292,0.25838354,682.2966,591.8741,0.056176454,633.88104,582.84937,0.058818936
199.0,645.75934,346.8424,0.98776513,661.2575,334.90692,0.9743652,631.13257,332.20447,0.96668565,682.8319,347.19073,0.84085417,611.03906,341.4978,0.7259183,706.01355,417.7896,0.98937774,583.7689,411.56537,0.9887286,713.8801,497.5379,0.9244551,584.59436,492.62402,0.92041594,695.9872,559.81116,0.86708647,622.29285,546.27136,0.8647333,688.8312,575.82666,0.8337315,604.1109,573.19324,0.84326255,715.26807,553.57837,0.24562055,606.7511,546.73834,0.26092172,682.6774,592.86426,0.05671531,634.3852,583.5865,0.059412748
200.0,645.91205,346.92853,0.98782206,661.39215,334.96436,0.9743453,631.2126,332.25317,0.9668653,682.8614,347.18158,0.83940244,610.9103,341.5127,0.72771883,705.8126,417.65625,0.989534,583.7531,411.65802,0.9887446,713.7135,497.5711,0.9262726,584.74445,493.29834,0.92118657,695.88446,559.8942,0.87000245,622.8069,546.50854,0.8664613,688.5683,576.0003,0.83797455,603.8139,573.4469,0.8465259,715.2611,555.6994,0.24785075,606.2164,548.9099,0.26194918,683.0342,594.35144,0.056468457,632.83594,584.8529,0.05884379
201.0,645.9051,346.88135,0.98782015,661.3229,334.9245,0.9742173,631.17944,332.26355,0.9668304,682.6145,347.1823,0.83746564,610.75146,341.6151,0.7292432,705.7563,417.4845,0.9896593,583.6859,411.6364,0.98850566,713.8968,497.55768,0.9286504,584.6211,493.6927,0.92090255,695.5084,560.3471,0.87334335,623.249,546.68286,0.8669208,688.3877,577.5315,0.83736897,603.4569,574.9619,0.8440211,714.93353,561.81067,0.23152867,606.04236,554.82733,0.24200904,682.61957,597.1665,0.049716294,631.0792,587.07367,0.051207185
202.0,645.8486,346.8714,0.9877644,661.21655,334.94403,0.9740189,631.1703,332.2812,0.9668169,682.4871,347.17017,0.83757985,610.86,341.6059,0.7307318,705.813,417.4474,0.98967344,583.6816,411.4881,0.98879987,713.7697,497.54688,0.92733705,584.8733,493.2627,0.92188215,695.4527,560.4111,0.8708439,623.2964,546.6391,0.8670256,688.7084,576.2706,0.8392239,603.89636,573.69653,0.8473859,714.8141,557.8238,0.24287397,606.3579,550.967,0.25613123,682.2445,594.5519,0.054195613,632.92065,584.8253,0.056303382
203.0,645.6638,346.96332,0.98782945,661.05725,334.9967,0.9742125,631.0004,332.3667,0.9669342,682.47314,347.0965,0.83890235,610.78656,341.59412,0.7299566,705.76245,417.32312,0.98968756,583.7085,411.27045,0.9889405,713.6207,497.1264,0.9272331,584.7157,492.4525,0.92279947,695.3689,560.1201,0.87107325,623.40295,546.6028,0.8682668,688.7124,575.5677,0.8416966,603.95294,572.9697,0.85053957,714.4632,556.15576,0.25056913,605.69037,549.37915,0.26523918,682.24335,593.6521,0.056908756,632.55963,584.25073,0.059363067
204.0,645.61597,346.94305,0.9877583,661.02515,334.9931,0.9741164,630.97186,332.37012,0.96671027,682.422,347.18396,0.8387064,610.78406,341.6687,0.7292854,705.6516,417.33466,0.9896556,583.6729,411.49597,0.98876274,713.70746,496.81976,0.9273485,584.83105,492.7019,0.92159295,695.5558,560.049,0.87095875,623.471,546.85425,0.86664355,688.7139,575.8152,0.838698,604.0785,573.3526,0.8467314,714.708,557.37646,0.24198243,606.7816,550.7609,0.25503144,682.06775,593.65247,0.05399832,633.5111,584.36914,0.056088
205.0,645.4586,346.9306,0.98771363,660.7991,334.96368,0.9741664,630.8632,332.40796,0.96652555,682.27625,347.01935,0.8406031,610.87726,341.66248,0.7277944,705.93964,417.4029,0.98961437,583.7037,411.45984,0.9889082,713.611,497.36792,0.9261118,584.93646,492.63965,0.92173743,695.21075,560.0442,0.8686824,623.35693,546.89197,0.8657398,689.0544,575.6381,0.8384156,604.2777,573.11414,0.84752584,714.4939,555.1469,0.24750566,606.01904,548.5863,0.2622407,681.99347,592.8368,0.056559503,634.16205,583.791,0.059075892
206.0,645.07635,347.06702,0.9877049,660.4324,335.0204,0.9743099,630.5999,332.54694,0.96615434,682.09314,346.91565,0.8424082,610.92773,341.65497,0.72444594,705.7777,417.59827,0.9897444,583.92426,411.54724,0.98887116,713.7855,497.56818,0.92757976,584.6663,492.41077,0.92184037,695.8626,559.6351,0.87130773,622.9185,546.6181,0.8666923,688.8388,575.65027,0.83928835,604.4496,573.143,0.84753305,714.8097,556.9383,0.24434957,607.07666,550.4864,0.25782767,682.12695,593.1448,0.054762095,634.638,584.39636,0.057009965
207.0,644.858,347.28613,0.9877038,660.2997,335.13898,0.97435796,630.34015,332.60162,0.96622455,682.0479,346.85907,0.8424539,610.608,341.47363,0.7240231,705.66644,417.55652,0.989609,583.846,411.45856,0.9888335,713.6178,497.63647,0.92623276,584.8779,492.5891,0.9212831,695.77814,559.7012,0.8694317,622.7798,546.79254,0.86579275,688.86646,575.3567,0.8366318,604.57416,572.79553,0.8455589,714.7903,556.28613,0.24321797,607.3582,549.63696,0.25754514,681.8558,592.80975,0.054910302,635.4292,583.72736,0.057370394
208.0,644.27277,347.60083,0.9878079,659.86487,335.4336,0.9748292,629.8493,332.85028,0.9660421,681.94714,347.1789,0.84593385,610.40344,341.64038,0.7183873,705.24,417.5835,0.9897052,583.9784,411.74017,0.98894095,713.6421,496.72205,0.9272504,584.9257,492.26117,0.9220662,695.9698,560.0708,0.8718031,622.4811,546.6803,0.867861,688.9788,574.2075,0.83991766,605.1179,571.78436,0.8487193,715.5112,552.2799,0.25609064,608.11725,545.805,0.2713419,682.9011,590.6808,0.059643626,635.87463,581.7615,0.062499642
209.0,643.96356,347.67334,0.98781264,659.6815,335.3813,0.9751512,629.53687,332.88867,0.9656702,682.1364,347.06665,0.8495811,610.2953,341.6925,0.7131846,705.59625,417.6717,0.9897789,584.05005,411.8004,0.98898613,713.7008,497.5274,0.9272574,585.063,492.6443,0.92160904,695.9731,560.3105,0.8715533,622.68427,546.7279,0.86673236,688.89465,573.82697,0.8412515,604.93494,571.37933,0.8498515,715.11273,552.3942,0.2602985,607.99445,546.01587,0.2755643,682.66876,590.93774,0.061030805,636.53467,582.2562,0.06398401
210.0,644.0988,347.92816,0.98761475,659.9755,335.5208,0.97455275,629.5461,333.07147,0.96543443,682.3106,347.12646,0.8432894,609.94745,341.70636,0.7158057,705.1931,417.476,0.98941857,583.70374,411.71332,0.98793375,714.1023,496.8694,0.92788005,584.5464,492.4478,0.9169909,696.4436,559.66113,0.87237287,622.51746,546.3733,0.8622517,688.4628,578.6022,0.8223833,604.61096,576.38306,0.8277039,715.13654,566.8078,0.19837606,611.8304,560.8205,0.2060253,681.2497,595.2274,0.039901614,638.2568,587.10583,0.04093969
211.0,644.0134,347.9756,0.98765326,659.99274,335.5207,0.9747152,629.4574,333.09064,0.9652494,682.46716,347.11273,0.84392655,609.8735,341.6931,0.7127562,705.1947,417.38025,0.9894124,584.1266,411.49512,0.9877466,714.1018,496.92517,0.9291793,584.8705,492.23645,0.9170277,696.1593,559.35596,0.8747611,622.6131,546.21643,0.8631133,688.52466,579.798,0.82136506,604.84875,577.4675,0.8259314,714.6668,572.6165,0.18660715,612.1747,566.4198,0.19281217,681.2913,597.9558,0.035728365,637.4878,589.6753,0.036496162
212.0,643.9399,348.0307,0.98763186,659.87067,335.5077,0.97478366,629.3534,333.14343,0.96523786,682.5155,346.95374,0.8461721,609.93756,341.7279,0.711702,705.5991,417.44287,0.98933905,584.02106,411.52747,0.98813105,713.8572,497.6068,0.92659837,585.27954,492.38403,0.9177758,695.9327,559.6544,0.87070453,623.33215,546.55853,0.862605,688.93774,578.1974,0.8223008,605.02704,575.9142,0.829388,714.88727,564.6604,0.20359269,611.44727,558.7909,0.21343887,681.1705,594.24066,0.041866243,639.0072,586.624,0.04336056
213.0,644.0401,348.01843,0.9876808,659.9046,335.44183,0.9748552,629.40576,333.16187,0.9653806,682.5063,346.8064,0.84586084,609.9502,341.78192,0.7126216,705.68304,417.31506,0.98939407,583.9746,411.81714,0.9881207,713.9822,496.9254,0.9274316,584.8913,492.47717,0.9179962,696.0152,560.1014,0.87208104,623.5531,547.2732,0.8633326,689.16095,578.46045,0.82409835,605.1319,576.3575,0.8306589,715.0883,565.1544,0.20499355,611.1055,559.4871,0.21420282,681.09,595.3745,0.042010874,638.0117,587.69604,0.043379337
214.0,644.0498,348.06213,0.98765576,659.92035,335.48688,0.9748604,629.4411,333.17566,0.9652989,682.52405,346.7663,0.8459874,609.9965,341.6704,0.7119328,705.6068,417.20587,0.9893571,583.94995,411.66022,0.98804843,714.06305,496.7738,0.9274492,584.7795,492.313,0.9176589,696.1266,560.1858,0.87226045,623.5093,547.3688,0.8631186,688.9961,578.3217,0.8224329,605.00287,576.2104,0.8287748,715.139,564.1463,0.20366746,610.97516,558.48145,0.21254879,681.1775,594.6901,0.04183781,637.89954,587.0436,0.043154955
215.0,643.82056,348.1798,0.9876583,659.69946,335.63165,0.97495425,629.30695,333.30627,0.9652076,682.4221,346.85925,0.84737027,610.0753,341.711,0.71009374,705.42676,417.14697,0.9893757,583.8816,411.71216,0.9881443,714.0766,496.38434,0.9271801,584.64813,492.32892,0.9178624,696.3159,559.8451,0.87220323,623.6388,547.4833,0.8634234,688.44073,577.4771,0.8234235,604.60925,575.42456,0.83003956,715.1531,560.37573,0.21206298,610.8677,554.78174,0.22187817,680.9055,593.1714,0.044866443,637.91833,585.6166,0.04642296
216.0,643.9068,347.97498,0.98770237,659.7397,335.5158,0.9749614,629.3997,333.2364,0.9651852,682.4563,346.87103,0.84771335,610.18994,341.81592,0.71029556,705.5007,417.32288,0.9895778,584.1099,411.7273,0.9883342,714.2216,496.79218,0.92839813,584.78546,492.16925,0.91912496,696.39453,559.46576,0.87395525,623.38477,547.222,0.86511207,688.6177,577.6033,0.8281747,604.925,575.5193,0.8346728,715.37695,561.1047,0.2169796,611.54205,555.5653,0.22702095,681.2718,593.26526,0.04583332,638.25775,586.0687,0.04743293
217.0,643.9095,348.13525,0.9877389,659.7638,335.65363,0.97497797,629.40295,333.3556,0.96533996,682.5175,346.92322,0.84742296,610.1675,341.83417,0.71096677,705.3796,417.21405,0.98962355,584.27466,411.5785,0.9884379,714.16864,496.54187,0.9288394,584.989,491.88562,0.9202101,696.38745,559.86804,0.87480015,623.5651,547.3895,0.86676514,688.3795,576.62897,0.8319522,604.82477,574.5162,0.838753,715.69916,560.4094,0.22383511,611.47363,554.7758,0.23480183,681.9776,592.9253,0.047769874,637.76337,585.5762,0.049561113
218.0,643.74567,348.43433,0.9876865,659.68915,335.917,0.9751231,629.3334,333.54987,0.96502924,682.6069,346.98285,0.8488772,610.20966,341.6989,0.70702803,705.4331,417.30542,0.98949206,584.21814,411.38403,0.9882174,714.4069,496.23615,0.92864484,584.6161,491.1753,0.9191568,696.6853,559.52625,0.8750279,622.9496,547.13763,0.86585176,688.0702,577.02856,0.8289062,604.4217,574.7372,0.8353491,715.35156,560.84906,0.2185862,610.41833,554.967,0.22865686,681.6921,593.04956,0.04631996,636.78406,585.53174,0.047953844
219.0,643.74994,348.44086,0.9876774,659.69006,335.92328,0.9751307,629.357,333.57892,0.96504974,682.6645,346.96094,0.84873354,610.30365,341.70795,0.7061056,705.27954,417.3896,0.989323,584.3218,411.2849,0.9881223,714.1241,496.0434,0.92758673,584.45636,490.40918,0.91865695,696.4767,558.6893,0.8741623,622.50116,546.6937,0.86556447,687.87317,576.78,0.8258612,604.3964,574.46063,0.8328773,715.06396,558.92255,0.21742079,610.0637,553.2098,0.2280395,681.37,591.12396,0.046544403,636.30194,584.22296,0.04829672
220.0,643.77576,348.61145,0.9876015,659.65186,336.10535,0.9750407,629.4058,333.74774,0.9648179,682.6254,347.0653,0.8496734,610.44714,341.81335,0.70584065,705.5315,417.6665,0.98941994,584.1761,411.48523,0.9883108,713.95447,496.73047,0.92715937,584.52325,490.98828,0.9188245,696.0494,559.2978,0.8730047,623.3428,547.12146,0.86505616,687.9229,576.47626,0.82775855,604.27734,574.13324,0.8350644,715.43066,555.485,0.2284328,610.09045,549.664,0.24012113,681.3235,590.6566,0.050627857,637.61017,583.497,0.052682012
221.0,643.7278,348.552,0.9876359,659.64264,336.1529,0.97528875,629.3823,333.72778,0.96475303,682.67944,347.23358,0.8518153,610.4178,341.86975,0.70364213,705.56464,417.73975,0.9894756,584.2416,411.6004,0.98841935,714.0133,496.66876,0.92708373,584.54395,491.08673,0.91882193,696.02155,559.75854,0.872483,622.88245,547.5355,0.86430943,688.1211,575.92224,0.831578,604.4976,573.50903,0.8389597,714.85645,553.9203,0.23996937,609.1258,547.9203,0.2522224,681.68225,590.971,0.054600954,637.2763,583.5183,0.056884974
222.0,643.76587,348.5056,0.98767185,659.7268,336.1129,0.9753252,629.40295,333.70764,0.96469957,682.76245,347.31,0.8512142,610.38763,341.94873,0.70271724,705.58826,417.73944,0.9894829,584.4438,411.5077,0.98821604,714.23224,496.41406,0.92852795,584.3334,490.61353,0.9188219,696.5466,559.3432,0.8748846,622.016,546.7845,0.8652613,688.3916,576.9412,0.83028126,604.7742,574.4751,0.8367438,715.25854,559.19055,0.2251263,609.82043,553.03015,0.23541012,682.35297,592.92834,0.048595548,636.5897,585.26337,0.05036077
223.0,643.78656,348.53314,0.98764217,659.6885,336.21558,0.97531617,629.4624,333.74097,0.9646453,682.7007,347.41138,0.85279983,610.52313,341.95898,0.7029337,705.7276,417.89813,0.9895985,584.4271,411.41724,0.9885802,713.92633,496.7165,0.9275186,584.7279,490.48065,0.9196709,696.36224,559.52075,0.87279963,622.40533,547.0238,0.86501276,688.35364,575.08057,0.83545357,604.7396,572.4673,0.8430228,714.952,553.0362,0.24781746,609.0153,546.6113,0.260857,682.1159,590.4087,0.05708447,637.67285,582.4955,0.059601218
224.0,643.7537,348.51807,0.98765194,659.6588,336.20612,0.9752768,629.44055,333.81805,0.9646256,682.6499,347.54193,0.8518521,610.5488,342.21692,0.7030589,705.6091,417.90808,0.9895924,584.4921,411.5196,0.98833174,714.144,496.30804,0.9285607,584.38336,490.1928,0.9189336,696.56177,558.8692,0.8746636,622.1715,546.5976,0.86489487,687.9038,576.16187,0.8323686,604.40314,573.5935,0.83874035,714.41315,557.1516,0.23202282,609.541,550.8159,0.24261075,681.2818,591.5322,0.051033556,636.84503,583.78357,0.052901775
225.0,643.59686,348.5625,0.98763895,659.56824,336.2597,0.9753774,629.30676,333.84094,0.9644186,682.6981,347.58936,0.8530642,610.506,342.17975,0.70049065,705.7121,417.8639,0.9895474,584.4294,411.4754,0.9882865,714.27814,495.98962,0.9283271,584.3417,490.03967,0.91854876,696.71014,558.5848,0.8744576,622.47736,546.75775,0.8643876,688.1456,576.60864,0.8301437,604.5713,574.03906,0.8365386,714.42566,556.57544,0.22932541,609.76355,550.1643,0.23979217,681.22144,591.32495,0.05044812,637.5638,583.511,0.05232665
226.0,643.712,348.50067,0.9876374,659.5223,336.2246,0.9753268,629.38306,333.91052,0.96454847,682.6084,347.49127,0.8537345,610.6575,342.38068,0.7013762,705.7818,417.91956,0.98952353,584.58594,411.48267,0.98863816,713.87415,496.3578,0.92670596,584.63416,489.612,0.91992915,696.4849,559.6322,0.8716908,622.25806,546.997,0.864997,688.0471,575.0309,0.83310306,604.57324,572.4508,0.8415388,714.0959,550.1153,0.24810559,608.72266,543.94745,0.26235545,680.8873,588.3011,0.05803904,637.6201,581.0001,0.060861945
227.0,643.57306,348.51947,0.9876688,659.4988,336.2931,0.975439,629.32635,333.88757,0.9644773,682.71014,347.64777,0.8545362,610.67615,342.29803,0.6995666,705.6354,417.85736,0.9895643,584.61914,411.41278,0.988648,713.88116,496.32062,0.92719924,584.7527,489.93274,0.92014265,696.5529,559.66077,0.87251943,622.7303,547.28406,0.86535805,687.9417,575.0299,0.83427024,604.56177,572.434,0.84248805,713.933,550.708,0.24895337,608.7671,544.45636,0.26303464,681.1118,588.76184,0.0580481,637.39636,581.3539,0.060850203
228.0,643.5507,348.49316,0.9876415,659.42883,336.26733,0.9754564,629.3429,333.90558,0.96438503,682.67114,347.55975,0.85525584,610.7778,342.30096,0.69875276,705.718,417.92908,0.9895413,584.54767,411.52045,0.98868525,714.00745,496.0763,0.92694306,584.66833,489.54437,0.92024153,696.4444,559.4299,0.8723656,622.44965,547.183,0.8654618,687.7582,574.8191,0.83492106,604.29236,572.24634,0.8434171,713.87476,549.19836,0.25332743,608.0593,543.13885,0.26801237,680.8049,587.9001,0.059921503,636.93274,580.8916,0.06290734
229.0,643.5271,348.58136,0.98759794,659.4273,336.32117,0.9754283,629.3659,333.9303,0.9641671,682.6455,347.52924,0.8551892,610.8244,342.17987,0.6980528,705.7057,417.98505,0.9895874,584.5414,411.45258,0.9885245,714.04645,496.4773,0.9277905,584.59784,489.86755,0.9194236,696.64465,559.41516,0.87336737,622.33234,547.08936,0.86456066,687.55066,575.5637,0.8332977,604.0709,572.9202,0.8406794,713.8251,552.37317,0.2435998,608.22406,546.1455,0.2561219,680.7522,589.3181,0.0559223,636.9303,581.9982,0.05834213
230.0,643.65356,348.59662,0.9875399,659.5148,336.2763,0.9753962,629.44446,333.98273,0.9639697,682.79553,347.41644,0.8553654,610.94617,342.2873,0.69678175,705.94476,418.14264,0.989502,584.5394,411.784,0.98843527,714.0023,497.03528,0.9271691,584.4906,490.43042,0.9185822,696.6339,559.5804,0.87245333,622.5921,547.1184,0.8634486,687.8106,576.1505,0.8304131,604.1833,573.6579,0.83777004,714.2759,551.98596,0.24051994,608.4675,546.1356,0.2527678,680.9563,589.52783,0.05523014,637.3778,582.65295,0.057590812
231.0,643.593,348.63245,0.9875133,659.5536,336.32025,0.9753433,629.43445,333.9792,0.96370447,682.7669,347.57947,0.8547467,610.90137,342.2832,0.69591683,705.67786,417.98724,0.98956156,584.7235,411.70312,0.98817825,713.92993,497.18945,0.92882764,584.90045,490.90393,0.9176854,696.2759,559.1049,0.8745158,621.8684,546.50024,0.86259335,687.88513,577.52185,0.8280548,604.51074,575.05,0.8337467,713.83997,559.6751,0.22029558,609.8082,553.8894,0.22927144,680.64294,592.16205,0.047189653,637.79376,585.34955,0.048731595
232.0,643.5189,348.5777,0.9875095,659.39655,336.35297,0.97539634,629.36786,333.9958,0.96383315,682.6229,347.62787,0.8559443,610.90076,342.34937,0.6963108,705.7452,418.33374,0.9894961,584.4644,411.80847,0.9884262,713.6192,497.49536,0.92677194,584.6244,490.53497,0.9180211,696.0781,559.55817,0.8713937,621.96625,546.6099,0.86212397,687.7543,576.5807,0.82861304,604.2555,573.9875,0.8360052,713.4372,552.59814,0.23692617,608.4754,546.67236,0.24885264,680.2082,589.1377,0.05419013,638.10645,582.2976,0.056477875
233.0,643.4965,348.4829,0.98754245,659.3686,336.24536,0.97541493,629.32324,333.9121,0.963859,682.6127,347.5409,0.85646224,610.851,342.31757,0.6973551,705.8436,418.3725,0.9896731,584.2926,411.91284,0.9885979,713.5509,497.54224,0.9275071,584.52466,490.71704,0.9187077,696.20984,559.84174,0.871977,622.027,547.3483,0.86251414,687.8891,576.18024,0.8316479,604.2904,573.6555,0.8388547,713.6026,552.5456,0.24118614,608.8163,546.7154,0.25318706,679.9954,589.0738,0.055299222,638.84674,582.3429,0.057617396
234.0,643.4895,348.42114,0.9875729,659.375,336.2082,0.9754731,629.3218,333.90564,0.9638071,682.62036,347.61554,0.8563804,610.85834,342.4239,0.6964966,705.8342,418.5235,0.98969734,584.4318,411.94067,0.98844457,713.7114,497.38226,0.92862654,584.46185,490.30176,0.91857636,696.60803,559.4814,0.8739337,622.1029,546.97345,0.8630629,687.75256,577.3668,0.83061564,604.1699,574.76184,0.8369646,713.43646,556.247,0.23069939,608.90533,550.224,0.24102175,680.04156,590.6133,0.05104047,638.06506,583.68555,0.05292338
235.0,643.5348,348.49512,0.98764426,659.4596,336.32092,0.97556984,629.3821,333.93146,0.964104,682.71533,347.79004,0.85647297,610.8812,342.43042,0.69733137,705.65393,418.55267,0.9896983,584.5266,411.92212,0.988593,713.5275,497.1317,0.92821723,584.67773,490.22144,0.9193855,696.67737,559.334,0.87365043,622.2739,547.2204,0.8640652,687.6249,576.149,0.83403635,604.1944,573.50696,0.84111696,713.3471,553.8067,0.24232107,608.3817,547.67676,0.25427246,680.40314,589.63074,0.055147767,637.50903,582.61926,0.05744022
236.0,643.66644,348.46045,0.9876456,659.5801,336.34308,0.9754721,629.4937,333.88733,0.9642548,682.72925,347.86963,0.8554151,610.87775,342.38617,0.69914085,705.53516,418.49194,0.9896839,584.3269,411.92206,0.98861897,713.4563,497.14716,0.9280062,584.6286,490.625,0.919472,696.4118,559.43286,0.8732461,622.43713,547.6494,0.8640574,687.6387,576.37537,0.8338647,604.1282,573.79553,0.8410714,713.6515,553.119,0.24376196,608.5769,547.0579,0.2559998,680.622,589.9747,0.05580911,637.64575,583.03186,0.058158964
237.0,643.6473,348.3459,0.98769903,659.5621,336.3236,0.97558165,629.52985,333.8578,0.9642594,682.7397,348.04083,0.856657,611.0142,342.52307,0.6982938,705.4565,418.46985,0.9898279,584.41864,411.86804,0.9888047,713.3717,496.9027,0.9287222,584.792,490.2657,0.9205181,696.37555,559.6946,0.8741783,622.57526,547.59717,0.86523217,687.4261,575.42365,0.83851755,604.02124,572.82764,0.8457898,713.43317,551.1653,0.25491077,608.3154,545.1398,0.26802057,680.61646,589.0696,0.059570998,637.30994,582.29376,0.062191337
238.0,643.7095,348.47028,0.9877325,659.6571,336.44843,0.9756364,629.60535,333.94257,0.964626,682.89777,348.15442,0.85672116,611.0841,342.55756,0.69976306,705.4241,418.45526,0.98973155,584.29193,411.79974,0.9889482,713.20654,496.5265,0.92707527,584.62976,489.758,0.9208225,696.49756,559.3186,0.87196684,622.223,547.10803,0.86522746,687.1421,573.7208,0.8413952,603.71423,571.1339,0.84987044,713.3835,547.4114,0.27083504,607.5708,541.54443,0.28675205,680.5225,587.2222,0.066218466,636.95184,580.8096,0.06962016
239.0,643.7318,348.44305,0.98771966,659.6792,336.4964,0.9756011,629.71747,333.91315,0.9646874,682.91455,348.2973,0.8571709,611.2895,342.52014,0.7009391,705.467,418.7857,0.9897783,584.09814,412.08923,0.9891315,713.3063,496.92944,0.92621803,584.5203,490.354,0.92100096,696.54083,559.3294,0.87028825,622.3803,547.5666,0.8646251,687.12354,573.37537,0.84359944,603.6654,570.8184,0.85259485,713.8287,545.206,0.2830459,607.9155,539.3801,0.30068922,680.83435,587.3557,0.071397364,638.1245,581.0591,0.07536209
240.0,643.5785,348.964,0.98778397,659.73096,336.77844,0.97598284,629.64594,334.16064,0.96408784,683.1049,348.41785,0.85775226,611.33966,342.43616,0.69350815,705.45245,418.98755,0.98979104,584.70123,412.14355,0.9884149,713.9659,496.3767,0.930754,583.9109,489.5699,0.91963315,697.2296,559.30084,0.8787757,620.1964,545.225,0.8669045,687.17413,576.5755,0.8361213,603.8803,573.772,0.8416643,713.5615,557.3214,0.2371839,608.029,550.9618,0.24679458,680.86896,591.5842,0.05206874,635.12915,584.15436,0.05382651
241.0,643.6344,348.9085,0.9877804,659.7864,336.7282,0.97590965,629.6605,334.1068,0.96411103,683.1214,348.44006,0.8575765,611.28394,342.46802,0.69480693,705.58655,418.91638,0.98987234,584.6899,412.1385,0.98852205,713.841,496.37415,0.93090487,584.18524,489.79584,0.92003435,696.9665,559.0726,0.8786557,620.5195,545.2891,0.8670637,687.543,575.9813,0.83800745,604.18896,573.21216,0.8436351,713.90375,557.4353,0.23993403,608.69727,551.02155,0.24988014,680.961,591.56476,0.052735686,636.0674,583.97107,0.054570705
242.0,643.52875,348.80902,0.98781097,659.76825,336.68286,0.9760659,629.561,334.01025,0.9639933,683.1711,348.69763,0.8590456,611.1842,342.59784,0.69300586,705.64276,419.18896,0.9899672,584.6002,412.1903,0.98856974,713.8603,496.77332,0.9315194,584.09064,489.68042,0.9201753,696.8128,559.5296,0.8792453,620.09564,545.0973,0.86705923,687.847,575.53613,0.8403139,604.36664,572.67126,0.84565806,713.8633,557.99023,0.24247262,608.6119,551.493,0.25213492,681.60095,591.82245,0.053161442,636.21844,584.29755,0.054963976
243.0,643.7559,348.70056,0.98776937,659.8693,336.49963,0.9759417,629.78796,334.02698,0.96381676,683.202,348.38403,0.85819924,611.48975,342.6911,0.69357944,705.98346,419.1761,0.99002033,584.902,412.3827,0.9884093,714.16846,496.927,0.9327291,583.9425,489.79254,0.9198501,697.10767,559.1045,0.8810092,619.7716,544.9801,0.8670262,687.8749,576.86707,0.8389464,604.33044,574.0914,0.84320736,713.8523,562.68274,0.22899884,608.74976,556.4238,0.23646799,681.0932,593.33325,0.04800281,635.368,586.0414,0.04926455
244.0,643.6727,348.86652,0.9877437,659.8689,336.6596,0.97610974,629.8626,334.08417,0.9634109,683.3988,348.39856,0.8606076,611.7948,342.44708,0.69007355,706.18866,419.24878,0.9901851,584.95074,412.28253,0.9885033,714.21686,496.98102,0.9336312,583.6937,489.865,0.9199499,697.2415,559.42004,0.8822962,620.12006,545.2666,0.86715066,687.7321,576.0034,0.8424778,604.1768,573.1126,0.84612155,713.7034,561.01587,0.23863688,608.2033,554.4838,0.24560598,680.9457,592.97363,0.05094403,635.4815,585.2129,0.052186638
245.0,643.8908,348.88208,0.9877392,660.03143,336.70056,0.9760007,630.03253,334.11615,0.9636353,683.4621,348.48242,0.8601954,611.8729,342.56543,0.6923456,706.24286,419.31177,0.9901783,584.8347,412.24396,0.98874307,713.9112,497.20764,0.93267137,583.802,489.71313,0.92096025,697.15265,559.79114,0.8806441,620.1472,545.28876,0.86768484,687.54504,574.85364,0.84532523,603.85425,571.9231,0.8502364,713.3097,557.2536,0.25218198,607.0706,550.79285,0.26145154,680.6961,591.20575,0.056019932,635.2313,583.656,0.05776453
246.0,643.99994,349.01715,0.9877268,660.03796,336.82037,0.97594976,630.10144,334.29364,0.9636401,683.3852,348.4901,0.86012495,611.9249,342.742,0.6934052,706.38654,419.27588,0.9902717,584.85645,412.24066,0.98884284,713.9154,497.34894,0.9330745,583.8371,489.75012,0.92145324,697.32684,560.1478,0.8808931,620.27466,545.55536,0.868021,687.5986,574.4726,0.84764075,603.7983,571.5578,0.85246724,713.57324,556.02563,0.25838685,606.7984,549.5676,0.26782706,680.9186,590.86383,0.05815223,635.2165,583.21295,0.05995208
247.0,644.1255,349.08643,0.98774964,660.1681,336.92493,0.9759494,630.23627,334.3296,0.9638699,683.4571,348.6306,0.85971844,612.0042,342.765,0.6943844,706.33734,419.2171,0.99020946,585.02545,412.08246,0.988917,713.7743,497.2978,0.93229926,584.1019,489.59564,0.9218082,697.1724,559.94244,0.87975895,619.93475,545.10474,0.86815494,687.5308,573.53345,0.84993804,603.7837,570.5082,0.8555031,713.29956,554.7369,0.26755548,605.8932,548.099,0.2784716,681.2993,590.71985,0.06153491,634.3367,582.8386,0.06368947
248.0,644.38165,348.972,0.9877453,660.3716,336.87238,0.9758936,630.4481,334.34198,0.9638396,683.56866,348.79462,0.8593575,612.20074,343.07568,0.694869,706.71454,419.30695,0.99019235,585.47046,412.24225,0.9888718,714.04755,497.13354,0.93236107,584.36725,489.49097,0.92175794,697.2803,559.6328,0.87979716,620.22375,545.03076,0.86814755,688.3641,574.17957,0.8481842,604.6917,571.1416,0.8537463,713.4278,556.314,0.25994116,607.00476,549.45844,0.27044818,681.26483,591.16016,0.058696926,635.13824,582.91284,0.06073439
249.0,644.82117,348.87726,0.9877866,660.844,336.86353,0.9756038,630.74207,334.25793,0.9645643,683.7715,349.1477,0.8549172,612.09576,343.27917,0.7009157,706.5168,419.49304,0.98988914,585.4309,412.44318,0.9886407,714.49994,497.0617,0.9305988,584.6943,489.8675,0.92095816,697.767,559.3232,0.8773863,620.3382,545.39575,0.8671833,688.2488,575.7711,0.8413272,604.60144,572.76794,0.847574,713.74786,559.3725,0.24216229,608.2271,552.46045,0.25299117,681.5952,592.7252,0.052969813,635.1719,584.5418,0.054907203
250.0,644.9425,348.91772,0.9877975,660.9652,336.94055,0.9757515,630.8926,334.26385,0.9646208,683.9322,349.20746,0.8566201,612.2574,343.2339,0.70049655,706.6516,419.432,0.9899702,585.2246,412.50916,0.9888651,714.2832,497.03436,0.93001145,584.75256,490.3186,0.9211868,697.87195,559.4053,0.87625605,620.9468,545.84985,0.8666485,688.14874,573.8844,0.84660316,604.2851,570.9321,0.85321504,713.57684,554.21326,0.2651177,606.7544,547.4043,0.27760315,681.5091,591.1914,0.061520457,634.74084,583.0226,0.06398457
251.0,645.0989,348.83002,0.9877238,661.1659,336.8557,0.9753873,630.98865,334.1881,0.964589,683.93744,349.32428,0.8531964,612.13916,343.313,0.7036638,706.54956,419.37286,0.9899176,585.1001,412.40625,0.98845994,714.36066,497.32916,0.93107456,584.6232,490.80463,0.9198097,697.4694,559.2818,0.8773941,621.3868,546.0567,0.8652838,687.9805,576.382,0.83996284,604.0315,573.4457,0.8449379,713.4841,563.1516,0.23223549,608.5275,556.23425,0.2408514,681.15485,594.82605,0.04919097,635.2195,586.48157,0.050592393
252.0,645.3136,348.69653,0.9878334,661.42993,336.78882,0.9754062,631.08514,334.06946,0.96504724,684.0731,349.56024,0.85157603,611.95056,343.45892,0.70615476,706.4077,419.50513,0.98984647,585.1791,412.52313,0.9884411,714.19147,497.04657,0.93097377,584.73596,490.526,0.92036855,697.2509,559.85706,0.87745404,621.02124,545.6182,0.86648047,688.169,577.0718,0.8391153,604.2789,574.0681,0.84457445,713.2215,565.2344,0.2265104,608.7344,558.0891,0.23546866,681.1405,595.8496,0.047115684,634.59015,587.1093,0.04853195
253.0,645.8798,348.41217,0.9878415,661.8207,336.64612,0.97503936,631.46344,334.00433,0.9658413,684.16327,349.6767,0.84812224,612.04364,343.83282,0.71424896,706.43176,419.57385,0.9896544,584.83813,412.54675,0.9886441,714.11743,497.22583,0.92786705,584.1859,490.1855,0.92058873,697.06525,560.02966,0.87232685,620.7288,545.6723,0.865515,687.8987,576.3164,0.8363477,603.8442,573.42896,0.84391284,713.5129,557.93304,0.23647013,608.96747,551.15955,0.2489787,681.43024,592.33484,0.052140027,635.76245,584.3976,0.054269224
254.0,645.92395,348.4084,0.98786426,661.90106,336.65662,0.9751599,631.4834,334.05066,0.965799,684.2964,349.89008,0.848968,612.0853,344.1109,0.712595,706.48944,419.71625,0.98962706,584.9457,412.6953,0.9885661,714.10986,497.33667,0.92786765,584.4447,490.07428,0.9201137,697.1478,560.3367,0.87226295,620.8221,545.33563,0.8648834,687.81525,576.3441,0.83545095,603.71985,573.456,0.842764,713.2674,558.0188,0.23420542,608.69714,551.36163,0.24626702,681.42645,591.93756,0.0514656,635.30396,584.24347,0.053502798
255.0,646.2536,348.23474,0.98783714,662.1352,336.5833,0.9748329,631.7666,333.92853,0.9661387,684.2271,349.97882,0.84592354,612.1583,344.12274,0.71778464,706.40814,419.80695,0.98955965,584.73035,412.72668,0.98855054,714.37115,496.97046,0.9270808,584.1978,489.7528,0.91991186,697.1554,560.27527,0.87089616,620.5397,545.3295,0.8644899,687.78564,576.57074,0.83345544,603.6492,573.692,0.84103966,713.5833,556.7966,0.23265103,609.2155,550.10364,0.24504226,681.39124,591.2509,0.05142975,635.84326,583.56335,0.053490818
256.0,646.432,348.33936,0.98785347,662.26373,336.71375,0.97473645,631.92365,333.98895,0.9664595,684.1854,350.1045,0.8446723,612.17206,344.13763,0.7210497,706.3789,420.0412,0.9895122,584.6911,412.70947,0.9886589,714.155,497.50244,0.92612123,584.2572,489.79407,0.92036724,696.78296,560.81433,0.86919296,620.12274,545.2411,0.8646275,687.8362,576.26526,0.8342857,603.671,573.2476,0.84279704,713.5778,556.3235,0.23684454,608.8071,549.4203,0.2506699,681.5113,591.54346,0.053002477,635.7389,583.60767,0.055350006
257.0,646.49164,348.26495,0.98792386,662.2607,336.64984,0.97470677,631.99475,333.9646,0.9666717,684.1344,350.0337,0.8444415,612.2566,344.16693,0.72394127,706.3551,419.91357,0.9898093,584.62836,412.91663,0.9889939,714.2652,497.1803,0.9276166,584.1328,490.21082,0.92222977,697.1213,560.26465,0.87131095,620.21967,545.5696,0.86701596,687.9997,574.9734,0.84250665,603.87976,572.17316,0.85082954,714.17126,555.1086,0.25258175,609.2444,548.5514,0.26738554,681.9363,591.20795,0.057585806,635.9466,583.588,0.06017813
258.0,646.4039,348.2351,0.9879234,662.19055,336.63965,0.9747187,631.92957,333.9535,0.9666463,684.0687,350.08276,0.8443433,612.21375,344.20056,0.7233727,706.14197,419.81482,0.9897695,584.56165,412.9607,0.98891765,714.0892,497.0077,0.92773235,584.1402,490.43573,0.92198396,697.0862,559.98956,0.8716214,620.4059,545.9262,0.8667448,687.8121,575.26904,0.8414316,603.72595,572.5448,0.84955895,713.7737,555.95844,0.24842075,608.923,549.5548,0.2625997,681.6789,591.3065,0.05608079,635.3148,583.9231,0.058508605
259.0,646.4252,348.28705,0.9879134,662.2185,336.68024,0.9746906,631.93805,333.9867,0.9667213,684.09784,350.19177,0.8439659,612.21924,344.30243,0.7236286,706.1655,419.97266,0.98967624,584.5806,413.0426,0.9888949,713.8482,497.16077,0.9268613,584.02924,490.4474,0.9217566,696.78796,560.093,0.8704907,620.477,545.8263,0.8664349,687.73285,574.9393,0.840837,603.61865,572.14825,0.8494196,713.5521,554.95776,0.25079846,608.45184,548.3992,0.2657264,681.5891,591.01794,0.05726278,634.8772,583.39764,0.059874
260.0,646.4233,348.13934,0.98791736,662.1991,336.55383,0.97474474,631.8886,333.93036,0.9667336,684.0988,350.17072,0.84402096,612.16284,344.43652,0.7226083,706.2216,419.8899,0.989508,584.6802,413.15002,0.9887459,713.975,497.00952,0.92596436,584.15735,490.4146,0.920949,697.115,560.35284,0.8690634,620.12305,545.9109,0.8651707,688.0349,575.4692,0.83681595,603.91406,572.76385,0.84569883,713.60736,555.81824,0.24210384,608.68085,549.4452,0.2568245,681.52637,591.14233,0.054609686,634.7035,583.7676,0.057145447
261.0,646.31244,348.1765,0.9878808,662.19214,336.542,0.97468483,631.76917,333.94434,0.9664755,684.14264,350.226,0.8432869,612.0064,344.4734,0.72120345,706.26776,419.93286,0.9894838,584.75836,413.07642,0.9884122,714.23987,497.21887,0.92735934,584.3393,490.43372,0.9200128,696.882,559.64575,0.8712524,620.0919,545.37537,0.8647171,688.0695,577.66364,0.8322265,603.872,574.9,0.8397316,713.7174,563.54694,0.21750408,609.82043,557.05676,0.22889733,681.7195,593.88257,0.045532137,634.882,586.47363,0.047239184
262.0,646.1896,348.27527,0.98790896,662.16364,336.6458,0.97469825,631.6685,333.90338,0.9665873,684.1275,350.3462,0.8429287,611.85156,344.28247,0.72184783,706.11707,419.91852,0.98945224,585.005,412.85797,0.9884671,714.2422,496.90527,0.92712545,584.7584,490.21533,0.92061174,696.73315,559.7424,0.87112176,620.6662,546.0573,0.86558497,688.66077,577.0285,0.832775,604.777,574.1261,0.8409074,713.7011,564.1007,0.21808484,610.5738,557.1324,0.23027611,682.1925,594.22107,0.045556366,635.7708,586.1929,0.0474326
263.0,646.0857,348.2469,0.9877851,662.0001,336.60864,0.9745157,631.5979,333.88556,0.9662032,683.9062,350.14838,0.84273374,611.8528,344.11652,0.7206704,705.9052,419.62854,0.98934674,584.7787,412.8803,0.98833823,713.9576,496.912,0.92661524,584.9588,490.5703,0.9195262,696.1841,560.593,0.8696674,620.31537,546.3397,0.8636626,689.1265,577.78357,0.8272076,605.287,575.15045,0.8352175,714.27295,564.0261,0.20869893,611.6819,557.75165,0.22005823,681.90533,593.6175,0.04315415,637.46906,586.4805,0.044860214
264.0,645.935,348.25146,0.98782575,661.86554,336.6339,0.9746449,631.4961,333.8474,0.9662557,683.82465,350.13312,0.8442713,611.8376,343.97162,0.7204458,705.7183,419.7212,0.9894413,584.67737,412.86328,0.98860586,713.64154,496.70374,0.9262372,584.81573,490.1798,0.9203738,696.05054,560.3876,0.8691964,619.93726,546.113,0.86452633,689.12897,576.38074,0.83049303,605.4854,573.733,0.83928007,714.3325,559.3301,0.22284025,611.66656,553.06696,0.23609883,682.0143,591.353,0.04802999,638.53357,584.3362,0.05020523
265.0,645.5791,348.50226,0.9878083,661.54,336.82147,0.974758,631.0895,334.03857,0.96607983,683.62604,350.18164,0.84592617,611.4665,344.06592,0.71803206,705.4676,419.72064,0.9894258,584.4381,412.864,0.98872364,712.9055,497.62183,0.9253106,585.0016,490.70526,0.92028725,695.5502,561.263,0.8672552,619.3516,545.9348,0.8635819,689.20624,575.7334,0.8305669,605.5879,573.13776,0.8400657,714.2089,556.7615,0.22932884,611.4898,550.81226,0.24389192,682.0781,590.14795,0.05068758,639.5406,583.5797,0.053207904
266.0,645.2607,348.53943,0.9878786,661.2669,336.84778,0.9748652,630.8819,334.01324,0.9662037,683.4213,350.12994,0.8461988,611.3448,343.87463,0.71841526,704.9846,419.75824,0.9896378,584.41125,412.9237,0.9888934,712.7037,497.2426,0.9269179,584.8105,490.72888,0.92172706,696.01886,559.79565,0.8705347,619.35425,545.38434,0.8663914,688.6202,574.4772,0.8386209,605.2766,571.882,0.84762293,714.1383,556.63947,0.24296287,610.7627,550.60693,0.25795227,682.71716,589.64124,0.05436471,638.2027,582.9028,0.05701652
267.0,645.0322,348.8258,0.98781073,661.0957,337.07507,0.974879,630.70276,334.22778,0.9657879,683.32733,350.26196,0.8468784,611.281,343.92743,0.71547323,704.95245,419.86206,0.9896126,584.47217,412.99652,0.9886682,712.9026,497.1247,0.92758995,584.9127,490.64917,0.92064893,695.9982,559.82007,0.87163115,619.51733,545.30536,0.8655417,688.81085,575.51855,0.83465356,605.5917,572.91455,0.84269464,714.25964,559.4372,0.22989058,611.81287,553.33325,0.24268866,682.43164,590.7708,0.04976377,639.12823,583.90765,0.051918387
268.0,644.76483,348.914,0.98778284,660.9095,337.13208,0.9749412,630.4759,334.25427,0.9654803,683.2616,350.24377,0.8476324,611.12384,343.79895,0.7127791,704.9851,419.86456,0.98959774,584.41724,412.97382,0.9884972,713.0799,496.78857,0.9280922,584.76733,490.43744,0.9198214,695.96906,560.1242,0.87245256,619.46844,545.66547,0.8647895,688.9742,576.52545,0.8315331,605.77563,573.85126,0.8388598,713.7182,561.8322,0.21973461,612.0397,555.51,0.2308436,681.3219,591.5613,0.046358168,639.27246,584.3485,0.048162222
269.0,644.80835,348.94086,0.9877325,660.8721,337.11047,0.974828,630.53394,334.2937,0.96542156,683.16254,350.01733,0.84705746,611.22107,343.6969,0.71372247,705.0701,419.73468,0.9895873,584.35345,412.8606,0.98843956,713.13654,496.75238,0.92818147,584.6211,490.2599,0.91956925,695.8047,560.41156,0.8723532,619.5623,545.5725,0.8644831,688.84283,577.03986,0.8300997,605.563,574.3996,0.83718,714.08606,562.6968,0.2155495,612.3042,556.46405,0.22615361,681.1811,592.19293,0.04505506,639.56696,585.021,0.046729207
270.0,644.9157,348.6814,0.9876232,660.7373,336.88312,0.9743471,630.4782,334.03387,0.96633846,682.6964,349.5608,0.8432472,610.7765,343.3518,0.7234435,705.2263,419.69287,0.98914826,583.12415,412.86652,0.9886682,713.01794,497.46173,0.9212141,583.8282,491.02716,0.91830826,696.0816,561.20715,0.8610287,619.54987,546.1288,0.86007774,688.52856,575.23285,0.8262433,604.4789,572.58417,0.8370448,713.87756,551.2211,0.23882028,609.55023,544.9475,0.25546026,680.019,587.4775,0.05614096,639.7053,579.9517,0.0592207
271.0,644.6107,348.84668,0.9876438,660.41754,336.99072,0.97463447,630.23193,334.25537,0.9661723,682.6064,349.56415,0.8464508,610.8506,343.59357,0.7200028,705.2457,419.65814,0.9891552,583.1711,413.01312,0.98887825,712.6044,497.5735,0.92056715,583.5508,490.9079,0.91902083,695.8793,561.43005,0.8600501,619.19727,546.2141,0.86039424,688.831,574.06445,0.8290607,604.8275,571.563,0.84085965,713.6765,547.5184,0.2521165,608.81714,541.7704,0.27098966,680.2869,585.9623,0.06147617,639.9061,579.26855,0.065241784
272.0,644.3187,348.74304,0.987596,660.1891,336.87433,0.97476953,629.95996,334.14685,0.96580744,682.51886,349.46838,0.848233,610.6494,343.49207,0.71629703,705.48553,419.80597,0.98906744,583.0798,413.02637,0.9886904,712.85144,498.1914,0.9201008,583.5934,491.11737,0.9175543,695.7902,561.785,0.85901165,618.8841,545.9546,0.8580967,688.93524,575.1669,0.8244846,604.7254,572.5057,0.8359966,713.0109,549.94824,0.24070236,608.2981,543.9524,0.25804004,679.6061,587.0625,0.05739504,639.848,580.041,0.060757577
273.0,644.23944,348.625,0.987556,659.8961,336.6715,0.97461146,629.88605,334.21893,0.9657224,682.15765,349.09497,0.847766,610.83203,343.69934,0.7173402,705.5504,419.78546,0.98907435,583.3452,413.1809,0.988728,712.8593,498.04895,0.9201624,583.32294,490.5229,0.91803044,696.0046,561.6182,0.8590267,618.66034,545.9066,0.85866356,688.91156,575.74304,0.8229389,604.9177,573.218,0.83480346,713.009,550.3863,0.23578143,608.88574,544.7521,0.2532013,679.16284,586.7811,0.05566755,640.3859,580.2996,0.05897802
274.0,644.38275,348.73767,0.987549,660.1355,336.7879,0.9743209,629.98083,334.0949,0.966074,682.12335,349.20703,0.8437016,610.484,343.3156,0.7222618,705.3253,419.98352,0.98897433,583.2348,413.11475,0.988538,713.07874,498.13782,0.9200162,583.50183,490.8963,0.91750395,696.0015,561.1963,0.8591309,618.1338,545.2986,0.858691,688.9966,576.9935,0.81965744,605.0678,574.1983,0.8313155,712.4516,555.7346,0.22150722,609.042,549.31146,0.23731416,678.6424,588.7033,0.050153226,640.1197,580.89624,0.052929133
275.0,644.5272,348.7168,0.98756266,660.18604,336.68042,0.9741561,629.9979,334.083,0.9663632,682.09955,348.93964,0.842239,610.3808,343.3152,0.7254495,705.1888,419.90234,0.98895586,583.2617,413.20648,0.9887816,712.7586,498.44995,0.91880476,583.8601,490.9594,0.9185469,695.5621,561.3959,0.8573013,617.9264,545.212,0.8596735,689.2979,576.1355,0.8217819,605.5788,573.55524,0.8348454,712.95276,552.97034,0.23129764,609.9247,547.2136,0.24973193,678.856,587.1987,0.053905815,641.5395,580.4452,0.05728978
276.0,644.35144,348.37164,0.9876744,659.9095,336.3457,0.9743515,629.7594,333.8877,0.9667578,681.9566,348.5589,0.8436158,610.2731,343.3037,0.7259308,705.03345,419.50696,0.9889634,583.2173,413.2041,0.9892068,712.5894,497.89,0.91682607,583.4231,490.7506,0.9201145,695.7801,560.7969,0.8548938,617.5404,545.5938,0.8610561,689.16693,573.8255,0.82796526,605.7011,571.4894,0.84298486,712.8285,544.4865,0.26181054,609.5265,539.26636,0.2857064,678.80286,584.33606,0.066404074,641.69476,578.4195,0.07145989
277.0,644.10315,348.38312,0.98754203,659.7504,336.23828,0.97443485,629.5837,333.901,0.9658586,681.9861,348.32776,0.8452321,610.3026,343.2093,0.7188958,705.1553,419.30646,0.9888962,583.3985,412.72083,0.9885826,712.78064,497.91443,0.919543,583.2884,489.85388,0.9177915,695.5874,560.5813,0.85911256,617.7034,544.8611,0.85936606,688.7274,576.3534,0.81902826,605.1523,573.88696,0.831447,712.19977,553.7613,0.22408515,609.7336,548.4996,0.24100894,678.15045,587.4625,0.051258683,640.6853,581.7318,0.05430302
278.0,644.13245,348.59387,0.9875469,659.89197,336.42615,0.9744873,629.62494,334.0315,0.9657717,682.1947,348.46967,0.8444962,610.27795,343.1761,0.7172998,705.12134,419.14215,0.988834,583.4211,412.583,0.9882375,712.9695,497.55798,0.92073977,583.25977,490.02893,0.9166359,695.80426,560.37524,0.86121297,618.1938,545.25305,0.85874736,688.5964,577.90436,0.8156786,604.91956,575.43176,0.8265896,712.318,558.656,0.20924088,609.97723,553.234,0.22321275,678.14655,589.87585,0.045734316,639.56335,583.84216,0.04805419
279.0,644.0475,349.01672,0.9876059,659.8132,336.78607,0.9745755,629.534,334.41138,0.9658658,682.1782,348.57703,0.84422684,610.2224,343.33014,0.71686584,704.8801,418.88068,0.98887885,583.51373,412.63086,0.98827845,712.88837,496.38025,0.9217659,583.01447,489.53357,0.91756684,695.9042,559.8281,0.8636776,618.15656,544.903,0.8611166,688.5465,577.80615,0.81818306,605.07117,575.4669,0.8289288,712.2392,557.469,0.21364003,609.78125,552.2076,0.22771215,678.0053,589.3203,0.04700324,638.756,583.28326,0.04936406
280.0,643.8629,349.1194,0.98761857,659.64197,336.8913,0.97463214,629.37634,334.49054,0.9657604,682.0394,348.67047,0.84498435,610.1039,343.3637,0.71613497,704.83844,419.0841,0.98901844,583.5567,412.59497,0.9883652,712.8962,496.65564,0.9227632,582.92993,489.38947,0.9182676,695.8794,559.97253,0.8651971,618.0393,544.94354,0.8622711,688.5099,577.54834,0.82096595,605.1222,575.06226,0.8314306,712.14905,557.75476,0.21668762,609.77563,552.15753,0.23070246,678.18146,589.3834,0.047632754,638.8209,582.9413,0.05000201
281.0,643.8246,348.96295,0.98762596,659.59973,336.80884,0.9745375,629.2899,334.31744,0.96603036,681.86804,348.72754,0.84360355,609.8583,343.29114,0.7178064,704.358,418.73682,0.9888426,583.3657,412.83044,0.9884171,712.52954,495.79956,0.9210728,583.3498,490.03564,0.9182195,695.53827,559.98,0.86286104,618.0364,545.02295,0.86192137,688.5992,576.67847,0.8204119,605.3694,574.42725,0.8319838,712.2182,554.1037,0.22426063,609.6537,548.75726,0.24014118,678.35583,588.03845,0.050949425,638.8326,581.54193,0.05377996
282.0,643.7063,348.9992,0.98755884,659.44293,336.6953,0.97458154,629.17053,334.3183,0.9656369,681.8068,348.29083,0.84448195,609.849,343.08215,0.715107,704.5839,418.48657,0.9888386,583.3162,412.85797,0.98820317,713.0233,495.22845,0.92174673,583.0805,489.79688,0.9168403,695.86646,558.8066,0.8643405,617.5157,544.7153,0.8608922,688.9268,576.92554,0.81729525,605.6291,574.8498,0.8276701,712.6078,555.01953,0.21675608,610.08936,550.08374,0.23044688,677.66614,587.8989,0.048328787,639.0525,581.92505,0.050688326
283.0,643.91833,348.89514,0.9876685,659.5337,336.51074,0.9744576,629.26953,334.28796,0.966079,681.68787,348.02472,0.8416637,609.7871,343.1848,0.7198879,704.3677,418.05603,0.9890474,583.60474,412.71753,0.9883359,713.00464,494.4652,0.92410064,582.7861,489.1751,0.91893715,695.9072,558.51587,0.8681797,617.4428,544.2555,0.8646532,689.101,576.67896,0.8236449,606.0369,574.7491,0.83351123,712.21106,557.8055,0.21789837,610.00256,553.1626,0.2310107,677.96185,589.0022,0.04739952,637.5751,583.23846,0.0495238
284.0,643.8461,349.03516,0.98766714,659.4054,336.72015,0.97431016,629.1982,334.41803,0.9663824,681.4182,348.245,0.8404577,609.627,343.27637,0.722924,704.1398,418.1714,0.98895144,583.52356,412.71533,0.9885325,713.03436,494.73877,0.92233765,583.23065,489.15997,0.9196924,695.81934,558.6097,0.8654672,616.9493,544.04144,0.8649596,689.5081,575.6754,0.8241811,606.59454,573.71814,0.8357756,712.4482,554.6848,0.22580889,610.18207,550.129,0.24165675,678.2083,586.8524,0.05069849,638.42395,581.40125,0.053426772
285.0,643.8871,349.04962,0.987751,659.4633,336.68323,0.974169,629.06287,334.3457,0.9666083,681.24756,348.22754,0.8377235,609.0694,343.24622,0.72652674,703.9406,417.8828,0.9892149,583.5087,412.50244,0.98856205,712.7135,494.78784,0.9250959,583.78467,489.57056,0.9208996,695.0314,558.0769,0.86936116,616.6278,543.7186,0.8671405,689.7889,576.48224,0.828467,606.83984,574.4525,0.8387917,711.76355,561.3944,0.21723473,610.353,556.5511,0.23080674,677.64886,589.2225,0.046196163,637.6273,583.1606,0.04830149
286.0,643.67645,349.16443,0.9878135,659.23376,336.76398,0.9743315,628.7565,334.41223,0.9669163,681.1059,348.11176,0.8383812,608.6356,343.18652,0.726974,703.8508,417.78436,0.9891672,583.18317,412.46704,0.9887674,712.27795,494.69757,0.92380315,583.5541,489.64685,0.92172825,694.94617,558.27747,0.8679949,616.85986,543.99304,0.8681719,689.62213,574.86975,0.8315753,606.5019,572.8113,0.84318745,711.6874,555.68787,0.23499689,608.7279,550.66705,0.25149938,677.5681,586.9612,0.052859247,636.5298,580.4579,0.055705875
287.0,643.5835,349.37244,0.9878441,659.1838,336.83868,0.97446525,628.5378,334.49,0.9670372,681.1146,348.06842,0.8382541,608.26227,343.1996,0.7263258,703.8687,417.55792,0.9890878,583.0082,412.37933,0.9886403,712.0421,494.29822,0.9237863,583.4622,489.6032,0.92135084,694.98846,558.3773,0.8685154,617.27954,543.67505,0.86847687,689.7101,573.9294,0.83122474,606.28064,571.88965,0.84257734,712.2679,554.0302,0.23677415,607.7573,548.8457,0.25305268,678.4345,586.0449,0.053713053,635.24817,578.9454,0.056548297
288.0,643.2529,349.68542,0.9877999,659.0026,336.96338,0.9745897,628.1541,334.6792,0.9666709,681.14307,347.89734,0.8380374,607.8431,343.09656,0.7222147,703.84686,417.2885,0.9888557,583.1169,412.4054,0.98804045,712.5378,493.26892,0.92472756,583.1467,489.11438,0.91915,695.32635,557.8784,0.8706392,616.5857,543.18494,0.86730266,690.36884,576.2677,0.82156074,607.00854,574.35333,0.831373,712.787,561.3208,0.20607728,609.25366,556.1989,0.21799928,678.69666,588.4199,0.043171495,635.50757,581.1521,0.044990003
289.0,643.2374,349.65784,0.9877149,658.91925,336.84894,0.9745035,628.05725,334.65326,0.966738,681.062,347.73096,0.8375045,607.73895,343.16724,0.7222407,703.9658,417.3689,0.9884912,582.89075,412.5205,0.9878881,712.38464,493.84845,0.9215486,583.1118,489.4629,0.9175374,695.14935,557.3192,0.8663909,617.08655,543.24036,0.8647262,690.2544,576.0705,0.81566924,606.62305,574.2091,0.8268157,712.5857,558.2057,0.20654464,608.1283,553.34595,0.2198022,678.5011,587.2274,0.044504702,635.1445,580.473,0.046612114
290.0,643.0907,349.71014,0.9876342,658.81775,336.82568,0.97436047,627.9678,334.4746,0.96662617,680.8985,347.5996,0.8372649,607.646,342.7016,0.722598,703.79987,417.5097,0.9884599,582.71783,412.32764,0.98788893,712.2208,494.41223,0.92058,583.5112,489.87213,0.9169214,695.1576,557.6615,0.8647132,617.5026,543.2589,0.863616,689.82074,575.1744,0.81483567,606.26447,573.1379,0.82615256,713.05475,557.0017,0.20963505,608.4223,551.671,0.22348127,678.74365,587.26086,0.045787483,636.334,579.76556,0.048046768
291.0,642.9272,349.74127,0.9875629,658.6451,336.88544,0.9742075,627.87573,334.40576,0.9667102,680.6071,347.64685,0.83638513,607.55664,342.47864,0.724187,703.707,417.74097,0.9882401,582.37537,412.28955,0.98784643,712.1743,494.54932,0.9183965,583.1856,489.97986,0.9162749,695.2291,557.08887,0.86186826,617.821,543.2646,0.86248565,689.6904,575.4382,0.8101328,606.0199,573.2145,0.82264924,712.5521,555.443,0.20805353,607.58325,549.58997,0.22289485,678.20245,586.7646,0.046098143,636.5779,578.54114,0.048576802
292.0,642.8169,349.56934,0.9874724,658.6033,336.63983,0.9741061,627.82086,334.1372,0.9663633,680.61505,347.28534,0.836571,607.5946,342.0125,0.72234654,703.6195,417.594,0.98809665,582.542,411.91125,0.9876469,711.7613,494.23706,0.9180217,583.3037,489.24023,0.91537964,694.4503,556.8303,0.86147714,617.89355,542.6057,0.86169684,689.5198,576.09186,0.80351174,606.10376,573.7484,0.8160597,712.3013,557.60254,0.19479308,608.51715,551.4785,0.20852044,677.7022,587.179,0.04194054,637.9971,578.6354,0.044150054
293.0,642.53455,349.48883,0.98750174,658.5052,336.49268,0.9743531,627.628,333.98724,0.9660652,680.78296,347.1931,0.83798563,607.58887,341.81165,0.7175865,703.6754,417.38092,0.9880192,582.6675,412.10797,0.9872922,712.03503,493.97833,0.9188862,583.43634,490.2235,0.9137902,694.7046,556.48975,0.8629096,617.93585,543.171,0.8601574,689.6531,577.7945,0.79807585,606.21313,575.58673,0.80920076,712.49774,562.9738,0.17903343,609.2444,556.91473,0.19014111,677.59674,589.6503,0.03671342,637.49426,580.9454,0.038382977
294.0,642.50696,349.16455,0.9875329,658.4521,336.24603,0.9743291,627.6534,333.7351,0.96595365,680.65094,347.14282,0.8382759,607.68066,341.737,0.7172196,703.341,417.07263,0.9882728,582.6532,412.17065,0.9874004,711.8738,493.53955,0.92075586,583.96454,490.7296,0.91444016,695.03015,556.474,0.8651155,618.1332,543.46234,0.8608264,689.2877,577.2302,0.8025197,606.0022,575.22345,0.81245935,712.75684,562.7229,0.18240133,609.6167,556.9945,0.19284353,677.63184,589.1704,0.037306458,637.2665,580.759,0.03885436
295.0,642.60785,348.94232,0.9874693,658.58777,336.00537,0.97407997,627.7999,333.44775,0.96581495,680.63135,346.7979,0.8357899,607.67004,341.23657,0.71934485,703.2636,416.81213,0.9883945,582.61194,411.8211,0.98711014,712.2961,493.08307,0.9230539,583.5491,490.38184,0.91378057,695.321,555.8956,0.8682673,617.92676,542.6855,0.8608929,689.1862,578.9552,0.8023752,605.96246,576.87714,0.8100439,712.2381,571.36816,0.16762608,610.35846,565.40454,0.17489427,677.0504,593.0238,0.031998992,637.11316,584.1155,0.032903224
296.0,642.4409,348.77295,0.9875263,658.4631,335.8155,0.97418463,627.5642,333.2174,0.9660003,680.5726,346.78455,0.83639705,607.3798,341.17072,0.7194984,703.15216,416.98804,0.98840165,582.449,412.01428,0.9872862,712.1102,493.2718,0.9220965,583.7024,490.6129,0.91411626,695.151,556.516,0.8670397,618.14246,542.62616,0.8613397,689.3336,577.1488,0.8045475,606.13275,575.0978,0.81310153,712.98206,566.594,0.1783992,610.61145,560.6058,0.18730646,677.84717,590.9376,0.035398155,637.72546,581.90173,0.036626667
297.0,642.40826,348.51062,0.98767734,658.30426,335.622,0.9742582,627.47736,333.13074,0.96662796,680.36926,346.60626,0.8357782,607.3275,341.26062,0.7224425,702.69293,416.482,0.9884063,582.2405,411.9132,0.9876702,711.797,491.52112,0.9213447,583.2157,489.36707,0.9163096,695.4754,555.4497,0.8665043,617.4896,542.5675,0.86398876,689.1709,575.827,0.81010914,606.0948,574.1062,0.82048535,713.8214,559.6244,0.1954793,610.4414,554.32153,0.20759779,678.8253,587.787,0.041018963,637.44836,579.8701,0.042876154
298.0,642.24243,348.30542,0.9877454,658.1653,335.43884,0.974435,627.34106,332.87988,0.96661174,680.25183,346.4713,0.8370982,607.2077,340.99084,0.72130126,702.6042,416.47845,0.98858297,582.1791,411.86926,0.9877988,711.7983,491.52795,0.92217755,583.3196,489.54413,0.91670626,695.7503,555.21924,0.8677829,617.31165,542.77765,0.86451113,689.1721,575.3641,0.8133592,606.1164,573.5668,0.82331055,713.52155,557.93176,0.20221558,609.73175,552.41833,0.21429148,678.6001,586.615,0.04306528,636.981,578.3977,0.0449664
299.0,642.1583,348.18127,0.9876525,658.1171,335.2804,0.9742154,627.258,332.6922,0.96640897,680.08496,346.25378,0.8349159,606.98926,340.68292,0.7214309,702.23895,416.07568,0.98845834,581.92017,411.89868,0.98738074,711.7662,492.0301,0.9222472,583.8169,490.89355,0.9142482,695.2746,556.08386,0.86704254,616.92126,542.49426,0.86127335,689.15027,577.0779,0.8060888,606.09875,575.5022,0.8144425,713.3869,563.19104,0.18376389,610.48755,558.25305,0.19286612,677.8663,588.2907,0.037322253,637.0476,580.54626,0.03858137
300.0,641.93256,347.67755,0.9874511,657.87476,335.02136,0.9738039,627.28534,332.2115,0.9657293,679.5263,346.41425,0.8346688,607.0386,340.33917,0.7227552,702.4422,415.768,0.9889021,581.2689,411.66638,0.9873166,712.0559,493.64526,0.92538357,583.98,494.20807,0.9134897,694.9946,554.27545,0.86962366,617.6817,544.26056,0.85852396,689.45337,577.2756,0.81092453,605.69275,575.62683,0.81607056,713.21625,571.9758,0.17455435,610.25885,566.45166,0.17996922,677.8492,592.62836,0.033208758,636.7971,583.7938,0.033792466
301.0,641.7881,347.47107,0.9875034,657.7838,334.92676,0.9740876,627.32404,331.99695,0.96539503,679.45953,346.36084,0.8364582,607.2692,339.963,0.7181138,702.39655,415.2693,0.9889289,581.4597,411.19806,0.98708606,712.5357,491.78204,0.92765325,583.5558,492.9314,0.91359454,695.02924,553.2048,0.8738148,616.5313,543.9264,0.86005574,689.8785,578.38635,0.80899835,606.0938,576.63184,0.8127181,713.16534,574.0058,0.16531643,609.4955,568.106,0.16884688,678.15393,593.28107,0.030392915,634.98413,583.9323,0.030706346
302.0,641.66394,347.4881,0.98756546,657.68866,335.09668,0.97408867,627.314,332.0545,0.9654623,679.3961,346.58978,0.836481,607.38654,339.9181,0.71859944,701.96606,414.9192,0.98911977,581.4373,411.15625,0.9873472,712.39233,490.09918,0.9289824,583.35913,492.51416,0.9154144,694.82764,552.00757,0.876321,616.796,543.64496,0.8631853,690.0404,577.3738,0.81426114,606.57916,575.83997,0.8180226,714.6548,569.80725,0.17541513,611.12396,563.977,0.17963132,679.6546,591.4778,0.03304404,636.25555,582.03284,0.03348559
303.0,641.75726,347.13434,0.98755586,657.71643,334.95557,0.97382367,627.3981,331.7865,0.96582913,679.1704,346.77533,0.8348825,607.2698,339.87885,0.72370636,702.09033,415.11157,0.9891566,581.02136,410.93182,0.98757136,712.53455,490.79486,0.9276581,583.3899,492.778,0.9158753,694.81195,552.32025,0.873405,617.3544,543.7326,0.86232615,689.83905,577.088,0.8154198,606.0647,575.27686,0.82028973,714.13135,568.16766,0.18055364,610.5548,561.66547,0.18614385,679.12024,591.1336,0.034767717,636.70795,580.82446,0.035415024
304.0,641.7872,347.1917,0.98756003,657.782,335.0255,0.97375274,627.40607,331.79004,0.96593994,679.17615,346.83533,0.8339188,607.14215,339.80756,0.7250812,701.9642,415.026,0.98918563,581.0429,410.651,0.987574,712.53986,490.83197,0.9278581,583.43445,492.58496,0.91604435,694.75616,552.22076,0.8736877,617.1144,543.45886,0.8626245,689.6398,576.6583,0.8167045,605.9836,574.71967,0.8214861,713.68555,569.01715,0.18089196,610.57086,562.26074,0.18638167,678.8987,591.23914,0.034673035,636.5762,580.6277,0.035291404
305.0,641.73676,347.01263,0.98765653,657.6945,334.974,0.9737726,627.4263,331.5766,0.9663553,678.94617,346.96442,0.8339684,607.16907,339.6319,0.72789234,701.73944,415.0276,0.9893173,580.9853,410.40356,0.9880494,712.3394,490.69055,0.9272922,583.5093,492.3181,0.9182993,694.6619,552.1374,0.8729468,616.9209,543.1734,0.86506486,689.69446,574.48096,0.8241123,606.172,572.3739,0.83070713,713.68,563.0433,0.20157143,609.80054,555.8809,0.21002367,679.34424,588.82965,0.040908903,636.4956,577.71216,0.04207182
306.0,641.83014,346.9889,0.9876606,657.7406,334.9333,0.97373056,627.4801,331.5677,0.9663696,678.877,346.90564,0.83297944,607.1273,339.6576,0.728572,701.81934,414.82947,0.9893352,581.0369,410.2885,0.9879241,712.6737,490.1317,0.92828465,583.38074,491.9015,0.91826963,694.9527,551.40015,0.8747095,616.52136,542.6797,0.8656896,689.938,574.8906,0.82401067,606.32275,572.78503,0.8298676,713.56976,565.77454,0.19512829,609.603,558.5686,0.20229769,679.2149,589.8133,0.038529754,635.5762,578.563,0.039431334
307.0,641.87854,346.85236,0.98771906,657.674,334.81982,0.9736466,627.5309,331.42792,0.9669206,678.71765,346.66504,0.8326043,607.12744,339.44275,0.73343515,701.6729,414.96545,0.98945856,581.1493,409.97455,0.98854685,712.3292,490.95026,0.92680895,583.5346,491.398,0.9210639,694.6899,553.0301,0.87196416,616.2361,542.81726,0.8679684,689.4799,571.7606,0.8348608,606.16125,569.43207,0.8433468,713.3835,559.5885,0.22642434,608.6038,552.1596,0.23864383,679.86664,587.72156,0.04839292,635.822,576.3465,0.050284058
308.0,641.83185,346.69214,0.98773724,657.5675,334.74677,0.9737851,627.5575,331.30902,0.967036,678.63434,346.61804,0.83498144,607.25574,339.34564,0.73358876,701.7664,414.97052,0.9895092,580.8546,409.96246,0.98893106,712.05554,491.81476,0.92532897,583.63574,492.11774,0.92209077,694.50916,554.26575,0.8689673,616.57324,543.79193,0.867561,689.405,569.9326,0.83964884,605.82684,567.59814,0.8496598,713.0588,553.61633,0.24914283,606.6815,546.3813,0.26490128,679.8712,585.9136,0.056879282,635.4148,574.871,0.059656292
309.0,641.9584,346.19647,0.987821,657.56586,334.37384,0.97394407,627.681,330.96643,0.96746933,678.6041,346.4884,0.8371968,607.4231,339.38348,0.73630315,701.87775,415.34778,0.98976374,580.72656,410.1244,0.98960185,711.6242,493.45056,0.92369825,583.70374,492.84204,0.9240173,694.252,555.5116,0.865265,617.29285,544.90234,0.8675542,689.08453,567.3028,0.85332596,605.39026,564.8978,0.8647754,712.27344,545.2221,0.3019606,604.32776,538.1675,0.32392302,680.6851,584.1366,0.07793778,635.28436,573.66815,0.08269015
310.0,641.9131,346.22144,0.9878274,657.45233,334.32367,0.9739232,627.6411,331.03003,0.9675283,678.50854,346.22137,0.8367259,607.45654,339.35596,0.736747,701.79626,415.23352,0.9897262,580.98706,410.16174,0.9896207,711.64105,493.27448,0.9236612,583.67737,492.5891,0.9244883,694.11523,555.2357,0.8656945,617.0441,544.7223,0.8686092,689.103,567.35,0.8536452,605.683,565.03436,0.8654508,712.27954,545.92926,0.30152655,604.6101,539.1317,0.3240494,680.5885,584.317,0.07750642,635.06494,574.21875,0.08236399
311.0,641.83746,345.9566,0.9878328,657.3976,334.1538,0.97391725,627.668,330.79797,0.9675672,678.4514,346.23126,0.83711225,607.6026,339.20203,0.7371697,701.7952,415.154,0.98971987,580.9141,410.13953,0.9897172,711.69617,492.8086,0.9232681,583.44104,492.47485,0.92495906,693.7484,555.85516,0.86489666,617.51874,545.1365,0.8688818,689.2375,567.2441,0.85408664,605.804,564.9144,0.86638975,712.075,544.35834,0.30625916,604.4573,537.41003,0.33000174,680.61365,584.0697,0.079934895,635.3565,573.6654,0.08521029
312.0,641.7287,345.7307,0.98787236,657.25195,333.9751,0.9739572,627.54297,330.72406,0.96762764,678.32,346.0974,0.8369159,607.49335,339.28442,0.73694205,701.68036,414.77167,0.989702,580.9254,410.06256,0.9896569,711.69275,491.899,0.92383313,583.28546,491.9662,0.9251683,693.8246,555.261,0.86598146,617.42126,544.6423,0.869518,689.094,567.8092,0.8534869,605.6706,565.5902,0.8656428,711.67084,545.6448,0.2992978,604.1754,538.8679,0.3222656,680.1853,584.0011,0.07671979,634.3037,573.73346,0.08166596
313.0,641.8324,345.77563,0.98794055,657.3545,333.976,0.9740924,627.60974,330.6693,0.96783125,678.41235,345.95013,0.83747286,607.438,339.0744,0.7380448,701.67664,414.8578,0.98990583,580.9719,410.07977,0.9898924,711.4746,492.52094,0.92437077,583.56006,492.54565,0.92601895,693.5998,556.54395,0.8662064,617.58826,545.59064,0.87007755,688.8795,566.9671,0.86077964,605.47437,564.66583,0.87261736,711.75806,543.86017,0.3237688,603.38727,536.87866,0.3482079,680.76776,584.5597,0.086791575,633.985,573.86804,0.09245601
314.0,641.90393,345.71558,0.98786867,657.41077,333.8977,0.9739371,627.65704,330.62378,0.9676862,678.42035,345.89764,0.8370774,607.4897,339.09473,0.7383246,701.8383,414.747,0.98985505,581.0326,410.0456,0.9898304,711.62476,491.91315,0.9239551,583.72174,492.1153,0.9254867,693.9456,555.9826,0.8654084,617.92816,545.7163,0.8690394,689.1156,567.1451,0.85846245,605.72986,564.87854,0.87034154,711.42535,544.19196,0.3164621,603.90845,537.18555,0.34028864,680.0828,583.8509,0.08399254,635.18207,573.1335,0.08941275
315.0,642.0677,345.5251,0.9878535,657.57666,333.69678,0.97375584,627.8184,330.37866,0.96783626,678.51227,345.69592,0.83580047,607.53467,338.79675,0.7411903,702.0968,415.037,0.98986363,580.9305,409.9035,0.98990476,711.4797,493.05725,0.9233629,583.5827,492.4491,0.925837,693.3258,556.1704,0.8643327,618.2594,545.4303,0.8692579,688.99854,567.6082,0.85807323,605.4086,565.1039,0.87048405,711.09344,545.8657,0.3133263,603.5868,538.44275,0.33786094,679.61145,584.7466,0.08239657,635.30676,573.53467,0.08788282
316.0,642.0372,345.45068,0.9878944,657.64874,333.62872,0.9738625,627.81213,330.2177,0.96758735,678.5111,345.75903,0.8349664,607.41956,338.59412,0.73881304,701.87415,414.70715,0.98996484,581.192,409.5138,0.9894614,712.1499,491.8592,0.92721105,583.53503,491.72815,0.925,693.9071,555.8597,0.8707121,617.5392,545.22034,0.8703277,689.07446,568.6164,0.8554145,605.6303,566.0157,0.86523753,711.81384,553.19745,0.28333578,604.80066,545.2898,0.30131316,680.38025,587.22394,0.067923784,633.7663,575.1996,0.07134926
317.0,642.0667,345.14978,0.9879584,657.7049,333.32318,0.9739771,627.84375,329.89655,0.96788824,678.5631,345.53833,0.83497727,607.4387,338.34186,0.73948896,701.78375,414.41217,0.989894,581.00146,409.35626,0.9895042,712.2929,491.01837,0.92625165,583.16254,491.20044,0.92490196,694.6093,554.56537,0.86968374,616.5325,544.2598,0.8701358,688.75275,567.86456,0.85700524,605.2354,565.33356,0.8672408,711.63293,551.38104,0.29247838,604.00146,543.67334,0.31178668,680.3175,586.432,0.07180902,633.00995,574.743,0.07562831
318.0,642.1956,345.2,0.9880059,657.8829,333.37933,0.97394425,627.7944,329.90448,0.9682297,678.6752,345.74597,0.8333569,607.03394,338.51227,0.7418498,701.7912,414.5451,0.9898535,580.9277,409.1062,0.9894898,712.0938,491.41748,0.9259156,583.1314,490.84814,0.9251454,694.4075,554.99207,0.86916643,616.5869,544.04877,0.8705184,688.6188,567.41046,0.85809803,604.9508,564.641,0.8685784,711.14465,552.4878,0.29327905,603.4328,544.26764,0.31312597,680.6027,587.0657,0.07178807,632.2531,574.7536,0.075689524
319.0,642.1961,345.1927,0.9879352,657.898,333.31787,0.9737743,627.76294,329.86035,0.9681822,678.73267,345.65112,0.8329971,606.99146,338.45465,0.7425534,701.7276,414.64465,0.98982465,580.8416,409.0171,0.9895427,711.9778,492.14813,0.92481345,583.3509,491.0409,0.9248661,694.6179,555.0397,0.8672488,616.7802,544.07715,0.86959016,688.23627,566.19775,0.8582336,604.7,563.45264,0.869114,711.4049,550.96423,0.29899678,604.287,542.9698,0.3202175,680.6077,586.0531,0.074492544,633.6597,574.2955,0.07879451
320.0,642.1969,345.16028,0.9879693,657.92725,333.24463,0.97389346,627.7338,329.79358,0.9680598,678.8215,345.54083,0.83407104,606.9751,338.35498,0.7416849,702.00964,414.6034,0.989969,580.67084,409.1695,0.9895955,712.17596,492.21747,0.9258026,583.0618,491.4945,0.92482907,694.3524,554.9193,0.86850595,616.5782,543.919,0.8696997,688.9722,566.9424,0.85815835,605.18146,564.32336,0.86846495,712.1643,550.84204,0.2974071,605.05536,543.0216,0.31743854,681.0437,586.43884,0.0736185,634.8907,574.73553,0.07763696
321.0,642.41583,344.88495,0.98784345,657.9575,332.93054,0.9736278,627.9727,329.61536,0.9678364,678.7275,345.05414,0.83465385,607.33636,338.1903,0.7438078,702.3482,414.5072,0.9901651,580.25085,409.213,0.9898376,712.23737,492.50854,0.92564154,582.6494,491.5357,0.92486805,694.53424,554.8947,0.8671913,617.0945,544.0795,0.8684244,688.8824,565.90173,0.86140597,604.7893,563.49054,0.87151146,711.9737,546.3306,0.3149761,604.4667,539.21027,0.33569887,680.18555,584.3814,0.081563234,636.41547,573.6917,0.08593413
322.0,642.48596,344.77478,0.98794824,657.9355,332.8009,0.9736863,627.8157,329.60022,0.9687029,678.73145,344.91608,0.83371866,606.98627,338.43445,0.74829453,702.22845,414.55115,0.989926,579.9064,409.58905,0.9902257,711.79425,492.4209,0.9208791,582.3831,491.49847,0.92577356,694.8112,554.5801,0.8601532,617.00446,544.30035,0.8679926,689.04626,564.3428,0.86537087,604.9079,562.1935,0.8782928,711.8346,538.0769,0.3546073,603.49365,531.6301,0.38349128,680.6847,582.3978,0.10255879,637.1428,572.78503,0.1099363
323.0,642.37445,344.61,0.9879144,657.87744,332.6223,0.97353196,627.7832,329.42834,0.9682952,678.65857,344.87567,0.8334135,607.0896,338.3213,0.7468189,702.0136,414.4121,0.9901076,580.05286,409.5515,0.99011457,711.75903,492.62213,0.92353976,582.6976,492.00262,0.9257982,694.5153,554.91113,0.8637841,616.6687,543.8281,0.8688042,688.72766,565.0502,0.8630781,604.84064,562.9841,0.8747245,712.54956,542.0338,0.33221,605.6522,535.6809,0.3574574,680.79236,582.87354,0.09032336,638.2212,573.23535,0.09614855
324.0,642.3769,344.54645,0.98792726,657.9058,332.53662,0.9735435,627.71155,329.37567,0.9682828,678.7088,344.88922,0.8327946,606.92456,338.40332,0.7461333,702.152,414.44287,0.9900677,580.1089,409.47906,0.9899325,711.9399,492.8512,0.9239532,582.816,492.10242,0.92512083,694.74927,554.3944,0.86462706,616.43335,543.8432,0.8683162,688.6529,565.66675,0.8608335,604.60767,563.5197,0.8719711,712.87573,544.7405,0.31899232,605.91406,538.1472,0.34244412,680.9176,583.4651,0.08401832,637.4768,573.5776,0.08913773
325.0,642.4051,344.52527,0.9879404,657.9511,332.4735,0.97351015,627.7917,329.33673,0.9682598,678.72815,344.80463,0.83194995,607.0386,338.32825,0.74626887,701.92706,414.13885,0.9901244,580.3733,409.29462,0.98983705,712.01843,492.6328,0.92563605,582.99817,492.12738,0.92549837,694.70306,554.3264,0.8673575,616.32117,543.7063,0.869581,688.3885,565.3548,0.8618429,604.5625,563.28766,0.8722018,713.2034,548.48553,0.30976564,606.4462,542.08496,0.33140767,681.5974,584.8356,0.07846597,636.5331,575.169,0.08287948
326.0,642.3667,344.5929,0.98790705,657.8786,332.4359,0.9736297,627.7458,329.40942,0.967922,678.7608,344.6056,0.8340218,607.14276,338.3775,0.7432258,702.234,414.1565,0.99017227,580.5791,409.33307,0.98983324,711.79224,493.14746,0.9260315,583.13086,492.33777,0.9252989,694.5512,554.2112,0.8678539,616.2379,543.5322,0.8691635,688.3767,565.3437,0.8618939,604.44507,563.24,0.8719957,713.00397,548.5683,0.30966854,605.7804,542.1507,0.33067,681.3952,585.02747,0.07828453,636.25653,575.25854,0.082571656
327.0,642.36163,344.46216,0.98795617,657.84393,332.3462,0.9737288,627.75287,329.33813,0.9678906,678.7046,344.61957,0.8345231,607.2145,338.42163,0.74239165,702.3588,414.13635,0.9902123,580.7447,409.32654,0.989841,712.0194,492.62323,0.9269577,583.0055,491.7556,0.9259055,694.4762,554.15607,0.8693892,615.73975,543.0614,0.87048405,688.9063,566.0302,0.8621187,604.92975,563.90784,0.872114,713.7176,549.75,0.30527842,606.29297,543.18524,0.32589984,682.3212,586.1624,0.07589236,636.3204,576.13477,0.080034286
328.0,642.40515,344.4655,0.98791146,657.90295,332.3335,0.9735935,627.81104,329.3166,0.9677201,678.7057,344.58154,0.8331033,607.24207,338.3302,0.7422169,702.2752,414.0755,0.9901965,580.7905,409.36877,0.9896181,712.1449,492.36658,0.92786455,582.99976,491.91882,0.9250016,694.34875,553.5028,0.8710557,615.94836,543.0299,0.8700351,689.0703,567.4017,0.85887146,605.15765,565.3445,0.867913,713.7498,552.8456,0.28883198,607.00574,546.33813,0.30648166,682.01984,586.87463,0.06900108,636.3478,576.8795,0.07224721
329.0,642.55334,344.10162,0.9880284,657.9353,332.07526,0.9737834,627.91626,329.11755,0.9680711,678.7104,344.55658,0.8349905,607.3821,338.5158,0.74330974,702.4118,414.1682,0.99030674,580.9601,409.67474,0.99007547,712.22186,492.43994,0.92668974,583.5922,491.9978,0.92675686,694.4739,553.4989,0.8692189,615.51526,542.8469,0.8714117,689.05475,565.3939,0.8652624,605.2814,563.4102,0.8757343,713.59076,546.1261,0.3220012,606.46155,539.91345,0.34472495,681.70245,584.2185,0.083348006,636.5356,574.7588,0.08825967
330.0,642.5002,344.0119,0.98790956,657.7865,331.96887,0.97335625,627.909,329.2209,0.9680661,678.5289,344.42432,0.8314537,607.4614,338.75427,0.74557877,702.3269,413.78998,0.99018335,580.35266,409.93933,0.9896296,712.58563,491.44055,0.92732227,582.7306,492.88153,0.92496765,695.72144,549.625,0.8711576,615.9413,542.8888,0.87002605,687.2162,566.0613,0.8596083,602.9088,564.44684,0.86852825,714.61584,549.09436,0.2959273,606.1534,543.28546,0.31454366,681.3544,583.45264,0.07248059,633.7275,574.3403,0.0759536
331.0,642.54364,343.99194,0.9878638,657.8642,332.02576,0.97320056,627.93463,329.234,0.9678942,678.53925,344.65045,0.83069026,607.41187,338.86157,0.74565935,702.3339,413.83514,0.9901479,580.2919,409.9179,0.9895136,712.85626,491.3994,0.92774427,582.7111,492.68683,0.92472094,695.45886,550.9735,0.8713281,615.9267,542.84467,0.86986077,687.5334,567.2172,0.854775,603.2384,565.5816,0.86353457,714.71857,551.185,0.27747232,607.5261,545.302,0.29464865,681.20935,584.09705,0.065381795,635.0668,574.82324,0.06837648
332.0,642.5176,343.8015,0.98778033,657.7552,331.7661,0.9730377,627.9936,329.09064,0.9674419,678.3435,344.33282,0.8306856,607.6501,338.74945,0.744991,702.36835,413.6178,0.99035716,580.44214,410.02704,0.9894188,712.9528,491.18896,0.93009526,582.59814,493.00696,0.9243946,695.7801,549.9416,0.874525,615.5217,542.58093,0.8697741,687.8405,567.12244,0.8561081,603.64087,565.6947,0.8631167,715.21014,554.9087,0.2682509,608.43225,549.39105,0.28198403,681.40155,584.8465,0.060592443,635.40674,575.86597,0.06272358
333.0,642.57043,343.8042,0.98794854,657.78314,331.802,0.97328997,628.0707,329.02356,0.96802074,678.31586,344.30408,0.8311628,607.6917,338.5359,0.7470354,702.03265,413.82288,0.9903753,580.5301,409.9276,0.9897976,712.71344,490.79346,0.92935145,582.44604,491.69543,0.9266772,695.6879,551.28284,0.8737433,614.2031,541.94763,0.8728787,687.8246,565.868,0.86171556,603.8991,564.29846,0.8704784,715.4567,549.77826,0.2935238,607.4426,544.19794,0.31183684,682.448,583.3435,0.07049084,634.97,574.45074,0.07381168
334.0,642.5182,343.67438,0.98794043,657.6672,331.70856,0.97337717,628.0231,328.938,0.9679452,678.183,344.18945,0.8328049,607.6541,338.48834,0.7466374,702.1897,413.86774,0.9905081,580.34375,409.8227,0.98995787,712.4758,491.45886,0.92931557,582.3961,491.8526,0.9267938,695.43964,551.6072,0.8729851,614.052,541.8941,0.8720462,687.62305,565.1263,0.865989,603.4669,563.42236,0.8746537,714.5172,547.99664,0.30987954,605.7303,542.3027,0.3288528,681.758,583.1178,0.07699117,634.3031,574.0958,0.080617875
335.0,642.5401,343.54077,0.98793834,657.681,331.59515,0.97326255,628.03955,328.86658,0.9680407,678.15424,344.13538,0.83102995,607.64233,338.50256,0.7474624,702.0931,413.62494,0.99040115,580.3958,409.75342,0.9897728,712.57306,490.8297,0.9293555,582.36334,491.77075,0.92631173,695.42444,550.49304,0.8735631,614.5043,541.92175,0.8719171,687.3953,566.0662,0.86312985,603.2341,564.41907,0.8715501,714.28467,550.30133,0.2963317,605.69165,544.59546,0.31397855,681.52045,583.6888,0.07145789,633.24756,574.6377,0.074608326
336.0,642.75586,343.46088,0.9880644,657.7779,331.55847,0.9732207,628.1765,328.86902,0.9687861,678.09796,344.0819,0.828638,607.6302,338.59723,0.7523905,701.8353,413.41455,0.9903039,580.45306,409.80334,0.99002475,712.56305,489.40332,0.92817587,582.2074,490.66718,0.9282793,695.5819,549.5374,0.8728175,614.3663,541.2565,0.87505174,687.58545,565.0932,0.8666225,603.6238,563.61206,0.87670684,714.56244,546.6051,0.3139813,605.3971,541.2272,0.33599916,681.99097,582.3418,0.079015255,632.5623,573.7782,0.08334145
337.0,642.71423,343.46082,0.9880586,657.7594,331.53394,0.97319657,628.204,328.82202,0.96865225,678.0683,344.0149,0.8285551,607.724,338.44983,0.75216806,701.8708,413.2693,0.99040675,580.61707,409.7791,0.9899994,712.78436,489.0412,0.9294671,582.2214,490.87305,0.92846394,695.6457,548.70636,0.875016,614.4905,541.3563,0.8758139,687.8804,565.15735,0.8673285,604.03357,563.7006,0.8767473,714.6015,548.6715,0.30892187,605.90424,543.17993,0.3292989,681.86926,582.8008,0.075994074,632.6124,573.95087,0.079833984
338.0,642.75934,343.53406,0.9880163,657.7729,331.60162,0.9731104,628.275,328.85156,0.96854126,677.99005,344.0066,0.82800734,607.7663,338.37445,0.7524624,701.8173,413.22638,0.9904631,580.6634,409.8122,0.98995787,712.726,488.92224,0.93016577,582.16754,491.1328,0.9282934,695.48926,548.70874,0.8760423,614.5543,541.356,0.8758856,687.93713,564.8994,0.86849606,604.1525,563.43774,0.87731516,714.7014,549.23865,0.3105025,605.8654,543.5847,0.3297584,681.9825,583.4522,0.07615772,632.3503,574.11426,0.079723895
339.0,642.78796,343.5783,0.9878577,657.7922,331.5985,0.9727385,628.2747,328.86554,0.968281,677.92505,343.98773,0.82576907,607.6803,338.37256,0.7532075,701.92694,413.3222,0.99035764,580.38654,409.76642,0.9896424,712.84564,489.93115,0.92974126,582.067,492.0056,0.92630064,695.6953,548.5756,0.8750036,615.18585,541.6299,0.87310815,687.75653,565.8287,0.862762,603.7276,564.3491,0.8707668,714.65283,552.4347,0.28950205,606.3533,546.7555,0.3058527,681.3028,584.04724,0.06814885,632.69135,574.68176,0.07083753
340.0,642.8701,343.5467,0.98796403,657.8035,331.62103,0.97285914,628.3903,328.87756,0.9686586,677.8578,343.96912,0.8252219,607.81616,338.3485,0.75443804,701.6563,413.04205,0.9903159,580.5359,409.81366,0.9897881,713.14374,487.79486,0.929759,581.94824,490.4989,0.927776,696.3342,547.63116,0.87607825,614.319,540.86487,0.87591016,687.99774,565.0387,0.86646223,604.2053,563.71466,0.8752301,715.13025,549.25287,0.3043649,605.89166,543.8566,0.32307494,681.89246,582.69965,0.0740453,631.6072,573.70044,0.077385694
341.0,642.8575,343.51648,0.9880448,657.78217,331.5243,0.97305727,628.3279,328.81995,0.96880645,677.89935,343.79114,0.8265735,607.751,338.28424,0.754254,701.70966,413.12665,0.9904217,580.5967,409.67523,0.989988,713.0679,488.35956,0.9297279,582.11487,490.0418,0.9285401,696.22314,548.12085,0.8759102,613.67847,539.90814,0.87673086,687.869,564.13025,0.870147,604.08014,562.7149,0.8792453,715.0661,546.7259,0.3200634,605.21875,541.46216,0.3405074,682.23615,581.52167,0.080507845,631.5342,572.8907,0.084411085
342.0,642.93475,343.53668,0.9880119,657.7646,331.57635,0.97306645,628.3713,329.02936,0.968699,677.95233,343.7002,0.8277638,607.8345,338.55695,0.7536301,701.78204,413.0722,0.99045396,580.7206,409.60626,0.9900797,712.7718,488.9475,0.92959285,582.18604,489.8274,0.92890406,696.14325,548.9368,0.8751581,613.63007,539.77466,0.8765358,687.40894,563.6593,0.87154865,603.6843,562.27704,0.88089657,714.5093,545.7657,0.32597238,604.70123,540.86487,0.34734547,681.78625,580.80994,0.0831604,631.3097,572.8105,0.08735213
343.0,643.4265,343.38904,0.987966,658.2384,331.40857,0.9725336,628.7324,328.74933,0.96919024,678.0631,343.54187,0.82105124,607.72784,338.17584,0.7603417,701.6961,413.05658,0.99013066,580.5572,409.47748,0.98978364,713.10486,488.5078,0.92795086,582.09705,489.48474,0.92780936,695.9715,548.67487,0.8731434,613.6146,539.3506,0.8758686,688.1,565.289,0.8632918,604.323,563.92096,0.8732711,715.32074,549.2368,0.2973155,606.23627,544.268,0.31767762,682.01904,581.5894,0.0720692,632.25116,573.4706,0.07563546
344.0,643.4138,343.20886,0.9879923,658.11304,331.20996,0.97266257,628.72595,328.68018,0.96924555,677.9802,343.29608,0.82288444,607.8396,338.2561,0.7606746,701.8667,413.08038,0.9903189,580.5417,409.67908,0.9900564,712.7786,488.97235,0.92808104,581.8655,489.9536,0.92862594,695.85504,548.7739,0.8729893,614.16956,539.92957,0.87615234,687.8378,563.7003,0.8704724,603.96405,562.391,0.8804289,714.5713,546.032,0.32517883,604.4908,541.25696,0.34737754,681.633,581.0901,0.08324471,631.1116,573.1404,0.08752054
345.0,643.33124,343.4483,0.987898,658.0899,331.42554,0.9725038,628.6719,328.92297,0.9687704,678.03015,343.47522,0.82296675,607.8445,338.43634,0.7591685,702.0563,413.07788,0.9904654,580.64435,409.77112,0.9898938,713.1106,489.51355,0.92996395,582.10175,490.94543,0.9279419,696.07916,548.26495,0.8754401,614.6483,540.07007,0.8755766,688.02576,564.50256,0.86831737,604.18567,563.2662,0.8768561,715.2044,550.75806,0.30506772,606.6349,545.9341,0.32347727,681.56,582.2541,0.07369846,632.6466,574.0706,0.076833546
346.0,643.2693,343.50793,0.98789257,658.0334,331.49207,0.97255445,628.6014,329.005,0.9686874,678.0043,343.56128,0.8234565,607.79767,338.55267,0.75818354,701.977,413.0642,0.9904617,580.61005,409.91644,0.9898499,713.23505,489.07812,0.9300971,582.0885,490.7414,0.92760754,696.41034,548.3685,0.87566173,614.4879,539.846,0.8753027,688.0952,564.3669,0.86786664,604.31476,563.22736,0.8761544,715.38947,549.8313,0.30521607,606.915,545.1942,0.3231809,681.63007,581.6009,0.07398674,632.89636,573.59863,0.077046126
347.0,643.13855,343.5547,0.987876,657.93,331.54108,0.97261804,628.49884,329.11255,0.9686179,678.06635,343.55933,0.8240791,607.83545,338.6563,0.75615305,701.8713,412.84692,0.99028015,580.7276,410.13074,0.98978674,713.1683,488.3318,0.9291116,582.0934,490.78906,0.9274429,696.3196,548.4251,0.87467927,614.3103,540.1179,0.87525153,687.93896,564.31384,0.86515117,604.3163,563.3686,0.8741236,715.65936,548.0423,0.30308092,607.18414,543.698,0.32223177,681.69684,580.5642,0.07410166,632.78296,572.8108,0.07750413
348.0,643.09406,343.49817,0.98781943,657.8387,331.46606,0.9725412,628.5003,329.10358,0.9684243,678.00916,343.39838,0.82471454,607.99524,338.62695,0.75548893,701.9544,412.74512,0.9903084,580.9288,410.03723,0.9898362,713.0787,488.44238,0.92903054,582.31635,490.79865,0.9275228,696.1016,548.2229,0.87431693,615.1442,540.4978,0.87493193,688.0114,564.1566,0.8658395,604.51447,563.2409,0.8748714,715.60895,547.6935,0.30611748,607.49963,543.4053,0.325611,681.7819,580.7679,0.07532334,633.5786,573.15356,0.078849494
349.0,643.1626,343.50537,0.9878164,657.9011,331.53455,0.97244924,628.5498,329.13574,0.96859133,678.0248,343.55005,0.82331043,607.97186,338.71033,0.75646406,701.97784,412.69568,0.9901244,581.0039,409.96643,0.989768,713.12427,488.05444,0.92776924,582.43225,490.42834,0.92737806,695.9203,548.21,0.87282485,615.3424,540.2441,0.8749349,688.39905,564.3488,0.86303836,604.92114,563.39154,0.8728973,715.4765,547.1061,0.30134815,607.5644,542.6998,0.32191142,681.37427,579.99365,0.07420695,633.3506,572.2393,0.077975124
350.0,643.1137,343.37,0.98783505,657.85156,331.42712,0.97252667,628.5235,329.0146,0.9685457,677.98584,343.51367,0.82434785,607.9989,338.64062,0.7559358,701.9703,412.75427,0.9902081,580.9403,409.89075,0.9898554,713.00946,488.02246,0.9282067,582.3462,490.16638,0.92781794,695.9575,548.4977,0.873283,615.77637,540.71985,0.87528086,688.374,564.34424,0.86491203,604.8481,563.336,0.8746824,715.3039,546.56323,0.30683684,607.2246,542.05054,0.3276475,681.50616,580.29584,0.076239765,633.451,572.5,0.080127925
351.0,643.1144,343.3078,0.9878203,657.8651,331.38916,0.972402,628.5466,328.9702,0.9685279,677.96576,343.5639,0.82353705,608.05457,338.6524,0.7566376,701.87146,412.68445,0.99021864,580.94415,409.98547,0.9898453,713.0435,487.6281,0.9282929,582.41315,490.28174,0.9277098,695.9598,547.7451,0.87341166,615.7707,540.75543,0.8751297,688.5054,564.56195,0.86393195,605.09827,563.6713,0.8735893,715.5318,546.6978,0.30283064,608.1784,542.3354,0.32323742,681.5048,579.72156,0.07468209,634.4003,572.1438,0.07843226
352.0,643.2287,343.41772,0.98790085,657.97156,331.5157,0.97250396,628.65454,329.06512,0.9686452,678.04224,343.61743,0.82351875,608.1558,338.65332,0.7564578,701.726,412.41248,0.9902785,581.2008,409.8224,0.98993886,713.1098,486.47607,0.92915404,582.7473,489.45715,0.92873394,696.0989,546.8491,0.87526304,615.51794,540.4374,0.8770555,688.70984,564.5274,0.8661053,605.4994,563.6969,0.8757781,715.8673,545.40186,0.30854744,608.3755,541.1249,0.3294762,682.03143,579.0392,0.076764524,634.328,571.6636,0.08069745
353.0,643.1976,343.3728,0.9879859,657.9098,331.52936,0.9726359,628.66016,329.06323,0.96902597,678.02277,343.55627,0.82418716,608.2261,338.58466,0.7576717,701.5365,412.24622,0.9902406,581.132,409.7793,0.9902419,712.9569,485.63635,0.9278627,582.47656,488.76202,0.93028617,696.05145,547.1315,0.8736276,615.3125,540.4907,0.87868464,688.39496,563.48627,0.87040293,605.3091,562.70105,0.88150215,715.5474,540.41266,0.3341452,607.29694,536.2737,0.35976875,682.0999,578.0757,0.08857116,633.861,570.91223,0.09406814
354.0,643.21826,343.45306,0.988021,657.92004,331.64197,0.9728049,628.7637,329.14545,0.9690436,678.0679,343.6372,0.8256942,608.4846,338.59308,0.756546,701.5483,412.23474,0.9902338,581.1487,409.86804,0.9903488,712.8638,484.96234,0.9275592,582.31775,488.35577,0.9307287,696.2243,546.41394,0.8735448,615.0845,540.1126,0.8792772,688.5303,563.2804,0.8717506,605.428,562.54724,0.8832326,715.5503,537.6051,0.34492365,606.5396,533.5894,0.3719666,682.19183,577.16,0.09406933,633.6339,570.18567,0.10019684
355.0,643.23456,343.4851,0.98805964,657.9161,331.75256,0.9728316,628.77454,329.19556,0.9692114,677.9951,343.86,0.8257823,608.4346,338.71393,0.757834,701.4849,412.51215,0.9902921,581.1174,409.87415,0.990497,712.8425,485.10583,0.9274283,582.33527,487.96222,0.93148196,696.11487,546.46265,0.87322307,614.7294,539.97833,0.88001204,688.57,562.8927,0.8745729,605.50323,562.02747,0.8863696,715.47437,536.6338,0.35625464,606.36426,532.41327,0.38494295,682.57166,577.20996,0.09923309,633.8982,570.16187,0.10602051
356.0,643.2439,343.57544,0.9880117,658.02637,331.8438,0.97275835,628.75323,329.25415,0.96905035,678.1122,344.15137,0.8246088,608.3176,338.8877,0.75693095,701.57135,412.62494,0.99016297,581.1051,409.94714,0.990132,713.1924,485.34875,0.9277087,582.3329,488.37225,0.9297656,696.3815,546.59796,0.87360144,614.87067,539.8701,0.8782675,688.80743,564.0674,0.8683204,605.6305,563.1775,0.8793783,715.68585,541.5902,0.32573092,607.49255,537.20514,0.35054493,682.4939,578.67896,0.08486727,633.93164,571.31757,0.090056896
357.0,643.1326,343.7035,0.98797345,657.99335,331.86395,0.972843,628.62354,329.3186,0.9687153,678.2057,344.14697,0.8253218,608.2259,338.93097,0.75397754,701.87134,412.78833,0.9901285,581.1482,409.93866,0.989827,713.51215,486.0276,0.92858934,582.241,488.7154,0.92839396,696.7243,546.8936,0.87497634,615.18933,540.05634,0.876997,688.8234,565.3285,0.8638085,605.42163,564.3154,0.87385607,715.4698,546.504,0.30195618,607.54614,541.8637,0.32295173,681.9809,580.6966,0.07419309,633.2117,572.9541,0.07812309
358.0,643.07666,343.81042,0.9879793,657.98926,332.04865,0.9729215,628.5705,329.40393,0.96875113,678.2209,344.47333,0.82586664,608.1384,339.05444,0.7531128,701.86084,412.9525,0.99000394,581.14734,409.8604,0.98980874,713.38983,486.1173,0.9274131,582.47485,488.47528,0.92811143,696.6245,546.83325,0.87328875,615.0629,539.89343,0.8763206,689.1361,565.17236,0.86234576,605.7107,564.01514,0.87307054,715.22174,545.47876,0.30249825,607.2592,540.584,0.32463124,681.9309,580.1255,0.0751096,633.2982,572.2205,0.07938808
359.0,643.13385,343.74042,0.9879858,658.072,331.9508,0.9731097,628.56464,329.39502,0.96861684,678.5047,344.43054,0.82848,608.18774,339.21747,0.75081646,702.33325,413.234,0.99002314,581.12463,409.9967,0.98992217,713.3245,487.26428,0.9266573,582.6253,488.79987,0.92810017,696.7107,547.6765,0.871714,615.3462,540.1037,0.87546337,689.1695,565.05536,0.8626487,605.44135,563.85706,0.87385416,714.9959,543.685,0.30882877,606.64514,538.9548,0.33230537,681.6785,579.2866,0.078330964,633.6803,571.81726,0.08308309
360.0,643.28314,343.77228,0.9880019,658.505,332.1056,0.9732151,628.51904,329.38568,0.96892893,679.11066,345.2815,0.827783,607.7503,339.69647,0.7502185,702.7792,414.52057,0.9894151,581.1863,410.26898,0.9895966,713.4228,489.06848,0.9221289,582.9088,488.3462,0.92640185,695.94275,551.08124,0.8650387,615.92834,539.81714,0.87298584,689.7361,567.246,0.84999955,605.7547,565.4785,0.8638109,714.5176,546.8329,0.2797422,607.471,541.05566,0.30507457,681.8417,580.7544,0.06861779,634.8683,572.27765,0.073596835
361.0,643.4337,343.81006,0.9880051,658.7072,332.11798,0.97324026,628.6257,329.29187,0.9690663,679.29755,345.25482,0.8274187,607.67957,339.48785,0.7509575,702.943,414.4889,0.9893849,581.00165,410.1781,0.9895916,713.36536,489.32507,0.92148954,582.94196,488.96118,0.92601824,696.14386,550.7919,0.8641029,616.28375,540.24506,0.87216735,689.71783,566.6861,0.8514944,605.41724,564.8318,0.8652575,714.47644,546.1354,0.2870002,606.26935,540.0566,0.3127806,682.05145,581.09625,0.071611434,633.98,572.06165,0.076798975
362.0,643.4459,343.80945,0.988013,658.73834,332.12933,0.9734408,628.6601,329.3567,0.9688548,679.5003,345.26978,0.82988566,607.8669,339.61304,0.74800664,703.27356,414.49023,0.98941714,581.2218,410.23364,0.9896623,713.29614,489.5429,0.92159647,583.066,489.12506,0.92626834,696.02893,551.22504,0.86406076,616.958,540.9593,0.8720373,690.0941,566.84973,0.8524629,605.69006,565.0017,0.86636233,714.21814,545.3778,0.29127288,605.773,539.33044,0.3175499,682.1193,581.33014,0.073423415,633.9362,572.3727,0.07885611
363.0,643.56696,344.0301,0.9879168,658.86993,332.31915,0.9731871,628.71936,329.54596,0.96865064,679.5416,345.4261,0.8275899,607.825,339.7575,0.7477624,703.20197,414.46393,0.9891813,581.28534,410.3609,0.98931456,713.34314,489.12988,0.92123294,583.1379,489.21973,0.924762,695.9221,550.39685,0.8639523,616.925,541.2462,0.8706324,690.6083,568.65326,0.84371567,606.29,566.9249,0.85749763,714.3538,548.71216,0.2645805,607.1415,542.80255,0.28780514,681.6952,582.1505,0.06332484,634.7965,573.39984,0.06770319
364.0,643.57275,344.18207,0.98783576,658.95306,332.4773,0.97303534,628.7646,329.5724,0.96857226,679.63116,345.54602,0.8279326,607.8417,339.59802,0.7486651,703.2005,414.67444,0.9891285,581.1622,410.307,0.9894958,712.94617,489.55963,0.9194664,583.4158,489.18866,0.924945,695.4371,550.70776,0.8607613,616.85706,541.29706,0.8696829,691.01227,567.8042,0.8438934,606.7909,565.99384,0.8589057,713.8289,546.89636,0.27135634,607.37744,540.98474,0.2969293,681.2338,580.78357,0.06656435,637.1018,572.2327,0.071621984
365.0,643.7078,344.40375,0.9878475,658.9843,332.6468,0.9729943,628.90234,329.7329,0.96886504,679.566,345.41248,0.8273261,607.9098,339.49457,0.7515421,703.18945,414.89966,0.989208,581.10266,410.16766,0.98972076,712.989,490.08923,0.9189916,583.2617,488.75,0.9259894,695.6469,550.86224,0.86018217,616.6745,540.88965,0.8709212,690.5394,566.6721,0.85021937,606.3236,564.71106,0.86561584,713.74585,544.65393,0.2928115,606.14453,538.6859,0.32122642,681.4008,580.68115,0.075014085,636.3875,572.2286,0.08101469
366.0,643.7101,344.57043,0.98793864,658.925,332.9308,0.9731084,628.90265,330.05804,0.9694601,679.56604,345.71722,0.82741225,607.9509,339.93066,0.7537919,702.9368,414.71875,0.98901993,581.10803,410.30432,0.9900412,713.01874,488.98193,0.9160776,583.2438,487.8711,0.92752594,695.6273,551.072,0.8562432,616.4673,540.95276,0.8721058,690.48474,564.87463,0.8552182,606.4631,563.116,0.87270576,713.69574,537.8033,0.32391775,605.288,532.43823,0.35935378,682.0063,578.4909,0.090204895,635.9153,571.0741,0.09879941
367.0,643.6987,344.49274,0.98787665,658.89465,332.93823,0.9732158,629.0448,330.0594,0.96895266,679.60474,345.78424,0.83084476,608.3772,339.95276,0.750337,703.1411,414.79895,0.98926395,581.23883,410.2362,0.99015075,712.825,489.91644,0.91734755,583.53357,488.52563,0.92746586,695.4414,551.2326,0.8569844,616.4271,541.50854,0.8709354,690.21405,564.5532,0.8580967,606.1655,562.7316,0.8746618,713.51025,537.2984,0.33156544,605.1037,531.93445,0.36617044,681.8508,578.4901,0.09331623,636.5128,571.24677,0.101899296
368.0,643.6704,344.60486,0.98794615,658.8783,333.0658,0.9734469,629.1555,330.10406,0.9687519,679.61053,345.76965,0.8331915,608.6295,339.72125,0.7489713,703.00134,414.9712,0.9897169,581.15814,410.39832,0.9903543,712.9186,489.72968,0.9208958,583.4046,488.56372,0.92860675,695.6908,551.9877,0.8620204,616.6456,541.8071,0.8730797,689.86194,564.4203,0.8647437,605.9142,562.60925,0.87951493,713.6219,535.8815,0.34780824,604.735,530.5538,0.3807071,681.73206,578.14825,0.09964353,636.33777,570.81744,0.10804784
369.0,643.72864,344.73944,0.987915,658.8563,333.10168,0.97339714,629.1625,330.28217,0.96872616,679.6264,345.6189,0.8329412,608.7324,339.88757,0.74874717,703.1761,414.99097,0.98956215,581.2734,410.813,0.99032634,713.2159,489.38336,0.9196698,583.3899,488.60565,0.9283203,695.97266,551.8814,0.8606456,616.68524,541.95526,0.87282753,690.27435,565.015,0.8612579,606.37195,563.4448,0.8768301,714.18646,534.1245,0.34406602,605.3892,529.2888,0.37789866,681.73987,577.52625,0.09916714,637.2193,570.7645,0.10786763
370.0,643.856,344.71704,0.987867,658.8854,333.1206,0.97334814,629.4426,330.28638,0.96872216,679.6303,345.4674,0.8343878,609.2696,339.7116,0.74942154,703.1519,414.9737,0.9896246,581.49854,410.805,0.9906667,713.11536,489.8745,0.91793716,583.9221,488.86926,0.9291302,695.8694,552.30054,0.8572644,616.63947,542.2163,0.87231946,690.14453,563.575,0.8666607,606.6006,562.09546,0.8830681,714.3872,529.29236,0.3763834,605.654,524.90906,0.41494662,681.96826,576.5857,0.116888195,639.0934,570.6541,0.12810695
371.0,644.04254,344.76086,0.9879669,659.07385,333.2025,0.9733865,629.5943,330.3932,0.9690866,679.77356,345.52344,0.8324625,609.32935,339.81116,0.7511834,702.96063,414.3399,0.9895643,581.4869,410.82037,0.99055874,713.28595,487.3858,0.9190772,583.2239,488.12976,0.9295427,696.11664,552.06934,0.85969174,616.65405,543.0452,0.87394536,689.9499,564.3109,0.8655438,606.4025,563.094,0.88162863,714.7534,529.1759,0.36852425,605.67554,524.86,0.40582633,682.1131,576.6362,0.11269882,637.528,570.3519,0.12321767
372.0,643.9763,344.7099,0.98789155,659.07043,333.12537,0.97351176,629.63055,330.3136,0.9682028,679.88666,345.38727,0.83510375,609.56366,339.58978,0.74471533,703.31525,414.24506,0.98978496,581.6401,410.35547,0.9902022,713.4917,488.5913,0.92302984,583.44556,489.0276,0.92817163,696.42413,552.50616,0.8650272,617.612,543.9887,0.8727399,689.3334,566.2567,0.8597636,605.44525,564.7928,0.8734392,714.73206,534.9604,0.33107227,605.4722,530.04114,0.36035657,681.8223,578.6007,0.09238535,636.3269,571.4464,0.0994893
373.0,644.451,344.5539,0.9879947,659.507,333.0608,0.9733798,629.92346,330.22894,0.96883404,680.10614,345.6499,0.8318503,609.4736,339.88794,0.7495114,703.27374,414.29413,0.9897113,581.7246,410.5205,0.9902389,713.3374,488.60864,0.92241526,583.929,489.4792,0.9288436,696.5276,552.50555,0.8641374,617.8543,544.43884,0.873551,689.3609,566.2494,0.8604721,605.38245,564.8299,0.87469757,715.211,535.8112,0.331038,605.7185,530.81067,0.36174268,682.5541,579.14355,0.09216106,635.50903,571.82697,0.09955567
374.0,644.80054,344.77368,0.9879135,659.7679,333.23224,0.97316813,630.2487,330.36157,0.9688642,680.1464,345.70276,0.8304845,609.6543,339.90332,0.75221795,703.61774,414.79895,0.9896885,581.83264,410.52148,0.9901845,713.3232,490.11823,0.921592,584.01044,490.015,0.9280392,696.8397,553.0693,0.8621685,617.7995,544.8773,0.8716897,689.45575,566.22845,0.8591616,605.3559,564.53046,0.873389,714.7546,537.82263,0.3261943,605.12683,532.3318,0.35612503,681.97906,580.1575,0.08989814,635.554,572.2111,0.096919805
375.0,644.9097,344.7743,0.9878729,659.86395,333.30298,0.97300386,630.37946,330.4275,0.96894586,680.24304,345.89734,0.8296319,609.8712,340.0702,0.752708,703.4654,414.6532,0.98950565,581.72974,410.63037,0.9901885,713.2286,489.41675,0.9196521,584.3247,489.94946,0.9276893,696.7388,552.353,0.8596446,618.49927,544.7871,0.8709943,689.189,565.98474,0.8567519,605.181,564.5201,0.8718978,715.31,534.0317,0.33070576,606.0901,529.02814,0.36286974,681.7195,578.42126,0.09380093,636.6117,571.2894,0.101668715
376.0,645.3602,344.96838,0.9878363,660.2933,333.48492,0.9726251,630.70715,330.60016,0.969213,680.45825,346.04938,0.8256117,609.8531,340.2326,0.75736445,703.4703,414.6065,0.98946846,581.80945,410.63635,0.99008703,713.3696,489.57312,0.91975176,584.6842,490.34796,0.9274695,696.73956,552.6904,0.85937715,618.9437,545.1578,0.8706962,689.1764,566.45996,0.8551978,605.2051,565.0523,0.87011206,715.6005,537.1815,0.31856003,607.1894,532.2114,0.34940422,681.7719,579.2259,0.087661,637.07007,572.0331,0.09475353
377.0,645.58325,345.04602,0.98773104,660.5536,333.48578,0.9724436,630.8144,330.65198,0.96872103,680.71234,346.03473,0.8248346,609.7676,340.31067,0.75570834,704.06647,414.90613,0.9895209,581.998,410.35583,0.9896753,713.6384,491.5479,0.9216473,585.1744,491.09375,0.9256046,696.6378,553.4319,0.8614286,619.73413,545.3143,0.86849225,689.10565,568.6553,0.8477843,604.763,566.91797,0.8609599,715.3823,545.63806,0.27950904,607.88904,540.0581,0.30377147,681.0047,582.0891,0.06976059,636.8931,574.1393,0.074447095
378.0,645.79126,345.1209,0.9877174,660.73126,333.60675,0.97232395,631.05365,330.82593,0.96885383,680.9264,346.07056,0.8245487,610.06116,340.44818,0.75773793,704.1277,414.69818,0.9895433,582.2162,410.48907,0.9898757,713.8118,490.81128,0.92099607,585.3848,490.8471,0.9264817,696.95984,552.902,0.86024666,619.6924,545.0945,0.86919117,689.4838,567.4449,0.8506249,605.4442,565.98883,0.86451346,716.26306,543.6679,0.28997052,609.6101,538.6607,0.3167485,681.44336,580.64575,0.07412365,638.89935,573.48193,0.07956487
379.0,645.8448,345.14178,0.9877908,660.79297,333.5996,0.9726757,631.0661,330.89752,0.96876526,681.10785,346.03912,0.82674325,610.0817,340.59497,0.75530994,704.339,414.68738,0.98971725,582.3004,410.39404,0.9898591,713.709,491.28735,0.92294526,585.2005,490.85315,0.92662525,696.93335,553.36414,0.8630013,620.2008,545.4518,0.8695907,689.5182,567.83887,0.85454404,605.2036,566.3456,0.86719346,716.0132,545.4153,0.29377395,608.3593,540.458,0.31874257,682.0539,582.2839,0.07454309,637.2099,575.259,0.0795328
380.0,646.185,345.4104,0.9877888,661.1309,333.87756,0.97252005,631.3309,331.08203,0.9691661,681.3544,346.3178,0.8250924,610.1239,340.72302,0.7587501,704.5634,415.09467,0.98956,582.2652,410.24707,0.9899902,713.8978,491.81616,0.9206644,585.3018,490.1891,0.92716205,696.85876,553.6751,0.8596581,620.0755,545.1752,0.86977595,689.6406,566.8856,0.85525143,605.17474,565.15735,0.8694513,716.08514,542.9924,0.30415767,607.7847,537.8058,0.33277106,682.4619,581.60913,0.07972649,637.4384,574.66394,0.08578548
381.0,646.70197,345.573,0.9877107,661.55365,334.0874,0.97206956,631.812,331.2198,0.9693942,681.47797,346.4054,0.8207276,610.3457,340.69604,0.7633128,704.4982,415.12323,0.98945487,582.3861,410.23907,0.98989105,714.0596,491.85504,0.920058,585.39026,490.49213,0.92685974,697.0607,554.25037,0.8587352,620.67944,545.4562,0.8696349,689.43896,567.46027,0.8529519,605.1288,565.7107,0.8672561,716.33234,543.41907,0.2988823,608.40906,538.015,0.32712004,682.3419,581.91656,0.07796499,637.62036,574.4325,0.08378932
382.0,646.9078,345.61823,0.9876909,661.788,334.16895,0.97192216,632.0553,331.24908,0.96933585,681.6483,346.61652,0.819661,610.58984,340.77167,0.76381004,704.54584,415.2904,0.98952734,582.4716,410.15936,0.98986536,713.85986,492.79535,0.9208128,585.5165,491.16986,0.9269202,696.7814,553.89777,0.8598169,621.5444,545.09796,0.8698844,689.20197,568.18695,0.8528854,604.7921,566.33075,0.8667023,716.10706,544.92554,0.29432014,608.2157,539.3436,0.32136196,682.65515,582.59814,0.07557663,637.28357,574.9374,0.08095652
383.0,647.2636,345.5271,0.98778546,662.2657,334.18848,0.9719633,632.31903,331.05273,0.969838,682.02875,347.04974,0.8175771,610.48987,340.7671,0.7658647,704.2967,415.75122,0.98931944,582.5815,410.09686,0.9897964,713.8658,493.23706,0.9192114,585.93524,490.9129,0.92675745,696.5423,555.00525,0.8579656,621.36017,544.9742,0.87010944,688.9227,567.65375,0.8518747,604.71497,565.54315,0.86655176,716.20184,545.08826,0.29558682,608.60016,539.08777,0.32439458,683.1068,583.4568,0.076348186,636.5876,575.5451,0.082179844
384.0,647.3539,345.58893,0.9878205,662.3533,334.22675,0.9720456,632.43005,331.12115,0.9697497,682.1292,347.0821,0.8190244,610.65466,340.86835,0.7654244,704.44476,415.86896,0.9895638,582.7656,410.06195,0.98998576,713.7676,494.11157,0.92084825,586.1429,491.38354,0.92799306,696.66284,554.79224,0.86021876,621.775,544.8612,0.87164366,688.63403,567.2645,0.8564344,604.4142,565.0558,0.87064487,715.5173,546.25275,0.30193985,607.8429,540.1673,0.33073223,682.99023,584.2678,0.07767755,636.0292,576.30304,0.083501756
385.0,647.6258,345.511,0.9878783,662.55554,334.1712,0.9719123,632.6617,331.04425,0.9702923,682.2323,347.05157,0.81731987,610.7962,340.84637,0.7698201,704.57,416.06635,0.98948765,582.67224,410.4319,0.99029225,713.8448,494.2309,0.9181986,586.2378,491.90015,0.9289824,696.6146,554.8892,0.85627633,621.94415,545.5717,0.8720279,688.87665,566.6314,0.8590176,604.638,564.5295,0.8749365,715.7693,541.6201,0.32383573,607.73193,535.7462,0.35787115,682.84796,583.07495,0.08860242,636.7847,575.4232,0.09625623
386.0,647.77637,345.47876,0.98806053,662.68567,334.15253,0.9722585,632.7867,331.12854,0.9710825,682.5913,346.86896,0.81800604,610.9243,340.92322,0.77195156,704.4167,416.06036,0.9893539,582.7055,410.6175,0.99071115,713.4687,494.16467,0.91529775,585.86926,491.39368,0.9311547,695.8654,555.67865,0.85286605,621.86145,545.55005,0.87449265,688.2444,565.2942,0.86755645,604.0747,563.34595,0.88540393,715.3444,534.813,0.3704102,605.3261,529.72705,0.41307208,683.6029,581.8093,0.11285341,634.5583,575.56055,0.12437725
387.0,647.87866,345.32892,0.9881681,662.80524,334.06958,0.9726113,632.93243,330.96478,0.9711249,682.72015,346.89056,0.8196108,611.09686,340.75616,0.76946473,704.4372,416.24396,0.9893211,582.8939,410.33887,0.9906696,713.976,493.91492,0.916121,585.8134,490.04132,0.93160045,696.3707,556.1388,0.8549918,621.1314,544.59973,0.8761759,688.286,565.9771,0.8673113,604.07935,563.78503,0.8852048,715.3075,534.67914,0.36849567,604.20856,529.3854,0.4109456,684.1273,582.31915,0.111598134,632.7533,576.1555,0.12300083
388.0,647.83984,345.27124,0.98801255,662.90735,334.08862,0.97248673,633.0084,330.86914,0.97037137,682.7736,347.15814,0.818964,611.25183,340.64575,0.76470524,704.5429,415.91632,0.98908615,583.01483,410.15784,0.9898952,714.82495,493.03217,0.9182094,585.7099,490.28674,0.92819935,696.5183,555.6511,0.8582648,621.02057,544.1986,0.8732124,688.87933,569.1574,0.8510957,604.5951,566.9781,0.8674928,716.2171,542.9199,0.30072767,606.8612,537.20544,0.33280683,684.1788,584.6177,0.079172105,633.52704,577.5136,0.08594912
389.0,647.98376,344.91736,0.98802674,663.0811,333.8092,0.9724637,633.1491,330.55328,0.9703132,682.9139,347.1447,0.81926155,611.3651,340.53302,0.76462126,704.508,415.85626,0.9891827,583.01013,409.9464,0.9899361,714.5825,492.9333,0.91904426,585.80255,489.77374,0.9285687,696.1003,556.6956,0.8589537,621.0631,543.6013,0.87379146,688.80994,568.8249,0.85188395,604.55115,566.62665,0.86798775,716.72595,543.0458,0.29968226,607.8407,537.3323,0.33156353,684.60443,584.7101,0.07830334,634.3978,577.6261,0.0849821
390.0,648.01215,344.97687,0.9879893,663.25464,333.51892,0.97305423,633.1785,330.5017,0.9688252,683.21606,346.43134,0.8220489,611.3342,340.17645,0.7528651,705.33014,415.2561,0.9896243,583.7311,409.3446,0.9885906,715.84674,494.03918,0.930511,585.2286,490.75415,0.9248049,696.89087,557.74786,0.87569845,620.9076,544.60486,0.8722288,689.0695,576.1884,0.8450099,604.17236,573.70264,0.85249764,714.3537,577.0118,0.20811418,606.61707,570.7029,0.21826452,682.5773,601.6373,0.039336503,627.3898,593.155,0.04034105
391.0,648.1372,345.14313,0.9880029,663.32635,333.627,0.97306824,633.4927,330.5481,0.96880525,683.11755,346.25348,0.8206624,611.7626,339.79596,0.7532178,705.3572,415.2074,0.98967063,584.2667,408.904,0.9883457,716.3141,493.45538,0.93249536,584.90295,489.79993,0.92483974,697.2768,556.54224,0.87951684,620.836,544.0838,0.8737455,689.3024,577.37866,0.8469541,604.6279,574.61194,0.85311985,713.91113,584.8423,0.19785312,605.9408,577.92206,0.20541984,682.3758,606.4343,0.03524041,624.8822,597.13556,0.035787493
392.0,648.16974,344.9796,0.98792183,663.39264,333.6045,0.972932,633.65393,330.3211,0.96867704,683.146,346.4272,0.8220315,612.048,339.5271,0.7536838,705.2579,415.5219,0.98969114,584.2621,408.85944,0.9886359,716.1834,493.79016,0.9306584,585.5471,489.838,0.9248173,697.23914,556.20667,0.8762981,621.36005,544.28326,0.87252676,689.7154,575.1174,0.8471216,605.3557,572.3008,0.8544585,714.7494,576.3944,0.21391186,607.2243,569.4006,0.22406879,683.24695,601.3982,0.040819228,628.5657,592.3623,0.041846365
393.0,648.14404,344.83746,0.9878602,663.3486,333.5204,0.9729276,633.7374,330.2735,0.96826744,683.1624,346.32336,0.82409024,612.3132,339.4489,0.7519851,705.4722,415.47443,0.9898684,584.06433,408.98566,0.9887042,716.5758,493.37756,0.93174136,585.4585,489.5564,0.9246712,697.30273,556.11884,0.8774575,621.70056,544.32306,0.87197715,690.0881,575.4281,0.84791934,605.58276,572.7738,0.8544307,714.55615,575.4946,0.21425039,607.2735,569.03705,0.22320566,682.4479,600.16394,0.04088649,629.54956,591.9824,0.04172346
394.0,648.1733,344.6371,0.98785543,663.4132,333.27478,0.9729478,633.8082,330.01007,0.96813375,683.2286,346.1056,0.824241,612.4769,339.15546,0.75082207,705.68536,415.19104,0.9898319,584.16785,408.88794,0.98854566,716.85706,492.47955,0.9319802,585.5228,489.47772,0.92387867,697.8018,554.32196,0.8782227,621.5463,544.13416,0.87137496,690.5776,575.9098,0.8442718,605.98987,573.3307,0.85017467,715.2463,576.41113,0.20457509,608.0402,569.8471,0.21226183,682.4951,599.6704,0.038217694,630.1224,591.2545,0.038865954
395.0,648.2811,344.59113,0.98783445,663.539,333.20667,0.97286904,633.94324,329.9795,0.9682244,683.4039,346.00824,0.8236642,612.6465,339.1084,0.75182784,706.0068,415.1624,0.98972833,584.2909,408.7834,0.98851705,717.2303,492.27777,0.9311129,585.33466,489.0016,0.9236917,697.6381,553.87866,0.8770157,621.61646,543.83795,0.8709374,690.6968,575.96643,0.8434024,606.04285,573.32306,0.8498577,714.78064,577.67847,0.20212692,607.8602,571.0752,0.2102871,681.9722,600.3024,0.03752601,629.98914,591.9532,0.03823775
396.0,648.7275,344.3025,0.98781765,663.87823,332.971,0.972502,634.31836,329.70966,0.96842295,683.45807,345.89905,0.82099605,612.8527,339.00928,0.7558694,706.17267,414.79346,0.98980975,584.7143,408.69672,0.98869574,717.5758,491.78174,0.9308121,586.4015,489.49133,0.924337,698.24963,552.94073,0.87624574,622.1867,544.1151,0.87121713,691.17114,574.5945,0.8450848,606.7589,572.03046,0.8519104,715.2993,574.95966,0.20836449,609.0523,568.18036,0.21750835,682.124,598.0203,0.039477617,631.4247,589.17395,0.04034418
397.0,648.82086,344.22064,0.9878249,663.8556,332.97437,0.9725208,634.5005,329.73352,0.96840334,683.3951,345.73535,0.8227049,613.1898,338.912,0.7566577,706.5568,414.40454,0.99000347,584.8578,408.1795,0.98903394,717.8602,491.1765,0.9311298,586.17737,488.474,0.925763,698.5836,552.47687,0.8762769,621.91016,543.73987,0.87231797,691.56274,573.0659,0.8498095,607.0958,570.3974,0.8572153,714.96405,570.30164,0.22274831,608.2317,563.3525,0.23340592,681.7101,595.2231,0.043887258,631.8234,586.1937,0.04504192
398.0,648.75244,344.07928,0.9878187,663.8249,332.7071,0.9726778,634.4843,329.5949,0.96819806,683.52954,345.3825,0.8242528,613.3626,338.77216,0.7543013,706.9146,414.29468,0.99000335,585.1136,408.1609,0.9888963,718.26654,491.19904,0.9317248,586.2064,488.3189,0.9252293,698.6166,552.1544,0.8773091,621.62256,543.0598,0.8719406,691.3788,573.5054,0.84897196,606.8204,570.833,0.8557552,714.9862,573.7212,0.21465841,608.1619,566.86316,0.22402921,681.6687,596.4993,0.04105696,631.2562,587.56323,0.041977674
399.0,648.929,343.85767,0.98795784,663.9667,332.6023,0.9728573,634.78906,329.40924,0.96851534,683.5764,345.29004,0.8243392,613.73157,338.4928,0.7554317,706.4929,413.97327,0.9901721,585.434,407.8839,0.98911566,718.3106,490.32007,0.93301535,586.02386,487.66144,0.9268854,699.19684,552.14246,0.8796152,620.7792,542.5359,0.8746823,691.08856,572.2297,0.8556149,606.99316,569.579,0.8623885,714.9728,571.9169,0.22882506,607.70044,565.1642,0.23902357,682.26276,596.1484,0.04467359,629.7038,587.32935,0.045725375
400.0,648.9579,343.67517,0.987889,664.06213,332.37787,0.97281134,634.9512,329.1999,0.9679469,683.59247,345.0962,0.82416785,613.98413,338.2151,0.75325465,706.5064,413.65686,0.990347,585.6954,407.82605,0.9886881,718.8256,490.13373,0.936326,586.06964,488.23193,0.92546153,699.9874,552.071,0.88381654,620.5062,542.2569,0.8732888,691.2965,574.8595,0.85478437,607.3447,572.30927,0.8584453,714.5725,586.8087,0.19896293,609.3941,580.15326,0.2033894,681.6519,604.0863,0.034243852,629.59467,595.0303,0.034338295
401.0,649.1327,343.5832,0.98784417,664.2012,332.23755,0.97254634,635.1349,329.05658,0.9679729,683.6354,344.85443,0.8229116,614.17206,337.9643,0.7556342,706.6579,413.65747,0.9903746,585.9399,407.5033,0.9888255,718.60004,490.48602,0.93590033,586.2996,487.83118,0.92607695,699.386,552.30585,0.88292956,621.04297,542.00854,0.8738251,691.4488,574.5217,0.8544283,607.6842,571.8251,0.8587593,714.39343,586.11725,0.19927055,610.1116,579.19653,0.20457584,681.2334,603.1456,0.0344474,631.1688,593.8147,0.03466168
402.0,649.18494,343.25256,0.9877469,664.1615,331.935,0.9723846,635.1792,328.7926,0.96773756,683.60126,344.53625,0.8237931,614.31854,337.7777,0.75483334,706.91656,413.29083,0.99030775,585.60297,407.47705,0.9889375,718.1217,490.66876,0.9345392,586.4371,488.6123,0.925854,698.926,552.46936,0.8805911,621.68274,542.1439,0.8728377,691.64575,573.2722,0.850377,607.4358,570.77264,0.8555106,715.35693,577.02936,0.20548919,609.3995,570.43335,0.21223131,681.48175,597.1742,0.03753075,631.99524,588.02014,0.03798783
403.0,649.1017,343.0293,0.9877833,664.1536,331.68347,0.9726003,635.08777,328.6101,0.9676023,683.8272,344.26398,0.82600987,614.2903,337.63507,0.7526684,707.2371,412.97955,0.99043393,585.67804,407.27533,0.9890325,718.5915,490.64868,0.93541175,586.4169,488.58777,0.9264157,699.23395,552.50037,0.881935,621.9051,542.04016,0.87362707,691.72943,572.564,0.85344994,607.3843,570.1091,0.85833114,715.51227,576.7913,0.21004045,609.3803,570.32904,0.21674478,681.9468,596.86523,0.038455367,631.9239,587.8898,0.038918823
404.0,649.0786,342.88977,0.98780334,664.1103,331.5448,0.97271097,635.0487,328.47375,0.9675731,683.80597,344.1527,0.82734525,614.22485,337.54865,0.75278294,707.37177,413.2517,0.9905914,585.37366,407.42023,0.98917884,718.477,490.84467,0.93604064,585.98975,488.38617,0.9268106,698.94495,552.6858,0.8828155,621.8993,541.9875,0.87416434,691.78613,571.9062,0.85720915,607.18286,569.41724,0.86182725,715.61786,574.8191,0.22012246,608.6109,568.3612,0.22681257,682.12616,596.2013,0.041143745,631.86115,587.2746,0.041602165
405.0,649.1394,342.8595,0.9877223,664.18475,331.43726,0.9725624,635.0128,328.41663,0.96751195,683.9008,343.9796,0.82566774,614.0742,337.49548,0.75279343,707.442,413.29932,0.99034315,585.4741,407.7334,0.9888799,718.7119,490.87732,0.93460095,586.1493,488.969,0.92492235,698.8204,551.6163,0.8811771,622.0517,541.74445,0.8721994,692.16644,572.78204,0.8503756,607.7159,570.44696,0.8549178,716.0423,576.4419,0.20764539,610.19275,570.1637,0.21369508,681.8985,596.8047,0.038077533,633.08527,588.0259,0.0384548
406.0,649.26984,342.75134,0.9878108,664.40125,331.26984,0.9727106,635.0706,328.26447,0.9677888,684.2096,343.8866,0.8247888,614.03455,337.42255,0.7522677,707.3383,413.1034,0.9901883,585.73254,407.66992,0.9887115,718.877,490.07922,0.9343159,586.3802,488.50275,0.9246697,699.3833,551.2018,0.8815166,621.9151,541.6876,0.87265325,691.98676,572.7123,0.849187,607.65704,570.4448,0.85380507,716.4609,577.5562,0.20382836,610.3478,571.3813,0.2099598,682.5094,597.17303,0.036974907,631.8064,588.5999,0.037363917
407.0,649.4379,342.77832,0.98773444,664.52344,331.16467,0.97252256,635.18134,328.2738,0.967769,684.34973,343.46838,0.8234384,614.09534,337.26086,0.7535721,707.7106,412.85944,0.99007976,585.7875,407.82617,0.9885758,719.2028,490.05432,0.93347585,586.51184,489.18323,0.92360914,699.6513,550.6454,0.8801677,622.13574,541.8113,0.8710989,692.1833,573.0741,0.8456288,607.7398,570.9933,0.8501434,716.96246,578.84644,0.19678494,611.0047,572.9303,0.2025078,682.0186,597.40216,0.03527811,632.45264,588.86224,0.03560114
408.0,649.5106,342.6352,0.9877373,664.567,330.9204,0.9724513,635.2629,328.10907,0.9678016,684.3889,343.1466,0.82271266,614.21045,337.07623,0.7545326,707.81793,412.94672,0.99017096,585.9152,407.58972,0.9885764,719.4467,490.21198,0.9343244,586.25336,488.3584,0.9240122,699.8779,550.0135,0.8817983,621.7482,541.0493,0.87226355,691.9338,572.53326,0.84834397,607.49695,570.3575,0.8524432,717.27374,580.1009,0.19782946,610.9293,574.2178,0.20313811,682.4548,597.2665,0.035106003,631.8391,589.06934,0.035338312
409.0,649.3942,342.5379,0.9878477,664.4653,330.85443,0.9728794,635.2553,328.01733,0.967806,684.4321,342.95605,0.82604825,614.40857,336.82227,0.752023,707.87585,412.8529,0.9903165,586.2853,407.43427,0.988845,719.60815,489.7074,0.9349953,586.12085,487.54315,0.92542964,700.32837,550.5259,0.88308585,621.1795,540.4603,0.8743645,692.2771,571.5692,0.8535832,608.05756,569.29266,0.8581865,717.4494,575.814,0.21373472,610.08496,569.7195,0.22025219,683.5268,595.3771,0.03952259,631.5287,586.792,0.039967448
410.0,649.6487,342.40887,0.9878838,664.6807,330.6823,0.9728013,635.437,327.89258,0.9680599,684.5481,342.75708,0.82407975,614.4141,336.7453,0.7543625,707.9772,412.80273,0.9903234,586.44055,407.3683,0.98878235,719.8858,489.92474,0.9354886,586.12415,487.66907,0.9256295,700.2092,550.85754,0.88389874,621.17126,540.9154,0.87492394,692.0731,572.04407,0.8544382,607.8036,569.7264,0.8587508,717.51984,578.7609,0.21003017,609.9258,572.5736,0.21599156,683.82635,597.17303,0.038050473,630.3448,588.4475,0.03837353
411.0,649.5377,342.2964,0.9879075,664.5797,330.5141,0.97287464,635.431,327.80273,0.9679215,684.5327,342.46838,0.82493424,614.6152,336.54327,0.7535633,708.0286,412.54547,0.9904636,586.5487,407.31567,0.9887992,720.22577,488.85736,0.93706703,585.7037,486.88055,0.9262545,700.45624,550.60944,0.8865031,620.9742,540.3451,0.87646383,692.02423,572.3017,0.8565815,607.8831,570.0896,0.86018276,717.673,581.32416,0.20701107,610.57367,575.3091,0.21194297,683.5133,598.3876,0.036556005,630.3634,589.7443,0.03672102
412.0,649.41815,342.34412,0.9878874,664.4731,330.53955,0.97299325,635.4024,327.82373,0.9674811,684.4776,342.35205,0.8271175,614.7145,336.3806,0.7510978,708.0816,412.4358,0.9907942,586.67224,406.85852,0.9888276,720.43634,489.62622,0.9395396,585.8616,486.93494,0.9263989,700.81885,550.649,0.8898093,621.601,540.07684,0.87676823,691.7307,572.1008,0.86183476,607.67224,569.7397,0.86367726,717.1274,584.87146,0.20893952,610.60004,578.72205,0.21146646,683.20325,600.537,0.035992235,630.2487,591.8296,0.035794973
413.0,649.2705,342.0739,0.98789597,664.295,330.24615,0.9729209,635.32104,327.57745,0.9674195,684.36566,342.1942,0.8284073,614.9395,336.30865,0.75144255,708.0831,412.3457,0.9909401,586.7656,407.09387,0.9892241,720.30475,489.1084,0.9391994,586.12476,486.98022,0.9277026,700.6567,549.99084,0.8892704,621.84296,540.2471,0.8780432,692.3588,569.70056,0.86403346,608.5317,567.6193,0.8668567,718.60645,575.5545,0.22683209,612.0729,569.8692,0.2316418,684.4356,594.22144,0.04170865,633.2242,586.1776,0.04185909
414.0,649.5167,342.0105,0.9878441,664.4959,330.2091,0.97273123,635.51575,327.5866,0.9673831,684.4474,342.23767,0.82720935,615.04297,336.45966,0.7527766,708.32623,412.3155,0.9908856,586.86426,407.07764,0.9891357,720.4767,489.06134,0.9390304,586.26807,486.77692,0.92732203,700.45526,550.28735,0.88851595,621.8432,540.5023,0.8770888,692.74725,570.6754,0.8616825,608.84564,568.6026,0.86443055,718.32684,578.6798,0.21628696,612.73334,573.0433,0.22055349,683.8926,595.6095,0.03866437,633.9749,587.69464,0.03873083
415.0,649.4243,341.96204,0.9878081,664.4071,330.1416,0.97280395,635.44977,327.55005,0.9671325,684.4365,342.1646,0.8286258,615.09515,336.43945,0.7505175,708.5106,412.3003,0.9908645,586.90533,407.01642,0.98909074,720.48804,489.13794,0.9389169,586.34125,486.5725,0.9269296,700.4897,550.1917,0.8883426,621.8838,540.11365,0.8765438,692.989,570.7239,0.8604405,608.9885,568.6257,0.86310667,718.30054,578.13916,0.21457413,612.5494,572.5201,0.21863902,683.724,594.82526,0.038392544,634.1963,586.9841,0.03845018
416.0,649.4907,341.87878,0.98778856,664.50464,329.98755,0.9727031,635.47986,327.51215,0.96704173,684.57947,341.9234,0.8269646,615.12585,336.38605,0.7501859,708.34607,411.8147,0.9907868,587.1261,407.00366,0.98879015,720.77734,487.95056,0.93968415,586.2417,486.27136,0.9260669,700.6465,549.68713,0.8898431,622.163,540.0732,0.876385,693.01263,572.11993,0.8567153,609.33795,570.33374,0.8582512,718.8247,583.3611,0.19745383,614.87854,578.2218,0.19971412,683.66895,597.52576,0.03343603,634.93896,590.18085,0.03325376
417.0,649.5897,341.72156,0.98780656,664.5845,329.88873,0.97283876,635.6083,327.46118,0.96702343,684.6263,341.9787,0.8273487,615.30493,336.5409,0.74857795,708.5208,411.3554,0.9906798,587.22626,406.9516,0.98856485,721.0926,487.57306,0.9398171,586.21313,486.75397,0.9252407,700.7508,549.4575,0.88996816,621.8225,540.1316,0.87520564,692.9985,572.92395,0.8540139,609.0242,571.22034,0.8549551,718.41943,585.52313,0.18842435,613.6015,580.4891,0.18964642,683.6998,598.80194,0.031163484,632.6386,591.3738,0.030854613
418.0,649.74005,341.74847,0.98775864,664.6405,329.91998,0.9727986,635.69806,327.50415,0.9667916,684.6148,341.91382,0.82856447,615.31537,336.57904,0.74840975,708.6857,411.60474,0.99086934,587.0696,407.19763,0.98875314,720.6735,488.885,0.9401189,586.70624,487.87793,0.925218,700.84515,549.9104,0.88968694,622.0191,540.36017,0.87432927,693.07526,572.0999,0.85659945,608.91003,570.43353,0.8572135,718.7379,582.1052,0.19823658,613.1209,577.2403,0.19920978,683.66876,596.6679,0.03380671,633.4332,589.3664,0.03343278
419.0,649.8504,341.49835,0.9877448,664.6875,329.7968,0.97265667,635.762,327.38898,0.9669318,684.57294,342.06335,0.8276823,615.3191,336.77002,0.75008476,708.4901,411.60358,0.99082184,586.8863,407.45184,0.9887963,720.73663,488.3283,0.9394081,586.74457,487.839,0.92506075,700.70667,549.5436,0.8885598,621.9752,540.4197,0.87403387,693.1671,571.1217,0.8555302,609.07025,569.7104,0.8564495,720.201,577.44434,0.20335072,614.5889,573.0079,0.20522562,684.8772,594.16394,0.035705417,634.87634,587.52905,0.035447508
420.0,649.9023,341.1811,0.98782897,664.80365,329.515,0.97275656,635.8227,327.22473,0.9672867,684.8584,342.03564,0.8276402,615.5597,336.91235,0.7501109,708.1772,411.86487,0.9906111,587.32996,407.30194,0.9888946,720.5104,488.77246,0.9373897,586.569,486.47327,0.9254767,700.57886,550.03094,0.8856944,621.47546,540.0045,0.8741641,693.02966,571.59796,0.8533396,609.5597,570.20483,0.8561886,719.60724,575.7351,0.2048049,615.80927,571.9371,0.20934293,685.3067,592.6225,0.036709934,636.307,587.8384,0.03684467
421.0,649.91534,341.18744,0.9878255,664.8088,329.526,0.97272956,635.82135,327.21082,0.96729034,684.85406,342.07977,0.82805204,615.5507,336.9281,0.75056106,708.26196,411.98828,0.9906633,587.29584,407.3775,0.9890422,720.4024,489.1214,0.9371424,586.73566,486.75427,0.9259214,700.3305,550.31854,0.8851078,621.5376,540.1618,0.8743855,693.13074,570.88715,0.8545376,609.6207,569.4664,0.85782695,719.91034,573.24866,0.21139696,615.9077,569.36005,0.21682024,685.589,591.4214,0.038721263,637.0693,586.4845,0.038995355
422.0,650.00854,341.1668,0.98781246,664.8581,329.47412,0.9727018,635.90204,327.20667,0.96727246,684.8703,341.94495,0.8276949,615.63007,336.91107,0.75072294,708.3359,411.82434,0.9906346,587.48047,407.5689,0.9890014,720.6167,488.95508,0.93707544,586.9788,487.28052,0.9256488,700.3986,550.15643,0.8850186,621.4218,540.4961,0.87403655,693.4286,570.99554,0.8536993,610.0259,569.73303,0.8568851,720.2679,573.9407,0.20919046,616.51263,570.2725,0.21437371,685.6137,591.88855,0.03808564,637.317,587.0567,0.038327813
423.0,650.03345,341.24554,0.9877713,664.9384,329.52954,0.97274995,635.92236,327.21887,0.96699953,684.96686,342.0876,0.82886446,615.64355,336.95764,0.74906087,708.6405,412.024,0.9906652,587.5295,407.60706,0.9889164,720.7219,489.19543,0.9373933,587.1016,487.30554,0.9249636,700.41345,550.21643,0.8851607,621.12885,540.35974,0.87293625,693.7853,571.0463,0.8527627,610.22955,569.6508,0.85535127,720.1665,575.86017,0.20409688,616.64233,571.86945,0.2082448,685.4643,592.73645,0.036495715,637.8971,587.41895,0.036603242
424.0,650.18353,341.1714,0.9877666,665.00903,329.44513,0.97265637,636.01495,327.2303,0.9671613,685.01733,341.88623,0.8276305,615.6766,336.9854,0.750808,708.94885,411.74152,0.9905764,587.54315,407.7591,0.98888445,721.45386,488.90533,0.9369524,587.18005,487.6632,0.9249811,700.3097,550.87854,0.8843867,621.7905,540.7947,0.87295455,694.30975,571.72186,0.8507438,610.54645,570.5378,0.85365736,721.08655,576.0361,0.20037973,617.2049,572.38745,0.20491311,686.18427,593.76404,0.035660833,638.08936,588.6432,0.035820544
425.0,650.12897,341.19196,0.9877491,664.9566,329.46423,0.972756,636.0662,327.2556,0.96688586,685.0265,341.78345,0.8294916,615.91187,336.86578,0.7487312,709.11285,411.6784,0.990661,587.76373,407.71973,0.988923,721.528,488.85547,0.9373903,587.35675,487.66156,0.9248837,700.4635,551.22064,0.8847312,621.8458,541.0161,0.8723983,694.2457,571.9725,0.8515263,610.60864,570.70984,0.8541211,720.05817,576.82245,0.2006084,616.6715,573.0415,0.20455843,684.7857,594.1698,0.035596073,637.9669,588.77625,0.0356822
426.0,650.1244,341.22552,0.9877694,664.95154,329.4527,0.97293115,636.11163,327.36957,0.9666088,685.11914,341.63672,0.83077705,616.1147,336.9284,0.7458099,709.1967,411.2776,0.99076676,587.9449,407.54718,0.9887707,721.7777,487.58875,0.93930244,587.14496,486.45306,0.9247622,701.0642,550.6624,0.8879652,621.5807,539.89417,0.8731148,694.07544,572.8377,0.85290265,610.42224,571.67175,0.8540289,719.4232,580.0266,0.19411704,616.07526,576.5834,0.19590229,683.9321,594.87177,0.033321768,636.5055,589.8834,0.03309539
427.0,650.37524,341.13147,0.9877704,665.1017,329.338,0.9727435,636.24396,327.3105,0.96697205,685.1958,341.49615,0.829529,616.097,336.99115,0.7498936,709.4079,411.4171,0.9907975,587.7766,407.71954,0.9890626,721.4373,488.628,0.93789613,587.11206,487.30054,0.92537844,701.01996,551.01245,0.885262,621.76587,540.26825,0.8728709,694.26166,571.1102,0.85589075,610.4543,570.0385,0.85832036,720.04895,575.3265,0.20943317,616.1108,572.1083,0.21338528,684.27716,592.6912,0.037798196,637.4401,587.9566,0.037843317
428.0,650.4408,341.07263,0.98780966,665.1051,329.36652,0.97265166,636.3503,327.33398,0.96739984,685.16754,341.55597,0.82836574,616.28564,337.05237,0.7522454,709.0441,411.38055,0.99062437,587.9498,407.89685,0.9892819,721.3183,487.8213,0.9358895,587.1134,486.8319,0.9264681,701.02,550.7181,0.88289,621.4686,539.98914,0.8743829,694.16473,569.6875,0.8552743,610.81323,568.77905,0.8598267,720.6749,567.59985,0.2230049,616.5369,564.70496,0.23061043,684.9769,588.3922,0.04281935,638.06995,584.1804,0.04345548
429.0,650.3803,341.07574,0.98769975,665.0051,329.3595,0.97264904,636.35394,327.33313,0.9668491,685.09753,341.42383,0.831148,616.446,336.94043,0.749824,709.498,411.64508,0.9907816,587.98944,407.62207,0.9893642,721.0602,489.2895,0.93616927,587.3252,487.09344,0.92604053,700.8372,551.03656,0.88229436,622.0539,540.0726,0.8725919,694.06146,569.8877,0.8563616,610.5258,568.662,0.8604641,719.61945,568.6816,0.22446615,615.78094,565.2696,0.23129705,683.86816,589.47925,0.043061912,639.06775,584.6885,0.04358855
430.0,650.3374,341.14496,0.9877223,665.0052,329.45813,0.9726901,636.4169,327.3667,0.9670764,685.15265,341.42175,0.83085847,616.59,336.7763,0.7504282,709.243,411.4828,0.99069524,587.9372,407.7542,0.98942316,721.1355,488.88196,0.93526053,587.2494,487.6217,0.9261861,701.10864,550.9205,0.8811872,622.21735,540.485,0.8725891,693.56134,569.7126,0.8571907,610.1493,568.6015,0.8619447,719.44543,566.313,0.23272902,614.99084,563.07007,0.24086934,684.01965,588.769,0.0459989,638.2951,584.05615,0.046749085
431.0,650.5141,341.3534,0.9877317,665.2189,329.63013,0.97253877,636.5593,327.45343,0.96726084,685.25916,341.45612,0.8279041,616.526,336.62732,0.7524866,709.1754,411.33466,0.9906185,588.01904,407.79126,0.989218,721.629,488.27563,0.9356589,587.2585,487.9414,0.92572725,701.1917,550.7383,0.882408,622.5407,540.8281,0.8730474,693.7953,570.7796,0.85410607,610.4722,569.69855,0.8582647,719.64087,569.1286,0.22109556,615.6247,565.69257,0.22780424,683.81476,590.26587,0.042328775,637.72046,584.98694,0.042810798
432.0,650.31836,341.70337,0.9877775,665.21136,329.98956,0.97279763,636.4583,327.6903,0.96709293,685.45325,341.8142,0.8294647,616.5167,336.63684,0.74920064,709.03,411.42316,0.99063003,588.0255,407.6565,0.9891138,721.71387,487.7422,0.93662757,587.21484,487.19818,0.9257541,701.3525,550.5222,0.88451946,622.9012,539.8652,0.87410706,693.88214,571.57294,0.8536955,610.6126,570.4012,0.8572925,719.39307,571.1213,0.21528625,615.6436,567.5902,0.22096506,683.85425,590.93286,0.040306598,637.43994,585.6538,0.040640265
433.0,650.4298,341.69647,0.98784506,665.3,329.93597,0.97298163,636.48975,327.69684,0.9671513,685.6141,341.7378,0.83104914,616.531,336.74634,0.74838674,709.13293,411.226,0.9907271,588.1497,407.7682,0.98932457,721.5679,487.70776,0.9369633,587.6951,487.5835,0.926739,701.1541,551.0061,0.88484,623.05585,540.9399,0.8749348,694.11224,570.2036,0.85753167,610.79083,569.21643,0.8615166,720.04596,568.1483,0.22721553,615.4604,565.01306,0.2339735,684.73737,590.06494,0.043700576,637.40216,585.31805,0.04422319
434.0,650.6211,341.64636,0.9879021,665.42377,329.95142,0.9729273,636.63007,327.69354,0.9674736,685.62463,341.85168,0.8300579,616.5701,336.8786,0.7508813,709.27454,411.16956,0.9907721,588.2277,407.7437,0.9894881,721.6382,487.66663,0.93677104,587.8909,487.8028,0.9277065,701.40375,550.8839,0.8845482,623.35297,541.0696,0.8760371,694.2135,569.42236,0.859771,610.768,568.3907,0.8643507,720.4723,565.2125,0.23637211,615.05035,561.7928,0.2445293,685.3179,588.6017,0.046694577,636.92035,583.3094,0.047453225
435.0,650.55634,341.66852,0.9879606,665.3383,330.01636,0.97298384,636.56665,327.74854,0.9677253,685.5279,341.9275,0.8293732,616.54425,336.94073,0.7514265,708.9279,410.9331,0.9906926,588.13666,407.9903,0.9895178,721.7574,486.10535,0.93617916,587.50256,487.39014,0.9277897,701.65845,550.06323,0.8843559,622.865,540.81793,0.8767402,694.30426,569.0736,0.8596189,611.07196,568.30054,0.864606,721.058,560.5156,0.24513316,615.406,557.4269,0.25439933,685.7374,586.67914,0.050165772,636.9525,581.65533,0.05115518
436.0,650.5778,341.61072,0.9879523,665.4035,330.01886,0.97284555,636.6172,327.71875,0.9678532,685.57227,342.0558,0.82750136,616.5683,336.9541,0.75252724,708.6541,410.88287,0.9905682,588.0848,408.14172,0.98936665,721.9427,485.51385,0.9357531,587.4791,487.50427,0.92724186,702.06586,549.69574,0.88399506,623.0659,541.01575,0.8763616,694.147,569.70483,0.85634714,611.08075,569.08234,0.8612586,721.3979,561.5273,0.23619905,616.40686,558.6376,0.24511898,685.79376,586.5602,0.04758808,637.14197,581.8054,0.048492998
437.0,650.5829,341.66364,0.9879185,665.40735,329.97052,0.9728908,636.59796,327.71497,0.9675944,685.6161,341.85132,0.8286739,616.531,336.8601,0.75137925,708.9498,411.01306,0.990716,588.2957,407.91772,0.9893608,721.6418,486.84875,0.9367368,587.68115,487.92725,0.92715764,702.00494,550.8296,0.8848301,623.2582,541.535,0.87582505,693.99695,569.4237,0.8584365,610.86505,568.55347,0.8626115,720.67206,564.799,0.23428941,615.7627,561.46783,0.24187139,685.13715,587.89966,0.046280563,636.64307,582.47815,0.04693976
438.0,650.6622,341.6537,0.9878845,665.42926,329.9308,0.97286296,636.64124,327.72815,0.9674535,685.6114,341.72168,0.8290296,616.55817,336.87115,0.75117254,709.12616,411.09015,0.9907696,588.34296,407.919,0.98938084,721.49963,487.39563,0.9369327,587.6978,488.09998,0.92702854,701.84924,550.87756,0.8848828,623.5664,541.65234,0.8754151,694.235,569.69617,0.85907215,611.04114,568.80334,0.86303526,720.3971,565.5176,0.23482585,615.6069,562.2058,0.24194098,684.84375,588.5667,0.046279103,636.926,583.19745,0.04685393
439.0,650.6247,341.67706,0.987887,665.3969,329.94067,0.9729773,636.6075,327.74286,0.967378,685.6454,341.77008,0.83042073,616.58246,336.9347,0.7498069,709.2991,411.26636,0.99075747,588.23413,408.0321,0.98940814,721.3928,487.78497,0.9366139,587.7495,488.32703,0.9269097,701.6439,550.9088,0.88438904,623.59094,541.92773,0.87500334,694.23956,569.44586,0.8587881,610.808,568.52185,0.86294925,720.56647,564.0551,0.23745617,614.9382,560.7472,0.24497473,684.90564,587.9941,0.04735154,636.5999,582.72943,0.048017263
440.0,650.70245,341.59497,0.9878434,665.5002,329.80603,0.97296655,636.708,327.64966,0.96719855,685.78375,341.6955,0.8305421,616.7382,336.90344,0.7488601,709.46436,411.43213,0.99073887,588.2823,408.1698,0.989234,721.69244,487.95612,0.93702483,587.6231,488.3673,0.926067,701.6985,551.0122,0.885076,623.6549,541.9109,0.87428683,694.09717,569.91925,0.85708916,610.59973,569.0162,0.86044234,720.95416,566.66064,0.22909093,615.501,563.4295,0.23518065,685.1365,589.3059,0.044515073,636.676,584.18823,0.044927984
441.0,650.7538,341.59186,0.9878117,665.527,329.8606,0.97278905,636.76306,327.6374,0.9673296,685.72125,341.76105,0.82948565,616.70874,336.84607,0.75122815,709.4265,411.58282,0.99074936,588.1698,407.9864,0.9893285,721.57306,487.76904,0.9366447,587.5048,487.82452,0.9265555,701.68115,550.3763,0.8845645,624.1537,542.173,0.8747228,693.85767,569.4079,0.85863143,610.355,568.34753,0.8624375,720.81635,565.2748,0.23515615,615.3082,561.6197,0.24217415,685.1814,588.4851,0.046496958,637.1423,582.97144,0.047061026
442.0,650.63025,341.53552,0.9879024,665.471,329.92303,0.97305465,636.7362,327.66547,0.9672606,685.7419,342.06976,0.83133847,616.7966,337.02795,0.7488005,709.1925,411.43048,0.9908742,588.349,407.78076,0.9893762,721.55426,487.1953,0.9383171,587.7428,487.0564,0.92762977,701.78033,550.4061,0.88722146,623.88574,541.57886,0.87652314,693.8619,569.02545,0.862412,610.46185,567.9469,0.8657998,720.6212,566.99036,0.23587525,614.8876,563.4738,0.24230996,685.81116,588.7755,0.045854032,635.7897,583.66956,0.046316653
443.0,650.53723,341.67725,0.98792374,665.44183,330.02075,0.9731039,636.6627,327.8031,0.9671494,685.81586,342.11005,0.8311156,616.7827,337.10712,0.7474411,709.0095,411.25122,0.99092937,588.64307,407.79352,0.98925793,721.9277,486.93286,0.9395595,587.7655,487.21472,0.9275869,701.9293,549.7624,0.88957447,623.6397,541.1333,0.8774067,693.65234,569.3229,0.863039,610.6073,568.3525,0.8655211,720.87494,570.62885,0.22940186,616.2671,567.28796,0.23438701,686.2021,590.8887,0.043082446,635.6908,585.9618,0.0433006
444.0,650.7062,341.6264,0.9879097,665.6572,330.09888,0.9729396,636.8164,327.75708,0.9673792,685.9299,342.41248,0.8294691,616.7494,337.14557,0.7498922,708.9808,411.46967,0.9908225,588.45074,407.72046,0.9892361,721.9386,487.11554,0.9384431,587.7084,487.10425,0.92724925,701.99396,549.7507,0.8875656,623.7292,541.1539,0.8763956,693.7755,569.7296,0.8614841,610.6564,568.6386,0.86452174,720.45807,571.53143,0.22637045,616.40393,567.9772,0.23205343,685.8854,591.387,0.042422116,636.181,586.3817,0.042741865
445.0,650.7081,341.58783,0.9878314,665.6453,330.0849,0.9728529,636.7938,327.766,0.9671043,685.88794,342.43372,0.8296031,616.6828,337.21588,0.7490643,709.1721,411.52472,0.99083346,588.3178,407.6988,0.98906356,722.0726,487.63306,0.93870854,587.74554,487.4604,0.92607886,701.94775,549.7863,0.88749146,623.95795,541.0189,0.87462986,693.6672,570.7233,0.85875136,610.34,569.5745,0.8608203,720.29175,573.9415,0.21638468,616.66455,570.2385,0.22039366,685.41455,592.3961,0.039559513,636.61505,587.1378,0.039621383
446.0,650.82166,341.53064,0.987762,665.6172,330.03278,0.97260225,636.8532,327.7162,0.96729875,685.74695,342.255,0.8289014,616.7128,337.143,0.7520644,709.2942,411.66364,0.9907457,588.12683,407.93433,0.9893434,721.7152,488.33307,0.93614554,588.00757,488.38647,0.92625326,701.6554,549.92554,0.8831461,624.532,541.8733,0.87346435,693.7117,569.37024,0.85827345,610.29016,568.2799,0.8621395,720.8463,565.35516,0.23474514,616.2504,561.6554,0.24210602,685.6845,588.59753,0.046468258,638.24976,583.2234,0.047089458
447.0,650.84125,341.48157,0.9878229,665.63446,329.93524,0.97260916,636.84094,327.72778,0.9675096,685.7699,342.24658,0.8276756,616.7156,337.3415,0.75296515,708.9706,411.49097,0.99070203,588.3037,408.1772,0.9893199,721.7611,487.65778,0.9363927,587.9465,488.09222,0.9266278,701.75275,549.63666,0.8838987,623.9015,541.5416,0.87448895,693.99255,569.06195,0.85933167,610.9137,568.2866,0.8633319,721.01556,567.49713,0.2322802,617.25464,564.62286,0.23972836,685.9868,589.459,0.04513082,637.9786,585.3091,0.04573393
448.0,650.8306,341.36975,0.9878386,665.63,329.79034,0.9727771,636.7976,327.66907,0.96736085,685.87305,342.1261,0.8294677,616.69104,337.41156,0.7511002,709.2956,411.5807,0.9908018,588.4857,407.91626,0.9893222,721.66046,488.34937,0.93713284,588.0821,487.68085,0.92674315,701.9202,549.935,0.88472766,624.03284,541.3052,0.87435234,693.70526,568.7804,0.8620413,610.4436,567.7721,0.865626,720.15356,569.7977,0.23294961,616.01654,566.631,0.23969486,685.57874,590.23926,0.044737488,636.71204,585.8673,0.04521507
449.0,650.7959,341.34894,0.9878673,665.5958,329.7915,0.9729302,636.7955,327.6729,0.96730494,685.8784,342.14893,0.8308356,616.756,337.43237,0.7497809,709.3689,411.6233,0.9908157,588.3904,407.9574,0.9893571,721.6445,488.36652,0.9374166,587.9858,487.61157,0.92707574,701.7886,550.44904,0.88512975,624.1418,541.66644,0.8746783,693.70935,569.28296,0.8620634,610.24713,568.2575,0.86573553,719.8983,569.68567,0.23253474,615.05634,566.5702,0.23927328,685.54535,590.6112,0.044618934,635.9604,586.3599,0.045101613
450.0,650.92053,341.4489,0.9878752,665.58307,329.72314,0.9729421,636.86633,327.59186,0.96745443,685.78094,341.6372,0.83102196,616.87933,336.9804,0.7505251,709.532,411.93597,0.99071014,588.3885,408.10944,0.9896015,720.7831,489.78888,0.9351842,587.8559,488.3606,0.9274571,700.7505,553.90063,0.8812038,623.8509,542.7078,0.87440753,693.932,569.86194,0.8595668,610.4211,568.6988,0.86510825,720.40826,562.4303,0.24661496,614.20575,559.02576,0.25667274,685.34515,589.3471,0.050723583,636.95966,584.2825,0.051850706
451.0,650.9252,341.38043,0.98786145,665.55084,329.7353,0.9728743,636.8822,327.57587,0.96746707,685.6931,341.7453,0.8314204,616.9292,337.0592,0.7512003,709.6099,411.67426,0.99078786,588.22253,407.9712,0.98975873,720.8727,489.44745,0.93497014,588.0161,488.47314,0.9278601,701.0538,553.1995,0.8805939,624.2898,542.2793,0.8743988,693.86176,568.9112,0.8614106,610.1831,567.7887,0.8671685,720.56635,558.109,0.25781167,613.9017,554.6615,0.26895142,685.5515,586.9706,0.05496469,637.5503,581.7239,0.05633676
452.0,650.8862,341.30695,0.9878871,665.46783,329.63477,0.9729245,636.8328,327.55682,0.96753514,685.6611,341.6208,0.831979,616.96106,337.12073,0.7511112,709.7342,411.6839,0.9908015,588.3098,407.99377,0.9898502,720.94354,489.76318,0.93461084,588.0963,488.5653,0.9281858,701.0834,553.1138,0.88002276,624.3915,542.3964,0.8745202,693.72723,568.54614,0.86256933,610.0215,567.42224,0.86873263,720.4948,556.72253,0.263928,613.49286,553.35126,0.27610594,685.5617,586.5371,0.057195693,637.23157,581.4838,0.05879125
453.0,650.93994,341.2152,0.9879037,665.52924,329.57507,0.9729295,636.9043,327.472,0.96751595,685.6642,341.5586,0.8314967,616.9561,336.98102,0.7513882,709.65594,411.63965,0.9908742,588.34467,407.698,0.98978126,721.03375,489.5442,0.9358032,587.93695,487.7837,0.92832494,701.1794,553.1811,0.8818941,624.13916,542.05914,0.87517256,693.7375,569.15,0.8636756,610.07916,567.9116,0.8691416,719.97687,560.139,0.2575808,613.33813,556.6677,0.2681375,685.14667,587.67944,0.054220796,636.5355,582.66644,0.055441946
454.0,650.9204,341.02185,0.9878205,665.4835,329.4272,0.97273064,636.8801,327.34576,0.96737796,685.56903,341.61005,0.83141994,616.9683,337.08014,0.7521508,709.83844,411.83606,0.9908207,588.27826,407.9157,0.98979187,720.9847,490.21045,0.9346407,588.2974,488.43402,0.927652,700.81757,553.243,0.8792975,624.71106,542.2855,0.87318283,694.1536,569.3588,0.8609048,610.438,568.16095,0.8667834,720.11005,560.50665,0.2524315,614.4183,557.07965,0.26347128,685.0454,587.9269,0.052920938,638.61975,582.99414,0.054240465
455.0,650.9162,340.91583,0.9878904,665.4885,329.35687,0.9729302,636.86066,327.27252,0.9674717,685.62976,341.6258,0.8329958,616.92236,337.12543,0.7516204,709.99927,411.7492,0.99093807,588.34827,407.78107,0.9899514,720.8401,490.33405,0.93511176,588.4542,488.5249,0.92852175,700.98334,553.2806,0.8797801,624.7196,542.6307,0.87384737,694.0404,568.12775,0.8657717,610.17377,566.8215,0.87176794,719.77344,559.8952,0.2642448,613.19763,556.19226,0.27611786,685.2052,587.92444,0.05636677,637.38513,582.5769,0.057880223
456.0,651.1244,340.66565,0.9878789,665.60535,329.13647,0.97273827,636.9617,327.10223,0.96781194,685.6045,341.55176,0.83122873,616.8721,337.21118,0.75514483,710.09546,411.8711,0.9908086,588.14374,407.87927,0.99002206,720.7815,490.07056,0.9334309,588.0867,487.88843,0.9286077,700.87146,553.1681,0.8771781,624.4865,542.2307,0.8736218,694.2963,567.5996,0.86488235,610.2844,566.3331,0.87199664,719.90393,556.99347,0.2695902,613.08655,553.42676,0.28361672,685.30334,586.43555,0.05906099,637.9438,581.378,0.061014593
457.0,651.1674,340.5683,0.98795474,665.579,329.0036,0.97278214,636.9396,327.088,0.9681515,685.63947,341.28534,0.83091867,616.89026,337.2223,0.75641316,710.1608,411.4165,0.9907309,588.16815,407.84357,0.99018687,721.11804,489.15088,0.93235946,588.12494,487.3996,0.92950016,700.76587,552.6477,0.87596405,624.245,542.0581,0.8748342,694.5778,567.1245,0.865225,610.59143,566.1364,0.87355477,720.79254,552.9434,0.27894616,613.72015,550.017,0.2958809,685.7031,584.8262,0.06317398,638.50134,580.7278,0.06580305
458.0,651.1238,340.63464,0.9879292,665.5323,328.99237,0.9728598,636.87695,327.15076,0.96793497,685.64246,341.1762,0.8317553,616.8666,337.2708,0.75464094,710.26556,411.30933,0.9907752,588.26746,407.74,0.9900679,721.1639,489.6505,0.93313193,588.1041,487.71118,0.92888135,701.14105,553.2498,0.87681454,624.3539,542.212,0.87397027,694.3352,567.209,0.8649087,610.29755,566.19226,0.8723953,720.4369,555.19604,0.27297837,613.35486,552.24066,0.28800833,685.51666,586.058,0.0605233,637.7801,581.78107,0.06270209
459.0,651.3085,340.55408,0.9879718,665.75464,328.83618,0.9727167,636.927,327.05713,0.9683102,685.84344,341.06024,0.82835674,616.71564,337.2813,0.7567746,710.2371,410.9843,0.9905535,588.3428,407.5963,0.9898248,721.31445,488.77942,0.9324361,587.99963,487.19513,0.9282886,701.23145,552.45764,0.8764726,624.0244,541.6853,0.87405837,694.2554,567.97186,0.860553,610.2023,567.05115,0.8682276,720.76184,558.1922,0.25647733,614.14923,555.3502,0.27092648,685.3569,586.7649,0.05483353,636.9511,582.6267,0.056773394
460.0,651.33795,340.6729,0.9879217,665.7546,328.71954,0.97259855,636.8855,327.07697,0.9681267,685.7681,340.5714,0.8257036,616.57355,337.05896,0.75658166,710.1977,410.45343,0.99052936,588.4215,407.35236,0.9893459,721.58264,488.11548,0.93464375,587.4038,486.9604,0.9269656,701.71466,552.2313,0.88042176,623.7965,540.9731,0.8741709,694.1299,569.50446,0.8568996,610.00977,568.6953,0.8623498,720.8511,566.1176,0.23005453,614.3285,563.3724,0.23937094,685.11084,590.0534,0.045189172,635.01294,585.5484,0.046043336
461.0,651.2914,340.7035,0.98790586,665.7461,328.73102,0.9725683,636.8524,327.0771,0.9681448,685.8124,340.60437,0.8255592,616.5756,337.05243,0.7564111,710.328,410.6455,0.9904329,588.4988,407.2636,0.98932904,721.4938,488.38275,0.93372416,587.3585,486.70312,0.92684394,701.8112,551.38214,0.8793601,623.9502,540.5952,0.8739462,694.2384,569.65063,0.85569197,610.0901,568.6811,0.861768,720.26373,566.41315,0.22862363,613.84357,563.398,0.23864305,684.68005,589.70166,0.044958085,634.88196,585.0375,0.04593903
462.0,651.5227,340.66406,0.9878114,665.8853,328.54047,0.97234464,636.9823,327.01355,0.9679122,685.80884,340.05865,0.8233478,616.477,336.81494,0.75742006,710.51135,410.17938,0.99049395,588.74744,407.00537,0.98902667,721.8223,488.25024,0.93563336,587.58984,486.6842,0.92602193,701.96216,551.2851,0.882138,624.1605,540.3423,0.87364054,694.5023,570.20483,0.855639,610.31964,569.304,0.8598638,720.22437,573.8202,0.2129682,614.04407,570.92487,0.21939111,684.56177,592.70996,0.039227307,633.919,587.8762,0.03955722
463.0,651.439,340.6004,0.9877529,665.69055,328.5249,0.9721719,636.92365,327.01532,0.9681597,685.6379,339.9876,0.82463765,616.6256,336.84863,0.7598864,710.63477,410.12152,0.99041104,588.41815,406.9499,0.9895825,721.2762,488.2221,0.93195856,587.5128,486.39532,0.9273163,701.5879,551.92236,0.87575763,624.4365,540.77466,0.8731205,694.2852,567.3939,0.85773325,609.9961,566.5456,0.8650812,720.66156,559.3782,0.24677712,613.3063,556.59607,0.25978488,684.9224,585.4643,0.051898062,636.6536,580.86755,0.05346346
464.0,651.34705,340.60126,0.98774195,665.4831,328.46362,0.97203445,636.84485,327.08545,0.96830946,685.33875,339.6986,0.8225007,616.57245,336.83508,0.76204205,710.5761,409.70355,0.99036026,588.5104,406.82227,0.98945785,721.63007,487.3274,0.9325495,587.001,485.96967,0.92752385,701.9867,550.7275,0.8771629,624.38513,540.57947,0.87411773,694.5428,567.5606,0.85772693,610.2749,566.84485,0.8648051,720.9374,562.54614,0.23897353,613.194,559.89374,0.25101006,685.46136,586.8366,0.048748195,635.3615,582.22156,0.050059646
465.0,651.3126,340.31213,0.9877764,665.43646,328.0962,0.9722122,636.72473,326.77582,0.9681251,685.35223,339.24988,0.82451135,616.3917,336.57294,0.7605641,710.7893,409.43256,0.9906322,588.5358,406.57623,0.98960006,721.4248,487.53766,0.93419373,587.0477,486.10333,0.9280546,702.11487,550.80994,0.8793919,624.4942,540.4926,0.87476814,694.3146,566.2803,0.8635865,609.92145,565.48114,0.8697276,720.31635,562.106,0.2509125,612.1342,559.20496,0.2620814,685.06213,586.9337,0.05175668,634.615,581.7219,0.05292636
466.0,651.30865,340.18842,0.98777103,665.4652,327.9438,0.9723258,636.69824,326.67108,0.96789145,685.47675,339.1435,0.82603246,616.4094,336.5609,0.75834316,710.93475,409.50177,0.990668,588.7105,406.55853,0.9895799,721.32605,488.1018,0.93455684,587.2433,486.2055,0.92785436,701.8538,551.1611,0.87977403,624.3241,540.5369,0.87438726,694.42395,566.51807,0.8629123,610.0646,565.68384,0.8688134,720.13226,563.1404,0.24709573,612.41705,560.29114,0.257628,684.9819,587.16296,0.050376028,635.03656,582.1549,0.05144334
467.0,651.3054,339.98175,0.98784566,665.4333,327.70605,0.9724901,636.6283,326.5432,0.9679922,685.5141,338.95367,0.8267076,616.3357,336.61713,0.75789493,711.0232,409.5609,0.9907062,588.92126,406.48395,0.9896591,721.4267,488.28992,0.9349942,587.1143,485.47595,0.92872334,701.76373,551.85516,0.88072824,624.3408,540.1741,0.87599504,694.6864,566.32684,0.8651421,610.3971,565.45386,0.87135094,719.9349,563.66583,0.25051,612.2414,560.95514,0.26166975,685.2801,587.73096,0.05100724,634.39935,583.1056,0.05218312
468.0,651.2377,339.8932,0.98781794,665.33307,327.61407,0.9725304,636.54626,326.5885,0.96769035,685.4529,338.86914,0.8268932,616.36316,336.78278,0.75508475,710.98645,409.1148,0.99064624,588.97345,406.292,0.989316,721.55237,487.18628,0.9361515,586.9181,484.71143,0.9276087,702.065,551.2183,0.8827592,624.5573,539.76886,0.8753563,694.4681,567.77747,0.8606057,610.10333,567.0509,0.86545134,720.11945,566.84705,0.23094839,612.71027,564.3563,0.23909941,685.1232,588.9279,0.044754446,633.58984,584.5391,0.04538226
469.0,650.9916,339.95044,0.98789525,665.1639,327.68616,0.97286654,636.4191,326.62683,0.9675588,685.501,338.88385,0.8303073,616.53455,336.6635,0.75160456,710.94824,408.96802,0.99072963,589.11523,405.7923,0.9895462,721.4841,487.0381,0.93646765,587.11365,483.53668,0.9289633,701.94666,551.38196,0.8836014,625.25433,538.71466,0.8773976,694.7177,567.4894,0.86258334,610.4652,566.6739,0.86816835,720.08905,563.09534,0.24036536,612.54395,560.7371,0.2501771,685.6219,586.9898,0.047885925,634.374,583.18713,0.048849463
470.0,650.9493,339.932,0.9878568,665.203,327.71143,0.9728074,636.3797,326.61902,0.9674,685.5014,339.15424,0.82886994,616.38477,336.80707,0.7506507,710.8896,408.95123,0.9906468,589.1482,405.72778,0.9891023,721.8626,486.53235,0.9374487,587.1891,483.2826,0.92733896,702.2724,550.39465,0.8853513,625.41174,538.4276,0.87607205,694.8757,568.7366,0.85920244,610.57526,567.87366,0.8631538,719.78674,570.83716,0.2178159,613.17944,568.29626,0.22411755,685.19904,589.87085,0.040355086,633.25946,585.8947,0.040702134
471.0,651.0424,339.99054,0.987857,665.24963,327.69556,0.9726887,636.43024,326.60144,0.9676037,685.4926,338.9298,0.82799315,616.3863,336.62964,0.7529695,710.88684,408.71136,0.9906509,589.1269,405.698,0.98929477,721.73694,485.94055,0.93674326,587.21313,483.2331,0.92801774,702.269,549.88367,0.88436633,625.62,538.8598,0.8766632,695.1212,567.5529,0.8610443,610.8782,566.81006,0.86581504,720.173,566.7196,0.22940251,613.15,564.28064,0.2373696,685.49945,587.96216,0.044126064,634.104,583.98224,0.044742525
472.0,651.0334,340.07898,0.98784316,665.2999,327.83136,0.97261083,636.46436,326.52985,0.96765304,685.49677,338.98242,0.8281109,616.3356,336.26166,0.7540794,710.6321,408.6189,0.9907,588.77856,405.67468,0.98951423,721.53204,485.7578,0.93614304,587.56696,483.76862,0.9284964,701.8937,549.94586,0.883302,625.5881,539.0168,0.8768968,695.13617,566.4258,0.8622656,610.94543,565.7523,0.8676531,720.89795,561.5654,0.24228069,613.60583,559.17596,0.25194466,685.7698,585.54346,0.04870829,635.83307,581.5185,0.049654245
473.0,651.40344,339.9776,0.98787665,665.6631,327.82056,0.9723158,636.72156,326.4278,0.9682262,685.57336,339.27643,0.82332516,616.2126,336.3938,0.75900114,710.3998,408.74756,0.99046916,588.7181,405.6571,0.9893596,721.64935,485.4469,0.9350678,587.5632,483.27106,0.92842674,701.93805,550.3357,0.8819439,625.3984,538.45026,0.8772439,695.2084,567.2186,0.8589616,610.9906,566.4612,0.8650506,720.6017,563.7983,0.23144871,613.4433,561.271,0.24156436,685.90906,586.21594,0.04552555,634.73267,582.06396,0.046477377
474.0,651.35205,339.8825,0.9878432,665.51984,327.69806,0.9724612,636.70026,326.3838,0.9678153,685.4817,338.937,0.827337,616.3894,336.24854,0.75680435,710.7624,408.7574,0.9907303,588.63446,405.4997,0.9897025,721.43115,485.87177,0.9356866,587.5094,482.6371,0.9293339,701.9341,551.114,0.88203526,625.0956,537.655,0.8775704,695.55865,566.5089,0.86260545,611.18823,565.70795,0.86883235,720.46497,558.5438,0.24700212,612.81244,556.1843,0.25803572,685.6106,583.1678,0.050804406,636.6514,579.2862,0.051983625
475.0,651.46844,339.94495,0.9878888,665.6916,327.75745,0.97255784,636.7739,326.44708,0.9679048,685.6359,339.0274,0.82632613,616.32306,336.33154,0.75655705,710.62726,408.45526,0.9906866,588.8895,405.3183,0.9894873,721.6948,485.29858,0.93676597,587.41595,482.22778,0.92911386,701.93286,552.0839,0.8837371,624.7002,537.51965,0.8780149,695.6144,567.3002,0.86227715,611.4051,566.5186,0.8677273,720.2704,564.1291,0.23477754,613.3144,561.7851,0.24392545,685.9266,586.52325,0.04603097,635.5059,582.5015,0.04682672
476.0,651.3783,339.95612,0.98785895,665.6115,327.65936,0.9726423,636.7134,326.4041,0.9675934,685.64014,338.78583,0.82763636,616.4017,336.1939,0.75381935,710.8873,408.15143,0.9906925,588.94135,405.2433,0.9893773,721.65857,485.63446,0.93715245,587.6277,483.09595,0.928444,701.80743,551.6524,0.8843281,625.1829,537.8923,0.8770494,695.73145,567.7826,0.86046606,611.3163,567.05273,0.86532885,719.8288,566.23865,0.22713172,612.6974,563.978,0.2348445,684.9759,587.8122,0.043517113,634.67816,583.7219,0.044077247
477.0,651.3815,339.80902,0.9879116,665.6086,327.53375,0.9726654,636.6753,326.21375,0.96801597,685.6462,338.69855,0.82783365,616.2511,336.024,0.7564782,710.6941,408.43085,0.990735,588.64056,405.424,0.9897357,721.4288,486.20404,0.93555677,587.85406,483.39105,0.92930114,701.7475,552.4409,0.88159454,625.2192,538.20685,0.8772608,695.3134,565.6813,0.8658474,610.9436,564.9673,0.8720821,720.2582,559.1908,0.25588065,612.16095,557.1138,0.26741242,685.546,584.86804,0.053262204,635.3688,581.1829,0.05453062
478.0,651.4658,339.8269,0.98785734,665.6333,327.49878,0.9723424,636.79126,326.22314,0.96807134,685.5717,338.4381,0.8251705,616.3259,335.85815,0.7595842,710.70404,407.8595,0.9908227,588.80035,405.40332,0.9896978,721.7956,485.99506,0.9363835,588.1104,484.7937,0.9293511,702.18054,551.29114,0.88290906,626.20435,538.79895,0.87757313,695.32086,564.87683,0.86719733,611.1197,564.401,0.8726953,720.7343,561.72565,0.2526945,613.2178,559.7711,0.26299775,685.2974,585.61,0.051446438,635.15137,581.5706,0.052430183
479.0,651.4727,339.7578,0.98783493,665.53485,327.3839,0.9723789,636.71045,326.17358,0.96792096,685.43066,338.323,0.82704496,616.2256,335.95953,0.7594161,711.1524,408.27606,0.99095726,588.6387,405.5968,0.98990726,721.72955,487.659,0.9361448,588.362,485.38776,0.92960656,701.56213,553.4171,0.881449,626.2355,539.17847,0.8768009,695.59296,564.53687,0.8688034,611.03375,563.9205,0.8746116,720.6539,559.18304,0.26267922,612.48157,557.15173,0.27392352,685.07477,585.1693,0.055042893,635.99585,580.9938,0.056232244
480.0,650.7573,339.77917,0.9879354,664.9765,327.46838,0.9727212,636.22534,326.20007,0.9685553,685.29016,338.4051,0.8302758,616.1958,335.85162,0.7599454,710.55035,408.2035,0.99073505,588.5571,405.29327,0.99052316,720.8305,487.04053,0.93182886,587.99805,483.98706,0.93230057,701.5031,552.235,0.87535316,626.7898,538.5356,0.87880194,695.6919,561.09863,0.8760152,611.552,560.5299,0.88587785,720.36005,548.2407,0.31163433,611.0066,546.62354,0.3337512,687.517,579.7747,0.07501522,637.51324,576.8684,0.07891497
481.0,650.7846,339.80652,0.98797375,665.0293,327.47845,0.9727772,636.24805,326.17102,0.9685818,685.34937,338.35864,0.8303064,616.14734,335.71722,0.76002276,710.54913,408.1469,0.9908402,588.5749,404.95215,0.99053884,720.91187,487.27887,0.9329068,587.8915,483.70428,0.9327148,701.4535,552.28204,0.8771541,626.4458,538.5598,0.87977886,695.6313,560.4547,0.8776926,611.4667,559.7602,0.8871008,720.42194,548.71826,0.31261748,610.7287,546.9607,0.3339686,687.65656,579.5019,0.0746932,636.67975,576.583,0.078380436
482.0,650.6044,339.78375,0.9879631,664.9915,327.42108,0.9730053,636.1699,325.99158,0.9681484,685.44055,338.23285,0.83238727,616.16113,335.26697,0.75582737,710.57666,407.98846,0.9909401,588.57697,404.70508,0.9903556,721.21155,487.05347,0.93464637,587.8335,483.89362,0.9318732,701.8052,552.453,0.87998194,626.3833,538.64026,0.87939554,695.39215,561.03033,0.8765537,611.2059,560.21234,0.8845544,720.5734,551.2246,0.3019617,610.94293,549.0083,0.31975693,687.55994,580.83093,0.06981099,636.4077,577.0592,0.0726383
483.0,650.6039,339.69025,0.988087,665.06635,327.3578,0.97324216,636.258,325.87164,0.9684857,685.6165,338.08875,0.8328789,616.3142,334.95892,0.75583047,710.22766,407.6211,0.9909466,588.7741,404.26624,0.9905087,721.1783,485.4453,0.934906,587.50323,482.1225,0.9333099,702.01373,551.57513,0.8813315,625.6766,537.51324,0.8820882,695.0791,560.11237,0.88123596,611.22107,559.27637,0.8897551,720.3203,549.20044,0.3187657,610.15826,547.0951,0.33883446,688.1288,579.8806,0.07600033,635.2058,576.5025,0.07946232
484.0,650.75616,339.63544,0.9881197,665.235,327.3589,0.9732846,636.4332,325.8051,0.96838176,685.7007,338.22638,0.8332623,616.4076,334.95776,0.755705,710.4065,407.55603,0.9911163,588.8191,404.55255,0.9905191,721.7666,484.77716,0.9366988,587.92706,482.5829,0.9336275,702.227,551.3704,0.88403976,625.5432,537.6709,0.8828814,695.32544,560.04584,0.8829762,611.36035,559.27515,0.8905575,720.4779,551.2728,0.3151831,610.2436,549.09644,0.3331135,687.8478,580.7649,0.073316306,634.6633,576.95593,0.07621619
485.0,650.8439,339.83002,0.9880495,665.3464,327.427,0.97328025,636.4876,325.79315,0.9679227,685.7877,338.04395,0.8349391,616.3643,334.643,0.75443596,710.834,408.0888,0.9913254,588.9351,404.39618,0.9906081,721.4776,486.50024,0.9378456,588.1799,482.75922,0.9337867,701.9837,553.0813,0.8850486,625.61487,537.6966,0.88281435,695.7967,559.9801,0.88394636,611.73883,558.81213,0.890996,719.8094,552.9112,0.31357396,609.8241,550.04694,0.32988918,687.21716,581.16235,0.0719617,636.02454,576.3529,0.074496806
486.0,650.8496,339.74963,0.98796344,665.29987,327.4157,0.97316897,636.58685,325.7536,0.96769464,685.7028,337.9798,0.83512914,616.598,334.50012,0.753453,710.66315,407.95947,0.9912079,588.8098,404.54797,0.9905387,721.4101,486.11426,0.93704706,588.30676,482.9906,0.9330956,701.72675,553.11176,0.88377905,625.4952,537.592,0.8817754,695.77155,560.3014,0.8802894,611.80145,559.33563,0.88758504,720.49585,550.73755,0.30856937,610.52496,548.29846,0.325082,687.20215,580.24,0.07119602,637.04364,575.92163,0.07380289
487.0,650.86536,339.6494,0.9878568,665.3927,327.2505,0.97315574,636.6392,325.55865,0.96706843,685.8527,337.81268,0.8357223,616.6874,334.23083,0.7501182,711.05145,407.84515,0.9912486,588.8309,404.8664,0.99016845,721.8951,485.75488,0.9385577,588.173,484.3612,0.9309548,701.9082,551.5193,0.8864849,626.0191,538.17523,0.8798628,696.1714,561.2147,0.8757478,612.0107,560.37396,0.88096243,721.18787,554.93726,0.28535634,611.7202,552.1961,0.29638135,686.8893,582.13354,0.061945856,637.3449,576.84863,0.06332216
488.0,651.02466,339.54565,0.98782897,665.56177,327.02924,0.9730091,636.7334,325.33484,0.96708196,685.9885,337.37842,0.83363384,616.60016,333.7917,0.7513509,711.15906,407.7041,0.9912064,588.9186,404.81335,0.9899912,722.53485,485.2339,0.9390837,588.30493,484.17926,0.93052,702.449,551.26843,0.8878567,626.427,538.463,0.8803166,696.6257,561.5679,0.8738718,612.48157,560.8087,0.87849337,722.22424,557.36334,0.27410883,612.7344,554.6604,0.28356165,687.45996,582.692,0.05768442,637.55347,577.3518,0.05870098
489.0,650.9902,339.3446,0.98768234,665.54333,326.8753,0.9727897,636.7563,325.16956,0.96635723,685.87726,337.34796,0.83319795,616.66046,333.6709,0.74877954,711.25854,407.4121,0.9912317,588.89075,404.92426,0.9895636,723.06354,485.08618,0.94075537,588.74036,485.26788,0.9283951,701.9653,551.072,0.8898138,626.63556,538.8383,0.8778484,697.1207,563.9701,0.8670002,612.9102,563.41345,0.8692582,723.22723,564.99097,0.23949891,615.49896,562.4155,0.24387681,687.3459,586.2685,0.0459069,639.3061,580.78394,0.046013594
490.0,650.9954,339.22693,0.98770493,665.5352,326.74646,0.9727216,636.7622,325.05988,0.96649146,685.8339,337.2411,0.8321352,616.65186,333.5926,0.74996907,711.3591,407.17682,0.99122953,588.89404,404.75037,0.9895391,723.1333,484.4557,0.9410541,588.6831,484.92957,0.9287729,701.9662,550.5095,0.8905676,626.8925,538.85376,0.8787085,697.2112,564.06995,0.8671665,612.8679,563.4997,0.8694119,723.28485,566.03754,0.23612657,615.32275,563.3013,0.24039102,687.00037,586.02454,0.04473743,638.51263,580.2577,0.04481721
491.0,651.25165,338.7445,0.9878174,665.6951,326.35504,0.97280955,636.8681,324.79578,0.9670789,685.924,337.19067,0.8308277,616.5781,333.89203,0.7522803,711.4523,407.20813,0.99109495,589.17065,404.7821,0.98958516,723.2861,484.14215,0.94014,588.47736,484.14124,0.92958003,701.97894,549.4583,0.8900009,626.6385,537.8285,0.88029814,697.149,563.3168,0.8690188,612.74915,562.69543,0.8724078,723.2237,564.1929,0.24468836,614.17114,561.37744,0.25103024,688.29596,585.4441,0.047417164,636.33057,579.74945,0.047819227
492.0,651.2592,338.6291,0.98781157,665.6277,326.2544,0.97280824,636.8301,324.7235,0.96735287,685.8088,337.23206,0.8302429,616.5686,334.03613,0.7530173,711.4596,407.49402,0.99082345,589.1422,404.97546,0.989537,723.22296,484.09894,0.9378096,588.1978,483.76593,0.92902213,701.847,549.339,0.8868784,626.491,537.7719,0.8794752,697.16656,562.9626,0.8654884,612.65967,562.2938,0.8701854,723.8193,559.00946,0.25015396,613.4286,556.04944,0.2589156,689.494,583.5352,0.05058664,636.0288,577.753,0.051446527
493.0,651.1844,338.5893,0.9877939,665.57916,326.2229,0.9728222,636.80176,324.68866,0.96720195,685.80396,337.21735,0.83088934,616.61597,333.97308,0.7519156,711.4081,407.62122,0.9908312,589.18164,404.78625,0.9895123,723.13544,484.05865,0.93798244,588.1741,482.90155,0.9289682,701.837,549.40845,0.88716674,626.56036,537.43616,0.87947655,697.1076,563.21027,0.8652096,612.71545,562.43,0.86982846,723.218,560.079,0.24695271,613.43536,557.10187,0.255368,688.822,583.4962,0.04943925,636.2749,578.01135,0.05023524
494.0,651.12866,338.55157,0.9877905,665.634,326.19183,0.9729599,636.7943,324.50848,0.9669057,685.8987,337.21753,0.832403,616.6177,333.64758,0.74924415,711.4953,407.40308,0.9908728,589.2897,404.721,0.98947823,723.2685,483.98895,0.93854344,588.75397,483.71423,0.92865574,701.6368,549.4571,0.88781303,626.6075,537.74634,0.879001,697.72864,563.57056,0.8644576,613.3717,562.79443,0.86861414,723.5875,562.34094,0.24153104,614.4276,559.1317,0.24894649,689.0313,585.52295,0.047336936,637.4424,579.45154,0.04799798
495.0,651.0346,338.662,0.9877975,665.6073,326.15717,0.97306097,636.75433,324.5147,0.9666916,686.05695,336.8022,0.83310604,616.73065,333.2657,0.7474239,711.4903,407.05792,0.9909232,589.7407,404.7223,0.9894581,723.36237,482.60217,0.93966126,588.7936,483.19226,0.92911494,701.8652,548.977,0.8900306,626.9203,538.5206,0.8804026,698.4402,563.8074,0.8649631,614.48706,563.2396,0.868696,724.77356,563.75006,0.23805135,616.2506,560.63525,0.24470317,690.1026,585.9176,0.045853585,639.0449,579.7372,0.046419352
496.0,651.08386,338.57983,0.9878422,665.68207,326.15564,0.973177,636.83844,324.51013,0.9663464,686.1022,337.15088,0.8351103,616.8972,333.57233,0.7452484,711.63654,407.46075,0.9912406,589.887,404.53595,0.98955166,723.3419,483.6452,0.9417992,588.8301,482.7815,0.92959976,702.2725,549.30005,0.89286995,626.9024,537.7854,0.88097847,698.2087,564.0054,0.8684509,614.3128,563.1294,0.8709668,722.6018,566.8702,0.23617727,615.5827,563.5094,0.24058533,687.92145,586.6452,0.044186413,638.3549,580.5432,0.044359267
497.0,651.1493,338.5713,0.9878519,665.7215,326.1635,0.97322434,636.86536,324.50867,0.966324,686.1156,337.25153,0.83609176,616.8976,333.69843,0.74509954,711.9563,407.66858,0.9913041,589.82513,404.77258,0.9896721,723.36597,484.00055,0.9415828,589.00916,483.22186,0.9297292,702.3421,549.6969,0.8922324,626.8838,537.8585,0.8806548,698.3269,563.69635,0.86929464,614.1854,562.7381,0.8720168,722.40625,564.32263,0.2430793,614.8071,560.69867,0.24798855,687.45703,585.3521,0.046586066,638.3818,578.69727,0.04685387
498.0,651.05975,338.47046,0.98789895,665.748,326.09808,0.9734776,636.8156,324.40466,0.96634066,686.32495,337.42072,0.8379731,616.9276,333.7481,0.74299324,712.10516,407.92432,0.99126184,589.9131,404.71576,0.9896971,723.37354,484.1886,0.9411899,588.8275,482.72876,0.9298614,702.2599,549.934,0.891881,627.2179,537.88654,0.88083,698.5671,563.131,0.87019706,614.34546,562.01807,0.8733891,722.0713,563.3445,0.24793112,614.08215,559.5183,0.25368446,687.97107,584.77814,0.048157126,637.8481,578.14496,0.0485996
499.0,651.0472,338.4187,0.9879154,665.7345,326.1317,0.9734409,636.8074,324.44635,0.9663986,686.3104,337.5935,0.83803,616.968,333.93066,0.7433402,712.06647,407.81403,0.99126446,589.9478,404.7409,0.98979646,723.62177,483.995,0.9408164,589.01666,482.74878,0.9301878,702.24347,549.9989,0.8910394,627.2769,537.78455,0.8808203,698.6191,563.44745,0.8700212,614.53784,562.4193,0.8736617,722.023,562.38513,0.24971133,615.0659,558.73346,0.2564451,687.83673,584.7556,0.04892111,639.0704,578.42505,0.049544185
500.0,651.04626,338.2401,0.98796076,665.7602,325.97125,0.973633,636.782,324.27698,0.96633416,686.41016,337.6203,0.84023,616.9857,333.97363,0.7419663,712.23596,407.92084,0.9913882,590.0757,405.0028,0.9900156,723.5186,484.21667,0.94104,589.50366,483.34058,0.9309328,701.9951,550.0281,0.89117134,627.77576,538.1654,0.88136655,699.016,562.4929,0.8737168,614.9019,561.5283,0.87762356,722.75903,559.62256,0.2644307,615.41003,555.93384,0.272323,689.1998,584.2446,0.0535039,640.23895,577.76526,0.054398924
501.0,651.19006,338.11755,0.98794293,665.9082,325.88348,0.9734812,636.90753,324.16083,0.9663934,686.4415,337.66956,0.83820105,616.9942,333.94135,0.7426149,712.08813,407.82642,0.9912585,589.9302,404.854,0.9897634,723.6374,483.94666,0.9408195,589.4889,483.125,0.9298734,702.286,549.23254,0.89124,627.72766,537.944,0.88043004,698.73553,563.38336,0.86958444,614.5649,562.414,0.8730258,721.895,562.3222,0.24869609,615.0357,558.7917,0.25506124,687.62384,584.6553,0.048573792,638.787,578.62866,0.049136937
502.0,651.1697,337.99133,0.9879679,665.9324,325.859,0.9735218,636.9475,324.06567,0.9663834,686.4372,337.83118,0.83798873,617.01825,333.92194,0.74207646,711.7835,407.67834,0.9912769,589.96484,404.81793,0.9896719,723.6915,483.38733,0.9416632,589.5276,483.13416,0.9298941,702.43463,549.07874,0.89271116,627.66187,537.9746,0.88092804,698.51984,563.30286,0.87003756,614.49725,562.38043,0.8728832,722.0156,564.10986,0.24451265,615.2853,560.57245,0.24984974,688.0514,585.5017,0.046809852,637.93713,579.4096,0.047189742
503.0,651.26184,338.00977,0.9879768,666.0293,325.9375,0.97343194,637.0336,324.1001,0.96656525,686.45074,338.05914,0.83685136,617.045,334.06482,0.7437493,711.6084,407.75488,0.9912418,590.10547,404.9502,0.9897021,723.58307,482.93103,0.94128096,589.66785,482.9121,0.93006337,702.27924,549.33734,0.8920406,627.72046,538.0778,0.8810347,698.61566,563.06177,0.87074816,614.83093,562.1528,0.8739284,721.9235,563.61487,0.24787208,615.78345,559.99615,0.2539003,688.25104,585.3264,0.047921628,638.43176,579.0733,0.04841718
504.0,651.17194,338.16254,0.98796594,665.9706,326.10773,0.97363245,637.0866,324.1635,0.9664453,686.4542,338.1361,0.8383477,617.2394,333.8933,0.7416826,711.6619,407.9325,0.9912158,590.03564,405.25525,0.98964214,723.7035,482.59143,0.94115317,589.15485,483.38287,0.929416,702.6026,548.16943,0.89252883,627.02576,537.6788,0.8807868,698.65076,562.4708,0.87099767,614.7772,561.54193,0.87388796,722.41077,560.9191,0.25536728,614.745,557.0404,0.26102594,688.6615,584.19617,0.0506123,637.3351,577.295,0.051086515
505.0,651.20996,338.20483,0.98800504,666.0019,326.2082,0.97361434,637.07086,324.28284,0.96664095,686.50507,338.35474,0.8382519,617.17487,334.18335,0.7427888,711.61505,408.00214,0.99124116,589.98096,405.357,0.989801,723.48663,483.19226,0.9406613,589.47675,483.99884,0.930012,702.46704,548.41614,0.8914625,627.7761,538.2664,0.8808197,698.41235,562.23737,0.8726958,614.5142,561.3435,0.87621003,721.97424,559.64545,0.26316077,614.4728,555.9103,0.27024955,688.4903,584.23376,0.053186923,637.2787,577.64404,0.05391261
506.0,651.2917,338.23578,0.9879796,666.07886,326.21637,0.97362745,637.10364,324.3452,0.966597,686.61914,338.37067,0.8386184,617.2036,334.33215,0.7425243,711.787,408.05762,0.9912137,589.87213,405.59576,0.9897748,723.40436,483.48364,0.94020677,589.22894,484.54572,0.92941755,702.5292,548.8257,0.89048755,628.0452,538.57184,0.87967575,698.41705,562.4402,0.87150705,614.35144,561.6416,0.87494457,721.9572,558.51263,0.26379496,614.3375,554.90717,0.27075166,688.4768,584.0929,0.053832978,637.608,577.4932,0.054543376
507.0,651.30347,338.31628,0.9879298,666.0715,326.24054,0.97353286,637.1588,324.38055,0.96642387,686.5582,338.2406,0.83818746,617.2703,334.2055,0.7427986,711.82416,408.0138,0.99129,589.9053,405.5083,0.98968315,723.45264,483.68518,0.9411377,589.1669,484.70697,0.9290836,702.4968,549.06866,0.89162755,627.8372,538.6759,0.8793188,698.1708,562.70123,0.871894,614.11066,561.8529,0.87445736,721.7863,561.9454,0.25684556,614.37225,558.2324,0.26199764,688.03314,585.57935,0.05090943,637.29596,578.70306,0.05126065
508.0,651.2803,338.27313,0.9879867,666.07996,326.21295,0.9736269,637.16296,324.32825,0.96652555,686.5788,338.22095,0.837777,617.25073,334.10754,0.74233603,711.6672,407.97662,0.9912708,590.0238,405.36206,0.989591,723.5093,483.35657,0.9416828,589.07697,484.2826,0.9292461,702.68933,548.5413,0.8930626,627.7148,538.3083,0.8803022,697.9465,563.2458,0.8721435,613.99,562.3083,0.8744633,721.31866,564.59973,0.25170767,613.8815,560.73755,0.25617713,687.71173,586.8585,0.048776746,635.6938,579.87134,0.04899618
509.0,651.19806,338.22986,0.9880291,666.0262,326.1087,0.9738704,637.046,324.3022,0.96638584,686.659,338.1424,0.83937573,617.2129,334.1812,0.7395126,711.86176,407.95953,0.9912677,590.09753,405.5398,0.98950315,723.9119,482.73633,0.94227386,588.8487,483.8681,0.9290687,702.9634,548.57043,0.8944329,627.67114,538.2689,0.8808079,698.24146,563.65735,0.8710928,614.18805,562.8016,0.8729777,721.7196,564.6908,0.24775693,614.02985,560.9208,0.25141203,688.0863,587.2129,0.047502756,635.4191,580.2714,0.047616273
510.0,651.61426,338.37958,0.98799944,666.2361,326.31708,0.97326714,637.37415,324.5918,0.9672656,686.6814,338.1513,0.83556604,617.46106,334.42615,0.7496853,711.7209,408.03772,0.9912224,589.4022,405.89404,0.9900737,723.31726,483.08276,0.93891966,588.7528,484.18225,0.93058527,702.24,551.69977,0.8874296,628.4407,539.25946,0.8801951,697.3443,562.832,0.8736756,613.1434,562.3539,0.87831783,723.4884,553.60345,0.28068197,615.24817,550.74054,0.29120862,688.74756,583.5227,0.060623914,639.1411,577.69214,0.061973065
511.0,651.5625,338.6847,0.98797923,666.2213,326.47968,0.9733561,637.2957,324.80292,0.96713424,686.7357,338.14124,0.8356713,617.33215,334.49268,0.7484666,711.93445,408.47424,0.9911654,589.38684,406.0238,0.98984784,723.57043,484.20752,0.9392352,588.58905,484.39124,0.9296015,702.4525,552.2735,0.8879293,628.3411,539.84076,0.8790717,697.6182,564.1039,0.871246,613.198,563.4945,0.87525976,722.91095,559.31433,0.26396486,614.44293,556.4827,0.27226222,688.28033,586.148,0.05426216,637.89056,580.606,0.055110812
512.0,651.48285,338.896,0.98806506,666.17615,326.76953,0.97356504,637.25354,324.99908,0.9673424,686.7659,338.47498,0.83767766,617.3506,334.6634,0.7482801,711.8253,408.65576,0.99123824,589.54895,406.02832,0.9902477,723.15405,484.41016,0.93843377,589.1221,484.0902,0.93134034,702.4297,553.1177,0.8863423,628.615,539.7605,0.8803677,697.97003,562.7533,0.8771714,613.76495,562.04224,0.88270724,722.23267,555.1007,0.29042462,613.59973,552.21985,0.30261385,688.49677,584.91846,0.06354576,638.52216,579.45734,0.06526467
513.0,651.6919,339.10388,0.98804474,666.4429,326.909,0.9734715,637.30457,325.17352,0.9674115,687.0308,338.6767,0.83591163,617.1699,334.9519,0.7487722,711.87195,408.92285,0.99109304,589.6367,406.0526,0.9900224,722.9753,484.9939,0.93799144,589.1377,483.95502,0.93042684,702.37146,553.0061,0.88586235,628.66455,539.2486,0.8795881,698.0785,563.6206,0.87346244,613.8382,562.85345,0.8788501,722.2126,558.5393,0.27435565,614.26953,555.6453,0.28544766,688.74927,586.1299,0.057830602,638.6801,580.8287,0.059243053
514.0,651.7649,339.36395,0.9880999,666.592,327.08643,0.97358036,637.3151,325.2633,0.9677756,687.18427,338.81458,0.8342426,616.98346,334.92407,0.7495625,711.92267,409.23352,0.9908824,589.9696,406.01788,0.9898365,723.3432,484.89117,0.93708897,588.96106,483.46216,0.9300313,702.917,552.35315,0.88566613,628.4181,538.8888,0.88016903,698.4343,563.4067,0.8726804,614.327,562.3672,0.8785218,721.8795,561.1333,0.2711947,613.60034,557.5828,0.28266293,689.0759,587.9497,0.056453645,636.8296,581.7877,0.0579226
515.0,651.9022,339.48523,0.98808587,666.77094,327.30878,0.9736105,637.4546,325.47772,0.96759737,687.34503,339.364,0.83462465,617.16846,335.4198,0.7479317,711.899,409.47937,0.99089754,590.0764,406.0763,0.98966336,723.4606,485.27142,0.9375792,588.69745,483.44592,0.9289508,703.17114,552.9675,0.88590884,627.7382,538.92004,0.8786132,698.1429,564.01044,0.87004864,614.1107,562.9175,0.8749429,721.7906,561.8268,0.26181597,614.46106,558.2198,0.27132934,689.28394,588.0892,0.053501993,637.23834,582.0234,0.054586917
516.0,651.7728,339.5271,0.98807997,666.7501,327.4489,0.97380126,637.4753,325.54578,0.96725756,687.42505,339.7401,0.8362384,617.36505,335.5489,0.7439041,711.9639,409.7088,0.99083066,590.17816,406.17505,0.9894073,723.59406,485.2776,0.93834066,588.5584,483.4773,0.9281831,703.0083,552.9906,0.8873784,627.79034,538.7442,0.8781787,698.16296,565.69666,0.86641514,614.03766,564.45715,0.8705597,721.0803,566.6282,0.24314454,614.0012,562.7239,0.2504233,688.7241,590.44666,0.04718098,635.8633,584.02234,0.047860235
517.0,651.73236,339.73822,0.9880006,666.6493,327.5954,0.97387207,637.5401,325.79144,0.9665967,687.38995,339.60992,0.8386431,617.6986,335.5876,0.7405628,712.28314,409.73364,0.9910736,590.31946,406.2281,0.98932624,723.58905,485.65887,0.94064087,588.23926,483.8161,0.92780524,702.96326,553.9104,0.89031017,627.9095,539.23596,0.87781143,697.77637,566.5166,0.86688733,613.5769,565.24536,0.86916494,721.12787,569.5102,0.23565072,614.1986,565.4209,0.23972303,688.22784,592.31335,0.04422939,636.0655,585.2916,0.044379443
518.0,652.2319,339.9983,0.9879135,666.9181,327.86676,0.9732815,637.9414,326.12292,0.9670613,687.2493,339.53607,0.83252764,617.753,335.72827,0.74841017,711.9048,409.29614,0.9910048,590.35004,406.2171,0.98923874,723.77966,484.79797,0.94072735,588.1231,483.87585,0.9280697,703.10706,553.2073,0.89056194,627.8205,539.56494,0.87858975,697.53046,566.15674,0.8680351,613.5786,565.1765,0.87015563,721.9734,571.0559,0.23474854,615.049,567.42206,0.2385732,688.9473,593.2003,0.043640018,635.58405,586.53845,0.043661
519.0,652.31506,340.1006,0.9878407,666.9424,327.89734,0.9730812,637.91724,326.34778,0.9670944,687.3562,339.56958,0.8320918,617.812,336.1963,0.7493434,712.10144,409.29358,0.9908809,590.3216,406.4881,0.98928106,723.5942,484.71625,0.93882966,588.03143,483.77582,0.92733145,703.22235,552.6362,0.88738513,627.63104,539.6178,0.8767431,697.40125,565.0231,0.86523455,613.46014,564.28326,0.86815447,722.18665,565.43176,0.23995292,615.78217,562.3812,0.24546966,688.4333,588.8543,0.046494454,637.29144,583.1403,0.04679653
520.0,652.3183,339.94012,0.9878309,666.9179,327.7265,0.9731002,637.90515,326.24054,0.96687365,687.3469,339.4743,0.83291245,617.8549,336.2367,0.74793345,712.2574,409.40845,0.99095976,590.37946,406.45795,0.9892553,723.43933,485.3246,0.93944967,588.0239,483.93646,0.92717427,703.16327,552.2759,0.8883128,627.4812,539.4335,0.87658846,697.1606,565.1915,0.8649278,613.1553,564.36505,0.86733234,721.7216,566.7591,0.23576751,615.59863,563.6088,0.24031535,687.6871,589.2023,0.044935733,636.92914,583.46045,0.04507968
521.0,652.3723,340.0083,0.98785627,666.9607,327.76447,0.97326463,637.93915,326.39642,0.9667189,687.45496,339.45068,0.8338758,617.95874,336.443,0.74582696,712.54065,409.3078,0.99096954,590.5657,406.35413,0.9891205,723.8901,485.01794,0.9404217,587.5749,483.1895,0.92704594,703.4303,552.3241,0.8900066,627.0553,538.9783,0.876943,697.21246,566.7329,0.8633577,613.0906,565.86066,0.865093,720.9766,570.0291,0.22455275,615.14954,566.90173,0.22757024,687.1611,590.93976,0.04130155,635.9776,585.286,0.041211307
522.0,652.1418,339.989,0.98789454,666.7836,327.86786,0.97344613,637.85657,326.38507,0.96661544,687.38904,339.66217,0.83671176,618.08057,336.3894,0.74434316,712.4807,409.47137,0.9911666,590.46246,406.4082,0.98944557,723.63007,485.2166,0.9406543,587.6709,483.55334,0.92803955,703.5015,552.2814,0.88992023,627.202,539.0063,0.8773792,696.87164,565.5891,0.8689834,612.80426,564.61426,0.87112343,720.73206,566.6373,0.2438089,614.61456,563.21265,0.24803984,687.174,590.16766,0.046841234,636.52747,584.06006,0.046953946
523.0,652.1896,339.89197,0.9879037,666.7729,327.9431,0.9732096,637.8959,326.44495,0.96688163,687.22687,340.05664,0.8350284,618.1215,336.75934,0.7475181,712.3563,409.2677,0.9911113,590.2666,406.55945,0.9895873,723.74927,484.5409,0.9396447,587.66187,483.70245,0.9285004,703.06573,552.0577,0.88785934,627.12885,539.4539,0.87712765,697.48676,565.85254,0.867498,613.44977,565.1241,0.87057626,721.1145,564.2843,0.24454096,616.1359,561.26184,0.25049856,687.1942,589.21576,0.047674447,638.40204,583.72577,0.048078626
524.0,652.09174,339.88184,0.9879259,666.68445,327.94336,0.97328365,637.85254,326.4322,0.9670576,687.2562,340.01123,0.8359467,618.15845,336.68793,0.7476895,712.4377,409.41156,0.99108565,590.18286,406.52917,0.98977035,723.69025,485.05408,0.9384953,587.8259,483.79773,0.9290621,703.2352,551.9751,0.8861103,627.3567,539.4829,0.87719,697.10583,564.72815,0.8705056,612.95276,563.90173,0.87467337,720.82654,561.3631,0.25997996,614.7324,558.33264,0.26837143,687.0392,587.9202,0.052890897,637.5145,582.62506,0.053738773
525.0,651.96216,339.7813,0.9880235,666.65356,327.8794,0.97354525,637.6635,326.41003,0.96716833,687.44696,340.19873,0.8376324,618.0371,336.93872,0.7452766,712.27716,409.57733,0.99101,590.1659,406.703,0.9898466,723.5483,485.2085,0.9376886,587.928,483.59583,0.9293453,702.91034,552.6704,0.8850865,627.21643,539.47,0.8775326,696.84344,565.0137,0.8690823,612.8165,564.27625,0.8740711,721.04443,558.70685,0.26301256,615.52136,556.04565,0.2732653,687.39404,587.09875,0.054541737,638.2537,582.65436,0.05579093
526.0,652.0128,339.7536,0.98804355,666.68445,327.85577,0.97361624,637.6472,326.4704,0.96716696,687.482,340.31946,0.83778584,617.9856,337.2406,0.74473995,712.3999,409.72693,0.9909967,590.1503,406.8084,0.9897479,723.7427,485.4665,0.9379715,587.69165,483.4505,0.928955,703.0485,552.5354,0.8855392,626.806,539.3673,0.87716293,696.9337,565.4921,0.8680577,612.76587,564.7683,0.87267864,721.00287,560.5539,0.25625336,615.5583,558.05084,0.26554072,687.4779,588.0271,0.052060068,637.72437,583.9906,0.05310017
527.0,651.9,339.7306,0.9880488,666.6472,327.84387,0.9736552,637.57355,326.4209,0.96711266,687.4678,340.42877,0.83672,617.89355,337.2224,0.74349356,712.2722,409.75128,0.9909119,590.35767,406.8368,0.9894262,723.95245,484.85205,0.93879014,587.52673,483.38422,0.9281715,703.38605,551.10376,0.88779306,627.0582,539.03156,0.87751937,696.834,566.47363,0.86613566,612.7807,565.66016,0.8697587,720.7946,565.938,0.24114636,615.693,562.96313,0.2481072,687.5124,590.41077,0.04658994,636.0366,585.6076,0.047192216
528.0,651.75244,339.88824,0.9880127,666.4761,327.99097,0.97371286,637.5056,326.57166,0.9668722,687.2836,340.37756,0.8368521,617.87866,337.15393,0.74196076,712.2176,409.46826,0.9909464,590.2181,406.84143,0.9891823,724.1941,484.28345,0.94015586,587.0233,483.68256,0.92734754,703.77936,550.5964,0.8901541,626.48083,539.05585,0.87724537,696.7528,566.9835,0.8648474,612.54333,566.24695,0.86699414,721.0178,568.22986,0.23144093,615.08563,565.2337,0.23565844,687.38635,590.8214,0.043388814,634.3635,585.6275,0.04352981
529.0,651.779,340.0539,0.98800135,666.51953,328.03357,0.97344404,637.45667,326.601,0.9671597,687.2361,340.23413,0.8337941,617.57776,336.9947,0.74624693,711.7541,409.41425,0.99104583,589.97095,406.84595,0.9892163,724.0745,484.78046,0.94063795,587.21497,484.325,0.9274981,703.9171,550.8263,0.89059985,626.19336,539.5514,0.877386,696.2055,565.8226,0.8687605,612.20166,565.2475,0.87047493,721.4795,570.35205,0.23614869,615.9496,567.84534,0.23996672,687.6234,591.2062,0.044041663,634.5732,586.74493,0.04404798
530.0,651.692,340.0996,0.9880712,666.4705,328.1098,0.97348803,637.3432,326.64478,0.9674444,687.19244,340.32928,0.8326348,617.34546,337.0298,0.74748063,711.44977,409.06604,0.99105763,590.0143,406.69067,0.9892021,724.0509,483.73102,0.94109327,587.0324,484.01306,0.9279558,704.1355,549.5532,0.891915,625.6461,539.17883,0.8787167,696.0604,564.7064,0.8713267,612.2707,564.188,0.8729571,721.5629,570.8337,0.23997849,616.1816,568.2322,0.24380133,687.7551,590.9689,0.044689447,633.4821,586.26013,0.044686556
531.0,651.5975,340.0924,0.98800665,666.3394,328.03326,0.97355205,637.2274,326.6167,0.9670568,687.1177,340.10107,0.83441687,617.2687,336.92456,0.7448257,711.7622,409.3269,0.99106634,589.9941,406.60913,0.9891436,723.9106,485.03192,0.9410465,587.2373,484.19745,0.92731476,703.92633,550.2241,0.89151347,625.749,538.9159,0.87757903,696.20526,565.2741,0.8696822,612.20074,564.56854,0.8710815,721.0928,572.3573,0.23461941,615.4756,569.6099,0.23774937,687.0472,591.8573,0.043120354,633.52374,587.0553,0.043029755
532.0,651.51196,340.08887,0.9880544,666.32715,328.00842,0.9736416,637.1616,326.55273,0.96714675,687.15607,340.1054,0.83381414,617.20044,336.81287,0.7443676,711.665,409.22284,0.99104,590.13824,406.60596,0.9890187,724.2108,483.87952,0.9415668,587.01263,483.56976,0.9272306,704.15656,549.4241,0.8931396,625.9428,538.43976,0.87864566,696.398,565.43365,0.86991775,612.52966,564.7215,0.8708949,721.17346,573.2384,0.23271576,615.61414,570.25964,0.23509803,687.33264,592.1485,0.042339176,632.7548,586.8806,0.04214105
533.0,651.5677,340.03906,0.98797834,666.3997,327.91992,0.97349304,637.1937,326.40613,0.9671104,687.2264,339.9569,0.83353066,617.1842,336.55627,0.745214,711.8824,409.3053,0.9909354,589.72034,406.67896,0.9890286,724.0847,484.0475,0.9400931,586.8462,483.91125,0.9264219,703.9766,549.3484,0.89068615,626.28546,538.57385,0.8770411,696.6048,565.323,0.86695576,612.41473,564.64246,0.86843705,721.4887,570.21936,0.23405638,615.54236,567.2605,0.23731604,686.91254,590.74316,0.043587238,634.0846,585.42944,0.043531477
534.0,651.53076,340.0705,0.9880229,666.3504,328.0432,0.9733871,637.2471,326.45465,0.967333,687.04095,340.13104,0.8319772,617.2377,336.54187,0.74747896,711.36285,409.2859,0.9910088,589.8138,406.48535,0.98912,723.8356,483.87115,0.9408521,586.77563,483.6026,0.92762256,703.90173,549.3454,0.892009,626.0535,538.26086,0.87896854,696.0324,565.3418,0.8693531,612.20984,564.57367,0.8709688,721.0955,571.4717,0.23535502,615.6022,568.3439,0.23886508,687.0019,591.0955,0.04348564,633.41345,585.6218,0.043439478
535.0,651.7156,340.2409,0.9879852,666.4229,328.00378,0.97330415,637.2945,326.54028,0.96728915,686.99854,339.65106,0.8301795,617.10675,336.3875,0.74783736,711.42444,409.07996,0.9909345,589.8701,406.3275,0.9888663,723.6545,484.03027,0.9413496,586.6643,483.43982,0.92690337,703.9525,549.1072,0.89318895,625.84094,537.89465,0.87890446,696.06195,566.3218,0.86724627,612.09,565.577,0.86809456,720.89307,575.20435,0.22375354,614.64685,572.25574,0.22549206,686.541,592.98126,0.03985989,631.7121,587.61096,0.03952554
536.0,651.72437,340.2854,0.98791665,666.4309,328.0478,0.9731388,637.29285,326.5783,0.967275,686.95667,339.67957,0.8288576,617.02844,336.40216,0.7488633,711.45264,409.06677,0.9908459,589.8532,406.2271,0.9887142,723.7834,484.41595,0.94090223,586.6968,483.67102,0.92614645,703.85895,549.4491,0.8922791,626.05566,537.87695,0.87780553,695.99603,566.59454,0.8651397,611.9976,565.7888,0.8658042,720.75635,577.2047,0.21685678,614.8788,574.1196,0.21823245,686.43524,593.70734,0.038038105,631.78143,588.10065,0.037656277
537.0,651.72235,340.30878,0.98798406,666.3624,327.94965,0.97333926,637.21204,326.6385,0.9675026,687.0343,339.36346,0.83023083,617.018,336.466,0.7483643,711.6242,408.99048,0.9908006,589.8809,406.19635,0.9889081,723.74615,484.589,0.9398819,586.73755,483.19843,0.92680305,704.165,549.2322,0.8910303,625.70166,537.86487,0.8783093,695.93066,565.3738,0.8668223,611.7897,564.66406,0.8686799,721.01764,571.8626,0.23055768,613.58417,569.3119,0.23400986,686.7741,590.48566,0.042475134,631.03467,585.9326,0.042375594
538.0,651.6293,340.3205,0.98795074,666.3316,327.9828,0.9732475,637.1427,326.61426,0.9673673,687.00464,339.43115,0.8298206,616.9221,336.3802,0.7481146,711.4687,408.94257,0.99081063,589.8104,406.10706,0.9888277,723.71515,484.66052,0.94020444,587.0221,483.4308,0.9264758,703.8908,549.07367,0.89137876,626.0791,537.88525,0.877908,695.82355,566.0235,0.8654791,611.77344,565.3136,0.86688995,720.94073,574.5157,0.22259706,614.4992,571.93274,0.22526789,686.51404,591.65326,0.03998384,631.8825,587.1018,0.039780676
539.0,651.5228,340.38977,0.98788726,666.18616,327.96637,0.97327805,637.13007,326.60858,0.96693635,686.8589,339.1839,0.8311075,617.0876,336.1178,0.74562263,711.4737,408.9483,0.9908636,589.80237,406.08435,0.98873293,723.7966,485.0174,0.9411279,587.1866,483.58313,0.92610633,703.65607,549.57947,0.8927834,626.2968,537.9241,0.8778646,696.0192,566.7686,0.8635937,611.94147,566.11084,0.8641685,721.6039,575.5736,0.2154733,614.813,573.2379,0.21678224,686.77747,592.228,0.037936956,632.3601,588.0208,0.037555814
540.0,651.90234,340.43365,0.9881139,666.5275,327.9331,0.97322655,637.1669,326.76355,0.9677702,687.02545,339.05505,0.82439363,616.6268,336.44727,0.749115,710.75183,407.5965,0.9906126,590.2451,406.01697,0.98835903,724.34314,482.42352,0.94247663,587.63513,483.30774,0.92714787,703.59534,549.1046,0.89640266,626.24274,538.134,0.8817757,696.55286,570.0089,0.8584563,612.9112,570.0398,0.8586453,722.5388,583.0607,0.18899482,617.2526,581.91504,0.18944198,687.70154,596.4196,0.030522138,630.19415,593.50635,0.030062705
541.0,651.7974,340.44604,0.98796225,666.4823,327.94525,0.9729421,637.15015,326.65747,0.96762574,686.9345,338.93506,0.8227235,616.6073,336.04578,0.7491621,710.3543,407.35583,0.99029225,590.02277,405.8396,0.988058,724.0003,482.2298,0.94065046,587.73083,483.7337,0.9254123,703.417,548.6083,0.89377487,626.52795,537.8522,0.8794274,695.89233,570.28705,0.8508048,612.39905,570.33356,0.85119593,722.07666,583.08624,0.17857519,617.1571,581.8967,0.17923403,687.02985,596.00024,0.028666258,630.5544,592.8695,0.028260648
542.0,651.57544,340.40283,0.9878892,666.1392,327.9162,0.97288275,637.01697,326.5832,0.9677437,686.6789,338.5893,0.8258472,616.74445,335.69727,0.7506377,710.55615,407.1222,0.990281,589.41986,405.84546,0.98880446,723.3731,482.69556,0.93727255,588.11127,484.7091,0.927003,703.13727,549.9299,0.8875849,627.76733,539.4806,0.87862873,695.88403,567.0799,0.854164,611.9376,567.292,0.8580092,723.5115,565.59283,0.21587434,615.41046,564.64355,0.22225556,688.451,587.6854,0.040507197,633.2961,584.66895,0.040888995
543.0,651.41223,340.18494,0.9878067,665.869,327.80823,0.97276783,636.8856,326.35632,0.968644,686.56946,338.35126,0.8306956,616.79626,335.4225,0.75789297,711.0091,407.84076,0.99010956,588.85596,405.9126,0.9903606,721.9607,485.3609,0.9266554,589.3939,485.45874,0.93026245,702.1791,552.757,0.86825097,630.651,542.3155,0.8749589,695.87976,561.45984,0.8697258,611.73566,561.4143,0.88156223,722.1312,541.8976,0.32251322,611.8484,540.8401,0.34912992,689.44385,580.70416,0.0833351,639.7749,578.2217,0.08879006
544.0,651.43555,340.31708,0.987782,665.84814,327.9521,0.9725971,636.9153,326.45898,0.9685996,686.321,338.3694,0.8283707,616.6477,335.35486,0.75875616,710.6752,407.6471,0.9901158,588.8606,405.40167,0.9901241,721.6688,485.88507,0.92810315,589.2906,485.34113,0.92988056,702.0541,552.8308,0.87074375,630.1063,540.75964,0.8754946,695.1239,562.4137,0.86734176,611.0695,562.0862,0.8783171,720.24603,547.28894,0.3013161,610.41504,545.8546,0.3242059,687.3155,582.063,0.073337734,636.8723,578.9243,0.07744244
545.0,651.32965,340.53064,0.98763585,665.7768,327.971,0.97241473,636.8667,326.52087,0.9678248,686.2754,338.02618,0.83006334,616.7645,335.07587,0.75711554,710.56885,406.96936,0.99053204,589.1612,405.32764,0.99026704,721.89044,484.57104,0.9311595,589.6734,485.20728,0.9301373,702.4971,551.7175,0.87476397,629.609,540.36993,0.87600756,695.9237,559.792,0.8727704,612.6464,559.8809,0.8818989,720.4212,548.6414,0.30766505,613.9213,547.95667,0.32761976,686.35333,581.3445,0.07368755,641.33594,578.89606,0.07713905
546.0,651.2254,340.46643,0.98780024,665.6299,327.92145,0.97251934,636.74945,326.4823,0.96863335,686.2,337.96985,0.83068776,616.68256,335.09534,0.761899,710.2966,407.0547,0.99070024,589.084,405.11383,0.9909603,721.4461,485.6601,0.9294591,589.78064,485.07916,0.93342733,701.7345,555.44824,0.87095076,630.3794,542.4118,0.8784553,695.3713,556.95856,0.8837801,612.33044,556.98694,0.8949324,720.12396,540.5525,0.36353028,612.9374,540.1122,0.392528,687.2345,579.611,0.09872708,641.8179,577.8745,0.105250925
547.0,651.1942,340.3072,0.9878485,665.67554,327.7879,0.9727687,636.81305,326.18958,0.9684243,686.1896,337.96088,0.8318813,616.7527,334.71466,0.75887316,710.3191,407.0655,0.9907353,589.13965,404.93475,0.9907801,721.5888,485.54236,0.93061155,589.6334,485.10107,0.9325049,702.34186,553.61633,0.87349635,628.6064,540.60114,0.8782803,695.6573,557.0349,0.8822974,612.58765,556.85114,0.8925743,719.654,543.55475,0.35026556,612.21674,542.67523,0.37587735,686.22516,580.21954,0.09138781,640.07874,577.80023,0.09674135
548.0,651.1445,340.1405,0.9880041,665.4896,327.6717,0.972838,636.8026,326.04883,0.9696214,685.88873,337.84357,0.8302296,616.77966,334.64056,0.7642485,710.58496,407.16394,0.9902059,589.3532,404.75647,0.9912203,721.3718,486.1518,0.9230888,589.63257,484.46997,0.93412864,700.82654,550.798,0.86335635,625.93134,537.2719,0.8789959,696.5134,556.0418,0.8852904,613.41833,555.5122,0.9001355,717.6734,539.24774,0.38876298,608.91846,538.24225,0.42727274,684.8228,580.46606,0.11249182,637.989,578.396,0.12254274
549.0,651.22375,340.05084,0.9881561,665.48224,327.6184,0.9729917,636.97577,325.90918,0.97006536,685.73267,337.60132,0.82885164,616.8482,334.23218,0.7665769,710.492,406.80792,0.9903816,589.78577,404.12256,0.99129915,722.0201,485.21448,0.9253669,589.57605,483.56592,0.9358218,701.51904,548.0583,0.86868113,625.60315,536.5426,0.88316464,696.5593,554.19904,0.8926405,613.708,553.4049,0.90660435,717.29706,541.6144,0.40562928,607.2796,540.0307,0.44398424,684.4577,581.66595,0.11759797,633.5923,578.9702,0.12777734
550.0,651.00916,339.86462,0.988199,665.26544,327.49182,0.97284555,636.798,325.73248,0.97064996,685.54553,337.53955,0.8273544,616.7595,334.0758,0.7701308,710.57947,406.88397,0.99015176,589.7991,404.15515,0.9915949,722.16956,485.49585,0.920279,589.4848,484.23132,0.9362351,699.90106,544.75934,0.8623233,625.29865,535.6651,0.88285697,696.30756,554.66846,0.8946878,613.87305,553.7278,0.9107219,715.7473,539.7853,0.43632165,608.3684,537.81116,0.4823614,681.58575,584.3595,0.13632432,635.28644,581.5055,0.15047953
551.0,651.076,339.6187,0.9876494,665.34827,327.33112,0.9719802,636.79266,325.50397,0.96931046,685.3233,337.6391,0.825367,616.5429,334.01373,0.7678589,711.0774,406.99194,0.98979783,589.0665,404.06824,0.99074197,722.9379,485.7019,0.9194139,589.35583,484.82214,0.9302938,700.3554,543.49097,0.85997456,627.885,536.01373,0.874349,696.8903,558.0601,0.8741409,613.7556,557.03296,0.8895719,715.03564,543.0054,0.35543782,609.80273,540.39905,0.3903017,680.3102,581.9371,0.09788269,639.4654,578.01306,0.10610366
552.0,650.897,339.4464,0.9878615,665.12067,327.1187,0.9721023,636.6966,325.37604,0.9701508,685.26874,337.23456,0.8246701,616.527,333.76398,0.77206624,711.3458,407.16443,0.98990226,588.82074,403.77893,0.99121726,723.2248,486.56116,0.918162,588.5686,484.11212,0.9334372,700.4278,541.376,0.86008674,626.30225,533.9481,0.87926817,696.51965,555.4499,0.88198024,612.9813,554.1844,0.89885914,714.6093,535.80585,0.39522016,606.1144,533.4116,0.4374617,679.5583,575.142,0.1189155,635.2001,572.18805,0.13048273
553.0,650.6338,339.5733,0.9877633,664.95776,327.175,0.9722501,636.35614,325.36682,0.9695734,685.2168,337.29242,0.8267114,616.11774,333.70197,0.76702857,711.92993,407.28156,0.9896985,588.51654,404.08966,0.9908451,724.0489,486.59357,0.9179548,588.7939,485.30786,0.9312555,701.2888,539.6959,0.86092937,627.9286,533.7838,0.8773348,697.4097,557.2616,0.8721745,613.2683,555.9252,0.88914144,714.5397,538.51086,0.35916814,605.86365,535.487,0.39691442,678.57916,576.8007,0.1011821,635.1277,572.4951,0.110465705
554.0,650.7522,339.54132,0.9875387,664.9516,327.09045,0.97127503,636.45154,325.3277,0.97039115,685.08984,337.09546,0.81883,616.05066,333.60797,0.77559525,712.4321,408.22162,0.9886289,588.35675,403.2921,0.99070954,723.85803,491.00885,0.90691626,588.21606,485.52655,0.930518,697.78406,538.05115,0.8480842,628.5879,531.57684,0.8762456,696.2123,557.0976,0.8573419,611.6224,554.871,0.8806875,712.5674,534.68286,0.34299755,602.8081,530.8186,0.39011997,676.54297,573.1604,0.09920871,632.24194,569.0802,0.11104822
555.0,650.6289,339.60498,0.98732924,664.8831,327.1316,0.97073126,636.3453,325.09192,0.9701747,684.8486,337.1194,0.816766,615.5856,333.0652,0.77828234,712.58795,409.61823,0.98870695,587.80695,402.47546,0.9907516,723.8078,496.93646,0.9050753,588.3379,486.84204,0.92964303,694.3456,537.3288,0.8462316,628.1657,529.7696,0.8751987,695.3546,556.0738,0.8551966,610.4676,552.794,0.87916446,710.11206,533.35187,0.346101,600.5498,528.563,0.3935136,674.40906,569.7644,0.10166016,631.6974,565.97504,0.11365765
556.0,650.526,339.08337,0.98748624,664.6741,326.88025,0.97088635,636.4032,324.78485,0.97037995,684.5467,336.99597,0.81679547,615.78876,332.80023,0.7781558,712.57513,408.28766,0.9888394,587.2748,402.80914,0.9906833,725.64355,491.20093,0.90746415,587.8384,486.02264,0.9297552,699.2262,534.3704,0.8506508,627.5629,529.6384,0.8764657,695.067,554.9143,0.8560746,609.91,552.1963,0.8786337,710.8476,529.5377,0.34690818,599.66516,524.82007,0.39210343,671.68384,567.00134,0.102145046,628.1466,561.96454,0.11355725
557.0,650.3377,338.7929,0.9871545,664.5213,326.54987,0.9697751,636.3139,324.51752,0.97041833,684.50024,336.87555,0.81107885,615.77075,332.661,0.7826024,713.26825,409.44904,0.98763025,587.0279,402.3562,0.9905525,723.97473,498.46155,0.89574045,587.1832,487.8772,0.9286525,682.7833,542.217,0.83518666,626.1781,531.21906,0.87406313,694.2635,559.0761,0.8285861,608.82605,555.40375,0.8604233,706.54254,531.9828,0.29710168,599.7617,527.3097,0.34840938,664.3648,569.5421,0.08383149,627.8586,566.5134,0.09580481
558.0,650.07336,338.453,0.98715854,664.43976,326.13562,0.97002876,636.0455,324.1521,0.96990293,684.7062,336.75006,0.8133366,615.5614,332.5498,0.7775184,713.4382,409.88904,0.98798496,586.7291,402.35815,0.9902228,724.5116,501.14154,0.89968026,587.261,490.1499,0.9266963,687.71075,539.5971,0.84077996,628.1306,530.5012,0.8722855,693.59955,559.3041,0.82708955,607.7141,555.59467,0.8556564,706.85583,538.03784,0.27624816,599.58264,533.2915,0.31971008,664.8376,569.1859,0.072781235,626.3171,566.2145,0.08184227
559.0,649.92847,338.37842,0.9870005,664.3954,325.9544,0.9697152,635.9459,323.97974,0.9689288,684.7378,336.68933,0.8145838,615.4169,332.43195,0.7747612,713.782,410.6266,0.9887078,586.725,401.393,0.99028087,722.825,508.2464,0.90546864,587.68823,492.80847,0.9266219,677.4804,542.6393,0.84796214,629.05334,531.2198,0.8728628,692.06647,560.40717,0.82927835,605.91455,555.7623,0.85495585,701.9524,541.39984,0.2700991,597.24115,536.3463,0.30741546,659.3739,567.9028,0.06862593,623.57605,566.08984,0.0758073
560.0,649.7011,338.14667,0.98687035,664.37726,325.64197,0.96974045,635.72516,323.67657,0.96835464,685.05286,336.5207,0.8163581,615.2743,332.21313,0.77020013,714.0875,410.72882,0.9886095,586.51465,401.40875,0.98999846,722.6398,511.28113,0.9051473,588.30066,496.05908,0.9246855,677.9688,540.56323,0.8478842,630.70874,531.11444,0.87040824,692.1103,561.2008,0.819729,605.4011,556.6653,0.8452468,703.7239,543.39343,0.24764702,598.24036,538.528,0.28143013,661.6492,566.22815,0.06047401,624.56866,564.8195,0.06654811
561.0,649.5459,337.94867,0.9870994,664.4098,325.5797,0.9708021,635.73254,323.41937,0.9676254,685.1879,336.4478,0.8212647,615.372,331.61255,0.7589799,713.72424,409.83447,0.98914146,586.33215,401.14343,0.9891695,725.7163,507.06775,0.9163129,588.08014,495.51587,0.9228521,692.3403,536.3297,0.86421525,631.8168,530.774,0.87134105,691.76917,563.6791,0.81769824,604.6022,559.5073,0.8349272,707.2009,553.85645,0.2070924,597.8263,548.30237,0.22633326,666.2137,568.7196,0.04370722,620.5181,565.089,0.046293944
562.0,649.4158,337.55634,0.9870267,664.32526,325.30493,0.971087,635.64026,323.16876,0.9668921,685.2665,336.39313,0.8252338,615.4909,331.57764,0.7518048,713.7976,409.76562,0.9891437,586.33997,401.11603,0.98883516,726.16614,506.72827,0.917222,588.2471,495.76733,0.92056185,695.42255,533.75696,0.8657009,632.50726,530.80853,0.8685167,691.4958,564.6791,0.80987537,604.21796,560.60486,0.82518387,708.08856,552.3911,0.19514745,598.3816,546.68835,0.2110669,667.4267,566.6078,0.040640175,621.484,562.8799,0.042683065
563.0,649.3705,337.41937,0.9868423,664.35443,325.30408,0.97135615,635.78656,323.0589,0.9661225,685.3923,336.30884,0.82804406,615.8416,331.2082,0.74367166,713.60614,408.9983,0.9886501,586.20624,401.1308,0.9880177,726.614,504.37592,0.91648936,588.4563,496.01105,0.91633904,699.548,531.9787,0.8649839,633.1269,530.95624,0.8633782,691.60443,565.59424,0.79261863,603.9429,561.89197,0.80607414,709.81805,550.91565,0.17175415,596.8573,545.36957,0.18353039,670.08453,563.7241,0.034964055,620.0244,559.4724,0.036337137
564.0,649.41925,337.38342,0.9865011,664.4468,325.29883,0.9708048,635.85767,323.0666,0.9655659,685.4278,336.31738,0.82539296,615.80237,331.2105,0.74289334,713.4968,409.0401,0.98807895,586.2933,400.85474,0.9872538,726.11584,506.27032,0.9137387,588.6609,497.10266,0.9122181,698.36615,532.602,0.8604892,633.84247,531.1532,0.8574536,691.18567,566.96704,0.77252924,603.5273,563.1107,0.78568995,708.59,556.25085,0.14407319,596.6078,550.60596,0.15304509,669.9592,564.10126,0.027783483,619.9689,559.85535,0.028670251
565.0,649.2315,337.37244,0.986138,664.29407,325.30457,0.970739,635.70624,323.2154,0.96461976,685.55176,336.3866,0.82789516,615.9038,331.5492,0.7357092,713.8121,408.7495,0.9873128,586.07965,401.28522,0.9862597,726.057,505.55975,0.9098115,588.7398,497.98413,0.9060255,699.22064,532.2084,0.85492355,635.5126,531.4531,0.84922266,690.77563,566.43774,0.74690706,602.6207,562.91254,0.7589331,709.78357,553.5405,0.12527281,596.2852,548.1304,0.13221732,670.88086,561.5823,0.024021834,619.8569,556.9912,0.02467379
566.0,649.36414,337.37714,0.98589814,664.4708,325.28894,0.96992487,635.84375,323.10608,0.96463776,685.54816,336.55762,0.8229273,615.87085,331.48077,0.74095845,713.8387,409.38605,0.98698854,586.22485,401.0036,0.98610187,725.72284,508.67517,0.9064557,589.1554,498.97485,0.9047439,695.58215,533.4431,0.8500844,636.345,531.1387,0.8472941,690.99677,566.86633,0.73597485,603.1114,562.9699,0.74994725,708.948,556.10254,0.11678511,598.1587,550.4537,0.124133736,670.0385,561.53033,0.022086322,622.1675,557.3051,0.022779346
567.0,649.7344,337.06104,0.986356,664.59766,325.00598,0.9701321,636.0784,322.9002,0.966537,685.4388,336.4317,0.8226396,615.9063,331.71442,0.7525288,714.102,409.609,0.9873292,586.7035,400.3601,0.98801804,724.38403,509.0249,0.9025308,589.0552,495.38293,0.91448164,689.6666,536.2293,0.84415776,631.9308,530.28784,0.8564272,691.6648,561.3356,0.775568,604.0208,556.8414,0.7989202,705.7263,544.9186,0.17135483,593.76483,539.4117,0.19083515,668.27386,557.76984,0.03752178,620.10046,555.08203,0.040301263
568.0,649.81464,336.89795,0.9864646,664.6279,324.81384,0.9699872,636.0969,322.7317,0.9669939,685.4516,336.33374,0.8219805,615.8291,331.73743,0.7565696,714.21893,409.90088,0.9873315,587.0058,399.9289,0.98881066,721.4338,512.81445,0.89952445,589.51276,496.22205,0.91833186,676.3574,541.45844,0.83938015,631.89087,532.6975,0.85958576,691.6217,562.0692,0.78379536,604.0751,556.9872,0.8121898,700.75775,543.0435,0.19162127,590.9165,537.6615,0.21786946,663.42114,561.00574,0.0441477,618.2257,559.6885,0.04832968
569.0,649.73474,336.32233,0.9868401,664.57263,324.2989,0.97103,635.92957,322.37183,0.966329,685.45685,336.2119,0.8269356,615.86285,331.88434,0.748006,714.168,408.54907,0.9886613,587.3422,400.252,0.9884771,724.23706,506.08594,0.9162774,589.45526,494.3676,0.9201017,689.60876,537.28357,0.8627212,634.632,530.9226,0.8667458,693.59656,563.14624,0.80127496,605.90045,559.1401,0.8180294,708.45416,551.2782,0.17932996,596.8471,545.84906,0.19474208,672.0036,563.70886,0.036664993,620.2994,560.2362,0.038627744
570.0,649.5405,335.91144,0.986501,664.2783,323.88153,0.9701183,635.60236,321.98822,0.96576774,685.03894,335.99298,0.8258532,615.6246,331.73077,0.75066227,713.68146,409.73138,0.98846424,587.0392,400.3562,0.98877424,722.63916,507.18286,0.9110403,590.4937,492.37927,0.91944444,686.8073,539.138,0.85413206,637.21875,531.4475,0.86402565,693.7298,563.968,0.7901584,606.9697,559.90295,0.81059945,708.6979,545.23083,0.17969844,602.9973,540.08875,0.19885233,670.14343,561.0207,0.03855002,631.4042,559.1853,0.04131016
571.0,649.60846,335.63434,0.986423,664.3499,323.61316,0.9699658,635.5614,321.69885,0.96520936,685.0218,335.82843,0.82766294,615.4148,331.5769,0.75074124,713.85406,409.2708,0.9889781,586.955,400.1239,0.9891393,722.0719,507.40826,0.91372776,591.1971,492.3783,0.9201803,681.84326,542.8745,0.85545033,637.2667,532.0921,0.8638598,694.66345,563.1137,0.798968,608.109,559.1311,0.8178848,707.529,544.6598,0.1909551,605.2687,539.9949,0.2098231,667.73425,562.1552,0.04138702,635.30853,560.89264,0.04415539
572.0,649.9256,335.48572,0.9864911,664.58374,323.3957,0.9696467,635.7496,321.47192,0.96599776,684.8636,335.77063,0.8215916,615.2838,331.53467,0.7567589,713.68475,409.32764,0.9886633,587.2103,399.75958,0.98887277,722.928,506.49304,0.91233253,591.0128,490.47705,0.91975313,683.53467,542.3722,0.85392797,636.244,531.5781,0.8637283,695.1118,564.02795,0.79707456,608.73944,559.83875,0.81669736,706.685,551.7235,0.17925331,605.0952,546.7996,0.19736937,667.7409,565.92065,0.037136883,633.8577,564.68835,0.039575577
573.0,650.07684,335.1787,0.9867933,664.7013,323.13916,0.9700389,635.7891,321.19897,0.9667073,684.71454,335.74677,0.8209118,615.0674,331.56268,0.7603335,713.36523,408.07037,0.98913234,587.0794,399.99994,0.9890839,723.9898,501.44995,0.9172871,590.90894,489.18353,0.9221074,689.0327,541.7882,0.85926604,634.69727,531.329,0.8664365,695.97595,562.48834,0.81731,609.5101,558.95557,0.8337805,708.98047,558.3589,0.19075745,606.1043,553.6845,0.20800856,671.227,571.66003,0.038179576,633.56793,569.2712,0.040369093
574.0,650.0819,335.03333,0.98711383,664.5927,322.9972,0.9703927,635.8193,321.1115,0.9676845,684.5117,335.5664,0.82104635,615.17584,331.53528,0.7645558,712.8482,407.5467,0.98933184,587.4047,399.7934,0.98975885,723.1571,499.1784,0.9177586,590.46606,486.91687,0.9265671,687.33484,543.64026,0.8595694,631.7451,531.4093,0.8717399,695.69586,560.4251,0.8358724,609.8248,556.9667,0.8540499,708.57965,557.60486,0.22361928,605.67145,553.225,0.24737626,671.024,574.9021,0.046964347,632.227,572.8935,0.05042073
575.0,650.17804,334.93066,0.98720634,664.61145,323.01465,0.97055066,635.77124,321.07233,0.9677708,684.426,335.67474,0.82362545,614.96246,331.6441,0.76673245,712.45795,408.03424,0.9899478,587.0541,399.76727,0.9904195,721.343,500.83917,0.9201932,590.5863,487.3003,0.9294074,685.02423,547.2561,0.86053395,633.98456,533.19635,0.87377167,695.21094,560.797,0.85114866,609.3194,557.238,0.8682723,709.1043,553.2993,0.26283908,606.093,548.6298,0.29040754,673.79004,577.7832,0.05951193,635.7248,575.40924,0.06408292
576.0,650.065,334.87622,0.9874178,664.4801,322.94415,0.97088563,635.64636,321.03516,0.96802497,684.2833,335.68353,0.8246374,614.91223,331.72803,0.76604533,712.33514,408.1515,0.99019384,587.5293,399.5193,0.99061316,721.59033,498.7964,0.922284,590.27924,484.34546,0.93127036,687.5566,544.29626,0.8648251,631.016,530.51764,0.87748885,695.0987,559.2999,0.8592425,609.6682,555.4787,0.8757404,708.588,553.45605,0.2755239,605.7397,548.2241,0.30411524,673.374,575.86646,0.06266627,634.7755,572.99835,0.06753522
577.0,650.433,334.60608,0.98738813,664.7101,322.67072,0.97032666,635.8782,320.86743,0.96857476,684.2503,335.41095,0.8194859,615.0392,331.7583,0.77278185,712.2804,406.77454,0.99014133,587.4932,399.78906,0.9905746,722.3991,493.906,0.9215242,590.7971,484.1432,0.9310905,694.62384,540.2867,0.8626784,632.30115,531.0862,0.8760319,695.6098,557.25977,0.8611684,610.17413,554.35175,0.877082,712.70044,552.5708,0.27666473,609.2623,547.58014,0.30594367,676.8983,574.23755,0.0632197,638.3555,570.20856,0.06821996
578.0,650.29254,334.76514,0.9873315,664.6433,322.78735,0.9704289,635.77954,320.94507,0.9679464,684.19275,335.3994,0.82079554,614.9192,331.63898,0.76892287,711.9344,406.5346,0.99034655,587.7548,399.6817,0.9903401,722.3332,493.4475,0.9250908,591.38574,484.18213,0.9302584,694.6295,539.3423,0.8679298,632.05133,530.3191,0.8758434,695.2375,557.7485,0.86298466,610.2356,554.8529,0.8764223,711.7278,561.184,0.26110995,610.11743,556.1942,0.28457984,675.9355,578.8611,0.05527231,638.13464,574.6571,0.058764398
579.0,650.2967,334.51312,0.9877685,664.5542,322.6286,0.97089946,635.7233,320.81982,0.96920025,684.08936,335.3567,0.82090545,614.8656,331.76178,0.7740425,711.3442,405.41486,0.9907391,587.90106,399.89984,0.9911457,722.5854,488.5501,0.9266347,591.55334,481.99548,0.9354099,696.9706,538.13434,0.8707844,630.4097,529.14124,0.88323444,695.855,552.78516,0.8827142,611.30865,550.57465,0.8965399,714.5628,550.20557,0.3300234,610.7722,546.0754,0.36304235,679.1628,574.2535,0.0799382,637.95764,570.53125,0.08639169
580.0,649.98773,334.73572,0.98772955,664.2513,322.6864,0.9713125,635.36194,321.1765,0.9685389,684.1385,335.15192,0.8253454,614.8354,332.16547,0.76740915,711.592,404.9972,0.99082553,588.2669,399.90125,0.990945,722.49994,487.52972,0.9287783,591.0074,481.41364,0.9346062,698.5939,537.64594,0.8739254,631.0142,530.04474,0.88250166,695.9738,552.61816,0.8814907,611.45953,550.65155,0.89394915,715.2797,551.0248,0.31931597,611.45154,546.99274,0.34840265,680.4725,574.4103,0.07512376,638.39636,570.4877,0.08054632
581.0,649.60114,335.16376,0.9878473,663.8202,322.8817,0.97205645,635.0081,321.7025,0.96792185,684.06274,334.826,0.8315829,614.937,332.49963,0.7592325,711.62585,404.32123,0.9911583,588.6829,399.96143,0.99098825,722.44574,486.59503,0.9329909,590.89966,480.88306,0.9355072,698.8712,537.6114,0.88064504,630.12085,529.51587,0.8849205,696.07117,552.53204,0.8855372,611.7192,550.95953,0.8962374,715.55084,551.75256,0.3214331,611.20795,548.741,0.34702015,680.4357,574.6769,0.074064314,637.006,571.9125,0.078682154
582.0,649.5199,335.0758,0.9878895,663.747,322.83893,0.97221905,634.93256,321.66296,0.9679811,684.053,334.789,0.8320004,614.894,332.4709,0.7576817,711.5033,403.9895,0.9910327,588.8203,399.78015,0.99090576,722.42944,485.27606,0.93274677,590.7391,479.89935,0.93552375,698.85815,537.0255,0.88096106,629.785,528.957,0.8855561,696.15924,552.3567,0.88465524,611.8845,550.8049,0.89563394,715.7226,550.88794,0.32017457,610.85815,547.79254,0.34620604,680.9056,574.57495,0.073842645,635.93585,571.6122,0.0785979
583.0,649.77136,334.8465,0.9879362,663.8617,322.63287,0.97211516,635.02966,321.58643,0.9682946,684.046,334.6552,0.83033204,614.846,332.69556,0.7598754,711.5715,403.81458,0.99097073,588.9521,399.66632,0.9909564,722.279,485.52124,0.9320667,590.82776,479.799,0.9360341,698.91675,537.0535,0.87998724,629.75494,528.782,0.8861111,696.0845,552.4331,0.88428855,611.757,550.9125,0.89590025,715.51935,549.7914,0.32132566,610.4738,546.8364,0.34887066,680.8327,574.00305,0.07472074,635.1338,571.29297,0.07981378
584.0,649.5381,334.16486,0.98790026,663.79224,322.1172,0.9722159,634.86743,321.00842,0.96787804,684.138,334.64935,0.8318337,614.76,332.47937,0.7552699,711.3836,403.51312,0.99087715,588.9487,399.29803,0.99069333,722.08386,485.3451,0.9323414,591.119,479.82764,0.93479896,699.08295,536.2362,0.8804556,630.01306,528.37524,0.88455915,695.8117,552.651,0.8802452,611.5033,551.09265,0.89136755,715.22046,552.4666,0.3012354,611.0147,549.3752,0.32609424,680.8546,573.63367,0.06703073,634.83844,570.93396,0.07131219
585.0,649.56836,334.11328,0.987975,663.80176,322.12018,0.97215784,634.8849,321.00977,0.9683528,684.12476,334.73425,0.83083487,614.73535,332.57422,0.7587659,711.29736,403.7154,0.99091315,589.0018,399.24133,0.99097717,721.9892,485.005,0.9313519,590.8717,478.67462,0.9362339,699.14923,535.84656,0.8790946,629.48376,527.57605,0.88618374,695.9377,551.5161,0.8852572,611.847,549.8698,0.8973154,714.8593,549.78107,0.3235082,610.9346,546.6683,0.35265017,680.90485,572.06537,0.07557976,635.39124,569.6566,0.08110961
586.0,649.7515,334.10236,0.9877922,663.93976,322.05267,0.971555,635.10376,320.76685,0.9682938,683.91156,334.55945,0.82694805,614.765,332.04022,0.7630005,711.3013,404.07855,0.9907736,588.78503,399.13916,0.9908243,721.75684,486.13116,0.9299091,591.10986,479.39856,0.9349977,698.7066,536.1727,0.87640023,629.92145,527.6178,0.884055,696.0963,552.2641,0.88039255,611.9189,550.3584,0.89280486,714.5512,552.3683,0.3067276,610.9713,548.67615,0.33452582,680.05304,572.7368,0.06970847,636.5527,569.40234,0.07464504
587.0,649.8128,334.044,0.98780525,664.0642,321.94025,0.9715223,635.1351,320.57825,0.9684161,683.9907,334.43042,0.8254149,614.683,331.74854,0.76307976,711.04395,404.07007,0.99061525,589.0883,398.6286,0.99070275,721.1107,486.4442,0.92926866,591.28406,478.74152,0.9348391,698.07196,536.0695,0.87598306,629.7446,527.11316,0.88431704,696.0236,552.6158,0.8783468,612.0864,550.44714,0.8912439,713.98615,554.31714,0.29818183,610.65625,550.19604,0.3259388,680.2681,573.1743,0.06656116,635.91125,569.5174,0.07135773
588.0,649.73615,333.85382,0.9877335,664.0958,321.77515,0.97159564,635.12427,320.23767,0.9679675,684.02515,334.2445,0.82645404,614.5848,331.15735,0.75987613,710.88513,404.11768,0.9905996,588.8507,398.5415,0.99045146,721.3584,486.6964,0.9300195,591.49493,479.21704,0.9332351,697.9417,536.0685,0.8772676,629.5441,526.942,0.88270706,695.7869,553.6444,0.8747051,611.8394,551.3807,0.88660866,713.72034,557.00574,0.2834421,610.6853,552.7337,0.30740422,679.5479,574.6189,0.061072946,635.8347,570.7449,0.064917
589.0,649.5822,333.86133,0.9876956,664.0332,321.81152,0.97165143,635.0229,320.08765,0.96787727,683.94,334.3053,0.82683814,614.4105,330.80194,0.75905204,710.863,404.7531,0.9904714,588.7552,398.3532,0.990368,721.256,487.1222,0.9290587,591.07434,478.18915,0.9327148,697.7058,535.9908,0.8762686,628.83923,526.376,0.8822705,696.3132,554.45404,0.8718419,612.3323,551.7477,0.8843199,713.1609,556.91003,0.27839673,609.78644,551.8371,0.30234745,679.83466,573.7691,0.060008198,636.2759,569.1815,0.06387335
590.0,649.211,333.66473,0.98776776,663.86176,321.72192,0.9719992,634.8323,319.7472,0.9676516,683.9037,334.36475,0.82960826,614.32495,330.2721,0.7555802,710.5478,404.32074,0.9906874,588.7115,398.1463,0.9904263,721.39966,485.7704,0.9310757,591.2061,478.4348,0.93311,698.3852,535.449,0.8793908,628.7994,526.7015,0.8831834,696.3789,553.0869,0.87626433,612.5714,550.36206,0.88755596,713.3776,556.11615,0.2886412,609.7258,550.5261,0.31150284,680.48444,573.34064,0.06278074,635.96643,567.62744,0.066574425
591.0,648.9109,333.49036,0.98781276,663.633,321.69928,0.97230345,634.68835,319.63745,0.9673656,683.795,334.57202,0.8321048,614.362,330.21307,0.75109935,710.2221,404.52893,0.99071705,588.62555,398.05573,0.99033755,721.2963,486.12524,0.9320642,591.1824,478.20618,0.93292123,697.937,535.7084,0.88132954,628.6979,526.15704,0.8836392,696.0564,553.72644,0.8754045,612.3278,550.8753,0.8862276,712.90015,556.7002,0.28372747,609.122,551.14264,0.30518126,680.0551,573.46655,0.060830414,634.4713,568.17224,0.06431255
592.0,648.8289,333.43744,0.9877954,663.62524,321.59863,0.9723871,634.6393,319.5465,0.9670398,683.87396,334.48016,0.8324295,614.3957,330.08002,0.74751997,710.10034,404.42767,0.99062,588.856,397.93176,0.9900352,721.3283,485.81537,0.9328463,591.29486,477.94824,0.93191266,697.9272,535.29004,0.88320374,628.8059,525.99286,0.8833703,695.88727,554.8801,0.8704632,612.3312,552.0079,0.88062775,712.6492,560.0021,0.26271677,609.5401,554.4067,0.28106207,679.5092,574.3321,0.05356109,633.679,569.0679,0.05627072
593.0,648.88245,333.351,0.9879705,663.7416,321.56335,0.9727496,634.67664,319.39996,0.9672688,683.9896,334.57007,0.834903,614.35205,329.992,0.74783075,709.86304,404.00787,0.99103665,589.11206,397.8683,0.9905106,721.3932,483.84674,0.9351746,591.72943,476.877,0.93442106,698.7765,535.8187,0.8861575,627.85095,525.48315,0.8865615,696.1243,551.62897,0.8836609,612.9928,548.86804,0.8931594,713.1686,556.54565,0.30129567,610.0475,550.9045,0.32207692,680.9174,573.5736,0.06515789,634.6921,567.84045,0.06865519
594.0,648.81006,333.18707,0.9877881,663.8134,321.4276,0.9727011,634.7287,319.05286,0.9664464,684.0921,334.44806,0.83686423,614.43146,329.38287,0.7432118,710.0339,403.72876,0.99098504,588.823,398.0525,0.99021316,721.596,484.03033,0.9351798,592.651,478.82007,0.9317683,698.33057,537.48596,0.88479704,627.8528,527.10754,0.8819641,696.4667,552.4408,0.8767954,613.0481,549.8109,0.88517773,713.9224,557.4686,0.28027624,610.82385,551.80023,0.29700363,680.6188,573.2599,0.05880508,636.57904,566.9196,0.06142524
595.0,648.8727,332.99432,0.9881556,663.89514,321.22937,0.9732066,634.7514,318.8202,0.9673745,684.2549,334.18494,0.8387115,614.37744,329.09857,0.7473692,710.2124,403.34302,0.99152637,588.86755,397.88037,0.990984,722.0014,481.7898,0.93753195,592.15656,477.19342,0.93613845,699.7499,538.16516,0.88790566,627.18646,527.4192,0.8874097,696.65027,550.03577,0.895174,613.2889,547.40137,0.9035747,714.1488,555.30835,0.33813554,610.22144,549.2794,0.35983324,681.1284,575.56836,0.077139825,636.12164,568.3467,0.081251115
596.0,649.05585,332.98352,0.9881159,664.0664,321.11255,0.9729049,634.8809,318.76904,0.9678627,684.4037,334.03516,0.8351109,614.4929,329.0738,0.7510331,710.1648,403.30646,0.99105823,588.68744,398.1037,0.9908154,721.61115,482.49713,0.9338455,591.9603,478.02368,0.93508756,698.4723,542.1305,0.8813832,627.8096,529.9287,0.88464236,696.58765,551.4372,0.8870703,612.9956,549.0017,0.8973687,714.62134,554.9431,0.31916514,610.1698,549.44824,0.3435998,681.6936,576.93286,0.07225588,636.1195,570.3076,0.076787144
597.0,649.1798,332.87048,0.98825777,664.19525,321.0044,0.9733467,634.9828,318.5669,0.96807885,684.50977,333.80402,0.8366735,614.53015,328.70428,0.74889547,709.8801,402.74695,0.9910246,588.6864,398.4298,0.99083686,722.2911,480.86633,0.9341248,592.4498,478.64966,0.9352337,700.6518,542.6366,0.88175946,626.39954,530.6772,0.88478696,696.62775,551.82684,0.8883907,613.0888,549.78467,0.8985395,716.52094,554.0148,0.3270809,610.43585,548.94806,0.3521175,683.77325,579.32745,0.07522705,635.7643,572.65234,0.08005577
598.0,649.1424,332.96545,0.98829556,664.2516,321.06494,0.9731797,634.9647,318.58722,0.96834433,684.56274,333.7616,0.8348613,614.4484,328.54614,0.75270474,709.5295,402.26685,0.9912689,588.3754,398.43628,0.9910356,722.0592,480.24457,0.93562484,592.466,479.52124,0.9364389,701.12555,542.44135,0.8833513,627.60175,531.4092,0.8859596,696.26715,552.2474,0.8939563,612.7021,550.5148,0.90335274,716.9806,555.35547,0.33904153,611.147,550.6116,0.36396718,684.9007,579.88153,0.07875505,637.0016,573.25244,0.08357555
599.0,649.4234,332.93677,0.98807263,664.5942,321.00775,0.97286415,635.2661,318.54504,0.96704423,684.78485,333.6308,0.83096683,614.58795,328.27417,0.74597144,709.78876,401.63397,0.99114835,588.4475,398.17224,0.98952854,723.54114,478.84808,0.941271,591.92957,480.463,0.9310842,702.2214,540.09106,0.8935266,628.6834,532.42285,0.88319695,696.01263,558.32007,0.87452954,612.0232,556.71814,0.87819576,718.6352,574.9422,0.23028356,614.3413,569.65375,0.23707551,683.3948,587.04364,0.0404059,633.59534,579.048,0.04093367
600.0,649.3453,333.3828,0.9879146,664.49146,321.13324,0.97303313,635.16077,318.75354,0.9664136,684.84814,333.0504,0.8358559,614.5909,327.95862,0.74283314,711.0095,401.4638,0.99126637,588.1549,397.68408,0.9897642,723.019,483.45142,0.94015193,592.52454,483.4433,0.9302396,700.6136,544.407,0.8887008,629.12744,534.7368,0.87817633,697.1055,558.18,0.8753928,611.9931,556.3628,0.8795223,717.71606,575.9158,0.2358866,611.4416,570.7977,0.24296284,683.11285,589.2071,0.04217732,634.75183,581.2855,0.042763114
601.0,649.6098,333.34174,0.98774403,664.71533,321.08612,0.97262174,635.47205,318.62903,0.9661795,684.83575,332.66742,0.8307847,614.67035,327.3463,0.74318445,710.89923,401.17047,0.9908682,588.10345,396.94586,0.98882353,723.4314,482.30334,0.94043994,591.75085,482.11627,0.9270283,701.32245,542.4614,0.89060616,629.4337,533.96313,0.8763411,696.58875,561.35767,0.86198914,611.3091,559.2636,0.8640367,716.9759,585.26306,0.19020167,610.4539,579.47205,0.19236487,681.33905,592.277,0.030353844,631.07104,583.44543,0.03021577
602.0,649.89404,333.3687,0.9876703,664.9746,321.1787,0.97241795,635.7052,318.60272,0.9665489,684.9145,332.6256,0.8285347,614.6577,327.13336,0.74602056,710.9611,400.9425,0.99044466,588.212,396.50433,0.9887502,723.60486,482.78522,0.93683434,591.8986,482.09827,0.9259881,700.4245,543.3791,0.88452816,628.69965,533.48193,0.8735633,696.60376,562.3449,0.85740733,611.4523,560.0053,0.8616043,715.2174,587.16345,0.187352,609.77014,581.05725,0.19179192,680.1724,596.2482,0.030154616,631.3675,587.0062,0.030314058
603.0,649.8024,333.42493,0.98765683,665.00977,321.0478,0.9725704,635.5099,318.55554,0.9664973,685.2512,332.44482,0.83043635,614.53827,327.12488,0.7434468,711.2647,401.06946,0.99020934,588.3512,396.5913,0.9887853,723.38196,483.26447,0.9344129,592.18054,481.95,0.92545533,700.00586,543.5968,0.881021,628.5587,533.0233,0.872419,696.9424,561.43195,0.853724,611.82794,559.1373,0.8595463,715.678,584.4002,0.18884158,610.71893,578.5582,0.19549254,680.4528,594.996,0.03111595,633.4072,586.3091,0.031616658
604.0,649.86475,333.37488,0.9876511,665.01086,320.97876,0.97253513,635.6189,318.53296,0.9663547,685.1913,332.20184,0.8301774,614.67896,326.96045,0.7441255,711.0264,400.92908,0.99048364,588.52216,396.5504,0.9887984,723.5687,482.21118,0.9370059,592.08606,481.1228,0.92612326,701.3254,543.01385,0.88514405,629.2656,532.6483,0.8743129,696.8723,560.7027,0.85915834,612.0251,558.5491,0.8633154,716.56464,584.85236,0.19332328,611.2647,579.15045,0.19819629,681.8268,594.3263,0.031589806,633.51733,585.63745,0.03182292
605.0,649.9398,333.33685,0.98776007,665.088,320.9804,0.9725546,635.6559,318.53003,0.96681273,685.2661,332.37823,0.8297247,614.67804,327.1427,0.7471586,710.8261,400.99298,0.99061584,588.5087,396.69745,0.98917234,723.2834,481.8988,0.9371374,592.2063,480.67322,0.92818284,700.8469,545.0204,0.88491505,629.5145,533.0264,0.87671643,696.98663,559.1733,0.86488056,612.2052,557.14404,0.8700253,717.8097,579.1454,0.2115815,611.6692,573.7118,0.21895918,683.83936,591.18823,0.03645274,634.37646,582.8351,0.037032813
606.0,649.9282,333.34467,0.98788774,665.13495,320.98254,0.972888,635.71234,318.485,0.9667902,685.36554,332.3603,0.8312266,614.76855,326.99554,0.7452435,710.8473,400.94397,0.99087,588.72375,396.68237,0.9892467,723.5647,481.11438,0.93955994,592.051,480.15662,0.9291918,701.329,543.9687,0.88943017,629.1916,531.6567,0.8794099,697.03815,559.2404,0.8712351,612.3343,557.12085,0.8752903,717.2502,581.64966,0.21809289,610.76434,575.98785,0.22393715,683.46643,592.80585,0.037045777,632.40717,583.9523,0.03738925
607.0,649.8491,333.33228,0.9879327,665.13574,320.98895,0.9730999,635.68964,318.49127,0.9666023,685.43695,332.5108,0.83198744,614.79193,327.07355,0.7424501,710.71814,400.87054,0.99095255,588.66345,396.53314,0.988979,723.6047,480.73645,0.94167674,591.5936,479.94208,0.92881006,701.5877,543.4951,0.89316547,629.67773,531.95715,0.8799858,696.45825,560.419,0.8717881,611.6262,558.25214,0.87415886,716.5492,587.9972,0.20582086,610.1245,582.21655,0.20865646,682.9451,596.4453,0.032969445,629.8861,587.5216,0.032888442
608.0,649.7394,333.3609,0.9879385,665.0644,320.95068,0.9732467,635.5673,318.53198,0.9664882,685.54736,332.45917,0.8342152,614.79736,327.1833,0.7406995,711.0756,400.81177,0.9910074,588.50824,396.62494,0.98909533,723.71094,480.33044,0.9415329,591.5254,479.87006,0.9289597,701.9122,542.1091,0.89316416,630.594,531.7788,0.8799193,696.27844,559.8895,0.87401056,611.18164,557.77466,0.8765516,716.0353,587.05023,0.21309307,609.4891,581.3234,0.2163657,682.03864,596.8097,0.034632564,629.90686,587.9617,0.034614295
609.0,649.7425,333.32422,0.98794883,665.1144,320.9107,0.9733169,635.59296,318.5094,0.9662795,685.67224,332.41492,0.8347752,614.8712,327.14032,0.73861283,711.2056,400.78625,0.9910658,588.79706,396.51624,0.9889857,723.8214,480.5929,0.94239193,591.6919,479.99017,0.9286612,701.85126,542.86487,0.89437175,630.6282,532.22766,0.87972474,696.0891,560.9342,0.8727647,611.1001,558.69946,0.8745491,715.52484,589.4884,0.20507461,609.746,583.46716,0.20701623,681.2361,597.34875,0.0325211,629.56525,588.06903,0.03234476
610.0,649.6138,333.30573,0.987962,665.06165,320.87592,0.9735023,635.4623,318.4386,0.9661503,685.7399,332.29974,0.8360515,614.7258,326.95593,0.7364065,711.07654,400.43524,0.9911168,588.91205,396.31696,0.9889618,723.92444,480.08093,0.94306713,592.0134,479.8683,0.9286797,702.4261,542.34644,0.8955872,630.60565,531.58905,0.88016367,696.33276,559.8162,0.87471944,611.4009,557.67175,0.8760346,716.6328,587.8105,0.21025547,609.9716,581.8486,0.21176016,683.3287,595.79156,0.03372383,629.8238,586.4243,0.03349662
611.0,650.1324,333.03534,0.9879787,665.4409,320.65167,0.9731475,635.87915,318.2591,0.96645737,685.808,332.28644,0.8332356,614.96454,327.09448,0.7417739,711.12866,400.34467,0.99127275,589.1014,396.1983,0.98914766,723.7918,479.7583,0.9436274,592.30597,479.42218,0.9296905,702.81995,541.52,0.89598465,630.33954,530.9047,0.88118064,696.2765,558.7489,0.8784746,611.4928,556.6575,0.87981236,717.04584,588.697,0.2146383,611.3064,582.78876,0.21642968,683.3368,596.0551,0.03424397,630.8761,586.7742,0.034011364
612.0,650.3642,333.17957,0.9879513,665.65454,320.72882,0.9729725,636.11017,318.30054,0.96638036,685.85876,332.12982,0.8308452,615.06665,326.84827,0.7425535,711.1665,400.0183,0.9912388,589.1972,396.0111,0.9888704,724.01746,479.48645,0.9446002,592.4966,479.77698,0.92906463,702.7123,541.23486,0.89767516,630.2177,531.0428,0.8810991,696.3589,560.70514,0.87503135,611.52673,558.6264,0.8752835,716.86096,595.17566,0.1950576,611.63495,589.20996,0.19475242,682.24084,599.24,0.02917546,629.92004,589.6585,0.028703898
613.0,650.2666,333.11987,0.98796225,665.6144,320.72797,0.97294927,636.0879,318.25354,0.966337,685.8469,332.18597,0.8299287,615.1085,326.73743,0.74175715,711.0161,399.9803,0.9911698,589.2414,396.0489,0.98868275,724.18787,479.0708,0.94473946,592.3869,479.82898,0.9285082,702.97327,540.7886,0.8982199,630.28204,530.67596,0.880998,696.4345,562.4497,0.87187386,611.7554,560.39435,0.8716545,716.8045,598.35846,0.18387282,612.5526,592.31494,0.18289244,681.64325,600.6579,0.026657611,629.90454,590.89264,0.026143223
614.0,650.3514,333.09558,0.987865,665.7433,320.7201,0.97277343,636.144,318.21472,0.96618676,685.99274,332.24554,0.8291294,615.1143,326.72595,0.7415271,711.1522,399.97803,0.9909902,589.1399,396.25916,0.98851013,724.3635,479.08978,0.9434329,592.541,480.29382,0.9270741,702.79065,540.8153,0.8960774,629.89703,530.3848,0.8789699,696.9363,562.7579,0.8658501,612.1993,560.8457,0.86566883,717.5476,596.32996,0.17682189,613.83344,590.5399,0.17606777,681.6891,598.2468,0.025797218,631.75995,588.7417,0.025332749
615.0,650.52924,333.04395,0.9878459,665.7521,320.51978,0.9726636,636.2822,318.29004,0.9662733,685.99567,331.83954,0.8285005,615.41406,326.89825,0.7430101,711.4236,400.31067,0.99096084,589.5801,396.3396,0.9885614,724.53864,478.99634,0.9430571,592.21704,478.4912,0.9274843,703.1414,540.5709,0.895831,629.2826,529.30005,0.8798501,696.92883,562.38275,0.8662884,612.3833,560.44855,0.86668193,717.7373,594.5688,0.17946547,613.77795,589.12445,0.17942646,681.92554,595.9682,0.026534557,631.9519,587.34033,0.026128948
616.0,650.5968,333.1078,0.9879041,665.80096,320.55347,0.97255313,636.3319,318.28564,0.96660745,685.9621,331.81268,0.8270265,615.37885,326.80518,0.7461519,711.38965,400.3015,0.99110836,589.74243,395.71387,0.98876905,724.3817,478.9984,0.9437239,592.0703,477.33203,0.9291067,703.49054,540.4149,0.8970137,629.11743,528.80896,0.8822433,696.4947,560.66736,0.87131464,612.02075,558.4108,0.8721133,717.7666,592.745,0.18907079,613.1383,586.64417,0.18975136,682.4743,593.8444,0.028454542,631.16473,584.51807,0.028094172
617.0,650.53564,333.3277,0.98786354,665.81134,320.69202,0.9725988,636.31757,318.48584,0.9664068,686.1817,331.73816,0.8282063,615.5312,326.80145,0.7441006,711.5151,400.07678,0.99108285,589.8213,395.5291,0.9887185,724.6206,478.8266,0.94366693,591.9956,477.10486,0.9287971,703.5736,540.19775,0.8971269,629.33875,528.8899,0.88199025,696.2347,560.3817,0.8694254,611.7781,558.2121,0.87004995,718.2289,590.3396,0.18803963,613.5783,584.51013,0.18869057,682.7269,591.45703,0.028579563,631.79865,582.6523,0.028224438
618.0,650.288,333.34192,0.9878849,665.67993,320.75385,0.97296464,636.17413,318.54108,0.9659777,686.3279,331.75354,0.8318006,615.57745,326.73853,0.73854506,711.5169,399.88086,0.99114376,589.89307,395.60034,0.98865724,724.9001,478.64166,0.944558,592.2246,477.6012,0.92845154,703.4683,540.02747,0.89863664,629.80054,529.236,0.88170016,696.0823,561.31683,0.86992884,611.73987,559.2544,0.869822,717.8154,593.2112,0.18528041,613.97705,587.6102,0.18489742,682.08246,594.30945,0.027573258,631.66943,585.8154,0.02713278
619.0,650.3992,333.36224,0.9878094,665.7851,320.78198,0.9731015,636.35547,318.58588,0.9654794,686.50635,331.60596,0.8340035,615.8853,326.62598,0.7344575,711.63257,399.55017,0.9911009,590.27124,395.4959,0.98853576,724.7873,479.0067,0.94462526,592.68164,478.2155,0.9275595,703.422,540.02844,0.8985215,629.83435,529.027,0.88030094,696.6286,561.25793,0.86835265,612.4777,559.31885,0.86780924,717.6188,594.7653,0.18109879,614.22974,589.5459,0.17993534,681.9901,595.5615,0.02656281,631.9903,587.47076,0.026061565
620.0,650.38043,333.42786,0.98776674,665.812,320.7622,0.97317874,636.3149,318.6294,0.96515834,686.7048,331.52502,0.83593845,615.9553,326.66986,0.7318895,711.92224,399.6015,0.9911237,590.3052,395.55103,0.9885426,724.4599,479.2746,0.94453454,592.66565,478.27295,0.9271741,703.4611,540.25793,0.89818585,629.8466,529.0625,0.8795725,696.7682,560.4427,0.8667244,612.47485,558.5405,0.8660058,718.1804,591.72327,0.18145448,614.39056,586.5566,0.18024284,682.32623,592.71893,0.026986182,633.039,584.6399,0.02649191
621.0,650.5992,333.61768,0.98779476,665.94916,320.85498,0.9730948,636.45874,318.8698,0.9653177,686.85455,331.48914,0.8355645,616.13074,326.9818,0.73422694,712.1781,399.74683,0.9912882,590.5533,396.00714,0.98880255,724.388,479.33582,0.9448558,592.7705,478.74048,0.92812824,703.6626,539.9696,0.8985783,630.1652,529.619,0.8805721,696.8213,559.4897,0.8706373,612.63306,557.7722,0.87016356,718.8725,588.6617,0.19276881,615.11664,583.7167,0.19204757,682.58624,590.79016,0.029532105,634.0455,582.82837,0.029058993
622.0,650.65344,333.4848,0.9878396,665.97943,320.83862,0.97323185,636.56464,318.88672,0.96524346,686.9129,331.68152,0.83712745,616.3705,327.22778,0.7328553,712.2379,399.62402,0.9913919,590.6593,395.9494,0.9889177,724.55194,478.7724,0.945699,592.7135,478.18384,0.92898744,703.6049,539.69763,0.9000318,630.348,529.4255,0.88188446,696.8507,559.12573,0.87258804,612.618,557.46326,0.87203187,719.08295,586.03955,0.19777548,614.9171,581.24805,0.19703972,683.20483,589.0927,0.030703783,633.70593,581.4972,0.03022188
623.0,650.7839,333.51233,0.9878068,666.099,320.93347,0.973205,636.7027,318.9817,0.9651151,686.99835,331.91827,0.8372923,616.5371,327.45892,0.7321274,712.36896,399.75232,0.99133,590.7337,396.09064,0.9888463,724.52704,479.27832,0.94534606,592.8443,478.55505,0.9284631,703.39905,540.32623,0.8990891,630.26953,529.4185,0.8808199,697.2964,559.9824,0.86967444,612.98987,558.35455,0.8690721,719.2646,586.45917,0.19151103,615.3973,581.8074,0.19070834,683.4663,589.15027,0.029485494,634.43945,581.77234,0.029015064
624.0,650.8681,333.4665,0.98779535,666.20844,320.9322,0.9730886,636.82947,318.91083,0.96511745,687.07635,332.01752,0.8372549,616.67236,327.3886,0.73353326,712.2849,399.86963,0.99146366,590.6209,396.10614,0.9890137,724.64606,479.3507,0.94567406,592.9141,478.62616,0.92894584,703.4797,540.44324,0.89936674,630.19147,529.3613,0.88129723,696.92773,558.8628,0.871881,612.744,557.2593,0.87122715,719.9183,583.78015,0.19901809,616.4321,579.18365,0.19847426,683.7587,587.42395,0.03126508,635.8496,580.2077,0.030803919
625.0,650.9585,333.41956,0.9877752,666.3324,320.87543,0.9730239,636.9133,318.8053,0.9651269,687.144,332.05664,0.8356662,616.6681,327.2826,0.7336049,712.2114,400.08307,0.99132943,590.6553,396.01184,0.98869026,724.9768,479.5033,0.945776,592.57837,478.17773,0.9279719,703.1442,541.793,0.89976144,629.7623,529.53,0.8809905,696.8807,559.8027,0.8669678,612.7137,558.07904,0.8655677,720.6283,586.2497,0.18506789,617.20874,581.45197,0.18364969,684.39606,588.5108,0.028111756,635.3767,581.13495,0.027574629
626.0,650.937,333.50275,0.9877755,666.3448,320.8941,0.9731066,636.8693,318.88464,0.9649677,687.22375,332.0597,0.8360331,616.69995,327.38916,0.7312303,712.2446,400.2249,0.99124014,590.97284,395.96527,0.98853886,724.7397,479.79138,0.94571877,592.723,477.60693,0.9275553,702.42426,543.102,0.89962053,629.54175,529.2414,0.88065493,696.81866,561.4355,0.86368436,612.7602,559.576,0.8621311,720.0915,588.1898,0.17649475,617.22534,583.2663,0.17484587,684.2594,589.38477,0.026328534,635.4266,581.93207,0.025793552
627.0,651.05237,333.58124,0.9877671,666.4997,320.92767,0.9730228,636.89557,318.86377,0.96503043,687.394,332.06006,0.8362987,616.6088,327.34296,0.7331888,712.3966,400.09546,0.99140143,590.88916,396.26562,0.9888617,724.5608,480.59796,0.9455094,593.43243,479.7724,0.92812914,702.36053,543.3889,0.8983969,630.5678,530.5928,0.88012254,697.1652,560.2429,0.8677758,613.08704,558.6305,0.866653,721.47546,586.1468,0.18900946,619.09906,581.31555,0.18818411,685.5676,589.99554,0.029057235,638.51526,582.20325,0.028600484
628.0,651.08844,333.57172,0.9878025,666.541,320.91052,0.97312665,636.9341,318.82117,0.9650104,687.37415,331.99628,0.83595616,616.56635,327.2237,0.732655,712.1783,399.8871,0.99145174,590.90955,396.09265,0.9887203,724.3977,480.35315,0.94674903,593.1789,479.67584,0.9280931,702.4969,543.69916,0.9004543,630.60767,530.44006,0.8807704,697.1942,560.70215,0.8691931,613.142,559.09546,0.8671315,721.11444,590.33923,0.18407655,618.57263,585.51196,0.1817587,685.6838,592.9082,0.027338684,636.89667,584.93756,0.02670893
629.0,651.0801,333.5686,0.98779976,666.54956,320.91766,0.9731422,636.90735,318.839,0.9650686,687.40686,332.05792,0.8358195,616.5228,327.29974,0.7323957,712.16223,399.91284,0.99135923,590.8334,396.0246,0.9886418,724.52704,480.1781,0.9462621,593.0381,479.17273,0.92774194,702.56445,543.3197,0.8998883,630.25903,529.946,0.8804287,697.07556,560.8944,0.86772823,612.96216,559.2685,0.8658317,721.0405,590.215,0.18200594,618.4187,585.47754,0.1799559,685.72675,592.65857,0.027027905,636.6879,585.0195,0.0264332
630.0,651.2377,333.5926,0.98786414,666.5057,320.87793,0.97350824,637.09656,318.98108,0.96489114,687.3564,331.7563,0.8388848,616.9848,327.38184,0.7302644,712.60614,400.38342,0.99153966,590.92993,396.28485,0.9888212,724.90704,480.44482,0.9475663,591.93066,477.8117,0.9286634,702.5419,544.7544,0.90168715,627.9613,528.8807,0.8821127,697.8093,562.1418,0.87047,613.41614,560.5586,0.8683158,723.48663,587.6382,0.18914509,618.75574,583.293,0.18674433,688.6156,593.00867,0.02859047,637.72864,586.0355,0.027937204
631.0,651.31244,333.64673,0.987822,666.61255,320.9317,0.9733956,637.18774,318.9809,0.96501094,687.4429,331.80603,0.8379494,617.0396,327.31177,0.7313894,712.66956,400.3822,0.9913759,590.8636,396.2611,0.9887396,724.8751,480.47632,0.94645226,592.0831,478.11066,0.928178,702.3562,544.26685,0.8998967,628.36945,529.2814,0.8810159,697.7813,562.53076,0.86795783,613.2486,560.92816,0.8663328,723.56995,588.84265,0.18467829,618.6153,584.38696,0.18301633,688.8569,594.21313,0.027757794,637.8609,587.12524,0.027205735
632.0,651.2945,333.59558,0.9879199,666.6753,320.9134,0.9734579,637.1421,318.87946,0.96544385,687.5636,331.92413,0.8375023,616.92004,327.24713,0.73386824,712.5056,400.3022,0.9914598,590.77234,396.24268,0.9890032,724.9422,479.8943,0.94664896,592.2195,477.86816,0.9297271,702.25256,543.9809,0.9001291,628.35974,528.7833,0.8831417,698.3697,561.2473,0.8730049,613.7827,559.8318,0.8721765,726.7984,585.77563,0.19789037,620.6892,581.4595,0.19783679,693.2785,593.3783,0.030660987,640.10956,586.4504,0.030283302
633.0,651.279,333.59924,0.98786736,666.67426,320.93988,0.97343576,637.154,318.86963,0.9650751,687.5228,331.96887,0.8378997,616.93994,327.19617,0.73141307,712.42303,400.3064,0.9914297,590.7322,396.0943,0.98880255,724.7918,480.1803,0.9469502,592.202,477.82056,0.92874587,701.9661,544.88605,0.9005911,628.2765,528.9923,0.88207656,698.08704,562.2241,0.8686933,613.5769,560.67444,0.86702347,725.0029,587.3145,0.18639284,619.9374,582.9282,0.1849426,690.67664,593.29395,0.028153718,639.18536,586.3593,0.027629972
634.0,651.3824,333.61572,0.9879179,666.779,320.96936,0.97341913,637.21643,318.87207,0.9656986,687.65295,331.9917,0.8370515,616.9273,327.1889,0.73574305,712.43976,400.57837,0.9913467,590.6791,396.27777,0.9891149,724.80475,480.26782,0.9454424,592.15094,477.60864,0.93010163,701.70496,545.6477,0.89775383,628.3031,529.34674,0.8829291,698.5539,561.4858,0.8723497,613.9289,560.03064,0.8726883,727.81506,583.54376,0.20235723,621.12396,579.2051,0.20419702,695.1944,593.3474,0.03219065,641.6252,586.53076,0.032052338
635.0,651.29553,333.6422,0.98783183,666.67175,320.95312,0.9734025,637.1454,318.92322,0.96515375,687.57404,331.872,0.8380415,616.9408,327.20184,0.7321505,712.48987,400.46014,0.9913487,590.70013,396.2458,0.9888758,724.833,480.52985,0.9459449,592.1769,477.91473,0.9287338,701.75195,545.6005,0.89875454,628.2917,529.29126,0.8815317,697.95984,562.1061,0.8683485,613.44196,560.6,0.8674574,725.7352,585.3385,0.19115078,620.34094,581.0611,0.19092655,691.7611,593.18256,0.029575229,640.391,586.4148,0.029193103
636.0,651.3776,333.7434,0.98786473,666.68994,321.0251,0.9733634,637.2302,319.01428,0.96543616,687.52924,331.79706,0.83738583,617.00494,327.1997,0.7347783,712.4574,400.4018,0.99141526,590.7935,396.27356,0.9890792,724.81555,479.90942,0.9459951,592.143,477.45416,0.9298127,701.9507,544.50354,0.89915174,628.30676,528.87134,0.88303244,698.0512,560.81665,0.87301147,613.62006,559.35266,0.87276906,725.8766,583.19763,0.20366809,619.74054,578.9748,0.20432132,692.26654,592.09485,0.032377303,640.02625,585.35834,0.03206846
637.0,651.27484,333.6831,0.98779035,666.6371,321.12964,0.97311866,637.303,318.89282,0.9652469,687.3234,332.0158,0.8365637,617.0769,326.89752,0.7356687,712.2248,400.36194,0.99146867,590.6288,396.03503,0.9890729,724.81104,479.7998,0.9459661,592.1963,477.6446,0.9293266,701.9924,544.35754,0.8989152,627.9022,528.6597,0.8821131,697.85547,560.3656,0.87166435,613.6632,558.67365,0.87108886,723.8323,582.332,0.20150334,619.027,577.6557,0.2014125,689.161,589.2627,0.032108963,639.76807,581.87036,0.031700402
638.0,651.29315,333.7151,0.98780245,666.637,321.15625,0.9730495,637.2751,318.92688,0.9653715,687.318,332.03345,0.83625305,617.0016,326.96777,0.7372908,712.23035,400.34778,0.9915408,590.5337,396.289,0.98923504,724.7569,480.09888,0.945843,592.4611,478.6267,0.92978,702.0334,544.7285,0.89835346,628.44635,529.45276,0.8821672,697.86017,559.69324,0.87335503,613.63916,558.14465,0.87306064,724.46716,580.2138,0.20879963,619.52124,575.6538,0.20937014,689.71564,588.68115,0.033978343,640.6212,581.20605,0.033638865
639.0,651.28107,333.71295,0.98774344,666.5787,321.10016,0.97294164,637.24475,318.92438,0.9652443,687.2644,331.82068,0.8360047,617.00555,326.88214,0.73772436,712.44464,400.30066,0.9915256,590.4908,396.5047,0.98922324,724.73816,480.63135,0.9455385,592.5636,479.72437,0.929396,701.7124,544.88043,0.8974863,629.1819,530.0275,0.8812736,698.3372,560.553,0.87175906,613.98376,559.1577,0.87140334,725.45056,581.36,0.20513251,620.6296,576.8933,0.20567659,690.4136,590.37976,0.033124417,642.16077,582.71515,0.032796055
640.0,651.31946,333.72168,0.987638,666.49884,321.01562,0.9727167,637.22235,318.9328,0.9650228,687.0786,331.49402,0.83490515,616.9449,326.79803,0.73814565,712.456,400.17133,0.99146354,590.52045,396.6615,0.989103,724.8131,480.76874,0.9452671,592.9597,480.1989,0.92860484,701.74475,544.5221,0.8970268,629.2183,530.0868,0.8802667,698.5486,560.8384,0.86894715,614.27277,559.61597,0.86826676,725.79956,582.2516,0.19867721,621.3422,578.14606,0.19869995,690.0389,590.5814,0.03167385,642.9823,583.26434,0.03128445
641.0,651.19464,333.72742,0.98761094,666.3396,321.00714,0.97283053,637.16187,318.99048,0.9646601,686.9421,331.37457,0.83589965,617.0205,326.78687,0.734872,712.3516,400.11554,0.99144346,590.6841,396.63086,0.9888792,724.7898,480.50793,0.9460168,592.7713,479.73285,0.9278531,701.8567,544.48376,0.8985653,628.7013,529.5989,0.8800034,698.246,561.8431,0.866524,614.12726,560.5725,0.86485505,724.71783,584.8108,0.1889216,620.5751,580.7377,0.18736628,688.6397,591.26904,0.029238403,641.47363,583.9861,0.02867645
642.0,651.1845,333.87372,0.9876696,666.3492,321.015,0.9729556,637.04126,319.091,0.9649106,687.0512,331.2655,0.8355584,616.84204,326.88556,0.7350448,712.3555,400.27124,0.9913531,590.80634,396.82843,0.9888488,724.719,480.39282,0.94558215,592.75946,479.3214,0.92792565,701.5796,544.8275,0.8981636,628.5881,529.6342,0.880435,698.3619,562.26074,0.86672616,614.27924,561.05444,0.86551344,725.4532,585.7481,0.18950433,621.04565,581.8323,0.18859765,689.7207,592.70605,0.02932328,641.64526,585.6888,0.028843999
643.0,651.1812,333.86926,0.98774314,666.3244,321.03143,0.97313416,637.0524,319.1228,0.9650811,687.0598,331.28802,0.8363588,616.872,326.9394,0.7351289,712.3842,400.38135,0.99140674,590.8179,396.7928,0.98896813,724.9391,480.13806,0.9459457,592.5091,478.51752,0.92878586,701.88275,544.5179,0.89906555,628.32544,529.369,0.8818548,698.757,561.6742,0.86988425,614.60297,560.45874,0.8690456,725.7977,584.2936,0.1967541,620.37524,580.5472,0.19624788,690.6171,591.7871,0.030887514,640.8811,585.2843,0.030439645
644.0,651.0685,333.81567,0.98777884,666.1878,321.02612,0.97320604,636.9908,319.0965,0.9651114,686.9324,331.2744,0.8372365,616.8871,326.88397,0.7353543,712.37067,400.38818,0.9915191,590.7721,396.83148,0.98915887,724.9129,479.97827,0.94632304,592.44446,478.47156,0.92966145,701.9209,544.58215,0.8994758,628.18933,529.3299,0.88277566,698.94196,561.2592,0.872992,614.76965,560.0522,0.8724369,726.3227,582.494,0.20517942,620.3522,578.6694,0.20515612,691.396,591.1728,0.032836884,641.3207,584.46436,0.032439142
645.0,651.0926,333.8025,0.9877696,666.21326,320.9933,0.9731893,636.9987,319.09692,0.9649762,686.9612,331.23163,0.8371078,616.8903,326.89728,0.73463345,712.4227,400.38324,0.99153674,590.82666,396.8523,0.9890653,725.07544,479.7397,0.9467745,592.43604,478.2339,0.9293113,701.96094,543.9685,0.9003961,628.1482,528.95526,0.88274395,698.99475,561.9133,0.8721285,614.87976,560.72327,0.8710155,726.00006,584.70337,0.19921428,620.7931,580.9483,0.19828543,690.5986,592.1381,0.031172186,641.36566,585.5809,0.030672103
646.0,650.9229,333.58942,0.9877777,666.0386,320.8463,0.97321355,636.8155,319.02612,0.96486497,686.84894,331.34064,0.8378616,616.7822,327.15735,0.7334077,712.44507,400.39343,0.99156284,590.6936,397.01898,0.98905504,725.04694,479.74756,0.9468976,592.3193,478.4483,0.92922187,702.11993,543.8602,0.90063477,628.41376,528.90485,0.8826534,698.76746,561.84753,0.8709111,614.5607,560.708,0.8695935,725.5312,583.37006,0.19730541,620.6072,579.6756,0.19621322,689.73224,590.3716,0.03091684,640.9207,583.87256,0.030405045
647.0,650.78094,333.59766,0.9878124,665.9639,320.89966,0.9733251,636.7312,319.02917,0.9648882,686.85406,331.45044,0.8384001,616.7391,327.12427,0.7324789,712.24023,400.25067,0.9915801,590.6394,396.85895,0.98903537,725.0156,479.15833,0.9473255,592.16833,478.0515,0.9294424,702.222,543.65356,0.90149873,628.3652,529.05804,0.88320005,698.58856,561.31445,0.87199616,614.4177,560.17883,0.870499,725.71106,582.93945,0.19870517,620.41583,579.21185,0.19742721,690.24646,589.7318,0.031160802,640.2633,583.2637,0.030627102
648.0,650.7112,333.6328,0.98777235,665.90546,320.94446,0.9732737,636.68365,319.02765,0.96470904,686.7434,331.4665,0.83785003,616.6717,327.0313,0.73116374,712.07794,400.13446,0.9914999,590.6062,396.71838,0.9888079,725.00476,478.9666,0.94734055,592.2199,478.00995,0.9284702,702.3804,543.5138,0.901765,628.2524,528.8774,0.8823551,698.33215,562.04504,0.86827517,614.2346,560.8301,0.8660954,724.6881,584.509,0.18877953,619.88153,580.64056,0.18650883,688.6771,589.8116,0.028965145,639.2348,583.10834,0.028331429
649.0,650.5923,333.51123,0.98777103,665.827,320.8824,0.9731169,636.5761,318.87378,0.9649606,686.5893,331.56805,0.83636,616.4889,326.92603,0.7332857,711.81287,400.01434,0.9914154,590.29865,396.40784,0.9888221,724.98645,478.8424,0.94640917,592.1144,477.65015,0.92837465,702.54614,543.2423,0.90022826,627.64856,528.3894,0.88189137,698.15283,561.41376,0.8670205,614.0513,560.1304,0.86546457,724.25903,582.9928,0.18892288,619.7143,579.1196,0.18755248,688.1319,587.8099,0.029318929,639.3092,581.33496,0.02878195
650.0,650.59357,333.36877,0.98782766,665.8461,320.80408,0.973207,636.5327,318.79022,0.9649435,686.5935,331.7577,0.8371128,616.3926,327.13928,0.73273456,711.74084,399.8122,0.99155533,590.2466,396.63477,0.9889264,724.6787,478.67834,0.947368,592.55444,478.67572,0.9289985,702.5681,542.9314,0.901519,628.17633,528.9185,0.88247836,698.10754,560.8867,0.87005734,613.90344,559.7681,0.8681272,724.4132,583.4407,0.19221115,619.76904,579.6327,0.19037163,688.4543,588.3361,0.029701471,638.9462,581.63794,0.029105127
651.0,650.5783,333.28607,0.98786116,665.8491,320.763,0.9732497,636.42737,318.72913,0.9652258,686.57837,331.8012,0.8362823,616.0926,327.17816,0.73358047,711.6562,399.8822,0.99140656,590.25244,396.50537,0.98888266,724.7686,478.79004,0.9464118,592.6421,478.04858,0.9289402,702.4562,543.5118,0.90006834,627.78754,528.3597,0.8823221,698.3923,561.33655,0.8690935,614.1865,560.09906,0.867977,723.9522,584.1026,0.19107628,619.28345,580.2272,0.19019106,688.7792,588.6278,0.029605806,638.5663,582.0332,0.029129267
652.0,650.42175,333.15112,0.9878975,665.8322,320.67584,0.9733844,636.2457,318.4898,0.9654883,686.64886,331.89197,0.8363491,615.7706,326.9397,0.73344874,711.4952,400.09534,0.9912176,590.01886,396.32043,0.98882556,724.7669,478.76038,0.94533134,592.65106,477.41406,0.92893994,701.86914,544.7107,0.8984285,628.0792,528.541,0.8822937,698.4533,561.63403,0.867261,614.0116,560.2107,0.8670291,725.0137,582.848,0.19111231,618.9803,578.5482,0.19162488,691.4147,588.92145,0.0300138,638.8382,581.92914,0.02972731
653.0,650.35596,333.05145,0.98787487,665.76544,320.62103,0.9732536,636.1991,318.4004,0.96541774,686.5041,331.93445,0.83584356,615.70166,326.90497,0.733615,711.3475,399.95264,0.991234,589.90784,396.02643,0.9887933,724.75134,478.4193,0.94537866,592.64276,476.9325,0.928738,701.8642,544.8159,0.8986119,628.3001,528.8777,0.8819647,697.68976,561.3927,0.86625993,613.38586,559.7904,0.8658249,722.52405,582.6231,0.18885186,617.6983,578.094,0.18886706,688.0273,587.6669,0.029572427,637.44366,580.533,0.02921477
654.0,650.15955,333.20508,0.98786867,665.5355,320.7381,0.9732492,636.05316,318.5548,0.96558845,686.34033,331.9032,0.83601254,615.6783,326.9339,0.7343535,711.3577,400.02307,0.9911459,589.7034,395.83557,0.9888773,724.73773,478.40808,0.9444624,592.2801,476.18713,0.9292292,701.98065,544.7126,0.89745486,628.54333,528.8705,0.8824427,697.43787,560.8285,0.86650336,612.95575,559.13696,0.867108,722.43066,579.8818,0.19425067,616.4394,575.36395,0.19572932,687.98987,585.95935,0.031220078,636.62036,579.13074,0.031034589
655.0,650.1562,333.1861,0.9878764,665.556,320.71735,0.9732462,636.0655,318.4696,0.9656744,686.31226,331.84808,0.8353486,615.6215,326.74402,0.7352879,711.1971,399.92004,0.9911469,589.6104,395.9679,0.9888501,724.7482,477.75287,0.94476175,592.25195,476.34802,0.92924404,701.947,544.31244,0.8979517,628.35284,529.12524,0.88261366,697.71045,560.93787,0.8675034,613.20605,559.367,0.86787295,723.27655,580.77954,0.19455293,616.7346,576.3024,0.19570354,689.25415,586.82135,0.031120628,636.8566,579.83997,0.0308896
656.0,650.1804,333.12433,0.98789984,665.68115,320.73853,0.97308195,636.0461,318.32214,0.9660293,686.3737,332.15173,0.8336277,615.3906,326.70288,0.7384327,711.0524,400.21008,0.99111885,589.46,395.8822,0.98897123,724.5209,478.242,0.94371116,592.43085,476.57562,0.92947316,701.7256,544.4621,0.89602387,628.3418,529.1582,0.8823136,697.5379,560.3122,0.8685522,613.12933,558.53394,0.8697797,722.9847,580.5713,0.19930655,617.38684,575.5668,0.20186073,689.05273,586.8825,0.032333434,637.92584,579.3053,0.03227982
657.0,650.2178,333.21252,0.9878973,665.66425,320.7968,0.97294724,636.02515,318.41187,0.9663193,686.2828,332.09564,0.8314086,615.2794,326.73267,0.74049115,711.0078,400.14355,0.99092996,589.3626,395.88904,0.98885113,724.65216,477.4071,0.942711,592.1394,475.86877,0.92919815,701.94775,543.64307,0.89510965,628.0455,528.6731,0.882486,697.54425,560.9359,0.86538017,613.056,559.1799,0.86713946,723.1425,579.47815,0.1954177,617.0237,574.4555,0.19860649,688.82904,585.7154,0.03186232,637.2628,578.1007,0.031887382
658.0,649.9022,333.08374,0.98792636,665.43616,320.73438,0.9731091,635.8122,318.25177,0.96606433,686.1471,332.2478,0.83371544,615.226,326.64673,0.7379147,710.7588,399.9818,0.991133,589.2326,395.93408,0.9890031,724.4185,477.0758,0.9437375,592.36554,476.4709,0.9296098,702.2095,542.746,0.8966774,627.8974,528.5547,0.88302153,697.49854,559.2343,0.86898094,613.12946,557.5797,0.8701995,723.5952,576.7021,0.20485136,617.5146,571.688,0.20772126,689.136,583.5524,0.03402838,637.869,575.8114,0.03402689
659.0,649.836,332.9787,0.9878629,665.3225,320.67493,0.9729639,635.8058,318.21735,0.9658284,685.9429,332.1488,0.8329705,615.275,326.5708,0.73737717,710.62604,399.74164,0.9911206,589.21954,395.646,0.9888043,724.5329,476.86328,0.9442074,592.2175,476.1609,0.928826,702.33276,542.6677,0.89734054,628.0472,528.50867,0.8821318,697.0712,560.408,0.8661996,612.8101,558.67993,0.8665395,722.0483,579.6163,0.19363463,617.0177,574.5527,0.19487825,687.1201,584.3616,0.031179398,636.9308,576.60583,0.030957103
660.0,649.5729,332.9441,0.98767865,665.1671,320.7309,0.97268707,635.6374,318.10303,0.9652816,685.6963,332.42078,0.8326643,615.09564,326.43085,0.7362871,710.6071,399.9001,0.9909831,588.9344,395.52905,0.98851156,724.4992,478.4397,0.9435111,592.84454,477.5442,0.9269513,701.28094,545.54266,0.89461976,630.1225,529.738,0.87816167,697.4491,563.155,0.85922974,613.0853,561.21277,0.8589699,720.05396,588.9641,0.17072421,617.678,583.5069,0.17068091,685.3148,591.1044,0.025644094,638.7413,582.6582,0.025312603
661.0,649.6464,332.8932,0.9877151,665.2879,320.72046,0.97262996,635.6849,318.00177,0.9655369,685.7828,332.55353,0.83178645,615.0232,326.3941,0.73808867,710.5596,399.9934,0.9909915,588.9834,395.3891,0.9886459,724.3085,478.68286,0.94304276,593.0297,477.65753,0.9275733,701.5354,544.16516,0.89426255,630.5053,529.0885,0.87901115,697.5525,562.106,0.8615501,613.25464,560.04407,0.8620289,719.8041,587.91644,0.17691395,617.49817,582.1601,0.17778265,685.50977,590.2685,0.026954949,638.7105,581.53186,0.026719838
662.0,649.59534,332.97284,0.98774505,665.2712,320.73346,0.97274125,635.6218,317.97784,0.9655415,685.7973,332.48218,0.832446,614.926,326.2621,0.7375562,710.3366,399.83264,0.99109787,588.8392,395.37726,0.988721,724.08527,478.42615,0.94386506,593.2045,477.92938,0.9280399,701.57104,543.13904,0.8959529,630.5968,528.8164,0.88012856,697.2713,560.8229,0.86506855,612.9115,558.8858,0.86516917,720.7201,585.8832,0.1848655,617.1752,580.3313,0.18547156,686.86,589.2256,0.028578937,638.3075,580.7007,0.028293073
663.0,649.48987,332.99097,0.9877972,665.2384,320.73633,0.9728576,635.5488,317.9234,0.96559215,685.8351,332.4806,0.83311635,614.87366,326.11554,0.73690885,710.1819,399.7392,0.9911761,588.8287,395.17444,0.988814,724.04474,478.1233,0.944393,593.2603,477.51575,0.9287152,701.7716,543.3679,0.89694035,630.5482,528.7292,0.8812609,697.08905,560.04333,0.86746347,612.79126,558.0575,0.8676005,720.8206,584.23694,0.19036716,616.8588,578.6187,0.19114682,687.2133,587.72766,0.029807776,637.97687,579.1805,0.029535413
664.0,649.4512,332.89917,0.9878175,665.285,320.67865,0.97296584,635.49744,317.7921,0.9655336,685.92487,332.539,0.83318937,614.752,325.99536,0.73528147,710.0749,399.7791,0.9911138,588.9201,394.99146,0.9886404,724.1893,478.1598,0.9447185,593.37726,477.26245,0.92835224,701.4862,543.7656,0.8975934,630.76953,528.74493,0.8813068,697.2629,561.0304,0.8656114,612.9963,558.9524,0.8653101,721.4139,586.9279,0.18277621,617.6094,581.0719,0.18298844,688.5488,589.88074,0.027895987,638.156,581.1309,0.027580827
665.0,649.4479,332.92084,0.9878478,665.3043,320.6751,0.97303605,635.4645,317.8015,0.9656452,686.01605,332.5221,0.8335269,614.70374,326.00946,0.7354735,710.27277,399.91107,0.9911016,588.8598,395.06763,0.9886971,724.23315,478.3614,0.9444171,593.2113,477.31232,0.9285641,701.44275,543.7255,0.8971504,630.57495,528.78534,0.8814771,697.411,561.0773,0.8657329,612.9506,558.96954,0.86581194,721.9201,586.1885,0.18445534,617.5048,580.23334,0.18522638,689.15497,589.6353,0.028372437,638.2822,580.7609,0.028128296
666.0,649.70703,332.96075,0.9878515,665.53436,320.69122,0.972738,635.5856,317.8037,0.96605873,686.08246,332.62854,0.83014876,614.57526,326.14398,0.73995787,710.24927,399.83832,0.99103,588.7667,395.18402,0.98870564,724.2667,477.96063,0.94361657,593.24786,477.50574,0.9285332,701.62585,543.08386,0.8960866,630.6168,528.7329,0.88154167,697.5663,560.3622,0.86474454,613.09546,558.3616,0.86524475,722.2066,584.27966,0.18558219,618.07166,578.379,0.18702194,688.95514,587.8772,0.028896302,638.64075,578.93835,0.028713405
667.0,649.70575,332.86682,0.9878812,665.5596,320.62427,0.9727809,635.6182,317.66876,0.96612024,686.0843,332.55157,0.83010757,614.56964,325.91827,0.74037004,710.1865,399.5819,0.9911151,588.7008,394.97943,0.9887364,724.37585,477.6468,0.9443978,593.3206,477.74298,0.92891157,701.32806,542.42737,0.8973112,630.8031,529.1205,0.8821078,697.4573,560.3785,0.8673457,612.8779,558.3901,0.867448,722.84485,585.34283,0.187965,618.093,579.3054,0.1889652,690.0502,589.2645,0.029113084,638.3276,580.0973,0.02886787
668.0,649.7346,332.79785,0.98788893,665.5725,320.5841,0.97275484,635.6511,317.59375,0.9661272,686.0444,332.552,0.8302505,614.57715,325.86133,0.74104476,710.36865,399.6902,0.9911647,588.6936,395.14642,0.9888493,724.5732,477.6501,0.94430995,593.54584,477.93262,0.92917657,701.33453,542.4375,0.8969673,630.5166,529.15875,0.8821093,697.92554,560.56165,0.86777115,613.2803,558.5511,0.8681319,722.8587,584.6587,0.189755,618.1758,578.5167,0.19104779,689.72815,588.5237,0.029613018,639.04456,579.1376,0.029407382
669.0,649.74567,332.761,0.9878805,665.6027,320.53888,0.9727037,635.6377,317.54053,0.96617734,686.06287,332.5617,0.8295535,614.5251,325.85614,0.74143326,710.3396,399.6997,0.9911001,588.6222,395.22424,0.9887899,724.4924,477.6277,0.9438524,593.46045,478.13428,0.92878145,701.4737,542.21924,0.8963549,630.7252,529.02405,0.8816353,697.94904,560.886,0.8664746,613.30304,558.90326,0.8669096,722.4926,585.35974,0.18737116,618.22296,579.22955,0.18868485,689.18756,588.9992,0.029116869,639.06323,579.55505,0.028915167
670.0,649.65283,332.68652,0.98797643,665.48486,320.45953,0.9729469,635.54065,317.50092,0.96635395,686.0056,332.50153,0.83109826,614.47943,325.89294,0.74119484,710.2988,399.88165,0.9912128,588.6404,395.352,0.9890156,724.47614,477.41724,0.944361,593.36646,477.54028,0.93008256,701.75476,542.3063,0.8972918,630.2594,528.76337,0.8834525,697.946,560.14307,0.87142366,613.2649,558.16394,0.87234867,723.3988,583.1545,0.19959903,617.81146,577.0615,0.20188165,690.81354,588.334,0.031831264,638.7999,579.02783,0.031742185
671.0,649.76733,332.75653,0.9879818,665.58203,320.49072,0.9727626,635.5708,317.51526,0.96674705,686.0219,332.5373,0.8287843,614.3534,325.93372,0.74442697,710.2218,399.96777,0.9910573,588.52527,395.46533,0.98905814,724.34406,477.53485,0.94285,593.44543,477.62268,0.9301622,701.657,542.99384,0.894993,630.1814,529.0518,0.88328207,698.0406,559.5749,0.8696513,613.3341,557.62366,0.87170017,723.4055,580.36554,0.20209071,617.4868,574.40076,0.2060596,690.6346,586.2688,0.033023357,638.7386,577.145,0.033144087
672.0,649.7465,332.789,0.98795944,665.58734,320.50745,0.972785,635.5388,317.5161,0.9665625,686.0413,332.56384,0.82904947,614.3181,325.91675,0.7426728,710.2039,400.00934,0.990991,588.6316,395.40338,0.98891985,724.3993,477.6831,0.94280493,593.68933,477.4016,0.9295596,701.4083,543.52264,0.89498115,629.92377,528.6748,0.882799,698.1968,560.0274,0.86660576,613.5846,558.0254,0.86840916,723.3064,581.3278,0.19445449,617.9195,575.37866,0.19785395,690.30884,586.4287,0.031257123,639.01135,577.40283,0.031318545
673.0,649.75,332.73853,0.9880382,665.6227,320.42926,0.97301435,635.5422,317.4096,0.9666483,686.117,332.4478,0.8301698,614.3145,325.753,0.7420861,710.12164,399.92346,0.99110425,588.7508,395.41614,0.9890603,724.3502,477.5484,0.94376576,593.8129,477.4707,0.93059134,701.21686,544.10345,0.89637196,629.9722,528.7917,0.88429654,698.4649,559.83887,0.87100244,613.8302,557.90283,0.8727686,724.57196,581.318,0.20239216,618.02246,575.38855,0.20602044,692.9269,587.9513,0.03276679,639.17523,578.77795,0.032856554
674.0,649.94196,332.89197,0.9880513,665.7924,320.55438,0.9730445,635.69006,317.54785,0.966834,686.25146,332.40466,0.8289131,614.3182,325.74744,0.7429565,710.089,399.97766,0.9910039,588.6382,395.41534,0.98889685,724.64,477.78693,0.9437039,593.3253,477.4348,0.9301392,701.19885,544.9566,0.8966019,630.2159,529.03314,0.8842616,698.1848,561.04626,0.86981857,613.4449,559.10016,0.87136006,723.995,583.7293,0.1978747,617.10266,577.9784,0.20084766,692.4674,590.60516,0.03153932,637.3835,581.71564,0.031518698
675.0,650.0693,332.8354,0.9880891,665.856,320.53876,0.9729618,635.8013,317.56384,0.9670117,686.2359,332.43567,0.82769537,614.4173,325.86157,0.7444518,709.916,399.92108,0.99101317,588.83344,395.58862,0.98898584,724.5146,477.45654,0.9435792,593.5416,477.4599,0.93059564,701.3768,544.5837,0.8965092,629.79114,529.09595,0.884845,698.4754,560.77856,0.8706002,614.02014,558.99255,0.8724998,724.2121,582.4663,0.20101011,617.8059,577.0566,0.20458764,692.33264,589.2632,0.032372266,637.6716,580.8761,0.03242311
676.0,650.0641,332.83997,0.9880842,665.8097,320.47546,0.97298944,635.7902,317.6258,0.96689904,686.23553,332.29205,0.8280117,614.51465,325.9571,0.7432349,710.037,399.87317,0.990996,588.94226,395.35754,0.98888314,724.41187,477.7284,0.94377303,593.17944,476.87073,0.9302934,701.41205,545.12445,0.8968229,629.7099,529.09937,0.8845868,698.2622,561.14923,0.8690313,613.7985,559.2869,0.87065923,723.25165,583.7639,0.19503254,617.17444,578.4546,0.1979338,690.9723,589.43677,0.030898303,636.5525,581.3867,0.030857772
677.0,650.24426,332.8346,0.98811024,665.9301,320.4768,0.9730993,635.94836,317.73108,0.9670346,686.4243,332.3626,0.82914066,614.76636,326.2718,0.743996,710.2953,400.03082,0.99103844,589.1423,395.80756,0.9890811,724.1909,478.3064,0.9437343,593.4586,477.69183,0.9312624,701.15625,546.0826,0.8959287,629.92865,529.633,0.8850568,698.9082,560.4521,0.87228453,614.1802,558.87195,0.87449205,726.8191,581.8744,0.20422465,618.67017,576.90894,0.20874128,696.07587,589.99207,0.033097863,638.46747,582.15375,0.03327629
678.0,650.3403,332.81067,0.98799545,665.9843,320.43286,0.97288275,636.0104,317.72687,0.96675247,686.4057,332.26483,0.82823455,614.7633,326.27356,0.74354124,710.45544,399.95355,0.9909203,589.0155,395.91003,0.9888381,724.24146,478.55798,0.9430505,593.39685,478.21356,0.9295647,700.95966,545.552,0.8949959,629.6519,529.1563,0.8829558,698.83734,560.9784,0.86661553,614.0887,559.42645,0.8683088,725.25073,583.00854,0.19231069,618.3753,578.234,0.19548103,692.8958,589.24963,0.030549437,638.0707,581.57654,0.030553937
679.0,650.33594,332.76862,0.9879978,665.9987,320.4007,0.97296906,636.0196,317.71484,0.96668446,686.5016,332.19733,0.82924813,614.82007,326.24597,0.7422774,710.6386,399.9131,0.9909047,589.0894,395.89447,0.98885274,724.34247,478.67065,0.94281673,593.47144,478.37842,0.92950183,701.00653,545.1535,0.89477026,629.87164,528.9689,0.8827746,698.6789,561.4316,0.86624944,613.8767,559.83,0.8681065,724.73553,583.0025,0.19256386,617.92206,578.11456,0.19590655,692.30426,589.4202,0.030691296,637.8182,581.5764,0.030727237
680.0,650.4143,332.76288,0.98799443,666.1171,320.40405,0.9730012,636.125,317.6651,0.96651685,686.62134,332.23932,0.8296778,614.9325,326.1665,0.74147916,710.7295,399.87488,0.9909882,589.19543,396.21393,0.98883504,724.5596,478.36078,0.94355947,593.6821,479.22827,0.9292887,701.04816,544.5193,0.8958818,629.6699,529.1693,0.8826926,699.1368,561.5776,0.8667479,614.4026,560.13586,0.8679056,725.725,584.4759,0.19086066,619.3315,579.6131,0.19330221,692.9888,590.7415,0.029984564,638.95703,582.60614,0.029920578
681.0,650.43536,332.84827,0.9880382,666.1706,320.46173,0.97312367,636.1063,317.7591,0.9665667,686.73505,332.3261,0.8299395,614.891,326.34326,0.7406613,710.72943,399.63373,0.99100083,589.3993,396.39233,0.9888041,724.86505,478.41327,0.9439596,594.2623,480.14337,0.92929816,701.0123,544.8365,0.8964144,630.2179,529.6989,0.8826959,699.26056,561.6357,0.8676831,614.5636,560.38116,0.8685459,726.22095,585.9543,0.19036534,619.83044,581.38214,0.19249916,693.95764,592.34924,0.029613495,638.693,584.40564,0.029512197
682.0,650.5637,332.8968,0.98800975,666.27234,320.42175,0.97307676,636.1551,317.79297,0.9665457,686.85065,332.11646,0.82975614,614.89276,326.3181,0.7407305,710.8912,399.6264,0.9909332,589.4978,396.36346,0.9887692,724.83026,478.2401,0.9433633,594.35974,479.7152,0.9289192,701.49677,544.0918,0.8956522,630.6204,529.3033,0.8821529,699.2562,561.8687,0.86654115,614.59875,560.61566,0.86761534,725.6584,586.5338,0.18868425,619.7326,582.0093,0.19096193,693.11975,592.8518,0.029278606,639.1037,585.0111,0.029196054
683.0,650.6233,332.8,0.98803705,666.3906,320.39752,0.9730234,636.27014,317.70905,0.9666991,686.978,332.34247,0.82921886,615.0499,326.35754,0.7420026,710.8535,399.85492,0.9909408,589.5238,396.37616,0.988834,724.95465,478.39758,0.9432403,594.45105,479.53735,0.9293328,701.37164,544.2653,0.8952702,630.8021,529.15155,0.8825933,699.4948,561.8258,0.8669924,614.8838,560.5836,0.86837995,726.9124,586.7155,0.18877238,621.2605,582.2417,0.19176787,694.6306,592.94183,0.029251039,640.4907,585.4204,0.029260486
684.0,650.5685,332.8352,0.98795795,666.2932,320.3374,0.97295916,636.2339,317.74872,0.9663214,686.91724,332.08557,0.8300426,615.1275,326.2834,0.74004126,711.1727,400.10895,0.99087083,589.7743,396.25635,0.98872566,724.93066,478.66968,0.94274694,594.4689,478.35626,0.9285438,701.1831,545.05725,0.8943708,630.2115,529.1378,0.8813108,699.8979,562.54364,0.86296225,615.4613,561.0752,0.8644552,724.89545,588.6868,0.17886624,620.7258,584.1647,0.18132365,691.3074,592.04156,0.027171731,640.6415,584.8253,0.027134597
685.0,650.6438,332.8131,0.98793244,666.27844,320.23346,0.9728469,636.30725,317.7309,0.9661352,686.8476,331.78583,0.8304862,615.3003,326.1928,0.740638,711.3119,399.93475,0.99106133,589.81323,396.51837,0.98893714,724.75824,478.49927,0.9432996,594.5659,478.83588,0.92893505,701.1208,545.1605,0.8948536,629.853,529.09357,0.8815032,700.0833,561.8644,0.8644453,615.74445,560.5944,0.86569756,724.8747,584.9004,0.18543005,621.00696,580.7229,0.18769613,690.2679,588.9984,0.02885893,641.9213,581.8838,0.028787255
686.0,650.6575,332.67383,0.98800457,666.3308,320.12158,0.9730275,636.30743,317.67145,0.96618974,686.9924,331.8354,0.8309298,615.32025,326.3369,0.7393514,711.31757,399.72473,0.9910835,589.9171,396.66394,0.9888725,724.9072,477.89203,0.9441235,594.54584,479.0326,0.9291481,701.2644,544.1973,0.8965353,629.9264,528.989,0.882329,700.1514,562.16486,0.86606556,615.75385,561.07245,0.86685175,725.4133,587.5094,0.18342143,621.3752,583.5587,0.18509862,691.15076,590.9631,0.027940601,640.98474,584.06915,0.027801275
687.0,650.70935,332.69397,0.98804533,666.432,320.11255,0.97307014,636.3348,317.61877,0.9666465,687.1858,331.7547,0.8304846,615.31134,326.187,0.74099517,711.4151,399.70172,0.9908626,590.037,396.346,0.98901355,724.60144,478.00098,0.9420366,594.6201,478.56824,0.9298791,701.16095,543.7816,0.8935575,630.25244,529.11224,0.88269186,700.4864,561.1221,0.86587226,615.93616,559.9095,0.86872464,726.22205,583.3361,0.19176453,620.42285,579.1355,0.19645485,693.3877,588.9667,0.030476421,640.97943,581.96387,0.030725509
688.0,650.6592,332.68243,0.98807526,666.41565,320.05194,0.9732045,636.25226,317.62097,0.9665525,687.25073,331.7412,0.83095276,615.2709,326.29114,0.73876864,711.4434,399.62695,0.9908216,590.1526,396.4735,0.9888618,724.7903,477.60144,0.9423797,594.5722,478.4375,0.92940223,701.37976,543.53326,0.89460576,630.06555,528.6191,0.8828269,700.41797,561.7213,0.86382306,615.90344,560.56525,0.8661821,725.88965,584.2282,0.1859295,620.39307,580.13654,0.18974721,692.7756,589.0319,0.029096514,640.17145,582.09033,0.029240578
689.0,650.6022,332.5943,0.9880906,666.34534,320.0067,0.97309697,636.2997,317.5337,0.9666165,687.1598,331.73822,0.83135295,615.4519,326.167,0.7414498,711.4775,399.8374,0.9911083,590.182,396.5705,0.98924005,724.8406,477.87402,0.9432095,594.7661,478.739,0.93091595,701.2778,543.7735,0.8950522,630.6177,529.04865,0.8840069,700.48755,560.5818,0.87074554,616.0919,559.43616,0.87325096,727.4174,583.10443,0.20001772,622.0065,578.81744,0.20486563,694.70337,589.48816,0.031986296,642.68066,582.19745,0.03225729
690.0,650.6052,332.63654,0.98805296,666.2149,320.16516,0.9731665,636.49896,317.72705,0.96666646,687.0356,331.58368,0.83308613,615.9259,326.01404,0.74389076,711.80273,399.7619,0.9912213,589.54767,396.7215,0.9894693,725.8587,476.8501,0.9437948,593.518,478.11157,0.9319099,701.4537,544.0026,0.8948335,630.93115,529.915,0.88438094,701.53674,562.1467,0.87475973,616.455,561.4269,0.87733877,731.9758,582.7039,0.20826653,623.9873,579.0869,0.21398768,700.4675,593.58496,0.033773303,646.27136,587.1853,0.034160107
691.0,650.6021,332.68384,0.9880285,666.16956,320.1419,0.97312284,636.45197,317.75555,0.96665597,686.9676,331.52917,0.8329507,615.89056,326.08917,0.7442234,711.84326,399.91718,0.99120283,589.47986,396.8471,0.9894692,725.707,477.25732,0.94350433,593.4702,478.2564,0.93174875,701.37335,544.36255,0.89426965,631.04004,530.03876,0.88406336,701.509,561.9744,0.8742914,616.3357,561.27594,0.87695676,732.3383,581.71014,0.20950618,623.9422,578.166,0.21545827,700.8856,593.3143,0.03424403,646.55914,586.9998,0.034661233
692.0,650.42883,332.63818,0.98803973,666.16473,320.06836,0.9734386,636.38806,317.68817,0.9662107,687.2982,331.41095,0.8359585,616.0358,325.8838,0.7385553,711.8769,399.80096,0.9912652,589.7108,396.5985,0.98933834,725.6988,477.53918,0.94459224,593.47833,478.28363,0.9312732,701.11346,544.3668,0.896281,631.21814,530.213,0.88393795,701.04987,562.1636,0.87435555,616.0188,561.41833,0.8760613,732.0426,584.05133,0.2049683,624.1581,580.56354,0.20937285,700.65356,594.25037,0.032740146,645.9622,588.255,0.032969236
693.0,650.63947,332.64917,0.9880004,666.37244,320.10364,0.97343975,636.64545,317.72595,0.9659406,687.46857,331.47357,0.8360193,616.3092,325.93524,0.73601544,711.971,399.8772,0.99116534,590.2153,396.4217,0.98906696,725.92737,477.1427,0.94470394,593.4251,477.3474,0.93022996,701.1669,544.0193,0.89740753,630.74274,529.96246,0.8835095,700.3714,562.2554,0.8706143,615.75934,561.18884,0.8717353,728.65326,585.7718,0.1947009,622.3708,581.88544,0.19745168,696.1752,593.39154,0.030341178,642.9592,587.10474,0.030359209
694.0,650.7498,332.81635,0.98789227,666.44885,320.28784,0.9732559,636.75323,317.86285,0.96561563,687.43427,331.60144,0.8351615,616.3328,325.96722,0.73444915,711.9764,400.05103,0.9910346,590.269,396.09845,0.988737,725.9013,477.41357,0.9443437,593.40594,476.73645,0.92865086,701.25385,544.1481,0.89747536,630.6303,529.8297,0.88219196,699.4771,562.5663,0.8643497,615.05133,561.1277,0.86474717,725.8899,586.3833,0.1824606,620.9835,581.984,0.1837489,691.508,591.7317,0.027906477,640.81836,585.0176,0.027749777
695.0,650.8524,332.86902,0.98784804,666.48346,320.31348,0.9730786,636.8603,317.96906,0.96558654,687.41156,331.54376,0.834672,616.47345,326.0844,0.7361186,712.1058,399.96863,0.99111086,590.05756,396.1999,0.98880863,725.98267,477.54675,0.94446397,593.1642,477.06085,0.9286878,701.5277,544.04346,0.8974256,630.7889,529.6813,0.88191617,698.99536,562.28516,0.8646517,614.4166,560.9376,0.86486316,725.10175,585.2345,0.18364209,620.22015,581.1375,0.18466955,690.04694,590.4618,0.02824372,640.4067,584.047,0.028028369
696.0,651.03723,333.03052,0.98790157,666.62354,320.43835,0.9731268,636.95483,318.23993,0.96599054,687.60596,331.62183,0.83369863,616.5778,326.492,0.73707473,712.31885,399.97778,0.99087465,590.2863,396.30548,0.98876494,726.08154,476.92273,0.94293,592.77936,476.16956,0.9287336,702.0062,543.6854,0.89555085,630.6969,529.31244,0.88199824,698.966,563.1248,0.8622159,614.3414,561.7913,0.8636695,724.45825,584.2578,0.18270728,619.3467,580.2451,0.18520677,689.64014,590.29926,0.028457314,639.32697,584.07996,0.028422236
697.0,651.17896,333.14038,0.98791087,666.83923,320.57562,0.9730469,637.12524,318.2199,0.966095,687.7546,331.69354,0.8325416,616.6227,326.23175,0.73809314,711.99634,399.72137,0.9908937,590.18134,396.31482,0.98877835,725.9482,476.7907,0.9430902,593.24445,477.1659,0.9287243,701.7744,543.7226,0.89577544,630.5648,529.3478,0.8820677,698.5465,563.083,0.86215734,614.0133,561.86456,0.8633616,725.0169,583.0717,0.18422037,619.68677,579.16534,0.18660083,690.0462,589.728,0.02891472,639.47253,583.3669,0.028853744
698.0,651.3709,333.1328,0.9879081,666.96106,320.6469,0.97282934,637.3099,318.2296,0.9663477,687.6592,331.82056,0.8300862,616.64575,326.24896,0.7411449,711.90643,399.88678,0.99084204,590.13824,395.9933,0.98873186,725.7638,476.96106,0.94276917,592.9996,476.47766,0.9288089,701.8728,543.56396,0.8954591,630.66925,529.35846,0.88221836,698.29596,563.47125,0.86153376,613.7621,561.9683,0.8629955,723.28534,584.30725,0.18130329,618.1591,579.9984,0.18362519,688.09094,589.5741,0.028245687,637.62134,582.9625,0.028152943
699.0,651.4293,333.1922,0.98787785,667.04095,320.67505,0.97286075,637.4115,318.25745,0.966207,687.7504,331.68964,0.83045745,616.7389,326.09222,0.74026704,712.0111,399.771,0.9908451,590.1853,395.69763,0.9886287,725.9332,477.03845,0.9431336,592.8513,476.16547,0.92839783,702.12994,542.6616,0.89614654,630.1786,528.86145,0.88175476,698.0575,564.0086,0.8622317,613.54156,562.3925,0.8632506,722.022,589.10693,0.1762807,617.56036,584.78906,0.17765042,686.52747,592.1196,0.026632309,636.6859,585.6993,0.026423156
700.0,651.57477,333.1194,0.9878002,667.2038,320.57495,0.9727924,637.5763,318.14966,0.9658817,687.8421,331.51764,0.8305515,616.8658,325.9026,0.73962975,712.20215,399.5088,0.9909109,590.20044,395.68365,0.98847365,726.00586,477.7693,0.9438041,592.90625,477.66003,0.9272465,702.171,542.42773,0.8964298,630.2513,528.9917,0.87968385,698.0235,565.30786,0.86173344,613.45844,563.7508,0.8614898,721.17194,596.5257,0.16645783,618.1245,592.2053,0.16598311,685.5245,597.6135,0.023887485,637.1645,590.80066,0.023482442
701.0,651.6288,333.1505,0.98783314,667.2138,320.59564,0.9727295,637.62604,318.1978,0.9661176,687.8498,331.4502,0.829844,616.9369,325.89423,0.741722,712.1481,399.3941,0.9909885,590.3144,395.42377,0.9886507,726.05096,477.37476,0.94404256,592.9756,476.96094,0.92839384,702.3857,541.6371,0.8969703,630.6114,528.87463,0.88131773,698.0449,564.12085,0.8656921,613.5681,562.6061,0.8659183,722.57697,594.28314,0.17524344,618.9442,590.0149,0.17564395,687.2912,596.49976,0.025667518,637.8719,589.9674,0.025336564
702.0,651.72034,333.06567,0.98777986,667.324,320.56653,0.97240865,637.70306,318.0713,0.96647525,687.91437,331.49048,0.8273128,616.91876,325.7328,0.74522865,712.0522,399.51202,0.9907377,590.17285,395.27002,0.988693,725.9439,477.18756,0.94154334,592.9054,476.45135,0.92822134,702.3219,541.03345,0.8934243,630.5825,528.4421,0.8808539,698.08356,563.0737,0.8619138,613.67816,561.502,0.86381257,723.4149,588.6681,0.1789433,619.6489,584.24567,0.18177918,687.9016,592.4921,0.027366072,639.38367,585.98083,0.027320892
703.0,651.6978,333.0199,0.9877955,667.32556,320.52246,0.97242665,637.6808,317.99426,0.9664312,687.87787,331.44904,0.82696486,616.85474,325.61902,0.7448692,711.73706,399.32996,0.99079543,590.19354,395.25922,0.9886339,725.87897,476.60486,0.9423934,592.88947,476.3993,0.9281992,702.66516,541.025,0.8949039,630.5202,528.3663,0.8813621,697.8769,563.0084,0.8623853,613.685,561.5165,0.8635799,723.351,588.90796,0.17799959,619.8802,584.53143,0.1799533,687.9911,592.30853,0.027019292,639.1821,585.67523,0.026863813
704.0,651.84143,332.9599,0.9878188,667.43933,320.45447,0.972406,637.80316,317.9151,0.9666009,687.91644,331.36536,0.8264973,616.892,325.55865,0.74652946,711.93695,399.20233,0.99083894,590.1626,395.18573,0.98874927,725.63763,477.0157,0.9422608,592.6096,477.03052,0.9286008,702.5187,540.76495,0.89460516,630.44165,528.41864,0.88151455,698.0081,562.411,0.86470234,613.6266,560.84686,0.866255,722.3365,588.9718,0.18275106,618.39075,584.4058,0.18494383,687.1365,592.65173,0.027937591,637.8293,585.5408,0.027790964
705.0,651.94604,332.80035,0.9878285,667.5531,320.38678,0.97231066,637.89185,317.77155,0.9667911,687.9451,331.50513,0.82543874,616.8451,325.5362,0.74831903,711.9878,399.5467,0.9908058,590.00397,394.8368,0.9887663,725.57043,477.92957,0.9417374,592.3903,476.44397,0.92870057,702.2077,541.54474,0.8935459,630.3304,528.54083,0.88125116,697.9588,562.71716,0.86416876,613.3935,560.8412,0.86617994,721.552,589.1947,0.18167713,617.5255,584.3007,0.18431664,686.7187,592.0803,0.027822703,637.28503,585.0551,0.027718544
706.0,651.9049,332.5807,0.9878767,667.5466,320.2307,0.9722825,637.8695,317.5027,0.96705806,687.9154,331.5055,0.82526994,616.76056,325.30792,0.750733,711.88367,399.68518,0.9909208,589.81226,394.84674,0.9890517,725.4183,477.88177,0.9416723,592.42236,476.5243,0.9299529,702.2994,541.3082,0.8933065,630.3942,528.57275,0.8825873,698.09265,561.25385,0.86875546,613.46265,559.3567,0.87147087,722.92303,585.64417,0.19529939,617.92175,580.50867,0.19953087,688.66223,590.2689,0.03101635,638.3779,582.89014,0.03109917
707.0,651.9376,332.60516,0.9878663,667.5051,320.18994,0.9722599,637.83984,317.57043,0.9669589,687.8552,331.4015,0.825676,616.74585,325.48633,0.75055754,711.9488,399.51257,0.99096966,589.96844,395.21887,0.9891429,725.2762,478.3324,0.94179046,593.15344,477.71533,0.93017125,701.95135,542.19543,0.8929547,630.69,529.26514,0.8822986,698.4901,560.8516,0.86911094,613.9021,559.21826,0.8719101,723.2949,585.194,0.19637626,618.36224,580.58777,0.20076495,688.87335,590.07935,0.031258076,638.994,583.10834,0.031362355
708.0,651.783,332.32648,0.98789185,667.38354,319.9699,0.97245634,637.75964,317.27142,0.96693087,687.8077,331.30347,0.82766926,616.734,325.20294,0.7492162,712.0682,399.95667,0.990965,589.8436,395.20538,0.98924154,725.196,478.65173,0.9413867,592.9195,477.12366,0.93049353,701.63715,542.24054,0.89252937,630.2798,529.0756,0.88266706,698.66766,560.6249,0.87003064,613.8841,558.7484,0.8734199,723.5692,582.954,0.20262077,617.3302,577.9408,0.20800257,689.6445,588.8604,0.03300628,638.7843,581.62445,0.033263028
709.0,651.68695,332.10675,0.9879012,667.3345,319.83423,0.9725153,637.6585,317.06744,0.9669138,687.81665,331.34918,0.8285607,616.65076,325.10907,0.7485654,712.0548,399.88666,0.99094343,589.786,395.45026,0.98934346,725.5037,478.79993,0.9407086,593.56506,478.0465,0.930512,701.6942,542.96924,0.89084685,630.31726,529.08936,0.8820931,699.3491,560.6935,0.8692944,614.58215,559.045,0.8731674,725.9201,581.0873,0.20555767,619.8554,576.2948,0.21226627,692.17426,589.0423,0.03405094,641.9293,581.87634,0.03452897
710.0,651.37866,331.90442,0.9879104,667.1614,319.73572,0.9728726,637.5512,316.81348,0.9664691,687.8027,331.36792,0.8321941,616.7535,324.6966,0.74355763,712.02155,399.995,0.9910266,589.8728,394.92126,0.9892673,725.73004,478.63617,0.9420824,593.24255,476.86023,0.93058926,701.2436,543.27966,0.8931705,629.9003,528.6763,0.8828451,699.44745,560.8955,0.87001526,614.7186,558.92224,0.8731557,726.2722,582.78345,0.20243949,619.8932,577.3865,0.20797363,693.4293,590.2889,0.03287983,641.91284,582.6498,0.033233523
711.0,651.2639,331.70007,0.98792875,667.04285,319.54144,0.9729378,637.437,316.6615,0.9665566,687.7308,331.26813,0.8324604,616.70685,324.6878,0.74360085,712.0075,399.91302,0.99097407,589.8736,395.17145,0.9892893,725.69275,478.72656,0.9417424,593.4544,477.61896,0.9307103,700.8828,543.3219,0.8922093,629.96924,529.1384,0.8824797,699.8297,561.3648,0.87005424,614.94183,559.59894,0.8735057,728.259,583.28986,0.20237401,620.9012,578.07526,0.20866165,696.5354,591.8439,0.032874912,643.0729,584.2594,0.03334251
712.0,651.33887,331.5713,0.9880549,667.1215,319.45148,0.97310567,637.4554,316.5821,0.9671216,687.8312,331.35736,0.8323605,616.6607,324.8296,0.74636734,712.0467,400.0791,0.99099016,589.89545,395.406,0.9895514,725.669,478.44452,0.94131786,593.3422,477.37518,0.9321971,701.2398,543.14294,0.89125484,629.8503,528.9996,0.88392854,700.4992,560.8493,0.8753884,615.402,559.2043,0.8799143,730.5341,581.93427,0.2164728,621.3826,576.7553,0.22538847,700.8075,592.7986,0.036218256,644.05786,585.214,0.037065744
713.0,651.2941,331.35437,0.98793447,667.0095,319.28772,0.9729309,637.3958,316.5171,0.96656984,687.6605,331.2583,0.83172596,616.60864,324.94202,0.74285036,711.96063,399.56122,0.9908528,589.9464,395.3202,0.98909235,726.0408,477.78168,0.94146746,593.42377,477.62244,0.92988276,701.7839,541.02246,0.89250886,629.6115,528.4317,0.88190794,699.978,561.43146,0.86773217,615.1786,559.88574,0.8709104,727.53784,584.5481,0.19553235,620.94946,579.7152,0.20104128,695.3348,591.51483,0.031199604,641.7817,584.4537,0.031559885
714.0,651.41675,331.37085,0.98795944,667.0978,319.27002,0.9727689,637.4564,316.53662,0.9670148,687.7282,331.169,0.8298236,616.6074,324.95477,0.74692345,712.00696,399.53784,0.990815,589.9073,395.40625,0.98927605,726.0514,477.4613,0.94044876,593.24097,477.47998,0.93066657,701.9977,540.88367,0.8908171,629.8438,528.62366,0.8825611,700.276,560.756,0.8694401,615.446,559.3512,0.8736603,728.95447,581.36,0.20486605,621.81885,576.65076,0.21252713,697.07776,590.13153,0.033810884,643.2032,583.1626,0.034463376
715.0,651.5408,331.19537,0.9879873,667.18005,319.20166,0.972673,637.51886,316.4682,0.9672668,687.73206,331.22864,0.82881707,616.55914,325.05786,0.7496292,711.97864,399.34222,0.9908791,589.90735,395.3285,0.9894527,725.93304,477.96124,0.94037884,593.6213,478.1068,0.93149686,701.62933,541.4923,0.8896386,630.05054,528.4154,0.8827269,700.68207,560.9451,0.8722001,615.7324,559.6825,0.8768152,730.91064,581.47943,0.21020842,623.39526,576.901,0.21917015,700.3394,591.5733,0.035003215,645.2467,584.6104,0.035831988
716.0,651.49316,331.13196,0.9880737,667.2395,319.21667,0.97280294,637.4938,316.33838,0.96748215,687.801,331.40625,0.82982063,616.4535,324.93457,0.7515203,711.8708,399.32477,0.99116135,589.8299,395.14398,0.98979115,725.5872,478.0658,0.941463,593.6774,478.29016,0.93301034,702.1867,541.88293,0.8900591,630.042,528.33704,0.88364995,701.1064,559.53864,0.88052857,616.0804,558.2369,0.8850436,732.4138,581.5509,0.22702557,624.13666,576.5782,0.23712036,703.8819,592.76654,0.03855145,647.22626,585.00757,0.039561212
717.0,651.3253,330.95258,0.98807096,667.1963,319.15955,0.97277635,637.3913,316.06604,0.9674498,687.77985,331.4948,0.82914215,616.2428,324.5506,0.7501271,711.664,398.88422,0.9910377,589.6016,394.69244,0.9896172,725.67114,476.93677,0.94114995,593.69434,478.21887,0.932486,702.2713,539.2097,0.8912052,630.2913,527.5572,0.88426745,700.82526,558.6762,0.87727,615.7738,557.21466,0.8817501,731.08276,578.98236,0.2227763,622.72546,573.49915,0.23234302,701.4304,589.08167,0.037939698,644.7134,580.6498,0.03889519
718.0,651.3339,330.72986,0.9879433,667.2759,319.03345,0.9725108,637.4309,315.81567,0.96715075,687.8094,331.53333,0.8287188,616.23584,324.31848,0.7495132,711.76965,398.69092,0.99088895,589.4561,394.4436,0.98949015,725.4646,476.82397,0.9395292,593.8048,478.51062,0.9309117,701.95123,537.81226,0.8885533,630.31915,527.0661,0.88148963,700.97687,558.8345,0.87217665,616.04376,557.25745,0.8769405,728.98663,579.90027,0.21318728,623.1078,574.1307,0.22233292,697.89636,588.7259,0.035898387,645.9852,579.93884,0.03680435
719.0,651.2994,330.34326,0.98812914,667.2337,318.7036,0.9728438,637.444,315.51123,0.9675563,687.8276,331.36682,0.8303678,616.294,324.19617,0.7505753,711.88245,398.69153,0.99114597,589.1921,394.4563,0.9898262,725.76746,476.32562,0.9408866,593.0299,477.92224,0.9328901,702.1276,537.6811,0.8909327,629.7191,526.685,0.88434535,700.507,558.0011,0.8807286,615.23047,556.36926,0.8855727,728.6468,578.1746,0.23351967,620.90704,572.4145,0.24389908,698.0829,588.9105,0.040537655,643.28937,580.1927,0.041632295
720.0,651.5408,330.3932,0.9880789,667.3444,318.62952,0.9731494,637.5553,315.62366,0.9674492,687.96027,330.94568,0.83319473,616.38965,324.26038,0.7481952,712.31335,398.87598,0.9909327,589.47253,394.00842,0.9897735,725.44336,478.0161,0.9393506,592.82983,476.86694,0.93229914,702.05664,540.2291,0.8871101,628.6405,526.964,0.88178146,700.8206,559.1478,0.8794333,615.2184,557.29504,0.8852111,728.7928,580.9324,0.2305572,619.41907,575.2685,0.24204728,700.813,593.39026,0.039877266,643.8096,585.24023,0.041140497
721.0,651.63544,330.51404,0.98808277,667.33044,318.60223,0.97314954,637.5419,315.77618,0.9674754,687.95416,330.65582,0.833292,616.3922,324.40033,0.748098,712.4524,398.8081,0.9908882,589.7327,393.8567,0.9898547,725.1726,478.12585,0.9387423,592.87024,475.7517,0.9326485,701.6494,540.7012,0.88640773,628.07336,526.2956,0.8823122,701.08795,558.6365,0.8793591,615.6376,556.77484,0.8858559,727.7065,578.59705,0.23477453,618.62555,573.38306,0.24739492,699.2518,591.0968,0.041389853,643.4636,583.85175,0.04284218
722.0,651.82526,330.4837,0.9881663,667.4635,318.58136,0.97297204,637.6413,315.74994,0.9680643,687.9437,330.59375,0.8303868,616.2922,324.38562,0.75390005,712.3038,398.5697,0.9910167,589.7637,393.8296,0.9901247,725.1619,477.33484,0.9391161,592.81934,475.5293,0.93438387,702.06665,539.4409,0.8870162,628.0763,525.62415,0.8847747,701.6222,557.43994,0.88507164,616.2037,555.76294,0.8919321,729.6221,576.30066,0.25108856,619.61066,571.1591,0.26591575,702.3281,589.9941,0.045625925,644.6019,582.60596,0.0474495
723.0,652.0185,330.4148,0.98806095,667.64545,318.57202,0.9725566,637.7968,315.68347,0.9680631,687.973,330.7398,0.82778096,616.2989,324.43274,0.75602406,712.3128,398.72107,0.99087894,589.8398,393.48358,0.99000347,724.78094,477.87054,0.9377805,592.9087,475.1504,0.93356395,701.375,540.1275,0.8848785,628.4336,525.57605,0.8834151,700.86646,557.0609,0.8809316,615.59674,555.0195,0.8882197,727.3313,574.8188,0.2441678,618.64655,569.0542,0.25895745,699.3545,587.1483,0.04454437,643.89844,579.08575,0.04633701
724.0,652.14795,330.30176,0.98810947,667.70135,318.52924,0.97253394,637.98865,315.61127,0.96814775,687.9456,330.7105,0.8282792,616.58673,324.3462,0.7565299,712.2685,398.7849,0.99101174,589.87494,392.9474,0.99025106,724.4137,478.1009,0.9378847,592.55054,474.1029,0.9347649,701.44006,539.5373,0.8856659,628.4215,525.28143,0.8851622,700.1351,556.10364,0.88318807,614.9986,553.745,0.89097387,725.09625,569.0509,0.25922886,616.41125,563.015,0.27566755,696.5249,582.8274,0.049551338,642.1372,574.96277,0.051704824
725.0,652.29474,330.1814,0.988266,667.80835,318.4254,0.97265804,638.1252,315.56305,0.9688425,688.00336,330.64227,0.8259003,616.72705,324.37256,0.76027983,711.8939,398.39215,0.99098873,590.07056,393.04108,0.9902942,724.70734,476.5063,0.93862295,592.4276,473.49756,0.9360939,702.5278,539.19214,0.8865895,628.6665,525.00793,0.8873508,700.96,556.5261,0.88769364,615.79645,554.64886,0.8954452,729.79706,571.2103,0.26482105,618.84546,565.7358,0.28277284,703.8506,586.77783,0.05027163,643.2847,579.3666,0.052639306
726.0,652.293,329.84857,0.9883295,667.7976,318.1353,0.9727876,638.0678,315.31836,0.9689217,688.00256,330.5647,0.826578,616.62006,324.42224,0.7597071,711.85406,398.32306,0.9910522,590.16406,392.98395,0.9903544,724.71686,476.49603,0.93908775,592.7158,473.1985,0.9365449,702.456,539.5306,0.8871889,628.33856,524.64856,0.88789713,700.7006,556.07184,0.8897331,615.4944,554.162,0.8973769,729.74963,570.2516,0.27063456,618.19617,564.79846,0.28898263,704.6182,585.9342,0.051925957,642.4616,578.6316,0.05439201
727.0,652.0774,329.6184,0.98831356,667.73553,317.9505,0.97299683,637.9347,315.06323,0.9685898,688.16,330.6093,0.8288499,616.63617,324.2467,0.75420886,711.94415,398.182,0.9908135,589.99585,392.86157,0.9901086,725.0725,476.11133,0.93789923,592.5774,473.14502,0.9350863,702.33716,538.86816,0.88658166,628.3633,524.69257,0.8865471,700.2891,556.4635,0.8829997,615.06226,554.4522,0.8910217,727.3037,569.34644,0.2562461,616.92554,563.92456,0.27356544,700.42786,584.44556,0.048469543,640.425,577.51904,0.050760925
728.0,652.01843,329.4886,0.9886205,667.83026,317.87964,0.97343177,637.88086,314.86517,0.96962297,688.3874,330.68823,0.82833624,616.52277,324.03748,0.75760746,711.29126,397.84143,0.99088705,590.04065,392.85132,0.990515,724.8893,474.89087,0.9382093,592.9027,473.0028,0.93799233,702.7478,538.5908,0.8868714,628.3011,524.9001,0.89019173,700.79095,555.9509,0.89214826,615.51697,554.3076,0.90101445,732.0438,567.0215,0.28536126,618.3448,561.9554,0.30828092,709.03937,586.47406,0.05684766,641.6455,579.95306,0.0603348
729.0,651.7451,328.99615,0.9884618,667.5872,317.48578,0.9733695,637.6886,314.44153,0.96883523,688.2776,330.5376,0.83149284,616.52893,323.8122,0.7517334,711.8169,397.8584,0.99078786,590.1155,392.46503,0.9903716,724.9415,476.0686,0.93673027,592.9524,473.5218,0.9362624,702.20197,538.4248,0.88501537,628.3312,524.43896,0.88770014,700.2485,555.1317,0.88571566,615.1422,553.0192,0.894984,728.2943,565.0709,0.27475044,617.5012,559.16565,0.29664347,702.4238,583.55505,0.05464369,641.0603,576.0241,0.058009
730.0,651.78516,328.57336,0.98851025,667.5457,317.29626,0.97337353,637.7866,314.2165,0.9691861,688.14606,330.71326,0.83084387,616.7207,323.9007,0.7522008,711.6626,397.86914,0.9904181,589.89954,392.4063,0.990363,725.0265,475.2013,0.9339795,592.57996,472.24805,0.9363507,701.53656,539.02124,0.881541,627.9532,524.16235,0.88781637,700.36084,556.253,0.87964493,615.10596,554.1147,0.89099956,727.87573,558.52454,0.2728653,616.15454,552.8425,0.2982396,701.7506,579.9293,0.056444377,639.7872,573.16565,0.060605556
731.0,651.5425,328.16986,0.98856294,667.44104,316.97992,0.97372997,637.61505,313.85797,0.96895796,688.2689,330.71338,0.833631,616.69775,323.7187,0.7469989,711.77203,398.0158,0.9903103,589.7213,392.33972,0.99017364,725.1108,474.56116,0.9340013,592.2477,471.3584,0.9355474,701.9137,538.4378,0.8820939,627.7528,524.03796,0.8871776,700.5505,557.6773,0.8760566,615.0217,555.4525,0.88730395,728.1528,559.79224,0.26027438,616.05066,553.91797,0.284145,701.72864,580.18066,0.05258882,639.2769,573.5032,0.05640146
732.0,651.595,327.93024,0.9886137,667.47736,316.77094,0.97379905,637.654,313.66608,0.9691294,688.3044,330.5985,0.83418405,616.7579,323.65466,0.7483541,711.87805,397.8781,0.99041665,589.7238,392.35718,0.9903604,725.1701,473.85693,0.9342986,592.1865,470.98645,0.93647885,702.43774,538.17267,0.8820792,627.8074,524.00964,0.8880155,701.0695,556.9291,0.8796431,615.38513,554.83887,0.8909539,729.9238,557.4519,0.27211636,616.6738,551.5886,0.2977956,704.57275,579.5145,0.056396127,640.6903,572.68665,0.060704798
733.0,651.62756,327.69952,0.9887599,667.5836,316.51263,0.97388715,637.57025,313.40942,0.9697741,688.4408,330.51422,0.83175486,616.49176,323.57172,0.7513165,711.60406,397.82196,0.9903157,589.66724,392.33063,0.9903656,725.32434,473.48566,0.93401897,592.0152,470.70874,0.9372319,702.7593,537.95337,0.8820512,628.01575,523.9829,0.8895023,701.2647,557.6754,0.8810295,615.4589,555.72095,0.89275324,731.8802,558.7403,0.27324325,617.4844,553.02747,0.30053073,708.2885,581.3979,0.05643031,640.5872,574.8804,0.060994983
734.0,651.65826,327.36096,0.9891417,667.6237,316.31348,0.97436917,637.6141,313.21124,0.97063595,688.4442,330.54987,0.8327749,616.4806,323.62585,0.7575499,711.1917,397.36395,0.9912422,590.0,392.40045,0.99119866,725.3982,473.41785,0.9398377,592.89844,471.79395,0.9423965,704.0119,538.2773,0.8880657,628.4436,523.9733,0.8951384,702.5377,556.98663,0.90464747,616.66077,555.57635,0.9141238,738.33813,566.0762,0.32195312,621.327,560.8394,0.35265237,720.53046,590.8579,0.067365825,644.42004,584.3851,0.072857976
735.0,651.7495,327.2102,0.9890771,667.6065,316.23975,0.97421604,637.7234,313.17352,0.9706364,688.3189,330.50342,0.8312392,616.5873,323.6836,0.7571682,711.09906,397.0506,0.9909185,590.0191,392.364,0.9909675,725.4103,472.25928,0.93832743,592.6697,471.18677,0.9415645,703.77966,537.2299,0.8870806,627.9785,523.5918,0.8947955,702.1164,556.7646,0.8992908,616.2879,555.36285,0.90956515,736.7351,563.05664,0.310498,619.4131,557.9143,0.34110957,717.6556,587.29065,0.06506902,641.3553,580.9717,0.07047528
736.0,651.92303,327.30927,0.9889866,667.8109,316.26025,0.9738896,637.7848,313.12787,0.9707087,688.48474,330.2693,0.82866263,616.4231,323.35596,0.75907445,711.24445,397.07098,0.9906442,590.10614,392.21033,0.9908878,725.41187,472.2384,0.93561244,593.16064,470.90918,0.940589,703.80963,536.47705,0.88321126,627.95886,522.9994,0.89317083,702.4452,557.10693,0.8943808,616.82275,555.58356,0.9058958,735.98083,561.6172,0.30300906,620.09436,556.2411,0.33513606,715.79,585.2992,0.06409544,643.27527,578.7269,0.06982255
737.0,652.2152,327.22015,0.9888549,668.11346,316.1272,0.9736259,638.0583,312.98157,0.97038746,688.7525,330.02356,0.82747924,616.583,323.08087,0.75810564,711.5146,396.9406,0.9904836,590.06384,391.979,0.99061036,725.4668,472.5381,0.93493336,593.1533,471.04114,0.93898,703.52783,536.8095,0.88266665,628.15717,523.1189,0.89136696,701.89026,557.14905,0.88805366,616.2034,555.47986,0.89956045,733.7818,561.1754,0.28463525,618.7612,555.75726,0.313721,711.6179,582.4277,0.05888611,641.5734,575.8441,0.06376836
738.0,652.3809,326.90436,0.98905337,668.20465,315.87054,0.9737768,638.1801,312.75543,0.9710424,688.75775,329.88818,0.8275111,616.6477,323.0689,0.76332533,711.5383,396.78674,0.9908788,590.09357,391.96265,0.991185,725.2887,472.4848,0.9363042,593.1114,471.0382,0.94199157,703.823,537.1852,0.8834516,627.73956,523.1231,0.89441025,702.5157,555.8886,0.8995743,616.6404,554.3882,0.91094923,736.1724,559.4525,0.32169765,619.2981,554.1967,0.35587177,716.3086,583.8201,0.070373744,643.04315,577.2839,0.07677448
739.0,652.3249,326.71777,0.989353,668.05316,315.70905,0.97433364,638.1564,312.7373,0.97174263,688.70776,329.68158,0.83090854,616.8913,323.17725,0.7661196,711.5378,396.87866,0.99137753,590.2789,391.71112,0.9919182,725.07635,472.45776,0.9381077,592.2919,469.4215,0.94593227,704.64124,537.88525,0.885223,627.3799,522.4817,0.89903057,702.77264,554.91156,0.91325694,616.80457,553.4071,0.9244213,738.15894,554.37427,0.38241792,618.546,549.21686,0.4239227,721.9391,585.20374,0.093039155,644.01697,579.0426,0.102538615
740.0,652.2542,326.80914,0.9890144,667.96967,315.6363,0.97403336,638.1228,312.7339,0.97056407,688.6851,329.33002,0.8327945,617.0001,322.95093,0.7591028,712.14465,396.979,0.99104655,590.16895,391.49274,0.9914073,724.69714,473.40796,0.9363278,592.13135,469.41895,0.9424087,703.38434,537.85205,0.8832923,627.2537,522.5721,0.894377,702.3069,555.19135,0.90085816,616.2355,553.32916,0.91247505,733.5723,553.37573,0.33896267,616.08716,547.98413,0.37439322,713.5009,579.76825,0.07824439,642.39514,573.53674,0.08545461
741.0,652.3075,326.51233,0.9888585,667.845,315.2104,0.97397834,638.11755,312.55066,0.9699633,688.6875,328.63422,0.83620083,617.29126,322.81537,0.7540284,712.694,397.2671,0.9907578,590.0824,391.5761,0.9914018,724.154,474.40015,0.93276525,591.75574,468.80432,0.9410713,702.34784,538.90985,0.8786955,627.07117,522.63654,0.89217156,701.41797,555.3015,0.8917258,615.41296,553.2742,0.905411,730.0766,543.75543,0.336575,613.9568,538.68567,0.37449592,706.5126,573.77405,0.08195275,642.22833,568.4534,0.09022236
742.0,652.1683,326.4394,0.988702,667.6681,315.07013,0.9739039,638.04333,312.5183,0.9692284,688.60583,328.33765,0.8383782,617.4084,322.72217,0.7494973,713.084,397.09033,0.99076056,590.18933,391.3307,0.99121815,724.12396,474.83417,0.9330156,591.8469,468.88977,0.9396578,701.6254,538.61005,0.87931466,627.3131,522.7477,0.89029694,700.8208,554.9231,0.8883516,614.90674,552.72186,0.9015703,727.34656,545.59406,0.32240534,613.0861,540.40515,0.35679984,701.4274,573.14636,0.076159745,641.08307,567.76886,0.08328986
743.0,652.00464,326.39825,0.9887941,667.62616,315.05048,0.97425056,637.91125,312.49023,0.96910346,688.72815,328.3999,0.84025645,617.37305,322.70532,0.7461855,712.90845,396.87366,0.9908905,590.4044,391.2445,0.99116665,724.2517,473.9325,0.93522465,591.86487,468.31934,0.94003785,701.9339,538.5101,0.88248694,626.9423,522.3104,0.8913791,701.2095,555.8164,0.8900242,615.3262,553.7473,0.90220916,729.5415,548.01746,0.31695968,614.6575,542.8314,0.34926796,705.362,575.07104,0.072766185,642.1787,569.569,0.07925069
744.0,651.97375,326.2885,0.9886666,667.5971,314.974,0.974077,637.88666,312.40723,0.9686277,688.68024,328.47522,0.8404304,617.36646,322.7556,0.7434536,713.1583,396.9132,0.99073243,590.4741,391.11023,0.99093926,724.39404,473.9579,0.93427837,591.97925,467.9099,0.9385303,701.8668,538.2424,0.8815289,626.70844,521.91486,0.88958323,701.50055,555.60876,0.88371485,615.75946,553.361,0.89620626,727.2387,548.06665,0.29823083,614.47455,542.72473,0.32825696,700.94806,572.09784,0.06678924,641.8701,566.61206,0.07254827
745.0,652.0429,326.2202,0.9887552,667.64404,314.89734,0.97412026,637.94775,312.38788,0.9691094,688.73004,328.37518,0.8388615,617.4191,322.75073,0.746105,713.0756,396.75122,0.9906616,590.535,390.7495,0.9909423,724.39325,473.36737,0.9343716,591.4053,466.76782,0.93944204,702.2478,537.97,0.8818792,626.6986,521.79144,0.8911638,701.6103,555.76855,0.88534164,615.6808,553.53687,0.8981205,728.9328,548.9827,0.29862627,614.4066,543.62933,0.3299841,704.13385,573.021,0.066539705,640.9754,567.7045,0.072506696
746.0,652.02545,326.1765,0.9889358,667.68274,314.77637,0.9743898,637.9149,312.28308,0.9696652,688.879,328.04352,0.8401082,617.4169,322.45892,0.750522,712.71954,396.6577,0.99113727,590.4689,391.04272,0.9915425,724.19543,473.58545,0.93642974,591.6893,467.5551,0.9424205,702.6096,539.13245,0.8829026,627.02893,522.1254,0.89388406,702.07825,555.32794,0.8987838,616.10223,553.60693,0.9107489,734.3769,547.8462,0.34241202,617.4269,543.1782,0.37888438,713.80145,577.2057,0.08124265,646.25793,572.40393,0.0890944
747.0,652.1266,326.20752,0.9888684,667.76825,314.81427,0.9742584,638.02216,312.2829,0.9694966,688.9313,328.06488,0.83972466,617.44586,322.41943,0.74975085,712.81305,396.7594,0.99105287,590.42346,391.01562,0.99144745,724.1921,474.04626,0.93574345,591.6876,467.87213,0.9417331,702.3453,539.3029,0.8827002,627.1509,522.3888,0.89337474,701.3799,554.51196,0.89641654,615.5509,552.58673,0.9086249,731.41364,547.28925,0.3382244,615.7306,542.47815,0.37386823,708.6391,575.4613,0.08010593,643.7269,570.59045,0.087697655
748.0,652.1697,326.00525,0.9887891,667.8268,314.69287,0.9739963,638.1035,312.0385,0.9694735,688.8829,328.14514,0.8384974,617.4819,322.23334,0.7508816,712.9658,397.10602,0.9909121,590.16956,390.87256,0.9913887,723.88525,475.09412,0.93378186,591.66284,468.28387,0.9408258,701.9907,539.69666,0.8795128,627.49866,522.37787,0.8915076,700.96423,555.0408,0.89237124,614.96265,552.77057,0.9053807,729.71484,545.9331,0.33166498,614.62164,540.4915,0.3678451,705.8703,573.6073,0.079212695,643.4455,568.00964,0.086915374
749.0,652.1235,326.03528,0.9885913,667.7685,314.6999,0.9736999,638.0592,312.12665,0.9687846,688.8357,328.13684,0.8375184,617.5236,322.32263,0.74694777,713.141,397.13092,0.99059045,590.14716,390.85693,0.99083245,724.462,474.11768,0.9330352,591.24365,467.24622,0.9379276,701.991,538.762,0.87962663,627.5631,522.58405,0.8887675,700.83057,556.98846,0.8791758,615.01276,554.67255,0.8921795,727.7564,547.73694,0.28710032,615.4761,542.30457,0.31707633,700.8019,571.31836,0.063880235,643.24036,566.0704,0.06946346
750.0,652.19727,326.2937,0.98882735,667.7989,314.8487,0.97412515,638.05524,312.38898,0.96971166,688.9455,328.22864,0.8386656,617.526,322.72437,0.7510539,713.0799,397.2697,0.9907414,589.9182,391.51367,0.99134046,724.67883,474.61438,0.93267024,591.24475,468.26172,0.940443,702.2834,539.08594,0.8784932,627.4808,523.21497,0.89104897,700.82513,555.7346,0.89082694,614.5688,553.8236,0.904343,730.09546,545.0243,0.33176118,614.22424,540.5964,0.3689245,706.08386,575.04846,0.07978082,642.5809,571.1428,0.08772835
751.0,652.27747,326.3642,0.98874986,667.81665,314.99377,0.9738598,638.148,312.4289,0.9698211,688.82886,328.3545,0.83773327,617.5889,322.6822,0.7533023,713.2036,397.39716,0.99054945,589.5767,391.66833,0.99145675,724.55255,475.1532,0.9295691,591.4758,469.15332,0.94012696,701.6052,539.0199,0.8736961,627.8735,523.6775,0.88953984,700.87134,555.86584,0.8871979,614.44574,553.9044,0.90237427,729.1494,539.15845,0.33933872,613.29736,534.6638,0.38018304,704.1028,572.2474,0.08592889,643.42694,568.2632,0.09528911
752.0,652.3028,326.33667,0.9889201,667.8052,314.98865,0.974172,638.18066,312.39197,0.97027534,688.8206,328.32782,0.8393585,617.6264,322.64124,0.7552164,713.08484,397.74835,0.9908129,589.61816,391.95172,0.9918833,724.3047,475.92212,0.930194,591.7945,469.64722,0.9423584,701.90857,540.0912,0.87399906,628.20197,524.0967,0.89192766,700.8417,555.2824,0.8961232,614.35974,553.3119,0.9111782,730.1747,536.43207,0.3775264,612.23004,531.9293,0.423252,707.08154,573.728,0.102277726,643.40955,569.6645,0.114120334
753.0,652.4435,326.6607,0.9889327,667.9851,315.278,0.974102,638.2729,312.57977,0.9705472,688.87756,328.6474,0.83692485,617.48206,322.76355,0.75813174,713.03174,398.01123,0.99079025,589.63715,392.0741,0.99177384,724.2898,476.0965,0.9307974,591.70276,470.0432,0.9422754,701.9841,539.83295,0.8748878,628.2009,524.2865,0.89221215,701.2521,555.39136,0.8975651,614.60095,553.36285,0.91207457,731.6592,540.942,0.3721963,612.7128,536.0243,0.4166098,709.7239,576.7366,0.09796998,643.0491,571.8968,0.10899937
754.0,652.52026,327.0193,0.9888041,668.02826,315.58154,0.9738632,638.301,312.87268,0.97037035,688.8059,328.94305,0.8344438,617.3695,323.04584,0.7572558,713.04034,398.35974,0.9903799,589.7426,392.3968,0.99132407,724.7404,475.77405,0.9292136,591.68335,469.7967,0.94019026,701.8272,539.5893,0.8741545,628.0919,524.37225,0.8906921,701.17773,555.80524,0.88859034,614.71936,553.64795,0.90380776,729.95996,542.8889,0.3400412,612.1603,537.8047,0.38113883,706.00214,575.7656,0.085041076,640.7002,570.7733,0.09429896
755.0,652.6416,327.37177,0.98879457,668.24445,315.95154,0.97365177,638.40125,313.07495,0.97041,688.87396,329.42773,0.83170986,617.2294,323.1712,0.7596365,712.7933,398.33258,0.99055433,589.8235,392.3662,0.99122155,724.7724,475.92358,0.9312937,592.2948,470.90137,0.9400481,701.91223,538.68414,0.8769082,628.7085,524.7682,0.8908303,701.28516,555.75946,0.89084524,614.9492,553.6222,0.90460104,731.0211,548.7342,0.33114353,614.14935,543.3053,0.36874276,707.4571,578.65094,0.078967124,641.54956,572.9607,0.08684459
756.0,652.54584,327.5819,0.9888402,668.3077,316.19513,0.9736599,638.3188,313.22363,0.9705255,688.9974,329.88202,0.8302055,617.0636,323.34723,0.76049364,712.49176,398.48584,0.99062276,589.9065,392.38477,0.99109185,724.8437,475.41223,0.9329343,592.0331,470.74634,0.940127,702.4536,537.7826,0.87945974,628.7909,524.7075,0.8917128,701.6211,555.90063,0.89217716,615.4486,553.817,0.90497625,733.0527,554.1033,0.31998658,616.754,548.3861,0.3552528,710.6002,581.4185,0.07262057,642.79016,575.3033,0.079524904
757.0,652.3285,327.79205,0.98895,668.1616,316.44562,0.9739901,638.20447,313.42395,0.9706387,688.962,330.05603,0.83211076,617.08484,323.37793,0.75975627,711.9352,398.3092,0.99089193,589.8734,392.7378,0.99127257,724.86743,474.40924,0.9352244,592.1894,471.20886,0.9413177,702.75665,537.2905,0.88254505,628.3716,524.57074,0.89347935,701.1293,555.662,0.8989831,615.08606,553.9265,0.9105706,736.1246,553.3748,0.34128836,618.08203,547.971,0.3771906,715.74774,583.51245,0.07948691,643.9954,577.4154,0.0869104
758.0,652.1984,327.78137,0.9888463,668.08777,316.58276,0.9738528,638.1978,313.36853,0.970219,688.8058,330.43054,0.83286333,617.08826,323.31396,0.7583542,711.9458,398.59424,0.9909446,589.5306,393.03296,0.99119294,725.1685,474.6482,0.93539184,592.3142,472.16852,0.94030386,702.6485,537.4421,0.88271064,628.6013,524.6931,0.89208776,701.1556,555.6245,0.89641654,615.1219,553.7875,0.9076078,734.8802,552.77045,0.33400097,618.1473,547.06213,0.36754394,712.9398,582.0517,0.07713163,644.4621,575.35846,0.08393231
759.0,652.1249,327.94946,0.98877704,667.9687,316.7614,0.97373664,638.1222,313.66443,0.9699838,688.7325,330.54663,0.8322148,617.0906,323.6469,0.75664485,711.8296,398.35187,0.9908202,589.56445,392.90198,0.9909506,725.0138,474.03253,0.9354813,591.9708,471.5738,0.9394196,702.5273,537.0122,0.88361907,628.98395,524.7177,0.89169824,700.78296,555.83527,0.8921642,614.9173,554.0644,0.9032018,733.60297,552.9576,0.31721312,618.01276,547.50037,0.3482683,710.2274,580.1532,0.07126486,642.9739,573.9392,0.077210516
760.0,652.2125,328.3733,0.98868954,668.0356,317.11627,0.9735114,638.1601,314.00525,0.9696755,688.6669,330.66553,0.83049613,616.9531,323.77765,0.7569401,711.71313,398.08856,0.9909775,589.69324,393.01025,0.99078774,724.9836,474.91638,0.9373611,592.51166,473.42822,0.9386574,702.1334,538.03455,0.88596165,629.35077,525.22797,0.89096713,700.6541,556.10706,0.8915594,614.96674,554.4304,0.90115184,733.053,556.6695,0.30467397,618.6477,551.2631,0.3310822,709.0598,581.07007,0.06568283,642.6992,574.3197,0.07031405
761.0,652.1282,328.50122,0.9889275,668.05945,317.29388,0.97375715,638.1421,314.11737,0.97034895,688.7279,331.00458,0.8304137,616.9249,323.90955,0.76218605,711.41595,398.21313,0.9915323,589.6343,393.04382,0.99125504,725.36584,474.52814,0.94100827,592.1341,473.2804,0.94185203,703.2273,538.3115,0.89015687,629.1165,525.5055,0.8948928,700.68225,555.2904,0.9055839,614.9027,553.7655,0.913818,737.20575,560.9708,0.33581874,621.1406,555.4216,0.36396176,716.5764,586.3809,0.07311979,644.90186,579.26196,0.07826015
762.0,651.9143,328.65625,0.98889256,667.8958,317.5063,0.9741155,638.0053,314.32788,0.96964455,688.6975,331.28027,0.8347748,616.90155,324.162,0.75490004,711.5565,398.15723,0.991645,589.7375,392.80603,0.99105036,725.492,474.49982,0.9429518,591.97296,472.77277,0.94099975,703.4169,538.854,0.89361215,628.5501,525.36884,0.89441216,700.1144,554.72925,0.90482986,614.33545,552.90607,0.9118414,734.09094,562.48956,0.32532907,618.5254,556.60516,0.34861088,712.6306,585.25726,0.06857568,641.3441,577.7666,0.07255447
763.0,651.8756,328.77692,0.9889746,667.92444,317.55444,0.9743544,637.9208,314.36133,0.96992755,688.84924,331.25317,0.8360344,616.7575,324.13776,0.75611085,711.6882,398.6588,0.9917718,589.6561,393.27692,0.9912996,725.263,475.89154,0.94278216,591.89276,474.06207,0.9417769,703.41925,539.603,0.89265525,628.7686,525.58136,0.89466155,700.2139,554.84406,0.909806,614.2136,553.0094,0.9169692,735.2225,562.6575,0.34890816,618.24915,556.60284,0.3746779,715.67,588.2508,0.076574236,642.3429,580.2385,0.08136988
764.0,652.0952,329.31348,0.9887425,667.9846,317.9616,0.9738282,638.07947,314.8034,0.9696881,688.66876,331.24365,0.83235586,616.7147,324.27185,0.7579822,711.92413,398.60205,0.99146,589.7166,393.36462,0.9909077,725.2453,476.19836,0.9412956,592.2477,474.818,0.9397906,702.56635,539.1239,0.8909176,629.2783,526.1405,0.89236504,700.2936,554.79926,0.9034549,614.29553,552.90857,0.91077703,733.71466,566.20276,0.32156044,617.5785,560.05396,0.34475127,711.7032,588.6119,0.06714204,640.60815,580.23145,0.07100877
765.0,652.1484,329.54724,0.98858213,667.9425,318.10254,0.97360176,638.09656,314.91693,0.9694373,688.50366,331.1844,0.8325943,616.6771,324.261,0.75776225,712.2753,399.0105,0.9912025,589.41565,394.08057,0.9908991,724.8489,477.41406,0.9382105,592.60974,476.6366,0.93849313,701.76495,540.2108,0.8862349,629.8438,527.19824,0.88962114,700.35565,554.8566,0.8978282,614.18994,552.8828,0.90653443,730.3335,562.42163,0.31982535,614.67413,556.26624,0.34463176,706.15204,586.4449,0.06894249,639.65076,577.6845,0.07328388
766.0,652.11957,329.8645,0.9883853,667.86127,318.38593,0.9732423,638.11993,315.30627,0.9688951,688.4252,331.32874,0.83086395,616.815,324.55585,0.7549584,712.3869,399.12097,0.9908476,589.4813,394.46185,0.9903597,725.88293,476.10388,0.93692845,592.1781,475.83203,0.93571544,702.473,538.65027,0.8863443,629.0695,526.53326,0.8877094,699.63983,555.7416,0.886263,614.0093,553.7743,0.89495724,726.918,563.90894,0.2823949,614.9633,558.0255,0.30295348,697.98517,583.3368,0.05737859,637.75464,575.1355,0.0605461
767.0,651.6979,329.65973,0.9884968,667.6608,318.38342,0.9736362,637.9072,315.04016,0.9685256,688.37866,331.81732,0.83592266,616.75494,324.39966,0.7516272,712.24133,399.2942,0.99147046,589.1554,394.26996,0.99072856,725.7336,476.55414,0.94078887,592.50726,476.59705,0.93742514,702.74695,538.696,0.8910936,629.314,527.3848,0.88932353,699.3177,553.95013,0.89652765,613.5609,551.79443,0.9034091,727.41113,565.20544,0.30394825,615.44147,558.69965,0.3230552,699.22076,584.3002,0.062163234,638.7429,575.34064,0.06519538
768.0,651.58496,330.25214,0.98830986,667.47284,318.87598,0.9734764,637.88104,315.61658,0.967808,688.13257,332.03186,0.83602434,616.961,324.75195,0.7473811,712.03955,399.34607,0.99131846,589.3965,394.47583,0.99028563,725.7182,477.13727,0.94102895,592.80884,477.44348,0.93517625,702.5938,539.0825,0.89174676,629.6467,527.9176,0.8868861,698.48865,555.46844,0.8887713,613.0988,553.3411,0.89464515,725.9653,568.53955,0.27422038,615.63025,562.2075,0.2887231,696.3595,585.27527,0.052902102,637.9621,576.4507,0.054882467
769.0,651.7438,330.57788,0.9880389,667.5003,319.16626,0.97273254,637.98676,315.91394,0.9673979,687.8326,332.15637,0.8311666,616.89496,324.9099,0.74931633,711.8787,399.5976,0.9910166,589.4015,394.43726,0.98974085,725.3807,478.11493,0.93957794,592.97974,477.88898,0.9320811,701.81915,539.4759,0.8892229,629.26385,528.70337,0.88262135,698.0495,557.0713,0.8766719,612.9614,554.76624,0.8819891,723.927,572.7147,0.23638856,616.25543,566.1796,0.24707794,692.1355,584.6675,0.0426957,638.1664,575.7124,0.04386747
770.0,651.8681,330.7315,0.9882473,667.4901,319.22632,0.97286206,637.99854,316.14874,0.9683982,687.7434,331.972,0.8282436,616.77606,325.1518,0.75640637,711.4419,399.28442,0.9912096,589.6167,394.84302,0.99006724,725.60205,476.68408,0.9415014,592.90497,477.57092,0.9352005,702.4482,538.272,0.89207387,629.20056,528.2744,0.88733244,698.80493,556.43384,0.8889519,613.6556,554.75555,0.8943008,729.83685,574.7547,0.26038575,618.5793,569.01184,0.27369207,701.87317,589.1719,0.04773873,639.3533,580.85724,0.049292922
771.0,651.8964,330.90436,0.98828244,667.48456,319.3944,0.97288907,637.98773,316.29303,0.96871686,687.6483,332.0891,0.82732964,616.61896,325.2467,0.75938725,711.3107,399.61945,0.9913,589.38293,394.6535,0.99012756,725.26166,477.27258,0.9423513,592.54517,477.08777,0.93608624,702.7616,538.22614,0.89286315,629.5243,528.0206,0.888333,698.65765,556.359,0.8933834,613.046,554.54956,0.89844275,731.9643,576.6066,0.26722258,617.85004,570.51434,0.28080678,706.731,591.47186,0.04892403,639.1249,582.7722,0.05047521
772.0,651.76544,331.2201,0.9882226,667.42035,319.6234,0.9729401,637.8854,316.54718,0.9680284,687.67426,332.2262,0.8290845,616.6485,325.39795,0.75416696,711.09326,399.57074,0.9914433,589.7033,394.79974,0.9899421,725.3146,477.04688,0.9441265,593.0187,477.3053,0.93516135,703.0132,537.7778,0.89639646,629.19525,527.53845,0.8883832,697.8689,556.12085,0.89110297,612.86194,554.32996,0.8946513,730.2193,576.6509,0.25704157,618.52435,570.67224,0.26682806,703.1799,588.9092,0.045839995,638.89905,580.30206,0.046773136
773.0,651.4394,331.32874,0.9881203,667.2505,319.71692,0.9731022,637.6155,316.55798,0.9673525,687.71814,332.4046,0.8316115,616.5288,325.3423,0.7463977,711.1579,399.7063,0.99111414,589.7455,394.75165,0.9894948,725.0958,476.45312,0.94264185,593.19995,476.59082,0.9326191,702.7328,536.3968,0.89543283,628.65643,526.4203,0.8860103,697.69604,556.76575,0.8811611,612.85266,554.7181,0.8846326,727.7222,576.2995,0.23450354,617.6565,569.92224,0.24262711,698.5158,586.422,0.04075265,637.8161,577.50085,0.04149449
774.0,651.39044,331.69238,0.98803425,667.295,319.9347,0.9730098,637.47314,316.7802,0.96691966,687.79834,332.50317,0.8312306,616.24817,325.42932,0.7431487,711.2933,399.91663,0.99100256,589.65485,394.3081,0.98910904,725.16327,476.54608,0.94258374,592.88855,475.12445,0.9307288,702.9364,535.4578,0.89656234,628.6053,525.15094,0.88481975,697.0167,557.7318,0.87482727,612.2776,555.2346,0.8774216,722.86017,579.3898,0.21449769,615.4254,572.6738,0.21954426,691.4713,584.7706,0.035662025,635.2938,575.95886,0.03592968
775.0,651.38025,331.8687,0.9880102,667.2651,320.015,0.972893,637.46,316.85486,0.9669814,687.69794,332.31494,0.8294741,616.162,325.23376,0.7439293,711.00745,399.7088,0.99092907,589.5717,394.21295,0.98893154,725.13184,476.0822,0.9425831,592.6745,475.1266,0.93004733,702.93884,535.1676,0.8970855,628.3475,525.536,0.88450205,696.1257,557.816,0.8733701,611.5572,555.30096,0.87551296,721.61725,580.70557,0.21005741,614.4029,573.97437,0.21407875,689.4125,585.4923,0.0344854,633.3068,576.55194,0.03458646
776.0,651.3884,332.08313,0.9879859,667.22485,320.18164,0.9727148,637.4393,317.02594,0.96710974,687.58954,332.35144,0.82841307,616.0932,325.30316,0.746387,710.84735,399.81714,0.9909773,589.09814,394.62982,0.9890697,725.1716,476.14148,0.9421782,592.7217,475.81482,0.9301239,703.17395,534.4087,0.8965348,628.3005,525.00446,0.8845077,695.74243,557.42957,0.8744502,611.0867,555.1571,0.8767762,721.9948,578.1328,0.21767524,614.6288,571.99817,0.2223452,688.80426,584.28235,0.036615193,634.0892,576.06396,0.036775976
777.0,651.48285,332.39807,0.9880308,667.2901,320.20837,0.97262955,637.38025,317.16357,0.967419,687.647,332.06433,0.8266533,615.91833,325.3105,0.749164,710.90515,399.86438,0.99101657,589.2735,395.06573,0.9892193,725.04395,476.5907,0.9421462,593.41315,476.77234,0.9309816,702.9926,534.6419,0.8965788,628.48254,525.28674,0.88575685,695.94324,556.79517,0.87679505,611.3097,554.74805,0.8795763,723.501,578.01416,0.22363248,615.42633,572.2483,0.22941104,690.30286,584.4474,0.037938505,634.8878,576.4006,0.03823358
778.0,651.58453,332.54376,0.987962,667.417,320.2835,0.9723267,637.4031,317.1657,0.9675124,687.6464,332.12012,0.8238319,615.75336,325.2359,0.7512574,710.8803,399.93262,0.99083257,589.0711,395.00763,0.9890462,724.8882,477.5365,0.94082403,593.4924,477.70404,0.9298839,702.40015,535.4846,0.8944001,628.6731,526.05225,0.88403004,695.83295,557.5548,0.8711952,611.1121,555.419,0.8742392,722.7177,579.3678,0.21159807,615.4469,573.45886,0.2172252,688.8812,585.053,0.03529498,635.0073,576.7864,0.035558313
779.0,651.5981,332.96027,0.9879285,667.4117,320.46625,0.97251594,637.31824,317.54596,0.96724015,687.80725,331.9228,0.8252665,615.77234,325.46497,0.7472502,711.1038,399.6848,0.99065745,589.38934,394.78467,0.9887973,724.84247,477.6023,0.9405174,593.5631,477.01764,0.9288877,702.1881,535.1839,0.8944429,628.11255,525.77637,0.8832227,695.91125,557.91785,0.8668337,611.1777,555.8501,0.86971307,722.556,580.29083,0.20145532,615.19507,574.8622,0.20632714,688.5144,585.2073,0.032953084,634.4079,577.8799,0.033132643
780.0,651.6049,332.9552,0.9877892,667.2813,320.42615,0.9722291,637.4935,317.53534,0.96689796,687.55634,331.41498,0.8250755,616.1269,324.94495,0.7485434,711.2058,400.146,0.9907586,588.97455,394.58215,0.98875004,724.59247,477.6975,0.9410008,592.40283,475.56982,0.9283255,701.77637,536.3459,0.89475477,628.1642,525.6529,0.88244534,694.6226,559.8857,0.8655543,609.79333,557.4734,0.86765724,720.844,582.32526,0.19614139,613.7567,576.4457,0.1994977,685.2092,586.9486,0.03163576,634.1106,579.11053,0.031584203
781.0,651.3992,332.94116,0.98779434,667.1914,320.38397,0.9722514,637.3034,317.43085,0.96694064,687.588,331.42517,0.8247955,615.9507,324.77698,0.74789673,711.0829,400.26898,0.9906559,588.8848,394.41125,0.98864007,724.4748,478.26953,0.94041455,592.17883,475.77582,0.92785734,701.2307,537.14246,0.8939371,628.4149,526.2441,0.8819448,694.33777,560.1796,0.86265856,609.5093,557.6284,0.8649012,721.0689,582.39764,0.19166437,614.0586,576.19434,0.1952523,685.7757,587.19226,0.030801028,634.20795,579.0328,0.030796975
782.0,651.24615,333.2041,0.9878241,667.0512,320.64417,0.9724628,637.23047,317.69226,0.9669026,687.53546,331.5595,0.8261006,616.00946,324.87366,0.7456886,710.97345,400.19183,0.9905892,588.8545,394.13812,0.98857164,724.2073,477.79504,0.9404131,591.6819,474.72577,0.92787886,701.71124,537.00244,0.89439327,627.98975,525.9027,0.88232887,694.4078,559.9577,0.8624556,609.5734,557.3242,0.86486447,720.02954,582.2368,0.19097194,612.4956,576.12354,0.1944744,684.4868,586.2799,0.030672044,632.2351,578.48083,0.030661643
783.0,651.11505,333.26862,0.98776126,666.90344,320.70618,0.97243965,637.1034,317.8324,0.9665166,687.44,331.67316,0.8273827,616.02966,325.14557,0.74334824,711.07904,400.12494,0.9906411,588.9169,394.27075,0.9884796,724.06824,477.859,0.9408079,591.8928,475.2414,0.9271406,701.82886,536.51666,0.8946644,628.17126,525.8684,0.8811612,694.1428,560.02356,0.8603841,609.32117,557.4542,0.86198014,720.10864,582.52814,0.18572158,613.28046,576.3451,0.18823975,684.0404,586.0636,0.029471517,633.1045,577.96094,0.02935782
784.0,651.2414,333.30237,0.9878143,666.92694,320.7813,0.9724418,637.18933,317.9533,0.9667898,687.3571,331.78235,0.82671833,616.05225,325.39832,0.7460556,710.95325,400.18787,0.99074197,588.8731,394.6549,0.98870045,724.1233,477.63165,0.9413187,591.7193,475.34882,0.9284067,701.7878,537.04395,0.8952867,628.14716,526.2012,0.8827969,694.9093,559.3557,0.8646704,610.0911,557.0629,0.86666477,721.4199,580.33905,0.19575036,613.7565,574.72107,0.19903982,686.085,585.4685,0.031731874,633.6183,578.04724,0.03168997
785.0,651.2676,333.50873,0.9878969,666.77325,320.92047,0.97258866,637.1643,318.27063,0.9669327,687.1368,331.6953,0.82671744,616.0871,325.74738,0.7462827,710.78156,400.1662,0.990898,589.1317,394.66296,0.98878753,723.5247,477.33813,0.9427657,591.10754,474.6704,0.9295441,701.93854,536.9925,0.89803845,627.8969,526.36523,0.8850713,694.3019,558.85724,0.8697424,609.6329,556.52576,0.8713389,720.5342,579.1288,0.20571354,611.84717,573.43884,0.20843506,685.48596,584.9828,0.033815533,630.6341,577.36633,0.033656448
786.0,651.36725,333.5169,0.9878396,666.7477,320.8927,0.9722657,637.1999,318.34753,0.96716505,687.0079,331.5802,0.8240669,616.0771,325.88263,0.7498569,710.67535,400.3601,0.99077487,589.00073,394.9496,0.9887956,723.38306,477.8985,0.9413455,590.9155,475.0442,0.92917764,701.81995,537.53925,0.8957412,627.99646,527.02356,0.88419515,694.1954,558.74457,0.8674101,609.6247,556.56757,0.8697095,720.7463,577.00464,0.20655116,612.35236,571.76215,0.2103956,685.0757,583.579,0.03460148,631.2667,576.66925,0.03456989
787.0,651.0227,333.48584,0.987872,666.5194,321.02362,0.9724947,636.9342,318.35266,0.96690345,686.8254,332.1504,0.8259132,615.90405,326.12238,0.74608016,710.4767,400.60266,0.9907844,588.898,394.75763,0.9885944,723.35156,477.13647,0.9422654,590.3206,473.84827,0.9286685,701.69415,537.21045,0.8974694,626.84985,526.66833,0.88424313,693.94696,559.2295,0.86484087,609.3901,556.7412,0.86624277,720.03046,577.59235,0.19771868,612.1567,571.5711,0.20011464,684.55304,582.7995,0.032424957,630.527,575.0792,0.03224635
788.0,650.9447,333.5874,0.9879315,666.4393,321.17316,0.97244227,636.8318,318.4798,0.9672816,686.70575,332.3147,0.8241881,615.69714,326.25507,0.7484734,709.9997,400.5177,0.9907647,589.0719,394.44818,0.9887215,723.1204,476.628,0.9421756,590.13477,472.6596,0.92993385,701.3223,537.1134,0.8978469,626.3211,525.88794,0.8864037,693.84784,557.8673,0.86816645,609.72565,555.29895,0.8704591,719.6649,575.96747,0.20624855,612.1449,569.92834,0.21005681,685.07355,581.2339,0.03444922,629.9359,573.7495,0.034436256
789.0,650.83356,333.43835,0.9879035,666.37634,321.15332,0.97245795,636.7869,318.403,0.96703964,686.65857,332.5464,0.8245932,615.71423,326.31726,0.7462451,709.86395,400.4173,0.99067783,589.01117,394.63013,0.9885003,723.29065,476.30457,0.9422532,590.4815,473.1856,0.9289311,701.00415,537.6654,0.89771116,626.5128,526.2783,0.88513356,694.0062,559.1618,0.86389333,609.92883,556.72656,0.86555463,720.01544,578.66156,0.19344682,613.4534,572.76807,0.19621366,684.821,582.93427,0.03131032,630.48706,575.53674,0.031197518
790.0,650.87213,333.50244,0.98787165,666.3539,321.1745,0.9723283,636.7816,318.4801,0.96701247,686.5842,332.54596,0.8237553,615.7051,326.45056,0.7470479,709.98145,400.52515,0.99066436,588.9729,394.9084,0.98847014,723.4103,476.79773,0.9420351,590.6861,473.92474,0.92857945,700.8038,537.995,0.8971356,626.5468,526.68604,0.88452697,694.2082,559.6902,0.8622143,610.0724,557.37415,0.86377263,720.74225,579.35754,0.1899229,614.51465,573.66815,0.19260654,684.80695,583.5696,0.030530065,631.39716,576.3648,0.030410558
791.0,650.538,333.33057,0.98792136,666.072,321.1048,0.9726033,636.5425,318.43823,0.96663165,686.4499,332.6997,0.82722056,615.6747,326.61206,0.7434467,709.79004,400.255,0.9909799,588.8088,395.0254,0.9885735,723.59467,476.35284,0.9444901,590.6967,474.4679,0.9292754,700.7972,538.2512,0.9005246,626.9367,527.24725,0.8855382,693.5725,559.1791,0.86649895,609.4418,557.0428,0.86660457,721.0217,579.7443,0.19314617,615.0117,574.2578,0.19422752,685.23804,584.39496,0.03066209,631.214,577.2741,0.030344129
792.0,650.3433,333.30103,0.9879503,665.921,321.10864,0.9726858,636.3702,318.42365,0.966858,686.3677,332.74292,0.8266885,615.54395,326.61023,0.74294025,709.4969,399.8988,0.99072504,588.7249,395.17712,0.98846036,723.6472,474.65985,0.9432602,590.4582,474.00745,0.92898107,700.7496,536.3541,0.8996204,625.8484,526.3756,0.8857696,693.69073,558.8639,0.86340135,609.59033,556.9425,0.86430514,721.77484,576.2375,0.19318977,614.75977,570.9949,0.19544604,686.3155,581.77625,0.03131491,630.5779,574.8657,0.031164348
793.0,650.33636,333.2738,0.98797786,665.8449,321.07483,0.97275496,636.3241,318.52808,0.96685064,686.35364,332.67566,0.82739663,615.58655,326.8429,0.74272126,709.7527,399.9054,0.99080026,588.8045,395.34912,0.98853815,723.85956,474.5536,0.9435938,590.1876,473.90594,0.9293225,700.95276,536.17053,0.900054,625.8969,526.2717,0.88621426,693.8993,559.31274,0.86457026,609.7374,557.4895,0.86542183,722.2629,576.12885,0.19515097,615.41345,570.9994,0.19746539,686.5758,582.3279,0.031694353,631.13495,575.48956,0.031553507
794.0,650.281,333.28552,0.98801684,665.8496,321.0728,0.9729538,636.2918,318.50378,0.96674854,686.43164,332.76343,0.8286525,615.60974,326.8678,0.74043965,709.7123,399.90625,0.9908221,588.88306,395.51355,0.9884833,723.89453,474.3731,0.9441174,590.25323,474.21124,0.92918926,701.2373,536.13403,0.90105414,625.8198,526.4886,0.88636094,693.98456,559.2169,0.8649179,609.8501,557.45044,0.8653419,722.30164,576.7993,0.19438386,615.2867,571.7167,0.19607931,686.76227,582.88574,0.031320304,630.51447,576.0117,0.031112283
795.0,650.3474,333.2622,0.9879843,665.837,321.0595,0.9727678,636.33997,318.53326,0.966789,686.29266,332.73303,0.82744855,615.6212,326.95032,0.74234796,709.67505,399.76013,0.99083734,588.83344,395.52313,0.98850644,723.88763,474.0935,0.94412786,590.2565,474.11658,0.92929775,701.35315,536.1199,0.90084696,625.6705,526.39716,0.8862845,693.99365,558.99304,0.86484015,609.8761,557.3003,0.86527276,722.02124,576.5634,0.19351134,615.23676,571.63965,0.19515288,686.1747,582.01575,0.03115353,630.5796,575.2605,0.030923933
796.0,650.3088,333.25256,0.98802084,665.67957,320.98035,0.9727474,636.1819,318.6106,0.96691823,686.08203,332.59192,0.8270648,615.42175,327.2154,0.7434067,709.5923,399.58282,0.9908967,588.84485,395.7024,0.98864675,723.50824,474.3733,0.94428647,590.58154,474.60724,0.930042,701.19226,536.36365,0.9009118,625.84033,526.57135,0.8869436,693.9475,558.6366,0.86698467,609.81586,557.1213,0.86777234,721.8394,576.0908,0.1978249,614.83167,571.58417,0.19996789,686.0143,581.8625,0.032069743,630.0773,575.52576,0.031883717
797.0,650.2815,333.3056,0.9880172,665.6828,320.9477,0.97263455,636.0781,318.61084,0.9670644,686.14954,332.5396,0.82602143,615.26984,327.24432,0.744336,709.51917,399.47803,0.990808,588.6253,395.71924,0.98865247,723.1073,474.65466,0.94338536,590.68713,475.17554,0.929865,700.90314,535.8258,0.89974236,626.16205,526.90936,0.88656807,693.6513,557.8917,0.8652868,609.4068,556.5032,0.86657095,722.07336,574.1123,0.19831896,614.88885,569.9054,0.20133215,685.71875,580.2925,0.032529265,630.0746,574.4447,0.03245181
798.0,650.26514,333.34222,0.98793495,665.6388,320.9673,0.97250855,636.0713,318.62665,0.96694416,686.0708,332.516,0.8258541,615.271,327.21338,0.7444687,709.5711,399.83618,0.99068147,588.6699,395.7791,0.9886116,722.9366,475.7204,0.9421357,591.11346,475.25122,0.92916477,700.46094,536.5893,0.8973818,626.1883,526.8063,0.8849647,694.10754,558.31903,0.86274767,609.9344,556.8491,0.8646439,721.95544,575.51306,0.19420657,615.3619,571.42957,0.19783574,685.54584,581.0038,0.031728297,631.4748,575.5947,0.031743824
799.0,650.28424,333.2951,0.98791206,665.70264,320.92078,0.97240585,636.0935,318.48572,0.9669866,686.09485,332.51746,0.82485086,615.2181,327.01453,0.74516296,709.4603,399.92896,0.99061,588.43085,395.90387,0.98854685,722.8141,476.28088,0.9415107,591.2837,476.26636,0.9285643,700.4736,536.61865,0.89636886,626.40936,527.06964,0.8840351,693.95795,558.6496,0.8602805,609.6701,557.20886,0.8621885,722.291,575.4453,0.1910992,615.4555,571.35645,0.19475564,685.7101,581.13855,0.03119576,631.7175,575.615,0.031214625
800.0,650.242,333.06915,0.98785007,665.7717,320.69507,0.97236204,636.10266,318.065,0.9668219,686.1183,332.41138,0.8252018,615.1419,326.4804,0.744501,709.7414,400.19513,0.99053216,588.25494,395.59772,0.9884453,722.9054,477.4829,0.94067204,591.40717,476.83923,0.9275875,700.23267,537.27686,0.89469546,626.55426,527.37195,0.8821634,694.16846,559.3187,0.85695386,609.5747,557.47675,0.85894173,721.4457,577.4327,0.18450898,614.5085,572.52277,0.18786949,685.0218,582.2301,0.029769123,631.8462,575.6433,0.029769361
801.0,650.4944,332.7774,0.98801446,665.91833,320.65857,0.97233987,636.35,317.9876,0.9676268,686.06433,332.6339,0.821777,615.2231,326.62,0.7492132,709.29834,400.16608,0.99048454,588.4573,395.08893,0.98851895,723.11755,475.39618,0.94088507,590.46246,473.7235,0.9293457,701.32263,535.97766,0.8961982,625.56915,525.60657,0.8858491,694.1278,558.7854,0.8610945,609.844,556.75775,0.8639561,721.6046,574.72705,0.19313931,613.90656,569.48645,0.19792372,686.03894,579.7642,0.03185913,629.5109,573.18054,0.032009304
802.0,650.56946,332.73322,0.9880814,666.0029,320.5487,0.97245234,636.3876,317.94293,0.96763396,686.181,332.46863,0.8217286,615.22864,326.58362,0.7486617,709.24713,400.0111,0.9906254,588.47943,395.06775,0.98849016,723.0503,475.20386,0.9424053,590.1295,473.7083,0.92968035,701.4114,535.7864,0.8988419,625.54706,525.8131,0.8870195,693.91614,559.0831,0.86296403,609.61395,557.1353,0.8648702,721.19446,575.9977,0.19200507,613.36584,570.9759,0.19536167,685.5344,579.93225,0.031161249,628.00183,573.635,0.031103015
803.0,650.51636,332.71106,0.98803043,665.95886,320.54718,0.97234404,636.37616,317.8919,0.9675851,686.156,332.41742,0.82196975,615.2458,326.42267,0.7493541,709.37726,400.08826,0.9906254,588.175,395.09863,0.98857105,722.9525,475.74658,0.9417449,589.95685,474.42462,0.9295294,700.95825,536.2609,0.8975224,625.9263,526.32263,0.8862617,693.57935,559.04675,0.8620095,609.0775,557.0464,0.8642456,721.1861,574.2614,0.1944358,613.1853,569.0416,0.19838944,684.98596,579.61426,0.03207624,628.58905,572.9141,0.032098174
804.0,650.55743,332.88293,0.98804474,666.05743,320.66748,0.9723186,636.38873,317.94873,0.96790683,686.23584,332.5683,0.82088375,615.1465,326.45227,0.7512672,709.2495,400.31122,0.9905144,588.1061,395.13,0.9886155,722.84863,476.1129,0.9406473,590.0034,474.42188,0.92963886,700.7843,536.77856,0.8959204,625.9142,526.27704,0.88613284,693.2583,558.4663,0.8634202,608.756,556.36536,0.86652476,720.8594,574.0473,0.20034063,612.46643,568.7477,0.20562696,685.3682,580.1704,0.033613175,628.1406,573.46277,0.033795565
805.0,650.5705,332.84375,0.9880204,666.0129,320.6175,0.97231364,636.3765,317.9668,0.9678217,686.1757,332.49432,0.8216873,615.1719,326.54858,0.7510569,709.4396,400.31122,0.9905287,588.0522,395.05157,0.988683,722.5764,476.66962,0.94034207,589.9708,474.51624,0.9296222,700.51245,536.808,0.89496005,625.84454,526.36786,0.8853337,693.33124,558.69244,0.8637563,608.6607,556.559,0.8671155,720.342,574.8811,0.20052716,612.0121,569.6378,0.20603615,684.93256,581.1488,0.03359899,628.42896,574.61896,0.03381011
806.0,650.57574,332.8816,0.9880575,666.06616,320.60944,0.9724226,636.34247,317.92285,0.96781385,686.2644,332.46545,0.82248104,615.0681,326.4704,0.7503993,709.5515,400.26,0.99061406,588.17523,395.0373,0.9887773,722.6839,477.09583,0.9407717,590.55896,475.1175,0.9300395,700.2247,537.1743,0.89538294,625.8064,526.6693,0.88563734,693.39185,558.5556,0.86600703,608.69745,556.38025,0.869336,720.5449,576.0236,0.20346811,612.20325,570.64905,0.20908785,685.34424,582.3858,0.034015477,628.69214,575.59607,0.034246087
807.0,650.3637,332.95728,0.9880198,665.91516,320.63824,0.9725082,636.1605,317.97675,0.9675164,686.2604,332.42987,0.8241021,615.01776,326.4394,0.747486,709.5562,400.1811,0.9906056,588.2272,394.65564,0.98864377,722.7227,476.92157,0.9411169,590.4935,474.17517,0.92953277,700.33856,537.32263,0.89584553,625.3417,526.2284,0.8852066,693.0389,557.98956,0.86387146,608.3685,555.69714,0.86667955,721.08374,575.2626,0.1983833,612.63855,569.7179,0.2033531,685.95013,580.9203,0.03290865,629.1817,574.0958,0.033075124
808.0,650.16046,333.14923,0.98797077,665.80096,320.88873,0.97245216,636.0404,318.13367,0.9674684,686.2418,332.66736,0.8241133,614.9375,326.43323,0.747479,709.46533,400.22418,0.9905653,588.1595,394.40356,0.9886146,722.63403,476.9278,0.9408455,590.3296,474.01562,0.9295099,699.9302,536.68475,0.8956154,626.2308,526.1781,0.8852511,692.9486,557.6091,0.8643004,608.3229,555.1787,0.8672693,721.095,575.8206,0.19923952,612.9195,569.8806,0.20453355,686.4394,581.4642,0.03305292,629.57635,574.21136,0.033272922
809.0,649.6343,333.01935,0.9880207,665.40717,320.7995,0.972975,635.6888,318.05652,0.96674335,686.2006,332.61462,0.829993,614.9682,326.30798,0.7395016,709.45703,399.92694,0.9908703,588.11945,394.43567,0.98864865,722.6019,476.73517,0.94338924,590.3677,474.63672,0.9296995,700.4278,537.0509,0.8992126,626.68243,526.62964,0.8857031,693.04236,557.64844,0.8668349,608.39417,555.3616,0.8681619,721.1446,576.67694,0.19873783,613.03076,570.9194,0.2018159,686.23346,581.6205,0.03237042,629.397,574.38184,0.03233528
810.0,649.51086,332.89154,0.9881437,665.349,320.6659,0.97333604,635.59314,317.77905,0.9674268,686.15735,332.39917,0.83122903,614.7264,325.8603,0.7420709,709.4348,400.297,0.9907892,587.94147,394.50592,0.98901814,722.3719,476.8249,0.9419311,589.7112,474.35553,0.9313861,700.1268,537.4494,0.8970179,625.9015,527.0514,0.8868352,692.8169,557.17395,0.87443495,607.84094,554.52905,0.87794936,720.42377,575.3833,0.22288162,609.14685,568.76654,0.22947648,688.8112,584.18896,0.038408548,627.4381,575.6525,0.038852245
811.0,649.6189,332.80383,0.9881321,665.44543,320.4939,0.9731418,635.5187,317.72638,0.9676161,686.27264,332.22345,0.82911,614.48004,325.9798,0.74378586,709.411,400.15057,0.9906608,588.01355,394.41553,0.98895895,722.1913,477.00696,0.9409316,589.912,474.27405,0.9311304,700.0967,537.2109,0.8957312,626.23157,526.8888,0.88657314,692.63763,556.98083,0.8720851,607.7853,554.42126,0.87611234,720.20984,575.0974,0.21905833,609.9441,568.7289,0.22642195,688.24036,583.1929,0.037708193,627.9365,575.12225,0.03825274
812.0,649.6669,332.8271,0.9880909,665.5007,320.5251,0.97299147,635.5472,317.75787,0.967614,686.3249,332.23883,0.8280153,614.4746,325.97498,0.74449635,709.34827,400.0395,0.9905995,588.0299,394.06433,0.9888538,722.1956,476.85077,0.94071615,589.8888,473.6056,0.9308071,700.2218,537.5259,0.89532816,626.6144,526.95386,0.8862685,692.53723,556.7683,0.8699852,607.7622,554.1774,0.87392664,720.6722,574.73773,0.21404284,610.8525,568.33405,0.22128144,688.4862,582.1905,0.036635906,628.6411,574.2619,0.037159324
813.0,649.64056,332.9427,0.9880445,665.4154,320.58722,0.9729592,635.5032,317.90063,0.9674853,686.2794,332.19275,0.82988846,614.55066,326.14996,0.7443901,709.6283,400.0741,0.9906547,587.9105,394.45898,0.9891673,722.0537,477.0832,0.93969846,590.2561,474.156,0.9313143,699.91693,537.3421,0.89342713,626.5245,526.3606,0.88593435,692.58795,555.7687,0.8713739,607.7081,553.32385,0.8763213,720.3342,569.6456,0.22741443,610.4462,563.62854,0.23679611,687.6213,579.5497,0.04083255,630.26697,571.95447,0.041716486
814.0,649.5861,333.1311,0.9880458,665.35834,320.76874,0.97303104,635.51855,318.03076,0.967296,686.1667,332.17358,0.830269,614.57806,326.01874,0.7429022,709.2723,399.64435,0.99078596,587.9761,394.052,0.98910403,721.82336,477.00464,0.94127023,590.17474,474.4596,0.931382,700.231,536.4526,0.89604384,626.18134,526.41504,0.8864794,692.064,555.3013,0.8738597,607.44324,552.83685,0.87775666,719.1184,572.73047,0.2262623,609.73096,566.72986,0.23364341,686.2953,581.3498,0.03960997,628.48047,573.74414,0.04015833
815.0,649.5332,333.33447,0.9880041,665.29443,320.87762,0.97297025,635.4808,318.12408,0.96722007,686.09546,331.9607,0.8301166,614.5804,325.76392,0.74292356,709.2699,399.72424,0.9907528,587.88086,393.83752,0.9890841,721.6033,477.42273,0.940922,590.0036,474.19232,0.9311385,699.80536,537.7433,0.89524376,626.3734,526.70886,0.8859769,691.7039,556.4404,0.87176543,607.0404,553.8185,0.87576556,718.8722,572.2916,0.22359091,609.32404,566.0296,0.23095617,685.9239,581.75903,0.039298862,629.0173,573.772,0.03984368
816.0,649.573,333.33282,0.9879625,665.3412,320.83832,0.97289234,635.52563,318.05536,0.96699077,686.07,331.78326,0.82950306,614.5791,325.51562,0.7421879,709.1024,399.49225,0.99080634,587.92126,393.63226,0.9889271,721.6582,476.76624,0.9419557,589.90894,473.72705,0.93059725,700.11304,537.4979,0.8969617,625.95825,526.23706,0.88594687,691.46497,556.83606,0.8706697,606.9829,554.2025,0.8735963,718.45264,573.71216,0.21668807,609.539,567.37537,0.22202185,685.14636,581.68414,0.037262112,628.97217,573.452,0.037496686
817.0,649.6501,333.36475,0.9879514,665.4269,320.8606,0.97284067,635.609,318.01178,0.9668982,686.09705,331.69513,0.8290088,614.588,325.29846,0.74220014,709.0809,399.28418,0.99087703,587.99304,393.34277,0.9888862,721.61975,477.02057,0.94271386,590.2732,474.17657,0.9305825,700.00195,536.97107,0.89805853,626.45996,526.488,0.88603055,691.5021,557.02856,0.8712719,607.01636,554.34595,0.87360704,718.4821,575.9771,0.21333122,609.6335,569.4776,0.21761286,685.27606,583.1526,0.035958678,628.80975,574.67615,0.03603524
818.0,649.6659,333.36768,0.98782575,665.4872,320.86963,0.9725268,635.6339,317.96924,0.9665216,686.0931,331.75488,0.82764655,614.58984,325.22473,0.7418649,708.94885,399.16223,0.99085754,587.8525,393.49426,0.9886478,721.3738,477.44702,0.94288456,590.6844,475.84094,0.92910916,699.56647,536.7954,0.89791024,627.7416,527.74426,0.8838824,691.1394,558.397,0.8659818,606.7204,555.85095,0.8671187,718.3052,578.94556,0.19793534,611.1411,572.41656,0.20027009,684.2059,584.70746,0.032167256,630.24634,575.92206,0.031998873
819.0,649.67285,333.35822,0.9878918,665.5542,320.792,0.9726157,635.5663,317.84717,0.96680427,686.2148,331.70374,0.82750916,614.444,325.12085,0.7424401,708.9549,399.05505,0.9907815,587.7707,393.71436,0.98878765,721.2961,477.33295,0.9418402,591.04297,476.50964,0.92946947,699.54663,536.8948,0.89647067,627.72833,528.01544,0.8840848,691.5812,557.63245,0.86635214,607.0485,555.24084,0.8685001,719.0708,575.34705,0.2061027,611.0458,569.0315,0.21013582,685.1521,583.1824,0.0346272,630.63654,574.49884,0.034689307
820.0,649.64215,333.24713,0.9878514,665.48975,320.78033,0.9725255,635.5864,317.73682,0.9666681,686.0527,331.71997,0.82809925,614.4742,324.95245,0.7435894,708.8868,398.95966,0.99095845,587.60345,393.7716,0.9890332,721.1646,477.86066,0.9421991,591.15027,477.5681,0.9300352,699.03235,537.9424,0.896147,628.384,528.38446,0.88412607,692.29553,557.23584,0.86929375,607.82007,554.9716,0.8714681,719.9757,573.23334,0.2161771,612.3996,566.99084,0.22062409,686.24146,583.4419,0.037198037,633.1591,574.5239,0.037320703
821.0,649.79785,333.2849,0.98784983,665.5861,320.77612,0.97235346,635.68854,317.778,0.96691597,686.0246,331.6106,0.82580274,614.4875,324.98267,0.74630433,708.6747,398.5993,0.9909226,587.7795,393.71472,0.98903847,720.91644,477.31323,0.9420546,591.20953,477.73907,0.93029785,699.31647,537.0749,0.8960441,628.88354,528.71216,0.8844128,692.3195,556.92175,0.87070334,608.0365,554.814,0.87303936,719.7608,573.81006,0.21852064,612.33484,567.72156,0.22316751,686.63434,583.9452,0.037649304,632.83496,575.0508,0.037770927
822.0,649.8014,333.32123,0.9878456,665.56537,320.71167,0.97251487,635.6295,317.79913,0.9667896,686.0727,331.42676,0.8267679,614.45056,324.97388,0.74443114,708.9635,398.82477,0.9908246,587.68396,393.80542,0.9888809,720.9408,477.00378,0.94198126,590.6517,476.58826,0.92968714,699.236,537.13873,0.8961413,627.48804,527.9321,0.8841864,693.03516,557.8437,0.8674891,608.40686,555.7536,0.86965275,721.258,573.6099,0.21096042,612.5525,567.67413,0.21513006,688.0032,583.22626,0.035999328,633.33356,574.68054,0.036078423
823.0,649.94293,333.3042,0.9878265,665.71313,320.76086,0.9723512,635.7795,317.75403,0.96708333,686.1289,331.53564,0.82548416,614.5183,324.90613,0.7473707,708.8723,398.8736,0.99071866,587.6188,393.7397,0.9890146,720.89417,477.46295,0.94042754,590.52295,476.98163,0.929867,698.5346,538.0882,0.89343727,627.35364,528.41187,0.8836277,692.74493,557.4253,0.86710376,608.2407,555.2592,0.8704586,720.9282,571.31335,0.2177169,612.6886,565.2254,0.2239035,688.00287,583.34595,0.038264215,634.1541,574.6084,0.03863126
824.0,649.9492,333.261,0.9877509,665.7069,320.69946,0.9722947,635.73535,317.69556,0.96661866,686.0253,331.5716,0.82550746,614.4159,324.9787,0.7444663,708.87634,398.67078,0.99069005,587.6977,393.8094,0.9886959,720.62244,477.6189,0.94095755,591.1364,477.8308,0.92816174,699.1173,537.72107,0.8939832,627.39404,528.1989,0.8814752,693.08606,557.9384,0.8627699,608.5742,555.82434,0.86473864,719.9419,575.0607,0.20173034,612.5833,568.99225,0.20517763,686.2317,584.0631,0.033911377,633.5772,575.026,0.033901066
825.0,650.02246,333.36005,0.98766553,665.725,320.7989,0.9718561,635.81494,317.71478,0.96662563,685.7909,331.5069,0.8220401,614.3711,324.76465,0.7482575,708.4368,398.30475,0.9907204,587.3233,394.21075,0.9886455,720.1598,477.27466,0.9409357,591.2207,479.64148,0.9273193,699.1459,537.59,0.8932766,627.3906,528.76544,0.88000154,693.44,558.39734,0.86026627,609.0943,556.71185,0.86149454,720.62195,575.5476,0.19612959,614.30634,569.97845,0.19849724,685.64636,584.02057,0.032637686,635.4969,574.9219,0.032463193
826.0,650.0175,333.22888,0.9876927,665.81177,320.682,0.97190356,635.7578,317.5161,0.96670914,685.90125,331.45392,0.820983,614.166,324.521,0.747422,708.16235,398.26202,0.9905691,587.1918,393.98145,0.9883895,720.2184,476.5503,0.9408791,590.85486,478.70844,0.9266701,698.9275,538.14453,0.8938106,626.86945,528.1993,0.8802978,692.81647,559.3125,0.8557901,608.48706,557.5077,0.8566084,720.8296,575.3734,0.18768656,614.3165,569.4986,0.18954942,686.0075,583.8765,0.030866057,634.755,574.37103,0.030642658
827.0,650.32745,333.2718,0.9878027,665.9186,320.58313,0.9715706,635.8623,317.6432,0.9676012,685.82605,331.1645,0.8160089,614.0786,324.81085,0.7548132,707.9203,397.97064,0.99056745,587.2712,393.91797,0.9886999,719.62225,476.47998,0.9401064,590.58936,478.40387,0.9286455,698.4289,537.72534,0.8932587,627.0017,528.20105,0.8830645,692.25037,557.60144,0.8601769,608.05786,555.9807,0.86265206,720.4477,570.3145,0.20290425,613.2052,565.03253,0.20726469,685.5389,580.4357,0.03494045,632.78577,571.8434,0.034964442
828.0,650.30273,333.11053,0.9878577,665.8952,320.3803,0.9716698,635.7781,317.39667,0.967901,685.7403,330.89886,0.81464446,613.76575,324.45868,0.75624967,707.7176,398.4489,0.9905118,587.1699,393.4458,0.9885558,719.52325,477.43793,0.9403529,589.94214,477.1292,0.92868555,698.39795,538.81165,0.89369977,626.0899,527.7857,0.88365245,691.87415,558.1513,0.8615954,607.54706,556.11584,0.8639599,720.8818,574.40607,0.19983566,612.1587,568.5547,0.20388207,687.62396,583.5513,0.033629626,631.14307,574.63,0.03358659
829.0,650.18884,332.85974,0.987942,665.76,320.11456,0.97190887,635.6621,317.27887,0.9680245,685.7915,330.6078,0.8161131,613.77826,324.4505,0.7544048,707.6217,398.3838,0.9904608,587.1364,393.23633,0.98859596,719.52246,476.0724,0.9401091,589.0592,474.79797,0.9291419,698.7881,537.845,0.89461344,624.7421,527.02795,0.88514745,691.0134,557.0877,0.862417,606.8373,554.99994,0.8653593,719.32764,569.7157,0.2076276,610.29944,564.1889,0.21255204,685.1427,578.9988,0.03608787,628.607,571.1364,0.036157936
830.0,650.05945,332.54675,0.9878831,665.5025,319.94623,0.9717717,635.61066,317.16113,0.9677555,685.40375,330.55542,0.81607294,613.86786,324.48126,0.7537825,707.443,398.3576,0.9904752,587.0806,393.10272,0.98847246,719.5036,475.10828,0.9407091,588.755,473.56995,0.9288032,698.929,536.6136,0.8956984,624.9955,526.6077,0.8850539,690.99445,558.1284,0.8598764,606.9105,556.0129,0.8621503,718.75793,569.7826,0.19983691,610.2029,564.18994,0.20351508,684.33105,578.0807,0.03420165,628.5757,570.35803,0.034107745
831.0,649.90497,332.4355,0.9880456,665.4076,319.82953,0.97213674,635.38293,316.97137,0.9681304,685.4094,330.46173,0.8172748,613.57294,324.27905,0.7533717,706.874,398.30225,0.9905473,586.7921,393.13373,0.98871696,718.8612,474.19952,0.9410704,588.28186,473.17487,0.9302958,699.3445,536.4906,0.89697075,625.019,527.1315,0.88757616,690.4432,556.9016,0.8645768,606.3754,554.8952,0.8674249,720.07324,563.2077,0.21940067,609.44775,557.5636,0.22477841,686.9457,576.1423,0.039694726,627.9565,568.2613,0.039832175
832.0,649.67523,332.4192,0.9881232,665.2475,319.85193,0.97227883,635.0939,316.95044,0.9682926,685.3102,330.6759,0.8171551,613.2576,324.4043,0.7524282,706.1122,398.30103,0.9904608,586.6387,393.42126,0.9887074,718.11176,472.90674,0.94092447,588.03326,472.68817,0.93056846,698.8874,536.22736,0.897441,624.51917,527.44763,0.88866657,690.13184,556.60583,0.8636159,606.42004,554.8272,0.86674476,721.03204,559.3645,0.22347817,610.47437,553.9407,0.22972065,688.3009,574.42944,0.04133007,628.5312,566.8463,0.04162872
833.0,649.6829,332.38818,0.9882176,665.16187,319.84552,0.972298,635.00415,316.97113,0.96880525,685.1545,330.7271,0.81700575,613.0649,324.59766,0.7560259,705.92615,398.41364,0.990569,586.4655,393.37054,0.98921037,717.6899,473.4193,0.93996775,588.2111,472.28394,0.93248785,698.79755,536.60925,0.89564097,624.04,527.1374,0.8901417,690.33453,554.5349,0.8712754,606.673,552.80554,0.876162,721.34064,554.23865,0.25174326,610.21515,549.2449,0.26212728,689.1169,572.2766,0.04987383,629.38464,565.6591,0.050849795
834.0,649.34094,332.30457,0.9881372,664.8991,319.86884,0.97225434,634.65137,316.81348,0.9686853,684.9396,330.88263,0.8179002,612.69836,324.39282,0.75442994,705.79205,398.64508,0.9902541,585.8441,393.47296,0.98916256,716.98096,474.02692,0.93693674,588.28345,473.15186,0.93124723,697.7802,537.477,0.8907585,624.4354,527.75946,0.8875029,690.45197,555.99457,0.8627832,606.4885,554.1709,0.8691844,721.7314,549.66064,0.24656782,610.44086,544.2125,0.2592011,689.2074,571.0775,0.050436705,631.78644,563.73315,0.05192387
835.0,648.07544,331.87555,0.9882697,663.9089,319.59045,0.97327423,633.61884,316.53003,0.9676754,684.5611,331.0362,0.8276912,612.16223,324.3993,0.74020255,705.39374,398.3141,0.9906652,586.0359,393.1537,0.9890138,716.55225,473.6704,0.9416584,588.5855,473.20978,0.9317328,697.7953,537.72076,0.89787483,624.3877,527.7053,0.88919604,689.4694,554.9591,0.8680854,605.59644,552.91516,0.8716707,721.73895,554.139,0.24158755,609.7747,547.84357,0.24994019,690.6568,572.53253,0.04688424,628.99115,563.7843,0.047709852
836.0,647.6174,331.477,0.9883442,663.51794,319.50873,0.9735971,633.24384,316.32434,0.96757555,684.26953,331.60602,0.83152753,612.00934,324.6753,0.73605317,704.94037,398.45276,0.990611,585.6128,393.1739,0.98922455,716.2129,473.38672,0.9406225,588.58997,472.5291,0.93231726,697.6188,539.43274,0.89582455,623.85724,527.17706,0.88918734,689.5738,555.037,0.86605287,605.7195,553.00366,0.8709221,722.09766,547.3413,0.24941507,610.34955,541.1762,0.26063007,691.4608,569.582,0.050729364,630.83057,561.3067,0.052189976
837.0,646.6695,331.049,0.9883716,662.6017,318.99536,0.9742029,632.40674,316.1557,0.96649086,683.8874,331.0443,0.83922803,611.8588,324.7527,0.723769,704.8865,397.79327,0.99090385,585.8307,393.19592,0.9892025,715.74884,472.92297,0.9431907,588.7068,472.67737,0.9321034,697.80005,539.2732,0.899331,623.87756,527.39294,0.88886046,689.01825,555.16895,0.86702347,605.3691,553.43134,0.8700746,721.68085,547.96655,0.24503314,610.80383,542.32117,0.25332808,690.7149,569.2319,0.048695177,631.02856,561.45984,0.049715072
838.0,645.778,330.9746,0.9884037,661.5858,319.04584,0.97428286,631.50507,316.32996,0.9666742,682.87537,331.2423,0.839077,611.10535,325.22717,0.7227464,704.1926,397.87073,0.9906298,585.63257,393.33875,0.98909956,715.54535,471.35242,0.9417997,588.2518,470.9137,0.93224686,697.77234,538.1945,0.8981487,623.29724,527.00024,0.8895043,688.9131,556.1425,0.86354357,605.5641,554.3533,0.86791164,720.8038,546.6206,0.24113315,610.22943,540.72144,0.2512949,690.0662,568.1116,0.04836923,630.01685,560.2298,0.049765408
839.0,645.203,330.73956,0.9884659,661.06854,318.8625,0.974501,630.9837,316.09808,0.96653444,682.4127,331.1714,0.84025836,610.57544,325.0479,0.72099906,703.9385,397.67365,0.9908623,585.3054,393.78186,0.98907423,715.5536,470.94714,0.9436615,588.5767,472.4124,0.93218493,698.2731,537.7141,0.9005842,623.7748,527.19293,0.8895172,689.27875,556.7042,0.8680575,605.72754,555.0804,0.87090284,721.2289,550.59656,0.24185216,609.87604,544.53253,0.24960452,690.84485,570.24945,0.04742697,629.06744,561.38525,0.04839003
840.0,644.8896,329.99084,0.98856294,660.6307,318.39624,0.97432876,630.7383,315.43378,0.9675215,681.67377,331.15417,0.83648956,610.3156,324.6314,0.72789013,702.93835,397.8169,0.99050856,584.33386,394.42407,0.98920715,715.9417,468.71643,0.9406477,587.5146,472.3181,0.93267626,698.78534,537.26227,0.8970449,624.77985,529.11444,0.89028883,689.2665,557.6694,0.86423147,605.714,556.3917,0.8693819,723.1625,540.96265,0.25650513,610.02606,534.9875,0.26911414,693.26184,568.94836,0.05446422,629.4589,560.08057,0.05642423
841.0,644.0106,329.99463,0.9885836,659.67957,318.14954,0.9748273,629.70746,315.71185,0.96683604,681.25354,330.73438,0.842307,609.7527,325.34882,0.7183278,703.1475,397.35138,0.9905937,584.11145,395.20392,0.9891834,715.3652,469.23193,0.9412527,587.5546,474.11115,0.93199223,698.4518,537.237,0.897854,625.2197,529.91736,0.88913673,688.97144,557.9228,0.86233866,605.09076,557.25476,0.8667799,723.3773,538.8071,0.255206,609.9501,534.0093,0.26680046,692.43054,567.981,0.054414332,629.1388,560.26215,0.056274265
842.0,643.021,329.83118,0.9884354,658.8892,318.03754,0.9748751,628.96313,315.23944,0.9660683,680.584,330.5686,0.84513247,609.1024,324.3683,0.71445566,702.957,397.87018,0.9907367,582.881,395.90094,0.9891614,714.9601,471.37915,0.9408567,587.4992,477.8546,0.92981666,698.22723,538.3963,0.89601433,625.1373,530.30756,0.8851427,689.3555,559.0371,0.8605408,605.0295,558.2837,0.86389554,722.9831,540.4554,0.25435358,609.4469,535.11096,0.2638365,690.8199,569.2009,0.05441329,631.13794,559.8037,0.055945247
843.0,642.7572,329.16882,0.9884825,658.7206,317.2129,0.9748682,628.42584,314.48352,0.966156,680.36633,330.1352,0.84290296,608.1531,324.11273,0.7152462,702.79205,397.6405,0.99079204,582.3663,395.8393,0.9887581,715.2214,470.46118,0.9423534,586.6465,477.2749,0.9282124,699.08563,537.4838,0.89859605,623.7107,529.94977,0.88440764,689.69116,558.2257,0.8599713,605.0873,557.5552,0.86108375,723.03174,545.444,0.23932752,609.8723,540.0652,0.24471346,690.6949,569.3694,0.048375428,629.8291,559.7903,0.04905027
844.0,642.2669,328.6493,0.98847413,658.1354,316.56342,0.97456324,627.8548,313.9231,0.96643156,679.5631,329.42407,0.8393917,607.41455,323.65894,0.7203655,702.74725,397.2176,0.9908232,582.32806,395.47534,0.988757,715.2111,470.76,0.9426341,586.0476,477.65802,0.9289677,698.69147,537.27563,0.89909995,623.6218,529.2601,0.8856896,689.9606,558.1084,0.86137307,605.32404,557.1658,0.8627689,721.0671,550.3224,0.23273686,608.2554,544.03107,0.23773205,689.6156,570.912,0.045470923,627.8681,559.4071,0.04600665
845.0,642.0783,329.16614,0.9883989,657.536,316.8789,0.97397006,627.32214,314.7697,0.9669671,678.7025,329.1817,0.83357203,606.65765,324.6922,0.72869426,702.6848,396.8853,0.99068046,582.2053,395.38324,0.9886949,715.2723,471.40613,0.9417355,585.5046,477.17047,0.9294646,698.64923,536.6426,0.89740956,623.20776,528.67255,0.88585913,689.4144,559.37415,0.8594812,604.69104,558.5836,0.8617376,720.0766,554.81433,0.22048843,608.0014,549.08734,0.22624087,688.65735,572.64343,0.0416632,626.9204,561.9489,0.04219386
846.0,641.6374,328.87805,0.9882629,657.1712,316.55255,0.97365534,626.9089,314.3537,0.9665657,678.2543,329.0025,0.8318631,606.12933,324.29333,0.7292534,702.84534,397.16174,0.99066645,581.8623,395.84247,0.9883897,715.9718,473.56213,0.9415915,586.1671,480.11182,0.92728555,698.3664,537.777,0.8960575,623.4205,529.26825,0.88236135,690.2539,561.4146,0.85315,605.3404,560.59033,0.85409546,719.91345,563.71936,0.19607195,609.64813,557.7488,0.19925442,687.70496,576.6217,0.03447032,628.6296,565.0919,0.034594655
847.0,641.6006,328.76025,0.9883501,656.98987,316.42462,0.97334117,626.72266,314.1402,0.96780705,677.74713,328.7882,0.8270415,605.5588,324.05756,0.74025285,702.4177,397.35645,0.9905623,581.6734,395.38977,0.98895943,715.70123,473.83722,0.93853104,585.343,478.76324,0.9297399,698.9457,537.58826,0.8916017,622.1466,527.5399,0.8847509,690.365,558.0748,0.8621454,605.7711,556.90094,0.86683965,718.9587,558.07764,0.22908857,608.03766,551.5083,0.23840377,688.53613,574.9061,0.04394275,628.55444,562.6573,0.04499975
848.0,641.22,328.67664,0.98829806,656.44806,316.23828,0.9730737,626.1631,313.92017,0.9682771,676.9345,328.1186,0.8227682,604.6859,323.4759,0.7453469,701.9737,396.67548,0.99022037,581.1533,395.41998,0.98890066,716.26544,472.2135,0.9358587,584.7174,478.62927,0.929155,699.40955,537.53064,0.88828135,622.1688,526.624,0.88459766,691.6415,558.3636,0.85752165,607.0904,557.44135,0.8637544,719.53174,552.4138,0.23440742,607.7453,545.8692,0.24588227,689.6274,573.599,0.047127217,629.5982,560.4348,0.048601866
849.0,641.0458,328.739,0.98822486,656.1821,315.94775,0.9729743,625.89716,313.95264,0.96813107,676.7432,327.31818,0.8210914,604.48145,323.38318,0.74494153,702.16656,396.13226,0.990039,581.513,395.54688,0.98854905,716.4877,473.00732,0.93569946,584.0401,479.87775,0.92785645,699.7416,537.5753,0.8884132,620.6565,526.0914,0.88368917,691.9272,557.6437,0.8520199,607.5266,556.9634,0.85782564,719.0848,557.21497,0.21529627,607.5553,551.2091,0.2246769,688.95013,574.8308,0.040965766,627.68585,561.7274,0.041993886
850.0,640.3045,327.78308,0.98824406,655.5126,315.48138,0.9732633,625.6184,313.2765,0.9673754,676.1074,327.56476,0.82681185,604.75977,323.04407,0.7395135,701.7193,395.45197,0.99058175,581.255,395.13507,0.9888158,716.8799,473.25232,0.93931603,584.001,481.60364,0.9290143,699.9914,537.9728,0.8923127,621.18933,526.2656,0.8842306,691.85693,557.178,0.8588741,607.5967,556.55,0.8627182,718.7606,559.00507,0.21995774,608.35645,552.81506,0.22709966,689.69763,576.86414,0.040991932,628.2516,563.1682,0.041692704
851.0,639.9534,327.24207,0.9883531,655.0941,314.70984,0.97344565,625.11426,312.84106,0.96745324,675.7259,326.74042,0.82454383,604.13745,322.9079,0.73859596,701.77484,395.24835,0.99067914,581.83563,394.2074,0.98826,717.3616,474.34137,0.9425931,583.02814,480.38184,0.9288254,701.1753,538.4823,0.8977738,621.5492,526.5536,0.8857975,691.5691,559.0989,0.86097705,607.3053,558.0098,0.86233485,716.8112,575.0829,0.19339281,606.676,568.12897,0.1957728,689.6228,584.458,0.031678945,622.5103,570.0111,0.03160137
852.0,638.7344,326.4886,0.98855567,653.8029,313.99597,0.97417784,623.96857,312.56592,0.9673775,674.93774,326.3634,0.8324228,603.7137,323.38898,0.733659,701.98987,395.00024,0.99106574,580.96936,394.79114,0.98889416,717.8118,473.54407,0.9436285,580.8243,479.94238,0.9311263,702.9269,538.3793,0.8989655,620.8873,525.4472,0.88807774,691.8878,558.14636,0.86920786,607.07666,557.5357,0.871335,717.1441,567.59863,0.21837848,605.84607,561.5636,0.22271886,690.3436,581.593,0.038077146,622.9095,568.09906,0.038300484
853.0,637.88007,325.42365,0.98871154,652.6287,313.09393,0.9744898,623.1583,312.10797,0.9674157,673.7453,325.77393,0.8340471,603.356,323.69568,0.73274535,701.69696,394.54602,0.99132,580.6665,394.93982,0.9889858,718.7057,470.49652,0.9463805,578.0834,476.93365,0.93293357,704.5354,536.9887,0.9041327,619.83704,524.0548,0.89230937,692.8272,559.07117,0.87296396,608.01666,558.8081,0.8742157,717.4407,564.8923,0.22175908,605.49146,559.31146,0.22466785,691.42145,579.4301,0.038566113,621.0517,566.4297,0.038576037
854.0,637.3061,324.794,0.9889847,652.24365,312.71344,0.9748553,622.68976,311.72253,0.96797824,673.5561,326.107,0.8321661,602.97754,323.81567,0.7323692,701.3424,394.02936,0.99136907,580.2856,394.49548,0.9885726,719.683,466.69177,0.9492247,575.0381,474.32892,0.93372065,706.4772,534.057,0.9104589,618.9636,523.20435,0.8965783,692.94196,560.442,0.87337655,607.8798,560.15265,0.87280035,718.0229,570.14386,0.20413184,605.659,563.74384,0.2041845,692.2402,580.54626,0.032960296,616.0099,566.3462,0.03259617
855.0,637.12787,324.98248,0.98898035,651.8776,312.58905,0.9750431,622.3134,312.07794,0.9682419,673.4705,325.41595,0.8341515,602.8217,324.23145,0.73237526,702.1863,393.92065,0.9911033,580.5519,394.51636,0.9887804,719.94855,466.58765,0.9466698,573.65674,472.633,0.9344561,706.8821,535.264,0.90710783,618.9249,523.00085,0.89713675,693.5279,559.21423,0.87122613,608.15576,558.9177,0.87332904,717.27246,560.95605,0.21764582,602.9147,554.725,0.22162268,692.489,575.5523,0.037959605,615.24365,561.4729,0.038150787
856.0,637.2123,324.72388,0.9889784,651.5619,311.79138,0.97492325,622.2085,311.93597,0.9683387,672.98596,323.40454,0.8278563,602.71326,323.61353,0.73424596,701.91925,392.41547,0.9909434,580.76483,394.6604,0.9877851,720.78564,464.966,0.94918364,571.8684,473.08704,0.9319738,709.0681,534.92444,0.91135126,616.49646,523.0912,0.89649713,693.21497,563.9282,0.8648277,607.9289,564.54553,0.8630836,719.3675,578.0556,0.17566848,604.3968,573.46216,0.1736575,693.112,586.2947,0.026228905,611.0391,573.219,0.02561459
857.0,636.5741,324.35522,0.98929214,650.86334,311.3004,0.97595596,621.6196,311.84637,0.96877563,672.65845,322.67822,0.83267176,602.50574,323.70355,0.7296256,701.70703,391.44354,0.99111205,581.4044,394.14545,0.9879103,721.5479,464.0204,0.95171154,570.3944,471.79126,0.9343612,710.1226,535.99963,0.9149947,615.4995,524.3086,0.89943534,693.47754,564.91284,0.8793573,608.3949,565.7439,0.87781334,719.0466,592.1841,0.18334907,603.08295,588.1754,0.1807074,697.0216,600.96466,0.025579989,606.4245,588.72144,0.024911612
858.0,636.0896,324.2782,0.98937845,650.38104,311.24554,0.97637224,621.36255,311.82782,0.9685277,672.2253,322.74365,0.8344161,602.63226,323.75366,0.72329295,701.417,390.71002,0.9910437,581.4818,394.00824,0.9873751,721.55865,462.40723,0.9532829,568.8207,471.872,0.9332818,711.1743,533.9418,0.91811115,612.01605,524.47815,0.8993106,693.59033,564.99994,0.876269,608.4557,565.96265,0.8728431,718.5545,597.85266,0.1653249,601.4532,593.8075,0.16015628,696.156,602.6416,0.021496892,601.17224,589.9968,0.02065581
859.0,635.988,324.14532,0.98981655,650.14545,311.1281,0.97766316,621.2377,311.8368,0.96927345,671.96814,322.518,0.8393628,602.4024,323.9259,0.7174779,700.8692,390.5417,0.99118876,582.70526,393.18707,0.98746693,721.5962,462.0266,0.9561282,567.54834,469.22284,0.9362745,711.7737,533.59656,0.9232038,607.009,524.0032,0.9037757,692.51904,565.3544,0.8943403,607.9774,565.63635,0.8916857,714.7818,617.7992,0.17699412,595.7987,612.86316,0.17056689,697.4365,622.2781,0.020944357,590.3381,608.9696,0.02002266
860.0,635.3533,324.02234,0.9899913,649.41095,311.0796,0.9784379,620.6282,311.96887,0.96896076,671.37744,322.47827,0.8459399,602.019,324.31415,0.70818114,700.5868,390.11365,0.9914621,582.4811,392.88208,0.9875408,721.912,460.93762,0.958249,565.9812,467.32678,0.9367971,713.106,531.1598,0.9268507,601.5913,521.84686,0.9049647,692.1559,564.3033,0.89969635,607.49585,564.56195,0.8961324,713.028,617.2747,0.18531805,592.3701,612.8076,0.17651105,696.5781,621.4293,0.021835297,585.77795,609.242,0.020685732
861.0,635.1851,323.86353,0.99037015,649.1416,310.93237,0.9793761,620.45386,311.94946,0.96952426,671.2258,322.1834,0.85034156,601.97784,324.32635,0.70283663,700.5495,390.22028,0.99167395,582.98553,392.044,0.9877877,722.03876,459.8794,0.9601337,563.3172,463.7588,0.9392781,714.90094,528.24274,0.93110985,597.28143,519.79834,0.90951836,691.5906,565.04565,0.9084039,607.0486,564.6504,0.9053901,710.36115,622.1465,0.19922987,587.6422,616.6365,0.18946534,696.037,628.4095,0.02300179,578.219,615.4929,0.021756649
862.0,635.07544,323.7578,0.99047005,648.936,310.79187,0.9799634,620.3419,312.0161,0.96918774,671.05054,321.7397,0.85466194,601.9606,324.3438,0.69506276,700.5804,390.07892,0.9918088,583.17645,391.75702,0.98763514,722.2885,460.235,0.96173656,561.7174,462.63245,0.93914294,716.75574,528.9879,0.9334532,594.83307,517.91833,0.9096916,690.96136,568.977,0.9113775,606.5288,568.3214,0.9074649,705.76697,634.45264,0.19021103,584.19855,628.91223,0.17778909,692.5522,638.4679,0.02035898,574.0379,625.4396,0.018977761
863.0,635.404,323.40045,0.9905408,649.15607,310.2046,0.9797752,620.537,311.5345,0.96953994,671.07983,320.89,0.8503911,602.048,323.69098,0.6989428,700.5586,390.138,0.9918016,583.29126,391.34552,0.98742104,722.25,459.5929,0.96209365,560.5658,460.62653,0.93896645,718.96814,529.2568,0.9344679,591.99194,518.55774,0.9106312,691.60724,570.18445,0.9063237,607.1783,569.4867,0.90157455,707.6048,628.4693,0.17928573,584.6846,622.9128,0.1665312,692.7278,628.60846,0.019407928,573.7947,615.9971,0.017991304
864.0,635.47614,323.05865,0.9906633,649.2733,310.02704,0.97997665,620.66986,311.2959,0.96969223,671.1911,320.9151,0.8515793,602.23846,323.54285,0.6986815,700.4484,389.86212,0.9919908,582.8523,391.40814,0.9876499,722.4778,458.617,0.9629675,559.43506,461.15283,0.9397485,720.3313,528.147,0.93557847,591.1658,520.8047,0.9109359,691.3332,572.66547,0.90895104,606.82587,572.17084,0.90401334,706.5382,633.009,0.1794838,585.1315,627.60846,0.16601083,690.9806,633.95074,0.018951088,573.8299,621.6723,0.01750639
865.0,635.35724,322.95007,0.9907013,649.24316,310.00934,0.98022723,620.6063,311.18774,0.96947896,671.237,321.11572,0.85532796,602.21674,323.54132,0.6963148,700.6631,390.04608,0.99225295,582.1373,391.5089,0.9879829,722.64667,458.91187,0.96383226,558.4043,461.56506,0.9403422,720.52563,525.7769,0.93666244,588.70953,520.2898,0.9110553,691.23083,572.36835,0.9132767,606.2358,571.9039,0.90826446,706.573,634.43134,0.18838587,585.10144,629.1805,0.17379463,691.0886,636.15454,0.019848049,574.9977,624.4391,0.018297255
866.0,635.37683,323.10223,0.9906693,649.13617,310.1607,0.9805368,620.71436,311.44257,0.96880126,671.1678,320.97717,0.85970473,602.4555,323.69214,0.6889498,700.73846,389.80237,0.99245346,582.67224,391.45367,0.98781496,722.3943,458.72656,0.96554255,558.1493,462.04712,0.9399291,721.2937,525.1232,0.9393673,587.7289,522.4498,0.9106872,690.0312,569.47986,0.91585696,605.19104,568.8461,0.9094165,704.849,633.65247,0.19308528,581.32855,627.8273,0.17505729,690.0175,635.2917,0.020207137,569.9205,622.47595,0.018371433
867.0,635.40576,323.10638,0.990544,649.18866,310.2044,0.9802624,620.794,311.48254,0.96850455,671.1848,321.23828,0.85805833,602.6141,323.89307,0.68885314,700.8874,389.93658,0.9923034,582.36255,392.14178,0.98737645,722.4017,458.4646,0.9650909,558.1687,463.54718,0.93795955,721.1455,524.97864,0.93872046,588.30554,523.4267,0.9085344,689.7644,570.35474,0.9086094,604.52997,569.92957,0.9007026,705.9195,629.4831,0.17771077,581.6346,623.62616,0.1596883,689.76636,629.5331,0.018635005,570.198,616.1731,0.016840994
868.0,634.6695,323.4151,0.9905622,648.67505,310.82013,0.9808666,620.3595,312.0077,0.9674629,671.1529,322.48035,0.8659395,602.7718,324.7904,0.6732433,700.87146,390.61627,0.99238485,582.52203,392.88623,0.9871794,722.4781,458.15436,0.9661201,558.26624,463.71222,0.9372605,721.6514,525.2631,0.9405221,588.03436,523.52313,0.9082536,690.0256,570.20795,0.9061426,604.7997,569.72437,0.8968407,706.5736,624.9316,0.17416659,581.5721,618.71185,0.15502155,690.872,624.9583,0.018398434,569.9024,611.16724,0.016566068
869.0,634.5534,323.01367,0.9905652,648.6466,311.00995,0.9809247,620.5848,311.8946,0.96705556,671.0262,323.75873,0.86893165,603.3489,325.31616,0.6706783,700.80475,391.406,0.99257714,582.2186,393.69055,0.9875742,722.2331,457.6433,0.96643054,558.44824,464.10834,0.9379848,720.63983,524.8371,0.94060564,588.91,522.92255,0.90835935,690.8568,571.4199,0.907856,605.6222,570.8995,0.8988544,705.8772,621.7158,0.18226328,582.54675,615.18585,0.1626974,690.2001,623.53845,0.019806951,572.8082,609.4241,0.017892987
870.0,634.4385,323.04364,0.99066836,649.05035,311.31396,0.98116326,620.56836,311.839,0.967294,671.88904,324.8634,0.8696624,603.28925,325.4887,0.6665024,700.7308,391.75024,0.9923173,582.28906,394.3855,0.9874052,723.5382,456.71222,0.965551,559.40564,464.9558,0.937774,720.3484,527.41284,0.93963885,590.102,523.23755,0.9087825,691.1209,573.25037,0.9031975,606.1222,572.83856,0.89460975,707.5106,622.9787,0.17215064,586.4554,616.2664,0.15522218,691.57623,625.4668,0.018473327,575.25793,610.916,0.016877562
871.0,635.019,323.59143,0.9904688,649.4851,311.97174,0.9803087,621.0162,312.53125,0.96773124,671.97186,325.94745,0.861994,603.43713,326.68512,0.6764898,700.4323,392.12262,0.9918458,582.38367,395.0871,0.98693633,722.6932,455.9994,0.96334946,560.90326,464.79358,0.93629277,718.99927,526.2773,0.93701166,591.5529,522.3547,0.90790176,691.7091,568.9821,0.8918191,606.5782,568.9254,0.88318336,710.83734,604.6059,0.16655156,586.7654,598.6422,0.15191054,693.9233,604.7224,0.019505262,575.07275,591.3484,0.01797229
872.0,636.47864,324.17505,0.99028397,650.77124,312.5774,0.9792955,622.20026,313.04767,0.96883595,672.50653,326.4762,0.84921753,603.6892,327.2036,0.69409066,700.20593,391.77814,0.99111146,582.4092,395.7213,0.98620236,722.5787,454.65253,0.9603855,561.0968,465.6853,0.93395257,717.8795,525.02637,0.933329,592.4162,519.7669,0.9060674,691.80316,568.4155,0.88170165,606.6931,568.7178,0.8735508,709.0548,605.209,0.15025237,584.9507,599.9685,0.13754708,691.7372,603.2719,0.017359704,571.58325,589.8528,0.0159882
873.0,636.60876,324.78857,0.99028623,651.16675,313.32898,0.97880614,622.3334,313.51172,0.9696943,672.9276,328.0929,0.84134364,603.7315,328.08142,0.70055187,699.59875,392.38824,0.9904264,582.31757,396.48572,0.98560095,722.31793,453.22333,0.9577292,560.8617,465.9995,0.9328676,716.44324,523.046,0.9315715,594.07245,518.0596,0.90774155,692.4641,565.6982,0.86650825,607.43475,566.2722,0.8589853,714.1398,589.8206,0.1426104,588.38354,584.4468,0.13294661,696.2382,590.15295,0.017534316,571.9944,576.4054,0.016398937
874.0,637.08496,327.0609,0.9901048,651.6071,315.1952,0.9779018,622.6252,315.25366,0.9705769,673.13336,328.94128,0.8309238,603.55164,328.7635,0.71605814,698.97705,393.1277,0.99003744,582.08167,397.36926,0.985593,720.772,455.87476,0.9548341,561.5959,469.5263,0.93239987,714.70087,526.11725,0.92708164,597.15094,519.75867,0.9067378,691.6068,563.898,0.863333,606.95123,564.758,0.85772014,716.3579,588.5017,0.14627126,590.70416,583.5084,0.13887313,697.3729,591.57196,0.018586695,574.4419,577.371,0.017583996
875.0,637.7281,329.06714,0.9898926,652.79315,317.03143,0.97708446,623.1902,316.35828,0.9710752,674.19025,330.4157,0.819875,603.3474,328.61444,0.72467214,698.47986,393.76782,0.9892343,581.4579,398.02856,0.98467004,721.286,455.1609,0.9514203,562.61957,471.5713,0.9287356,714.26086,525.2857,0.9234705,599.6028,518.6467,0.9043027,691.4117,566.18115,0.84557915,606.8334,567.09784,0.8394453,718.43463,587.81635,0.12885949,594.3473,582.2886,0.12268549,697.89374,590.5411,0.016398102,578.72375,574.83997,0.015538752
876.0,638.05975,331.274,0.98961437,652.5028,318.89404,0.97577846,623.18933,319.09076,0.9714153,673.73987,331.52875,0.8132629,603.6741,331.7107,0.7406172,699.18225,394.14197,0.98949134,582.27106,399.07123,0.9858395,720.82153,455.10217,0.9495522,564.26294,470.25305,0.9319295,712.0417,524.4894,0.919677,603.45667,519.7296,0.90554214,692.13586,560.5998,0.85384506,608.25055,562.32654,0.8515222,720.4753,574.1986,0.15330523,599.90173,570.6832,0.15059039,697.8288,578.85205,0.021744013,587.63495,566.4403,0.021071613
877.0,638.2759,332.00928,0.9894457,652.40906,319.2937,0.9751522,623.3252,319.96698,0.97107303,673.5232,331.4073,0.81186545,604.09705,332.6104,0.7474576,699.54443,394.77576,0.9902258,582.6837,400.01984,0.9864882,719.5831,457.61426,0.95159733,564.47504,472.30762,0.9332447,710.5388,528.18896,0.92028123,606.8487,522.02496,0.9054008,691.5355,559.8086,0.8665119,608.30444,561.8873,0.86318564,720.49207,580.8159,0.16558129,604.43225,577.8552,0.16162044,696.1038,585.83545,0.023022324,593.3717,573.42395,0.022154957
878.0,638.5482,332.21277,0.9894006,652.9607,319.7718,0.975039,623.378,320.09357,0.9709784,674.0205,332.70892,0.8109286,603.51373,333.25092,0.74734116,699.7025,395.8681,0.99020445,582.6681,400.3094,0.98628044,718.88165,458.66956,0.95136446,565.21906,472.91638,0.932331,709.4343,529.26807,0.91990805,609.50824,521.5225,0.9045995,691.18066,560.4425,0.86521983,607.8654,561.82043,0.86132795,717.8918,583.4674,0.16201124,604.0349,578.53394,0.15741935,694.3964,587.424,0.022257775,593.729,572.0105,0.021357596
879.0,638.06805,332.85358,0.989485,652.75323,320.48718,0.97527945,623.16925,320.75793,0.9709858,674.4917,333.48212,0.8184105,603.9083,333.77942,0.74708223,700.33136,396.58514,0.9908792,582.5519,400.53186,0.98776144,718.8816,461.97034,0.9511392,565.6159,475.30322,0.9359994,708.689,531.3875,0.9181254,611.3544,523.5146,0.9060097,690.2597,556.61847,0.8801331,607.07074,557.83966,0.87910724,717.403,572.6842,0.20924032,605.3488,567.7312,0.20851001,693.4825,582.249,0.03268841,598.603,567.33984,0.032078117
880.0,638.7398,332.7755,0.98949456,653.48413,320.3606,0.9748063,623.55255,320.70178,0.97160494,675.23016,333.7104,0.81477356,604.0354,334.23926,0.7568386,700.948,397.81183,0.9910437,582.463,402.33453,0.9885665,718.3603,463.2444,0.94867265,564.58105,477.91113,0.93696386,707.7097,532.3469,0.91373074,611.68665,525.7855,0.90550673,690.9802,556.8005,0.88420796,608.19104,558.4005,0.8853821,717.9123,565.71606,0.2410256,610.2435,560.78345,0.24472353,692.8165,581.02075,0.04167047,606.8504,565.61914,0.04160282
881.0,639.3179,333.60474,0.9893683,653.8842,321.12213,0.9738859,624.28235,321.2069,0.97250235,675.2842,334.44678,0.8121341,604.6296,334.54742,0.77468586,702.9236,401.4649,0.9915382,581.1004,403.1286,0.99006444,716.7707,477.61517,0.94381326,564.4596,486.59534,0.93980175,706.3324,540.0861,0.9018688,615.6804,530.2421,0.9020721,689.525,554.9349,0.8962487,604.773,555.0428,0.901644,713.9719,564.1844,0.2995383,603.24567,557.30206,0.31363636,689.2224,584.0968,0.059453428,607.1728,566.4337,0.060954154
882.0,640.7371,334.28174,0.9893445,655.13104,322.1341,0.972083,625.59247,321.94305,0.9748595,675.816,335.5841,0.79239285,605.0349,335.2763,0.8025472,702.3887,401.12817,0.9913174,580.0208,403.98718,0.9909645,716.79297,476.91113,0.9375888,564.3375,490.1189,0.94330597,704.6181,537.9478,0.89272237,618.1751,531.60333,0.9045874,687.2391,549.48016,0.9060447,602.3248,550.25543,0.91520464,715.10345,548.628,0.38037065,603.02936,542.5623,0.41077745,690.02936,577.06696,0.09394863,607.3959,559.84186,0.09950659
883.0,640.47205,336.27887,0.98906875,655.2527,323.9037,0.97192615,625.6254,323.55994,0.97404337,676.57886,336.6936,0.7967776,605.6364,335.78503,0.8002621,703.1304,402.67474,0.99144274,579.5667,405.2459,0.99114954,717.6621,480.34583,0.93677366,561.98224,492.89502,0.94251406,703.56433,538.42914,0.89162314,617.0029,529.8067,0.9043149,689.37067,549.7647,0.9006901,604.80066,550.9421,0.91033596,719.01074,544.0924,0.3766214,611.3302,539.01074,0.40789667,691.7066,574.3739,0.09431675,618.9925,558.47784,0.10039288
884.0,641.4301,338.04333,0.9889963,656.3151,324.85583,0.9711509,626.2496,325.24243,0.97379106,677.9792,337.13776,0.7872517,606.5269,337.57837,0.80321133,703.55255,402.2409,0.9919134,581.32605,406.06354,0.9905956,719.06635,479.27966,0.94370097,559.52856,494.443,0.9417168,702.60144,535.549,0.90538186,622.13196,530.39966,0.9094894,687.6587,548.29333,0.8976027,604.6173,550.3898,0.9025991,720.97046,543.39655,0.34787583,620.2476,539.15405,0.3665502,691.3891,571.86163,0.079300374,620.50543,556.1002,0.08166027
885.0,641.9753,339.19482,0.9889107,656.6699,325.63287,0.97114134,626.4321,326.40906,0.9739058,678.53485,337.3767,0.78638476,606.5762,338.77405,0.8048347,706.1211,404.0121,0.9916487,581.63354,406.62927,0.9903847,719.9786,484.9369,0.9405198,556.9934,496.41907,0.93990755,702.5452,537.5298,0.9010049,622.9824,531.2745,0.9071406,689.5025,550.8781,0.88898003,605.16864,552.19806,0.89518976,719.361,545.37335,0.32752016,617.8175,539.69525,0.3464917,689.0305,574.9521,0.0732553,618.71906,557.13837,0.07561728
886.0,641.659,340.30115,0.9890053,656.9958,326.48163,0.9724394,626.2525,327.01825,0.97313094,679.71466,337.9001,0.7921889,606.6326,338.55267,0.7885643,706.11975,403.86932,0.9911431,581.7878,407.63843,0.98902893,721.40424,483.3399,0.9418335,555.0762,498.47388,0.9343104,705.9998,536.3529,0.90557396,617.5654,530.41516,0.90437496,690.32074,554.45496,0.86848927,605.9498,556.25757,0.87114763,722.3857,550.9254,0.25827348,619.81256,545.61743,0.26671776,690.15686,575.52856,0.050453275,615.4451,557.1509,0.05087599
887.0,641.6451,341.14215,0.98912024,656.8567,327.62158,0.97334254,626.306,328.0551,0.97320026,679.7372,338.89008,0.8003896,606.8237,339.46204,0.78263295,706.87317,404.7431,0.99088633,581.87756,407.63513,0.9891843,721.5076,485.22778,0.9392238,556.03876,497.8506,0.9344207,706.6845,539.5306,0.9004543,615.8335,531.2558,0.901772,690.3846,556.89795,0.86826336,605.04297,558.0146,0.8732487,721.1169,550.0421,0.2675364,614.18445,543.97986,0.27987564,690.734,578.56433,0.054728836,612.1334,559.7434,0.055943996
888.0,641.71625,341.5924,0.9893265,656.7599,328.1703,0.97423184,626.3397,328.6333,0.973379,679.71844,339.3177,0.80814195,606.92395,340.08813,0.77689815,706.962,405.55725,0.9906969,581.9885,408.48438,0.98958915,721.3398,485.15546,0.9367099,557.9673,496.65387,0.93542117,708.05597,538.5873,0.8967744,611.6957,531.5218,0.90085727,691.0775,557.55023,0.8733581,605.62396,558.72314,0.88109964,720.17664,550.6958,0.28895298,611.1712,545.849,0.30693132,688.6645,581.4819,0.061811358,610.25745,565.57404,0.06427279
889.0,641.4835,342.4723,0.98932385,656.7581,328.9259,0.9748174,626.1277,329.2683,0.9727188,679.97675,339.86792,0.8131445,606.6428,340.35474,0.76870406,706.3017,405.94458,0.9909345,582.0681,408.7603,0.98924077,720.76874,484.83563,0.94086623,559.092,496.17444,0.9344878,708.403,538.5867,0.9026557,610.99115,532.4226,0.9005778,690.7525,557.32166,0.87784094,605.3397,558.5928,0.88235617,721.29846,555.85974,0.28311047,610.3601,551.53033,0.29460752,691.8837,581.9772,0.05781758,609.11816,567.2199,0.058983028
890.0,641.7442,342.5963,0.9894526,657.1591,329.2249,0.9748348,626.2639,329.36835,0.972883,680.1269,340.48315,0.8104205,606.26135,340.5664,0.77095383,705.16864,405.4613,0.9913056,581.85156,408.94983,0.9892817,720.16187,482.62384,0.9450128,559.42725,495.96527,0.9359181,708.9126,538.35596,0.90814644,609.942,532.75244,0.9030633,691.2157,557.85486,0.8854366,606.2191,559.6334,0.88783586,722.46643,562.39514,0.28096968,612.98334,558.7839,0.28840688,694.1228,584.62427,0.054329783,610.22504,570.5896,0.054665685
891.0,641.4653,343.1659,0.98950154,657.1078,329.90875,0.9749094,626.0958,329.54846,0.97315776,680.0287,341.06476,0.8109141,605.8639,340.0844,0.77264345,704.5114,405.58563,0.9913198,581.2134,408.73944,0.9896208,719.7762,481.9881,0.94418854,560.037,496.0644,0.9371521,708.55725,540.6965,0.9060627,609.022,535.32446,0.9031247,690.935,557.41797,0.88939583,606.0548,558.97424,0.8930598,722.5948,561.9546,0.2986424,613.25085,557.6642,0.309496,694.0876,586.69495,0.06005159,612.2977,571.7853,0.061068475
892.0,641.55615,343.10712,0.98953545,657.19495,329.88104,0.97476196,626.09894,329.4779,0.9735824,680.0072,341.2865,0.80854046,605.68713,340.23755,0.77669096,704.39624,406.10742,0.99122,580.7594,408.7135,0.989724,719.2466,483.50305,0.94285965,559.3404,496.4048,0.9376034,708.4585,543.17456,0.9033167,608.7152,537.95135,0.9024925,690.9663,557.2171,0.8877952,605.69995,558.6368,0.8925386,722.97095,559.61633,0.29906204,612.35944,555.21423,0.3123047,695.5396,585.0956,0.061294854,612.153,570.49445,0.062739015
893.0,641.3263,343.52686,0.9896716,656.8969,330.2173,0.97532403,625.95215,329.76337,0.9737397,679.8338,341.14423,0.8124807,605.65485,340.06757,0.7741908,704.4494,406.10718,0.9913413,580.80804,408.8039,0.98998916,719.20984,483.32355,0.9434646,559.4174,496.5058,0.9389874,709.442,543.10205,0.90464914,607.3089,538.6244,0.9041569,690.9547,555.4175,0.8949578,605.4194,556.7213,0.900054,723.1862,555.94055,0.330712,608.4679,551.3476,0.345949,696.3685,584.34717,0.07215905,608.1796,569.2925,0.07416186
894.0,641.4425,343.0675,0.9898548,656.8833,329.71655,0.97542036,625.8403,329.50574,0.9743136,679.7364,340.87103,0.8101815,605.45734,340.36267,0.7769827,704.0394,406.01855,0.991403,581.02386,409.06165,0.99013436,719.0048,482.46246,0.94377095,558.96027,495.81042,0.940099,709.757,542.8199,0.9055613,606.8752,538.5899,0.90615153,690.31866,556.1171,0.8982302,605.174,557.6778,0.9035127,724.17395,554.81287,0.344995,610.08136,550.52576,0.36206657,697.6174,585.9916,0.077115774,608.07855,571.36664,0.079541
895.0,641.12885,342.86005,0.9898137,656.48083,329.54877,0.97567713,625.6335,329.3827,0.9736004,679.30347,340.68524,0.81482446,605.5052,340.2613,0.7711698,703.6322,405.7578,0.99171466,581.33527,409.14008,0.9900301,719.0038,480.41046,0.9471079,559.9178,494.54175,0.939828,710.114,542.83,0.91004455,607.655,539.848,0.9061544,690.3525,555.9728,0.9017958,605.6363,557.7041,0.9049004,724.61615,556.4691,0.34640062,610.754,552.3059,0.35809547,698.2905,587.02893,0.0758487,608.7675,572.50244,0.077145696
896.0,641.0142,342.339,0.9898532,656.4424,329.0172,0.9757143,625.4153,328.81946,0.973452,679.1533,340.34973,0.8141313,605.09753,339.8546,0.76828456,703.4214,405.30328,0.99160254,581.7908,408.3255,0.9897101,719.05756,479.60168,0.94765496,561.2776,492.78772,0.939155,709.99286,542.04407,0.9108856,605.98206,538.21,0.90566856,690.40704,558.03406,0.8973123,605.91565,559.4463,0.8999332,723.7658,563.6113,0.31057423,611.2804,558.94653,0.31973916,697.5307,588.29816,0.062256485,608.4817,573.48773,0.06297809
897.0,640.6281,342.05396,0.98992336,655.9169,328.77234,0.9759505,625.0467,328.56342,0.9734522,678.534,340.09503,0.8170263,604.76306,339.64508,0.7669767,703.2873,405.3507,0.99173844,581.38416,408.20294,0.98994404,718.9238,479.3061,0.94810665,561.67236,491.9018,0.9400933,710.0276,542.334,0.9111575,604.2543,538.40906,0.9061278,690.03015,557.15546,0.90163565,605.2413,558.38727,0.9045564,723.3891,562.702,0.32662994,608.9735,557.9214,0.33692724,696.69855,588.6958,0.067187935,606.6616,573.9845,0.06816018
898.0,640.337,341.268,0.99014366,655.6159,328.3871,0.97620606,624.8552,327.99255,0.9741262,677.96466,340.80463,0.81747234,604.53174,339.97644,0.7699702,702.6495,405.70605,0.9918045,580.96204,408.51135,0.99034244,718.87103,478.68097,0.9478638,561.13904,491.33966,0.94223297,710.0092,542.87305,0.9105061,601.3546,537.9075,0.9080799,690.09467,555.49817,0.9072811,605.21643,556.58716,0.9114796,722.8646,560.07275,0.35186982,607.01227,555.06683,0.36655653,697.94525,588.102,0.07585788,604.04346,573.3366,0.07781142
899.0,640.595,340.95532,0.9902153,655.6356,328.04535,0.97608364,624.9884,327.7868,0.97445667,677.65125,340.52594,0.8153033,604.54205,340.0727,0.7738739,702.80835,405.92188,0.99189615,581.19434,408.3305,0.99052435,719.1536,479.71924,0.9479263,561.05853,490.82208,0.94318986,710.3137,543.4505,0.91026354,599.95654,537.77203,0.90891117,690.2006,555.7943,0.9090958,605.36566,556.66315,0.91370904,722.0979,561.0595,0.3563993,606.38025,555.92395,0.37223786,697.22595,588.96655,0.07695779,603.16595,574.37683,0.07908407
900.0,640.8486,341.23718,0.9901547,655.65625,328.03198,0.9755919,624.93823,328.14368,0.97489554,677.4953,340.19983,0.80921686,604.3256,340.61993,0.7802075,702.7504,405.92163,0.99168026,581.0687,408.901,0.99041855,719.07916,480.28345,0.9456979,560.38916,491.4862,0.9420845,710.2439,543.4792,0.90692186,599.3208,537.07434,0.9075036,689.5723,555.292,0.9058931,604.9153,556.6015,0.9110713,723.1875,558.9871,0.35484123,608.4735,554.7784,0.37252706,697.1152,588.8184,0.077801436,604.6168,575.1581,0.08022851
901.0,639.7606,341.31262,0.99017006,654.7999,327.79816,0.97635746,624.0504,328.0265,0.9738886,677.3374,339.3203,0.8185098,604.01465,339.85767,0.7672372,702.6124,405.0539,0.991981,581.1095,408.41858,0.99023986,718.6554,480.20648,0.949378,560.0685,492.06378,0.9416915,709.9265,543.34576,0.9128084,599.0018,537.0695,0.9082314,689.04266,554.93066,0.9074273,604.4251,556.3579,0.91047275,723.07697,562.7298,0.34492278,607.6046,558.7525,0.35626438,696.9238,590.3089,0.07166326,602.77435,576.5536,0.07279307
902.0,639.6154,341.04535,0.9901335,654.6498,327.6538,0.97622776,624.111,327.68433,0.97375906,676.99475,339.14404,0.81866395,604.1565,339.23065,0.76795125,702.5148,404.5782,0.9920665,580.8801,407.8714,0.99034697,718.7016,479.4192,0.9497722,560.22485,491.6355,0.94216156,710.1588,543.49146,0.9128362,598.65454,536.43756,0.9082824,689.3549,554.92334,0.9079361,604.61053,556.1895,0.91100144,722.2533,562.1563,0.34417176,606.2684,557.799,0.35520175,696.0191,588.6301,0.07155019,602.7313,574.10767,0.07260534
903.0,639.2779,340.79626,0.99007773,654.30774,327.27673,0.9760635,623.87366,327.47693,0.9735061,676.7384,338.48834,0.81821,604.1618,338.85437,0.7674756,702.0569,403.7082,0.99215305,580.8505,408.00134,0.9902712,718.79565,478.2362,0.95086753,560.48987,492.2494,0.94198215,710.1761,543.7638,0.9143338,599.3718,535.8756,0.9084624,688.4964,554.9291,0.9073112,604.15454,556.6953,0.9095373,722.4586,563.547,0.33401817,607.63,560.0707,0.34285992,695.44354,588.3435,0.067397356,603.4211,574.30664,0.06795174
904.0,639.13025,340.64545,0.9901154,654.2534,327.2276,0.97576374,623.80493,327.4381,0.9740748,676.77985,338.44702,0.8133851,604.1343,338.75818,0.77215326,701.2927,402.51416,0.99197733,580.9479,407.93268,0.99032366,719.1992,475.0462,0.94982046,560.685,491.82874,0.94281757,709.886,542.7906,0.91348124,600.5362,535.6836,0.90999633,687.86176,553.8801,0.90754914,604.13806,556.2058,0.9106768,723.457,558.44104,0.34474808,609.4839,555.6643,0.357223,696.5869,584.5271,0.07267788,603.854,570.975,0.07395753
905.0,638.77026,340.2586,0.9900583,653.93176,326.90448,0.97599036,623.57166,327.11377,0.9733971,676.6815,338.2472,0.81965864,604.235,338.52173,0.7667225,701.81335,402.65778,0.9922869,580.807,407.0705,0.99052054,718.61725,477.5843,0.9511406,560.29694,492.03644,0.9432348,710.28613,543.6909,0.914376,601.34784,535.2925,0.909555,687.85846,553.1122,0.9101294,603.71,554.9766,0.9127034,722.4344,558.4833,0.35103893,608.316,555.0281,0.36214507,696.4493,583.9831,0.07416919,604.8173,569.8492,0.075240254
906.0,638.38806,339.9502,0.9899442,653.631,326.63043,0.97599196,623.30505,326.64624,0.97283417,676.41907,338.0188,0.8221431,604.0227,337.85065,0.7639768,702.2176,403.04987,0.9924145,580.5104,406.4627,0.99043465,718.4341,479.98486,0.95147747,560.0385,492.92938,0.9421164,710.75543,544.24854,0.9140679,602.5929,534.9017,0.9076563,688.6984,553.34656,0.9095944,604.2284,554.6876,0.91140145,721.8014,562.86755,0.34161246,608.2889,558.26416,0.3499855,695.84235,586.4993,0.06980407,606.3412,570.75024,0.070351034
907.0,638.1759,339.83557,0.9897722,653.478,326.53918,0.97589207,623.25543,326.3999,0.97193265,676.22784,337.7207,0.8241614,604.0701,337.15247,0.76021427,702.14734,402.97437,0.99268043,580.27484,405.7954,0.9901991,718.40186,480.54535,0.95387137,559.3635,492.85437,0.9407313,710.7934,543.7828,0.9174197,603.259,533.6942,0.9067353,688.50616,554.08826,0.9086705,604.1141,555.1736,0.9081105,721.56287,565.45917,0.326814,609.29846,560.17645,0.3284642,695.5284,586.84045,0.06371921,608.3657,569.9698,0.06301096
908.0,637.9718,339.85663,0.9898728,653.3115,326.65668,0.9759937,623.0748,326.4779,0.97224194,676.04114,338.1883,0.8238354,603.89496,337.52582,0.76139164,701.66095,403.06238,0.9927086,580.36035,406.22974,0.9903196,718.6862,479.16022,0.9542115,559.5774,492.43054,0.94176924,710.83234,543.8057,0.9182802,603.24634,534.4323,0.908312,688.4662,552.8767,0.9114058,604.432,554.10046,0.9112251,721.70496,564.1911,0.33840454,609.63165,559.0166,0.3413198,696.3208,586.5541,0.06716442,607.67004,569.8378,0.066673785
909.0,638.0799,339.83502,0.98980683,653.2874,326.68097,0.97554106,623.1777,326.54047,0.9725865,675.822,338.1059,0.82083213,603.98645,337.5603,0.7676593,701.6447,403.0509,0.99259514,580.10315,406.89172,0.9906215,719.0297,478.818,0.951825,559.8861,493.2373,0.94204944,710.2905,544.0997,0.91377676,602.19257,534.95013,0.9070133,688.8161,553.4693,0.91071415,605.03723,555.0777,0.9121375,722.21783,561.6805,0.3493777,612.08905,557.2486,0.35719392,695.4353,586.5,0.07261288,612.06915,570.63806,0.07306409
910.0,637.8257,339.90393,0.98991346,653.0947,326.77332,0.97590506,622.9837,326.56622,0.9727118,675.73,338.34778,0.82410526,603.89667,337.6737,0.76594603,701.4775,403.31268,0.99265355,580.0005,407.29053,0.99090576,719.06836,477.94556,0.9518412,560.0113,492.43073,0.9433702,710.22125,544.15906,0.91411006,600.7536,534.46924,0.9085754,688.90234,551.97156,0.9144412,605.12054,553.5782,0.9166645,721.8158,557.2536,0.37431335,610.2834,553.02136,0.384859,695.8322,584.15063,0.08229402,611.2126,568.7061,0.08343041
